<annotation><filename>frame0016.jpg</filename><folder>users/lab605//7hao/human_20210119_4</folder><source><submittedBy>lab605</submittedBy></source><imagesize><nrows>480</nrows><ncols>640</ncols></imagesize><object><name>person</name><deleted>0</deleted><verified>0</verified><occluded>no</occluded><attributes></attributes><parts><hasparts></hasparts><ispartof></ispartof></parts><date>21-01-21 16:00:08:782</date><id>0</id><polygon><username>7hao</username><pt><x>466</x><y>47</y><time>21-01-21 15:58:20:156</time></pt><pt><x>462</x><y>47</y><time>21-01-21 15:58:20:611</time></pt><pt><x>458</x><y>50</y><time>21-01-21 15:58:21:029</time></pt><pt><x>453</x><y>53</y><time>21-01-21 15:58:21:806</time></pt><pt><x>453</x><y>59</y><time>21-01-21 15:58:22:217</time></pt><pt><x>453</x><y>64</y><time>21-01-21 15:58:22:816</time></pt><pt><x>455</x><y>67</y><time>21-01-21 15:58:23:191</time></pt><pt><x>454</x><y>70</y><time>21-01-21 15:58:23:656</time></pt><pt><x>456</x><y>74</y><time>21-01-21 15:58:24:226</time></pt><pt><x>459</x><y>76</y><time>21-01-21 15:58:24:654</time></pt><pt><x>460</x><y>78</y><time>21-01-21 15:58:24:994</time></pt><pt><x>460</x><y>81</y><time>21-01-21 15:58:25:379</time></pt><pt><x>459</x><y>82</y><time>21-01-21 15:58:25:781</time></pt><pt><x>453</x><y>84</y><time>21-01-21 15:58:26:346</time></pt><pt><x>448</x><y>86</y><time>21-01-21 15:58:26:810</time></pt><pt><x>447</x><y>88</y><time>21-01-21 15:58:27:210</time></pt><pt><x>434</x><y>95</y><time>21-01-21 15:58:31:043</time></pt><pt><x>433</x><y>102</y><time>21-01-21 15:58:31:719</time></pt><pt><x>429</x><y>118</y><time>21-01-21 15:58:32:483</time></pt><pt><x>428</x><y>127</y><time>21-01-21 15:58:33:033</time></pt><pt><x>426</x><y>136</y><time>21-01-21 15:58:33:655</time></pt><pt><x>424</x><y>152</y><time>21-01-21 15:58:34:961</time></pt><pt><x>424</x><y>160</y><time>21-01-21 15:58:35:422</time></pt><pt><x>424</x><y>169</y><time>21-01-21 15:58:35:865</time></pt><pt><x>426</x><y>175</y><time>21-01-21 15:58:36:281</time></pt><pt><x>426</x><y>181</y><time>21-01-21 15:58:37:541</time></pt><pt><x>427</x><y>185</y><time>21-01-21 15:58:37:941</time></pt><pt><x>428</x><y>185</y><time>21-01-21 15:58:38:326</time></pt><pt><x>428</x><y>189</y><time>21-01-21 15:58:38:689</time></pt><pt><x>427</x><y>194</y><time>21-01-21 15:58:39:097</time></pt><pt><x>430</x><y>198</y><time>21-01-21 15:58:39:593</time></pt><pt><x>434</x><y>199</y><time>21-01-21 15:58:40:000</time></pt><pt><x>437</x><y>197</y><time>21-01-21 15:58:40:378</time></pt><pt><x>439</x><y>195</y><time>21-01-21 15:58:40:732</time></pt><pt><x>435</x><y>192</y><time>21-01-21 15:58:41:172</time></pt><pt><x>435</x><y>187</y><time>21-01-21 15:58:41:599</time></pt><pt><x>436</x><y>180</y><time>21-01-21 15:58:42:008</time></pt><pt><x>437</x><y>174</y><time>21-01-21 15:58:42:330</time></pt><pt><x>438</x><y>166</y><time>21-01-21 15:58:42:707</time></pt><pt><x>439</x><y>158</y><time>21-01-21 15:58:43:258</time></pt><pt><x>439</x><y>153</y><time>21-01-21 15:58:43:825</time></pt><pt><x>441</x><y>156</y><time>21-01-21 15:58:44:643</time></pt><pt><x>441</x><y>161</y><time>21-01-21 15:58:45:139</time></pt><pt><x>441</x><y>174</y><time>21-01-21 15:58:45:860</time></pt><pt><x>442</x><y>203</y><time>21-01-21 15:58:47:410</time></pt><pt><x>445</x><y>213</y><time>21-01-21 15:58:52:107</time></pt><pt><x>447</x><y>233</y><time>21-01-21 15:58:53:485</time></pt><pt><x>447</x><y>252</y><time>21-01-21 15:58:54:656</time></pt><pt><x>449</x><y>282</y><time>21-01-21 15:58:55:735</time></pt><pt><x>450</x><y>286</y><time>21-01-21 15:58:56:119</time></pt><pt><x>451</x><y>290</y><time>21-01-21 15:58:56:457</time></pt><pt><x>449</x><y>293</y><time>21-01-21 15:58:56:749</time></pt><pt><x>448</x><y>296</y><time>21-01-21 15:58:56:928</time></pt><pt><x>448</x><y>302</y><time>21-01-21 15:58:57:266</time></pt><pt><x>447</x><y>305</y><time>21-01-21 15:58:57:663</time></pt><pt><x>451</x><y>306</y><time>21-01-21 15:58:58:039</time></pt><pt><x>455</x><y>306</y><time>21-01-21 15:58:58:368</time></pt><pt><x>461</x><y>306</y><time>21-01-21 15:59:00:506</time></pt><pt><x>463</x><y>304</y><time>21-01-21 15:59:00:861</time></pt><pt><x>465</x><y>303</y><time>21-01-21 15:59:01:051</time></pt><pt><x>466</x><y>303</y><time>21-01-21 15:59:01:340</time></pt><pt><x>467</x><y>302</y><time>21-01-21 15:59:01:649</time></pt><pt><x>467</x><y>299</y><time>21-01-21 15:59:01:947</time></pt><pt><x>466</x><y>297</y><time>21-01-21 15:59:02:248</time></pt><pt><x>464</x><y>294</y><time>21-01-21 15:59:02:568</time></pt><pt><x>463</x><y>290</y><time>21-01-21 15:59:02:837</time></pt><pt><x>464</x><y>288</y><time>21-01-21 15:59:03:049</time></pt><pt><x>464</x><y>287</y><time>21-01-21 15:59:03:252</time></pt><pt><x>464</x><y>284</y><time>21-01-21 15:59:03:432</time></pt><pt><x>463</x><y>282</y><time>21-01-21 15:59:03:598</time></pt><pt><x>464</x><y>279</y><time>21-01-21 15:59:03:803</time></pt><pt><x>464</x><y>277</y><time>21-01-21 15:59:04:030</time></pt><pt><x>466</x><y>257</y><time>21-01-21 15:59:04:998</time></pt><pt><x>466</x><y>250</y><time>21-01-21 15:59:05:430</time></pt><pt><x>467</x><y>242</y><time>21-01-21 15:59:05:809</time></pt><pt><x>470</x><y>221</y><time>21-01-21 15:59:07:123</time></pt><pt><x>470</x><y>214</y><time>21-01-21 15:59:07:595</time></pt><pt><x>471</x><y>205</y><time>21-01-21 15:59:08:334</time></pt><pt><x>471</x><y>201</y><time>21-01-21 15:59:08:766</time></pt><pt><x>472</x><y>200</y><time>21-01-21 15:59:09:183</time></pt><pt><x>474</x><y>201</y><time>21-01-21 15:59:09:467</time></pt><pt><x>476</x><y>207</y><time>21-01-21 15:59:09:924</time></pt><pt><x>480</x><y>214</y><time>21-01-21 15:59:10:301</time></pt><pt><x>480</x><y>221</y><time>21-01-21 15:59:10:709</time></pt><pt><x>481</x><y>225</y><time>21-01-21 15:59:11:025</time></pt><pt><x>485</x><y>231</y><time>21-01-21 15:59:11:511</time></pt><pt><x>486</x><y>236</y><time>21-01-21 15:59:11:857</time></pt><pt><x>486</x><y>256</y><time>21-01-21 15:59:13:101</time></pt><pt><x>487</x><y>267</y><time>21-01-21 15:59:13:581</time></pt><pt><x>487</x><y>273</y><time>21-01-21 15:59:14:093</time></pt><pt><x>489</x><y>278</y><time>21-01-21 15:59:14:579</time></pt><pt><x>488</x><y>282</y><time>21-01-21 15:59:18:307</time></pt><pt><x>486</x><y>285</y><time>21-01-21 15:59:18:648</time></pt><pt><x>486</x><y>289</y><time>21-01-21 15:59:18:892</time></pt><pt><x>488</x><y>293</y><time>21-01-21 15:59:19:214</time></pt><pt><x>491</x><y>295</y><time>21-01-21 15:59:19:479</time></pt><pt><x>492</x><y>298</y><time>21-01-21 15:59:19:772</time></pt><pt><x>492</x><y>301</y><time>21-01-21 15:59:19:983</time></pt><pt><x>494</x><y>303</y><time>21-01-21 15:59:20:275</time></pt><pt><x>498</x><y>304</y><time>21-01-21 15:59:20:574</time></pt><pt><x>509</x><y>303</y><time>21-01-21 15:59:21:557</time></pt><pt><x>509</x><y>299</y><time>21-01-21 15:59:22:043</time></pt><pt><x>508</x><y>295</y><time>21-01-21 15:59:22:422</time></pt><pt><x>506</x><y>291</y><time>21-01-21 15:59:22:745</time></pt><pt><x>505</x><y>285</y><time>21-01-21 15:59:23:027</time></pt><pt><x>504</x><y>281</y><time>21-01-21 15:59:23:333</time></pt><pt><x>503</x><y>277</y><time>21-01-21 15:59:23:593</time></pt><pt><x>503</x><y>272</y><time>21-01-21 15:59:23:989</time></pt><pt><x>504</x><y>268</y><time>21-01-21 15:59:24:452</time></pt><pt><x>504</x><y>259</y><time>21-01-21 15:59:25:655</time></pt><pt><x>506</x><y>251</y><time>21-01-21 15:59:26:048</time></pt><pt><x>506</x><y>237</y><time>21-01-21 15:59:26:772</time></pt><pt><x>506</x><y>229</y><time>21-01-21 15:59:27:810</time></pt><pt><x>505</x><y>223</y><time>21-01-21 15:59:28:139</time></pt><pt><x>504</x><y>221</y><time>21-01-21 15:59:28:367</time></pt><pt><x>505</x><y>217</y><time>21-01-21 15:59:28:581</time></pt><pt><x>506</x><y>214</y><time>21-01-21 15:59:28:793</time></pt><pt><x>503</x><y>208</y><time>21-01-21 15:59:29:295</time></pt><pt><x>500</x><y>186</y><time>21-01-21 15:59:30:357</time></pt><pt><x>498</x><y>171</y><time>21-01-21 15:59:30:947</time></pt><pt><x>496</x><y>155</y><time>21-01-21 15:59:32:096</time></pt><pt><x>495</x><y>148</y><time>21-01-21 15:59:32:591</time></pt><pt><x>495</x><y>142</y><time>21-01-21 15:59:33:347</time></pt><pt><x>494</x><y>136</y><time>21-01-21 15:59:34:056</time></pt><pt><x>494</x><y>131</y><time>21-01-21 15:59:34:573</time></pt><pt><x>494</x><y>129</y><time>21-01-21 15:59:35:077</time></pt><pt><x>504</x><y>170</y><time>21-01-21 15:59:36:287</time></pt><pt><x>505</x><y>173</y><time>21-01-21 15:59:36:824</time></pt><pt><x>506</x><y>176</y><time>21-01-21 15:59:37:114</time></pt><pt><x>506</x><y>179</y><time>21-01-21 15:59:37:390</time></pt><pt><x>505</x><y>181</y><time>21-01-21 15:59:37:641</time></pt><pt><x>507</x><y>189</y><time>21-01-21 15:59:39:001</time></pt><pt><x>506</x><y>193</y><time>21-01-21 15:59:39:827</time></pt><pt><x>508</x><y>197</y><time>21-01-21 15:59:40:206</time></pt><pt><x>512</x><y>197</y><time>21-01-21 15:59:40:583</time></pt><pt><x>514</x><y>192</y><time>21-01-21 15:59:40:921</time></pt><pt><x>514</x><y>185</y><time>21-01-21 15:59:41:377</time></pt><pt><x>514</x><y>181</y><time>21-01-21 15:59:41:675</time></pt><pt><x>515</x><y>176</y><time>21-01-21 15:59:42:125</time></pt><pt><x>515</x><y>160</y><time>21-01-21 15:59:43:107</time></pt><pt><x>514</x><y>149</y><time>21-01-21 15:59:43:799</time></pt><pt><x>512</x><y>129</y><time>21-01-21 15:59:44:799</time></pt><pt><x>510</x><y>110</y><time>21-01-21 15:59:46:010</time></pt><pt><x>507</x><y>99</y><time>21-01-21 15:59:46:546</time></pt><pt><x>504</x><y>92</y><time>21-01-21 15:59:46:986</time></pt><pt><x>500</x><y>87</y><time>21-01-21 15:59:47:522</time></pt><pt><x>496</x><y>85</y><time>21-01-21 15:59:48:228</time></pt><pt><x>487</x><y>83</y><time>21-01-21 15:59:48:715</time></pt><pt><x>479</x><y>81</y><time>21-01-21 15:59:49:935</time></pt><pt><x>482</x><y>78</y><time>21-01-21 15:59:51:288</time></pt><pt><x>483</x><y>74</y><time>21-01-21 15:59:51:721</time></pt><pt><x>484</x><y>71</y><time>21-01-21 15:59:52:121</time></pt><pt><x>485</x><y>67</y><time>21-01-21 15:59:52:531</time></pt><pt><x>485</x><y>64</y><time>21-01-21 15:59:52:853</time></pt><pt><x>487</x><y>61</y><time>21-01-21 15:59:53:183</time></pt><pt><x>488</x><y>58</y><time>21-01-21 15:59:53:623</time></pt><pt><x>488</x><y>53</y><time>21-01-21 15:59:54:545</time></pt><pt><x>483</x><y>47</y><time>21-01-21 15:59:55:055</time></pt><pt><x>478</x><y>44</y><time>21-01-21 15:59:55:607</time></pt><pt><x>475</x><y>44</y><time>21-01-21 15:59:59:311</time></pt><pt><x>471</x><y>43</y><time>21-01-21 15:59:59:759</time></pt><pt><x>469</x><y>46</y><time>21-01-21 16:00:00:138</time></pt><closed_date>21-01-21 16:00:00:748</closed_date></polygon></object><object><name>person</name><deleted>0</deleted><verified>0</verified><occluded>no</occluded><attributes></attributes><parts><hasparts></hasparts><ispartof></ispartof></parts><date>21-01-21 16:03:13:800</date><id>1</id><polygon><username>7hao</username><pt><x>250</x><y>77</y><time>21-01-21 16:01:51:172</time></pt><pt><x>244</x><y>76</y><time>21-01-21 16:01:51:572</time></pt><pt><x>240</x><y>76</y><time>21-01-21 16:01:51:980</time></pt><pt><x>237</x><y>78</y><time>21-01-21 16:01:52:266</time></pt><pt><x>234</x><y>80</y><time>21-01-21 16:01:52:547</time></pt><pt><x>232</x><y>82</y><time>21-01-21 16:01:52:791</time></pt><pt><x>232</x><y>85</y><time>21-01-21 16:01:52:989</time></pt><pt><x>232</x><y>88</y><time>21-01-21 16:01:53:224</time></pt><pt><x>230</x><y>90</y><time>21-01-21 16:01:53:971</time></pt><pt><x>230</x><y>93</y><time>21-01-21 16:01:54:271</time></pt><pt><x>232</x><y>95</y><time>21-01-21 16:01:54:654</time></pt><pt><x>232</x><y>97</y><time>21-01-21 16:01:55:110</time></pt><pt><x>232</x><y>100</y><time>21-01-21 16:01:55:521</time></pt><pt><x>231</x><y>103</y><time>21-01-21 16:01:55:883</time></pt><pt><x>229</x><y>105</y><time>21-01-21 16:01:56:189</time></pt><pt><x>226</x><y>106</y><time>21-01-21 16:01:56:402</time></pt><pt><x>224</x><y>108</y><time>21-01-21 16:01:56:637</time></pt><pt><x>222</x><y>109</y><time>21-01-21 16:01:56:833</time></pt><pt><x>220</x><y>110</y><time>21-01-21 16:01:57:117</time></pt><pt><x>216</x><y>111</y><time>21-01-21 16:01:57:394</time></pt><pt><x>211</x><y>112</y><time>21-01-21 16:02:00:861</time></pt><pt><x>209</x><y>115</y><time>21-01-21 16:02:01:136</time></pt><pt><x>206</x><y>121</y><time>21-01-21 16:02:01:475</time></pt><pt><x>203</x><y>128</y><time>21-01-21 16:02:02:019</time></pt><pt><x>200</x><y>133</y><time>21-01-21 16:02:02:433</time></pt><pt><x>198</x><y>140</y><time>21-01-21 16:02:02:883</time></pt><pt><x>196</x><y>144</y><time>21-01-21 16:02:03:315</time></pt><pt><x>194</x><y>154</y><time>21-01-21 16:02:05:005</time></pt><pt><x>189</x><y>171</y><time>21-01-21 16:02:07:366</time></pt><pt><x>190</x><y>175</y><time>21-01-21 16:02:07:689</time></pt><pt><x>189</x><y>178</y><time>21-01-21 16:02:08:036</time></pt><pt><x>189</x><y>181</y><time>21-01-21 16:02:08:286</time></pt><pt><x>190</x><y>184</y><time>21-01-21 16:02:08:507</time></pt><pt><x>193</x><y>187</y><time>21-01-21 16:02:08:821</time></pt><pt><x>197</x><y>188</y><time>21-01-21 16:02:09:151</time></pt><pt><x>199</x><y>188</y><time>21-01-21 16:02:09:614</time></pt><pt><x>199</x><y>185</y><time>21-01-21 16:02:09:907</time></pt><pt><x>200</x><y>181</y><time>21-01-21 16:02:10:269</time></pt><pt><x>200</x><y>177</y><time>21-01-21 16:02:10:527</time></pt><pt><x>200</x><y>174</y><time>21-01-21 16:02:10:755</time></pt><pt><x>202</x><y>168</y><time>21-01-21 16:02:11:299</time></pt><pt><x>207</x><y>157</y><time>21-01-21 16:02:12:211</time></pt><pt><x>208</x><y>160</y><time>21-01-21 16:02:14:523</time></pt><pt><x>209</x><y>163</y><time>21-01-21 16:02:14:934</time></pt><pt><x>207</x><y>166</y><time>21-01-21 16:02:15:153</time></pt><pt><x>207</x><y>169</y><time>21-01-21 16:02:15:349</time></pt><pt><x>206</x><y>173</y><time>21-01-21 16:02:15:569</time></pt><pt><x>207</x><y>177</y><time>21-01-21 16:02:15:805</time></pt><pt><x>207</x><y>180</y><time>21-01-21 16:02:16:025</time></pt><pt><x>207</x><y>183</y><time>21-01-21 16:02:16:223</time></pt><pt><x>206</x><y>185</y><time>21-01-21 16:02:16:443</time></pt><pt><x>203</x><y>188</y><time>21-01-21 16:02:16:655</time></pt><pt><x>203</x><y>196</y><time>21-01-21 16:02:18:685</time></pt><pt><x>205</x><y>198</y><time>21-01-21 16:02:19:126</time></pt><pt><x>203</x><y>205</y><time>21-01-21 16:02:20:374</time></pt><pt><x>203</x><y>209</y><time>21-01-21 16:02:20:619</time></pt><pt><x>203</x><y>213</y><time>21-01-21 16:02:20:942</time></pt><pt><x>201</x><y>228</y><time>21-01-21 16:02:24:216</time></pt><pt><x>201</x><y>234</y><time>21-01-21 16:02:24:615</time></pt><pt><x>200</x><y>237</y><time>21-01-21 16:02:24:891</time></pt><pt><x>199</x><y>239</y><time>21-01-21 16:02:25:064</time></pt><pt><x>201</x><y>243</y><time>21-01-21 16:02:25:371</time></pt><pt><x>206</x><y>252</y><time>21-01-21 16:02:26:795</time></pt><pt><x>206</x><y>258</y><time>21-01-21 16:02:27:039</time></pt><pt><x>206</x><y>262</y><time>21-01-21 16:02:27:227</time></pt><pt><x>208</x><y>267</y><time>21-01-21 16:02:27:471</time></pt><pt><x>210</x><y>273</y><time>21-01-21 16:02:27:717</time></pt><pt><x>211</x><y>276</y><time>21-01-21 16:02:27:983</time></pt><pt><x>208</x><y>280</y><time>21-01-21 16:02:29:274</time></pt><pt><x>206</x><y>283</y><time>21-01-21 16:02:29:515</time></pt><pt><x>204</x><y>286</y><time>21-01-21 16:02:29:933</time></pt><pt><x>204</x><y>289</y><time>21-01-21 16:02:30:153</time></pt><pt><x>205</x><y>291</y><time>21-01-21 16:02:30:364</time></pt><pt><x>209</x><y>291</y><time>21-01-21 16:02:30:703</time></pt><pt><x>212</x><y>291</y><time>21-01-21 16:02:31:040</time></pt><pt><x>215</x><y>289</y><time>21-01-21 16:02:35:211</time></pt><pt><x>217</x><y>287</y><time>21-01-21 16:02:35:509</time></pt><pt><x>220</x><y>284</y><time>21-01-21 16:02:35:928</time></pt><pt><x>220</x><y>282</y><time>21-01-21 16:02:36:334</time></pt><pt><x>222</x><y>286</y><time>21-01-21 16:02:37:161</time></pt><pt><x>222</x><y>289</y><time>21-01-21 16:02:37:539</time></pt><pt><x>222</x><y>291</y><time>21-01-21 16:02:37:845</time></pt><pt><x>221</x><y>294</y><time>21-01-21 16:02:38:057</time></pt><pt><x>223</x><y>295</y><time>21-01-21 16:02:38:366</time></pt><pt><x>226</x><y>295</y><time>21-01-21 16:02:38:577</time></pt><pt><x>230</x><y>296</y><time>21-01-21 16:02:38:869</time></pt><pt><x>233</x><y>297</y><time>21-01-21 16:02:39:168</time></pt><pt><x>237</x><y>297</y><time>21-01-21 16:02:39:546</time></pt><pt><x>242</x><y>297</y><time>21-01-21 16:02:41:913</time></pt><pt><x>246</x><y>297</y><time>21-01-21 16:02:42:275</time></pt><pt><x>246</x><y>295</y><time>21-01-21 16:02:43:155</time></pt><pt><x>245</x><y>292</y><time>21-01-21 16:02:43:485</time></pt><pt><x>243</x><y>290</y><time>21-01-21 16:02:43:728</time></pt><pt><x>241</x><y>289</y><time>21-01-21 16:02:44:012</time></pt><pt><x>240</x><y>286</y><time>21-01-21 16:02:44:282</time></pt><pt><x>241</x><y>281</y><time>21-01-21 16:02:44:651</time></pt><pt><x>242</x><y>278</y><time>21-01-21 16:02:45:026</time></pt><pt><x>249</x><y>256</y><time>21-01-21 16:02:46:491</time></pt><pt><x>249</x><y>252</y><time>21-01-21 16:02:46:962</time></pt><pt><x>249</x><y>246</y><time>21-01-21 16:02:47:380</time></pt><pt><x>250</x><y>240</y><time>21-01-21 16:02:47:789</time></pt><pt><x>255</x><y>221</y><time>21-01-21 16:02:49:095</time></pt><pt><x>255</x><y>209</y><time>21-01-21 16:02:49:717</time></pt><pt><x>253</x><y>193</y><time>21-01-21 16:02:50:967</time></pt><pt><x>253</x><y>187</y><time>21-01-21 16:02:51:455</time></pt><pt><x>253</x><y>184</y><time>21-01-21 16:02:53:531</time></pt><pt><x>255</x><y>181</y><time>21-01-21 16:02:53:816</time></pt><pt><x>258</x><y>178</y><time>21-01-21 16:02:54:076</time></pt><pt><x>261</x><y>179</y><time>21-01-21 16:02:54:325</time></pt><pt><x>262</x><y>187</y><time>21-01-21 16:02:54:786</time></pt><pt><x>264</x><y>191</y><time>21-01-21 16:02:55:137</time></pt><pt><x>263</x><y>195</y><time>21-01-21 16:02:55:883</time></pt><pt><x>263</x><y>199</y><time>21-01-21 16:02:56:152</time></pt><pt><x>262</x><y>203</y><time>21-01-21 16:02:56:379</time></pt><pt><x>264</x><y>205</y><time>21-01-21 16:02:56:773</time></pt><pt><x>267</x><y>204</y><time>21-01-21 16:02:57:260</time></pt><pt><x>269</x><y>201</y><time>21-01-21 16:02:57:701</time></pt><pt><x>272</x><y>199</y><time>21-01-21 16:02:58:292</time></pt><pt><x>272</x><y>194</y><time>21-01-21 16:02:58:638</time></pt><pt><x>272</x><y>191</y><time>21-01-21 16:02:58:895</time></pt><pt><x>272</x><y>188</y><time>21-01-21 16:02:59:155</time></pt><pt><x>271</x><y>178</y><time>21-01-21 16:02:59:533</time></pt><pt><x>270</x><y>166</y><time>21-01-21 16:03:00:139</time></pt><pt><x>265</x><y>136</y><time>21-01-21 16:03:01:279</time></pt><pt><x>263</x><y>124</y><time>21-01-21 16:03:01:815</time></pt><pt><x>261</x><y>122</y><time>21-01-21 16:03:02:263</time></pt><pt><x>262</x><y>115</y><time>21-01-21 16:03:04:292</time></pt><pt><x>258</x><y>112</y><time>21-01-21 16:03:04:685</time></pt><pt><x>253</x><y>110</y><time>21-01-21 16:03:05:173</time></pt><pt><x>249</x><y>109</y><time>21-01-21 16:03:05:519</time></pt><pt><x>250</x><y>105</y><time>21-01-21 16:03:05:969</time></pt><pt><x>252</x><y>102</y><time>21-01-21 16:03:06:306</time></pt><pt><x>254</x><y>99</y><time>21-01-21 16:03:06:604</time></pt><pt><x>255</x><y>96</y><time>21-01-21 16:03:07:360</time></pt><pt><x>255</x><y>92</y><time>21-01-21 16:03:07:737</time></pt><pt><x>256</x><y>87</y><time>21-01-21 16:03:08:343</time></pt><pt><x>255</x><y>81</y><time>21-01-21 16:03:09:531</time></pt><pt><x>252</x><y>78</y><time>21-01-21 16:03:09:987</time></pt><closed_date>21-01-21 16:03:10:419</closed_date></polygon></object><object><name>person</name><deleted>0</deleted><verified>0</verified><occluded>no</occluded><attributes></attributes><parts><hasparts></hasparts><ispartof></ispartof></parts><date>21-01-21 16:04:05:670</date><id>2</id><polygon><username>7hao</username><pt><x>445</x><y>250</y><time>21-01-21 16:03:48:483</time></pt><pt><x>441</x><y>251</y><time>21-01-21 16:03:49:100</time></pt><pt><x>439</x><y>252</y><time>21-01-21 16:03:49:493</time></pt><pt><x>435</x><y>254</y><time>21-01-21 16:03:49:933</time></pt><pt><x>433</x><y>256</y><time>21-01-21 16:03:50:397</time></pt><pt><x>434</x><y>262</y><time>21-01-21 16:03:51:003</time></pt><pt><x>437</x><y>266</y><time>21-01-21 16:03:51:459</time></pt><pt><x>440</x><y>270</y><time>21-01-21 16:03:51:947</time></pt><pt><x>443</x><y>272</y><time>21-01-21 16:03:53:693</time></pt><pt><x>445</x><y>274</y><time>21-01-21 16:03:54:613</time></pt><pt><x>447</x><y>274</y><time>21-01-21 16:03:55:283</time></pt><pt><x>446</x><y>257</y><time>21-01-21 16:03:57:193</time></pt><pt><x>444</x><y>256</y><time>21-01-21 16:03:57:784</time></pt><pt><x>445</x><y>255</y><time>21-01-21 16:03:58:499</time></pt><closed_date>21-01-21 16:03:59:443</closed_date></polygon></object><object><name>person</name><deleted>0</deleted><verified>0</verified><occluded>no</occluded><attributes></attributes><parts><hasparts></hasparts><ispartof></ispartof></parts><date>21-01-21 16:05:38:071</date><id>3</id><polygon><username>7hao</username><pt><x>480</x><y>234</y><time>21-01-21 16:05:01:501</time></pt><pt><x>479</x><y>238</y><time>21-01-21 16:05:01:949</time></pt><pt><x>480</x><y>242</y><time>21-01-21 16:05:02:491</time></pt><pt><x>480</x><y>246</y><time>21-01-21 16:05:03:223</time></pt><pt><x>481</x><y>249</y><time>21-01-21 16:05:03:705</time></pt><pt><x>482</x><y>252</y><time>21-01-21 16:05:04:160</time></pt><pt><x>484</x><y>255</y><time>21-01-21 16:05:04:687</time></pt><pt><x>485</x><y>256</y><time>21-01-21 16:05:05:347</time></pt><pt><x>485</x><y>257</y><time>21-01-21 16:05:05:929</time></pt><pt><x>485</x><y>236</y><time>21-01-21 16:05:07:777</time></pt><pt><x>484</x><y>232</y><time>21-01-21 16:05:09:429</time></pt><pt><x>482</x><y>229</y><time>21-01-21 16:05:10:302</time></pt><pt><x>479</x><y>222</y><time>21-01-21 16:05:11:641</time></pt><pt><x>479</x><y>219</y><time>21-01-21 16:05:12:308</time></pt><pt><x>479</x><y>214</y><time>21-01-21 16:05:13:293</time></pt><pt><x>476</x><y>208</y><time>21-01-21 16:05:14:661</time></pt><pt><x>474</x><y>204</y><time>21-01-21 16:05:15:801</time></pt><pt><x>473</x><y>202</y><time>21-01-21 16:05:16:556</time></pt><pt><x>472</x><y>202</y><time>21-01-21 16:05:17:297</time></pt><pt><x>472</x><y>204</y><time>21-01-21 16:05:18:406</time></pt><pt><x>472</x><y>208</y><time>21-01-21 16:05:19:207</time></pt><pt><x>471</x><y>210</y><time>21-01-21 16:05:19:885</time></pt><pt><x>471</x><y>215</y><time>21-01-21 16:05:20:953</time></pt><pt><x>471</x><y>219</y><time>21-01-21 16:05:22:079</time></pt><pt><x>471</x><y>222</y><time>21-01-21 16:05:22:803</time></pt><pt><x>472</x><y>227</y><time>21-01-21 16:05:27:027</time></pt><pt><x>470</x><y>229</y><time>21-01-21 16:05:27:664</time></pt><pt><x>470</x><y>231</y><time>21-01-21 16:05:30:079</time></pt><pt><x>469</x><y>235</y><time>21-01-21 16:05:30:864</time></pt><pt><x>468</x><y>242</y><time>21-01-21 16:05:32:720</time></pt><pt><x>479</x><y>234</y><time>21-01-21 16:05:34:325</time></pt><closed_date>21-01-21 16:05:35:121</closed_date></polygon></object><object><name>person</name><deleted>0</deleted><verified>0</verified><occluded>no</occluded><attributes></attributes><parts><hasparts></hasparts><ispartof></ispartof></parts><date>21-01-21 16:05:49:166</date><id>4</id><polygon><username>7hao</username><pt><x>486</x><y>264</y><time>21-01-21 16:05:41:250</time></pt><pt><x>485</x><y>267</y><time>21-01-21 16:05:41:657</time></pt><pt><x>485</x><y>269</y><time>21-01-21 16:05:41:973</time></pt><pt><x>484</x><y>272</y><time>21-01-21 16:05:42:311</time></pt><pt><x>484</x><y>274</y><time>21-01-21 16:05:42:759</time></pt><pt><x>484</x><y>276</y><time>21-01-21 16:05:43:845</time></pt><pt><x>487</x><y>275</y><time>21-01-21 16:05:44:577</time></pt><pt><x>486</x><y>274</y><time>21-01-21 16:05:45:196</time></pt><closed_date>21-01-21 16:05:46:402</closed_date></polygon></object><object><name>person</name><deleted>0</deleted><verified>0</verified><occluded>no</occluded><attributes></attributes><parts><hasparts></hasparts><ispartof></ispartof></parts><date>21-01-21 16:05:59:245</date><id>5</id><polygon><username>7hao</username><pt><x>504</x><y>276</y><time>21-01-21 16:05:51:704</time></pt><pt><x>507</x><y>276</y><time>21-01-21 16:05:52:255</time></pt><pt><x>509</x><y>276</y><time>21-01-21 16:05:52:671</time></pt><pt><x>511</x><y>274</y><time>21-01-21 16:05:53:065</time></pt><pt><x>512</x><y>272</y><time>21-01-21 16:05:53:515</time></pt><pt><x>509</x><y>272</y><time>21-01-21 16:05:53:913</time></pt><pt><x>507</x><y>271</y><time>21-01-21 16:05:54:355</time></pt><pt><x>505</x><y>270</y><time>21-01-21 16:05:54:865</time></pt><pt><x>504</x><y>272</y><time>21-01-21 16:05:55:605</time></pt><closed_date>21-01-21 16:05:56:627</closed_date></polygon></object></annotation>