<annotation><filename>frame0012.jpg</filename><folder>users/lab605//7hao/human_20210119_4</folder><source><submittedBy>lab605</submittedBy></source><imagesize><nrows>480</nrows><ncols>640</ncols></imagesize><object><name>person</name><deleted>0</deleted><verified>0</verified><occluded>no</occluded><attributes></attributes><parts><hasparts></hasparts><ispartof></ispartof></parts><date>21-01-21 15:11:52:491</date><id>0</id><polygon><username>7hao</username><pt><x>480</x><y>34</y><time>21-01-21 15:09:44:456</time></pt><pt><x>475</x><y>34</y><time>21-01-21 15:09:44:969</time></pt><pt><x>471</x><y>36</y><time>21-01-21 15:09:45:425</time></pt><pt><x>467</x><y>37</y><time>21-01-21 15:09:45:748</time></pt><pt><x>465</x><y>38</y><time>21-01-21 15:09:46:158</time></pt><pt><x>464</x><y>40</y><time>21-01-21 15:09:46:504</time></pt><pt><x>464</x><y>44</y><time>21-01-21 15:09:46:922</time></pt><pt><x>463</x><y>48</y><time>21-01-21 15:09:47:385</time></pt><pt><x>464</x><y>52</y><time>21-01-21 15:09:47:777</time></pt><pt><x>464</x><y>55</y><time>21-01-21 15:09:48:061</time></pt><pt><x>465</x><y>58</y><time>21-01-21 15:09:48:353</time></pt><pt><x>466</x><y>61</y><time>21-01-21 15:09:48:644</time></pt><pt><x>467</x><y>63</y><time>21-01-21 15:09:48:990</time></pt><pt><x>469</x><y>64</y><time>21-01-21 15:09:49:266</time></pt><pt><x>470</x><y>66</y><time>21-01-21 15:09:49:494</time></pt><pt><x>470</x><y>67</y><time>21-01-21 15:09:49:721</time></pt><pt><x>468</x><y>69</y><time>21-01-21 15:09:50:099</time></pt><pt><x>463</x><y>71</y><time>21-01-21 15:09:50:898</time></pt><pt><x>460</x><y>72</y><time>21-01-21 15:09:51:400</time></pt><pt><x>457</x><y>74</y><time>21-01-21 15:09:51:911</time></pt><pt><x>443</x><y>81</y><time>21-01-21 15:09:57:601</time></pt><pt><x>441</x><y>83</y><time>21-01-21 15:09:57:965</time></pt><pt><x>440</x><y>85</y><time>21-01-21 15:09:58:248</time></pt><pt><x>440</x><y>89</y><time>21-01-21 15:09:58:490</time></pt><pt><x>440</x><y>91</y><time>21-01-21 15:09:58:766</time></pt><pt><x>439</x><y>93</y><time>21-01-21 15:09:58:986</time></pt><pt><x>438</x><y>95</y><time>21-01-21 15:09:59:192</time></pt><pt><x>437</x><y>98</y><time>21-01-21 15:09:59:437</time></pt><pt><x>435</x><y>103</y><time>21-01-21 15:09:59:749</time></pt><pt><x>434</x><y>107</y><time>21-01-21 15:10:00:050</time></pt><pt><x>434</x><y>111</y><time>21-01-21 15:10:00:482</time></pt><pt><x>433</x><y>114</y><time>21-01-21 15:10:00:887</time></pt><pt><x>431</x><y>126</y><time>21-01-21 15:10:05:008</time></pt><pt><x>430</x><y>129</y><time>21-01-21 15:10:05:330</time></pt><pt><x>430</x><y>133</y><time>21-01-21 15:10:05:559</time></pt><pt><x>430</x><y>137</y><time>21-01-21 15:10:05:819</time></pt><pt><x>429</x><y>142</y><time>21-01-21 15:10:06:030</time></pt><pt><x>429</x><y>145</y><time>21-01-21 15:10:06:267</time></pt><pt><x>429</x><y>150</y><time>21-01-21 15:10:06:536</time></pt><pt><x>429</x><y>155</y><time>21-01-21 15:10:06:828</time></pt><pt><x>430</x><y>163</y><time>21-01-21 15:10:07:213</time></pt><pt><x>431</x><y>167</y><time>21-01-21 15:10:07:574</time></pt><pt><x>431</x><y>172</y><time>21-01-21 15:10:07:946</time></pt><pt><x>432</x><y>175</y><time>21-01-21 15:10:08:345</time></pt><pt><x>432</x><y>177</y><time>21-01-21 15:10:13:445</time></pt><pt><x>432</x><y>180</y><time>21-01-21 15:10:13:681</time></pt><pt><x>433</x><y>184</y><time>21-01-21 15:10:14:060</time></pt><pt><x>434</x><y>188</y><time>21-01-21 15:10:14:464</time></pt><pt><x>434</x><y>190</y><time>21-01-21 15:10:14:658</time></pt><pt><x>435</x><y>193</y><time>21-01-21 15:10:14:911</time></pt><pt><x>437</x><y>194</y><time>21-01-21 15:10:15:145</time></pt><pt><x>440</x><y>194</y><time>21-01-21 15:10:15:365</time></pt><pt><x>442</x><y>193</y><time>21-01-21 15:10:15:577</time></pt><pt><x>444</x><y>192</y><time>21-01-21 15:10:15:963</time></pt><pt><x>445</x><y>194</y><time>21-01-21 15:10:16:421</time></pt><pt><x>446</x><y>197</y><time>21-01-21 15:10:16:656</time></pt><pt><x>446</x><y>199</y><time>21-01-21 15:10:16:839</time></pt><pt><x>446</x><y>204</y><time>21-01-21 15:10:17:043</time></pt><pt><x>446</x><y>207</y><time>21-01-21 15:10:17:271</time></pt><pt><x>445</x><y>210</y><time>21-01-21 15:10:17:460</time></pt><pt><x>446</x><y>217</y><time>21-01-21 15:10:17:704</time></pt><pt><x>447</x><y>223</y><time>21-01-21 15:10:19:160</time></pt><pt><x>446</x><y>226</y><time>21-01-21 15:10:19:396</time></pt><pt><x>445</x><y>230</y><time>21-01-21 15:10:19:601</time></pt><pt><x>445</x><y>232</y><time>21-01-21 15:10:19:782</time></pt><pt><x>444</x><y>235</y><time>21-01-21 15:10:19:950</time></pt><pt><x>443</x><y>237</y><time>21-01-21 15:10:20:138</time></pt><pt><x>442</x><y>239</y><time>21-01-21 15:10:20:293</time></pt><pt><x>442</x><y>240</y><time>21-01-21 15:10:20:436</time></pt><pt><x>442</x><y>243</y><time>21-01-21 15:10:20:656</time></pt><pt><x>441</x><y>253</y><time>21-01-21 15:10:22:443</time></pt><pt><x>441</x><y>256</y><time>21-01-21 15:10:22:727</time></pt><pt><x>441</x><y>259</y><time>21-01-21 15:10:22:892</time></pt><pt><x>441</x><y>264</y><time>21-01-21 15:10:23:072</time></pt><pt><x>441</x><y>270</y><time>21-01-21 15:10:23:246</time></pt><pt><x>441</x><y>272</y><time>21-01-21 15:10:23:394</time></pt><pt><x>442</x><y>277</y><time>21-01-21 15:10:23:584</time></pt><pt><x>442</x><y>281</y><time>21-01-21 15:10:23:780</time></pt><pt><x>442</x><y>284</y><time>21-01-21 15:10:23:986</time></pt><pt><x>443</x><y>287</y><time>21-01-21 15:10:25:418</time></pt><pt><x>442</x><y>290</y><time>21-01-21 15:10:25:662</time></pt><pt><x>441</x><y>292</y><time>21-01-21 15:10:25:834</time></pt><pt><x>441</x><y>294</y><time>21-01-21 15:10:26:026</time></pt><pt><x>440</x><y>299</y><time>21-01-21 15:10:26:275</time></pt><pt><x>439</x><y>302</y><time>21-01-21 15:10:26:591</time></pt><pt><x>439</x><y>304</y><time>21-01-21 15:10:26:882</time></pt><pt><x>439</x><y>307</y><time>21-01-21 15:10:28:724</time></pt><pt><x>441</x><y>308</y><time>21-01-21 15:10:29:077</time></pt><pt><x>444</x><y>307</y><time>21-01-21 15:10:29:314</time></pt><pt><x>446</x><y>307</y><time>21-01-21 15:10:29:581</time></pt><pt><x>453</x><y>308</y><time>21-01-21 15:10:33:603</time></pt><pt><x>456</x><y>307</y><time>21-01-21 15:10:34:053</time></pt><pt><x>457</x><y>306</y><time>21-01-21 15:10:34:344</time></pt><pt><x>458</x><y>304</y><time>21-01-21 15:10:34:531</time></pt><pt><x>459</x><y>303</y><time>21-01-21 15:10:34:760</time></pt><pt><x>459</x><y>301</y><time>21-01-21 15:10:34:944</time></pt><pt><x>459</x><y>298</y><time>21-01-21 15:10:35:130</time></pt><pt><x>458</x><y>295</y><time>21-01-21 15:10:35:343</time></pt><pt><x>456</x><y>294</y><time>21-01-21 15:10:35:556</time></pt><pt><x>455</x><y>292</y><time>21-01-21 15:10:35:721</time></pt><pt><x>455</x><y>290</y><time>21-01-21 15:10:35:925</time></pt><pt><x>456</x><y>289</y><time>21-01-21 15:10:36:105</time></pt><pt><x>456</x><y>287</y><time>21-01-21 15:10:36:279</time></pt><pt><x>455</x><y>285</y><time>21-01-21 15:10:36:431</time></pt><pt><x>455</x><y>283</y><time>21-01-21 15:10:36:612</time></pt><pt><x>456</x><y>281</y><time>21-01-21 15:10:36:775</time></pt><pt><x>456</x><y>279</y><time>21-01-21 15:10:36:964</time></pt><pt><x>457</x><y>277</y><time>21-01-21 15:10:37:130</time></pt><pt><x>458</x><y>274</y><time>21-01-21 15:10:37:334</time></pt><pt><x>458</x><y>272</y><time>21-01-21 15:10:37:546</time></pt><pt><x>459</x><y>270</y><time>21-01-21 15:10:37:752</time></pt><pt><x>461</x><y>255</y><time>21-01-21 15:10:39:130</time></pt><pt><x>461</x><y>253</y><time>21-01-21 15:10:39:468</time></pt><pt><x>462</x><y>251</y><time>21-01-21 15:10:39:618</time></pt><pt><x>462</x><y>248</y><time>21-01-21 15:10:39:792</time></pt><pt><x>462</x><y>246</y><time>21-01-21 15:10:39:974</time></pt><pt><x>463</x><y>244</y><time>21-01-21 15:10:40:137</time></pt><pt><x>463</x><y>243</y><time>21-01-21 15:10:40:285</time></pt><pt><x>464</x><y>241</y><time>21-01-21 15:10:40:489</time></pt><pt><x>464</x><y>239</y><time>21-01-21 15:10:40:664</time></pt><pt><x>464</x><y>238</y><time>21-01-21 15:10:40:821</time></pt><pt><x>464</x><y>237</y><time>21-01-21 15:10:40:956</time></pt><pt><x>464</x><y>236</y><time>21-01-21 15:10:41:100</time></pt><pt><x>466</x><y>233</y><time>21-01-21 15:10:42:371</time></pt><pt><x>467</x><y>230</y><time>21-01-21 15:10:42:554</time></pt><pt><x>467</x><y>227</y><time>21-01-21 15:10:42:742</time></pt><pt><x>468</x><y>225</y><time>21-01-21 15:10:42:907</time></pt><pt><x>468</x><y>223</y><time>21-01-21 15:10:43:080</time></pt><pt><x>468</x><y>222</y><time>21-01-21 15:10:43:261</time></pt><pt><x>469</x><y>216</y><time>21-01-21 15:10:44:404</time></pt><pt><x>470</x><y>214</y><time>21-01-21 15:10:44:633</time></pt><pt><x>470</x><y>211</y><time>21-01-21 15:10:44:836</time></pt><pt><x>470</x><y>208</y><time>21-01-21 15:10:45:103</time></pt><pt><x>471</x><y>204</y><time>21-01-21 15:10:45:677</time></pt><pt><x>472</x><y>214</y><time>21-01-21 15:10:46:480</time></pt><pt><x>471</x><y>218</y><time>21-01-21 15:10:46:923</time></pt><pt><x>471</x><y>221</y><time>21-01-21 15:10:47:152</time></pt><pt><x>471</x><y>223</y><time>21-01-21 15:10:47:324</time></pt><pt><x>471</x><y>226</y><time>21-01-21 15:10:47:545</time></pt><pt><x>471</x><y>229</y><time>21-01-21 15:10:47:748</time></pt><pt><x>471</x><y>232</y><time>21-01-21 15:10:47:915</time></pt><pt><x>471</x><y>234</y><time>21-01-21 15:10:48:112</time></pt><pt><x>472</x><y>238</y><time>21-01-21 15:10:48:306</time></pt><pt><x>472</x><y>241</y><time>21-01-21 15:10:48:512</time></pt><pt><x>473</x><y>246</y><time>21-01-21 15:10:48:725</time></pt><pt><x>473</x><y>249</y><time>21-01-21 15:10:48:952</time></pt><pt><x>472</x><y>260</y><time>21-01-21 15:10:51:182</time></pt><pt><x>472</x><y>263</y><time>21-01-21 15:10:51:488</time></pt><pt><x>472</x><y>265</y><time>21-01-21 15:10:51:660</time></pt><pt><x>473</x><y>269</y><time>21-01-21 15:10:51:834</time></pt><pt><x>473</x><y>272</y><time>21-01-21 15:10:52:030</time></pt><pt><x>473</x><y>275</y><time>21-01-21 15:10:52:243</time></pt><pt><x>473</x><y>277</y><time>21-01-21 15:10:52:391</time></pt><pt><x>474</x><y>279</y><time>21-01-21 15:10:52:572</time></pt><pt><x>474</x><y>283</y><time>21-01-21 15:10:52:763</time></pt><pt><x>474</x><y>286</y><time>21-01-21 15:10:52:934</time></pt><pt><x>474</x><y>292</y><time>21-01-21 15:10:54:264</time></pt><pt><x>475</x><y>294</y><time>21-01-21 15:10:54:486</time></pt><pt><x>475</x><y>296</y><time>21-01-21 15:10:54:644</time></pt><pt><x>476</x><y>298</y><time>21-01-21 15:10:54:792</time></pt><pt><x>476</x><y>302</y><time>21-01-21 15:10:55:023</time></pt><pt><x>475</x><y>304</y><time>21-01-21 15:10:55:203</time></pt><pt><x>475</x><y>308</y><time>21-01-21 15:10:55:413</time></pt><pt><x>475</x><y>310</y><time>21-01-21 15:10:55:657</time></pt><pt><x>474</x><y>311</y><time>21-01-21 15:10:55:870</time></pt><pt><x>474</x><y>313</y><time>21-01-21 15:10:56:070</time></pt><pt><x>474</x><y>315</y><time>21-01-21 15:10:56:312</time></pt><pt><x>475</x><y>315</y><time>21-01-21 15:10:56:525</time></pt><pt><x>477</x><y>315</y><time>21-01-21 15:10:56:720</time></pt><pt><x>480</x><y>316</y><time>21-01-21 15:10:56:948</time></pt><pt><x>481</x><y>316</y><time>21-01-21 15:10:57:155</time></pt><pt><x>495</x><y>315</y><time>21-01-21 15:10:59:042</time></pt><pt><x>497</x><y>314</y><time>21-01-21 15:10:59:482</time></pt><pt><x>498</x><y>313</y><time>21-01-21 15:10:59:695</time></pt><pt><x>499</x><y>311</y><time>21-01-21 15:10:59:883</time></pt><pt><x>499</x><y>309</y><time>21-01-21 15:11:00:088</time></pt><pt><x>499</x><y>307</y><time>21-01-21 15:11:00:293</time></pt><pt><x>499</x><y>306</y><time>21-01-21 15:11:00:513</time></pt><pt><x>497</x><y>304</y><time>21-01-21 15:11:00:671</time></pt><pt><x>495</x><y>303</y><time>21-01-21 15:11:01:205</time></pt><pt><x>494</x><y>302</y><time>21-01-21 15:11:01:436</time></pt><pt><x>493</x><y>300</y><time>21-01-21 15:11:01:616</time></pt><pt><x>491</x><y>297</y><time>21-01-21 15:11:01:803</time></pt><pt><x>491</x><y>295</y><time>21-01-21 15:11:02:002</time></pt><pt><x>491</x><y>293</y><time>21-01-21 15:11:02:168</time></pt><pt><x>491</x><y>291</y><time>21-01-21 15:11:02:323</time></pt><pt><x>493</x><y>289</y><time>21-01-21 15:11:02:512</time></pt><pt><x>493</x><y>287</y><time>21-01-21 15:11:02:736</time></pt><pt><x>494</x><y>285</y><time>21-01-21 15:11:02:866</time></pt><pt><x>494</x><y>282</y><time>21-01-21 15:11:03:111</time></pt><pt><x>494</x><y>281</y><time>21-01-21 15:11:03:277</time></pt><pt><x>493</x><y>279</y><time>21-01-21 15:11:04:003</time></pt><pt><x>492</x><y>278</y><time>21-01-21 15:11:04:160</time></pt><pt><x>492</x><y>275</y><time>21-01-21 15:11:04:330</time></pt><pt><x>493</x><y>274</y><time>21-01-21 15:11:04:520</time></pt><pt><x>493</x><y>272</y><time>21-01-21 15:11:04:669</time></pt><pt><x>494</x><y>269</y><time>21-01-21 15:11:04:849</time></pt><pt><x>494</x><y>265</y><time>21-01-21 15:11:05:024</time></pt><pt><x>494</x><y>263</y><time>21-01-21 15:11:05:203</time></pt><pt><x>495</x><y>260</y><time>21-01-21 15:11:05:378</time></pt><pt><x>496</x><y>257</y><time>21-01-21 15:11:05:590</time></pt><pt><x>497</x><y>255</y><time>21-01-21 15:11:05:785</time></pt><pt><x>498</x><y>249</y><time>21-01-21 15:11:07:030</time></pt><pt><x>497</x><y>247</y><time>21-01-21 15:11:07:199</time></pt><pt><x>496</x><y>244</y><time>21-01-21 15:11:07:376</time></pt><pt><x>495</x><y>240</y><time>21-01-21 15:11:07:747</time></pt><pt><x>495</x><y>238</y><time>21-01-21 15:11:07:904</time></pt><pt><x>495</x><y>234</y><time>21-01-21 15:11:08:118</time></pt><pt><x>495</x><y>230</y><time>21-01-21 15:11:08:291</time></pt><pt><x>497</x><y>221</y><time>21-01-21 15:11:09:430</time></pt><pt><x>498</x><y>218</y><time>21-01-21 15:11:09:611</time></pt><pt><x>499</x><y>214</y><time>21-01-21 15:11:09:810</time></pt><pt><x>501</x><y>210</y><time>21-01-21 15:11:10:015</time></pt><pt><x>504</x><y>186</y><time>21-01-21 15:11:11:547</time></pt><pt><x>505</x><y>178</y><time>21-01-21 15:11:12:069</time></pt><pt><x>505</x><y>173</y><time>21-01-21 15:11:12:366</time></pt><pt><x>505</x><y>169</y><time>21-01-21 15:11:12:617</time></pt><pt><x>505</x><y>165</y><time>21-01-21 15:11:12:846</time></pt><pt><x>505</x><y>163</y><time>21-01-21 15:11:13:053</time></pt><pt><x>504</x><y>161</y><time>21-01-21 15:11:13:266</time></pt><pt><x>506</x><y>145</y><time>21-01-21 15:11:14:689</time></pt><pt><x>505</x><y>139</y><time>21-01-21 15:11:14:995</time></pt><pt><x>505</x><y>136</y><time>21-01-21 15:11:15:199</time></pt><pt><x>506</x><y>134</y><time>21-01-21 15:11:15:373</time></pt><pt><x>505</x><y>131</y><time>21-01-21 15:11:15:569</time></pt><pt><x>504</x><y>129</y><time>21-01-21 15:11:15:923</time></pt><pt><x>503</x><y>125</y><time>21-01-21 15:11:17:312</time></pt><pt><x>503</x><y>122</y><time>21-01-21 15:11:17:599</time></pt><pt><x>504</x><y>120</y><time>21-01-21 15:11:17:765</time></pt><pt><x>504</x><y>118</y><time>21-01-21 15:11:18:049</time></pt><pt><x>508</x><y>129</y><time>21-01-21 15:11:19:245</time></pt><pt><x>511</x><y>139</y><time>21-01-21 15:11:19:909</time></pt><pt><x>523</x><y>168</y><time>21-01-21 15:11:23:496</time></pt><pt><x>524</x><y>172</y><time>21-01-21 15:11:23:937</time></pt><pt><x>524</x><y>175</y><time>21-01-21 15:11:24:165</time></pt><pt><x>524</x><y>177</y><time>21-01-21 15:11:24:315</time></pt><pt><x>524</x><y>179</y><time>21-01-21 15:11:24:465</time></pt><pt><x>524</x><y>181</y><time>21-01-21 15:11:24:608</time></pt><pt><x>524</x><y>185</y><time>21-01-21 15:11:24:939</time></pt><pt><x>524</x><y>186</y><time>21-01-21 15:11:25:120</time></pt><pt><x>525</x><y>189</y><time>21-01-21 15:11:25:282</time></pt><pt><x>525</x><y>190</y><time>21-01-21 15:11:25:456</time></pt><pt><x>526</x><y>192</y><time>21-01-21 15:11:25:629</time></pt><pt><x>527</x><y>195</y><time>21-01-21 15:11:25:905</time></pt><pt><x>527</x><y>196</y><time>21-01-21 15:11:26:330</time></pt><pt><x>529</x><y>197</y><time>21-01-21 15:11:26:567</time></pt><pt><x>531</x><y>196</y><time>21-01-21 15:11:26:715</time></pt><pt><x>532</x><y>195</y><time>21-01-21 15:11:26:912</time></pt><pt><x>534</x><y>193</y><time>21-01-21 15:11:27:108</time></pt><pt><x>535</x><y>192</y><time>21-01-21 15:11:27:275</time></pt><pt><x>535</x><y>190</y><time>21-01-21 15:11:27:425</time></pt><pt><x>536</x><y>186</y><time>21-01-21 15:11:27:746</time></pt><pt><x>536</x><y>184</y><time>21-01-21 15:11:27:974</time></pt><pt><x>536</x><y>182</y><time>21-01-21 15:11:28:116</time></pt><pt><x>534</x><y>179</y><time>21-01-21 15:11:28:446</time></pt><pt><x>534</x><y>177</y><time>21-01-21 15:11:28:660</time></pt><pt><x>534</x><y>175</y><time>21-01-21 15:11:28:834</time></pt><pt><x>535</x><y>173</y><time>21-01-21 15:11:29:044</time></pt><pt><x>535</x><y>170</y><time>21-01-21 15:11:29:240</time></pt><pt><x>535</x><y>167</y><time>21-01-21 15:11:29:424</time></pt><pt><x>534</x><y>165</y><time>21-01-21 15:11:29:597</time></pt><pt><x>534</x><y>162</y><time>21-01-21 15:11:29:801</time></pt><pt><x>531</x><y>143</y><time>21-01-21 15:11:30:888</time></pt><pt><x>529</x><y>131</y><time>21-01-21 15:11:31:516</time></pt><pt><x>524</x><y>107</y><time>21-01-21 15:11:32:691</time></pt><pt><x>521</x><y>97</y><time>21-01-21 15:11:33:240</time></pt><pt><x>517</x><y>87</y><time>21-01-21 15:11:34:098</time></pt><pt><x>512</x><y>78</y><time>21-01-21 15:11:34:987</time></pt><pt><x>508</x><y>76</y><time>21-01-21 15:11:38:366</time></pt><pt><x>504</x><y>74</y><time>21-01-21 15:11:38:780</time></pt><pt><x>502</x><y>73</y><time>21-01-21 15:11:39:088</time></pt><pt><x>498</x><y>73</y><time>21-01-21 15:11:39:512</time></pt><pt><x>495</x><y>72</y><time>21-01-21 15:11:39:850</time></pt><pt><x>493</x><y>71</y><time>21-01-21 15:11:40:086</time></pt><pt><x>493</x><y>71</y><time>21-01-21 15:11:40:300</time></pt><pt><x>493</x><y>69</y><time>21-01-21 15:11:40:512</time></pt><pt><x>494</x><y>67</y><time>21-01-21 15:11:40:728</time></pt><pt><x>495</x><y>65</y><time>21-01-21 15:11:40:953</time></pt><pt><x>497</x><y>57</y><time>21-01-21 15:11:42:348</time></pt><pt><x>498</x><y>54</y><time>21-01-21 15:11:42:591</time></pt><pt><x>499</x><y>51</y><time>21-01-21 15:11:42:796</time></pt><pt><x>501</x><y>49</y><time>21-01-21 15:11:43:000</time></pt><pt><x>502</x><y>47</y><time>21-01-21 15:11:43:207</time></pt><pt><x>502</x><y>44</y><time>21-01-21 15:11:43:450</time></pt><pt><x>501</x><y>42</y><time>21-01-21 15:11:43:636</time></pt><pt><x>500</x><y>39</y><time>21-01-21 15:11:43:835</time></pt><pt><x>498</x><y>35</y><time>21-01-21 15:11:44:054</time></pt><pt><x>494</x><y>32</y><time>21-01-21 15:11:45:536</time></pt><pt><x>490</x><y>31</y><time>21-01-21 15:11:45:857</time></pt><pt><x>488</x><y>31</y><time>21-01-21 15:11:46:061</time></pt><pt><x>485</x><y>31</y><time>21-01-21 15:11:46:320</time></pt><pt><x>483</x><y>31</y><time>21-01-21 15:11:46:516</time></pt><pt><x>481</x><y>32</y><time>21-01-21 15:11:46:762</time></pt><closed_date>21-01-21 15:11:47:429</closed_date></polygon></object><object><name>person</name><deleted>0</deleted><verified>0</verified><occluded>no</occluded><attributes></attributes><parts><hasparts></hasparts><ispartof></ispartof></parts><date>21-01-21 15:14:11:317</date><id>1</id><polygon><username>7hao</username><pt><x>249</x><y>84</y><time>21-01-21 15:12:50:368</time></pt><pt><x>244</x><y>84</y><time>21-01-21 15:12:51:101</time></pt><pt><x>241</x><y>84</y><time>21-01-21 15:12:51:479</time></pt><pt><x>238</x><y>86</y><time>21-01-21 15:12:51:850</time></pt><pt><x>236</x><y>90</y><time>21-01-21 15:12:52:142</time></pt><pt><x>235</x><y>91</y><time>21-01-21 15:12:52:412</time></pt><pt><x>234</x><y>94</y><time>21-01-21 15:12:52:639</time></pt><pt><x>234</x><y>96</y><time>21-01-21 15:12:52:834</time></pt><pt><x>235</x><y>99</y><time>21-01-21 15:12:53:070</time></pt><pt><x>235</x><y>101</y><time>21-01-21 15:12:53:291</time></pt><pt><x>234</x><y>102</y><time>21-01-21 15:12:53:473</time></pt><pt><x>234</x><y>104</y><time>21-01-21 15:12:53:644</time></pt><pt><x>234</x><y>107</y><time>21-01-21 15:12:53:834</time></pt><pt><x>235</x><y>109</y><time>21-01-21 15:12:54:030</time></pt><pt><x>235</x><y>111</y><time>21-01-21 15:12:54:230</time></pt><pt><x>235</x><y>113</y><time>21-01-21 15:12:54:431</time></pt><pt><x>234</x><y>113</y><time>21-01-21 15:12:54:644</time></pt><pt><x>233</x><y>114</y><time>21-01-21 15:12:54:795</time></pt><pt><x>232</x><y>114</y><time>21-01-21 15:12:54:965</time></pt><pt><x>231</x><y>115</y><time>21-01-21 15:12:55:101</time></pt><pt><x>231</x><y>115</y><time>21-01-21 15:12:55:233</time></pt><pt><x>230</x><y>117</y><time>21-01-21 15:12:55:383</time></pt><pt><x>230</x><y>117</y><time>21-01-21 15:12:55:550</time></pt><pt><x>227</x><y>118</y><time>21-01-21 15:12:55:778</time></pt><pt><x>224</x><y>119</y><time>21-01-21 15:12:55:976</time></pt><pt><x>221</x><y>120</y><time>21-01-21 15:12:56:140</time></pt><pt><x>220</x><y>120</y><time>21-01-21 15:12:56:314</time></pt><pt><x>219</x><y>123</y><time>21-01-21 15:12:56:982</time></pt><pt><x>212</x><y>136</y><time>21-01-21 15:12:59:822</time></pt><pt><x>210</x><y>144</y><time>21-01-21 15:13:00:219</time></pt><pt><x>207</x><y>149</y><time>21-01-21 15:13:00:516</time></pt><pt><x>204</x><y>155</y><time>21-01-21 15:13:00:940</time></pt><pt><x>193</x><y>176</y><time>21-01-21 15:13:03:568</time></pt><pt><x>192</x><y>181</y><time>21-01-21 15:13:03:852</time></pt><pt><x>191</x><y>185</y><time>21-01-21 15:13:04:128</time></pt><pt><x>190</x><y>187</y><time>21-01-21 15:13:04:284</time></pt><pt><x>190</x><y>191</y><time>21-01-21 15:13:04:474</time></pt><pt><x>191</x><y>193</y><time>21-01-21 15:13:04:685</time></pt><pt><x>193</x><y>195</y><time>21-01-21 15:13:04:973</time></pt><pt><x>195</x><y>195</y><time>21-01-21 15:13:05:377</time></pt><pt><x>197</x><y>194</y><time>21-01-21 15:13:05:637</time></pt><pt><x>197</x><y>193</y><time>21-01-21 15:13:05:865</time></pt><pt><x>196</x><y>191</y><time>21-01-21 15:13:06:057</time></pt><pt><x>197</x><y>190</y><time>21-01-21 15:13:06:235</time></pt><pt><x>199</x><y>187</y><time>21-01-21 15:13:06:427</time></pt><pt><x>200</x><y>185</y><time>21-01-21 15:13:06:632</time></pt><pt><x>201</x><y>182</y><time>21-01-21 15:13:06:804</time></pt><pt><x>204</x><y>177</y><time>21-01-21 15:13:07:144</time></pt><pt><x>212</x><y>169</y><time>21-01-21 15:13:07:944</time></pt><pt><x>214</x><y>165</y><time>21-01-21 15:13:08:424</time></pt><pt><x>218</x><y>159</y><time>21-01-21 15:13:11:093</time></pt><pt><x>219</x><y>156</y><time>21-01-21 15:13:11:682</time></pt><pt><x>219</x><y>155</y><time>21-01-21 15:13:12:020</time></pt><pt><x>220</x><y>155</y><time>21-01-21 15:13:12:291</time></pt><pt><x>221</x><y>157</y><time>21-01-21 15:13:12:510</time></pt><pt><x>220</x><y>159</y><time>21-01-21 15:13:12:744</time></pt><pt><x>220</x><y>162</y><time>21-01-21 15:13:12:945</time></pt><pt><x>219</x><y>166</y><time>21-01-21 15:13:13:217</time></pt><pt><x>218</x><y>169</y><time>21-01-21 15:13:13:414</time></pt><pt><x>218</x><y>174</y><time>21-01-21 15:13:13:642</time></pt><pt><x>218</x><y>178</y><time>21-01-21 15:13:13:829</time></pt><pt><x>218</x><y>180</y><time>21-01-21 15:13:14:022</time></pt><pt><x>218</x><y>182</y><time>21-01-21 15:13:14:231</time></pt><pt><x>217</x><y>185</y><time>21-01-21 15:13:14:420</time></pt><pt><x>217</x><y>190</y><time>21-01-21 15:13:14:656</time></pt><pt><x>215</x><y>193</y><time>21-01-21 15:13:15:145</time></pt><pt><x>216</x><y>197</y><time>21-01-21 15:13:15:388</time></pt><pt><x>217</x><y>200</y><time>21-01-21 15:13:15:586</time></pt><pt><x>219</x><y>203</y><time>21-01-21 15:13:15:995</time></pt><pt><x>219</x><y>206</y><time>21-01-21 15:13:16:325</time></pt><pt><x>220</x><y>236</y><time>21-01-21 15:13:18:224</time></pt><pt><x>219</x><y>250</y><time>21-01-21 15:13:19:134</time></pt><pt><x>219</x><y>255</y><time>21-01-21 15:13:19:512</time></pt><pt><x>222</x><y>265</y><time>21-01-21 15:13:20:707</time></pt><pt><x>223</x><y>269</y><time>21-01-21 15:13:21:121</time></pt><pt><x>224</x><y>273</y><time>21-01-21 15:13:21:337</time></pt><pt><x>223</x><y>276</y><time>21-01-21 15:13:21:536</time></pt><pt><x>223</x><y>278</y><time>21-01-21 15:13:21:758</time></pt><pt><x>222</x><y>281</y><time>21-01-21 15:13:21:968</time></pt><pt><x>219</x><y>283</y><time>21-01-21 15:13:22:220</time></pt><pt><x>217</x><y>283</y><time>21-01-21 15:13:22:400</time></pt><pt><x>214</x><y>284</y><time>21-01-21 15:13:22:597</time></pt><pt><x>212</x><y>285</y><time>21-01-21 15:13:22:762</time></pt><pt><x>211</x><y>286</y><time>21-01-21 15:13:22:928</time></pt><pt><x>212</x><y>289</y><time>21-01-21 15:13:23:173</time></pt><pt><x>215</x><y>291</y><time>21-01-21 15:13:23:424</time></pt><pt><x>218</x><y>291</y><time>21-01-21 15:13:23:628</time></pt><pt><x>222</x><y>291</y><time>21-01-21 15:13:23:835</time></pt><pt><x>225</x><y>291</y><time>21-01-21 15:13:24:041</time></pt><pt><x>228</x><y>290</y><time>21-01-21 15:13:24:226</time></pt><pt><x>231</x><y>290</y><time>21-01-21 15:13:24:425</time></pt><pt><x>232</x><y>290</y><time>21-01-21 15:13:24:620</time></pt><pt><x>240</x><y>292</y><time>21-01-21 15:13:26:791</time></pt><pt><x>242</x><y>291</y><time>21-01-21 15:13:27:145</time></pt><pt><x>242</x><y>290</y><time>21-01-21 15:13:27:382</time></pt><pt><x>242</x><y>287</y><time>21-01-21 15:13:27:601</time></pt><pt><x>241</x><y>286</y><time>21-01-21 15:13:28:051</time></pt><pt><x>241</x><y>284</y><time>21-01-21 15:13:28:365</time></pt><pt><x>241</x><y>283</y><time>21-01-21 15:13:28:540</time></pt><pt><x>242</x><y>280</y><time>21-01-21 15:13:28:744</time></pt><pt><x>243</x><y>278</y><time>21-01-21 15:13:28:963</time></pt><pt><x>243</x><y>276</y><time>21-01-21 15:13:29:175</time></pt><pt><x>242</x><y>274</y><time>21-01-21 15:13:29:357</time></pt><pt><x>241</x><y>272</y><time>21-01-21 15:13:29:569</time></pt><pt><x>241</x><y>257</y><time>21-01-21 15:13:30:861</time></pt><pt><x>241</x><y>254</y><time>21-01-21 15:13:31:207</time></pt><pt><x>240</x><y>253</y><time>21-01-21 15:13:31:404</time></pt><pt><x>240</x><y>250</y><time>21-01-21 15:13:31:576</time></pt><pt><x>241</x><y>246</y><time>21-01-21 15:13:31:917</time></pt><pt><x>243</x><y>246</y><time>21-01-21 15:13:32:315</time></pt><pt><x>243</x><y>248</y><time>21-01-21 15:13:32:624</time></pt><pt><x>244</x><y>250</y><time>21-01-21 15:13:32:828</time></pt><pt><x>244</x><y>252</y><time>21-01-21 15:13:33:018</time></pt><pt><x>244</x><y>255</y><time>21-01-21 15:13:33:223</time></pt><pt><x>244</x><y>258</y><time>21-01-21 15:13:33:426</time></pt><pt><x>244</x><y>263</y><time>21-01-21 15:13:33:670</time></pt><pt><x>245</x><y>268</y><time>21-01-21 15:13:33:930</time></pt><pt><x>245</x><y>271</y><time>21-01-21 15:13:34:110</time></pt><pt><x>245</x><y>275</y><time>21-01-21 15:13:34:317</time></pt><pt><x>245</x><y>278</y><time>21-01-21 15:13:34:488</time></pt><pt><x>248</x><y>281</y><time>21-01-21 15:13:34:788</time></pt><pt><x>250</x><y>282</y><time>21-01-21 15:13:35:064</time></pt><pt><x>252</x><y>284</y><time>21-01-21 15:13:35:284</time></pt><pt><x>253</x><y>286</y><time>21-01-21 15:13:35:472</time></pt><pt><x>255</x><y>291</y><time>21-01-21 15:13:36:504</time></pt><pt><x>257</x><y>291</y><time>21-01-21 15:13:36:795</time></pt><pt><x>259</x><y>291</y><time>21-01-21 15:13:36:960</time></pt><pt><x>262</x><y>291</y><time>21-01-21 15:13:37:205</time></pt><pt><x>263</x><y>290</y><time>21-01-21 15:13:37:415</time></pt><pt><x>264</x><y>287</y><time>21-01-21 15:13:37:614</time></pt><pt><x>263</x><y>284</y><time>21-01-21 15:13:37:770</time></pt><pt><x>262</x><y>283</y><time>21-01-21 15:13:37:952</time></pt><pt><x>260</x><y>280</y><time>21-01-21 15:13:38:156</time></pt><pt><x>260</x><y>278</y><time>21-01-21 15:13:38:377</time></pt><pt><x>260</x><y>276</y><time>21-01-21 15:13:38:604</time></pt><pt><x>261</x><y>273</y><time>21-01-21 15:13:38:938</time></pt><pt><x>261</x><y>269</y><time>21-01-21 15:13:39:158</time></pt><pt><x>261</x><y>265</y><time>21-01-21 15:13:39:384</time></pt><pt><x>260</x><y>262</y><time>21-01-21 15:13:39:596</time></pt><pt><x>260</x><y>257</y><time>21-01-21 15:13:39:810</time></pt><pt><x>260</x><y>255</y><time>21-01-21 15:13:40:020</time></pt><pt><x>259</x><y>252</y><time>21-01-21 15:13:40:228</time></pt><pt><x>259</x><y>234</y><time>21-01-21 15:13:41:524</time></pt><pt><x>260</x><y>202</y><time>21-01-21 15:13:42:650</time></pt><pt><x>260</x><y>199</y><time>21-01-21 15:13:43:044</time></pt><pt><x>260</x><y>196</y><time>21-01-21 15:13:43:343</time></pt><pt><x>261</x><y>194</y><time>21-01-21 15:13:43:570</time></pt><pt><x>261</x><y>191</y><time>21-01-21 15:13:43:769</time></pt><pt><x>261</x><y>189</y><time>21-01-21 15:13:43:980</time></pt><pt><x>261</x><y>188</y><time>21-01-21 15:13:44:121</time></pt><pt><x>261</x><y>186</y><time>21-01-21 15:13:44:301</time></pt><pt><x>261</x><y>185</y><time>21-01-21 15:13:44:500</time></pt><pt><x>261</x><y>184</y><time>21-01-21 15:13:44:647</time></pt><pt><x>263</x><y>181</y><time>21-01-21 15:13:46:380</time></pt><pt><x>264</x><y>177</y><time>21-01-21 15:13:46:640</time></pt><pt><x>263</x><y>175</y><time>21-01-21 15:13:46:782</time></pt><pt><x>264</x><y>174</y><time>21-01-21 15:13:46:953</time></pt><pt><x>264</x><y>172</y><time>21-01-21 15:13:47:214</time></pt><pt><x>266</x><y>178</y><time>21-01-21 15:13:47:836</time></pt><pt><x>267</x><y>182</y><time>21-01-21 15:13:48:216</time></pt><pt><x>268</x><y>185</y><time>21-01-21 15:13:48:396</time></pt><pt><x>268</x><y>189</y><time>21-01-21 15:13:48:742</time></pt><pt><x>267</x><y>191</y><time>21-01-21 15:13:48:939</time></pt><pt><x>267</x><y>194</y><time>21-01-21 15:13:49:123</time></pt><pt><x>267</x><y>197</y><time>21-01-21 15:13:49:277</time></pt><pt><x>268</x><y>199</y><time>21-01-21 15:13:49:497</time></pt><pt><x>269</x><y>199</y><time>21-01-21 15:13:49:755</time></pt><pt><x>270</x><y>199</y><time>21-01-21 15:13:49:953</time></pt><pt><x>275</x><y>199</y><time>21-01-21 15:13:52:158</time></pt><pt><x>277</x><y>197</y><time>21-01-21 15:13:52:401</time></pt><pt><x>277</x><y>195</y><time>21-01-21 15:13:52:566</time></pt><pt><x>278</x><y>193</y><time>21-01-21 15:13:52:758</time></pt><pt><x>277</x><y>191</y><time>21-01-21 15:13:52:936</time></pt><pt><x>277</x><y>190</y><time>21-01-21 15:13:53:110</time></pt><pt><x>277</x><y>187</y><time>21-01-21 15:13:53:299</time></pt><pt><x>278</x><y>185</y><time>21-01-21 15:13:53:534</time></pt><pt><x>278</x><y>184</y><time>21-01-21 15:13:53:709</time></pt><pt><x>278</x><y>181</y><time>21-01-21 15:13:53:897</time></pt><pt><x>272</x><y>142</y><time>21-01-21 15:13:55:241</time></pt><pt><x>267</x><y>129</y><time>21-01-21 15:13:55:959</time></pt><pt><x>265</x><y>124</y><time>21-01-21 15:13:56:408</time></pt><pt><x>265</x><y>121</y><time>21-01-21 15:13:56:792</time></pt><pt><x>265</x><y>119</y><time>21-01-21 15:13:57:091</time></pt><pt><x>264</x><y>116</y><time>21-01-21 15:13:57:439</time></pt><pt><x>262</x><y>115</y><time>21-01-21 15:13:57:775</time></pt><pt><x>260</x><y>115</y><time>21-01-21 15:13:58:075</time></pt><pt><x>258</x><y>115</y><time>21-01-21 15:14:01:509</time></pt><pt><x>256</x><y>114</y><time>21-01-21 15:14:01:759</time></pt><pt><x>254</x><y>114</y><time>21-01-21 15:14:02:002</time></pt><pt><x>253</x><y>114</y><time>21-01-21 15:14:02:272</time></pt><pt><x>251</x><y>114</y><time>21-01-21 15:14:02:531</time></pt><pt><x>252</x><y>112</y><time>21-01-21 15:14:02:776</time></pt><pt><x>253</x><y>110</y><time>21-01-21 15:14:02:970</time></pt><pt><x>254</x><y>109</y><time>21-01-21 15:14:03:152</time></pt><pt><x>256</x><y>109</y><time>21-01-21 15:14:03:355</time></pt><pt><x>257</x><y>106</y><time>21-01-21 15:14:03:554</time></pt><pt><x>258</x><y>104</y><time>21-01-21 15:14:03:759</time></pt><pt><x>258</x><y>101</y><time>21-01-21 15:14:04:026</time></pt><pt><x>256</x><y>101</y><time>21-01-21 15:14:04:215</time></pt><pt><x>256</x><y>98</y><time>21-01-21 15:14:04:412</time></pt><pt><x>256</x><y>96</y><time>21-01-21 15:14:04:591</time></pt><pt><x>256</x><y>93</y><time>21-01-21 15:14:04:790</time></pt><pt><x>257</x><y>90</y><time>21-01-21 15:14:05:803</time></pt><pt><x>256</x><y>88</y><time>21-01-21 15:14:06:056</time></pt><pt><x>254</x><y>87</y><time>21-01-21 15:14:06:253</time></pt><pt><x>253</x><y>86</y><time>21-01-21 15:14:06:544</time></pt><pt><x>251</x><y>84</y><time>21-01-21 15:14:06:822</time></pt><closed_date>21-01-21 15:14:07:325</closed_date></polygon></object><object><name>person</name><deleted>0</deleted><verified>0</verified><occluded>no</occluded><attributes></attributes><parts><hasparts></hasparts><ispartof></ispartof></parts><date>21-01-21 15:15:54:440</date><id>2</id><polygon><username>7hao</username><pt><x>434</x><y>203</y><time>21-01-21 15:15:05:695</time></pt><pt><x>434</x><y>207</y><time>21-01-21 15:15:06:258</time></pt><pt><x>434</x><y>210</y><time>21-01-21 15:15:06:572</time></pt><pt><x>434</x><y>214</y><time>21-01-21 15:15:06:887</time></pt><pt><x>434</x><y>216</y><time>21-01-21 15:15:07:147</time></pt><pt><x>434</x><y>218</y><time>21-01-21 15:15:07:350</time></pt><pt><x>434</x><y>222</y><time>21-01-21 15:15:07:618</time></pt><pt><x>434</x><y>224</y><time>21-01-21 15:15:07:879</time></pt><pt><x>434</x><y>227</y><time>21-01-21 15:15:08:106</time></pt><pt><x>433</x><y>231</y><time>21-01-21 15:15:08:334</time></pt><pt><x>431</x><y>238</y><time>21-01-21 15:15:08:989</time></pt><pt><x>430</x><y>241</y><time>21-01-21 15:15:09:358</time></pt><pt><x>429</x><y>244</y><time>21-01-21 15:15:09:586</time></pt><pt><x>429</x><y>247</y><time>21-01-21 15:15:09:817</time></pt><pt><x>429</x><y>253</y><time>21-01-21 15:15:11:121</time></pt><pt><x>428</x><y>259</y><time>21-01-21 15:15:11:571</time></pt><pt><x>428</x><y>262</y><time>21-01-21 15:15:11:868</time></pt><pt><x>427</x><y>266</y><time>21-01-21 15:15:12:128</time></pt><pt><x>425</x><y>268</y><time>21-01-21 15:15:12:336</time></pt><pt><x>423</x><y>269</y><time>21-01-21 15:15:12:507</time></pt><pt><x>423</x><y>270</y><time>21-01-21 15:15:12:656</time></pt><pt><x>423</x><y>272</y><time>21-01-21 15:15:12:815</time></pt><pt><x>423</x><y>275</y><time>21-01-21 15:15:13:050</time></pt><pt><x>424</x><y>276</y><time>21-01-21 15:15:13:302</time></pt><pt><x>427</x><y>276</y><time>21-01-21 15:15:13:514</time></pt><pt><x>431</x><y>276</y><time>21-01-21 15:15:13:916</time></pt><pt><x>437</x><y>276</y><time>21-01-21 15:15:14:224</time></pt><pt><x>439</x><y>276</y><time>21-01-21 15:15:14:568</time></pt><pt><x>440</x><y>275</y><time>21-01-21 15:15:15:215</time></pt><pt><x>440</x><y>274</y><time>21-01-21 15:15:15:890</time></pt><pt><x>440</x><y>272</y><time>21-01-21 15:15:16:214</time></pt><pt><x>440</x><y>270</y><time>21-01-21 15:15:16:553</time></pt><pt><x>440</x><y>268</y><time>21-01-21 15:15:17:001</time></pt><pt><x>440</x><y>266</y><time>21-01-21 15:15:17:409</time></pt><pt><x>439</x><y>266</y><time>21-01-21 15:15:17:654</time></pt><pt><x>438</x><y>265</y><time>21-01-21 15:15:17:923</time></pt><pt><x>437</x><y>264</y><time>21-01-21 15:15:18:182</time></pt><pt><x>436</x><y>262</y><time>21-01-21 15:15:18:385</time></pt><pt><x>437</x><y>260</y><time>21-01-21 15:15:18:608</time></pt><pt><x>438</x><y>256</y><time>21-01-21 15:15:18:900</time></pt><pt><x>439</x><y>251</y><time>21-01-21 15:15:19:285</time></pt><pt><x>440</x><y>249</y><time>21-01-21 15:15:19:614</time></pt><pt><x>440</x><y>246</y><time>21-01-21 15:15:19:943</time></pt><pt><x>440</x><y>244</y><time>21-01-21 15:15:20:391</time></pt><pt><x>441</x><y>241</y><time>21-01-21 15:15:20:820</time></pt><pt><x>441</x><y>239</y><time>21-01-21 15:15:21:347</time></pt><pt><x>442</x><y>237</y><time>21-01-21 15:15:23:447</time></pt><pt><x>443</x><y>234</y><time>21-01-21 15:15:23:898</time></pt><pt><x>444</x><y>231</y><time>21-01-21 15:15:24:352</time></pt><pt><x>444</x><y>229</y><time>21-01-21 15:15:24:697</time></pt><pt><x>444</x><y>226</y><time>21-01-21 15:15:25:186</time></pt><pt><x>445</x><y>224</y><time>21-01-21 15:15:25:761</time></pt><pt><x>446</x><y>221</y><time>21-01-21 15:15:27:674</time></pt><pt><x>445</x><y>217</y><time>21-01-21 15:15:28:533</time></pt><pt><x>444</x><y>212</y><time>21-01-21 15:15:29:176</time></pt><pt><x>444</x><y>210</y><time>21-01-21 15:15:29:721</time></pt><pt><x>444</x><y>207</y><time>21-01-21 15:15:30:396</time></pt><pt><x>445</x><y>204</y><time>21-01-21 15:15:31:450</time></pt><pt><x>445</x><y>201</y><time>21-01-21 15:15:32:043</time></pt><pt><x>445</x><y>198</y><time>21-01-21 15:15:32:648</time></pt><pt><x>444</x><y>195</y><time>21-01-21 15:15:33:474</time></pt><pt><x>443</x><y>194</y><time>21-01-21 15:15:34:008</time></pt><pt><x>442</x><y>194</y><time>21-01-21 15:15:34:601</time></pt><pt><x>439</x><y>195</y><time>21-01-21 15:15:35:244</time></pt><pt><x>437</x><y>195</y><time>21-01-21 15:15:35:766</time></pt><pt><x>435</x><y>194</y><time>21-01-21 15:15:36:449</time></pt><pt><x>434</x><y>193</y><time>21-01-21 15:15:38:030</time></pt><pt><x>433</x><y>191</y><time>21-01-21 15:15:38:635</time></pt><pt><x>433</x><y>189</y><time>21-01-21 15:15:39:392</time></pt><pt><x>433</x><y>186</y><time>21-01-21 15:15:40:085</time></pt><pt><x>431</x><y>180</y><time>21-01-21 15:15:41:881</time></pt><pt><x>431</x><y>178</y><time>21-01-21 15:15:42:502</time></pt><pt><x>431</x><y>175</y><time>21-01-21 15:15:43:219</time></pt><pt><x>430</x><y>172</y><time>21-01-21 15:15:43:767</time></pt><pt><x>430</x><y>170</y><time>21-01-21 15:15:44:323</time></pt><pt><x>430</x><y>168</y><time>21-01-21 15:15:44:942</time></pt><pt><x>429</x><y>166</y><time>21-01-21 15:15:45:459</time></pt><pt><x>429</x><y>172</y><time>21-01-21 15:15:46:310</time></pt><pt><x>428</x><y>177</y><time>21-01-21 15:15:47:050</time></pt><pt><x>428</x><y>182</y><time>21-01-21 15:15:47:545</time></pt><pt><x>428</x><y>187</y><time>21-01-21 15:15:47:942</time></pt><pt><x>429</x><y>190</y><time>21-01-21 15:15:48:350</time></pt><pt><x>429</x><y>194</y><time>21-01-21 15:15:48:797</time></pt><pt><x>431</x><y>197</y><time>21-01-21 15:15:49:161</time></pt><pt><x>432</x><y>199</y><time>21-01-21 15:15:49:560</time></pt><pt><x>433</x><y>200</y><time>21-01-21 15:15:50:003</time></pt><pt><x>434</x><y>202</y><time>21-01-21 15:15:50:442</time></pt><closed_date>21-01-21 15:15:50:931</closed_date></polygon></object></annotation>