<annotation><filename>frame0068.jpg</filename><folder>users/lab605//7hao/human_20210119_4</folder><source><submittedBy>lab605</submittedBy></source><imagesize><nrows>480</nrows><ncols>640</ncols></imagesize><object><name>person</name><deleted>0</deleted><verified>0</verified><occluded>no</occluded><attributes></attributes><parts><hasparts></hasparts><ispartof></ispartof></parts><date>26-01-21 14:08:45:715</date><id>0</id><polygon><username>7hao</username><pt><x>201</x><y>0</y><time>26-01-21 14:07:31:273</time></pt><pt><x>202</x><y>4</y><time>26-01-21 14:07:31:668</time></pt><pt><x>204</x><y>8</y><time>26-01-21 14:07:31:984</time></pt><pt><x>205</x><y>12</y><time>26-01-21 14:07:32:266</time></pt><pt><x>207</x><y>15</y><time>26-01-21 14:07:33:226</time></pt><pt><x>206</x><y>17</y><time>26-01-21 14:07:33:563</time></pt><pt><x>204</x><y>16</y><time>26-01-21 14:07:33:768</time></pt><pt><x>199</x><y>16</y><time>26-01-21 14:07:34:114</time></pt><pt><x>194</x><y>17</y><time>26-01-21 14:07:34:436</time></pt><pt><x>191</x><y>21</y><time>26-01-21 14:07:34:712</time></pt><pt><x>190</x><y>25</y><time>26-01-21 14:07:34:894</time></pt><pt><x>189</x><y>27</y><time>26-01-21 14:07:35:255</time></pt><pt><x>176</x><y>33</y><time>26-01-21 14:07:35:984</time></pt><pt><x>170</x><y>36</y><time>26-01-21 14:07:36:345</time></pt><pt><x>165</x><y>45</y><time>26-01-21 14:07:36:764</time></pt><pt><x>160</x><y>59</y><time>26-01-21 14:07:37:236</time></pt><pt><x>156</x><y>74</y><time>26-01-21 14:07:38:376</time></pt><pt><x>156</x><y>83</y><time>26-01-21 14:07:38:698</time></pt><pt><x>154</x><y>102</y><time>26-01-21 14:07:40:066</time></pt><pt><x>155</x><y>109</y><time>26-01-21 14:07:40:429</time></pt><pt><x>156</x><y>113</y><time>26-01-21 14:07:40:592</time></pt><pt><x>159</x><y>120</y><time>26-01-21 14:07:40:900</time></pt><pt><x>162</x><y>130</y><time>26-01-21 14:07:41:591</time></pt><pt><x>163</x><y>137</y><time>26-01-21 14:07:42:898</time></pt><pt><x>165</x><y>142</y><time>26-01-21 14:07:43:056</time></pt><pt><x>168</x><y>144</y><time>26-01-21 14:07:43:214</time></pt><pt><x>170</x><y>149</y><time>26-01-21 14:07:43:470</time></pt><pt><x>172</x><y>152</y><time>26-01-21 14:07:44:170</time></pt><pt><x>174</x><y>159</y><time>26-01-21 14:07:44:524</time></pt><pt><x>173</x><y>164</y><time>26-01-21 14:07:45:554</time></pt><pt><x>174</x><y>170</y><time>26-01-21 14:07:45:729</time></pt><pt><x>176</x><y>175</y><time>26-01-21 14:07:45:903</time></pt><pt><x>172</x><y>189</y><time>26-01-21 14:07:47:597</time></pt><pt><x>170</x><y>196</y><time>26-01-21 14:07:47:920</time></pt><pt><x>170</x><y>198</y><time>26-01-21 14:07:48:063</time></pt><pt><x>172</x><y>201</y><time>26-01-21 14:07:48:322</time></pt><pt><x>176</x><y>202</y><time>26-01-21 14:07:48:502</time></pt><pt><x>177</x><y>208</y><time>26-01-21 14:07:49:028</time></pt><pt><x>177</x><y>222</y><time>26-01-21 14:07:50:396</time></pt><pt><x>174</x><y>229</y><time>26-01-21 14:07:50:791</time></pt><pt><x>172</x><y>240</y><time>26-01-21 14:07:51:215</time></pt><pt><x>168</x><y>256</y><time>26-01-21 14:07:52:472</time></pt><pt><x>168</x><y>267</y><time>26-01-21 14:07:52:811</time></pt><pt><x>169</x><y>275</y><time>26-01-21 14:07:53:157</time></pt><pt><x>170</x><y>286</y><time>26-01-21 14:07:54:168</time></pt><pt><x>170</x><y>294</y><time>26-01-21 14:07:54:408</time></pt><pt><x>168</x><y>299</y><time>26-01-21 14:07:54:698</time></pt><pt><x>166</x><y>302</y><time>26-01-21 14:07:54:862</time></pt><pt><x>163</x><y>307</y><time>26-01-21 14:07:55:326</time></pt><pt><x>161</x><y>310</y><time>26-01-21 14:07:55:666</time></pt><pt><x>160</x><y>312</y><time>26-01-21 14:07:55:830</time></pt><pt><x>159</x><y>314</y><time>26-01-21 14:07:55:994</time></pt><pt><x>159</x><y>317</y><time>26-01-21 14:07:56:208</time></pt><pt><x>162</x><y>320</y><time>26-01-21 14:07:56:588</time></pt><pt><x>164</x><y>321</y><time>26-01-21 14:07:56:845</time></pt><pt><x>166</x><y>322</y><time>26-01-21 14:07:57:025</time></pt><pt><x>169</x><y>322</y><time>26-01-21 14:07:57:302</time></pt><pt><x>175</x><y>323</y><time>26-01-21 14:07:57:560</time></pt><pt><x>180</x><y>323</y><time>26-01-21 14:07:57:818</time></pt><pt><x>183</x><y>321</y><time>26-01-21 14:07:58:070</time></pt><pt><x>184</x><y>313</y><time>26-01-21 14:07:58:338</time></pt><pt><x>184</x><y>307</y><time>26-01-21 14:07:58:600</time></pt><pt><x>184</x><y>303</y><time>26-01-21 14:07:58:786</time></pt><pt><x>181</x><y>296</y><time>26-01-21 14:07:59:022</time></pt><pt><x>182</x><y>285</y><time>26-01-21 14:07:59:438</time></pt><pt><x>187</x><y>270</y><time>26-01-21 14:08:00:044</time></pt><pt><x>192</x><y>257</y><time>26-01-21 14:08:00:990</time></pt><pt><x>194</x><y>247</y><time>26-01-21 14:08:01:256</time></pt><pt><x>194</x><y>242</y><time>26-01-21 14:08:01:452</time></pt><pt><x>194</x><y>236</y><time>26-01-21 14:08:01:712</time></pt><pt><x>196</x><y>233</y><time>26-01-21 14:08:01:963</time></pt><pt><x>200</x><y>225</y><time>26-01-21 14:08:02:382</time></pt><pt><x>202</x><y>211</y><time>26-01-21 14:08:03:449</time></pt><pt><x>204</x><y>206</y><time>26-01-21 14:08:03:668</time></pt><pt><x>205</x><y>204</y><time>26-01-21 14:08:03:793</time></pt><pt><x>206</x><y>196</y><time>26-01-21 14:08:04:612</time></pt><pt><x>211</x><y>184</y><time>26-01-21 14:08:05:188</time></pt><pt><x>215</x><y>180</y><time>26-01-21 14:08:05:588</time></pt><pt><x>218</x><y>179</y><time>26-01-21 14:08:05:792</time></pt><pt><x>220</x><y>180</y><time>26-01-21 14:08:06:020</time></pt><pt><x>222</x><y>184</y><time>26-01-21 14:08:06:342</time></pt><pt><x>223</x><y>191</y><time>26-01-21 14:08:06:636</time></pt><pt><x>223</x><y>195</y><time>26-01-21 14:08:06:855</time></pt><pt><x>224</x><y>201</y><time>26-01-21 14:08:07:197</time></pt><pt><x>225</x><y>204</y><time>26-01-21 14:08:07:407</time></pt><pt><x>228</x><y>205</y><time>26-01-21 14:08:07:619</time></pt><pt><x>233</x><y>206</y><time>26-01-21 14:08:07:820</time></pt><pt><x>236</x><y>209</y><time>26-01-21 14:08:08:089</time></pt><pt><x>239</x><y>221</y><time>26-01-21 14:08:08:582</time></pt><pt><x>243</x><y>228</y><time>26-01-21 14:08:08:936</time></pt><pt><x>248</x><y>234</y><time>26-01-21 14:08:09:322</time></pt><pt><x>255</x><y>248</y><time>26-01-21 14:08:10:856</time></pt><pt><x>259</x><y>254</y><time>26-01-21 14:08:11:132</time></pt><pt><x>261</x><y>261</y><time>26-01-21 14:08:11:312</time></pt><pt><x>265</x><y>268</y><time>26-01-21 14:08:11:602</time></pt><pt><x>269</x><y>274</y><time>26-01-21 14:08:11:838</time></pt><pt><x>273</x><y>283</y><time>26-01-21 14:08:13:104</time></pt><pt><x>274</x><y>290</y><time>26-01-21 14:08:13:285</time></pt><pt><x>274</x><y>295</y><time>26-01-21 14:08:13:445</time></pt><pt><x>273</x><y>300</y><time>26-01-21 14:08:13:678</time></pt><pt><x>273</x><y>303</y><time>26-01-21 14:08:13:820</time></pt><pt><x>273</x><y>308</y><time>26-01-21 14:08:14:078</time></pt><pt><x>272</x><y>312</y><time>26-01-21 14:08:14:253</time></pt><pt><x>271</x><y>316</y><time>26-01-21 14:08:14:566</time></pt><pt><x>271</x><y>319</y><time>26-01-21 14:08:14:756</time></pt><pt><x>275</x><y>320</y><time>26-01-21 14:08:15:006</time></pt><pt><x>289</x><y>319</y><time>26-01-21 14:08:18:096</time></pt><pt><x>293</x><y>317</y><time>26-01-21 14:08:18:466</time></pt><pt><x>296</x><y>313</y><time>26-01-21 14:08:18:749</time></pt><pt><x>297</x><y>311</y><time>26-01-21 14:08:18:962</time></pt><pt><x>298</x><y>306</y><time>26-01-21 14:08:19:153</time></pt><pt><x>295</x><y>298</y><time>26-01-21 14:08:19:456</time></pt><pt><x>290</x><y>291</y><time>26-01-21 14:08:19:748</time></pt><pt><x>287</x><y>286</y><time>26-01-21 14:08:20:006</time></pt><pt><x>285</x><y>270</y><time>26-01-21 14:08:21:140</time></pt><pt><x>280</x><y>255</y><time>26-01-21 14:08:21:596</time></pt><pt><x>276</x><y>239</y><time>26-01-21 14:08:25:330</time></pt><pt><x>271</x><y>231</y><time>26-01-21 14:08:25:660</time></pt><pt><x>266</x><y>222</y><time>26-01-21 14:08:26:284</time></pt><pt><x>262</x><y>218</y><time>26-01-21 14:08:26:574</time></pt><pt><x>261</x><y>215</y><time>26-01-21 14:08:26:752</time></pt><pt><x>259</x><y>209</y><time>26-01-21 14:08:27:132</time></pt><pt><x>260</x><y>201</y><time>26-01-21 14:08:27:626</time></pt><pt><x>257</x><y>176</y><time>26-01-21 14:08:28:930</time></pt><pt><x>258</x><y>169</y><time>26-01-21 14:08:29:238</time></pt><pt><x>259</x><y>162</y><time>26-01-21 14:08:29:536</time></pt><pt><x>261</x><y>151</y><time>26-01-21 14:08:29:915</time></pt><pt><x>264</x><y>148</y><time>26-01-21 14:08:30:159</time></pt><pt><x>266</x><y>143</y><time>26-01-21 14:08:30:465</time></pt><pt><x>267</x><y>140</y><time>26-01-21 14:08:30:660</time></pt><pt><x>268</x><y>115</y><time>26-01-21 14:08:32:076</time></pt><pt><x>268</x><y>100</y><time>26-01-21 14:08:32:721</time></pt><pt><x>266</x><y>69</y><time>26-01-21 14:08:33:742</time></pt><pt><x>263</x><y>56</y><time>26-01-21 14:08:34:185</time></pt><pt><x>257</x><y>42</y><time>26-01-21 14:08:35:198</time></pt><pt><x>251</x><y>37</y><time>26-01-21 14:08:35:646</time></pt><pt><x>245</x><y>33</y><time>26-01-21 14:08:35:944</time></pt><pt><x>243</x><y>31</y><time>26-01-21 14:08:36:118</time></pt><pt><x>240</x><y>29</y><time>26-01-21 14:08:36:376</time></pt><pt><x>239</x><y>26</y><time>26-01-21 14:08:36:584</time></pt><pt><x>239</x><y>23</y><time>26-01-21 14:08:36:771</time></pt><pt><x>236</x><y>21</y><time>26-01-21 14:08:37:768</time></pt><pt><x>236</x><y>14</y><time>26-01-21 14:08:39:326</time></pt><pt><x>236</x><y>10</y><time>26-01-21 14:08:39:514</time></pt><pt><x>238</x><y>4</y><time>26-01-21 14:08:39:790</time></pt><pt><x>239</x><y>2</y><time>26-01-21 14:08:39:978</time></pt><pt><x>238</x><y>0</y><time>26-01-21 14:08:41:378</time></pt><pt><x>238</x><y>0</y><time>26-01-21 14:08:41:913</time></pt><closed_date>26-01-21 14:08:43:119</closed_date></polygon></object><object><name>person</name><deleted>0</deleted><verified>0</verified><occluded>no</occluded><attributes></attributes><parts><hasparts></hasparts><ispartof></ispartof></parts><date>26-01-21 14:09:49:238</date><id>1</id><polygon><username>7hao</username><pt><x>402</x><y>68</y><time>26-01-21 14:08:49:564</time></pt><pt><x>391</x><y>66</y><time>26-01-21 14:08:50:075</time></pt><pt><x>384</x><y>69</y><time>26-01-21 14:08:50:789</time></pt><pt><x>378</x><y>73</y><time>26-01-21 14:08:51:168</time></pt><pt><x>376</x><y>75</y><time>26-01-21 14:08:51:413</time></pt><pt><x>375</x><y>80</y><time>26-01-21 14:08:51:608</time></pt><pt><x>376</x><y>85</y><time>26-01-21 14:08:51:868</time></pt><pt><x>378</x><y>87</y><time>26-01-21 14:08:52:130</time></pt><pt><x>379</x><y>89</y><time>26-01-21 14:08:52:276</time></pt><pt><x>381</x><y>93</y><time>26-01-21 14:08:52:528</time></pt><pt><x>382</x><y>94</y><time>26-01-21 14:08:52:694</time></pt><pt><x>384</x><y>97</y><time>26-01-21 14:08:52:882</time></pt><pt><x>384</x><y>101</y><time>26-01-21 14:08:53:188</time></pt><pt><x>383</x><y>104</y><time>26-01-21 14:08:53:575</time></pt><pt><x>381</x><y>104</y><time>26-01-21 14:08:53:762</time></pt><pt><x>373</x><y>105</y><time>26-01-21 14:08:54:258</time></pt><pt><x>367</x><y>107</y><time>26-01-21 14:08:54:642</time></pt><pt><x>363</x><y>110</y><time>26-01-21 14:08:54:928</time></pt><pt><x>360</x><y>117</y><time>26-01-21 14:08:55:342</time></pt><pt><x>357</x><y>127</y><time>26-01-21 14:08:56:498</time></pt><pt><x>353</x><y>136</y><time>26-01-21 14:08:56:900</time></pt><pt><x>353</x><y>144</y><time>26-01-21 14:08:57:252</time></pt><pt><x>355</x><y>148</y><time>26-01-21 14:08:57:552</time></pt><pt><x>363</x><y>149</y><time>26-01-21 14:08:57:931</time></pt><pt><x>367</x><y>147</y><time>26-01-21 14:08:58:363</time></pt><pt><x>367</x><y>155</y><time>26-01-21 14:08:59:737</time></pt><pt><x>364</x><y>161</y><time>26-01-21 14:09:00:013</time></pt><pt><x>364</x><y>166</y><time>26-01-21 14:09:00:178</time></pt><pt><x>364</x><y>173</y><time>26-01-21 14:09:00:436</time></pt><pt><x>365</x><y>176</y><time>26-01-21 14:09:00:610</time></pt><pt><x>364</x><y>180</y><time>26-01-21 14:09:00:972</time></pt><pt><x>363</x><y>186</y><time>26-01-21 14:09:01:396</time></pt><pt><x>361</x><y>212</y><time>26-01-21 14:09:03:144</time></pt><pt><x>362</x><y>221</y><time>26-01-21 14:09:03:497</time></pt><pt><x>363</x><y>227</y><time>26-01-21 14:09:03:708</time></pt><pt><x>363</x><y>233</y><time>26-01-21 14:09:04:006</time></pt><pt><x>363</x><y>239</y><time>26-01-21 14:09:04:414</time></pt><pt><x>362</x><y>242</y><time>26-01-21 14:09:04:730</time></pt><pt><x>360</x><y>248</y><time>26-01-21 14:09:06:781</time></pt><pt><x>360</x><y>255</y><time>26-01-21 14:09:07:073</time></pt><pt><x>360</x><y>265</y><time>26-01-21 14:09:07:466</time></pt><pt><x>360</x><y>271</y><time>26-01-21 14:09:07:686</time></pt><pt><x>360</x><y>275</y><time>26-01-21 14:09:07:882</time></pt><pt><x>360</x><y>277</y><time>26-01-21 14:09:08:070</time></pt><pt><x>361</x><y>280</y><time>26-01-21 14:09:08:236</time></pt><pt><x>361</x><y>282</y><time>26-01-21 14:09:08:449</time></pt><pt><x>360</x><y>287</y><time>26-01-21 14:09:08:802</time></pt><pt><x>357</x><y>291</y><time>26-01-21 14:09:09:054</time></pt><pt><x>355</x><y>295</y><time>26-01-21 14:09:09:416</time></pt><pt><x>355</x><y>299</y><time>26-01-21 14:09:09:902</time></pt><pt><x>356</x><y>300</y><time>26-01-21 14:09:10:162</time></pt><pt><x>360</x><y>300</y><time>26-01-21 14:09:10:382</time></pt><pt><x>363</x><y>300</y><time>26-01-21 14:09:10:586</time></pt><pt><x>368</x><y>300</y><time>26-01-21 14:09:10:915</time></pt><pt><x>370</x><y>300</y><time>26-01-21 14:09:11:270</time></pt><pt><x>371</x><y>299</y><time>26-01-21 14:09:11:453</time></pt><pt><x>372</x><y>298</y><time>26-01-21 14:09:11:797</time></pt><pt><x>372</x><y>294</y><time>26-01-21 14:09:12:074</time></pt><pt><x>372</x><y>291</y><time>26-01-21 14:09:12:214</time></pt><pt><x>372</x><y>286</y><time>26-01-21 14:09:12:523</time></pt><pt><x>376</x><y>275</y><time>26-01-21 14:09:13:070</time></pt><pt><x>378</x><y>265</y><time>26-01-21 14:09:13:416</time></pt><pt><x>378</x><y>254</y><time>26-01-21 14:09:13:888</time></pt><pt><x>382</x><y>226</y><time>26-01-21 14:09:14:997</time></pt><pt><x>385</x><y>216</y><time>26-01-21 14:09:15:610</time></pt><pt><x>386</x><y>231</y><time>26-01-21 14:09:16:585</time></pt><pt><x>386</x><y>245</y><time>26-01-21 14:09:17:371</time></pt><pt><x>386</x><y>255</y><time>26-01-21 14:09:17:875</time></pt><pt><x>386</x><y>275</y><time>26-01-21 14:09:19:084</time></pt><pt><x>386</x><y>279</y><time>26-01-21 14:09:19:338</time></pt><pt><x>387</x><y>283</y><time>26-01-21 14:09:19:516</time></pt><pt><x>388</x><y>288</y><time>26-01-21 14:09:19:801</time></pt><pt><x>388</x><y>291</y><time>26-01-21 14:09:19:982</time></pt><pt><x>386</x><y>297</y><time>26-01-21 14:09:20:342</time></pt><pt><x>388</x><y>299</y><time>26-01-21 14:09:20:648</time></pt><pt><x>391</x><y>299</y><time>26-01-21 14:09:20:823</time></pt><pt><x>395</x><y>300</y><time>26-01-21 14:09:21:077</time></pt><pt><x>398</x><y>301</y><time>26-01-21 14:09:21:262</time></pt><pt><x>403</x><y>301</y><time>26-01-21 14:09:21:412</time></pt><pt><x>408</x><y>299</y><time>26-01-21 14:09:21:897</time></pt><pt><x>408</x><y>296</y><time>26-01-21 14:09:22:165</time></pt><pt><x>404</x><y>292</y><time>26-01-21 14:09:22:558</time></pt><pt><x>401</x><y>288</y><time>26-01-21 14:09:22:794</time></pt><pt><x>400</x><y>285</y><time>26-01-21 14:09:23:006</time></pt><pt><x>400</x><y>279</y><time>26-01-21 14:09:23:196</time></pt><pt><x>401</x><y>272</y><time>26-01-21 14:09:23:510</time></pt><pt><x>402</x><y>267</y><time>26-01-21 14:09:23:714</time></pt><pt><x>403</x><y>254</y><time>26-01-21 14:09:24:131</time></pt><pt><x>404</x><y>242</y><time>26-01-21 14:09:25:293</time></pt><pt><x>405</x><y>234</y><time>26-01-21 14:09:25:506</time></pt><pt><x>405</x><y>229</y><time>26-01-21 14:09:25:672</time></pt><pt><x>407</x><y>216</y><time>26-01-21 14:09:25:986</time></pt><pt><x>409</x><y>206</y><time>26-01-21 14:09:26:385</time></pt><pt><x>412</x><y>194</y><time>26-01-21 14:09:27:424</time></pt><pt><x>412</x><y>186</y><time>26-01-21 14:09:27:842</time></pt><pt><x>412</x><y>182</y><time>26-01-21 14:09:27:998</time></pt><pt><x>412</x><y>177</y><time>26-01-21 14:09:28:164</time></pt><pt><x>411</x><y>170</y><time>26-01-21 14:09:28:407</time></pt><pt><x>413</x><y>168</y><time>26-01-21 14:09:28:588</time></pt><pt><x>413</x><y>163</y><time>26-01-21 14:09:28:886</time></pt><pt><x>412</x><y>161</y><time>26-01-21 14:09:29:019</time></pt><pt><x>412</x><y>158</y><time>26-01-21 14:09:29:224</time></pt><pt><x>411</x><y>150</y><time>26-01-21 14:09:30:364</time></pt><pt><x>413</x><y>143</y><time>26-01-21 14:09:30:626</time></pt><pt><x>415</x><y>141</y><time>26-01-21 14:09:30:930</time></pt><pt><x>418</x><y>150</y><time>26-01-21 14:09:31:563</time></pt><pt><x>424</x><y>165</y><time>26-01-21 14:09:32:180</time></pt><pt><x>430</x><y>180</y><time>26-01-21 14:09:33:228</time></pt><pt><x>432</x><y>183</y><time>26-01-21 14:09:33:510</time></pt><pt><x>432</x><y>186</y><time>26-01-21 14:09:33:650</time></pt><pt><x>433</x><y>190</y><time>26-01-21 14:09:33:792</time></pt><pt><x>433</x><y>194</y><time>26-01-21 14:09:34:036</time></pt><pt><x>435</x><y>198</y><time>26-01-21 14:09:34:210</time></pt><pt><x>439</x><y>199</y><time>26-01-21 14:09:34:478</time></pt><pt><x>442</x><y>198</y><time>26-01-21 14:09:34:680</time></pt><pt><x>445</x><y>193</y><time>26-01-21 14:09:34:949</time></pt><pt><x>444</x><y>189</y><time>26-01-21 14:09:35:160</time></pt><pt><x>442</x><y>186</y><time>26-01-21 14:09:35:358</time></pt><pt><x>441</x><y>183</y><time>26-01-21 14:09:35:632</time></pt><pt><x>441</x><y>179</y><time>26-01-21 14:09:35:808</time></pt><pt><x>441</x><y>171</y><time>26-01-21 14:09:36:246</time></pt><pt><x>435</x><y>148</y><time>26-01-21 14:09:37:632</time></pt><pt><x>431</x><y>136</y><time>26-01-21 14:09:38:171</time></pt><pt><x>423</x><y>116</y><time>26-01-21 14:09:39:493</time></pt><pt><x>419</x><y>111</y><time>26-01-21 14:09:39:814</time></pt><pt><x>415</x><y>108</y><time>26-01-21 14:09:40:123</time></pt><pt><x>408</x><y>106</y><time>26-01-21 14:09:40:381</time></pt><pt><x>402</x><y>105</y><time>26-01-21 14:09:40:688</time></pt><pt><x>401</x><y>103</y><time>26-01-21 14:09:40:891</time></pt><pt><x>402</x><y>99</y><time>26-01-21 14:09:41:055</time></pt><pt><x>403</x><y>97</y><time>26-01-21 14:09:41:248</time></pt><pt><x>405</x><y>92</y><time>26-01-21 14:09:41:819</time></pt><pt><x>406</x><y>89</y><time>26-01-21 14:09:42:046</time></pt><pt><x>406</x><y>87</y><time>26-01-21 14:09:42:204</time></pt><pt><x>406</x><y>85</y><time>26-01-21 14:09:42:364</time></pt><pt><x>406</x><y>80</y><time>26-01-21 14:09:42:609</time></pt><pt><x>406</x><y>76</y><time>26-01-21 14:09:42:959</time></pt><pt><x>405</x><y>73</y><time>26-01-21 14:09:43:283</time></pt><pt><x>403</x><y>70</y><time>26-01-21 14:09:43:721</time></pt><pt><x>402</x><y>69</y><time>26-01-21 14:09:44:366</time></pt><closed_date>26-01-21 14:09:47:165</closed_date></polygon></object><object><name>person</name><deleted>0</deleted><verified>0</verified><occluded>no</occluded><attributes></attributes><parts><hasparts></hasparts><ispartof></ispartof></parts><date>26-01-21 14:10:11:759</date><id>2</id><polygon><username>7hao</username><pt><x>640</x><y>19</y><time>26-01-21 14:10:00:994</time></pt><pt><x>636</x><y>21</y><time>26-01-21 14:10:01:788</time></pt><pt><x>633</x><y>28</y><time>26-01-21 14:10:02:316</time></pt><pt><x>630</x><y>37</y><time>26-01-21 14:10:02:788</time></pt><pt><x>628</x><y>45</y><time>26-01-21 14:10:03:203</time></pt><pt><x>628</x><y>48</y><time>26-01-21 14:10:03:424</time></pt><pt><x>629</x><y>55</y><time>26-01-21 14:10:03:778</time></pt><pt><x>630</x><y>56</y><time>26-01-21 14:10:04:471</time></pt><pt><x>632</x><y>59</y><time>26-01-21 14:10:04:625</time></pt><pt><x>631</x><y>64</y><time>26-01-21 14:10:04:926</time></pt><pt><x>633</x><y>65</y><time>26-01-21 14:10:05:087</time></pt><pt><x>638</x><y>67</y><time>26-01-21 14:10:05:360</time></pt><pt><x>640</x><y>68</y><time>26-01-21 14:10:07:364</time></pt><closed_date>26-01-21 14:10:09:427</closed_date></polygon></object><object><name>person</name><deleted>0</deleted><verified>0</verified><occluded>no</occluded><attributes></attributes><parts><hasparts></hasparts><ispartof></ispartof></parts><date>26-01-21 14:11:00:258</date><id>3</id><polygon><username>7hao</username><pt><x>640</x><y>75</y><time>26-01-21 14:10:17:430</time></pt><pt><x>638</x><y>76</y><time>26-01-21 14:10:21:854</time></pt><pt><x>636</x><y>83</y><time>26-01-21 14:10:22:663</time></pt><pt><x>634</x><y>92</y><time>26-01-21 14:10:23:302</time></pt><pt><x>631</x><y>103</y><time>26-01-21 14:10:23:890</time></pt><pt><x>629</x><y>115</y><time>26-01-21 14:10:24:496</time></pt><pt><x>629</x><y>121</y><time>26-01-21 14:10:25:140</time></pt><pt><x>629</x><y>124</y><time>26-01-21 14:10:25:525</time></pt><pt><x>629</x><y>129</y><time>26-01-21 14:10:27:364</time></pt><pt><x>627</x><y>133</y><time>26-01-21 14:10:27:757</time></pt><pt><x>622</x><y>139</y><time>26-01-21 14:10:28:332</time></pt><pt><x>612</x><y>149</y><time>26-01-21 14:10:29:188</time></pt><pt><x>609</x><y>153</y><time>26-01-21 14:10:29:566</time></pt><pt><x>608</x><y>156</y><time>26-01-21 14:10:29:730</time></pt><pt><x>607</x><y>160</y><time>26-01-21 14:10:30:063</time></pt><pt><x>604</x><y>163</y><time>26-01-21 14:10:30:413</time></pt><pt><x>599</x><y>166</y><time>26-01-21 14:10:30:824</time></pt><pt><x>598</x><y>168</y><time>26-01-21 14:10:31:004</time></pt><pt><x>597</x><y>173</y><time>26-01-21 14:10:31:257</time></pt><pt><x>599</x><y>176</y><time>26-01-21 14:10:31:680</time></pt><pt><x>603</x><y>176</y><time>26-01-21 14:10:31:988</time></pt><pt><x>603</x><y>177</y><time>26-01-21 14:10:32:143</time></pt><pt><x>604</x><y>178</y><time>26-01-21 14:10:32:347</time></pt><pt><x>609</x><y>176</y><time>26-01-21 14:10:32:788</time></pt><pt><x>612</x><y>172</y><time>26-01-21 14:10:33:511</time></pt><pt><x>617</x><y>166</y><time>26-01-21 14:10:33:898</time></pt><pt><x>620</x><y>161</y><time>26-01-21 14:10:34:203</time></pt><pt><x>622</x><y>160</y><time>26-01-21 14:10:34:346</time></pt><pt><x>626</x><y>159</y><time>26-01-21 14:10:34:601</time></pt><pt><x>628</x><y>158</y><time>26-01-21 14:10:34:809</time></pt><pt><x>629</x><y>160</y><time>26-01-21 14:10:34:966</time></pt><pt><x>630</x><y>162</y><time>26-01-21 14:10:35:172</time></pt><pt><x>631</x><y>164</y><time>26-01-21 14:10:35:370</time></pt><pt><x>633</x><y>168</y><time>26-01-21 14:10:35:657</time></pt><pt><x>633</x><y>170</y><time>26-01-21 14:10:35:826</time></pt><pt><x>634</x><y>172</y><time>26-01-21 14:10:36:139</time></pt><pt><x>636</x><y>173</y><time>26-01-21 14:10:36:279</time></pt><pt><x>636</x><y>176</y><time>26-01-21 14:10:36:452</time></pt><pt><x>634</x><y>189</y><time>26-01-21 14:10:38:598</time></pt><pt><x>634</x><y>194</y><time>26-01-21 14:10:38:913</time></pt><pt><x>633</x><y>196</y><time>26-01-21 14:10:39:069</time></pt><pt><x>633</x><y>199</y><time>26-01-21 14:10:39:236</time></pt><pt><x>634</x><y>205</y><time>26-01-21 14:10:39:400</time></pt><pt><x>635</x><y>212</y><time>26-01-21 14:10:39:693</time></pt><pt><x>635</x><y>221</y><time>26-01-21 14:10:39:911</time></pt><pt><x>634</x><y>228</y><time>26-01-21 14:10:40:305</time></pt><pt><x>631</x><y>238</y><time>26-01-21 14:10:41:861</time></pt><pt><x>629</x><y>247</y><time>26-01-21 14:10:42:348</time></pt><pt><x>629</x><y>253</y><time>26-01-21 14:10:42:535</time></pt><pt><x>632</x><y>263</y><time>26-01-21 14:10:42:892</time></pt><pt><x>634</x><y>264</y><time>26-01-21 14:10:44:512</time></pt><pt><x>633</x><y>269</y><time>26-01-21 14:10:44:700</time></pt><pt><x>630</x><y>272</y><time>26-01-21 14:10:44:945</time></pt><pt><x>622</x><y>282</y><time>26-01-21 14:10:45:824</time></pt><pt><x>619</x><y>290</y><time>26-01-21 14:10:46:130</time></pt><pt><x>615</x><y>296</y><time>26-01-21 14:10:46:477</time></pt><pt><x>612</x><y>303</y><time>26-01-21 14:10:47:546</time></pt><pt><x>607</x><y>304</y><time>26-01-21 14:10:47:986</time></pt><pt><x>603</x><y>305</y><time>26-01-21 14:10:48:246</time></pt><pt><x>600</x><y>306</y><time>26-01-21 14:10:48:448</time></pt><pt><x>599</x><y>311</y><time>26-01-21 14:10:48:622</time></pt><pt><x>605</x><y>313</y><time>26-01-21 14:10:48:992</time></pt><pt><x>612</x><y>313</y><time>26-01-21 14:10:49:314</time></pt><pt><x>619</x><y>314</y><time>26-01-21 14:10:49:709</time></pt><pt><x>624</x><y>315</y><time>26-01-21 14:10:49:928</time></pt><pt><x>627</x><y>316</y><time>26-01-21 14:10:50:108</time></pt><pt><x>633</x><y>317</y><time>26-01-21 14:10:50:421</time></pt><pt><x>637</x><y>318</y><time>26-01-21 14:10:50:783</time></pt><pt><x>640</x><y>317</y><time>26-01-21 14:10:51:907</time></pt><closed_date>26-01-21 14:10:57:640</closed_date></polygon></object></annotation>