<annotation><filename>frame0079.jpg</filename><folder>users/lab605//7hao/human_20210119_4</folder><source><submittedBy>lab605</submittedBy></source><imagesize><nrows>480</nrows><ncols>640</ncols></imagesize><object><name>person</name><deleted>0</deleted><verified>0</verified><occluded>no</occluded><attributes></attributes><parts><hasparts></hasparts><ispartof></ispartof></parts><date>26-01-21 14:54:05:816</date><id>0</id><polygon><username>7hao</username><pt><x>143</x><y>0</y><time>26-01-21 14:53:14:409</time></pt><pt><x>133</x><y>8</y><time>26-01-21 14:53:15:024</time></pt><pt><x>124</x><y>15</y><time>26-01-21 14:53:15:524</time></pt><pt><x>120</x><y>21</y><time>26-01-21 14:53:15:870</time></pt><pt><x>117</x><y>33</y><time>26-01-21 14:53:16:224</time></pt><pt><x>115</x><y>48</y><time>26-01-21 14:53:16:636</time></pt><pt><x>115</x><y>61</y><time>26-01-21 14:53:17:060</time></pt><pt><x>115</x><y>75</y><time>26-01-21 14:53:17:419</time></pt><pt><x>115</x><y>86</y><time>26-01-21 14:53:17:858</time></pt><pt><x>116</x><y>94</y><time>26-01-21 14:53:18:136</time></pt><pt><x>122</x><y>111</y><time>26-01-21 14:53:19:611</time></pt><pt><x>127</x><y>119</y><time>26-01-21 14:53:19:912</time></pt><pt><x>126</x><y>124</y><time>26-01-21 14:53:20:122</time></pt><pt><x>127</x><y>128</y><time>26-01-21 14:53:20:301</time></pt><pt><x>129</x><y>133</y><time>26-01-21 14:53:20:620</time></pt><pt><x>132</x><y>136</y><time>26-01-21 14:53:20:821</time></pt><pt><x>134</x><y>142</y><time>26-01-21 14:53:20:993</time></pt><pt><x>133</x><y>148</y><time>26-01-21 14:53:21:285</time></pt><pt><x>136</x><y>179</y><time>26-01-21 14:53:22:573</time></pt><pt><x>136</x><y>190</y><time>26-01-21 14:53:22:826</time></pt><pt><x>136</x><y>193</y><time>26-01-21 14:53:22:981</time></pt><pt><x>138</x><y>198</y><time>26-01-21 14:53:23:195</time></pt><pt><x>138</x><y>203</y><time>26-01-21 14:53:23:392</time></pt><pt><x>138</x><y>213</y><time>26-01-21 14:53:24:036</time></pt><pt><x>137</x><y>220</y><time>26-01-21 14:53:24:343</time></pt><pt><x>136</x><y>225</y><time>26-01-21 14:53:24:578</time></pt><pt><x>131</x><y>243</y><time>26-01-21 14:53:26:354</time></pt><pt><x>129</x><y>259</y><time>26-01-21 14:53:26:786</time></pt><pt><x>132</x><y>277</y><time>26-01-21 14:53:27:174</time></pt><pt><x>133</x><y>286</y><time>26-01-21 14:53:27:418</time></pt><pt><x>134</x><y>295</y><time>26-01-21 14:53:27:693</time></pt><pt><x>134</x><y>304</y><time>26-01-21 14:53:27:989</time></pt><pt><x>132</x><y>309</y><time>26-01-21 14:53:28:188</time></pt><pt><x>130</x><y>315</y><time>26-01-21 14:53:28:392</time></pt><pt><x>128</x><y>320</y><time>26-01-21 14:53:29:633</time></pt><pt><x>125</x><y>322</y><time>26-01-21 14:53:29:882</time></pt><pt><x>122</x><y>325</y><time>26-01-21 14:53:30:041</time></pt><pt><x>122</x><y>328</y><time>26-01-21 14:53:30:268</time></pt><pt><x>125</x><y>332</y><time>26-01-21 14:53:30:464</time></pt><pt><x>129</x><y>334</y><time>26-01-21 14:53:30:668</time></pt><pt><x>134</x><y>336</y><time>26-01-21 14:53:30:937</time></pt><pt><x>146</x><y>336</y><time>26-01-21 14:53:31:297</time></pt><pt><x>150</x><y>328</y><time>26-01-21 14:53:31:706</time></pt><pt><x>152</x><y>321</y><time>26-01-21 14:53:31:980</time></pt><pt><x>153</x><y>315</y><time>26-01-21 14:53:32:146</time></pt><pt><x>152</x><y>306</y><time>26-01-21 14:53:32:365</time></pt><pt><x>149</x><y>296</y><time>26-01-21 14:53:32:680</time></pt><pt><x>149</x><y>285</y><time>26-01-21 14:53:32:900</time></pt><pt><x>154</x><y>275</y><time>26-01-21 14:53:33:183</time></pt><pt><x>159</x><y>248</y><time>26-01-21 14:53:34:298</time></pt><pt><x>159</x><y>239</y><time>26-01-21 14:53:34:545</time></pt><pt><x>159</x><y>235</y><time>26-01-21 14:53:34:709</time></pt><pt><x>161</x><y>230</y><time>26-01-21 14:53:34:872</time></pt><pt><x>167</x><y>211</y><time>26-01-21 14:53:39:108</time></pt><pt><x>168</x><y>204</y><time>26-01-21 14:53:39:463</time></pt><pt><x>169</x><y>199</y><time>26-01-21 14:53:39:635</time></pt><pt><x>170</x><y>194</y><time>26-01-21 14:53:39:825</time></pt><pt><x>171</x><y>190</y><time>26-01-21 14:53:40:069</time></pt><pt><x>173</x><y>187</y><time>26-01-21 14:53:40:428</time></pt><pt><x>173</x><y>193</y><time>26-01-21 14:53:40:752</time></pt><pt><x>173</x><y>196</y><time>26-01-21 14:53:40:907</time></pt><pt><x>172</x><y>203</y><time>26-01-21 14:53:41:137</time></pt><pt><x>171</x><y>214</y><time>26-01-21 14:53:41:477</time></pt><pt><x>171</x><y>219</y><time>26-01-21 14:53:41:616</time></pt><pt><x>172</x><y>223</y><time>26-01-21 14:53:41:780</time></pt><pt><x>173</x><y>229</y><time>26-01-21 14:53:41:971</time></pt><pt><x>172</x><y>236</y><time>26-01-21 14:53:42:166</time></pt><pt><x>170</x><y>245</y><time>26-01-21 14:53:42:482</time></pt><pt><x>168</x><y>258</y><time>26-01-21 14:53:43:533</time></pt><pt><x>170</x><y>269</y><time>26-01-21 14:53:43:746</time></pt><pt><x>171</x><y>275</y><time>26-01-21 14:53:43:894</time></pt><pt><x>171</x><y>285</y><time>26-01-21 14:53:44:196</time></pt><pt><x>170</x><y>296</y><time>26-01-21 14:53:44:429</time></pt><pt><x>168</x><y>306</y><time>26-01-21 14:53:44:721</time></pt><pt><x>166</x><y>309</y><time>26-01-21 14:53:44:892</time></pt><pt><x>163</x><y>314</y><time>26-01-21 14:53:45:051</time></pt><pt><x>162</x><y>318</y><time>26-01-21 14:53:45:238</time></pt><pt><x>161</x><y>332</y><time>26-01-21 14:53:45:617</time></pt><pt><x>163</x><y>336</y><time>26-01-21 14:53:45:868</time></pt><pt><x>171</x><y>337</y><time>26-01-21 14:53:46:097</time></pt><pt><x>208</x><y>329</y><time>26-01-21 14:53:46:857</time></pt><pt><x>207</x><y>324</y><time>26-01-21 14:53:47:188</time></pt><pt><x>204</x><y>320</y><time>26-01-21 14:53:47:416</time></pt><pt><x>199</x><y>318</y><time>26-01-21 14:53:47:580</time></pt><pt><x>194</x><y>314</y><time>26-01-21 14:53:47:809</time></pt><pt><x>190</x><y>311</y><time>26-01-21 14:53:47:982</time></pt><pt><x>185</x><y>309</y><time>26-01-21 14:53:48:194</time></pt><pt><x>185</x><y>305</y><time>26-01-21 14:53:48:399</time></pt><pt><x>185</x><y>297</y><time>26-01-21 14:53:48:626</time></pt><pt><x>192</x><y>280</y><time>26-01-21 14:53:49:089</time></pt><pt><x>196</x><y>257</y><time>26-01-21 14:53:49:610</time></pt><pt><x>197</x><y>235</y><time>26-01-21 14:53:50:639</time></pt><pt><x>198</x><y>222</y><time>26-01-21 14:53:51:257</time></pt><pt><x>199</x><y>217</y><time>26-01-21 14:53:51:446</time></pt><pt><x>200</x><y>210</y><time>26-01-21 14:53:51:629</time></pt><pt><x>203</x><y>205</y><time>26-01-21 14:53:51:885</time></pt><pt><x>206</x><y>204</y><time>26-01-21 14:53:52:100</time></pt><pt><x>213</x><y>204</y><time>26-01-21 14:53:52:288</time></pt><pt><x>214</x><y>200</y><time>26-01-21 14:53:52:553</time></pt><pt><x>216</x><y>190</y><time>26-01-21 14:53:52:955</time></pt><pt><x>222</x><y>162</y><time>26-01-21 14:53:54:267</time></pt><pt><x>227</x><y>147</y><time>26-01-21 14:53:54:731</time></pt><pt><x>228</x><y>140</y><time>26-01-21 14:53:55:070</time></pt><pt><x>229</x><y>137</y><time>26-01-21 14:53:55:235</time></pt><pt><x>231</x><y>135</y><time>26-01-21 14:53:55:345</time></pt><pt><x>232</x><y>132</y><time>26-01-21 14:53:55:536</time></pt><pt><x>232</x><y>129</y><time>26-01-21 14:53:55:683</time></pt><pt><x>232</x><y>125</y><time>26-01-21 14:53:55:942</time></pt><pt><x>234</x><y>121</y><time>26-01-21 14:53:56:146</time></pt><pt><x>235</x><y>115</y><time>26-01-21 14:53:56:386</time></pt><pt><x>233</x><y>81</y><time>26-01-21 14:53:57:609</time></pt><pt><x>229</x><y>59</y><time>26-01-21 14:53:58:096</time></pt><pt><x>226</x><y>37</y><time>26-01-21 14:53:59:266</time></pt><pt><x>220</x><y>18</y><time>26-01-21 14:53:59:925</time></pt><pt><x>217</x><y>13</y><time>26-01-21 14:54:00:248</time></pt><pt><x>212</x><y>8</y><time>26-01-21 14:54:00:491</time></pt><pt><x>208</x><y>5</y><time>26-01-21 14:54:00:784</time></pt><pt><x>205</x><y>3</y><time>26-01-21 14:54:01:050</time></pt><pt><x>202</x><y>1</y><time>26-01-21 14:54:01:387</time></pt><pt><x>201</x><y>0</y><time>26-01-21 14:54:02:559</time></pt><closed_date>26-01-21 14:54:03:757</closed_date></polygon></object><object><name>person</name><deleted>0</deleted><verified>0</verified><occluded>no</occluded><attributes></attributes><parts><hasparts></hasparts><ispartof></ispartof></parts><date>26-01-21 14:54:57:652</date><id>1</id><polygon><username>7hao</username><pt><x>395</x><y>56</y><time>26-01-21 14:54:09:377</time></pt><pt><x>391</x><y>51</y><time>26-01-21 14:54:09:987</time></pt><pt><x>384</x><y>50</y><time>26-01-21 14:54:10:339</time></pt><pt><x>376</x><y>50</y><time>26-01-21 14:54:10:608</time></pt><pt><x>365</x><y>58</y><time>26-01-21 14:54:11:386</time></pt><pt><x>364</x><y>62</y><time>26-01-21 14:54:11:756</time></pt><pt><x>364</x><y>67</y><time>26-01-21 14:54:12:134</time></pt><pt><x>365</x><y>72</y><time>26-01-21 14:54:12:433</time></pt><pt><x>367</x><y>75</y><time>26-01-21 14:54:12:684</time></pt><pt><x>370</x><y>78</y><time>26-01-21 14:54:12:919</time></pt><pt><x>373</x><y>81</y><time>26-01-21 14:54:13:188</time></pt><pt><x>375</x><y>84</y><time>26-01-21 14:54:13:406</time></pt><pt><x>376</x><y>88</y><time>26-01-21 14:54:13:625</time></pt><pt><x>374</x><y>91</y><time>26-01-21 14:54:13:886</time></pt><pt><x>369</x><y>92</y><time>26-01-21 14:54:14:136</time></pt><pt><x>358</x><y>93</y><time>26-01-21 14:54:14:546</time></pt><pt><x>348</x><y>94</y><time>26-01-21 14:54:14:898</time></pt><pt><x>347</x><y>90</y><time>26-01-21 14:54:15:207</time></pt><pt><x>349</x><y>85</y><time>26-01-21 14:54:15:426</time></pt><pt><x>354</x><y>77</y><time>26-01-21 14:54:15:794</time></pt><pt><x>357</x><y>73</y><time>26-01-21 14:54:16:085</time></pt><pt><x>360</x><y>68</y><time>26-01-21 14:54:16:353</time></pt><pt><x>362</x><y>64</y><time>26-01-21 14:54:16:596</time></pt><pt><x>362</x><y>61</y><time>26-01-21 14:54:16:753</time></pt><pt><x>361</x><y>60</y><time>26-01-21 14:54:16:885</time></pt><pt><x>359</x><y>58</y><time>26-01-21 14:54:17:263</time></pt><pt><x>355</x><y>59</y><time>26-01-21 14:54:17:470</time></pt><pt><x>352</x><y>62</y><time>26-01-21 14:54:17:650</time></pt><pt><x>351</x><y>64</y><time>26-01-21 14:54:17:830</time></pt><pt><x>350</x><y>68</y><time>26-01-21 14:54:18:010</time></pt><pt><x>348</x><y>72</y><time>26-01-21 14:54:18:248</time></pt><pt><x>345</x><y>75</y><time>26-01-21 14:54:18:420</time></pt><pt><x>340</x><y>82</y><time>26-01-21 14:54:18:733</time></pt><pt><x>336</x><y>90</y><time>26-01-21 14:54:19:016</time></pt><pt><x>333</x><y>97</y><time>26-01-21 14:54:19:346</time></pt><pt><x>331</x><y>103</y><time>26-01-21 14:54:19:606</time></pt><pt><x>331</x><y>106</y><time>26-01-21 14:54:19:786</time></pt><pt><x>333</x><y>111</y><time>26-01-21 14:54:20:054</time></pt><pt><x>337</x><y>114</y><time>26-01-21 14:54:20:290</time></pt><pt><x>345</x><y>115</y><time>26-01-21 14:54:21:586</time></pt><pt><x>354</x><y>115</y><time>26-01-21 14:54:21:863</time></pt><pt><x>356</x><y>116</y><time>26-01-21 14:54:22:010</time></pt><pt><x>357</x><y>121</y><time>26-01-21 14:54:22:254</time></pt><pt><x>358</x><y>144</y><time>26-01-21 14:54:22:814</time></pt><pt><x>359</x><y>161</y><time>26-01-21 14:54:23:309</time></pt><pt><x>359</x><y>168</y><time>26-01-21 14:54:23:538</time></pt><pt><x>356</x><y>189</y><time>26-01-21 14:54:24:579</time></pt><pt><x>355</x><y>200</y><time>26-01-21 14:54:24:793</time></pt><pt><x>357</x><y>220</y><time>26-01-21 14:54:25:108</time></pt><pt><x>359</x><y>229</y><time>26-01-21 14:54:25:453</time></pt><pt><x>359</x><y>237</y><time>26-01-21 14:54:25:690</time></pt><pt><x>358</x><y>242</y><time>26-01-21 14:54:25:887</time></pt><pt><x>355</x><y>251</y><time>26-01-21 14:54:27:111</time></pt><pt><x>356</x><y>262</y><time>26-01-21 14:54:27:308</time></pt><pt><x>356</x><y>268</y><time>26-01-21 14:54:27:495</time></pt><pt><x>356</x><y>275</y><time>26-01-21 14:54:27:756</time></pt><pt><x>355</x><y>278</y><time>26-01-21 14:54:27:913</time></pt><pt><x>355</x><y>282</y><time>26-01-21 14:54:28:069</time></pt><pt><x>355</x><y>285</y><time>26-01-21 14:54:28:220</time></pt><pt><x>355</x><y>290</y><time>26-01-21 14:54:28:432</time></pt><pt><x>352</x><y>297</y><time>26-01-21 14:54:28:801</time></pt><pt><x>349</x><y>300</y><time>26-01-21 14:54:28:982</time></pt><pt><x>348</x><y>304</y><time>26-01-21 14:54:29:194</time></pt><pt><x>350</x><y>306</y><time>26-01-21 14:54:29:373</time></pt><pt><x>355</x><y>307</y><time>26-01-21 14:54:29:658</time></pt><pt><x>362</x><y>307</y><time>26-01-21 14:54:30:004</time></pt><pt><x>365</x><y>306</y><time>26-01-21 14:54:30:192</time></pt><pt><x>367</x><y>305</y><time>26-01-21 14:54:30:350</time></pt><pt><x>369</x><y>302</y><time>26-01-21 14:54:30:607</time></pt><pt><x>369</x><y>299</y><time>26-01-21 14:54:30:813</time></pt><pt><x>367</x><y>293</y><time>26-01-21 14:54:31:050</time></pt><pt><x>369</x><y>285</y><time>26-01-21 14:54:31:308</time></pt><pt><x>373</x><y>264</y><time>26-01-21 14:54:31:858</time></pt><pt><x>375</x><y>251</y><time>26-01-21 14:54:32:260</time></pt><pt><x>376</x><y>243</y><time>26-01-21 14:54:32:557</time></pt><pt><x>378</x><y>232</y><time>26-01-21 14:54:33:251</time></pt><pt><x>380</x><y>227</y><time>26-01-21 14:54:33:470</time></pt><pt><x>382</x><y>238</y><time>26-01-21 14:54:34:280</time></pt><pt><x>382</x><y>251</y><time>26-01-21 14:54:34:616</time></pt><pt><x>383</x><y>268</y><time>26-01-21 14:54:34:946</time></pt><pt><x>383</x><y>277</y><time>26-01-21 14:54:35:214</time></pt><pt><x>384</x><y>284</y><time>26-01-21 14:54:35:388</time></pt><pt><x>385</x><y>287</y><time>26-01-21 14:54:35:546</time></pt><pt><x>385</x><y>294</y><time>26-01-21 14:54:35:772</time></pt><pt><x>384</x><y>298</y><time>26-01-21 14:54:35:930</time></pt><pt><x>385</x><y>304</y><time>26-01-21 14:54:36:196</time></pt><pt><x>389</x><y>304</y><time>26-01-21 14:54:36:384</time></pt><pt><x>390</x><y>304</y><time>26-01-21 14:54:36:549</time></pt><pt><x>396</x><y>306</y><time>26-01-21 14:54:36:731</time></pt><pt><x>404</x><y>306</y><time>26-01-21 14:54:36:906</time></pt><pt><x>407</x><y>306</y><time>26-01-21 14:54:37:257</time></pt><pt><x>408</x><y>302</y><time>26-01-21 14:54:37:509</time></pt><pt><x>405</x><y>300</y><time>26-01-21 14:54:37:704</time></pt><pt><x>399</x><y>292</y><time>26-01-21 14:54:38:121</time></pt><pt><x>398</x><y>286</y><time>26-01-21 14:54:38:366</time></pt><pt><x>398</x><y>283</y><time>26-01-21 14:54:38:537</time></pt><pt><x>399</x><y>269</y><time>26-01-21 14:54:38:892</time></pt><pt><x>400</x><y>248</y><time>26-01-21 14:54:39:433</time></pt><pt><x>400</x><y>239</y><time>26-01-21 14:54:39:750</time></pt><pt><x>402</x><y>231</y><time>26-01-21 14:54:40:000</time></pt><pt><x>403</x><y>222</y><time>26-01-21 14:54:40:340</time></pt><pt><x>407</x><y>204</y><time>26-01-21 14:54:41:344</time></pt><pt><x>409</x><y>189</y><time>26-01-21 14:54:41:979</time></pt><pt><x>410</x><y>177</y><time>26-01-21 14:54:42:279</time></pt><pt><x>409</x><y>173</y><time>26-01-21 14:54:42:498</time></pt><pt><x>410</x><y>159</y><time>26-01-21 14:54:43:731</time></pt><pt><x>407</x><y>137</y><time>26-01-21 14:54:44:564</time></pt><pt><x>413</x><y>159</y><time>26-01-21 14:54:45:351</time></pt><pt><x>415</x><y>171</y><time>26-01-21 14:54:45:932</time></pt><pt><x>416</x><y>176</y><time>26-01-21 14:54:46:074</time></pt><pt><x>415</x><y>182</y><time>26-01-21 14:54:46:303</time></pt><pt><x>414</x><y>188</y><time>26-01-21 14:54:46:458</time></pt><pt><x>414</x><y>193</y><time>26-01-21 14:54:46:634</time></pt><pt><x>415</x><y>199</y><time>26-01-21 14:54:46:883</time></pt><pt><x>418</x><y>199</y><time>26-01-21 14:54:47:125</time></pt><pt><x>424</x><y>192</y><time>26-01-21 14:54:47:412</time></pt><pt><x>424</x><y>187</y><time>26-01-21 14:54:47:634</time></pt><pt><x>424</x><y>185</y><time>26-01-21 14:54:47:810</time></pt><pt><x>425</x><y>181</y><time>26-01-21 14:54:48:007</time></pt><pt><x>427</x><y>176</y><time>26-01-21 14:54:48:205</time></pt><pt><x>425</x><y>150</y><time>26-01-21 14:54:48:807</time></pt><pt><x>424</x><y>130</y><time>26-01-21 14:54:49:609</time></pt><pt><x>419</x><y>107</y><time>26-01-21 14:54:50:466</time></pt><pt><x>416</x><y>100</y><time>26-01-21 14:54:51:063</time></pt><pt><x>411</x><y>95</y><time>26-01-21 14:54:51:341</time></pt><pt><x>399</x><y>92</y><time>26-01-21 14:54:51:819</time></pt><pt><x>395</x><y>91</y><time>26-01-21 14:54:53:217</time></pt><pt><x>393</x><y>88</y><time>26-01-21 14:54:53:438</time></pt><pt><x>397</x><y>79</y><time>26-01-21 14:54:53:781</time></pt><pt><x>398</x><y>73</y><time>26-01-21 14:54:54:051</time></pt><pt><x>398</x><y>69</y><time>26-01-21 14:54:54:248</time></pt><pt><x>396</x><y>65</y><time>26-01-21 14:54:54:522</time></pt><pt><x>396</x><y>62</y><time>26-01-21 14:54:54:763</time></pt><pt><x>396</x><y>58</y><time>26-01-21 14:54:55:228</time></pt><closed_date>26-01-21 14:54:55:590</closed_date></polygon></object><object><name>person</name><deleted>0</deleted><verified>0</verified><occluded>no</occluded><attributes></attributes><parts><hasparts></hasparts><ispartof></ispartof></parts><date>26-01-21 14:55:42:774</date><id>2</id><polygon><username>7hao</username><pt><x>635</x><y>0</y><time>26-01-21 14:55:01:578</time></pt><pt><x>635</x><y>4</y><time>26-01-21 14:55:01:806</time></pt><pt><x>637</x><y>7</y><time>26-01-21 14:55:01:978</time></pt><pt><x>638</x><y>9</y><time>26-01-21 14:55:02:230</time></pt><pt><x>639</x><y>12</y><time>26-01-21 14:55:02:412</time></pt><pt><x>639</x><y>17</y><time>26-01-21 14:55:02:850</time></pt><pt><x>638</x><y>27</y><time>26-01-21 14:55:03:464</time></pt><pt><x>637</x><y>29</y><time>26-01-21 14:55:03:831</time></pt><pt><x>633</x><y>32</y><time>26-01-21 14:55:03:983</time></pt><pt><x>632</x><y>34</y><time>26-01-21 14:55:04:131</time></pt><pt><x>630</x><y>40</y><time>26-01-21 14:55:04:343</time></pt><pt><x>622</x><y>44</y><time>26-01-21 14:55:04:586</time></pt><pt><x>610</x><y>51</y><time>26-01-21 14:55:04:832</time></pt><pt><x>603</x><y>66</y><time>26-01-21 14:55:05:263</time></pt><pt><x>590</x><y>107</y><time>26-01-21 14:55:06:951</time></pt><pt><x>582</x><y>126</y><time>26-01-21 14:55:07:265</time></pt><pt><x>574</x><y>138</y><time>26-01-21 14:55:07:472</time></pt><pt><x>568</x><y>154</y><time>26-01-21 14:55:08:178</time></pt><pt><x>566</x><y>164</y><time>26-01-21 14:55:09:311</time></pt><pt><x>566</x><y>168</y><time>26-01-21 14:55:09:474</time></pt><pt><x>568</x><y>173</y><time>26-01-21 14:55:09:616</time></pt><pt><x>572</x><y>178</y><time>26-01-21 14:55:09:763</time></pt><pt><x>578</x><y>178</y><time>26-01-21 14:55:10:086</time></pt><pt><x>581</x><y>173</y><time>26-01-21 14:55:10:251</time></pt><pt><x>582</x><y>167</y><time>26-01-21 14:55:10:418</time></pt><pt><x>585</x><y>158</y><time>26-01-21 14:55:10:638</time></pt><pt><x>594</x><y>146</y><time>26-01-21 14:55:10:889</time></pt><pt><x>602</x><y>128</y><time>26-01-21 14:55:11:250</time></pt><pt><x>614</x><y>104</y><time>26-01-21 14:55:12:374</time></pt><pt><x>616</x><y>106</y><time>26-01-21 14:55:12:916</time></pt><pt><x>615</x><y>112</y><time>26-01-21 14:55:13:089</time></pt><pt><x>612</x><y>125</y><time>26-01-21 14:55:13:278</time></pt><pt><x>609</x><y>138</y><time>26-01-21 14:55:13:662</time></pt><pt><x>609</x><y>144</y><time>26-01-21 14:55:13:827</time></pt><pt><x>610</x><y>149</y><time>26-01-21 14:55:13:985</time></pt><pt><x>608</x><y>155</y><time>26-01-21 14:55:14:158</time></pt><pt><x>604</x><y>161</y><time>26-01-21 14:55:14:322</time></pt><pt><x>602</x><y>167</y><time>26-01-21 14:55:14:597</time></pt><pt><x>602</x><y>171</y><time>26-01-21 14:55:14:762</time></pt><pt><x>604</x><y>174</y><time>26-01-21 14:55:14:936</time></pt><pt><x>605</x><y>177</y><time>26-01-21 14:55:15:132</time></pt><pt><x>604</x><y>182</y><time>26-01-21 14:55:15:328</time></pt><pt><x>601</x><y>208</y><time>26-01-21 14:55:18:957</time></pt><pt><x>603</x><y>212</y><time>26-01-21 14:55:19:210</time></pt><pt><x>604</x><y>218</y><time>26-01-21 14:55:19:362</time></pt><pt><x>602</x><y>225</y><time>26-01-21 14:55:19:574</time></pt><pt><x>594</x><y>259</y><time>26-01-21 14:55:20:844</time></pt><pt><x>590</x><y>269</y><time>26-01-21 14:55:21:081</time></pt><pt><x>589</x><y>275</y><time>26-01-21 14:55:21:198</time></pt><pt><x>589</x><y>294</y><time>26-01-21 14:55:21:506</time></pt><pt><x>588</x><y>304</y><time>26-01-21 14:55:21:828</time></pt><pt><x>589</x><y>309</y><time>26-01-21 14:55:22:070</time></pt><pt><x>589</x><y>312</y><time>26-01-21 14:55:22:235</time></pt><pt><x>583</x><y>314</y><time>26-01-21 14:55:22:401</time></pt><pt><x>577</x><y>320</y><time>26-01-21 14:55:23:524</time></pt><pt><x>571</x><y>321</y><time>26-01-21 14:55:23:823</time></pt><pt><x>566</x><y>321</y><time>26-01-21 14:55:24:168</time></pt><pt><x>562</x><y>322</y><time>26-01-21 14:55:24:351</time></pt><pt><x>561</x><y>327</y><time>26-01-21 14:55:24:523</time></pt><pt><x>566</x><y>333</y><time>26-01-21 14:55:24:712</time></pt><pt><x>582</x><y>335</y><time>26-01-21 14:55:24:986</time></pt><pt><x>602</x><y>337</y><time>26-01-21 14:55:25:299</time></pt><pt><x>614</x><y>338</y><time>26-01-21 14:55:25:481</time></pt><pt><x>622</x><y>338</y><time>26-01-21 14:55:25:763</time></pt><pt><x>623</x><y>335</y><time>26-01-21 14:55:25:960</time></pt><pt><x>623</x><y>331</y><time>26-01-21 14:55:26:118</time></pt><pt><x>622</x><y>328</y><time>26-01-21 14:55:26:273</time></pt><pt><x>623</x><y>325</y><time>26-01-21 14:55:26:457</time></pt><pt><x>626</x><y>322</y><time>26-01-21 14:55:29:543</time></pt><pt><x>627</x><y>315</y><time>26-01-21 14:55:29:748</time></pt><pt><x>627</x><y>307</y><time>26-01-21 14:55:29:942</time></pt><pt><x>632</x><y>291</y><time>26-01-21 14:55:30:683</time></pt><pt><x>637</x><y>275</y><time>26-01-21 14:55:31:241</time></pt><pt><x>638</x><y>242</y><time>26-01-21 14:55:32:489</time></pt><pt><x>638</x><y>235</y><time>26-01-21 14:55:32:828</time></pt><pt><x>639</x><y>232</y><time>26-01-21 14:55:33:031</time></pt><pt><x>639</x><y>228</y><time>26-01-21 14:55:35:679</time></pt><pt><x>640</x><y>0</y><time>26-01-21 14:55:38:855</time></pt><closed_date>26-01-21 14:55:40:443</closed_date></polygon></object></annotation>