<annotation><filename>frame0065.jpg</filename><folder>users/lab605//7hao/human_20210119_4</folder><source><submittedBy>lab605</submittedBy></source><imagesize><nrows>480</nrows><ncols>640</ncols></imagesize><object><name>person</name><deleted>0</deleted><verified>0</verified><occluded>no</occluded><attributes></attributes><parts><hasparts></hasparts><ispartof></ispartof></parts><date>26-01-21 14:00:04:696</date><id>0</id><polygon><username>7hao</username><pt><x>263</x><y>0</y><time>26-01-21 13:58:32:426</time></pt><pt><x>264</x><y>5</y><time>26-01-21 13:58:33:202</time></pt><pt><x>264</x><y>6</y><time>26-01-21 13:58:33:524</time></pt><pt><x>263</x><y>8</y><time>26-01-21 13:58:33:704</time></pt><pt><x>263</x><y>9</y><time>26-01-21 13:58:33:846</time></pt><pt><x>262</x><y>11</y><time>26-01-21 13:58:34:013</time></pt><pt><x>262</x><y>14</y><time>26-01-21 13:58:34:207</time></pt><pt><x>263</x><y>17</y><time>26-01-21 13:58:34:470</time></pt><pt><x>264</x><y>19</y><time>26-01-21 13:58:34:641</time></pt><pt><x>265</x><y>20</y><time>26-01-21 13:58:34:868</time></pt><pt><x>262</x><y>23</y><time>26-01-21 13:58:35:475</time></pt><pt><x>258</x><y>24</y><time>26-01-21 13:58:35:810</time></pt><pt><x>255</x><y>26</y><time>26-01-21 13:58:36:191</time></pt><pt><x>254</x><y>29</y><time>26-01-21 13:58:36:373</time></pt><pt><x>254</x><y>30</y><time>26-01-21 13:58:41:993</time></pt><pt><x>246</x><y>33</y><time>26-01-21 13:58:42:550</time></pt><pt><x>239</x><y>35</y><time>26-01-21 13:58:43:047</time></pt><pt><x>236</x><y>37</y><time>26-01-21 13:58:43:220</time></pt><pt><x>231</x><y>48</y><time>26-01-21 13:58:43:605</time></pt><pt><x>228</x><y>64</y><time>26-01-21 13:58:44:147</time></pt><pt><x>226</x><y>78</y><time>26-01-21 13:58:44:761</time></pt><pt><x>224</x><y>96</y><time>26-01-21 13:58:45:846</time></pt><pt><x>225</x><y>117</y><time>26-01-21 13:58:47:867</time></pt><pt><x>227</x><y>137</y><time>26-01-21 13:58:51:853</time></pt><pt><x>227</x><y>143</y><time>26-01-21 13:58:52:187</time></pt><pt><x>229</x><y>148</y><time>26-01-21 13:58:52:467</time></pt><pt><x>230</x><y>149</y><time>26-01-21 13:58:52:624</time></pt><pt><x>230</x><y>155</y><time>26-01-21 13:58:52:893</time></pt><pt><x>230</x><y>158</y><time>26-01-21 13:58:53:043</time></pt><pt><x>229</x><y>165</y><time>26-01-21 13:58:53:347</time></pt><pt><x>230</x><y>172</y><time>26-01-21 13:58:53:733</time></pt><pt><x>230</x><y>176</y><time>26-01-21 13:58:53:890</time></pt><pt><x>228</x><y>182</y><time>26-01-21 13:58:55:173</time></pt><pt><x>226</x><y>191</y><time>26-01-21 13:58:55:527</time></pt><pt><x>224</x><y>194</y><time>26-01-21 13:58:55:715</time></pt><pt><x>223</x><y>199</y><time>26-01-21 13:58:55:975</time></pt><pt><x>224</x><y>200</y><time>26-01-21 13:58:56:620</time></pt><pt><x>224</x><y>204</y><time>26-01-21 13:58:56:847</time></pt><pt><x>222</x><y>217</y><time>26-01-21 13:58:58:177</time></pt><pt><x>220</x><y>222</y><time>26-01-21 13:58:58:563</time></pt><pt><x>218</x><y>234</y><time>26-01-21 13:59:01:463</time></pt><pt><x>214</x><y>247</y><time>26-01-21 13:59:01:911</time></pt><pt><x>212</x><y>258</y><time>26-01-21 13:59:03:312</time></pt><pt><x>213</x><y>270</y><time>26-01-21 13:59:03:705</time></pt><pt><x>213</x><y>278</y><time>26-01-21 13:59:04:029</time></pt><pt><x>212</x><y>287</y><time>26-01-21 13:59:04:365</time></pt><pt><x>209</x><y>294</y><time>26-01-21 13:59:04:712</time></pt><pt><x>205</x><y>297</y><time>26-01-21 13:59:05:041</time></pt><pt><x>197</x><y>300</y><time>26-01-21 13:59:08:086</time></pt><pt><x>189</x><y>302</y><time>26-01-21 13:59:08:359</time></pt><pt><x>184</x><y>303</y><time>26-01-21 13:59:08:543</time></pt><pt><x>182</x><y>304</y><time>26-01-21 13:59:08:706</time></pt><pt><x>181</x><y>309</y><time>26-01-21 13:59:08:881</time></pt><pt><x>183</x><y>315</y><time>26-01-21 13:59:09:109</time></pt><pt><x>189</x><y>317</y><time>26-01-21 13:59:09:417</time></pt><pt><x>200</x><y>319</y><time>26-01-21 13:59:09:785</time></pt><pt><x>216</x><y>320</y><time>26-01-21 13:59:10:186</time></pt><pt><x>227</x><y>318</y><time>26-01-21 13:59:10:443</time></pt><pt><x>229</x><y>314</y><time>26-01-21 13:59:10:617</time></pt><pt><x>229</x><y>305</y><time>26-01-21 13:59:10:891</time></pt><pt><x>226</x><y>300</y><time>26-01-21 13:59:11:319</time></pt><pt><x>221</x><y>295</y><time>26-01-21 13:59:11:546</time></pt><pt><x>220</x><y>291</y><time>26-01-21 13:59:11:756</time></pt><pt><x>225</x><y>279</y><time>26-01-21 13:59:12:371</time></pt><pt><x>231</x><y>260</y><time>26-01-21 13:59:16:437</time></pt><pt><x>236</x><y>249</y><time>26-01-21 13:59:17:412</time></pt><pt><x>237</x><y>237</y><time>26-01-21 13:59:17:883</time></pt><pt><x>238</x><y>233</y><time>26-01-21 13:59:18:269</time></pt><pt><x>242</x><y>224</y><time>26-01-21 13:59:18:770</time></pt><pt><x>251</x><y>206</y><time>26-01-21 13:59:20:109</time></pt><pt><x>257</x><y>205</y><time>26-01-21 13:59:20:584</time></pt><pt><x>261</x><y>206</y><time>26-01-21 13:59:20:859</time></pt><pt><x>264</x><y>197</y><time>26-01-21 13:59:21:250</time></pt><pt><x>270</x><y>187</y><time>26-01-21 13:59:21:696</time></pt><pt><x>272</x><y>185</y><time>26-01-21 13:59:22:006</time></pt><pt><x>274</x><y>188</y><time>26-01-21 13:59:22:187</time></pt><pt><x>275</x><y>197</y><time>26-01-21 13:59:22:478</time></pt><pt><x>275</x><y>202</y><time>26-01-21 13:59:22:707</time></pt><pt><x>276</x><y>205</y><time>26-01-21 13:59:22:886</time></pt><pt><x>278</x><y>212</y><time>26-01-21 13:59:23:154</time></pt><pt><x>278</x><y>220</y><time>26-01-21 13:59:23:529</time></pt><pt><x>279</x><y>222</y><time>26-01-21 13:59:23:679</time></pt><pt><x>282</x><y>227</y><time>26-01-21 13:59:23:883</time></pt><pt><x>284</x><y>230</y><time>26-01-21 13:59:24:193</time></pt><pt><x>290</x><y>264</y><time>26-01-21 13:59:25:535</time></pt><pt><x>292</x><y>272</y><time>26-01-21 13:59:25:819</time></pt><pt><x>293</x><y>277</y><time>26-01-21 13:59:25:975</time></pt><pt><x>294</x><y>284</y><time>26-01-21 13:59:26:440</time></pt><pt><x>293</x><y>289</y><time>26-01-21 13:59:26:699</time></pt><pt><x>291</x><y>297</y><time>26-01-21 13:59:27:894</time></pt><pt><x>291</x><y>299</y><time>26-01-21 13:59:28:100</time></pt><pt><x>289</x><y>301</y><time>26-01-21 13:59:28:259</time></pt><pt><x>286</x><y>305</y><time>26-01-21 13:59:28:534</time></pt><pt><x>282</x><y>308</y><time>26-01-21 13:59:28:951</time></pt><pt><x>280</x><y>309</y><time>26-01-21 13:59:29:113</time></pt><pt><x>279</x><y>310</y><time>26-01-21 13:59:29:389</time></pt><pt><x>278</x><y>312</y><time>26-01-21 13:59:29:537</time></pt><pt><x>280</x><y>315</y><time>26-01-21 13:59:29:741</time></pt><pt><x>286</x><y>317</y><time>26-01-21 13:59:30:025</time></pt><pt><x>294</x><y>318</y><time>26-01-21 13:59:30:341</time></pt><pt><x>299</x><y>319</y><time>26-01-21 13:59:30:546</time></pt><pt><x>302</x><y>320</y><time>26-01-21 13:59:30:724</time></pt><pt><x>305</x><y>320</y><time>26-01-21 13:59:30:950</time></pt><pt><x>312</x><y>320</y><time>26-01-21 13:59:34:051</time></pt><pt><x>313</x><y>317</y><time>26-01-21 13:59:34:199</time></pt><pt><x>312</x><y>316</y><time>26-01-21 13:59:34:501</time></pt><pt><x>311</x><y>311</y><time>26-01-21 13:59:34:860</time></pt><pt><x>310</x><y>305</y><time>26-01-21 13:59:35:239</time></pt><pt><x>309</x><y>301</y><time>26-01-21 13:59:35:537</time></pt><pt><x>308</x><y>300</y><time>26-01-21 13:59:35:725</time></pt><pt><x>306</x><y>298</y><time>26-01-21 13:59:35:977</time></pt><pt><x>305</x><y>296</y><time>26-01-21 13:59:36:111</time></pt><pt><x>306</x><y>284</y><time>26-01-21 13:59:36:596</time></pt><pt><x>307</x><y>273</y><time>26-01-21 13:59:37:299</time></pt><pt><x>309</x><y>258</y><time>26-01-21 13:59:37:854</time></pt><pt><x>307</x><y>239</y><time>26-01-21 13:59:39:026</time></pt><pt><x>303</x><y>228</y><time>26-01-21 13:59:39:407</time></pt><pt><x>301</x><y>223</y><time>26-01-21 13:59:43:690</time></pt><pt><x>300</x><y>218</y><time>26-01-21 13:59:43:903</time></pt><pt><x>300</x><y>211</y><time>26-01-21 13:59:44:281</time></pt><pt><x>303</x><y>208</y><time>26-01-21 13:59:44:704</time></pt><pt><x>305</x><y>207</y><time>26-01-21 13:59:44:977</time></pt><pt><x>305</x><y>204</y><time>26-01-21 13:59:45:146</time></pt><pt><x>305</x><y>199</y><time>26-01-21 13:59:45:542</time></pt><pt><x>306</x><y>185</y><time>26-01-21 13:59:46:546</time></pt><pt><x>309</x><y>169</y><time>26-01-21 13:59:47:561</time></pt><pt><x>310</x><y>161</y><time>26-01-21 13:59:47:803</time></pt><pt><x>310</x><y>157</y><time>26-01-21 13:59:47:969</time></pt><pt><x>309</x><y>152</y><time>26-01-21 13:59:48:150</time></pt><pt><x>311</x><y>150</y><time>26-01-21 13:59:48:283</time></pt><pt><x>313</x><y>148</y><time>26-01-21 13:59:48:512</time></pt><pt><x>314</x><y>144</y><time>26-01-21 13:59:48:667</time></pt><pt><x>318</x><y>136</y><time>26-01-21 13:59:49:722</time></pt><pt><x>320</x><y>131</y><time>26-01-21 13:59:49:905</time></pt><pt><x>321</x><y>124</y><time>26-01-21 13:59:50:178</time></pt><pt><x>322</x><y>120</y><time>26-01-21 13:59:50:354</time></pt><pt><x>324</x><y>99</y><time>26-01-21 13:59:51:761</time></pt><pt><x>323</x><y>78</y><time>26-01-21 13:59:52:333</time></pt><pt><x>318</x><y>60</y><time>26-01-21 13:59:53:520</time></pt><pt><x>309</x><y>48</y><time>26-01-21 13:59:54:109</time></pt><pt><x>302</x><y>37</y><time>26-01-21 13:59:54:840</time></pt><pt><x>301</x><y>33</y><time>26-01-21 13:59:55:147</time></pt><pt><x>301</x><y>32</y><time>26-01-21 13:59:55:256</time></pt><pt><x>298</x><y>29</y><time>26-01-21 13:59:55:548</time></pt><pt><x>293</x><y>27</y><time>26-01-21 13:59:55:919</time></pt><pt><x>292</x><y>24</y><time>26-01-21 13:59:56:099</time></pt><pt><x>293</x><y>21</y><time>26-01-21 13:59:56:274</time></pt><pt><x>296</x><y>15</y><time>26-01-21 13:59:56:688</time></pt><pt><x>297</x><y>11</y><time>26-01-21 13:59:57:010</time></pt><pt><x>297</x><y>4</y><time>26-01-21 13:59:58:655</time></pt><pt><x>297</x><y>1</y><time>26-01-21 13:59:58:992</time></pt><pt><x>296</x><y>0</y><time>26-01-21 14:00:00:802</time></pt><closed_date>26-01-21 14:00:02:399</closed_date></polygon></object><object><name>person</name><deleted>0</deleted><verified>0</verified><occluded>no</occluded><attributes></attributes><parts><hasparts></hasparts><ispartof></ispartof></parts><date>26-01-21 14:01:21:204</date><id>1</id><polygon><username>7hao</username><pt><x>380</x><y>105</y><time>26-01-21 14:00:34:199</time></pt><pt><x>371</x><y>107</y><time>26-01-21 14:00:34:683</time></pt><pt><x>365</x><y>109</y><time>26-01-21 14:00:35:045</time></pt><pt><x>360</x><y>117</y><time>26-01-21 14:00:35:610</time></pt><pt><x>355</x><y>128</y><time>26-01-21 14:00:37:029</time></pt><pt><x>354</x><y>139</y><time>26-01-21 14:00:37:468</time></pt><pt><x>353</x><y>151</y><time>26-01-21 14:00:37:963</time></pt><pt><x>353</x><y>157</y><time>26-01-21 14:00:38:362</time></pt><pt><x>355</x><y>161</y><time>26-01-21 14:00:38:740</time></pt><pt><x>356</x><y>162</y><time>26-01-21 14:00:38:857</time></pt><pt><x>359</x><y>165</y><time>26-01-21 14:00:39:298</time></pt><pt><x>359</x><y>176</y><time>26-01-21 14:00:40:744</time></pt><pt><x>360</x><y>187</y><time>26-01-21 14:00:41:296</time></pt><pt><x>363</x><y>201</y><time>26-01-21 14:00:41:762</time></pt><pt><x>365</x><y>219</y><time>26-01-21 14:00:43:064</time></pt><pt><x>365</x><y>229</y><time>26-01-21 14:00:43:474</time></pt><pt><x>363</x><y>236</y><time>26-01-21 14:00:43:694</time></pt><pt><x>360</x><y>248</y><time>26-01-21 14:00:44:434</time></pt><pt><x>358</x><y>262</y><time>26-01-21 14:00:45:518</time></pt><pt><x>357</x><y>270</y><time>26-01-21 14:00:45:763</time></pt><pt><x>356</x><y>276</y><time>26-01-21 14:00:45:930</time></pt><pt><x>355</x><y>280</y><time>26-01-21 14:00:46:165</time></pt><pt><x>353</x><y>284</y><time>26-01-21 14:00:46:320</time></pt><pt><x>350</x><y>291</y><time>26-01-21 14:00:47:312</time></pt><pt><x>352</x><y>295</y><time>26-01-21 14:00:47:619</time></pt><pt><x>357</x><y>298</y><time>26-01-21 14:00:47:927</time></pt><pt><x>371</x><y>299</y><time>26-01-21 14:00:48:319</time></pt><pt><x>380</x><y>299</y><time>26-01-21 14:00:48:648</time></pt><pt><x>381</x><y>296</y><time>26-01-21 14:00:48:933</time></pt><pt><x>379</x><y>294</y><time>26-01-21 14:00:49:136</time></pt><pt><x>375</x><y>292</y><time>26-01-21 14:00:49:436</time></pt><pt><x>372</x><y>288</y><time>26-01-21 14:00:49:742</time></pt><pt><x>370</x><y>285</y><time>26-01-21 14:00:49:939</time></pt><pt><x>369</x><y>279</y><time>26-01-21 14:00:50:183</time></pt><pt><x>371</x><y>274</y><time>26-01-21 14:00:50:427</time></pt><pt><x>373</x><y>268</y><time>26-01-21 14:00:50:716</time></pt><pt><x>375</x><y>261</y><time>26-01-21 14:00:51:127</time></pt><pt><x>386</x><y>227</y><time>26-01-21 14:00:52:730</time></pt><pt><x>387</x><y>236</y><time>26-01-21 14:00:53:178</time></pt><pt><x>388</x><y>246</y><time>26-01-21 14:00:53:658</time></pt><pt><x>388</x><y>266</y><time>26-01-21 14:00:54:721</time></pt><pt><x>389</x><y>276</y><time>26-01-21 14:00:55:053</time></pt><pt><x>391</x><y>281</y><time>26-01-21 14:00:55:216</time></pt><pt><x>392</x><y>283</y><time>26-01-21 14:00:55:445</time></pt><pt><x>391</x><y>287</y><time>26-01-21 14:00:55:608</time></pt><pt><x>390</x><y>290</y><time>26-01-21 14:00:55:798</time></pt><pt><x>392</x><y>294</y><time>26-01-21 14:00:56:162</time></pt><pt><x>394</x><y>295</y><time>26-01-21 14:00:56:530</time></pt><pt><x>396</x><y>296</y><time>26-01-21 14:00:56:742</time></pt><pt><x>398</x><y>297</y><time>26-01-21 14:00:56:939</time></pt><pt><x>401</x><y>298</y><time>26-01-21 14:00:57:104</time></pt><pt><x>406</x><y>298</y><time>26-01-21 14:00:57:310</time></pt><pt><x>411</x><y>298</y><time>26-01-21 14:00:57:656</time></pt><pt><x>411</x><y>294</y><time>26-01-21 14:00:57:907</time></pt><pt><x>407</x><y>290</y><time>26-01-21 14:00:58:237</time></pt><pt><x>404</x><y>285</y><time>26-01-21 14:00:58:510</time></pt><pt><x>403</x><y>281</y><time>26-01-21 14:00:58:700</time></pt><pt><x>403</x><y>275</y><time>26-01-21 14:00:58:904</time></pt><pt><x>403</x><y>267</y><time>26-01-21 14:00:59:165</time></pt><pt><x>404</x><y>253</y><time>26-01-21 14:00:59:659</time></pt><pt><x>405</x><y>237</y><time>26-01-21 14:01:00:776</time></pt><pt><x>407</x><y>233</y><time>26-01-21 14:01:00:979</time></pt><pt><x>406</x><y>231</y><time>26-01-21 14:01:01:107</time></pt><pt><x>405</x><y>226</y><time>26-01-21 14:01:01:289</time></pt><pt><x>405</x><y>217</y><time>26-01-21 14:01:01:650</time></pt><pt><x>406</x><y>206</y><time>26-01-21 14:01:02:075</time></pt><pt><x>406</x><y>192</y><time>26-01-21 14:01:03:066</time></pt><pt><x>406</x><y>185</y><time>26-01-21 14:01:03:301</time></pt><pt><x>405</x><y>183</y><time>26-01-21 14:01:03:460</time></pt><pt><x>404</x><y>179</y><time>26-01-21 14:01:03:630</time></pt><pt><x>404</x><y>174</y><time>26-01-21 14:01:03:843</time></pt><pt><x>405</x><y>167</y><time>26-01-21 14:01:04:205</time></pt><pt><x>407</x><y>168</y><time>26-01-21 14:01:04:523</time></pt><pt><x>410</x><y>177</y><time>26-01-21 14:01:04:875</time></pt><pt><x>412</x><y>185</y><time>26-01-21 14:01:05:222</time></pt><pt><x>412</x><y>189</y><time>26-01-21 14:01:05:377</time></pt><pt><x>412</x><y>192</y><time>26-01-21 14:01:05:559</time></pt><pt><x>412</x><y>198</y><time>26-01-21 14:01:05:732</time></pt><pt><x>412</x><y>204</y><time>26-01-21 14:01:05:982</time></pt><pt><x>415</x><y>209</y><time>26-01-21 14:01:06:188</time></pt><pt><x>418</x><y>206</y><time>26-01-21 14:01:06:407</time></pt><pt><x>420</x><y>198</y><time>26-01-21 14:01:06:974</time></pt><pt><x>419</x><y>193</y><time>26-01-21 14:01:07:239</time></pt><pt><x>419</x><y>191</y><time>26-01-21 14:01:07:382</time></pt><pt><x>421</x><y>185</y><time>26-01-21 14:01:07:673</time></pt><pt><x>421</x><y>178</y><time>26-01-21 14:01:07:886</time></pt><pt><x>420</x><y>157</y><time>26-01-21 14:01:08:703</time></pt><pt><x>417</x><y>132</y><time>26-01-21 14:01:09:804</time></pt><pt><x>414</x><y>119</y><time>26-01-21 14:01:10:346</time></pt><pt><x>410</x><y>112</y><time>26-01-21 14:01:10:726</time></pt><pt><x>399</x><y>108</y><time>26-01-21 14:01:11:503</time></pt><pt><x>401</x><y>103</y><time>26-01-21 14:01:11:786</time></pt><pt><x>406</x><y>99</y><time>26-01-21 14:01:12:116</time></pt><pt><x>406</x><y>90</y><time>26-01-21 14:01:13:218</time></pt><pt><x>406</x><y>86</y><time>26-01-21 14:01:13:383</time></pt><pt><x>405</x><y>79</y><time>26-01-21 14:01:13:767</time></pt><pt><x>403</x><y>75</y><time>26-01-21 14:01:14:099</time></pt><pt><x>399</x><y>72</y><time>26-01-21 14:01:14:326</time></pt><pt><x>391</x><y>70</y><time>26-01-21 14:01:14:751</time></pt><pt><x>384</x><y>72</y><time>26-01-21 14:01:15:034</time></pt><pt><x>379</x><y>78</y><time>26-01-21 14:01:15:390</time></pt><pt><x>377</x><y>82</y><time>26-01-21 14:01:15:767</time></pt><pt><x>378</x><y>86</y><time>26-01-21 14:01:15:947</time></pt><pt><x>380</x><y>91</y><time>26-01-21 14:01:16:174</time></pt><pt><x>382</x><y>95</y><time>26-01-21 14:01:16:426</time></pt><pt><x>383</x><y>99</y><time>26-01-21 14:01:16:639</time></pt><pt><x>383</x><y>103</y><time>26-01-21 14:01:16:899</time></pt><pt><x>383</x><y>104</y><time>26-01-21 14:01:17:102</time></pt><pt><x>381</x><y>105</y><time>26-01-21 14:01:17:558</time></pt><closed_date>26-01-21 14:01:18:463</closed_date></polygon></object></annotation>