<annotation><filename>frame0021.jpg</filename><folder>users/lab605//7hao/human_20210119_4</folder><source><submittedBy>lab605</submittedBy></source><imagesize><nrows>480</nrows><ncols>640</ncols></imagesize><object><name>person</name><deleted>0</deleted><verified>0</verified><occluded>no</occluded><attributes></attributes><parts><hasparts></hasparts><ispartof></ispartof></parts><date>22-01-21 14:21:47:608</date><id>0</id><polygon><username>7hao</username><pt><x>500</x><y>57</y><time>22-01-21 14:19:48:645</time></pt><pt><x>498</x><y>56</y><time>22-01-21 14:19:49:323</time></pt><pt><x>495</x><y>57</y><time>22-01-21 14:19:49:645</time></pt><pt><x>493</x><y>59</y><time>22-01-21 14:19:50:038</time></pt><pt><x>490</x><y>59</y><time>22-01-21 14:19:50:376</time></pt><pt><x>487</x><y>60</y><time>22-01-21 14:19:50:731</time></pt><pt><x>484</x><y>62</y><time>22-01-21 14:19:51:086</time></pt><pt><x>483</x><y>64</y><time>22-01-21 14:19:51:392</time></pt><pt><x>482</x><y>68</y><time>22-01-21 14:19:51:706</time></pt><pt><x>482</x><y>71</y><time>22-01-21 14:19:51:982</time></pt><pt><x>482</x><y>75</y><time>22-01-21 14:19:52:280</time></pt><pt><x>483</x><y>77</y><time>22-01-21 14:19:52:532</time></pt><pt><x>484</x><y>78</y><time>22-01-21 14:19:52:760</time></pt><pt><x>484</x><y>81</y><time>22-01-21 14:19:53:101</time></pt><pt><x>485</x><y>83</y><time>22-01-21 14:19:53:344</time></pt><pt><x>487</x><y>86</y><time>22-01-21 14:19:53:706</time></pt><pt><x>488</x><y>88</y><time>22-01-21 14:19:54:414</time></pt><pt><x>489</x><y>89</y><time>22-01-21 14:19:54:680</time></pt><pt><x>489</x><y>91</y><time>22-01-21 14:19:55:050</time></pt><pt><x>487</x><y>91</y><time>22-01-21 14:19:55:468</time></pt><pt><x>484</x><y>92</y><time>22-01-21 14:19:55:901</time></pt><pt><x>475</x><y>97</y><time>22-01-21 14:19:59:987</time></pt><pt><x>469</x><y>100</y><time>22-01-21 14:20:00:427</time></pt><pt><x>467</x><y>102</y><time>22-01-21 14:20:00:711</time></pt><pt><x>465</x><y>106</y><time>22-01-21 14:20:01:065</time></pt><pt><x>463</x><y>112</y><time>22-01-21 14:20:01:419</time></pt><pt><x>461</x><y>114</y><time>22-01-21 14:20:01:749</time></pt><pt><x>457</x><y>133</y><time>22-01-21 14:20:03:425</time></pt><pt><x>456</x><y>138</y><time>22-01-21 14:20:04:022</time></pt><pt><x>452</x><y>165</y><time>22-01-21 14:20:07:557</time></pt><pt><x>453</x><y>173</y><time>22-01-21 14:20:07:895</time></pt><pt><x>455</x><y>184</y><time>22-01-21 14:20:09:074</time></pt><pt><x>455</x><y>186</y><time>22-01-21 14:20:10:884</time></pt><pt><x>455</x><y>188</y><time>22-01-21 14:20:11:176</time></pt><pt><x>454</x><y>190</y><time>22-01-21 14:20:11:373</time></pt><pt><x>454</x><y>194</y><time>22-01-21 14:20:11:592</time></pt><pt><x>456</x><y>197</y><time>22-01-21 14:20:11:908</time></pt><pt><x>459</x><y>199</y><time>22-01-21 14:20:12:176</time></pt><pt><x>462</x><y>200</y><time>22-01-21 14:20:12:426</time></pt><pt><x>464</x><y>198</y><time>22-01-21 14:20:12:679</time></pt><pt><x>465</x><y>197</y><time>22-01-21 14:20:12:906</time></pt><pt><x>464</x><y>195</y><time>22-01-21 14:20:13:135</time></pt><pt><x>463</x><y>190</y><time>22-01-21 14:20:13:521</time></pt><pt><x>463</x><y>187</y><time>22-01-21 14:20:13:789</time></pt><pt><x>463</x><y>183</y><time>22-01-21 14:20:14:064</time></pt><pt><x>464</x><y>178</y><time>22-01-21 14:20:14:331</time></pt><pt><x>465</x><y>175</y><time>22-01-21 14:20:14:559</time></pt><pt><x>468</x><y>161</y><time>22-01-21 14:20:15:904</time></pt><pt><x>469</x><y>157</y><time>22-01-21 14:20:16:258</time></pt><pt><x>469</x><y>154</y><time>22-01-21 14:20:16:510</time></pt><pt><x>470</x><y>150</y><time>22-01-21 14:20:17:055</time></pt><pt><x>470</x><y>147</y><time>22-01-21 14:20:17:422</time></pt><pt><x>471</x><y>145</y><time>22-01-21 14:20:17:722</time></pt><pt><x>472</x><y>143</y><time>22-01-21 14:20:18:613</time></pt><pt><x>472</x><y>147</y><time>22-01-21 14:20:19:021</time></pt><pt><x>471</x><y>150</y><time>22-01-21 14:20:19:423</time></pt><pt><x>470</x><y>154</y><time>22-01-21 14:20:19:965</time></pt><pt><x>471</x><y>160</y><time>22-01-21 14:20:20:383</time></pt><pt><x>472</x><y>163</y><time>22-01-21 14:20:20:784</time></pt><pt><x>471</x><y>168</y><time>22-01-21 14:20:21:217</time></pt><pt><x>471</x><y>172</y><time>22-01-21 14:20:21:531</time></pt><pt><x>470</x><y>177</y><time>22-01-21 14:20:21:908</time></pt><pt><x>470</x><y>182</y><time>22-01-21 14:20:22:209</time></pt><pt><x>470</x><y>185</y><time>22-01-21 14:20:22:531</time></pt><pt><x>470</x><y>199</y><time>22-01-21 14:20:23:774</time></pt><pt><x>470</x><y>205</y><time>22-01-21 14:20:24:088</time></pt><pt><x>469</x><y>211</y><time>22-01-21 14:20:24:365</time></pt><pt><x>468</x><y>215</y><time>22-01-21 14:20:24:639</time></pt><pt><x>469</x><y>219</y><time>22-01-21 14:20:24:869</time></pt><pt><x>470</x><y>222</y><time>22-01-21 14:20:25:208</time></pt><pt><x>471</x><y>223</y><time>22-01-21 14:20:25:301</time></pt><pt><x>471</x><y>226</y><time>22-01-21 14:20:26:638</time></pt><pt><x>469</x><y>227</y><time>22-01-21 14:20:26:859</time></pt><pt><x>468</x><y>230</y><time>22-01-21 14:20:27:041</time></pt><pt><x>469</x><y>232</y><time>22-01-21 14:20:27:196</time></pt><pt><x>469</x><y>236</y><time>22-01-21 14:20:27:449</time></pt><pt><x>470</x><y>241</y><time>22-01-21 14:20:27:702</time></pt><pt><x>470</x><y>245</y><time>22-01-21 14:20:27:899</time></pt><pt><x>471</x><y>254</y><time>22-01-21 14:20:29:001</time></pt><pt><x>471</x><y>260</y><time>22-01-21 14:20:29:283</time></pt><pt><x>470</x><y>264</y><time>22-01-21 14:20:29:471</time></pt><pt><x>473</x><y>269</y><time>22-01-21 14:20:29:694</time></pt><pt><x>473</x><y>272</y><time>22-01-21 14:20:29:929</time></pt><pt><x>474</x><y>274</y><time>22-01-21 14:20:30:227</time></pt><pt><x>473</x><y>275</y><time>22-01-21 14:20:30:447</time></pt><pt><x>472</x><y>276</y><time>22-01-21 14:20:31:951</time></pt><pt><x>471</x><y>278</y><time>22-01-21 14:20:32:147</time></pt><pt><x>471</x><y>283</y><time>22-01-21 14:20:32:359</time></pt><pt><x>470</x><y>287</y><time>22-01-21 14:20:32:594</time></pt><pt><x>469</x><y>289</y><time>22-01-21 14:20:32:871</time></pt><pt><x>467</x><y>292</y><time>22-01-21 14:20:33:186</time></pt><pt><x>467</x><y>293</y><time>22-01-21 14:20:33:383</time></pt><pt><x>467</x><y>295</y><time>22-01-21 14:20:33:610</time></pt><pt><x>468</x><y>296</y><time>22-01-21 14:20:37:568</time></pt><pt><x>471</x><y>296</y><time>22-01-21 14:20:37:938</time></pt><pt><x>482</x><y>296</y><time>22-01-21 14:20:39:041</time></pt><pt><x>483</x><y>294</y><time>22-01-21 14:20:39:708</time></pt><pt><x>482</x><y>292</y><time>22-01-21 14:20:40:062</time></pt><pt><x>482</x><y>289</y><time>22-01-21 14:20:40:291</time></pt><pt><x>483</x><y>287</y><time>22-01-21 14:20:40:506</time></pt><pt><x>485</x><y>285</y><time>22-01-21 14:20:40:732</time></pt><pt><x>485</x><y>284</y><time>22-01-21 14:20:40:944</time></pt><pt><x>485</x><y>283</y><time>22-01-21 14:20:41:094</time></pt><pt><x>485</x><y>280</y><time>22-01-21 14:20:41:384</time></pt><pt><x>484</x><y>279</y><time>22-01-21 14:20:41:598</time></pt><pt><x>483</x><y>277</y><time>22-01-21 14:20:41:779</time></pt><pt><x>483</x><y>276</y><time>22-01-21 14:20:41:958</time></pt><pt><x>483</x><y>274</y><time>22-01-21 14:20:42:172</time></pt><pt><x>485</x><y>273</y><time>22-01-21 14:20:42:315</time></pt><pt><x>486</x><y>272</y><time>22-01-21 14:20:42:572</time></pt><pt><x>486</x><y>271</y><time>22-01-21 14:20:42:808</time></pt><pt><x>486</x><y>269</y><time>22-01-21 14:20:43:006</time></pt><pt><x>485</x><y>266</y><time>22-01-21 14:20:43:178</time></pt><pt><x>486</x><y>264</y><time>22-01-21 14:20:43:376</time></pt><pt><x>487</x><y>263</y><time>22-01-21 14:20:43:516</time></pt><pt><x>487</x><y>259</y><time>22-01-21 14:20:43:919</time></pt><pt><x>488</x><y>244</y><time>22-01-21 14:20:45:170</time></pt><pt><x>488</x><y>242</y><time>22-01-21 14:20:45:280</time></pt><pt><x>488</x><y>235</y><time>22-01-21 14:20:45:720</time></pt><pt><x>488</x><y>233</y><time>22-01-21 14:20:46:012</time></pt><pt><x>488</x><y>231</y><time>22-01-21 14:20:46:216</time></pt><pt><x>488</x><y>230</y><time>22-01-21 14:20:46:391</time></pt><pt><x>490</x><y>228</y><time>22-01-21 14:20:46:682</time></pt><pt><x>491</x><y>225</y><time>22-01-21 14:20:46:870</time></pt><pt><x>491</x><y>223</y><time>22-01-21 14:20:47:091</time></pt><pt><x>491</x><y>222</y><time>22-01-21 14:20:47:254</time></pt><pt><x>492</x><y>219</y><time>22-01-21 14:20:47:452</time></pt><pt><x>492</x><y>213</y><time>22-01-21 14:20:48:877</time></pt><pt><x>492</x><y>209</y><time>22-01-21 14:20:49:238</time></pt><pt><x>494</x><y>207</y><time>22-01-21 14:20:52:904</time></pt><pt><x>495</x><y>205</y><time>22-01-21 14:20:53:274</time></pt><pt><x>495</x><y>204</y><time>22-01-21 14:20:53:486</time></pt><pt><x>497</x><y>218</y><time>22-01-21 14:20:54:173</time></pt><pt><x>500</x><y>229</y><time>22-01-21 14:20:54:951</time></pt><pt><x>502</x><y>244</y><time>22-01-21 14:20:56:618</time></pt><pt><x>503</x><y>256</y><time>22-01-21 14:20:57:241</time></pt><pt><x>503</x><y>266</y><time>22-01-21 14:20:57:667</time></pt><pt><x>506</x><y>282</y><time>22-01-21 14:20:59:136</time></pt><pt><x>507</x><y>287</y><time>22-01-21 14:20:59:742</time></pt><pt><x>507</x><y>291</y><time>22-01-21 14:21:01:671</time></pt><pt><x>506</x><y>293</y><time>22-01-21 14:21:01:946</time></pt><pt><x>505</x><y>294</y><time>22-01-21 14:21:02:121</time></pt><pt><x>504</x><y>296</y><time>22-01-21 14:21:02:458</time></pt><pt><x>505</x><y>299</y><time>22-01-21 14:21:02:806</time></pt><pt><x>506</x><y>300</y><time>22-01-21 14:21:03:088</time></pt><pt><x>507</x><y>301</y><time>22-01-21 14:21:03:443</time></pt><pt><x>507</x><y>302</y><time>22-01-21 14:21:03:638</time></pt><pt><x>517</x><y>303</y><time>22-01-21 14:21:06:338</time></pt><pt><x>520</x><y>302</y><time>22-01-21 14:21:06:779</time></pt><pt><x>522</x><y>301</y><time>22-01-21 14:21:07:148</time></pt><pt><x>522</x><y>297</y><time>22-01-21 14:21:07:542</time></pt><pt><x>521</x><y>291</y><time>22-01-21 14:21:07:904</time></pt><pt><x>520</x><y>288</y><time>22-01-21 14:21:08:165</time></pt><pt><x>519</x><y>285</y><time>22-01-21 14:21:08:417</time></pt><pt><x>519</x><y>283</y><time>22-01-21 14:21:08:628</time></pt><pt><x>519</x><y>281</y><time>22-01-21 14:21:08:872</time></pt><pt><x>521</x><y>279</y><time>22-01-21 14:21:09:101</time></pt><pt><x>521</x><y>268</y><time>22-01-21 14:21:10:240</time></pt><pt><x>522</x><y>260</y><time>22-01-21 14:21:10:729</time></pt><pt><x>520</x><y>234</y><time>22-01-21 14:21:12:224</time></pt><pt><x>520</x><y>227</y><time>22-01-21 14:21:12:610</time></pt><pt><x>521</x><y>222</y><time>22-01-21 14:21:12:932</time></pt><pt><x>522</x><y>219</y><time>22-01-21 14:21:13:248</time></pt><pt><x>524</x><y>188</y><time>22-01-21 14:21:14:970</time></pt><pt><x>524</x><y>163</y><time>22-01-21 14:21:16:160</time></pt><pt><x>523</x><y>132</y><time>22-01-21 14:21:17:585</time></pt><pt><x>527</x><y>142</y><time>22-01-21 14:21:18:622</time></pt><pt><x>529</x><y>155</y><time>22-01-21 14:21:19:326</time></pt><pt><x>532</x><y>167</y><time>22-01-21 14:21:20:057</time></pt><pt><x>534</x><y>176</y><time>22-01-21 14:21:22:244</time></pt><pt><x>534</x><y>180</y><time>22-01-21 14:21:22:652</time></pt><pt><x>534</x><y>182</y><time>22-01-21 14:21:22:864</time></pt><pt><x>535</x><y>183</y><time>22-01-21 14:21:23:039</time></pt><pt><x>534</x><y>184</y><time>22-01-21 14:21:23:242</time></pt><pt><x>533</x><y>185</y><time>22-01-21 14:21:23:417</time></pt><pt><x>532</x><y>189</y><time>22-01-21 14:21:23:622</time></pt><pt><x>531</x><y>194</y><time>22-01-21 14:21:23:897</time></pt><pt><x>532</x><y>197</y><time>22-01-21 14:21:24:124</time></pt><pt><x>534</x><y>199</y><time>22-01-21 14:21:24:409</time></pt><pt><x>537</x><y>199</y><time>22-01-21 14:21:24:707</time></pt><pt><x>539</x><y>199</y><time>22-01-21 14:21:24:951</time></pt><pt><x>540</x><y>198</y><time>22-01-21 14:21:25:179</time></pt><pt><x>542</x><y>196</y><time>22-01-21 14:21:25:440</time></pt><pt><x>542</x><y>192</y><time>22-01-21 14:21:25:699</time></pt><pt><x>542</x><y>188</y><time>22-01-21 14:21:25:927</time></pt><pt><x>542</x><y>186</y><time>22-01-21 14:21:26:131</time></pt><pt><x>541</x><y>184</y><time>22-01-21 14:21:26:367</time></pt><pt><x>543</x><y>183</y><time>22-01-21 14:21:26:583</time></pt><pt><x>544</x><y>181</y><time>22-01-21 14:21:27:045</time></pt><pt><x>544</x><y>178</y><time>22-01-21 14:21:27:256</time></pt><pt><x>544</x><y>175</y><time>22-01-21 14:21:27:485</time></pt><pt><x>544</x><y>173</y><time>22-01-21 14:21:27:705</time></pt><pt><x>544</x><y>166</y><time>22-01-21 14:21:28:083</time></pt><pt><x>542</x><y>141</y><time>22-01-21 14:21:29:372</time></pt><pt><x>537</x><y>113</y><time>22-01-21 14:21:30:702</time></pt><pt><x>533</x><y>101</y><time>22-01-21 14:21:31:630</time></pt><pt><x>530</x><y>98</y><time>22-01-21 14:21:32:220</time></pt><pt><x>526</x><y>96</y><time>22-01-21 14:21:32:700</time></pt><pt><x>519</x><y>94</y><time>22-01-21 14:21:33:378</time></pt><pt><x>506</x><y>91</y><time>22-01-21 14:21:37:280</time></pt><pt><x>506</x><y>88</y><time>22-01-21 14:21:37:659</time></pt><pt><x>507</x><y>85</y><time>22-01-21 14:21:37:974</time></pt><pt><x>509</x><y>83</y><time>22-01-21 14:21:38:257</time></pt><pt><x>510</x><y>82</y><time>22-01-21 14:21:38:469</time></pt><pt><x>512</x><y>80</y><time>22-01-21 14:21:38:744</time></pt><pt><x>513</x><y>79</y><time>22-01-21 14:21:38:964</time></pt><pt><x>513</x><y>77</y><time>22-01-21 14:21:39:184</time></pt><pt><x>513</x><y>75</y><time>22-01-21 14:21:39:366</time></pt><pt><x>513</x><y>72</y><time>22-01-21 14:21:39:610</time></pt><pt><x>514</x><y>70</y><time>22-01-21 14:21:39:964</time></pt><pt><x>515</x><y>69</y><time>22-01-21 14:21:40:530</time></pt><pt><x>514</x><y>65</y><time>22-01-21 14:21:40:790</time></pt><pt><x>513</x><y>62</y><time>22-01-21 14:21:41:152</time></pt><pt><x>509</x><y>59</y><time>22-01-21 14:21:41:601</time></pt><pt><x>507</x><y>58</y><time>22-01-21 14:21:41:970</time></pt><pt><x>505</x><y>57</y><time>22-01-21 14:21:42:284</time></pt><pt><x>503</x><y>57</y><time>22-01-21 14:21:42:592</time></pt><pt><x>501</x><y>57</y><time>22-01-21 14:21:42:883</time></pt><closed_date>22-01-21 14:21:43:185</closed_date></polygon></object><object><name>person</name><deleted>0</deleted><verified>0</verified><occluded>no</occluded><attributes></attributes><parts><hasparts></hasparts><ispartof></ispartof></parts><date>22-01-21 14:25:03:904</date><id>1</id><polygon><username>7hao</username><pt><x>246</x><y>55</y><time>22-01-21 14:22:50:852</time></pt><pt><x>240</x><y>54</y><time>22-01-21 14:22:51:290</time></pt><pt><x>235</x><y>55</y><time>22-01-21 14:22:51:621</time></pt><pt><x>228</x><y>60</y><time>22-01-21 14:22:52:273</time></pt><pt><x>227</x><y>64</y><time>22-01-21 14:22:52:724</time></pt><pt><x>226</x><y>69</y><time>22-01-21 14:22:53:090</time></pt><pt><x>227</x><y>73</y><time>22-01-21 14:22:53:469</time></pt><pt><x>228</x><y>76</y><time>22-01-21 14:22:53:798</time></pt><pt><x>230</x><y>78</y><time>22-01-21 14:22:54:123</time></pt><pt><x>231</x><y>81</y><time>22-01-21 14:22:54:469</time></pt><pt><x>230</x><y>86</y><time>22-01-21 14:22:54:854</time></pt><pt><x>229</x><y>87</y><time>22-01-21 14:22:55:192</time></pt><pt><x>227</x><y>87</y><time>22-01-21 14:22:55:548</time></pt><pt><x>224</x><y>88</y><time>22-01-21 14:22:55:844</time></pt><pt><x>221</x><y>91</y><time>22-01-21 14:22:56:270</time></pt><pt><x>218</x><y>93</y><time>22-01-21 14:22:56:946</time></pt><pt><x>216</x><y>94</y><time>22-01-21 14:23:00:983</time></pt><pt><x>210</x><y>94</y><time>22-01-21 14:23:01:312</time></pt><pt><x>208</x><y>95</y><time>22-01-21 14:23:01:535</time></pt><pt><x>205</x><y>99</y><time>22-01-21 14:23:01:889</time></pt><pt><x>202</x><y>104</y><time>22-01-21 14:23:02:258</time></pt><pt><x>200</x><y>109</y><time>22-01-21 14:23:02:613</time></pt><pt><x>197</x><y>115</y><time>22-01-21 14:23:03:383</time></pt><pt><x>193</x><y>129</y><time>22-01-21 14:23:05:523</time></pt><pt><x>190</x><y>138</y><time>22-01-21 14:23:06:222</time></pt><pt><x>190</x><y>140</y><time>22-01-21 14:23:06:758</time></pt><pt><x>189</x><y>142</y><time>22-01-21 14:23:07:128</time></pt><pt><x>187</x><y>144</y><time>22-01-21 14:23:07:536</time></pt><pt><x>187</x><y>145</y><time>22-01-21 14:23:07:788</time></pt><pt><x>186</x><y>149</y><time>22-01-21 14:23:13:572</time></pt><pt><x>186</x><y>152</y><time>22-01-21 14:23:13:926</time></pt><pt><x>184</x><y>155</y><time>22-01-21 14:23:14:248</time></pt><pt><x>184</x><y>158</y><time>22-01-21 14:23:14:493</time></pt><pt><x>182</x><y>163</y><time>22-01-21 14:23:14:839</time></pt><pt><x>183</x><y>168</y><time>22-01-21 14:23:15:391</time></pt><pt><x>182</x><y>170</y><time>22-01-21 14:23:15:761</time></pt><pt><x>181</x><y>173</y><time>22-01-21 14:23:16:010</time></pt><pt><x>180</x><y>176</y><time>22-01-21 14:23:16:413</time></pt><pt><x>180</x><y>181</y><time>22-01-21 14:23:16:901</time></pt><pt><x>182</x><y>184</y><time>22-01-21 14:23:17:270</time></pt><pt><x>185</x><y>187</y><time>22-01-21 14:23:17:727</time></pt><pt><x>188</x><y>189</y><time>22-01-21 14:23:18:150</time></pt><pt><x>190</x><y>187</y><time>22-01-21 14:23:18:529</time></pt><pt><x>192</x><y>184</y><time>22-01-21 14:23:18:970</time></pt><pt><x>193</x><y>179</y><time>22-01-21 14:23:19:362</time></pt><pt><x>194</x><y>173</y><time>22-01-21 14:23:19:732</time></pt><pt><x>193</x><y>171</y><time>22-01-21 14:23:20:040</time></pt><pt><x>195</x><y>168</y><time>22-01-21 14:23:20:331</time></pt><pt><x>197</x><y>163</y><time>22-01-21 14:23:20:777</time></pt><pt><x>200</x><y>156</y><time>22-01-21 14:23:21:347</time></pt><pt><x>205</x><y>144</y><time>22-01-21 14:23:26:326</time></pt><pt><x>206</x><y>167</y><time>22-01-21 14:23:27:584</time></pt><pt><x>206</x><y>168</y><time>22-01-21 14:23:28:080</time></pt><pt><x>205</x><y>172</y><time>22-01-21 14:23:28:450</time></pt><pt><x>204</x><y>174</y><time>22-01-21 14:23:28:718</time></pt><pt><x>206</x><y>175</y><time>22-01-21 14:23:28:947</time></pt><pt><x>205</x><y>177</y><time>22-01-21 14:23:29:213</time></pt><pt><x>204</x><y>179</y><time>22-01-21 14:23:29:456</time></pt><pt><x>206</x><y>183</y><time>22-01-21 14:23:30:000</time></pt><pt><x>206</x><y>187</y><time>22-01-21 14:23:30:400</time></pt><pt><x>206</x><y>215</y><time>22-01-21 14:23:31:896</time></pt><pt><x>206</x><y>243</y><time>22-01-21 14:23:33:084</time></pt><pt><x>206</x><y>258</y><time>22-01-21 14:23:34:752</time></pt><pt><x>207</x><y>270</y><time>22-01-21 14:23:36:184</time></pt><pt><x>210</x><y>278</y><time>22-01-21 14:23:36:649</time></pt><pt><x>212</x><y>285</y><time>22-01-21 14:23:37:523</time></pt><pt><x>213</x><y>287</y><time>22-01-21 14:23:38:766</time></pt><pt><x>211</x><y>289</y><time>22-01-21 14:23:39:166</time></pt><pt><x>210</x><y>291</y><time>22-01-21 14:23:39:411</time></pt><pt><x>210</x><y>294</y><time>22-01-21 14:23:39:602</time></pt><pt><x>211</x><y>296</y><time>22-01-21 14:23:39:836</time></pt><pt><x>208</x><y>298</y><time>22-01-21 14:23:40:191</time></pt><pt><x>207</x><y>300</y><time>22-01-21 14:23:40:394</time></pt><pt><x>207</x><y>302</y><time>22-01-21 14:23:40:638</time></pt><pt><x>207</x><y>304</y><time>22-01-21 14:23:40:859</time></pt><pt><x>207</x><y>306</y><time>22-01-21 14:23:41:126</time></pt><pt><x>209</x><y>307</y><time>22-01-21 14:23:41:432</time></pt><pt><x>211</x><y>307</y><time>22-01-21 14:23:41:685</time></pt><pt><x>214</x><y>307</y><time>22-01-21 14:23:41:936</time></pt><pt><x>218</x><y>307</y><time>22-01-21 14:23:42:221</time></pt><pt><x>220</x><y>306</y><time>22-01-21 14:23:42:464</time></pt><pt><x>222</x><y>306</y><time>22-01-21 14:23:42:676</time></pt><pt><x>223</x><y>305</y><time>22-01-21 14:23:42:998</time></pt><pt><x>224</x><y>304</y><time>22-01-21 14:23:43:204</time></pt><pt><x>226</x><y>304</y><time>22-01-21 14:23:43:446</time></pt><pt><x>227</x><y>304</y><time>22-01-21 14:23:43:682</time></pt><pt><x>228</x><y>302</y><time>22-01-21 14:23:44:054</time></pt><pt><x>228</x><y>300</y><time>22-01-21 14:23:44:288</time></pt><pt><x>227</x><y>298</y><time>22-01-21 14:23:44:524</time></pt><pt><x>226</x><y>296</y><time>22-01-21 14:23:44:738</time></pt><pt><x>227</x><y>286</y><time>22-01-21 14:23:45:666</time></pt><pt><x>228</x><y>274</y><time>22-01-21 14:23:46:854</time></pt><pt><x>226</x><y>261</y><time>22-01-21 14:23:47:696</time></pt><pt><x>225</x><y>245</y><time>22-01-21 14:23:48:957</time></pt><pt><x>228</x><y>239</y><time>22-01-21 14:23:51:890</time></pt><pt><x>228</x><y>236</y><time>22-01-21 14:23:52:276</time></pt><pt><x>229</x><y>233</y><time>22-01-21 14:23:52:598</time></pt><pt><x>230</x><y>227</y><time>22-01-21 14:23:53:054</time></pt><pt><x>232</x><y>223</y><time>22-01-21 14:23:53:448</time></pt><pt><x>233</x><y>220</y><time>22-01-21 14:23:53:945</time></pt><pt><x>233</x><y>219</y><time>22-01-21 14:23:55:014</time></pt><pt><x>237</x><y>239</y><time>22-01-21 14:23:55:832</time></pt><pt><x>238</x><y>242</y><time>22-01-21 14:23:56:248</time></pt><pt><x>239</x><y>243</y><time>22-01-21 14:23:56:430</time></pt><pt><x>238</x><y>246</y><time>22-01-21 14:23:56:610</time></pt><pt><x>236</x><y>248</y><time>22-01-21 14:23:56:744</time></pt><pt><x>235</x><y>250</y><time>22-01-21 14:23:56:862</time></pt><pt><x>235</x><y>252</y><time>22-01-21 14:23:57:099</time></pt><pt><x>234</x><y>254</y><time>22-01-21 14:23:57:264</time></pt><pt><x>235</x><y>256</y><time>22-01-21 14:23:57:508</time></pt><pt><x>234</x><y>258</y><time>22-01-21 14:23:57:712</time></pt><pt><x>234</x><y>264</y><time>22-01-21 14:23:58:962</time></pt><pt><x>232</x><y>266</y><time>22-01-21 14:23:59:286</time></pt><pt><x>231</x><y>268</y><time>22-01-21 14:23:59:467</time></pt><pt><x>229</x><y>271</y><time>22-01-21 14:23:59:780</time></pt><pt><x>230</x><y>276</y><time>22-01-21 14:24:00:150</time></pt><pt><x>230</x><y>280</y><time>22-01-21 14:24:00:654</time></pt><pt><x>229</x><y>283</y><time>22-01-21 14:24:02:478</time></pt><pt><x>229</x><y>286</y><time>22-01-21 14:24:02:890</time></pt><pt><x>230</x><y>288</y><time>22-01-21 14:24:03:085</time></pt><pt><x>234</x><y>290</y><time>22-01-21 14:24:03:376</time></pt><pt><x>238</x><y>292</y><time>22-01-21 14:24:03:762</time></pt><pt><x>240</x><y>294</y><time>22-01-21 14:24:04:000</time></pt><pt><x>243</x><y>296</y><time>22-01-21 14:24:04:234</time></pt><pt><x>246</x><y>298</y><time>22-01-21 14:24:04:602</time></pt><pt><x>252</x><y>299</y><time>22-01-21 14:24:04:919</time></pt><pt><x>258</x><y>299</y><time>22-01-21 14:24:07:766</time></pt><pt><x>260</x><y>297</y><time>22-01-21 14:24:08:169</time></pt><pt><x>260</x><y>294</y><time>22-01-21 14:24:08:514</time></pt><pt><x>259</x><y>292</y><time>22-01-21 14:24:08:758</time></pt><pt><x>256</x><y>289</y><time>22-01-21 14:24:09:222</time></pt><pt><x>252</x><y>285</y><time>22-01-21 14:24:09:710</time></pt><pt><x>250</x><y>284</y><time>22-01-21 14:24:09:984</time></pt><pt><x>249</x><y>280</y><time>22-01-21 14:24:10:447</time></pt><pt><x>249</x><y>278</y><time>22-01-21 14:24:10:781</time></pt><pt><x>251</x><y>275</y><time>22-01-21 14:24:11:062</time></pt><pt><x>252</x><y>271</y><time>22-01-21 14:24:11:322</time></pt><pt><x>256</x><y>265</y><time>22-01-21 14:24:12:282</time></pt><pt><x>258</x><y>260</y><time>22-01-21 14:24:12:714</time></pt><pt><x>259</x><y>251</y><time>22-01-21 14:24:14:650</time></pt><pt><x>260</x><y>241</y><time>22-01-21 14:24:15:183</time></pt><pt><x>261</x><y>237</y><time>22-01-21 14:24:15:628</time></pt><pt><x>261</x><y>235</y><time>22-01-21 14:24:15:933</time></pt><pt><x>261</x><y>234</y><time>22-01-21 14:24:16:208</time></pt><pt><x>265</x><y>230</y><time>22-01-21 14:24:22:322</time></pt><pt><x>266</x><y>220</y><time>22-01-21 14:24:22:770</time></pt><pt><x>266</x><y>202</y><time>22-01-21 14:24:23:290</time></pt><pt><x>261</x><y>196</y><time>22-01-21 14:24:23:763</time></pt><pt><x>263</x><y>190</y><time>22-01-21 14:24:25:288</time></pt><pt><x>259</x><y>184</y><time>22-01-21 14:24:25:792</time></pt><pt><x>257</x><y>179</y><time>22-01-21 14:24:26:296</time></pt><pt><x>257</x><y>177</y><time>22-01-21 14:24:26:587</time></pt><pt><x>257</x><y>175</y><time>22-01-21 14:24:26:776</time></pt><pt><x>258</x><y>174</y><time>22-01-21 14:24:26:964</time></pt><pt><x>258</x><y>172</y><time>22-01-21 14:24:27:155</time></pt><pt><x>258</x><y>167</y><time>22-01-21 14:24:28:758</time></pt><pt><x>257</x><y>166</y><time>22-01-21 14:24:28:963</time></pt><pt><x>257</x><y>164</y><time>22-01-21 14:24:29:144</time></pt><pt><x>258</x><y>162</y><time>22-01-21 14:24:29:324</time></pt><pt><x>257</x><y>148</y><time>22-01-21 14:24:30:906</time></pt><pt><x>258</x><y>151</y><time>22-01-21 14:24:31:536</time></pt><pt><x>259</x><y>155</y><time>22-01-21 14:24:31:914</time></pt><pt><x>260</x><y>157</y><time>22-01-21 14:24:32:175</time></pt><pt><x>263</x><y>160</y><time>22-01-21 14:24:32:936</time></pt><pt><x>264</x><y>162</y><time>22-01-21 14:24:33:118</time></pt><pt><x>264</x><y>164</y><time>22-01-21 14:24:33:322</time></pt><pt><x>265</x><y>167</y><time>22-01-21 14:24:33:510</time></pt><pt><x>267</x><y>170</y><time>22-01-21 14:24:33:725</time></pt><pt><x>268</x><y>173</y><time>22-01-21 14:24:33:978</time></pt><pt><x>270</x><y>175</y><time>22-01-21 14:24:34:196</time></pt><pt><x>271</x><y>177</y><time>22-01-21 14:24:34:433</time></pt><pt><x>273</x><y>179</y><time>22-01-21 14:24:37:068</time></pt><pt><x>274</x><y>181</y><time>22-01-21 14:24:37:312</time></pt><pt><x>275</x><y>183</y><time>22-01-21 14:24:37:461</time></pt><pt><x>275</x><y>186</y><time>22-01-21 14:24:37:696</time></pt><pt><x>274</x><y>188</y><time>22-01-21 14:24:37:847</time></pt><pt><x>275</x><y>190</y><time>22-01-21 14:24:38:015</time></pt><pt><x>275</x><y>192</y><time>22-01-21 14:24:38:232</time></pt><pt><x>277</x><y>193</y><time>22-01-21 14:24:38:571</time></pt><pt><x>278</x><y>192</y><time>22-01-21 14:24:38:752</time></pt><pt><x>280</x><y>191</y><time>22-01-21 14:24:38:887</time></pt><pt><x>282</x><y>191</y><time>22-01-21 14:24:39:090</time></pt><pt><x>283</x><y>189</y><time>22-01-21 14:24:39:327</time></pt><pt><x>284</x><y>186</y><time>22-01-21 14:24:39:499</time></pt><pt><x>284</x><y>185</y><time>22-01-21 14:24:39:664</time></pt><pt><x>284</x><y>183</y><time>22-01-21 14:24:39:860</time></pt><pt><x>283</x><y>182</y><time>22-01-21 14:24:40:035</time></pt><pt><x>281</x><y>179</y><time>22-01-21 14:24:40:404</time></pt><pt><x>282</x><y>177</y><time>22-01-21 14:24:40:616</time></pt><pt><x>282</x><y>175</y><time>22-01-21 14:24:40:805</time></pt><pt><x>280</x><y>171</y><time>22-01-21 14:24:41:057</time></pt><pt><x>277</x><y>162</y><time>22-01-21 14:24:41:781</time></pt><pt><x>273</x><y>145</y><time>22-01-21 14:24:42:867</time></pt><pt><x>272</x><y>140</y><time>22-01-21 14:24:43:244</time></pt><pt><x>272</x><y>139</y><time>22-01-21 14:24:43:424</time></pt><pt><x>270</x><y>136</y><time>22-01-21 14:24:43:663</time></pt><pt><x>268</x><y>126</y><time>22-01-21 14:24:48:972</time></pt><pt><x>267</x><y>116</y><time>22-01-21 14:24:50:459</time></pt><pt><x>266</x><y>112</y><time>22-01-21 14:24:50:704</time></pt><pt><x>265</x><y>110</y><time>22-01-21 14:24:50:939</time></pt><pt><x>262</x><y>108</y><time>22-01-21 14:24:51:168</time></pt><pt><x>261</x><y>107</y><time>22-01-21 14:24:51:341</time></pt><pt><x>261</x><y>105</y><time>22-01-21 14:24:52:688</time></pt><pt><x>262</x><y>102</y><time>22-01-21 14:24:52:908</time></pt><pt><x>262</x><y>99</y><time>22-01-21 14:24:53:246</time></pt><pt><x>259</x><y>96</y><time>22-01-21 14:24:53:672</time></pt><pt><x>257</x><y>94</y><time>22-01-21 14:24:53:929</time></pt><pt><x>251</x><y>93</y><time>22-01-21 14:24:54:324</time></pt><pt><x>248</x><y>93</y><time>22-01-21 14:24:54:575</time></pt><pt><x>246</x><y>93</y><time>22-01-21 14:24:54:890</time></pt><pt><x>247</x><y>91</y><time>22-01-21 14:24:55:252</time></pt><pt><x>249</x><y>89</y><time>22-01-21 14:24:55:535</time></pt><pt><x>250</x><y>88</y><time>22-01-21 14:24:55:748</time></pt><pt><x>253</x><y>85</y><time>22-01-21 14:24:57:315</time></pt><pt><x>254</x><y>83</y><time>22-01-21 14:24:57:558</time></pt><pt><x>254</x><y>80</y><time>22-01-21 14:24:57:739</time></pt><pt><x>254</x><y>78</y><time>22-01-21 14:24:57:976</time></pt><pt><x>255</x><y>76</y><time>22-01-21 14:24:58:140</time></pt><pt><x>256</x><y>74</y><time>22-01-21 14:24:58:338</time></pt><pt><x>257</x><y>72</y><time>22-01-21 14:24:58:668</time></pt><pt><x>256</x><y>71</y><time>22-01-21 14:24:58:848</time></pt><pt><x>255</x><y>70</y><time>22-01-21 14:24:59:045</time></pt><pt><x>255</x><y>67</y><time>22-01-21 14:24:59:258</time></pt><pt><x>254</x><y>65</y><time>22-01-21 14:24:59:564</time></pt><pt><x>254</x><y>62</y><time>22-01-21 14:24:59:863</time></pt><pt><x>252</x><y>60</y><time>22-01-21 14:25:00:116</time></pt><pt><x>250</x><y>58</y><time>22-01-21 14:25:00:486</time></pt><pt><x>249</x><y>56</y><time>22-01-21 14:25:00:824</time></pt><closed_date>22-01-21 14:25:01:186</closed_date></polygon></object><object><name>person</name><deleted>0</deleted><verified>0</verified><occluded>no</occluded><attributes></attributes><parts><hasparts></hasparts><ispartof></ispartof></parts><date>22-01-21 14:36:20:150</date><id>2</id><polygon><username>7hao</username><pt><x>499</x><y>267</y><time>22-01-21 14:36:05:979</time></pt><pt><x>497</x><y>269</y><time>22-01-21 14:36:06:534</time></pt><pt><x>496</x><y>273</y><time>22-01-21 14:36:07:051</time></pt><pt><x>497</x><y>275</y><time>22-01-21 14:36:07:548</time></pt><pt><x>498</x><y>276</y><time>22-01-21 14:36:07:994</time></pt><pt><x>500</x><y>276</y><time>22-01-21 14:36:08:364</time></pt><pt><x>502</x><y>276</y><time>22-01-21 14:36:08:783</time></pt><pt><x>504</x><y>276</y><time>22-01-21 14:36:09:900</time></pt><pt><x>502</x><y>268</y><time>22-01-21 14:36:11:584</time></pt><pt><x>502</x><y>266</y><time>22-01-21 14:36:12:386</time></pt><pt><x>502</x><y>264</y><time>22-01-21 14:36:12:906</time></pt><pt><x>502</x><y>260</y><time>22-01-21 14:36:13:599</time></pt><pt><x>501</x><y>265</y><time>22-01-21 14:36:14:543</time></pt><pt><x>500</x><y>266</y><time>22-01-21 14:36:15:060</time></pt><closed_date>22-01-21 14:36:15:742</closed_date></polygon></object><object><name>person</name><deleted>0</deleted><verified>0</verified><occluded>no</occluded><attributes></attributes><parts><hasparts></hasparts><ispartof></ispartof></parts><date>22-01-21 14:37:11:948</date><id>3</id><polygon><username>7hao</username><pt><x>536</x><y>270</y><time>22-01-21 14:36:24:164</time></pt><pt><x>536</x><y>275</y><time>22-01-21 14:36:24:640</time></pt><pt><x>536</x><y>279</y><time>22-01-21 14:36:24:968</time></pt><pt><x>538</x><y>281</y><time>22-01-21 14:36:25:355</time></pt><pt><x>543</x><y>281</y><time>22-01-21 14:36:25:733</time></pt><pt><x>547</x><y>280</y><time>22-01-21 14:36:26:086</time></pt><pt><x>550</x><y>278</y><time>22-01-21 14:36:26:441</time></pt><pt><x>550</x><y>275</y><time>22-01-21 14:36:26:857</time></pt><pt><x>547</x><y>273</y><time>22-01-21 14:36:27:258</time></pt><pt><x>545</x><y>270</y><time>22-01-21 14:36:27:526</time></pt><pt><x>545</x><y>268</y><time>22-01-21 14:36:27:826</time></pt><pt><x>543</x><y>265</y><time>22-01-21 14:36:28:154</time></pt><pt><x>540</x><y>263</y><time>22-01-21 14:36:28:502</time></pt><pt><x>539</x><y>258</y><time>22-01-21 14:36:28:816</time></pt><pt><x>538</x><y>254</y><time>22-01-21 14:36:29:115</time></pt><pt><x>539</x><y>248</y><time>22-01-21 14:36:29:525</time></pt><pt><x>537</x><y>243</y><time>22-01-21 14:36:29:870</time></pt><pt><x>534</x><y>236</y><time>22-01-21 14:36:30:310</time></pt><pt><x>534</x><y>232</y><time>22-01-21 14:36:30:681</time></pt><pt><x>536</x><y>227</y><time>22-01-21 14:36:31:043</time></pt><pt><x>535</x><y>218</y><time>22-01-21 14:36:32:404</time></pt><pt><x>535</x><y>215</y><time>22-01-21 14:36:32:679</time></pt><pt><x>534</x><y>211</y><time>22-01-21 14:36:32:955</time></pt><pt><x>537</x><y>207</y><time>22-01-21 14:36:38:220</time></pt><pt><x>539</x><y>203</y><time>22-01-21 14:36:38:667</time></pt><pt><x>540</x><y>200</y><time>22-01-21 14:36:39:061</time></pt><pt><x>538</x><y>200</y><time>22-01-21 14:36:39:642</time></pt><pt><x>534</x><y>200</y><time>22-01-21 14:36:40:351</time></pt><pt><x>532</x><y>198</y><time>22-01-21 14:36:40:854</time></pt><pt><x>530</x><y>196</y><time>22-01-21 14:36:41:318</time></pt><pt><x>530</x><y>193</y><time>22-01-21 14:36:41:821</time></pt><pt><x>530</x><y>190</y><time>22-01-21 14:36:42:467</time></pt><pt><x>532</x><y>184</y><time>22-01-21 14:36:44:033</time></pt><pt><x>533</x><y>181</y><time>22-01-21 14:36:44:725</time></pt><pt><x>533</x><y>177</y><time>22-01-21 14:36:45:526</time></pt><pt><x>532</x><y>171</y><time>22-01-21 14:36:46:636</time></pt><pt><x>526</x><y>144</y><time>22-01-21 14:36:50:617</time></pt><pt><x>525</x><y>139</y><time>22-01-21 14:36:51:742</time></pt><pt><x>524</x><y>137</y><time>22-01-21 14:36:53:324</time></pt><pt><x>525</x><y>164</y><time>22-01-21 14:36:55:233</time></pt><pt><x>525</x><y>189</y><time>22-01-21 14:36:57:075</time></pt><pt><x>524</x><y>207</y><time>22-01-21 14:36:59:042</time></pt><pt><x>523</x><y>212</y><time>22-01-21 14:36:59:965</time></pt><pt><x>523</x><y>218</y><time>22-01-21 14:37:01:213</time></pt><pt><x>523</x><y>221</y><time>22-01-21 14:37:02:151</time></pt><pt><x>522</x><y>225</y><time>22-01-21 14:37:02:898</time></pt><pt><x>523</x><y>229</y><time>22-01-21 14:37:03:370</time></pt><pt><x>523</x><y>235</y><time>22-01-21 14:37:03:859</time></pt><pt><x>523</x><y>241</y><time>22-01-21 14:37:04:362</time></pt><pt><x>526</x><y>248</y><time>22-01-21 14:37:05:659</time></pt><pt><x>527</x><y>252</y><time>22-01-21 14:37:06:071</time></pt><pt><x>529</x><y>255</y><time>22-01-21 14:37:06:360</time></pt><pt><x>531</x><y>258</y><time>22-01-21 14:37:06:659</time></pt><pt><x>532</x><y>263</y><time>22-01-21 14:37:06:982</time></pt><pt><x>535</x><y>266</y><time>22-01-21 14:37:08:010</time></pt><pt><x>536</x><y>268</y><time>22-01-21 14:37:08:406</time></pt><closed_date>22-01-21 14:37:08:910</closed_date></polygon></object></annotation>