<annotation><filename>frame0062.jpg</filename><folder>users/lab605//7hao/human_20210119_4</folder><source><submittedBy>lab605</submittedBy></source><imagesize><nrows>480</nrows><ncols>640</ncols></imagesize><object><name>person</name><deleted>0</deleted><verified>0</verified><occluded>no</occluded><attributes></attributes><parts><hasparts></hasparts><ispartof></ispartof></parts><date>26-01-21 13:22:39:366</date><id>0</id><polygon><username>7hao</username><pt><x>301</x><y>0</y><time>26-01-21 13:20:08:557</time></pt><pt><x>301</x><y>5</y><time>26-01-21 13:20:09:316</time></pt><pt><x>301</x><y>7</y><time>26-01-21 13:20:09:946</time></pt><pt><x>299</x><y>8</y><time>26-01-21 13:20:10:692</time></pt><pt><x>298</x><y>13</y><time>26-01-21 13:20:11:400</time></pt><pt><x>299</x><y>17</y><time>26-01-21 13:20:11:840</time></pt><pt><x>299</x><y>18</y><time>26-01-21 13:20:12:194</time></pt><pt><x>300</x><y>19</y><time>26-01-21 13:20:12:668</time></pt><pt><x>301</x><y>21</y><time>26-01-21 13:20:15:131</time></pt><pt><x>301</x><y>24</y><time>26-01-21 13:20:15:483</time></pt><pt><x>301</x><y>26</y><time>26-01-21 13:20:15:687</time></pt><pt><x>300</x><y>28</y><time>26-01-21 13:20:15:970</time></pt><pt><x>300</x><y>29</y><time>26-01-21 13:20:16:169</time></pt><pt><x>299</x><y>31</y><time>26-01-21 13:20:56:607</time></pt><pt><x>296</x><y>32</y><time>26-01-21 13:20:57:195</time></pt><pt><x>289</x><y>34</y><time>26-01-21 13:20:57:738</time></pt><pt><x>285</x><y>36</y><time>26-01-21 13:20:58:296</time></pt><pt><x>282</x><y>40</y><time>26-01-21 13:20:58:799</time></pt><pt><x>279</x><y>57</y><time>26-01-21 13:21:01:531</time></pt><pt><x>274</x><y>82</y><time>26-01-21 13:21:04:871</time></pt><pt><x>273</x><y>93</y><time>26-01-21 13:21:05:580</time></pt><pt><x>271</x><y>106</y><time>26-01-21 13:21:06:752</time></pt><pt><x>271</x><y>116</y><time>26-01-21 13:21:07:430</time></pt><pt><x>269</x><y>139</y><time>26-01-21 13:21:09:270</time></pt><pt><x>269</x><y>145</y><time>26-01-21 13:21:09:774</time></pt><pt><x>271</x><y>148</y><time>26-01-21 13:21:13:753</time></pt><pt><x>272</x><y>152</y><time>26-01-21 13:21:14:028</time></pt><pt><x>273</x><y>156</y><time>26-01-21 13:21:14:319</time></pt><pt><x>274</x><y>160</y><time>26-01-21 13:21:14:572</time></pt><pt><x>275</x><y>163</y><time>26-01-21 13:21:14:792</time></pt><pt><x>275</x><y>166</y><time>26-01-21 13:21:15:115</time></pt><pt><x>275</x><y>169</y><time>26-01-21 13:21:22:816</time></pt><pt><x>276</x><y>172</y><time>26-01-21 13:21:23:036</time></pt><pt><x>278</x><y>175</y><time>26-01-21 13:21:23:341</time></pt><pt><x>278</x><y>182</y><time>26-01-21 13:21:23:805</time></pt><pt><x>277</x><y>191</y><time>26-01-21 13:21:25:718</time></pt><pt><x>277</x><y>200</y><time>26-01-21 13:21:26:169</time></pt><pt><x>278</x><y>203</y><time>26-01-21 13:21:26:450</time></pt><pt><x>280</x><y>204</y><time>26-01-21 13:21:26:827</time></pt><pt><x>281</x><y>206</y><time>26-01-21 13:21:26:984</time></pt><pt><x>282</x><y>213</y><time>26-01-21 13:21:27:386</time></pt><pt><x>283</x><y>226</y><time>26-01-21 13:21:28:777</time></pt><pt><x>285</x><y>229</y><time>26-01-21 13:21:28:965</time></pt><pt><x>290</x><y>233</y><time>26-01-21 13:21:29:218</time></pt><pt><x>296</x><y>238</y><time>26-01-21 13:21:29:579</time></pt><pt><x>300</x><y>242</y><time>26-01-21 13:21:29:926</time></pt><pt><x>304</x><y>247</y><time>26-01-21 13:21:30:382</time></pt><pt><x>305</x><y>249</y><time>26-01-21 13:21:30:722</time></pt><pt><x>305</x><y>253</y><time>26-01-21 13:21:30:988</time></pt><pt><x>304</x><y>274</y><time>26-01-21 13:21:32:411</time></pt><pt><x>303</x><y>284</y><time>26-01-21 13:21:32:889</time></pt><pt><x>302</x><y>290</y><time>26-01-21 13:21:33:310</time></pt><pt><x>300</x><y>293</y><time>26-01-21 13:21:33:656</time></pt><pt><x>298</x><y>296</y><time>26-01-21 13:21:33:999</time></pt><pt><x>297</x><y>299</y><time>26-01-21 13:21:34:424</time></pt><pt><x>295</x><y>300</y><time>26-01-21 13:21:34:724</time></pt><pt><x>288</x><y>305</y><time>26-01-21 13:21:35:494</time></pt><pt><x>286</x><y>306</y><time>26-01-21 13:21:35:817</time></pt><pt><x>285</x><y>308</y><time>26-01-21 13:21:36:093</time></pt><pt><x>286</x><y>313</y><time>26-01-21 13:21:37:318</time></pt><pt><x>291</x><y>314</y><time>26-01-21 13:21:37:610</time></pt><pt><x>301</x><y>316</y><time>26-01-21 13:21:38:074</time></pt><pt><x>307</x><y>317</y><time>26-01-21 13:21:38:452</time></pt><pt><x>312</x><y>318</y><time>26-01-21 13:21:38:696</time></pt><pt><x>316</x><y>318</y><time>26-01-21 13:21:39:009</time></pt><pt><x>317</x><y>315</y><time>26-01-21 13:21:39:299</time></pt><pt><x>318</x><y>310</y><time>26-01-21 13:21:39:646</time></pt><pt><x>318</x><y>304</y><time>26-01-21 13:21:39:977</time></pt><pt><x>316</x><y>300</y><time>26-01-21 13:21:40:200</time></pt><pt><x>315</x><y>298</y><time>26-01-21 13:21:40:433</time></pt><pt><x>314</x><y>290</y><time>26-01-21 13:21:40:882</time></pt><pt><x>316</x><y>282</y><time>26-01-21 13:21:41:251</time></pt><pt><x>319</x><y>278</y><time>26-01-21 13:21:41:608</time></pt><pt><x>322</x><y>267</y><time>26-01-21 13:21:42:967</time></pt><pt><x>325</x><y>264</y><time>26-01-21 13:21:43:233</time></pt><pt><x>328</x><y>264</y><time>26-01-21 13:21:43:453</time></pt><pt><x>335</x><y>268</y><time>26-01-21 13:21:43:877</time></pt><pt><x>341</x><y>272</y><time>26-01-21 13:21:44:264</time></pt><pt><x>343</x><y>276</y><time>26-01-21 13:21:44:508</time></pt><pt><x>340</x><y>281</y><time>26-01-21 13:21:45:690</time></pt><pt><x>342</x><y>290</y><time>26-01-21 13:21:45:955</time></pt><pt><x>341</x><y>297</y><time>26-01-21 13:21:47:387</time></pt><pt><x>339</x><y>301</y><time>26-01-21 13:21:47:631</time></pt><pt><x>337</x><y>305</y><time>26-01-21 13:21:47:780</time></pt><pt><x>336</x><y>312</y><time>26-01-21 13:21:48:047</time></pt><pt><x>334</x><y>316</y><time>26-01-21 13:21:49:541</time></pt><pt><x>338</x><y>317</y><time>26-01-21 13:21:49:808</time></pt><pt><x>343</x><y>318</y><time>26-01-21 13:21:50:021</time></pt><pt><x>359</x><y>308</y><time>26-01-21 13:21:50:700</time></pt><pt><x>366</x><y>297</y><time>26-01-21 13:21:51:085</time></pt><pt><x>369</x><y>290</y><time>26-01-21 13:21:51:416</time></pt><pt><x>372</x><y>287</y><time>26-01-21 13:21:54:341</time></pt><pt><x>378</x><y>283</y><time>26-01-21 13:21:54:622</time></pt><pt><x>381</x><y>279</y><time>26-01-21 13:21:54:836</time></pt><pt><x>382</x><y>275</y><time>26-01-21 13:21:55:055</time></pt><pt><x>378</x><y>272</y><time>26-01-21 13:21:55:243</time></pt><pt><x>372</x><y>270</y><time>26-01-21 13:21:55:456</time></pt><pt><x>361</x><y>267</y><time>26-01-21 13:21:55:919</time></pt><pt><x>356</x><y>264</y><time>26-01-21 13:21:56:221</time></pt><pt><x>347</x><y>256</y><time>26-01-21 13:21:56:840</time></pt><pt><x>338</x><y>245</y><time>26-01-21 13:21:59:617</time></pt><pt><x>332</x><y>235</y><time>26-01-21 13:22:00:057</time></pt><pt><x>325</x><y>229</y><time>26-01-21 13:22:00:529</time></pt><pt><x>325</x><y>224</y><time>26-01-21 13:22:00:960</time></pt><pt><x>328</x><y>209</y><time>26-01-21 13:22:02:007</time></pt><pt><x>331</x><y>198</y><time>26-01-21 13:22:08:191</time></pt><pt><x>337</x><y>177</y><time>26-01-21 13:22:09:504</time></pt><pt><x>342</x><y>167</y><time>26-01-21 13:22:10:117</time></pt><pt><x>344</x><y>157</y><time>26-01-21 13:22:10:761</time></pt><pt><x>342</x><y>154</y><time>26-01-21 13:22:11:083</time></pt><pt><x>344</x><y>150</y><time>26-01-21 13:22:14:143</time></pt><pt><x>346</x><y>144</y><time>26-01-21 13:22:14:531</time></pt><pt><x>347</x><y>140</y><time>26-01-21 13:22:14:726</time></pt><pt><x>346</x><y>138</y><time>26-01-21 13:22:14:908</time></pt><pt><x>345</x><y>135</y><time>26-01-21 13:22:15:113</time></pt><pt><x>347</x><y>132</y><time>26-01-21 13:22:15:316</time></pt><pt><x>348</x><y>126</y><time>26-01-21 13:22:16:819</time></pt><pt><x>347</x><y>126</y><time>26-01-21 13:22:16:983</time></pt><pt><x>347</x><y>122</y><time>26-01-21 13:22:17:157</time></pt><pt><x>349</x><y>115</y><time>26-01-21 13:22:17:518</time></pt><pt><x>350</x><y>106</y><time>26-01-21 13:22:17:920</time></pt><pt><x>350</x><y>100</y><time>26-01-21 13:22:18:280</time></pt><pt><x>352</x><y>86</y><time>26-01-21 13:22:19:494</time></pt><pt><x>352</x><y>82</y><time>26-01-21 13:22:19:770</time></pt><pt><x>353</x><y>76</y><time>26-01-21 13:22:20:421</time></pt><pt><x>351</x><y>68</y><time>26-01-21 13:22:21:004</time></pt><pt><x>348</x><y>57</y><time>26-01-21 13:22:21:569</time></pt><pt><x>345</x><y>49</y><time>26-01-21 13:22:22:929</time></pt><pt><x>344</x><y>42</y><time>26-01-21 13:22:23:244</time></pt><pt><x>340</x><y>33</y><time>26-01-21 13:22:23:730</time></pt><pt><x>333</x><y>28</y><time>26-01-21 13:22:24:313</time></pt><pt><x>328</x><y>25</y><time>26-01-21 13:22:25:257</time></pt><pt><x>331</x><y>22</y><time>26-01-21 13:22:25:801</time></pt><pt><x>332</x><y>20</y><time>26-01-21 13:22:26:075</time></pt><pt><x>332</x><y>18</y><time>26-01-21 13:22:26:282</time></pt><pt><x>332</x><y>17</y><time>26-01-21 13:22:26:502</time></pt><pt><x>331</x><y>15</y><time>26-01-21 13:22:26:721</time></pt><pt><x>332</x><y>13</y><time>26-01-21 13:22:26:894</time></pt><pt><x>334</x><y>10</y><time>26-01-21 13:22:32:880</time></pt><pt><x>335</x><y>6</y><time>26-01-21 13:22:33:211</time></pt><pt><x>335</x><y>4</y><time>26-01-21 13:22:33:470</time></pt><pt><x>334</x><y>1</y><time>26-01-21 13:22:33:862</time></pt><pt><x>332</x><y>0</y><time>26-01-21 13:22:34:335</time></pt><closed_date>26-01-21 13:22:35:583</closed_date></polygon></object><object><name>person</name><deleted>0</deleted><verified>0</verified><occluded>no</occluded><attributes></attributes><parts><hasparts></hasparts><ispartof></ispartof></parts><date>26-01-21 13:23:37:357</date><id>1</id><polygon><username>7hao</username><pt><x>382</x><y>73</y><time>26-01-21 13:22:42:336</time></pt><pt><x>377</x><y>70</y><time>26-01-21 13:22:42:791</time></pt><pt><x>371</x><y>68</y><time>26-01-21 13:22:43:178</time></pt><pt><x>365</x><y>71</y><time>26-01-21 13:22:43:751</time></pt><pt><x>360</x><y>76</y><time>26-01-21 13:22:44:255</time></pt><pt><x>359</x><y>80</y><time>26-01-21 13:22:44:635</time></pt><pt><x>358</x><y>83</y><time>26-01-21 13:22:44:980</time></pt><pt><x>357</x><y>85</y><time>26-01-21 13:22:45:433</time></pt><pt><x>357</x><y>88</y><time>26-01-21 13:22:45:763</time></pt><pt><x>359</x><y>91</y><time>26-01-21 13:22:46:081</time></pt><pt><x>362</x><y>94</y><time>26-01-21 13:22:46:465</time></pt><pt><x>366</x><y>97</y><time>26-01-21 13:22:46:817</time></pt><pt><x>367</x><y>100</y><time>26-01-21 13:22:47:104</time></pt><pt><x>366</x><y>102</y><time>26-01-21 13:22:47:361</time></pt><pt><x>361</x><y>106</y><time>26-01-21 13:22:47:844</time></pt><pt><x>355</x><y>111</y><time>26-01-21 13:22:48:348</time></pt><pt><x>352</x><y>119</y><time>26-01-21 13:22:48:925</time></pt><pt><x>350</x><y>126</y><time>26-01-21 13:22:54:882</time></pt><pt><x>350</x><y>136</y><time>26-01-21 13:22:55:512</time></pt><pt><x>350</x><y>145</y><time>26-01-21 13:22:56:052</time></pt><pt><x>350</x><y>153</y><time>26-01-21 13:22:56:508</time></pt><pt><x>349</x><y>160</y><time>26-01-21 13:22:56:855</time></pt><pt><x>348</x><y>170</y><time>26-01-21 13:22:58:017</time></pt><pt><x>347</x><y>181</y><time>26-01-21 13:22:58:530</time></pt><pt><x>350</x><y>191</y><time>26-01-21 13:22:59:010</time></pt><pt><x>354</x><y>198</y><time>26-01-21 13:22:59:584</time></pt><pt><x>357</x><y>208</y><time>26-01-21 13:23:01:180</time></pt><pt><x>359</x><y>220</y><time>26-01-21 13:23:02:091</time></pt><pt><x>359</x><y>232</y><time>26-01-21 13:23:02:808</time></pt><pt><x>359</x><y>237</y><time>26-01-21 13:23:03:376</time></pt><pt><x>357</x><y>247</y><time>26-01-21 13:23:04:689</time></pt><pt><x>356</x><y>253</y><time>26-01-21 13:23:05:310</time></pt><pt><x>355</x><y>260</y><time>26-01-21 13:23:06:013</time></pt><pt><x>355</x><y>262</y><time>26-01-21 13:23:10:336</time></pt><pt><x>358</x><y>264</y><time>26-01-21 13:23:13:913</time></pt><pt><x>360</x><y>265</y><time>26-01-21 13:23:14:684</time></pt><pt><x>363</x><y>267</y><time>26-01-21 13:23:15:620</time></pt><pt><x>367</x><y>268</y><time>26-01-21 13:23:16:705</time></pt><pt><x>370</x><y>268</y><time>26-01-21 13:23:17:397</time></pt><pt><x>372</x><y>266</y><time>26-01-21 13:23:17:901</time></pt><pt><x>376</x><y>259</y><time>26-01-21 13:23:18:351</time></pt><pt><x>380</x><y>248</y><time>26-01-21 13:23:18:869</time></pt><pt><x>387</x><y>238</y><time>26-01-21 13:23:19:553</time></pt><pt><x>392</x><y>232</y><time>26-01-21 13:23:19:978</time></pt><pt><x>391</x><y>223</y><time>26-01-21 13:23:20:484</time></pt><pt><x>388</x><y>201</y><time>26-01-21 13:23:22:044</time></pt><pt><x>387</x><y>197</y><time>26-01-21 13:23:22:424</time></pt><pt><x>389</x><y>195</y><time>26-01-21 13:23:22:675</time></pt><pt><x>392</x><y>195</y><time>26-01-21 13:23:22:928</time></pt><pt><x>394</x><y>192</y><time>26-01-21 13:23:23:217</time></pt><pt><x>394</x><y>189</y><time>26-01-21 13:23:23:367</time></pt><pt><x>392</x><y>184</y><time>26-01-21 13:23:23:665</time></pt><pt><x>389</x><y>180</y><time>26-01-21 13:23:23:941</time></pt><pt><x>385</x><y>172</y><time>26-01-21 13:23:25:293</time></pt><pt><x>384</x><y>168</y><time>26-01-21 13:23:25:529</time></pt><pt><x>386</x><y>151</y><time>26-01-21 13:23:27:013</time></pt><pt><x>387</x><y>139</y><time>26-01-21 13:23:27:584</time></pt><pt><x>386</x><y>122</y><time>26-01-21 13:23:28:825</time></pt><pt><x>382</x><y>116</y><time>26-01-21 13:23:29:164</time></pt><pt><x>380</x><y>111</y><time>26-01-21 13:23:29:920</time></pt><pt><x>382</x><y>106</y><time>26-01-21 13:23:30:157</time></pt><pt><x>384</x><y>102</y><time>26-01-21 13:23:30:587</time></pt><pt><x>387</x><y>100</y><time>26-01-21 13:23:30:815</time></pt><pt><x>389</x><y>99</y><time>26-01-21 13:23:31:067</time></pt><pt><x>390</x><y>95</y><time>26-01-21 13:23:31:391</time></pt><pt><x>390</x><y>91</y><time>26-01-21 13:23:31:886</time></pt><pt><x>391</x><y>89</y><time>26-01-21 13:23:32:208</time></pt><pt><x>390</x><y>86</y><time>26-01-21 13:23:32:451</time></pt><pt><x>388</x><y>84</y><time>26-01-21 13:23:32:673</time></pt><pt><x>388</x><y>82</y><time>26-01-21 13:23:32:924</time></pt><pt><x>389</x><y>79</y><time>26-01-21 13:23:33:226</time></pt><pt><x>389</x><y>77</y><time>26-01-21 13:23:33:505</time></pt><pt><x>389</x><y>75</y><time>26-01-21 13:23:33:741</time></pt><pt><x>389</x><y>74</y><time>26-01-21 13:23:33:929</time></pt><pt><x>386</x><y>74</y><time>26-01-21 13:23:34:152</time></pt><pt><x>385</x><y>74</y><time>26-01-21 13:23:34:401</time></pt><closed_date>26-01-21 13:23:35:016</closed_date></polygon></object><object><name>person</name><deleted>0</deleted><verified>0</verified><occluded>no</occluded><attributes></attributes><parts><hasparts></hasparts><ispartof></ispartof></parts><date>26-01-21 13:24:09:826</date><id>2</id><polygon><username>7hao</username><pt><x>376</x><y>286</y><time>26-01-21 13:23:42:147</time></pt><pt><x>377</x><y>287</y><time>26-01-21 13:23:42:551</time></pt><pt><x>378</x><y>288</y><time>26-01-21 13:23:43:015</time></pt><pt><x>380</x><y>289</y><time>26-01-21 13:23:56:863</time></pt><pt><x>382</x><y>290</y><time>26-01-21 13:23:57:333</time></pt><pt><x>385</x><y>292</y><time>26-01-21 13:23:57:609</time></pt><pt><x>386</x><y>293</y><time>26-01-21 13:23:57:948</time></pt><pt><x>386</x><y>295</y><time>26-01-21 13:23:58:165</time></pt><pt><x>384</x><y>297</y><time>26-01-21 13:23:58:382</time></pt><pt><x>374</x><y>298</y><time>26-01-21 13:23:59:055</time></pt><pt><x>367</x><y>297</y><time>26-01-21 13:24:00:220</time></pt><pt><x>370</x><y>291</y><time>26-01-21 13:24:04:947</time></pt><pt><x>371</x><y>289</y><time>26-01-21 13:24:05:862</time></pt><pt><x>374</x><y>287</y><time>26-01-21 13:24:06:520</time></pt><closed_date>26-01-21 13:24:07:164</closed_date></polygon></object></annotation>