<annotation><filename>frame0037.jpg</filename><folder>users/lab605//7hao/human_20210119_4</folder><source><submittedBy>lab605</submittedBy></source><imagesize><nrows>480</nrows><ncols>640</ncols></imagesize><object><name>person</name><deleted>0</deleted><verified>0</verified><occluded>no</occluded><attributes></attributes><parts><hasparts></hasparts><ispartof></ispartof></parts><date>25-01-21 17:13:12:050</date><id>0</id><polygon><username>7hao</username><pt><x>413</x><y>1</y><time>25-01-21 17:12:19:121</time></pt><pt><x>412</x><y>6</y><time>25-01-21 17:12:19:554</time></pt><pt><x>413</x><y>11</y><time>25-01-21 17:12:19:882</time></pt><pt><x>415</x><y>20</y><time>25-01-21 17:12:22:751</time></pt><pt><x>416</x><y>23</y><time>25-01-21 17:12:23:029</time></pt><pt><x>414</x><y>25</y><time>25-01-21 17:12:23:286</time></pt><pt><x>409</x><y>27</y><time>25-01-21 17:12:23:501</time></pt><pt><x>402</x><y>36</y><time>25-01-21 17:12:25:136</time></pt><pt><x>398</x><y>45</y><time>25-01-21 17:12:25:837</time></pt><pt><x>398</x><y>51</y><time>25-01-21 17:12:26:250</time></pt><pt><x>399</x><y>58</y><time>25-01-21 17:12:26:581</time></pt><pt><x>402</x><y>61</y><time>25-01-21 17:12:26:832</time></pt><pt><x>402</x><y>68</y><time>25-01-21 17:12:28:162</time></pt><pt><x>402</x><y>76</y><time>25-01-21 17:12:28:483</time></pt><pt><x>399</x><y>114</y><time>25-01-21 17:12:29:968</time></pt><pt><x>398</x><y>132</y><time>25-01-21 17:12:31:139</time></pt><pt><x>399</x><y>136</y><time>25-01-21 17:12:31:359</time></pt><pt><x>399</x><y>141</y><time>25-01-21 17:12:31:527</time></pt><pt><x>400</x><y>146</y><time>25-01-21 17:12:31:759</time></pt><pt><x>399</x><y>149</y><time>25-01-21 17:12:31:959</time></pt><pt><x>398</x><y>153</y><time>25-01-21 17:12:32:148</time></pt><pt><x>397</x><y>157</y><time>25-01-21 17:12:32:358</time></pt><pt><x>397</x><y>160</y><time>25-01-21 17:12:32:585</time></pt><pt><x>400</x><y>162</y><time>25-01-21 17:12:32:805</time></pt><pt><x>403</x><y>163</y><time>25-01-21 17:12:32:988</time></pt><pt><x>404</x><y>168</y><time>25-01-21 17:12:33:388</time></pt><pt><x>405</x><y>174</y><time>25-01-21 17:12:33:674</time></pt><pt><x>407</x><y>177</y><time>25-01-21 17:12:33:869</time></pt><pt><x>410</x><y>187</y><time>25-01-21 17:12:34:938</time></pt><pt><x>410</x><y>195</y><time>25-01-21 17:12:35:095</time></pt><pt><x>411</x><y>203</y><time>25-01-21 17:12:35:502</time></pt><pt><x>413</x><y>213</y><time>25-01-21 17:12:36:769</time></pt><pt><x>413</x><y>219</y><time>25-01-21 17:12:36:952</time></pt><pt><x>412</x><y>226</y><time>25-01-21 17:12:37:114</time></pt><pt><x>409</x><y>235</y><time>25-01-21 17:12:37:393</time></pt><pt><x>409</x><y>241</y><time>25-01-21 17:12:37:569</time></pt><pt><x>408</x><y>249</y><time>25-01-21 17:12:37:859</time></pt><pt><x>406</x><y>268</y><time>25-01-21 17:12:38:938</time></pt><pt><x>406</x><y>273</y><time>25-01-21 17:12:39:111</time></pt><pt><x>403</x><y>284</y><time>25-01-21 17:12:39:322</time></pt><pt><x>402</x><y>293</y><time>25-01-21 17:12:39:582</time></pt><pt><x>402</x><y>297</y><time>25-01-21 17:12:39:842</time></pt><pt><x>402</x><y>300</y><time>25-01-21 17:12:40:007</time></pt><pt><x>402</x><y>303</y><time>25-01-21 17:12:40:213</time></pt><pt><x>401</x><y>308</y><time>25-01-21 17:12:41:391</time></pt><pt><x>400</x><y>313</y><time>25-01-21 17:12:41:539</time></pt><pt><x>399</x><y>318</y><time>25-01-21 17:12:41:729</time></pt><pt><x>399</x><y>321</y><time>25-01-21 17:12:41:950</time></pt><pt><x>403</x><y>323</y><time>25-01-21 17:12:42:311</time></pt><pt><x>413</x><y>323</y><time>25-01-21 17:12:42:607</time></pt><pt><x>422</x><y>322</y><time>25-01-21 17:12:42:930</time></pt><pt><x>425</x><y>323</y><time>25-01-21 17:12:43:159</time></pt><pt><x>430</x><y>325</y><time>25-01-21 17:12:43:426</time></pt><pt><x>436</x><y>327</y><time>25-01-21 17:12:43:695</time></pt><pt><x>445</x><y>329</y><time>25-01-21 17:12:44:038</time></pt><pt><x>452</x><y>330</y><time>25-01-21 17:12:44:259</time></pt><pt><x>458</x><y>331</y><time>25-01-21 17:12:44:455</time></pt><pt><x>462</x><y>329</y><time>25-01-21 17:12:44:670</time></pt><pt><x>464</x><y>325</y><time>25-01-21 17:12:44:920</time></pt><pt><x>463</x><y>322</y><time>25-01-21 17:12:45:030</time></pt><pt><x>461</x><y>319</y><time>25-01-21 17:12:45:162</time></pt><pt><x>455</x><y>315</y><time>25-01-21 17:12:45:352</time></pt><pt><x>443</x><y>310</y><time>25-01-21 17:12:45:720</time></pt><pt><x>439</x><y>307</y><time>25-01-21 17:12:45:909</time></pt><pt><x>437</x><y>301</y><time>25-01-21 17:12:46:090</time></pt><pt><x>438</x><y>296</y><time>25-01-21 17:12:46:278</time></pt><pt><x>451</x><y>272</y><time>25-01-21 17:12:47:364</time></pt><pt><x>454</x><y>267</y><time>25-01-21 17:12:47:575</time></pt><pt><x>462</x><y>250</y><time>25-01-21 17:12:47:905</time></pt><pt><x>468</x><y>239</y><time>25-01-21 17:12:48:415</time></pt><pt><x>471</x><y>219</y><time>25-01-21 17:12:49:493</time></pt><pt><x>469</x><y>209</y><time>25-01-21 17:12:49:689</time></pt><pt><x>469</x><y>198</y><time>25-01-21 17:12:49:934</time></pt><pt><x>469</x><y>193</y><time>25-01-21 17:12:50:154</time></pt><pt><x>468</x><y>188</y><time>25-01-21 17:12:51:202</time></pt><pt><x>462</x><y>182</y><time>25-01-21 17:12:51:356</time></pt><pt><x>458</x><y>176</y><time>25-01-21 17:12:51:601</time></pt><pt><x>455</x><y>158</y><time>25-01-21 17:12:52:481</time></pt><pt><x>455</x><y>150</y><time>25-01-21 17:12:52:669</time></pt><pt><x>455</x><y>145</y><time>25-01-21 17:12:52:898</time></pt><pt><x>458</x><y>147</y><time>25-01-21 17:12:53:134</time></pt><pt><x>459</x><y>150</y><time>25-01-21 17:12:53:331</time></pt><pt><x>458</x><y>153</y><time>25-01-21 17:12:53:559</time></pt><pt><x>457</x><y>154</y><time>25-01-21 17:12:53:732</time></pt><pt><x>456</x><y>157</y><time>25-01-21 17:12:53:896</time></pt><pt><x>457</x><y>159</y><time>25-01-21 17:12:54:063</time></pt><pt><x>463</x><y>160</y><time>25-01-21 17:12:54:335</time></pt><pt><x>467</x><y>164</y><time>25-01-21 17:12:54:706</time></pt><pt><x>468</x><y>164</y><time>25-01-21 17:12:54:901</time></pt><pt><x>471</x><y>162</y><time>25-01-21 17:12:55:113</time></pt><pt><x>473</x><y>157</y><time>25-01-21 17:12:55:296</time></pt><pt><x>474</x><y>150</y><time>25-01-21 17:12:55:553</time></pt><pt><x>473</x><y>145</y><time>25-01-21 17:12:55:728</time></pt><pt><x>468</x><y>139</y><time>25-01-21 17:12:55:994</time></pt><pt><x>464</x><y>132</y><time>25-01-21 17:12:59:462</time></pt><pt><x>462</x><y>128</y><time>25-01-21 17:12:59:657</time></pt><pt><x>459</x><y>120</y><time>25-01-21 17:12:59:849</time></pt><pt><x>456</x><y>92</y><time>25-01-21 17:13:01:130</time></pt><pt><x>453</x><y>85</y><time>25-01-21 17:13:01:309</time></pt><pt><x>452</x><y>78</y><time>25-01-21 17:13:01:481</time></pt><pt><x>452</x><y>75</y><time>25-01-21 17:13:01:631</time></pt><pt><x>443</x><y>53</y><time>25-01-21 17:13:02:589</time></pt><pt><x>442</x><y>45</y><time>25-01-21 17:13:02:755</time></pt><pt><x>443</x><y>38</y><time>25-01-21 17:13:02:979</time></pt><pt><x>446</x><y>36</y><time>25-01-21 17:13:03:163</time></pt><pt><x>451</x><y>35</y><time>25-01-21 17:13:03:343</time></pt><pt><x>453</x><y>32</y><time>25-01-21 17:13:03:563</time></pt><pt><x>453</x><y>25</y><time>25-01-21 17:13:05:285</time></pt><pt><x>453</x><y>21</y><time>25-01-21 17:13:05:454</time></pt><pt><x>453</x><y>17</y><time>25-01-21 17:13:05:632</time></pt><pt><x>454</x><y>14</y><time>25-01-21 17:13:05:798</time></pt><pt><x>456</x><y>11</y><time>25-01-21 17:13:05:986</time></pt><pt><x>456</x><y>6</y><time>25-01-21 17:13:06:190</time></pt><pt><x>456</x><y>3</y><time>25-01-21 17:13:06:385</time></pt><pt><x>452</x><y>2</y><time>25-01-21 17:13:06:584</time></pt><pt><x>450</x><y>1</y><time>25-01-21 17:13:06:922</time></pt><pt><x>449</x><y>0</y><time>25-01-21 17:13:07:447</time></pt><pt><x>414</x><y>0</y><time>25-01-21 17:13:08:707</time></pt><closed_date>25-01-21 17:13:09:224</closed_date></polygon></object><object><name>person</name><deleted>0</deleted><verified>0</verified><occluded>no</occluded><attributes></attributes><parts><hasparts></hasparts><ispartof></ispartof></parts><date>25-01-21 17:14:39:738</date><id>1</id><polygon><username>7hao</username><pt><x>394</x><y>71</y><time>25-01-21 17:13:21:882</time></pt><pt><x>391</x><y>71</y><time>25-01-21 17:13:27:242</time></pt><pt><x>386</x><y>72</y><time>25-01-21 17:13:27:439</time></pt><pt><x>383</x><y>74</y><time>25-01-21 17:13:27:595</time></pt><pt><x>379</x><y>75</y><time>25-01-21 17:13:27:777</time></pt><pt><x>374</x><y>76</y><time>25-01-21 17:13:27:934</time></pt><pt><x>372</x><y>79</y><time>25-01-21 17:13:28:083</time></pt><pt><x>371</x><y>84</y><time>25-01-21 17:13:28:304</time></pt><pt><x>371</x><y>89</y><time>25-01-21 17:13:31:111</time></pt><pt><x>371</x><y>92</y><time>25-01-21 17:13:31:245</time></pt><pt><x>372</x><y>96</y><time>25-01-21 17:13:31:465</time></pt><pt><x>373</x><y>100</y><time>25-01-21 17:13:31:692</time></pt><pt><x>374</x><y>102</y><time>25-01-21 17:13:31:857</time></pt><pt><x>377</x><y>104</y><time>25-01-21 17:13:32:072</time></pt><pt><x>380</x><y>105</y><time>25-01-21 17:13:32:243</time></pt><pt><x>380</x><y>107</y><time>25-01-21 17:13:32:453</time></pt><pt><x>377</x><y>111</y><time>25-01-21 17:13:32:848</time></pt><pt><x>375</x><y>114</y><time>25-01-21 17:13:33:070</time></pt><pt><x>374</x><y>123</y><time>25-01-21 17:13:34:686</time></pt><pt><x>373</x><y>129</y><time>25-01-21 17:13:34:844</time></pt><pt><x>372</x><y>138</y><time>25-01-21 17:13:35:073</time></pt><pt><x>370</x><y>142</y><time>25-01-21 17:13:35:243</time></pt><pt><x>367</x><y>149</y><time>25-01-21 17:13:36:383</time></pt><pt><x>364</x><y>157</y><time>25-01-21 17:13:36:729</time></pt><pt><x>362</x><y>163</y><time>25-01-21 17:13:36:951</time></pt><pt><x>357</x><y>175</y><time>25-01-21 17:13:37:721</time></pt><pt><x>356</x><y>178</y><time>25-01-21 17:13:37:902</time></pt><pt><x>354</x><y>179</y><time>25-01-21 17:13:38:100</time></pt><pt><x>353</x><y>181</y><time>25-01-21 17:13:38:258</time></pt><pt><x>350</x><y>184</y><time>25-01-21 17:13:38:413</time></pt><pt><x>349</x><y>188</y><time>25-01-21 17:13:38:610</time></pt><pt><x>351</x><y>193</y><time>25-01-21 17:13:38:822</time></pt><pt><x>356</x><y>196</y><time>25-01-21 17:13:39:068</time></pt><pt><x>361</x><y>197</y><time>25-01-21 17:13:39:332</time></pt><pt><x>363</x><y>195</y><time>25-01-21 17:13:39:544</time></pt><pt><x>364</x><y>191</y><time>25-01-21 17:13:39:710</time></pt><pt><x>364</x><y>187</y><time>25-01-21 17:13:39:945</time></pt><pt><x>364</x><y>183</y><time>25-01-21 17:13:40:126</time></pt><pt><x>366</x><y>180</y><time>25-01-21 17:13:40:316</time></pt><pt><x>368</x><y>176</y><time>25-01-21 17:13:40:576</time></pt><pt><x>370</x><y>174</y><time>25-01-21 17:13:40:788</time></pt><pt><x>372</x><y>172</y><time>25-01-21 17:13:41:055</time></pt><pt><x>374</x><y>174</y><time>25-01-21 17:13:41:258</time></pt><pt><x>374</x><y>177</y><time>25-01-21 17:13:41:416</time></pt><pt><x>374</x><y>182</y><time>25-01-21 17:13:41:705</time></pt><pt><x>373</x><y>194</y><time>25-01-21 17:13:42:719</time></pt><pt><x>373</x><y>199</y><time>25-01-21 17:13:42:887</time></pt><pt><x>373</x><y>206</y><time>25-01-21 17:13:43:084</time></pt><pt><x>372</x><y>212</y><time>25-01-21 17:13:43:286</time></pt><pt><x>371</x><y>221</y><time>25-01-21 17:13:43:679</time></pt><pt><x>373</x><y>227</y><time>25-01-21 17:13:44:238</time></pt><pt><x>382</x><y>247</y><time>25-01-21 17:13:45:590</time></pt><pt><x>384</x><y>255</y><time>25-01-21 17:13:45:888</time></pt><pt><x>388</x><y>270</y><time>25-01-21 17:13:47:131</time></pt><pt><x>388</x><y>273</y><time>25-01-21 17:13:47:337</time></pt><pt><x>387</x><y>277</y><time>25-01-21 17:13:54:362</time></pt><pt><x>383</x><y>278</y><time>25-01-21 17:13:54:520</time></pt><pt><x>378</x><y>279</y><time>25-01-21 17:13:54:691</time></pt><pt><x>377</x><y>282</y><time>25-01-21 17:13:54:850</time></pt><pt><x>376</x><y>284</y><time>25-01-21 17:13:55:009</time></pt><pt><x>380</x><y>287</y><time>25-01-21 17:13:55:237</time></pt><pt><x>385</x><y>288</y><time>25-01-21 17:13:55:439</time></pt><pt><x>395</x><y>287</y><time>25-01-21 17:13:55:778</time></pt><pt><x>401</x><y>287</y><time>25-01-21 17:13:56:044</time></pt><pt><x>402</x><y>287</y><time>25-01-21 17:13:56:531</time></pt><pt><x>402</x><y>283</y><time>25-01-21 17:13:57:302</time></pt><pt><x>403</x><y>279</y><time>25-01-21 17:13:57:948</time></pt><pt><x>404</x><y>274</y><time>25-01-21 17:14:03:742</time></pt><pt><x>404</x><y>271</y><time>25-01-21 17:14:04:097</time></pt><pt><x>404</x><y>262</y><time>25-01-21 17:14:04:582</time></pt><pt><x>403</x><y>239</y><time>25-01-21 17:14:05:573</time></pt><pt><x>400</x><y>229</y><time>25-01-21 17:14:05:815</time></pt><pt><x>398</x><y>225</y><time>25-01-21 17:14:06:014</time></pt><pt><x>397</x><y>217</y><time>25-01-21 17:14:08:709</time></pt><pt><x>398</x><y>208</y><time>25-01-21 17:14:09:071</time></pt><pt><x>400</x><y>196</y><time>25-01-21 17:14:10:204</time></pt><pt><x>403</x><y>191</y><time>25-01-21 17:14:10:449</time></pt><pt><x>405</x><y>187</y><time>25-01-21 17:14:10:635</time></pt><pt><x>407</x><y>183</y><time>25-01-21 17:14:11:030</time></pt><pt><x>407</x><y>180</y><time>25-01-21 17:14:11:414</time></pt><pt><x>406</x><y>177</y><time>25-01-21 17:14:12:319</time></pt><pt><x>404</x><y>175</y><time>25-01-21 17:14:12:758</time></pt><pt><x>403</x><y>170</y><time>25-01-21 17:14:16:368</time></pt><pt><x>403</x><y>166</y><time>25-01-21 17:14:16:965</time></pt><pt><x>402</x><y>164</y><time>25-01-21 17:14:17:458</time></pt><pt><x>399</x><y>162</y><time>25-01-21 17:14:18:157</time></pt><pt><x>396</x><y>161</y><time>25-01-21 17:14:18:647</time></pt><pt><x>396</x><y>158</y><time>25-01-21 17:14:19:115</time></pt><pt><x>396</x><y>154</y><time>25-01-21 17:14:19:643</time></pt><pt><x>397</x><y>151</y><time>25-01-21 17:14:20:092</time></pt><pt><x>398</x><y>148</y><time>25-01-21 17:14:20:910</time></pt><pt><x>399</x><y>146</y><time>25-01-21 17:14:21:349</time></pt><pt><x>398</x><y>143</y><time>25-01-21 17:14:23:961</time></pt><pt><x>398</x><y>140</y><time>25-01-21 17:14:24:525</time></pt><pt><x>398</x><y>137</y><time>25-01-21 17:14:25:005</time></pt><pt><x>398</x><y>135</y><time>25-01-21 17:14:25:585</time></pt><pt><x>397</x><y>132</y><time>25-01-21 17:14:26:075</time></pt><pt><x>397</x><y>129</y><time>25-01-21 17:14:26:537</time></pt><pt><x>399</x><y>105</y><time>25-01-21 17:14:28:636</time></pt><pt><x>396</x><y>102</y><time>25-01-21 17:14:29:462</time></pt><pt><x>395</x><y>99</y><time>25-01-21 17:14:29:831</time></pt><pt><x>396</x><y>97</y><time>25-01-21 17:14:30:060</time></pt><pt><x>397</x><y>95</y><time>25-01-21 17:14:30:295</time></pt><pt><x>399</x><y>93</y><time>25-01-21 17:14:30:492</time></pt><pt><x>400</x><y>91</y><time>25-01-21 17:14:32:675</time></pt><pt><x>400</x><y>89</y><time>25-01-21 17:14:33:266</time></pt><pt><x>401</x><y>81</y><time>25-01-21 17:14:34:130</time></pt><pt><x>398</x><y>78</y><time>25-01-21 17:14:35:264</time></pt><pt><x>397</x><y>75</y><time>25-01-21 17:14:35:545</time></pt><pt><x>396</x><y>74</y><time>25-01-21 17:14:35:806</time></pt><pt><x>395</x><y>72</y><time>25-01-21 17:14:36:843</time></pt><closed_date>25-01-21 17:14:37:329</closed_date></polygon></object><object><name>person</name><deleted>0</deleted><verified>0</verified><occluded>no</occluded><attributes></attributes><parts><hasparts></hasparts><ispartof></ispartof></parts><date>25-01-21 17:16:00:289</date><id>2</id><polygon><username>7hao</username><pt><x>579</x><y>61</y><time>25-01-21 17:14:51:374</time></pt><pt><x>576</x><y>56</y><time>25-01-21 17:14:51:768</time></pt><pt><x>571</x><y>54</y><time>25-01-21 17:14:52:058</time></pt><pt><x>566</x><y>53</y><time>25-01-21 17:14:52:310</time></pt><pt><x>560</x><y>53</y><time>25-01-21 17:14:52:506</time></pt><pt><x>555</x><y>57</y><time>25-01-21 17:14:52:733</time></pt><pt><x>552</x><y>60</y><time>25-01-21 17:14:53:027</time></pt><pt><x>551</x><y>63</y><time>25-01-21 17:14:53:206</time></pt><pt><x>551</x><y>69</y><time>25-01-21 17:14:53:403</time></pt><pt><x>551</x><y>73</y><time>25-01-21 17:14:53:638</time></pt><pt><x>552</x><y>79</y><time>25-01-21 17:14:54:062</time></pt><pt><x>553</x><y>81</y><time>25-01-21 17:14:54:237</time></pt><pt><x>557</x><y>83</y><time>25-01-21 17:14:54:424</time></pt><pt><x>558</x><y>84</y><time>25-01-21 17:14:55:824</time></pt><pt><x>558</x><y>87</y><time>25-01-21 17:14:56:036</time></pt><pt><x>556</x><y>87</y><time>25-01-21 17:14:56:194</time></pt><pt><x>553</x><y>88</y><time>25-01-21 17:14:56:374</time></pt><pt><x>552</x><y>89</y><time>25-01-21 17:14:56:524</time></pt><pt><x>551</x><y>93</y><time>25-01-21 17:14:56:752</time></pt><pt><x>550</x><y>95</y><time>25-01-21 17:14:56:917</time></pt><pt><x>545</x><y>96</y><time>25-01-21 17:14:57:254</time></pt><pt><x>541</x><y>98</y><time>25-01-21 17:14:57:647</time></pt><pt><x>539</x><y>104</y><time>25-01-21 17:14:57:938</time></pt><pt><x>534</x><y>120</y><time>25-01-21 17:14:59:086</time></pt><pt><x>533</x><y>126</y><time>25-01-21 17:14:59:289</time></pt><pt><x>532</x><y>136</y><time>25-01-21 17:14:59:525</time></pt><pt><x>530</x><y>145</y><time>25-01-21 17:14:59:796</time></pt><pt><x>529</x><y>152</y><time>25-01-21 17:15:00:044</time></pt><pt><x>530</x><y>161</y><time>25-01-21 17:15:00:382</time></pt><pt><x>532</x><y>169</y><time>25-01-21 17:15:01:758</time></pt><pt><x>537</x><y>175</y><time>25-01-21 17:15:01:924</time></pt><pt><x>536</x><y>180</y><time>25-01-21 17:15:02:231</time></pt><pt><x>536</x><y>183</y><time>25-01-21 17:15:02:396</time></pt><pt><x>538</x><y>195</y><time>25-01-21 17:15:03:378</time></pt><pt><x>539</x><y>200</y><time>25-01-21 17:15:03:528</time></pt><pt><x>540</x><y>206</y><time>25-01-21 17:15:03:685</time></pt><pt><x>541</x><y>210</y><time>25-01-21 17:15:03:895</time></pt><pt><x>543</x><y>211</y><time>25-01-21 17:15:04:047</time></pt><pt><x>546</x><y>218</y><time>25-01-21 17:15:04:527</time></pt><pt><x>546</x><y>224</y><time>25-01-21 17:15:04:910</time></pt><pt><x>543</x><y>242</y><time>25-01-21 17:15:06:153</time></pt><pt><x>544</x><y>250</y><time>25-01-21 17:15:06:320</time></pt><pt><x>545</x><y>257</y><time>25-01-21 17:15:06:452</time></pt><pt><x>547</x><y>266</y><time>25-01-21 17:15:07:026</time></pt><pt><x>546</x><y>269</y><time>25-01-21 17:15:07:372</time></pt><pt><x>543</x><y>271</y><time>25-01-21 17:15:07:731</time></pt><pt><x>540</x><y>272</y><time>25-01-21 17:15:07:866</time></pt><pt><x>537</x><y>277</y><time>25-01-21 17:15:09:062</time></pt><pt><x>534</x><y>280</y><time>25-01-21 17:15:09:306</time></pt><pt><x>530</x><y>280</y><time>25-01-21 17:15:09:446</time></pt><pt><x>526</x><y>281</y><time>25-01-21 17:15:09:636</time></pt><pt><x>525</x><y>283</y><time>25-01-21 17:15:09:808</time></pt><pt><x>528</x><y>286</y><time>25-01-21 17:15:10:068</time></pt><pt><x>534</x><y>286</y><time>25-01-21 17:15:10:282</time></pt><pt><x>543</x><y>286</y><time>25-01-21 17:15:10:510</time></pt><pt><x>552</x><y>286</y><time>25-01-21 17:15:10:697</time></pt><pt><x>559</x><y>286</y><time>25-01-21 17:15:11:074</time></pt><pt><x>562</x><y>285</y><time>25-01-21 17:15:11:419</time></pt><pt><x>562</x><y>283</y><time>25-01-21 17:15:11:587</time></pt><pt><x>561</x><y>280</y><time>25-01-21 17:15:11:759</time></pt><pt><x>560</x><y>275</y><time>25-01-21 17:15:12:112</time></pt><pt><x>559</x><y>272</y><time>25-01-21 17:15:12:354</time></pt><pt><x>558</x><y>269</y><time>25-01-21 17:15:12:538</time></pt><pt><x>559</x><y>253</y><time>25-01-21 17:15:13:638</time></pt><pt><x>560</x><y>250</y><time>25-01-21 17:15:13:746</time></pt><pt><x>560</x><y>248</y><time>25-01-21 17:15:13:913</time></pt><pt><x>561</x><y>245</y><time>25-01-21 17:15:14:031</time></pt><pt><x>562</x><y>240</y><time>25-01-21 17:15:14:275</time></pt><pt><x>562</x><y>236</y><time>25-01-21 17:15:14:497</time></pt><pt><x>560</x><y>227</y><time>25-01-21 17:15:15:090</time></pt><pt><x>560</x><y>223</y><time>25-01-21 17:15:15:302</time></pt><pt><x>561</x><y>218</y><time>25-01-21 17:15:15:492</time></pt><pt><x>563</x><y>215</y><time>25-01-21 17:15:15:729</time></pt><pt><x>563</x><y>204</y><time>25-01-21 17:15:16:689</time></pt><pt><x>563</x><y>199</y><time>25-01-21 17:15:16:862</time></pt><pt><x>565</x><y>194</y><time>25-01-21 17:15:17:096</time></pt><pt><x>566</x><y>192</y><time>25-01-21 17:15:17:317</time></pt><pt><x>571</x><y>195</y><time>25-01-21 17:15:17:637</time></pt><pt><x>573</x><y>197</y><time>25-01-21 17:15:17:866</time></pt><pt><x>575</x><y>202</y><time>25-01-21 17:15:18:062</time></pt><pt><x>576</x><y>204</y><time>25-01-21 17:15:18:275</time></pt><pt><x>578</x><y>207</y><time>25-01-21 17:15:18:471</time></pt><pt><x>581</x><y>212</y><time>25-01-21 17:15:18:755</time></pt><pt><x>583</x><y>217</y><time>25-01-21 17:15:19:076</time></pt><pt><x>584</x><y>219</y><time>25-01-21 17:15:19:252</time></pt><pt><x>585</x><y>222</y><time>25-01-21 17:15:19:429</time></pt><pt><x>587</x><y>225</y><time>25-01-21 17:15:19:642</time></pt><pt><x>594</x><y>240</y><time>25-01-21 17:15:20:978</time></pt><pt><x>596</x><y>244</y><time>25-01-21 17:15:21:184</time></pt><pt><x>599</x><y>246</y><time>25-01-21 17:15:21:356</time></pt><pt><x>602</x><y>250</y><time>25-01-21 17:15:21:551</time></pt><pt><x>604</x><y>255</y><time>25-01-21 17:15:28:284</time></pt><pt><x>605</x><y>259</y><time>25-01-21 17:15:28:502</time></pt><pt><x>605</x><y>266</y><time>25-01-21 17:15:36:447</time></pt><pt><x>607</x><y>268</y><time>25-01-21 17:15:36:629</time></pt><pt><x>609</x><y>271</y><time>25-01-21 17:15:36:921</time></pt><pt><x>610</x><y>275</y><time>25-01-21 17:15:37:288</time></pt><pt><x>611</x><y>277</y><time>25-01-21 17:15:37:488</time></pt><pt><x>613</x><y>281</y><time>25-01-21 17:15:37:713</time></pt><pt><x>615</x><y>283</y><time>25-01-21 17:15:37:941</time></pt><pt><x>621</x><y>284</y><time>25-01-21 17:15:38:192</time></pt><pt><x>624</x><y>281</y><time>25-01-21 17:15:38:390</time></pt><pt><x>625</x><y>278</y><time>25-01-21 17:15:38:625</time></pt><pt><x>621</x><y>269</y><time>25-01-21 17:15:39:189</time></pt><pt><x>618</x><y>265</y><time>25-01-21 17:15:39:419</time></pt><pt><x>616</x><y>261</y><time>25-01-21 17:15:39:607</time></pt><pt><x>613</x><y>256</y><time>25-01-21 17:15:39:836</time></pt><pt><x>612</x><y>252</y><time>25-01-21 17:15:40:024</time></pt><pt><x>610</x><y>242</y><time>25-01-21 17:15:41:109</time></pt><pt><x>609</x><y>238</y><time>25-01-21 17:15:41:314</time></pt><pt><x>607</x><y>232</y><time>25-01-21 17:15:41:552</time></pt><pt><x>606</x><y>227</y><time>25-01-21 17:15:41:780</time></pt><pt><x>604</x><y>222</y><time>25-01-21 17:15:42:381</time></pt><pt><x>603</x><y>220</y><time>25-01-21 17:15:42:555</time></pt><pt><x>601</x><y>217</y><time>25-01-21 17:15:42:727</time></pt><pt><x>599</x><y>213</y><time>25-01-21 17:15:42:932</time></pt><pt><x>599</x><y>209</y><time>25-01-21 17:15:43:160</time></pt><pt><x>600</x><y>205</y><time>25-01-21 17:15:43:395</time></pt><pt><x>596</x><y>192</y><time>25-01-21 17:15:44:396</time></pt><pt><x>596</x><y>189</y><time>25-01-21 17:15:44:586</time></pt><pt><x>595</x><y>177</y><time>25-01-21 17:15:45:827</time></pt><pt><x>595</x><y>175</y><time>25-01-21 17:15:45:982</time></pt><pt><x>596</x><y>172</y><time>25-01-21 17:15:46:181</time></pt><pt><x>595</x><y>170</y><time>25-01-21 17:15:46:319</time></pt><pt><x>596</x><y>167</y><time>25-01-21 17:15:46:516</time></pt><pt><x>599</x><y>162</y><time>25-01-21 17:15:46:730</time></pt><pt><x>601</x><y>154</y><time>25-01-21 17:15:47:098</time></pt><pt><x>604</x><y>146</y><time>25-01-21 17:15:47:492</time></pt><pt><x>605</x><y>143</y><time>25-01-21 17:15:47:727</time></pt><pt><x>606</x><y>132</y><time>25-01-21 17:15:48:820</time></pt><pt><x>607</x><y>116</y><time>25-01-21 17:15:51:178</time></pt><pt><x>606</x><y>103</y><time>25-01-21 17:15:52:263</time></pt><pt><x>603</x><y>95</y><time>25-01-21 17:15:52:553</time></pt><pt><x>601</x><y>91</y><time>25-01-21 17:15:52:757</time></pt><pt><x>596</x><y>90</y><time>25-01-21 17:15:52:956</time></pt><pt><x>593</x><y>88</y><time>25-01-21 17:15:53:207</time></pt><pt><x>588</x><y>86</y><time>25-01-21 17:15:53:551</time></pt><pt><x>586</x><y>84</y><time>25-01-21 17:15:53:827</time></pt><pt><x>584</x><y>83</y><time>25-01-21 17:15:54:040</time></pt><pt><x>580</x><y>83</y><time>25-01-21 17:15:54:252</time></pt><pt><x>577</x><y>83</y><time>25-01-21 17:15:54:536</time></pt><pt><x>575</x><y>81</y><time>25-01-21 17:15:55:140</time></pt><pt><x>575</x><y>79</y><time>25-01-21 17:15:55:392</time></pt><pt><x>579</x><y>74</y><time>25-01-21 17:15:55:799</time></pt><pt><x>580</x><y>71</y><time>25-01-21 17:15:56:294</time></pt><pt><x>580</x><y>68</y><time>25-01-21 17:15:56:525</time></pt><pt><x>580</x><y>67</y><time>25-01-21 17:15:56:720</time></pt><pt><x>579</x><y>64</y><time>25-01-21 17:15:56:969</time></pt><pt><x>580</x><y>62</y><time>25-01-21 17:15:57:348</time></pt><closed_date>25-01-21 17:15:57:779</closed_date></polygon></object></annotation>