<annotation><filename>frame0032.jpg</filename><folder>users/lab605//7hao/human_20210119_4</folder><source><submittedBy>lab605</submittedBy></source><imagesize><nrows>480</nrows><ncols>640</ncols></imagesize><object><name>person</name><deleted>0</deleted><verified>0</verified><occluded>no</occluded><attributes></attributes><parts><hasparts></hasparts><ispartof></ispartof></parts><date>25-01-21 16:05:45:369</date><id>0</id><polygon><username>7hao</username><pt><x>366</x><y>7</y><time>25-01-21 16:05:07:865</time></pt><pt><x>364</x><y>3</y><time>25-01-21 16:05:08:141</time></pt><pt><x>362</x><y>1</y><time>25-01-21 16:05:08:417</time></pt><pt><x>343</x><y>0</y><time>25-01-21 16:05:09:606</time></pt><pt><x>340</x><y>5</y><time>25-01-21 16:05:10:221</time></pt><pt><x>338</x><y>8</y><time>25-01-21 16:05:10:517</time></pt><pt><x>336</x><y>18</y><time>25-01-21 16:05:10:863</time></pt><pt><x>337</x><y>27</y><time>25-01-21 16:05:11:186</time></pt><pt><x>340</x><y>35</y><time>25-01-21 16:05:11:469</time></pt><pt><x>340</x><y>39</y><time>25-01-21 16:05:11:696</time></pt><pt><x>335</x><y>43</y><time>25-01-21 16:05:12:096</time></pt><pt><x>329</x><y>49</y><time>25-01-21 16:05:12:443</time></pt><pt><x>324</x><y>57</y><time>25-01-21 16:05:12:750</time></pt><pt><x>324</x><y>64</y><time>25-01-21 16:05:13:009</time></pt><pt><x>325</x><y>72</y><time>25-01-21 16:05:14:181</time></pt><pt><x>326</x><y>80</y><time>25-01-21 16:05:14:515</time></pt><pt><x>324</x><y>89</y><time>25-01-21 16:05:14:701</time></pt><pt><x>322</x><y>99</y><time>25-01-21 16:05:14:929</time></pt><pt><x>320</x><y>123</y><time>25-01-21 16:05:15:905</time></pt><pt><x>319</x><y>137</y><time>25-01-21 16:05:16:109</time></pt><pt><x>319</x><y>146</y><time>25-01-21 16:05:16:315</time></pt><pt><x>320</x><y>152</y><time>25-01-21 16:05:16:497</time></pt><pt><x>318</x><y>159</y><time>25-01-21 16:05:16:701</time></pt><pt><x>315</x><y>166</y><time>25-01-21 16:05:16:880</time></pt><pt><x>321</x><y>170</y><time>25-01-21 16:05:17:321</time></pt><pt><x>328</x><y>194</y><time>25-01-21 16:05:18:469</time></pt><pt><x>328</x><y>201</y><time>25-01-21 16:05:18:752</time></pt><pt><x>327</x><y>207</y><time>25-01-21 16:05:18:900</time></pt><pt><x>326</x><y>214</y><time>25-01-21 16:05:19:121</time></pt><pt><x>328</x><y>219</y><time>25-01-21 16:05:19:366</time></pt><pt><x>327</x><y>226</y><time>25-01-21 16:05:20:342</time></pt><pt><x>323</x><y>236</y><time>25-01-21 16:05:20:522</time></pt><pt><x>321</x><y>262</y><time>25-01-21 16:05:21:159</time></pt><pt><x>320</x><y>290</y><time>25-01-21 16:05:22:552</time></pt><pt><x>318</x><y>302</y><time>25-01-21 16:05:22:849</time></pt><pt><x>319</x><y>308</y><time>25-01-21 16:05:23:069</time></pt><pt><x>324</x><y>314</y><time>25-01-21 16:05:23:599</time></pt><pt><x>324</x><y>318</y><time>25-01-21 16:05:23:752</time></pt><pt><x>333</x><y>321</y><time>25-01-21 16:05:24:092</time></pt><pt><x>344</x><y>324</y><time>25-01-21 16:05:24:445</time></pt><pt><x>358</x><y>324</y><time>25-01-21 16:05:24:691</time></pt><pt><x>363</x><y>324</y><time>25-01-21 16:05:24:882</time></pt><pt><x>364</x><y>320</y><time>25-01-21 16:05:25:177</time></pt><pt><x>366</x><y>318</y><time>25-01-21 16:05:25:357</time></pt><pt><x>371</x><y>318</y><time>25-01-21 16:05:25:525</time></pt><pt><x>379</x><y>318</y><time>25-01-21 16:05:25:744</time></pt><pt><x>384</x><y>315</y><time>25-01-21 16:05:26:056</time></pt><pt><x>385</x><y>311</y><time>25-01-21 16:05:26:349</time></pt><pt><x>381</x><y>307</y><time>25-01-21 16:05:26:560</time></pt><pt><x>374</x><y>305</y><time>25-01-21 16:05:26:829</time></pt><pt><x>368</x><y>304</y><time>25-01-21 16:05:27:064</time></pt><pt><x>365</x><y>299</y><time>25-01-21 16:05:27:260</time></pt><pt><x>366</x><y>294</y><time>25-01-21 16:05:27:427</time></pt><pt><x>366</x><y>283</y><time>25-01-21 16:05:27:716</time></pt><pt><x>368</x><y>277</y><time>25-01-21 16:05:27:929</time></pt><pt><x>372</x><y>270</y><time>25-01-21 16:05:28:133</time></pt><pt><x>377</x><y>258</y><time>25-01-21 16:05:29:260</time></pt><pt><x>380</x><y>251</y><time>25-01-21 16:05:29:432</time></pt><pt><x>380</x><y>242</y><time>25-01-21 16:05:29:620</time></pt><pt><x>380</x><y>235</y><time>25-01-21 16:05:29:802</time></pt><pt><x>381</x><y>227</y><time>25-01-21 16:05:30:036</time></pt><pt><x>381</x><y>220</y><time>25-01-21 16:05:30:272</time></pt><pt><x>380</x><y>216</y><time>25-01-21 16:05:30:447</time></pt><pt><x>379</x><y>186</y><time>25-01-21 16:05:31:665</time></pt><pt><x>376</x><y>178</y><time>25-01-21 16:05:31:847</time></pt><pt><x>371</x><y>172</y><time>25-01-21 16:05:32:051</time></pt><pt><x>375</x><y>170</y><time>25-01-21 16:05:32:406</time></pt><pt><x>380</x><y>172</y><time>25-01-21 16:05:32:616</time></pt><pt><x>384</x><y>169</y><time>25-01-21 16:05:32:837</time></pt><pt><x>389</x><y>162</y><time>25-01-21 16:05:33:025</time></pt><pt><x>387</x><y>155</y><time>25-01-21 16:05:33:278</time></pt><pt><x>385</x><y>148</y><time>25-01-21 16:05:33:591</time></pt><pt><x>382</x><y>144</y><time>25-01-21 16:05:34:626</time></pt><pt><x>377</x><y>135</y><time>25-01-21 16:05:34:837</time></pt><pt><x>376</x><y>127</y><time>25-01-21 16:05:35:015</time></pt><pt><x>374</x><y>122</y><time>25-01-21 16:05:35:189</time></pt><pt><x>372</x><y>87</y><time>25-01-21 16:05:36:117</time></pt><pt><x>370</x><y>77</y><time>25-01-21 16:05:36:353</time></pt><pt><x>369</x><y>67</y><time>25-01-21 16:05:37:557</time></pt><pt><x>366</x><y>60</y><time>25-01-21 16:05:37:752</time></pt><pt><x>365</x><y>52</y><time>25-01-21 16:05:37:941</time></pt><pt><x>367</x><y>48</y><time>25-01-21 16:05:38:107</time></pt><pt><x>373</x><y>47</y><time>25-01-21 16:05:38:436</time></pt><pt><x>375</x><y>44</y><time>25-01-21 16:05:38:751</time></pt><pt><x>376</x><y>38</y><time>25-01-21 16:05:38:948</time></pt><pt><x>376</x><y>31</y><time>25-01-21 16:05:39:490</time></pt><pt><x>375</x><y>29</y><time>25-01-21 16:05:39:694</time></pt><pt><x>373</x><y>27</y><time>25-01-21 16:05:39:892</time></pt><pt><x>373</x><y>23</y><time>25-01-21 16:05:41:527</time></pt><pt><x>374</x><y>20</y><time>25-01-21 16:05:41:734</time></pt><pt><x>371</x><y>15</y><time>25-01-21 16:05:42:094</time></pt><pt><x>367</x><y>8</y><time>25-01-21 16:05:42:690</time></pt><closed_date>25-01-21 16:05:43:064</closed_date></polygon></object><object><name>person</name><deleted>0</deleted><verified>0</verified><occluded>no</occluded><attributes></attributes><parts><hasparts></hasparts><ispartof></ispartof></parts><date>25-01-21 16:06:30:468</date><id>1</id><polygon><username>7hao</username><pt><x>457</x><y>101</y><time>25-01-21 16:05:48:489</time></pt><pt><x>458</x><y>97</y><time>25-01-21 16:05:48:718</time></pt><pt><x>461</x><y>92</y><time>25-01-21 16:05:49:157</time></pt><pt><x>462</x><y>89</y><time>25-01-21 16:05:49:393</time></pt><pt><x>460</x><y>82</y><time>25-01-21 16:05:49:695</time></pt><pt><x>457</x><y>77</y><time>25-01-21 16:05:49:984</time></pt><pt><x>452</x><y>74</y><time>25-01-21 16:05:50:361</time></pt><pt><x>446</x><y>72</y><time>25-01-21 16:05:50:637</time></pt><pt><x>439</x><y>75</y><time>25-01-21 16:05:50:856</time></pt><pt><x>434</x><y>79</y><time>25-01-21 16:05:51:053</time></pt><pt><x>428</x><y>85</y><time>25-01-21 16:05:51:249</time></pt><pt><x>430</x><y>88</y><time>25-01-21 16:05:52:051</time></pt><pt><x>430</x><y>91</y><time>25-01-21 16:05:52:271</time></pt><pt><x>431</x><y>94</y><time>25-01-21 16:05:52:461</time></pt><pt><x>430</x><y>97</y><time>25-01-21 16:05:52:640</time></pt><pt><x>430</x><y>99</y><time>25-01-21 16:05:52:841</time></pt><pt><x>432</x><y>102</y><time>25-01-21 16:05:53:043</time></pt><pt><x>432</x><y>105</y><time>25-01-21 16:05:53:255</time></pt><pt><x>431</x><y>108</y><time>25-01-21 16:05:53:508</time></pt><pt><x>430</x><y>114</y><time>25-01-21 16:05:53:839</time></pt><pt><x>430</x><y>122</y><time>25-01-21 16:05:54:089</time></pt><pt><x>433</x><y>142</y><time>25-01-21 16:05:55:348</time></pt><pt><x>434</x><y>149</y><time>25-01-21 16:05:55:535</time></pt><pt><x>433</x><y>157</y><time>25-01-21 16:05:55:733</time></pt><pt><x>433</x><y>166</y><time>25-01-21 16:05:55:897</time></pt><pt><x>433</x><y>171</y><time>25-01-21 16:05:56:100</time></pt><pt><x>430</x><y>175</y><time>25-01-21 16:05:56:393</time></pt><pt><x>428</x><y>177</y><time>25-01-21 16:05:56:612</time></pt><pt><x>427</x><y>182</y><time>25-01-21 16:05:56:794</time></pt><pt><x>425</x><y>188</y><time>25-01-21 16:05:57:023</time></pt><pt><x>422</x><y>201</y><time>25-01-21 16:05:58:123</time></pt><pt><x>421</x><y>212</y><time>25-01-21 16:05:58:384</time></pt><pt><x>419</x><y>221</y><time>25-01-21 16:05:58:626</time></pt><pt><x>419</x><y>224</y><time>25-01-21 16:05:58:771</time></pt><pt><x>419</x><y>228</y><time>25-01-21 16:05:58:901</time></pt><pt><x>422</x><y>236</y><time>25-01-21 16:05:59:311</time></pt><pt><x>424</x><y>243</y><time>25-01-21 16:05:59:715</time></pt><pt><x>429</x><y>260</y><time>25-01-21 16:06:00:941</time></pt><pt><x>431</x><y>270</y><time>25-01-21 16:06:01:159</time></pt><pt><x>432</x><y>275</y><time>25-01-21 16:06:01:379</time></pt><pt><x>430</x><y>279</y><time>25-01-21 16:06:01:607</time></pt><pt><x>427</x><y>281</y><time>25-01-21 16:06:01:819</time></pt><pt><x>423</x><y>281</y><time>25-01-21 16:06:02:009</time></pt><pt><x>418</x><y>283</y><time>25-01-21 16:06:02:380</time></pt><pt><x>417</x><y>288</y><time>25-01-21 16:06:02:732</time></pt><pt><x>423</x><y>290</y><time>25-01-21 16:06:03:055</time></pt><pt><x>432</x><y>289</y><time>25-01-21 16:06:03:299</time></pt><pt><x>449</x><y>284</y><time>25-01-21 16:06:09:110</time></pt><pt><x>454</x><y>280</y><time>25-01-21 16:06:09:593</time></pt><pt><x>453</x><y>277</y><time>25-01-21 16:06:09:851</time></pt><pt><x>451</x><y>275</y><time>25-01-21 16:06:10:038</time></pt><pt><x>446</x><y>271</y><time>25-01-21 16:06:10:329</time></pt><pt><x>445</x><y>268</y><time>25-01-21 16:06:10:572</time></pt><pt><x>444</x><y>262</y><time>25-01-21 16:06:10:818</time></pt><pt><x>444</x><y>255</y><time>25-01-21 16:06:11:130</time></pt><pt><x>439</x><y>232</y><time>25-01-21 16:06:12:334</time></pt><pt><x>438</x><y>227</y><time>25-01-21 16:06:12:571</time></pt><pt><x>438</x><y>223</y><time>25-01-21 16:06:12:754</time></pt><pt><x>443</x><y>213</y><time>25-01-21 16:06:13:113</time></pt><pt><x>445</x><y>207</y><time>25-01-21 16:06:13:532</time></pt><pt><x>446</x><y>205</y><time>25-01-21 16:06:13:790</time></pt><pt><x>448</x><y>208</y><time>25-01-21 16:06:14:153</time></pt><pt><x>450</x><y>214</y><time>25-01-21 16:06:14:437</time></pt><pt><x>452</x><y>222</y><time>25-01-21 16:06:14:719</time></pt><pt><x>454</x><y>228</y><time>25-01-21 16:06:15:016</time></pt><pt><x>456</x><y>233</y><time>25-01-21 16:06:15:294</time></pt><pt><x>457</x><y>236</y><time>25-01-21 16:06:15:507</time></pt><pt><x>458</x><y>239</y><time>25-01-21 16:06:15:701</time></pt><pt><x>462</x><y>262</y><time>25-01-21 16:06:16:826</time></pt><pt><x>463</x><y>267</y><time>25-01-21 16:06:17:014</time></pt><pt><x>465</x><y>269</y><time>25-01-21 16:06:17:202</time></pt><pt><x>466</x><y>274</y><time>25-01-21 16:06:17:423</time></pt><pt><x>464</x><y>279</y><time>25-01-21 16:06:17:667</time></pt><pt><x>461</x><y>282</y><time>25-01-21 16:06:17:951</time></pt><pt><x>456</x><y>284</y><time>25-01-21 16:06:18:170</time></pt><pt><x>455</x><y>285</y><time>25-01-21 16:06:18:367</time></pt><pt><x>455</x><y>287</y><time>25-01-21 16:06:18:564</time></pt><pt><x>457</x><y>289</y><time>25-01-21 16:06:18:800</time></pt><pt><x>463</x><y>289</y><time>25-01-21 16:06:19:051</time></pt><pt><x>469</x><y>289</y><time>25-01-21 16:06:19:272</time></pt><pt><x>473</x><y>289</y><time>25-01-21 16:06:19:501</time></pt><pt><x>479</x><y>289</y><time>25-01-21 16:06:19:726</time></pt><pt><x>483</x><y>287</y><time>25-01-21 16:06:19:973</time></pt><pt><x>483</x><y>283</y><time>25-01-21 16:06:20:340</time></pt><pt><x>481</x><y>278</y><time>25-01-21 16:06:20:600</time></pt><pt><x>479</x><y>274</y><time>25-01-21 16:06:20:780</time></pt><pt><x>478</x><y>268</y><time>25-01-21 16:06:20:987</time></pt><pt><x>478</x><y>260</y><time>25-01-21 16:06:21:191</time></pt><pt><x>478</x><y>254</y><time>25-01-21 16:06:21:394</time></pt><pt><x>474</x><y>228</y><time>25-01-21 16:06:22:424</time></pt><pt><x>471</x><y>218</y><time>25-01-21 16:06:22:668</time></pt><pt><x>470</x><y>209</y><time>25-01-21 16:06:22:866</time></pt><pt><x>471</x><y>199</y><time>25-01-21 16:06:23:104</time></pt><pt><x>473</x><y>174</y><time>25-01-21 16:06:24:162</time></pt><pt><x>473</x><y>170</y><time>25-01-21 16:06:24:383</time></pt><pt><x>474</x><y>165</y><time>25-01-21 16:06:24:566</time></pt><pt><x>475</x><y>157</y><time>25-01-21 16:06:24:826</time></pt><pt><x>476</x><y>147</y><time>25-01-21 16:06:25:201</time></pt><pt><x>476</x><y>126</y><time>25-01-21 16:06:26:313</time></pt><pt><x>475</x><y>120</y><time>25-01-21 16:06:26:562</time></pt><pt><x>471</x><y>114</y><time>25-01-21 16:06:26:815</time></pt><pt><x>465</x><y>108</y><time>25-01-21 16:06:27:199</time></pt><pt><x>460</x><y>105</y><time>25-01-21 16:06:27:521</time></pt><pt><x>457</x><y>102</y><time>25-01-21 16:06:27:930</time></pt><closed_date>25-01-21 16:06:28:418</closed_date></polygon></object><object><name>person</name><deleted>0</deleted><verified>0</verified><occluded>no</occluded><attributes></attributes><parts><hasparts></hasparts><ispartof></ispartof></parts><date>25-01-21 16:07:18:070</date><id>2</id><polygon><username>7hao</username><pt><x>622</x><y>70</y><time>25-01-21 16:06:33:901</time></pt><pt><x>617</x><y>66</y><time>25-01-21 16:06:34:254</time></pt><pt><x>611</x><y>64</y><time>25-01-21 16:06:34:679</time></pt><pt><x>604</x><y>65</y><time>25-01-21 16:06:34:914</time></pt><pt><x>597</x><y>69</y><time>25-01-21 16:06:35:198</time></pt><pt><x>594</x><y>74</y><time>25-01-21 16:06:35:451</time></pt><pt><x>595</x><y>80</y><time>25-01-21 16:06:35:899</time></pt><pt><x>595</x><y>85</y><time>25-01-21 16:06:36:206</time></pt><pt><x>595</x><y>89</y><time>25-01-21 16:06:36:405</time></pt><pt><x>597</x><y>93</y><time>25-01-21 16:06:36:663</time></pt><pt><x>597</x><y>95</y><time>25-01-21 16:06:36:835</time></pt><pt><x>595</x><y>96</y><time>25-01-21 16:06:37:142</time></pt><pt><x>592</x><y>98</y><time>25-01-21 16:06:37:361</time></pt><pt><x>590</x><y>101</y><time>25-01-21 16:06:37:588</time></pt><pt><x>583</x><y>104</y><time>25-01-21 16:06:37:998</time></pt><pt><x>579</x><y>106</y><time>25-01-21 16:06:38:236</time></pt><pt><x>572</x><y>123</y><time>25-01-21 16:06:39:423</time></pt><pt><x>570</x><y>132</y><time>25-01-21 16:06:39:738</time></pt><pt><x>569</x><y>142</y><time>25-01-21 16:06:39:997</time></pt><pt><x>566</x><y>157</y><time>25-01-21 16:06:41:207</time></pt><pt><x>567</x><y>166</y><time>25-01-21 16:06:41:444</time></pt><pt><x>569</x><y>171</y><time>25-01-21 16:06:41:673</time></pt><pt><x>571</x><y>175</y><time>25-01-21 16:06:41:939</time></pt><pt><x>572</x><y>178</y><time>25-01-21 16:06:42:128</time></pt><pt><x>573</x><y>184</y><time>25-01-21 16:06:42:396</time></pt><pt><x>572</x><y>191</y><time>25-01-21 16:06:42:877</time></pt><pt><x>572</x><y>206</y><time>25-01-21 16:06:44:085</time></pt><pt><x>572</x><y>213</y><time>25-01-21 16:06:44:282</time></pt><pt><x>572</x><y>221</y><time>25-01-21 16:06:44:542</time></pt><pt><x>571</x><y>229</y><time>25-01-21 16:06:44:849</time></pt><pt><x>571</x><y>236</y><time>25-01-21 16:06:45:101</time></pt><pt><x>573</x><y>245</y><time>25-01-21 16:06:45:463</time></pt><pt><x>575</x><y>253</y><time>25-01-21 16:06:45:873</time></pt><pt><x>576</x><y>258</y><time>25-01-21 16:06:47:089</time></pt><pt><x>576</x><y>262</y><time>25-01-21 16:06:47:275</time></pt><pt><x>574</x><y>267</y><time>25-01-21 16:06:47:949</time></pt><pt><x>571</x><y>271</y><time>25-01-21 16:06:48:224</time></pt><pt><x>569</x><y>280</y><time>25-01-21 16:06:48:576</time></pt><pt><x>570</x><y>284</y><time>25-01-21 16:06:48:828</time></pt><pt><x>576</x><y>284</y><time>25-01-21 16:06:49:134</time></pt><pt><x>582</x><y>283</y><time>25-01-21 16:06:49:400</time></pt><pt><x>585</x><y>278</y><time>25-01-21 16:06:49:631</time></pt><pt><x>586</x><y>274</y><time>25-01-21 16:06:49:860</time></pt><pt><x>589</x><y>271</y><time>25-01-21 16:06:50:173</time></pt><pt><x>589</x><y>267</y><time>25-01-21 16:06:50:376</time></pt><pt><x>588</x><y>261</y><time>25-01-21 16:06:50:675</time></pt><pt><x>585</x><y>257</y><time>25-01-21 16:06:50:983</time></pt><pt><x>585</x><y>251</y><time>25-01-21 16:06:51:218</time></pt><pt><x>587</x><y>244</y><time>25-01-21 16:06:51:518</time></pt><pt><x>588</x><y>234</y><time>25-01-21 16:06:52:546</time></pt><pt><x>586</x><y>228</y><time>25-01-21 16:06:52:774</time></pt><pt><x>586</x><y>222</y><time>25-01-21 16:06:53:130</time></pt><pt><x>589</x><y>216</y><time>25-01-21 16:06:53:412</time></pt><pt><x>591</x><y>211</y><time>25-01-21 16:06:53:694</time></pt><pt><x>592</x><y>209</y><time>25-01-21 16:06:53:909</time></pt><pt><x>595</x><y>207</y><time>25-01-21 16:06:54:743</time></pt><pt><x>595</x><y>204</y><time>25-01-21 16:06:54:993</time></pt><pt><x>595</x><y>202</y><time>25-01-21 16:06:55:182</time></pt><pt><x>595</x><y>199</y><time>25-01-21 16:06:55:473</time></pt><pt><x>598</x><y>192</y><time>25-01-21 16:06:56:795</time></pt><pt><x>600</x><y>192</y><time>25-01-21 16:06:57:016</time></pt><pt><x>603</x><y>196</y><time>25-01-21 16:06:57:212</time></pt><pt><x>603</x><y>202</y><time>25-01-21 16:06:57:479</time></pt><pt><x>603</x><y>208</y><time>25-01-21 16:06:57:714</time></pt><pt><x>604</x><y>213</y><time>25-01-21 16:06:57:920</time></pt><pt><x>606</x><y>220</y><time>25-01-21 16:06:58:180</time></pt><pt><x>608</x><y>227</y><time>25-01-21 16:06:58:430</time></pt><pt><x>608</x><y>237</y><time>25-01-21 16:06:58:729</time></pt><pt><x>610</x><y>246</y><time>25-01-21 16:06:59:790</time></pt><pt><x>611</x><y>253</y><time>25-01-21 16:06:59:950</time></pt><pt><x>612</x><y>262</y><time>25-01-21 16:07:00:144</time></pt><pt><x>611</x><y>270</y><time>25-01-21 16:07:00:373</time></pt><pt><x>609</x><y>279</y><time>25-01-21 16:07:00:687</time></pt><pt><x>610</x><y>285</y><time>25-01-21 16:07:00:995</time></pt><pt><x>615</x><y>286</y><time>25-01-21 16:07:01:300</time></pt><pt><x>621</x><y>287</y><time>25-01-21 16:07:01:529</time></pt><pt><x>628</x><y>287</y><time>25-01-21 16:07:01:859</time></pt><pt><x>631</x><y>285</y><time>25-01-21 16:07:02:221</time></pt><pt><x>626</x><y>279</y><time>25-01-21 16:07:02:598</time></pt><pt><x>622</x><y>272</y><time>25-01-21 16:07:02:998</time></pt><pt><x>621</x><y>269</y><time>25-01-21 16:07:03:274</time></pt><pt><x>620</x><y>266</y><time>25-01-21 16:07:03:463</time></pt><pt><x>622</x><y>258</y><time>25-01-21 16:07:03:762</time></pt><pt><x>624</x><y>250</y><time>25-01-21 16:07:04:085</time></pt><pt><x>622</x><y>232</y><time>25-01-21 16:07:05:327</time></pt><pt><x>621</x><y>222</y><time>25-01-21 16:07:05:547</time></pt><pt><x>622</x><y>216</y><time>25-01-21 16:07:05:736</time></pt><pt><x>624</x><y>211</y><time>25-01-21 16:07:05:981</time></pt><pt><x>627</x><y>210</y><time>25-01-21 16:07:06:178</time></pt><pt><x>630</x><y>207</y><time>25-01-21 16:07:06:436</time></pt><pt><x>630</x><y>201</y><time>25-01-21 16:07:06:675</time></pt><pt><x>630</x><y>195</y><time>25-01-21 16:07:06:908</time></pt><pt><x>632</x><y>184</y><time>25-01-21 16:07:08:025</time></pt><pt><x>633</x><y>178</y><time>25-01-21 16:07:08:222</time></pt><pt><x>637</x><y>171</y><time>25-01-21 16:07:08:592</time></pt><pt><x>639</x><y>168</y><time>25-01-21 16:07:08:977</time></pt><pt><x>639</x><y>166</y><time>25-01-21 16:07:09:325</time></pt><pt><x>639</x><y>108</y><time>25-01-21 16:07:10:889</time></pt><pt><x>636</x><y>105</y><time>25-01-21 16:07:11:525</time></pt><pt><x>631</x><y>103</y><time>25-01-21 16:07:11:770</time></pt><pt><x>627</x><y>101</y><time>25-01-21 16:07:11:950</time></pt><pt><x>624</x><y>99</y><time>25-01-21 16:07:12:184</time></pt><pt><x>623</x><y>97</y><time>25-01-21 16:07:12:391</time></pt><pt><x>618</x><y>96</y><time>25-01-21 16:07:12:570</time></pt><pt><x>617</x><y>96</y><time>25-01-21 16:07:12:782</time></pt><pt><x>618</x><y>93</y><time>25-01-21 16:07:13:971</time></pt><pt><x>618</x><y>90</y><time>25-01-21 16:07:14:190</time></pt><pt><x>622</x><y>85</y><time>25-01-21 16:07:14:403</time></pt><pt><x>623</x><y>81</y><time>25-01-21 16:07:14:593</time></pt><pt><x>622</x><y>79</y><time>25-01-21 16:07:14:842</time></pt><pt><x>623</x><y>75</y><time>25-01-21 16:07:15:168</time></pt><pt><x>622</x><y>72</y><time>25-01-21 16:07:15:504</time></pt><closed_date>25-01-21 16:07:15:850</closed_date></polygon></object></annotation>