<annotation><filename>frame0059.jpg</filename><folder>users/lab605//7hao/human_20210119_4</folder><source><submittedBy>lab605</submittedBy></source><imagesize><nrows>480</nrows><ncols>640</ncols></imagesize><object><name>person</name><deleted>0</deleted><verified>0</verified><occluded>no</occluded><attributes></attributes><parts><hasparts></hasparts><ispartof></ispartof></parts><date>25-01-21 21:37:30:874</date><id>0</id><polygon><username>7hao</username><pt><x>380</x><y>0</y><time>25-01-21 21:36:53:477</time></pt><pt><x>347</x><y>0</y><time>25-01-21 21:36:55:044</time></pt><pt><x>347</x><y>6</y><time>25-01-21 21:36:55:373</time></pt><pt><x>346</x><y>8</y><time>25-01-21 21:36:55:570</time></pt><pt><x>345</x><y>10</y><time>25-01-21 21:36:55:743</time></pt><pt><x>344</x><y>13</y><time>25-01-21 21:36:55:900</time></pt><pt><x>345</x><y>18</y><time>25-01-21 21:36:56:090</time></pt><pt><x>346</x><y>28</y><time>25-01-21 21:36:57:715</time></pt><pt><x>346</x><y>31</y><time>25-01-21 21:36:57:914</time></pt><pt><x>345</x><y>34</y><time>25-01-21 21:36:58:085</time></pt><pt><x>343</x><y>36</y><time>25-01-21 21:36:58:228</time></pt><pt><x>340</x><y>41</y><time>25-01-21 21:36:58:423</time></pt><pt><x>336</x><y>54</y><time>25-01-21 21:36:58:675</time></pt><pt><x>337</x><y>68</y><time>25-01-21 21:36:59:219</time></pt><pt><x>339</x><y>82</y><time>25-01-21 21:36:59:542</time></pt><pt><x>340</x><y>96</y><time>25-01-21 21:36:59:997</time></pt><pt><x>340</x><y>110</y><time>25-01-21 21:37:00:453</time></pt><pt><x>338</x><y>129</y><time>25-01-21 21:37:01:703</time></pt><pt><x>337</x><y>136</y><time>25-01-21 21:37:01:868</time></pt><pt><x>337</x><y>141</y><time>25-01-21 21:37:02:035</time></pt><pt><x>337</x><y>144</y><time>25-01-21 21:37:02:192</time></pt><pt><x>338</x><y>146</y><time>25-01-21 21:37:02:355</time></pt><pt><x>340</x><y>149</y><time>25-01-21 21:37:02:529</time></pt><pt><x>341</x><y>153</y><time>25-01-21 21:37:02:702</time></pt><pt><x>343</x><y>157</y><time>25-01-21 21:37:03:001</time></pt><pt><x>343</x><y>163</y><time>25-01-21 21:37:03:316</time></pt><pt><x>342</x><y>170</y><time>25-01-21 21:37:03:653</time></pt><pt><x>343</x><y>173</y><time>25-01-21 21:37:03:817</time></pt><pt><x>344</x><y>176</y><time>25-01-21 21:37:03:976</time></pt><pt><x>344</x><y>183</y><time>25-01-21 21:37:04:187</time></pt><pt><x>342</x><y>190</y><time>25-01-21 21:37:04:384</time></pt><pt><x>341</x><y>201</y><time>25-01-21 21:37:05:517</time></pt><pt><x>338</x><y>209</y><time>25-01-21 21:37:05:778</time></pt><pt><x>337</x><y>215</y><time>25-01-21 21:37:05:941</time></pt><pt><x>337</x><y>220</y><time>25-01-21 21:37:06:099</time></pt><pt><x>341</x><y>229</y><time>25-01-21 21:37:06:320</time></pt><pt><x>345</x><y>241</y><time>25-01-21 21:37:06:673</time></pt><pt><x>346</x><y>273</y><time>25-01-21 21:37:08:009</time></pt><pt><x>344</x><y>281</y><time>25-01-21 21:37:08:183</time></pt><pt><x>344</x><y>287</y><time>25-01-21 21:37:08:331</time></pt><pt><x>342</x><y>294</y><time>25-01-21 21:37:08:538</time></pt><pt><x>338</x><y>299</y><time>25-01-21 21:37:08:773</time></pt><pt><x>331</x><y>301</y><time>25-01-21 21:37:08:929</time></pt><pt><x>324</x><y>302</y><time>25-01-21 21:37:09:103</time></pt><pt><x>321</x><y>303</y><time>25-01-21 21:37:11:187</time></pt><pt><x>318</x><y>305</y><time>25-01-21 21:37:11:384</time></pt><pt><x>317</x><y>307</y><time>25-01-21 21:37:11:547</time></pt><pt><x>319</x><y>309</y><time>25-01-21 21:37:11:714</time></pt><pt><x>324</x><y>311</y><time>25-01-21 21:37:11:888</time></pt><pt><x>330</x><y>311</y><time>25-01-21 21:37:12:076</time></pt><pt><x>337</x><y>312</y><time>25-01-21 21:37:12:248</time></pt><pt><x>342</x><y>313</y><time>25-01-21 21:37:12:413</time></pt><pt><x>348</x><y>313</y><time>25-01-21 21:37:12:582</time></pt><pt><x>356</x><y>313</y><time>25-01-21 21:37:12:743</time></pt><pt><x>360</x><y>314</y><time>25-01-21 21:37:12:934</time></pt><pt><x>363</x><y>316</y><time>25-01-21 21:37:13:199</time></pt><pt><x>364</x><y>318</y><time>25-01-21 21:37:13:389</time></pt><pt><x>364</x><y>320</y><time>25-01-21 21:37:13:561</time></pt><pt><x>367</x><y>322</y><time>25-01-21 21:37:13:727</time></pt><pt><x>371</x><y>323</y><time>25-01-21 21:37:13:899</time></pt><pt><x>378</x><y>324</y><time>25-01-21 21:37:14:096</time></pt><pt><x>390</x><y>324</y><time>25-01-21 21:37:14:310</time></pt><pt><x>403</x><y>324</y><time>25-01-21 21:37:14:552</time></pt><pt><x>416</x><y>322</y><time>25-01-21 21:37:14:844</time></pt><pt><x>420</x><y>320</y><time>25-01-21 21:37:15:079</time></pt><pt><x>420</x><y>317</y><time>25-01-21 21:37:15:236</time></pt><pt><x>418</x><y>313</y><time>25-01-21 21:37:15:401</time></pt><pt><x>416</x><y>308</y><time>25-01-21 21:37:15:568</time></pt><pt><x>415</x><y>304</y><time>25-01-21 21:37:15:747</time></pt><pt><x>414</x><y>301</y><time>25-01-21 21:37:15:952</time></pt><pt><x>411</x><y>296</y><time>25-01-21 21:37:16:117</time></pt><pt><x>409</x><y>291</y><time>25-01-21 21:37:16:345</time></pt><pt><x>403</x><y>266</y><time>25-01-21 21:37:18:272</time></pt><pt><x>403</x><y>254</y><time>25-01-21 21:37:18:516</time></pt><pt><x>403</x><y>248</y><time>25-01-21 21:37:18:657</time></pt><pt><x>403</x><y>241</y><time>25-01-21 21:37:18:830</time></pt><pt><x>400</x><y>234</y><time>25-01-21 21:37:19:012</time></pt><pt><x>396</x><y>226</y><time>25-01-21 21:37:19:209</time></pt><pt><x>392</x><y>221</y><time>25-01-21 21:37:19:396</time></pt><pt><x>390</x><y>217</y><time>25-01-21 21:37:19:594</time></pt><pt><x>390</x><y>207</y><time>25-01-21 21:37:19:854</time></pt><pt><x>391</x><y>201</y><time>25-01-21 21:37:20:050</time></pt><pt><x>391</x><y>184</y><time>25-01-21 21:37:21:055</time></pt><pt><x>390</x><y>177</y><time>25-01-21 21:37:21:215</time></pt><pt><x>390</x><y>175</y><time>25-01-21 21:37:21:377</time></pt><pt><x>393</x><y>168</y><time>25-01-21 21:37:21:537</time></pt><pt><x>398</x><y>159</y><time>25-01-21 21:37:21:724</time></pt><pt><x>400</x><y>152</y><time>25-01-21 21:37:21:929</time></pt><pt><x>400</x><y>132</y><time>25-01-21 21:37:23:156</time></pt><pt><x>400</x><y>124</y><time>25-01-21 21:37:23:337</time></pt><pt><x>399</x><y>115</y><time>25-01-21 21:37:23:502</time></pt><pt><x>400</x><y>103</y><time>25-01-21 21:37:23:673</time></pt><pt><x>401</x><y>90</y><time>25-01-21 21:37:23:881</time></pt><pt><x>402</x><y>82</y><time>25-01-21 21:37:24:059</time></pt><pt><x>402</x><y>67</y><time>25-01-21 21:37:24:719</time></pt><pt><x>402</x><y>59</y><time>25-01-21 21:37:24:909</time></pt><pt><x>400</x><y>54</y><time>25-01-21 21:37:25:058</time></pt><pt><x>398</x><y>48</y><time>25-01-21 21:37:25:223</time></pt><pt><x>398</x><y>40</y><time>25-01-21 21:37:25:719</time></pt><pt><x>397</x><y>36</y><time>25-01-21 21:37:25:908</time></pt><pt><x>394</x><y>30</y><time>25-01-21 21:37:26:082</time></pt><pt><x>390</x><y>25</y><time>25-01-21 21:37:26:301</time></pt><pt><x>384</x><y>21</y><time>25-01-21 21:37:26:544</time></pt><pt><x>377</x><y>21</y><time>25-01-21 21:37:26:750</time></pt><pt><x>374</x><y>19</y><time>25-01-21 21:37:26:953</time></pt><pt><x>374</x><y>16</y><time>25-01-21 21:37:27:149</time></pt><pt><x>376</x><y>12</y><time>25-01-21 21:37:27:511</time></pt><pt><x>377</x><y>8</y><time>25-01-21 21:37:27:779</time></pt><pt><x>377</x><y>7</y><time>25-01-21 21:37:27:935</time></pt><pt><x>378</x><y>4</y><time>25-01-21 21:37:28:156</time></pt><closed_date>25-01-21 21:37:28:703</closed_date></polygon></object><object><name>person</name><deleted>0</deleted><verified>0</verified><occluded>no</occluded><attributes></attributes><parts><hasparts></hasparts><ispartof></ispartof></parts><date>25-01-21 21:37:40:455</date><id>1</id><polygon><username>7hao</username><pt><x>337</x><y>84</y><time>25-01-21 21:37:35:129</time></pt><pt><x>335</x><y>88</y><time>25-01-21 21:37:35:596</time></pt><pt><x>335</x><y>92</y><time>25-01-21 21:37:35:824</time></pt><pt><x>335</x><y>94</y><time>25-01-21 21:37:35:997</time></pt><pt><x>337</x><y>98</y><time>25-01-21 21:37:36:233</time></pt><pt><x>339</x><y>99</y><time>25-01-21 21:37:36:614</time></pt><pt><x>339</x><y>99</y><time>25-01-21 21:37:37:374</time></pt><closed_date>25-01-21 21:37:38:467</closed_date></polygon></object><object><name>person</name><deleted>0</deleted><verified>0</verified><occluded>no</occluded><attributes></attributes><parts><hasparts></hasparts><ispartof></ispartof></parts><date>25-01-21 21:38:10:865</date><id>2</id><polygon><username>7hao</username><pt><x>338</x><y>108</y><time>25-01-21 21:37:42:440</time></pt><pt><x>330</x><y>116</y><time>25-01-21 21:37:42:832</time></pt><pt><x>323</x><y>126</y><time>25-01-21 21:37:43:250</time></pt><pt><x>323</x><y>134</y><time>25-01-21 21:37:43:478</time></pt><pt><x>323</x><y>143</y><time>25-01-21 21:37:43:658</time></pt><pt><x>323</x><y>154</y><time>25-01-21 21:37:43:840</time></pt><pt><x>322</x><y>164</y><time>25-01-21 21:37:44:027</time></pt><pt><x>321</x><y>174</y><time>25-01-21 21:37:44:247</time></pt><pt><x>320</x><y>181</y><time>25-01-21 21:37:44:546</time></pt><pt><x>319</x><y>187</y><time>25-01-21 21:37:44:703</time></pt><pt><x>321</x><y>195</y><time>25-01-21 21:37:44:884</time></pt><pt><x>322</x><y>205</y><time>25-01-21 21:37:45:112</time></pt><pt><x>323</x><y>214</y><time>25-01-21 21:37:45:302</time></pt><pt><x>323</x><y>221</y><time>25-01-21 21:37:45:498</time></pt><pt><x>320</x><y>226</y><time>25-01-21 21:37:45:671</time></pt><pt><x>318</x><y>231</y><time>25-01-21 21:37:45:923</time></pt><pt><x>312</x><y>247</y><time>25-01-21 21:37:48:361</time></pt><pt><x>308</x><y>264</y><time>25-01-21 21:37:48:627</time></pt><pt><x>307</x><y>275</y><time>25-01-21 21:37:48:832</time></pt><pt><x>305</x><y>280</y><time>25-01-21 21:37:48:998</time></pt><pt><x>302</x><y>284</y><time>25-01-21 21:37:49:146</time></pt><pt><x>300</x><y>288</y><time>25-01-21 21:37:49:297</time></pt><pt><x>299</x><y>293</y><time>25-01-21 21:37:49:548</time></pt><pt><x>308</x><y>295</y><time>25-01-21 21:37:49:736</time></pt><pt><x>317</x><y>297</y><time>25-01-21 21:37:49:980</time></pt><pt><x>329</x><y>298</y><time>25-01-21 21:37:50:271</time></pt><pt><x>334</x><y>296</y><time>25-01-21 21:37:50:529</time></pt><pt><x>334</x><y>291</y><time>25-01-21 21:37:50:883</time></pt><pt><x>331</x><y>290</y><time>25-01-21 21:37:51:111</time></pt><pt><x>324</x><y>289</y><time>25-01-21 21:37:51:302</time></pt><pt><x>322</x><y>287</y><time>25-01-21 21:37:51:521</time></pt><pt><x>321</x><y>284</y><time>25-01-21 21:37:51:726</time></pt><pt><x>320</x><y>278</y><time>25-01-21 21:37:51:913</time></pt><pt><x>322</x><y>269</y><time>25-01-21 21:37:52:235</time></pt><pt><x>325</x><y>262</y><time>25-01-21 21:37:52:464</time></pt><pt><x>330</x><y>250</y><time>25-01-21 21:37:52:802</time></pt><pt><x>333</x><y>243</y><time>25-01-21 21:37:53:134</time></pt><pt><x>337</x><y>236</y><time>25-01-21 21:37:53:367</time></pt><pt><x>339</x><y>229</y><time>25-01-21 21:37:53:801</time></pt><pt><x>337</x><y>223</y><time>25-01-21 21:37:54:517</time></pt><pt><x>335</x><y>218</y><time>25-01-21 21:37:58:637</time></pt><pt><x>336</x><y>213</y><time>25-01-21 21:37:59:171</time></pt><pt><x>337</x><y>207</y><time>25-01-21 21:37:59:761</time></pt><pt><x>339</x><y>202</y><time>25-01-21 21:38:00:319</time></pt><pt><x>340</x><y>197</y><time>25-01-21 21:38:01:295</time></pt><pt><x>341</x><y>187</y><time>25-01-21 21:38:03:222</time></pt><pt><x>343</x><y>181</y><time>25-01-21 21:38:03:741</time></pt><pt><x>342</x><y>177</y><time>25-01-21 21:38:04:126</time></pt><pt><x>341</x><y>173</y><time>25-01-21 21:38:04:444</time></pt><pt><x>341</x><y>169</y><time>25-01-21 21:38:04:755</time></pt><pt><x>341</x><y>164</y><time>25-01-21 21:38:05:062</time></pt><pt><x>341</x><y>160</y><time>25-01-21 21:38:05:338</time></pt><pt><x>341</x><y>155</y><time>25-01-21 21:38:05:691</time></pt><pt><x>339</x><y>151</y><time>25-01-21 21:38:06:029</time></pt><pt><x>337</x><y>147</y><time>25-01-21 21:38:06:407</time></pt><pt><x>335</x><y>143</y><time>25-01-21 21:38:06:729</time></pt><pt><x>335</x><y>139</y><time>25-01-21 21:38:07:045</time></pt><pt><x>336</x><y>133</y><time>25-01-21 21:38:07:508</time></pt><closed_date>25-01-21 21:38:08:875</closed_date></polygon></object><object><name>person</name><deleted>0</deleted><verified>0</verified><occluded>no</occluded><attributes></attributes><parts><hasparts></hasparts><ispartof></ispartof></parts><date>25-01-21 21:38:30:849</date><id>3</id><polygon><username>7hao</username><pt><x>373</x><y>231</y><time>25-01-21 21:38:18:640</time></pt><pt><x>371</x><y>244</y><time>25-01-21 21:38:19:116</time></pt><pt><x>371</x><y>260</y><time>25-01-21 21:38:19:658</time></pt><pt><x>371</x><y>269</y><time>25-01-21 21:38:19:950</time></pt><pt><x>372</x><y>275</y><time>25-01-21 21:38:20:169</time></pt><pt><x>373</x><y>279</y><time>25-01-21 21:38:20:382</time></pt><pt><x>378</x><y>284</y><time>25-01-21 21:38:20:602</time></pt><pt><x>381</x><y>286</y><time>25-01-21 21:38:20:806</time></pt><pt><x>388</x><y>288</y><time>25-01-21 21:38:21:074</time></pt><pt><x>390</x><y>288</y><time>25-01-21 21:38:21:278</time></pt><pt><x>390</x><y>291</y><time>25-01-21 21:38:21:483</time></pt><pt><x>388</x><y>293</y><time>25-01-21 21:38:21:688</time></pt><pt><x>382</x><y>295</y><time>25-01-21 21:38:22:001</time></pt><pt><x>375</x><y>295</y><time>25-01-21 21:38:22:246</time></pt><pt><x>368</x><y>295</y><time>25-01-21 21:38:22:483</time></pt><pt><x>363</x><y>295</y><time>25-01-21 21:38:22:709</time></pt><pt><x>359</x><y>293</y><time>25-01-21 21:38:23:300</time></pt><pt><x>358</x><y>290</y><time>25-01-21 21:38:23:519</time></pt><pt><x>359</x><y>284</y><time>25-01-21 21:38:23:700</time></pt><pt><x>363</x><y>271</y><time>25-01-21 21:38:24:163</time></pt><pt><x>364</x><y>261</y><time>25-01-21 21:38:24:550</time></pt><pt><x>367</x><y>246</y><time>25-01-21 21:38:25:164</time></pt><pt><x>365</x><y>239</y><time>25-01-21 21:38:25:626</time></pt><pt><x>364</x><y>230</y><time>25-01-21 21:38:26:153</time></pt><pt><x>362</x><y>225</y><time>25-01-21 21:38:26:531</time></pt><pt><x>361</x><y>220</y><time>25-01-21 21:38:26:877</time></pt><pt><x>361</x><y>217</y><time>25-01-21 21:38:27:193</time></pt><pt><x>363</x><y>214</y><time>25-01-21 21:38:27:561</time></pt><closed_date>25-01-21 21:38:28:465</closed_date></polygon></object></annotation>