<annotation><filename>frame0000.jpg</filename><folder>users/lab605//7hao/human_20210119_4</folder><source><submittedBy>lab605</submittedBy></source><imagesize><nrows>480</nrows><ncols>640</ncols></imagesize><object><name>person</name><deleted>0</deleted><verified>0</verified><occluded>no</occluded><attributes></attributes><parts><hasparts></hasparts><ispartof></ispartof></parts><date>20-01-21 17:23:51:771</date><id>0</id><polygon><username>7hao</username><pt><x>451</x><y>39</y><time>20-01-21 17:21:50:321</time></pt><pt><x>447</x><y>39</y><time>20-01-21 17:21:50:824</time></pt><pt><x>443</x><y>39</y><time>20-01-21 17:21:51:183</time></pt><pt><x>441</x><y>40</y><time>20-01-21 17:21:51:444</time></pt><pt><x>438</x><y>41</y><time>20-01-21 17:21:51:702</time></pt><pt><x>435</x><y>43</y><time>20-01-21 17:21:52:190</time></pt><pt><x>434</x><y>44</y><time>20-01-21 17:21:52:474</time></pt><pt><x>431</x><y>46</y><time>20-01-21 17:21:52:695</time></pt><pt><x>429</x><y>48</y><time>20-01-21 17:21:52:914</time></pt><pt><x>427</x><y>50</y><time>20-01-21 17:21:53:166</time></pt><pt><x>427</x><y>52</y><time>20-01-21 17:21:53:385</time></pt><pt><x>427</x><y>54</y><time>20-01-21 17:21:53:600</time></pt><pt><x>427</x><y>55</y><time>20-01-21 17:21:53:828</time></pt><pt><x>427</x><y>57</y><time>20-01-21 17:21:54:065</time></pt><pt><x>427</x><y>58</y><time>20-01-21 17:21:54:276</time></pt><pt><x>425</x><y>59</y><time>20-01-21 17:21:54:464</time></pt><pt><x>425</x><y>62</y><time>20-01-21 17:21:54:709</time></pt><pt><x>425</x><y>65</y><time>20-01-21 17:21:54:927</time></pt><pt><x>426</x><y>66</y><time>20-01-21 17:21:55:150</time></pt><pt><x>428</x><y>67</y><time>20-01-21 17:21:55:652</time></pt><pt><x>430</x><y>69</y><time>20-01-21 17:21:56:085</time></pt><pt><x>430</x><y>71</y><time>20-01-21 17:21:56:336</time></pt><pt><x>430</x><y>73</y><time>20-01-21 17:21:56:556</time></pt><pt><x>430</x><y>77</y><time>20-01-21 17:21:56:783</time></pt><pt><x>431</x><y>79</y><time>20-01-21 17:21:56:974</time></pt><pt><x>432</x><y>81</y><time>20-01-21 17:21:57:265</time></pt><pt><x>433</x><y>83</y><time>20-01-21 17:21:57:515</time></pt><pt><x>431</x><y>84</y><time>20-01-21 17:21:57:777</time></pt><pt><x>426</x><y>85</y><time>20-01-21 17:21:58:052</time></pt><pt><x>421</x><y>87</y><time>20-01-21 17:21:58:289</time></pt><pt><x>415</x><y>89</y><time>20-01-21 17:21:58:532</time></pt><pt><x>411</x><y>92</y><time>20-01-21 17:21:58:815</time></pt><pt><x>409</x><y>97</y><time>20-01-21 17:21:59:351</time></pt><pt><x>408</x><y>101</y><time>20-01-21 17:21:59:682</time></pt><pt><x>406</x><y>106</y><time>20-01-21 17:22:00:018</time></pt><pt><x>405</x><y>109</y><time>20-01-21 17:22:00:367</time></pt><pt><x>404</x><y>115</y><time>20-01-21 17:22:00:750</time></pt><pt><x>404</x><y>118</y><time>20-01-21 17:22:01:106</time></pt><pt><x>404</x><y>123</y><time>20-01-21 17:22:01:458</time></pt><pt><x>404</x><y>127</y><time>20-01-21 17:22:01:820</time></pt><pt><x>403</x><y>132</y><time>20-01-21 17:22:02:142</time></pt><pt><x>402</x><y>136</y><time>20-01-21 17:22:02:552</time></pt><pt><x>402</x><y>138</y><time>20-01-21 17:22:02:874</time></pt><pt><x>402</x><y>143</y><time>20-01-21 17:22:04:801</time></pt><pt><x>402</x><y>148</y><time>20-01-21 17:22:05:157</time></pt><pt><x>402</x><y>151</y><time>20-01-21 17:22:05:432</time></pt><pt><x>403</x><y>155</y><time>20-01-21 17:22:05:689</time></pt><pt><x>403</x><y>158</y><time>20-01-21 17:22:05:902</time></pt><pt><x>403</x><y>161</y><time>20-01-21 17:22:06:139</time></pt><pt><x>403</x><y>165</y><time>20-01-21 17:22:06:334</time></pt><pt><x>403</x><y>169</y><time>20-01-21 17:22:06:572</time></pt><pt><x>404</x><y>171</y><time>20-01-21 17:22:06:791</time></pt><pt><x>405</x><y>174</y><time>20-01-21 17:22:07:058</time></pt><pt><x>406</x><y>177</y><time>20-01-21 17:22:07:278</time></pt><pt><x>407</x><y>180</y><time>20-01-21 17:22:07:524</time></pt><pt><x>407</x><y>183</y><time>20-01-21 17:22:07:854</time></pt><pt><x>408</x><y>187</y><time>20-01-21 17:22:08:136</time></pt><pt><x>409</x><y>191</y><time>20-01-21 17:22:08:413</time></pt><pt><x>411</x><y>196</y><time>20-01-21 17:22:08:852</time></pt><pt><x>413</x><y>198</y><time>20-01-21 17:22:09:284</time></pt><pt><x>416</x><y>199</y><time>20-01-21 17:22:09:617</time></pt><pt><x>418</x><y>198</y><time>20-01-21 17:22:09:938</time></pt><pt><x>420</x><y>198</y><time>20-01-21 17:22:10:373</time></pt><pt><x>421</x><y>199</y><time>20-01-21 17:22:10:805</time></pt><pt><x>422</x><y>201</y><time>20-01-21 17:22:11:110</time></pt><pt><x>422</x><y>203</y><time>20-01-21 17:22:11:330</time></pt><pt><x>423</x><y>211</y><time>20-01-21 17:22:13:149</time></pt><pt><x>423</x><y>218</y><time>20-01-21 17:22:13:573</time></pt><pt><x>425</x><y>224</y><time>20-01-21 17:22:13:958</time></pt><pt><x>427</x><y>227</y><time>20-01-21 17:22:14:282</time></pt><pt><x>428</x><y>233</y><time>20-01-21 17:22:14:532</time></pt><pt><x>430</x><y>238</y><time>20-01-21 17:22:14:778</time></pt><pt><x>430</x><y>241</y><time>20-01-21 17:22:15:062</time></pt><pt><x>431</x><y>247</y><time>20-01-21 17:22:15:297</time></pt><pt><x>430</x><y>251</y><time>20-01-21 17:22:15:554</time></pt><pt><x>430</x><y>254</y><time>20-01-21 17:22:15:779</time></pt><pt><x>431</x><y>259</y><time>20-01-21 17:22:16:034</time></pt><pt><x>432</x><y>262</y><time>20-01-21 17:22:16:320</time></pt><pt><x>433</x><y>264</y><time>20-01-21 17:22:17:938</time></pt><pt><x>433</x><y>267</y><time>20-01-21 17:22:18:207</time></pt><pt><x>434</x><y>269</y><time>20-01-21 17:22:18:457</time></pt><pt><x>434</x><y>272</y><time>20-01-21 17:22:18:729</time></pt><pt><x>435</x><y>274</y><time>20-01-21 17:22:18:978</time></pt><pt><x>436</x><y>276</y><time>20-01-21 17:22:19:191</time></pt><pt><x>436</x><y>278</y><time>20-01-21 17:22:19:481</time></pt><pt><x>436</x><y>280</y><time>20-01-21 17:22:19:694</time></pt><pt><x>435</x><y>284</y><time>20-01-21 17:22:19:938</time></pt><pt><x>436</x><y>286</y><time>20-01-21 17:22:20:160</time></pt><pt><x>437</x><y>288</y><time>20-01-21 17:22:20:362</time></pt><pt><x>438</x><y>290</y><time>20-01-21 17:22:20:574</time></pt><pt><x>439</x><y>291</y><time>20-01-21 17:22:20:785</time></pt><pt><x>438</x><y>294</y><time>20-01-21 17:22:20:984</time></pt><pt><x>438</x><y>296</y><time>20-01-21 17:22:21:198</time></pt><pt><x>438</x><y>299</y><time>20-01-21 17:22:21:536</time></pt><pt><x>437</x><y>301</y><time>20-01-21 17:22:21:778</time></pt><pt><x>436</x><y>303</y><time>20-01-21 17:22:22:005</time></pt><pt><x>434</x><y>305</y><time>20-01-21 17:22:22:300</time></pt><pt><x>432</x><y>308</y><time>20-01-21 17:22:22:558</time></pt><pt><x>432</x><y>310</y><time>20-01-21 17:22:22:809</time></pt><pt><x>433</x><y>313</y><time>20-01-21 17:22:23:092</time></pt><pt><x>434</x><y>314</y><time>20-01-21 17:22:23:424</time></pt><pt><x>437</x><y>315</y><time>20-01-21 17:22:23:785</time></pt><pt><x>439</x><y>315</y><time>20-01-21 17:22:24:052</time></pt><pt><x>441</x><y>315</y><time>20-01-21 17:22:24:313</time></pt><pt><x>444</x><y>316</y><time>20-01-21 17:22:24:533</time></pt><pt><x>446</x><y>316</y><time>20-01-21 17:22:24:744</time></pt><pt><x>448</x><y>315</y><time>20-01-21 17:22:24:979</time></pt><pt><x>449</x><y>315</y><time>20-01-21 17:22:25:192</time></pt><pt><x>451</x><y>314</y><time>20-01-21 17:22:25:485</time></pt><pt><x>453</x><y>313</y><time>20-01-21 17:22:25:721</time></pt><pt><x>454</x><y>311</y><time>20-01-21 17:22:25:940</time></pt><pt><x>455</x><y>310</y><time>20-01-21 17:22:26:233</time></pt><pt><x>455</x><y>308</y><time>20-01-21 17:22:26:461</time></pt><pt><x>456</x><y>307</y><time>20-01-21 17:22:26:673</time></pt><pt><x>458</x><y>306</y><time>20-01-21 17:22:26:915</time></pt><pt><x>460</x><y>306</y><time>20-01-21 17:22:27:175</time></pt><pt><x>462</x><y>307</y><time>20-01-21 17:22:27:398</time></pt><pt><x>466</x><y>307</y><time>20-01-21 17:22:27:602</time></pt><pt><x>470</x><y>306</y><time>20-01-21 17:22:27:837</time></pt><pt><x>471</x><y>305</y><time>20-01-21 17:22:28:301</time></pt><pt><x>471</x><y>303</y><time>20-01-21 17:22:28:569</time></pt><pt><x>471</x><y>301</y><time>20-01-21 17:22:28:822</time></pt><pt><x>470</x><y>300</y><time>20-01-21 17:22:29:078</time></pt><pt><x>468</x><y>296</y><time>20-01-21 17:22:29:331</time></pt><pt><x>466</x><y>294</y><time>20-01-21 17:22:29:559</time></pt><pt><x>464</x><y>291</y><time>20-01-21 17:22:29:837</time></pt><pt><x>463</x><y>287</y><time>20-01-21 17:22:30:085</time></pt><pt><x>462</x><y>284</y><time>20-01-21 17:22:30:291</time></pt><pt><x>463</x><y>281</y><time>20-01-21 17:22:30:510</time></pt><pt><x>463</x><y>279</y><time>20-01-21 17:22:30:722</time></pt><pt><x>465</x><y>267</y><time>20-01-21 17:22:32:353</time></pt><pt><x>466</x><y>264</y><time>20-01-21 17:22:32:730</time></pt><pt><x>467</x><y>261</y><time>20-01-21 17:22:32:963</time></pt><pt><x>467</x><y>256</y><time>20-01-21 17:22:33:264</time></pt><pt><x>467</x><y>254</y><time>20-01-21 17:22:33:492</time></pt><pt><x>468</x><y>251</y><time>20-01-21 17:22:33:713</time></pt><pt><x>469</x><y>248</y><time>20-01-21 17:22:33:972</time></pt><pt><x>468</x><y>245</y><time>20-01-21 17:22:34:209</time></pt><pt><x>469</x><y>243</y><time>20-01-21 17:22:34:405</time></pt><pt><x>469</x><y>241</y><time>20-01-21 17:22:34:617</time></pt><pt><x>469</x><y>239</y><time>20-01-21 17:22:34:791</time></pt><pt><x>469</x><y>235</y><time>20-01-21 17:22:34:980</time></pt><pt><x>470</x><y>232</y><time>20-01-21 17:22:35:169</time></pt><pt><x>470</x><y>231</y><time>20-01-21 17:22:35:365</time></pt><pt><x>471</x><y>228</y><time>20-01-21 17:22:35:648</time></pt><pt><x>471</x><y>225</y><time>20-01-21 17:22:35:845</time></pt><pt><x>471</x><y>221</y><time>20-01-21 17:22:36:080</time></pt><pt><x>471</x><y>218</y><time>20-01-21 17:22:36:300</time></pt><pt><x>471</x><y>214</y><time>20-01-21 17:22:36:536</time></pt><pt><x>470</x><y>213</y><time>20-01-21 17:22:36:710</time></pt><pt><x>471</x><y>210</y><time>20-01-21 17:22:38:267</time></pt><pt><x>472</x><y>206</y><time>20-01-21 17:22:38:628</time></pt><pt><x>473</x><y>203</y><time>20-01-21 17:22:38:912</time></pt><pt><x>473</x><y>198</y><time>20-01-21 17:22:39:148</time></pt><pt><x>474</x><y>196</y><time>20-01-21 17:22:39:385</time></pt><pt><x>474</x><y>192</y><time>20-01-21 17:22:39:643</time></pt><pt><x>474</x><y>189</y><time>20-01-21 17:22:39:856</time></pt><pt><x>473</x><y>186</y><time>20-01-21 17:22:40:075</time></pt><pt><x>473</x><y>184</y><time>20-01-21 17:22:40:894</time></pt><pt><x>474</x><y>181</y><time>20-01-21 17:22:41:178</time></pt><pt><x>474</x><y>178</y><time>20-01-21 17:22:41:423</time></pt><pt><x>474</x><y>174</y><time>20-01-21 17:22:41:642</time></pt><pt><x>473</x><y>172</y><time>20-01-21 17:22:42:367</time></pt><pt><x>472</x><y>169</y><time>20-01-21 17:22:42:634</time></pt><pt><x>472</x><y>166</y><time>20-01-21 17:22:42:870</time></pt><pt><x>471</x><y>165</y><time>20-01-21 17:22:43:074</time></pt><pt><x>470</x><y>161</y><time>20-01-21 17:22:43:382</time></pt><pt><x>470</x><y>159</y><time>20-01-21 17:22:43:616</time></pt><pt><x>472</x><y>157</y><time>20-01-21 17:22:43:892</time></pt><pt><x>473</x><y>155</y><time>20-01-21 17:22:44:182</time></pt><pt><x>473</x><y>153</y><time>20-01-21 17:22:44:474</time></pt><pt><x>472</x><y>151</y><time>20-01-21 17:22:44:757</time></pt><pt><x>470</x><y>149</y><time>20-01-21 17:22:45:072</time></pt><pt><x>469</x><y>147</y><time>20-01-21 17:22:45:512</time></pt><pt><x>469</x><y>146</y><time>20-01-21 17:22:45:789</time></pt><pt><x>470</x><y>145</y><time>20-01-21 17:22:46:009</time></pt><pt><x>470</x><y>141</y><time>20-01-21 17:22:48:108</time></pt><pt><x>470</x><y>139</y><time>20-01-21 17:22:48:447</time></pt><pt><x>470</x><y>137</y><time>20-01-21 17:22:48:747</time></pt><pt><x>471</x><y>133</y><time>20-01-21 17:22:49:036</time></pt><pt><x>471</x><y>130</y><time>20-01-21 17:22:49:470</time></pt><pt><x>474</x><y>138</y><time>20-01-21 17:22:50:737</time></pt><pt><x>476</x><y>144</y><time>20-01-21 17:22:51:209</time></pt><pt><x>477</x><y>148</y><time>20-01-21 17:22:51:617</time></pt><pt><x>479</x><y>152</y><time>20-01-21 17:22:51:986</time></pt><pt><x>482</x><y>156</y><time>20-01-21 17:22:52:473</time></pt><pt><x>483</x><y>159</y><time>20-01-21 17:22:52:883</time></pt><pt><x>485</x><y>162</y><time>20-01-21 17:22:53:307</time></pt><pt><x>487</x><y>166</y><time>20-01-21 17:22:53:703</time></pt><pt><x>488</x><y>169</y><time>20-01-21 17:22:54:085</time></pt><pt><x>488</x><y>172</y><time>20-01-21 17:22:54:435</time></pt><pt><x>488</x><y>176</y><time>20-01-21 17:22:54:811</time></pt><pt><x>489</x><y>179</y><time>20-01-21 17:22:55:274</time></pt><pt><x>491</x><y>182</y><time>20-01-21 17:22:55:651</time></pt><pt><x>494</x><y>183</y><time>20-01-21 17:22:56:217</time></pt><pt><x>496</x><y>183</y><time>20-01-21 17:22:56:685</time></pt><pt><x>497</x><y>182</y><time>20-01-21 17:22:57:029</time></pt><pt><x>498</x><y>180</y><time>20-01-21 17:22:57:392</time></pt><pt><x>499</x><y>178</y><time>20-01-21 17:22:57:751</time></pt><pt><x>500</x><y>175</y><time>20-01-21 17:22:58:045</time></pt><pt><x>500</x><y>172</y><time>20-01-21 17:22:58:341</time></pt><pt><x>500</x><y>170</y><time>20-01-21 17:22:58:641</time></pt><pt><x>499</x><y>167</y><time>20-01-21 17:22:58:991</time></pt><pt><x>499</x><y>164</y><time>20-01-21 17:22:59:294</time></pt><pt><x>500</x><y>160</y><time>20-01-21 17:22:59:570</time></pt><pt><x>500</x><y>157</y><time>20-01-21 17:22:59:932</time></pt><pt><x>499</x><y>154</y><time>20-01-21 17:23:00:247</time></pt><pt><x>498</x><y>147</y><time>20-01-21 17:23:00:585</time></pt><pt><x>497</x><y>142</y><time>20-01-21 17:23:00:924</time></pt><pt><x>494</x><y>137</y><time>20-01-21 17:23:01:270</time></pt><pt><x>491</x><y>122</y><time>20-01-21 17:23:02:985</time></pt><pt><x>489</x><y>115</y><time>20-01-21 17:23:03:565</time></pt><pt><x>487</x><y>110</y><time>20-01-21 17:23:03:952</time></pt><pt><x>484</x><y>103</y><time>20-01-21 17:23:04:391</time></pt><pt><x>482</x><y>98</y><time>20-01-21 17:23:04:816</time></pt><pt><x>479</x><y>93</y><time>20-01-21 17:23:05:234</time></pt><pt><x>477</x><y>90</y><time>20-01-21 17:23:05:690</time></pt><pt><x>472</x><y>88</y><time>20-01-21 17:23:06:071</time></pt><pt><x>468</x><y>87</y><time>20-01-21 17:23:06:461</time></pt><pt><x>464</x><y>85</y><time>20-01-21 17:23:06:909</time></pt><pt><x>460</x><y>83</y><time>20-01-21 17:23:07:349</time></pt><pt><x>457</x><y>83</y><time>20-01-21 17:23:08:067</time></pt><pt><x>455</x><y>80</y><time>20-01-21 17:23:09:135</time></pt><pt><x>454</x><y>76</y><time>20-01-21 17:23:09:467</time></pt><pt><x>456</x><y>73</y><time>20-01-21 17:23:09:913</time></pt><pt><x>459</x><y>71</y><time>20-01-21 17:23:10:309</time></pt><pt><x>462</x><y>68</y><time>20-01-21 17:23:10:687</time></pt><pt><x>465</x><y>66</y><time>20-01-21 17:23:11:001</time></pt><pt><x>466</x><y>64</y><time>20-01-21 17:23:12:803</time></pt><pt><x>466</x><y>60</y><time>20-01-21 17:23:13:163</time></pt><pt><x>466</x><y>57</y><time>20-01-21 17:23:13:485</time></pt><pt><x>464</x><y>54</y><time>20-01-21 17:23:13:864</time></pt><pt><x>463</x><y>51</y><time>20-01-21 17:23:14:170</time></pt><pt><x>463</x><y>49</y><time>20-01-21 17:23:14:503</time></pt><pt><x>463</x><y>46</y><time>20-01-21 17:23:14:855</time></pt><pt><x>463</x><y>45</y><time>20-01-21 17:23:15:186</time></pt><pt><x>461</x><y>44</y><time>20-01-21 17:23:15:532</time></pt><pt><x>459</x><y>42</y><time>20-01-21 17:23:15:923</time></pt><pt><x>457</x><y>41</y><time>20-01-21 17:23:16:317</time></pt><pt><x>454</x><y>39</y><time>20-01-21 17:23:16:821</time></pt><pt><x>453</x><y>39</y><time>20-01-21 17:23:17:405</time></pt><closed_date>20-01-21 17:23:18:003</closed_date></polygon></object><object><name>person</name><deleted>0</deleted><verified>0</verified><occluded>no</occluded><attributes></attributes><parts><hasparts></hasparts><ispartof></ispartof></parts><date>20-01-21 17:25:28:045</date><id>1</id><polygon><username>7hao</username><pt><x>350</x><y>105</y><time>20-01-21 17:24:15:308</time></pt><pt><x>348</x><y>105</y><time>20-01-21 17:24:15:816</time></pt><pt><x>346</x><y>106</y><time>20-01-21 17:24:16:155</time></pt><pt><x>344</x><y>107</y><time>20-01-21 17:24:16:421</time></pt><pt><x>342</x><y>108</y><time>20-01-21 17:24:16:665</time></pt><pt><x>341</x><y>109</y><time>20-01-21 17:24:16:971</time></pt><pt><x>340</x><y>110</y><time>20-01-21 17:24:17:312</time></pt><pt><x>340</x><y>111</y><time>20-01-21 17:24:17:561</time></pt><pt><x>340</x><y>113</y><time>20-01-21 17:24:17:845</time></pt><pt><x>339</x><y>115</y><time>20-01-21 17:24:18:127</time></pt><pt><x>339</x><y>116</y><time>20-01-21 17:24:18:397</time></pt><pt><x>338</x><y>117</y><time>20-01-21 17:24:18:742</time></pt><pt><x>337</x><y>119</y><time>20-01-21 17:24:19:079</time></pt><pt><x>337</x><y>121</y><time>20-01-21 17:24:19:340</time></pt><pt><x>338</x><y>122</y><time>20-01-21 17:24:19:537</time></pt><pt><x>339</x><y>123</y><time>20-01-21 17:24:19:811</time></pt><pt><x>339</x><y>125</y><time>20-01-21 17:24:20:033</time></pt><pt><x>340</x><y>126</y><time>20-01-21 17:24:20:277</time></pt><pt><x>339</x><y>128</y><time>20-01-21 17:24:20:520</time></pt><pt><x>339</x><y>130</y><time>20-01-21 17:24:20:766</time></pt><pt><x>339</x><y>131</y><time>20-01-21 17:24:20:967</time></pt><pt><x>340</x><y>132</y><time>20-01-21 17:24:21:196</time></pt><pt><x>340</x><y>133</y><time>20-01-21 17:24:21:408</time></pt><pt><x>339</x><y>134</y><time>20-01-21 17:24:21:637</time></pt><pt><x>339</x><y>134</y><time>20-01-21 17:24:21:792</time></pt><pt><x>338</x><y>137</y><time>20-01-21 17:24:22:013</time></pt><pt><x>338</x><y>138</y><time>20-01-21 17:24:22:225</time></pt><pt><x>337</x><y>138</y><time>20-01-21 17:24:22:501</time></pt><pt><x>335</x><y>139</y><time>20-01-21 17:24:22:706</time></pt><pt><x>333</x><y>141</y><time>20-01-21 17:24:23:011</time></pt><pt><x>331</x><y>143</y><time>20-01-21 17:24:23:288</time></pt><pt><x>330</x><y>148</y><time>20-01-21 17:24:23:760</time></pt><pt><x>329</x><y>151</y><time>20-01-21 17:24:24:225</time></pt><pt><x>329</x><y>152</y><time>20-01-21 17:24:24:695</time></pt><pt><x>329</x><y>159</y><time>20-01-21 17:24:26:388</time></pt><pt><x>328</x><y>161</y><time>20-01-21 17:24:26:717</time></pt><pt><x>327</x><y>162</y><time>20-01-21 17:24:26:985</time></pt><pt><x>327</x><y>165</y><time>20-01-21 17:24:27:276</time></pt><pt><x>326</x><y>167</y><time>20-01-21 17:24:27:519</time></pt><pt><x>325</x><y>169</y><time>20-01-21 17:24:27:756</time></pt><pt><x>324</x><y>171</y><time>20-01-21 17:24:28:070</time></pt><pt><x>323</x><y>174</y><time>20-01-21 17:24:28:347</time></pt><pt><x>323</x><y>175</y><time>20-01-21 17:24:28:549</time></pt><pt><x>322</x><y>177</y><time>20-01-21 17:24:30:150</time></pt><pt><x>321</x><y>179</y><time>20-01-21 17:24:30:478</time></pt><pt><x>319</x><y>181</y><time>20-01-21 17:24:30:785</time></pt><pt><x>318</x><y>183</y><time>20-01-21 17:24:31:060</time></pt><pt><x>317</x><y>186</y><time>20-01-21 17:24:31:344</time></pt><pt><x>316</x><y>189</y><time>20-01-21 17:24:31:594</time></pt><pt><x>316</x><y>191</y><time>20-01-21 17:24:31:909</time></pt><pt><x>314</x><y>193</y><time>20-01-21 17:24:32:209</time></pt><pt><x>312</x><y>194</y><time>20-01-21 17:24:32:515</time></pt><pt><x>312</x><y>196</y><time>20-01-21 17:24:32:807</time></pt><pt><x>311</x><y>200</y><time>20-01-21 17:24:33:152</time></pt><pt><x>312</x><y>202</y><time>20-01-21 17:24:33:553</time></pt><pt><x>314</x><y>204</y><time>20-01-21 17:24:33:962</time></pt><pt><x>315</x><y>204</y><time>20-01-21 17:24:34:332</time></pt><pt><x>317</x><y>203</y><time>20-01-21 17:24:34:624</time></pt><pt><x>318</x><y>203</y><time>20-01-21 17:24:34:889</time></pt><pt><x>319</x><y>203</y><time>20-01-21 17:24:35:206</time></pt><pt><x>319</x><y>207</y><time>20-01-21 17:24:37:037</time></pt><pt><x>319</x><y>211</y><time>20-01-21 17:24:37:386</time></pt><pt><x>318</x><y>214</y><time>20-01-21 17:24:37:654</time></pt><pt><x>318</x><y>218</y><time>20-01-21 17:24:37:977</time></pt><pt><x>318</x><y>222</y><time>20-01-21 17:24:38:312</time></pt><pt><x>318</x><y>227</y><time>20-01-21 17:24:38:612</time></pt><pt><x>318</x><y>233</y><time>20-01-21 17:24:38:974</time></pt><pt><x>318</x><y>237</y><time>20-01-21 17:24:39:271</time></pt><pt><x>319</x><y>243</y><time>20-01-21 17:24:39:720</time></pt><pt><x>320</x><y>247</y><time>20-01-21 17:24:40:091</time></pt><pt><x>320</x><y>249</y><time>20-01-21 17:24:40:459</time></pt><pt><x>322</x><y>252</y><time>20-01-21 17:24:42:072</time></pt><pt><x>323</x><y>255</y><time>20-01-21 17:24:42:481</time></pt><pt><x>325</x><y>258</y><time>20-01-21 17:24:42:937</time></pt><pt><x>327</x><y>261</y><time>20-01-21 17:24:43:363</time></pt><pt><x>328</x><y>265</y><time>20-01-21 17:24:46:416</time></pt><pt><x>329</x><y>268</y><time>20-01-21 17:24:46:732</time></pt><pt><x>329</x><y>270</y><time>20-01-21 17:24:48:650</time></pt><pt><x>329</x><y>272</y><time>20-01-21 17:24:49:071</time></pt><pt><x>326</x><y>274</y><time>20-01-21 17:24:49:422</time></pt><pt><x>325</x><y>276</y><time>20-01-21 17:24:49:642</time></pt><pt><x>324</x><y>278</y><time>20-01-21 17:24:50:240</time></pt><pt><x>325</x><y>279</y><time>20-01-21 17:24:52:293</time></pt><pt><x>327</x><y>280</y><time>20-01-21 17:24:52:616</time></pt><pt><x>328</x><y>281</y><time>20-01-21 17:24:52:906</time></pt><pt><x>330</x><y>282</y><time>20-01-21 17:24:53:135</time></pt><pt><x>331</x><y>282</y><time>20-01-21 17:24:53:442</time></pt><pt><x>333</x><y>282</y><time>20-01-21 17:24:53:686</time></pt><pt><x>335</x><y>281</y><time>20-01-21 17:24:53:960</time></pt><pt><x>336</x><y>282</y><time>20-01-21 17:24:54:253</time></pt><pt><x>336</x><y>284</y><time>20-01-21 17:24:54:630</time></pt><pt><x>336</x><y>285</y><time>20-01-21 17:24:54:867</time></pt><pt><x>339</x><y>285</y><time>20-01-21 17:24:55:149</time></pt><pt><x>341</x><y>285</y><time>20-01-21 17:24:55:432</time></pt><pt><x>345</x><y>285</y><time>20-01-21 17:24:55:667</time></pt><pt><x>347</x><y>284</y><time>20-01-21 17:24:55:926</time></pt><pt><x>351</x><y>284</y><time>20-01-21 17:24:56:188</time></pt><pt><x>353</x><y>284</y><time>20-01-21 17:24:56:549</time></pt><pt><x>355</x><y>282</y><time>20-01-21 17:24:56:975</time></pt><pt><x>355</x><y>280</y><time>20-01-21 17:24:57:335</time></pt><pt><x>355</x><y>278</y><time>20-01-21 17:24:57:577</time></pt><pt><x>355</x><y>276</y><time>20-01-21 17:24:57:793</time></pt><pt><x>355</x><y>274</y><time>20-01-21 17:24:58:029</time></pt><pt><x>356</x><y>272</y><time>20-01-21 17:24:58:226</time></pt><pt><x>355</x><y>270</y><time>20-01-21 17:24:58:437</time></pt><pt><x>355</x><y>268</y><time>20-01-21 17:24:58:648</time></pt><pt><x>356</x><y>267</y><time>20-01-21 17:24:58:806</time></pt><pt><x>357</x><y>265</y><time>20-01-21 17:24:59:091</time></pt><pt><x>357</x><y>263</y><time>20-01-21 17:24:59:287</time></pt><pt><x>355</x><y>237</y><time>20-01-21 17:25:00:514</time></pt><pt><x>356</x><y>235</y><time>20-01-21 17:25:00:889</time></pt><pt><x>357</x><y>232</y><time>20-01-21 17:25:01:182</time></pt><pt><x>357</x><y>229</y><time>20-01-21 17:25:01:427</time></pt><pt><x>357</x><y>226</y><time>20-01-21 17:25:01:631</time></pt><pt><x>357</x><y>223</y><time>20-01-21 17:25:01:874</time></pt><pt><x>357</x><y>222</y><time>20-01-21 17:25:02:071</time></pt><pt><x>358</x><y>217</y><time>20-01-21 17:25:03:518</time></pt><pt><x>358</x><y>214</y><time>20-01-21 17:25:03:788</time></pt><pt><x>358</x><y>211</y><time>20-01-21 17:25:04:016</time></pt><pt><x>359</x><y>207</y><time>20-01-21 17:25:04:277</time></pt><pt><x>361</x><y>199</y><time>20-01-21 17:25:06:768</time></pt><pt><x>361</x><y>195</y><time>20-01-21 17:25:07:215</time></pt><pt><x>362</x><y>191</y><time>20-01-21 17:25:07:696</time></pt><pt><x>363</x><y>188</y><time>20-01-21 17:25:08:097</time></pt><pt><x>364</x><y>184</y><time>20-01-21 17:25:08:680</time></pt><pt><x>366</x><y>182</y><time>20-01-21 17:25:09:018</time></pt><pt><x>367</x><y>176</y><time>20-01-21 17:25:10:606</time></pt><pt><x>367</x><y>173</y><time>20-01-21 17:25:10:938</time></pt><pt><x>367</x><y>170</y><time>20-01-21 17:25:11:205</time></pt><pt><x>367</x><y>167</y><time>20-01-21 17:25:11:465</time></pt><pt><x>367</x><y>161</y><time>20-01-21 17:25:12:716</time></pt><pt><x>367</x><y>157</y><time>20-01-21 17:25:13:022</time></pt><pt><x>367</x><y>154</y><time>20-01-21 17:25:13:313</time></pt><pt><x>367</x><y>149</y><time>20-01-21 17:25:13:620</time></pt><pt><x>366</x><y>147</y><time>20-01-21 17:25:14:202</time></pt><pt><x>365</x><y>143</y><time>20-01-21 17:25:14:501</time></pt><pt><x>365</x><y>140</y><time>20-01-21 17:25:14:721</time></pt><pt><x>365</x><y>138</y><time>20-01-21 17:25:14:988</time></pt><pt><x>363</x><y>137</y><time>20-01-21 17:25:15:216</time></pt><pt><x>363</x><y>135</y><time>20-01-21 17:25:15:462</time></pt><pt><x>363</x><y>134</y><time>20-01-21 17:25:15:680</time></pt><pt><x>363</x><y>133</y><time>20-01-21 17:25:16:829</time></pt><pt><x>361</x><y>131</y><time>20-01-21 17:25:17:067</time></pt><pt><x>359</x><y>130</y><time>20-01-21 17:25:17:332</time></pt><pt><x>356</x><y>129</y><time>20-01-21 17:25:17:852</time></pt><pt><x>357</x><y>128</y><time>20-01-21 17:25:18:747</time></pt><pt><x>358</x><y>126</y><time>20-01-21 17:25:19:056</time></pt><pt><x>358</x><y>124</y><time>20-01-21 17:25:19:395</time></pt><pt><x>358</x><y>122</y><time>20-01-21 17:25:19:708</time></pt><pt><x>358</x><y>121</y><time>20-01-21 17:25:19:985</time></pt><pt><x>358</x><y>118</y><time>20-01-21 17:25:21:738</time></pt><pt><x>357</x><y>115</y><time>20-01-21 17:25:22:210</time></pt><pt><x>357</x><y>114</y><time>20-01-21 17:25:22:463</time></pt><pt><x>357</x><y>111</y><time>20-01-21 17:25:22:722</time></pt><pt><x>357</x><y>109</y><time>20-01-21 17:25:22:989</time></pt><pt><x>356</x><y>108</y><time>20-01-21 17:25:23:288</time></pt><pt><x>354</x><y>107</y><time>20-01-21 17:25:23:618</time></pt><pt><x>352</x><y>106</y><time>20-01-21 17:25:24:013</time></pt><pt><x>351</x><y>105</y><time>20-01-21 17:25:24:469</time></pt><closed_date>20-01-21 17:25:25:016</closed_date></polygon></object><object><name>person</name><deleted>0</deleted><verified>0</verified><occluded>no</occluded><attributes></attributes><parts><hasparts></hasparts><ispartof></ispartof></parts><date>20-01-21 17:34:27:502</date><id>2</id><polygon><username>7hao</username><pt><x>325</x><y>99</y><time>20-01-21 17:32:51:542</time></pt><pt><x>331</x><y>99</y><time>20-01-21 17:32:52:449</time></pt><pt><x>332</x><y>99</y><time>20-01-21 17:32:52:804</time></pt><pt><x>333</x><y>100</y><time>20-01-21 17:32:53:129</time></pt><pt><x>334</x><y>101</y><time>20-01-21 17:32:53:402</time></pt><pt><x>335</x><y>102</y><time>20-01-21 17:32:53:678</time></pt><pt><x>336</x><y>103</y><time>20-01-21 17:32:53:952</time></pt><pt><x>337</x><y>104</y><time>20-01-21 17:32:54:285</time></pt><pt><x>338</x><y>106</y><time>20-01-21 17:32:54:599</time></pt><pt><x>338</x><y>107</y><time>20-01-21 17:32:54:879</time></pt><pt><x>338</x><y>109</y><time>20-01-21 17:32:55:140</time></pt><pt><x>337</x><y>110</y><time>20-01-21 17:32:55:346</time></pt><pt><x>337</x><y>111</y><time>20-01-21 17:32:55:560</time></pt><pt><x>336</x><y>112</y><time>20-01-21 17:32:55:816</time></pt><pt><x>335</x><y>113</y><time>20-01-21 17:32:56:642</time></pt><pt><x>335</x><y>114</y><time>20-01-21 17:32:56:901</time></pt><pt><x>336</x><y>115</y><time>20-01-21 17:32:57:186</time></pt><pt><x>336</x><y>117</y><time>20-01-21 17:32:57:517</time></pt><pt><x>336</x><y>119</y><time>20-01-21 17:32:57:863</time></pt><pt><x>335</x><y>120</y><time>20-01-21 17:32:58:144</time></pt><pt><x>334</x><y>121</y><time>20-01-21 17:32:58:406</time></pt><pt><x>333</x><y>122</y><time>20-01-21 17:32:58:765</time></pt><pt><x>332</x><y>122</y><time>20-01-21 17:32:59:080</time></pt><pt><x>331</x><y>122</y><time>20-01-21 17:33:01:001</time></pt><pt><x>332</x><y>123</y><time>20-01-21 17:33:01:495</time></pt><pt><x>333</x><y>124</y><time>20-01-21 17:33:01:833</time></pt><pt><x>334</x><y>125</y><time>20-01-21 17:33:02:174</time></pt><pt><x>334</x><y>126</y><time>20-01-21 17:33:02:470</time></pt><pt><x>335</x><y>127</y><time>20-01-21 17:33:02:722</time></pt><pt><x>335</x><y>128</y><time>20-01-21 17:33:03:084</time></pt><pt><x>336</x><y>129</y><time>20-01-21 17:33:03:329</time></pt><pt><x>336</x><y>130</y><time>20-01-21 17:33:03:598</time></pt><pt><x>337</x><y>131</y><time>20-01-21 17:33:03:971</time></pt><pt><x>338</x><y>131</y><time>20-01-21 17:33:04:350</time></pt><pt><x>338</x><y>133</y><time>20-01-21 17:33:04:863</time></pt><pt><x>338</x><y>134</y><time>20-01-21 17:33:05:395</time></pt><pt><x>338</x><y>135</y><time>20-01-21 17:33:06:009</time></pt><pt><x>337</x><y>136</y><time>20-01-21 17:33:06:497</time></pt><pt><x>337</x><y>137</y><time>20-01-21 17:33:07:101</time></pt><pt><x>336</x><y>138</y><time>20-01-21 17:33:07:796</time></pt><pt><x>332</x><y>140</y><time>20-01-21 17:33:09:439</time></pt><pt><x>331</x><y>142</y><time>20-01-21 17:33:10:533</time></pt><pt><x>330</x><y>143</y><time>20-01-21 17:33:11:191</time></pt><pt><x>329</x><y>145</y><time>20-01-21 17:33:11:891</time></pt><pt><x>329</x><y>146</y><time>20-01-21 17:33:12:514</time></pt><pt><x>329</x><y>148</y><time>20-01-21 17:33:13:756</time></pt><pt><x>328</x><y>149</y><time>20-01-21 17:33:14:676</time></pt><pt><x>328</x><y>151</y><time>20-01-21 17:33:15:378</time></pt><pt><x>328</x><y>154</y><time>20-01-21 17:33:17:006</time></pt><pt><x>328</x><y>156</y><time>20-01-21 17:33:18:115</time></pt><pt><x>328</x><y>158</y><time>20-01-21 17:33:18:790</time></pt><pt><x>328</x><y>159</y><time>20-01-21 17:33:19:451</time></pt><pt><x>326</x><y>161</y><time>20-01-21 17:33:20:229</time></pt><pt><x>326</x><y>163</y><time>20-01-21 17:33:21:322</time></pt><pt><x>325</x><y>165</y><time>20-01-21 17:33:22:363</time></pt><pt><x>324</x><y>167</y><time>20-01-21 17:33:24:507</time></pt><pt><x>323</x><y>170</y><time>20-01-21 17:33:25:294</time></pt><pt><x>322</x><y>172</y><time>20-01-21 17:33:26:066</time></pt><pt><x>322</x><y>174</y><time>20-01-21 17:33:27:238</time></pt><pt><x>322</x><y>175</y><time>20-01-21 17:33:27:991</time></pt><pt><x>321</x><y>177</y><time>20-01-21 17:33:28:778</time></pt><pt><x>320</x><y>179</y><time>20-01-21 17:33:29:589</time></pt><pt><x>319</x><y>180</y><time>20-01-21 17:33:30:389</time></pt><pt><x>318</x><y>181</y><time>20-01-21 17:33:31:422</time></pt><pt><x>317</x><y>182</y><time>20-01-21 17:33:32:985</time></pt><pt><x>317</x><y>183</y><time>20-01-21 17:33:33:685</time></pt><pt><x>317</x><y>185</y><time>20-01-21 17:33:36:863</time></pt><pt><x>316</x><y>186</y><time>20-01-21 17:33:38:028</time></pt><pt><x>316</x><y>187</y><time>20-01-21 17:33:39:475</time></pt><pt><x>315</x><y>188</y><time>20-01-21 17:33:40:209</time></pt><pt><x>315</x><y>189</y><time>20-01-21 17:33:40:757</time></pt><pt><x>315</x><y>190</y><time>20-01-21 17:33:41:607</time></pt><pt><x>315</x><y>191</y><time>20-01-21 17:33:42:243</time></pt><pt><x>314</x><y>192</y><time>20-01-21 17:33:42:850</time></pt><pt><x>313</x><y>193</y><time>20-01-21 17:33:43:449</time></pt><pt><x>312</x><y>193</y><time>20-01-21 17:33:44:455</time></pt><pt><x>311</x><y>194</y><time>20-01-21 17:33:46:524</time></pt><pt><x>311</x><y>195</y><time>20-01-21 17:33:47:334</time></pt><pt><x>311</x><y>196</y><time>20-01-21 17:33:48:160</time></pt><pt><x>311</x><y>197</y><time>20-01-21 17:33:48:868</time></pt><pt><x>310</x><y>197</y><time>20-01-21 17:33:49:576</time></pt><pt><x>310</x><y>197</y><time>20-01-21 17:33:53:585</time></pt><pt><x>309</x><y>195</y><time>20-01-21 17:33:54:057</time></pt><pt><x>309</x><y>194</y><time>20-01-21 17:33:54:703</time></pt><pt><x>309</x><y>192</y><time>20-01-21 17:33:55:135</time></pt><pt><x>308</x><y>190</y><time>20-01-21 17:33:55:661</time></pt><pt><x>308</x><y>188</y><time>20-01-21 17:33:56:283</time></pt><pt><x>308</x><y>187</y><time>20-01-21 17:33:56:824</time></pt><pt><x>307</x><y>185</y><time>20-01-21 17:33:58:392</time></pt><pt><x>308</x><y>184</y><time>20-01-21 17:33:58:762</time></pt><pt><x>308</x><y>182</y><time>20-01-21 17:33:59:274</time></pt><pt><x>307</x><y>182</y><time>20-01-21 17:33:59:650</time></pt><pt><x>307</x><y>180</y><time>20-01-21 17:33:59:995</time></pt><pt><x>306</x><y>175</y><time>20-01-21 17:34:01:145</time></pt><pt><x>305</x><y>173</y><time>20-01-21 17:34:01:562</time></pt><pt><x>305</x><y>171</y><time>20-01-21 17:34:01:915</time></pt><pt><x>304</x><y>170</y><time>20-01-21 17:34:02:261</time></pt><pt><x>304</x><y>168</y><time>20-01-21 17:34:02:577</time></pt><pt><x>304</x><y>160</y><time>20-01-21 17:34:03:881</time></pt><pt><x>302</x><y>158</y><time>20-01-21 17:34:04:211</time></pt><pt><x>302</x><y>156</y><time>20-01-21 17:34:04:568</time></pt><pt><x>302</x><y>154</y><time>20-01-21 17:34:04:967</time></pt><pt><x>302</x><y>140</y><time>20-01-21 17:34:06:339</time></pt><pt><x>302</x><y>139</y><time>20-01-21 17:34:06:759</time></pt><pt><x>303</x><y>137</y><time>20-01-21 17:34:07:068</time></pt><pt><x>304</x><y>136</y><time>20-01-21 17:34:07:382</time></pt><pt><x>305</x><y>134</y><time>20-01-21 17:34:07:719</time></pt><pt><x>306</x><y>133</y><time>20-01-21 17:34:08:003</time></pt><pt><x>307</x><y>132</y><time>20-01-21 17:34:08:327</time></pt><pt><x>308</x><y>130</y><time>20-01-21 17:34:08:758</time></pt><pt><x>309</x><y>130</y><time>20-01-21 17:34:09:033</time></pt><pt><x>309</x><y>129</y><time>20-01-21 17:34:09:291</time></pt><pt><x>310</x><y>127</y><time>20-01-21 17:34:10:577</time></pt><pt><x>310</x><y>125</y><time>20-01-21 17:34:10:866</time></pt><pt><x>310</x><y>124</y><time>20-01-21 17:34:11:211</time></pt><pt><x>311</x><y>123</y><time>20-01-21 17:34:11:512</time></pt><pt><x>313</x><y>122</y><time>20-01-21 17:34:11:809</time></pt><pt><x>315</x><y>122</y><time>20-01-21 17:34:12:133</time></pt><pt><x>316</x><y>122</y><time>20-01-21 17:34:12:509</time></pt><pt><x>318</x><y>122</y><time>20-01-21 17:34:12:884</time></pt><pt><x>319</x><y>122</y><time>20-01-21 17:34:13:231</time></pt><pt><x>320</x><y>122</y><time>20-01-21 17:34:13:531</time></pt><pt><x>320</x><y>121</y><time>20-01-21 17:34:13:837</time></pt><pt><x>321</x><y>119</y><time>20-01-21 17:34:14:247</time></pt><pt><x>319</x><y>118</y><time>20-01-21 17:34:14:601</time></pt><pt><x>318</x><y>116</y><time>20-01-21 17:34:15:001</time></pt><pt><x>317</x><y>113</y><time>20-01-21 17:34:16:213</time></pt><pt><x>316</x><y>110</y><time>20-01-21 17:34:16:637</time></pt><pt><x>316</x><y>109</y><time>20-01-21 17:34:17:017</time></pt><pt><x>317</x><y>107</y><time>20-01-21 17:34:17:347</time></pt><pt><x>317</x><y>105</y><time>20-01-21 17:34:17:769</time></pt><pt><x>318</x><y>104</y><time>20-01-21 17:34:18:479</time></pt><pt><x>319</x><y>103</y><time>20-01-21 17:34:18:800</time></pt><pt><x>319</x><y>102</y><time>20-01-21 17:34:19:091</time></pt><pt><x>321</x><y>102</y><time>20-01-21 17:34:19:368</time></pt><pt><x>322</x><y>101</y><time>20-01-21 17:34:19:776</time></pt><pt><x>323</x><y>100</y><time>20-01-21 17:34:20:121</time></pt><pt><x>323</x><y>100</y><time>20-01-21 17:34:20:435</time></pt><pt><x>324</x><y>100</y><time>20-01-21 17:34:20:728</time></pt><closed_date>20-01-21 17:34:21:694</closed_date></polygon></object><object><name>person</name><deleted>0</deleted><verified>0</verified><occluded>no</occluded><attributes></attributes><parts><hasparts></hasparts><ispartof></ispartof></parts><date>20-01-21 17:35:28:533</date><id>3</id><polygon><username>7hao</username><pt><x>311</x><y>203</y><time>20-01-21 17:34:36:683</time></pt><pt><x>311</x><y>205</y><time>20-01-21 17:34:37:189</time></pt><pt><x>311</x><y>206</y><time>20-01-21 17:34:37:528</time></pt><pt><x>312</x><y>208</y><time>20-01-21 17:34:37:889</time></pt><pt><x>312</x><y>210</y><time>20-01-21 17:34:38:203</time></pt><pt><x>312</x><y>212</y><time>20-01-21 17:34:38:512</time></pt><pt><x>312</x><y>215</y><time>20-01-21 17:34:38:903</time></pt><pt><x>312</x><y>216</y><time>20-01-21 17:34:39:171</time></pt><pt><x>313</x><y>218</y><time>20-01-21 17:34:39:425</time></pt><pt><x>313</x><y>219</y><time>20-01-21 17:34:39:809</time></pt><pt><x>313</x><y>220</y><time>20-01-21 17:34:40:115</time></pt><pt><x>313</x><y>223</y><time>20-01-21 17:34:41:335</time></pt><pt><x>314</x><y>224</y><time>20-01-21 17:34:41:595</time></pt><pt><x>313</x><y>226</y><time>20-01-21 17:34:41:909</time></pt><pt><x>311</x><y>227</y><time>20-01-21 17:34:42:286</time></pt><pt><x>308</x><y>229</y><time>20-01-21 17:34:42:720</time></pt><pt><x>306</x><y>231</y><time>20-01-21 17:34:43:074</time></pt><pt><x>303</x><y>233</y><time>20-01-21 17:34:43:403</time></pt><pt><x>300</x><y>234</y><time>20-01-21 17:34:43:720</time></pt><pt><x>299</x><y>236</y><time>20-01-21 17:34:43:994</time></pt><pt><x>298</x><y>239</y><time>20-01-21 17:34:45:431</time></pt><pt><x>297</x><y>241</y><time>20-01-21 17:34:45:755</time></pt><pt><x>295</x><y>243</y><time>20-01-21 17:34:49:465</time></pt><pt><x>293</x><y>246</y><time>20-01-21 17:34:49:799</time></pt><pt><x>292</x><y>248</y><time>20-01-21 17:34:50:088</time></pt><pt><x>290</x><y>249</y><time>20-01-21 17:34:50:324</time></pt><pt><x>289</x><y>250</y><time>20-01-21 17:34:50:594</time></pt><pt><x>287</x><y>251</y><time>20-01-21 17:34:50:836</time></pt><pt><x>286</x><y>251</y><time>20-01-21 17:34:51:094</time></pt><pt><x>284</x><y>252</y><time>20-01-21 17:34:51:394</time></pt><pt><x>283</x><y>253</y><time>20-01-21 17:34:51:731</time></pt><pt><x>281</x><y>254</y><time>20-01-21 17:34:52:085</time></pt><pt><x>280</x><y>259</y><time>20-01-21 17:34:53:716</time></pt><pt><x>281</x><y>262</y><time>20-01-21 17:34:54:059</time></pt><pt><x>282</x><y>263</y><time>20-01-21 17:34:54:344</time></pt><pt><x>283</x><y>264</y><time>20-01-21 17:34:54:595</time></pt><pt><x>283</x><y>266</y><time>20-01-21 17:34:54:847</time></pt><pt><x>283</x><y>267</y><time>20-01-21 17:34:55:028</time></pt><pt><x>284</x><y>269</y><time>20-01-21 17:34:55:382</time></pt><pt><x>285</x><y>270</y><time>20-01-21 17:34:55:672</time></pt><pt><x>288</x><y>273</y><time>20-01-21 17:34:56:717</time></pt><pt><x>290</x><y>274</y><time>20-01-21 17:34:57:033</time></pt><pt><x>294</x><y>275</y><time>20-01-21 17:34:57:323</time></pt><pt><x>295</x><y>276</y><time>20-01-21 17:34:57:653</time></pt><pt><x>298</x><y>275</y><time>20-01-21 17:34:58:943</time></pt><pt><x>298</x><y>274</y><time>20-01-21 17:34:59:343</time></pt><pt><x>298</x><y>272</y><time>20-01-21 17:34:59:762</time></pt><pt><x>298</x><y>270</y><time>20-01-21 17:35:00:091</time></pt><pt><x>298</x><y>267</y><time>20-01-21 17:35:00:405</time></pt><pt><x>299</x><y>264</y><time>20-01-21 17:35:00:689</time></pt><pt><x>299</x><y>262</y><time>20-01-21 17:35:01:136</time></pt><pt><x>299</x><y>260</y><time>20-01-21 17:35:01:467</time></pt><pt><x>298</x><y>258</y><time>20-01-21 17:35:01:797</time></pt><pt><x>298</x><y>257</y><time>20-01-21 17:35:02:111</time></pt><pt><x>298</x><y>256</y><time>20-01-21 17:35:03:495</time></pt><pt><x>299</x><y>254</y><time>20-01-21 17:35:03:747</time></pt><pt><x>300</x><y>252</y><time>20-01-21 17:35:04:032</time></pt><pt><x>303</x><y>250</y><time>20-01-21 17:35:04:338</time></pt><pt><x>305</x><y>248</y><time>20-01-21 17:35:04:639</time></pt><pt><x>306</x><y>246</y><time>20-01-21 17:35:04:945</time></pt><pt><x>311</x><y>243</y><time>20-01-21 17:35:07:162</time></pt><pt><x>314</x><y>241</y><time>20-01-21 17:35:08:742</time></pt><pt><x>315</x><y>240</y><time>20-01-21 17:35:09:041</time></pt><pt><x>317</x><y>239</y><time>20-01-21 17:35:09:380</time></pt><pt><x>317</x><y>238</y><time>20-01-21 17:35:10:992</time></pt><pt><x>317</x><y>237</y><time>20-01-21 17:35:11:699</time></pt><pt><x>317</x><y>235</y><time>20-01-21 17:35:12:377</time></pt><pt><x>317</x><y>217</y><time>20-01-21 17:35:14:106</time></pt><pt><x>317</x><y>214</y><time>20-01-21 17:35:15:899</time></pt><pt><x>317</x><y>213</y><time>20-01-21 17:35:16:560</time></pt><pt><x>318</x><y>212</y><time>20-01-21 17:35:17:307</time></pt><pt><x>318</x><y>211</y><time>20-01-21 17:35:17:945</time></pt><pt><x>318</x><y>210</y><time>20-01-21 17:35:18:621</time></pt><pt><x>318</x><y>209</y><time>20-01-21 17:35:19:424</time></pt><pt><x>318</x><y>207</y><time>20-01-21 17:35:20:075</time></pt><pt><x>318</x><y>206</y><time>20-01-21 17:35:20:579</time></pt><pt><x>318</x><y>205</y><time>20-01-21 17:35:21:132</time></pt><pt><x>317</x><y>204</y><time>20-01-21 17:35:21:719</time></pt><pt><x>316</x><y>204</y><time>20-01-21 17:35:22:333</time></pt><pt><x>315</x><y>205</y><time>20-01-21 17:35:23:011</time></pt><pt><x>314</x><y>205</y><time>20-01-21 17:35:23:685</time></pt><pt><x>313</x><y>204</y><time>20-01-21 17:35:24:189</time></pt><pt><x>312</x><y>204</y><time>20-01-21 17:35:24:715</time></pt><closed_date>20-01-21 17:35:25:707</closed_date></polygon></object></annotation>