<annotation><filename>frame0033.jpg</filename><folder>users/lab605//7hao/human_20210119_4</folder><source><submittedBy>lab605</submittedBy></source><imagesize><nrows>480</nrows><ncols>640</ncols></imagesize><object><name>person</name><deleted>0</deleted><verified>0</verified><occluded>no</occluded><attributes></attributes><parts><hasparts></hasparts><ispartof></ispartof></parts><date>25-01-21 16:08:42:139</date><id>0</id><polygon><username>7hao</username><pt><x>388</x><y>14</y><time>25-01-21 16:07:43:296</time></pt><pt><x>386</x><y>9</y><time>25-01-21 16:07:43:621</time></pt><pt><x>383</x><y>6</y><time>25-01-21 16:07:43:850</time></pt><pt><x>380</x><y>5</y><time>25-01-21 16:07:44:038</time></pt><pt><x>379</x><y>2</y><time>25-01-21 16:07:44:280</time></pt><pt><x>378</x><y>1</y><time>25-01-21 16:07:44:516</time></pt><pt><x>357</x><y>0</y><time>25-01-21 16:07:45:791</time></pt><pt><x>354</x><y>4</y><time>25-01-21 16:07:46:109</time></pt><pt><x>353</x><y>11</y><time>25-01-21 16:07:46:358</time></pt><pt><x>351</x><y>20</y><time>25-01-21 16:07:46:650</time></pt><pt><x>351</x><y>24</y><time>25-01-21 16:07:46:840</time></pt><pt><x>354</x><y>29</y><time>25-01-21 16:07:47:049</time></pt><pt><x>357</x><y>37</y><time>25-01-21 16:07:47:318</time></pt><pt><x>355</x><y>39</y><time>25-01-21 16:07:47:512</time></pt><pt><x>350</x><y>41</y><time>25-01-21 16:07:47:711</time></pt><pt><x>345</x><y>46</y><time>25-01-21 16:07:47:931</time></pt><pt><x>340</x><y>54</y><time>25-01-21 16:07:48:161</time></pt><pt><x>339</x><y>62</y><time>25-01-21 16:07:48:432</time></pt><pt><x>340</x><y>69</y><time>25-01-21 16:07:49:899</time></pt><pt><x>342</x><y>74</y><time>25-01-21 16:07:50:142</time></pt><pt><x>342</x><y>77</y><time>25-01-21 16:07:50:307</time></pt><pt><x>340</x><y>83</y><time>25-01-21 16:07:50:533</time></pt><pt><x>339</x><y>93</y><time>25-01-21 16:07:50:810</time></pt><pt><x>338</x><y>103</y><time>25-01-21 16:07:51:029</time></pt><pt><x>336</x><y>115</y><time>25-01-21 16:07:51:337</time></pt><pt><x>335</x><y>124</y><time>25-01-21 16:07:52:217</time></pt><pt><x>334</x><y>137</y><time>25-01-21 16:07:52:381</time></pt><pt><x>335</x><y>144</y><time>25-01-21 16:07:52:554</time></pt><pt><x>335</x><y>150</y><time>25-01-21 16:07:52:734</time></pt><pt><x>331</x><y>161</y><time>25-01-21 16:07:53:064</time></pt><pt><x>331</x><y>165</y><time>25-01-21 16:07:53:239</time></pt><pt><x>333</x><y>167</y><time>25-01-21 16:07:53:403</time></pt><pt><x>336</x><y>172</y><time>25-01-21 16:07:53:745</time></pt><pt><x>340</x><y>178</y><time>25-01-21 16:07:55:283</time></pt><pt><x>340</x><y>185</y><time>25-01-21 16:07:55:441</time></pt><pt><x>339</x><y>193</y><time>25-01-21 16:07:55:613</time></pt><pt><x>339</x><y>210</y><time>25-01-21 16:07:57:257</time></pt><pt><x>340</x><y>216</y><time>25-01-21 16:07:57:407</time></pt><pt><x>339</x><y>221</y><time>25-01-21 16:07:57:562</time></pt><pt><x>335</x><y>228</y><time>25-01-21 16:07:57:801</time></pt><pt><x>329</x><y>248</y><time>25-01-21 16:08:01:645</time></pt><pt><x>325</x><y>267</y><time>25-01-21 16:08:02:706</time></pt><pt><x>323</x><y>278</y><time>25-01-21 16:08:02:967</time></pt><pt><x>321</x><y>287</y><time>25-01-21 16:08:04:042</time></pt><pt><x>319</x><y>294</y><time>25-01-21 16:08:04:200</time></pt><pt><x>317</x><y>301</y><time>25-01-21 16:08:04:413</time></pt><pt><x>318</x><y>305</y><time>25-01-21 16:08:04:578</time></pt><pt><x>321</x><y>310</y><time>25-01-21 16:08:04:813</time></pt><pt><x>321</x><y>313</y><time>25-01-21 16:08:05:021</time></pt><pt><x>321</x><y>315</y><time>25-01-21 16:08:05:160</time></pt><pt><x>324</x><y>320</y><time>25-01-21 16:08:05:521</time></pt><pt><x>330</x><y>322</y><time>25-01-21 16:08:05:773</time></pt><pt><x>340</x><y>324</y><time>25-01-21 16:08:06:287</time></pt><pt><x>350</x><y>325</y><time>25-01-21 16:08:06:615</time></pt><pt><x>358</x><y>324</y><time>25-01-21 16:08:06:961</time></pt><pt><x>362</x><y>323</y><time>25-01-21 16:08:07:323</time></pt><pt><x>361</x><y>318</y><time>25-01-21 16:08:07:661</time></pt><pt><x>359</x><y>315</y><time>25-01-21 16:08:07:943</time></pt><pt><x>354</x><y>312</y><time>25-01-21 16:08:08:179</time></pt><pt><x>351</x><y>309</y><time>25-01-21 16:08:08:431</time></pt><pt><x>348</x><y>304</y><time>25-01-21 16:08:08:634</time></pt><pt><x>348</x><y>297</y><time>25-01-21 16:08:08:863</time></pt><pt><x>349</x><y>292</y><time>25-01-21 16:08:09:147</time></pt><pt><x>349</x><y>288</y><time>25-01-21 16:08:09:303</time></pt><pt><x>347</x><y>283</y><time>25-01-21 16:08:09:524</time></pt><pt><x>346</x><y>279</y><time>25-01-21 16:08:09:705</time></pt><pt><x>349</x><y>275</y><time>25-01-21 16:08:09:925</time></pt><pt><x>360</x><y>253</y><time>25-01-21 16:08:11:034</time></pt><pt><x>362</x><y>246</y><time>25-01-21 16:08:11:301</time></pt><pt><x>366</x><y>242</y><time>25-01-21 16:08:11:606</time></pt><pt><x>370</x><y>250</y><time>25-01-21 16:08:12:072</time></pt><pt><x>376</x><y>260</y><time>25-01-21 16:08:12:451</time></pt><pt><x>379</x><y>267</y><time>25-01-21 16:08:12:730</time></pt><pt><x>385</x><y>279</y><time>25-01-21 16:08:14:359</time></pt><pt><x>389</x><y>292</y><time>25-01-21 16:08:15:396</time></pt><pt><x>394</x><y>299</y><time>25-01-21 16:08:15:617</time></pt><pt><x>396</x><y>305</y><time>25-01-21 16:08:15:791</time></pt><pt><x>395</x><y>315</y><time>25-01-21 16:08:16:073</time></pt><pt><x>399</x><y>319</y><time>25-01-21 16:08:16:434</time></pt><pt><x>407</x><y>319</y><time>25-01-21 16:08:16:883</time></pt><pt><x>425</x><y>313</y><time>25-01-21 16:08:17:301</time></pt><pt><x>432</x><y>310</y><time>25-01-21 16:08:17:654</time></pt><pt><x>437</x><y>309</y><time>25-01-21 16:08:19:707</time></pt><pt><x>438</x><y>305</y><time>25-01-21 16:08:19:968</time></pt><pt><x>438</x><y>303</y><time>25-01-21 16:08:20:162</time></pt><pt><x>435</x><y>301</y><time>25-01-21 16:08:20:447</time></pt><pt><x>431</x><y>301</y><time>25-01-21 16:08:20:666</time></pt><pt><x>423</x><y>300</y><time>25-01-21 16:08:21:027</time></pt><pt><x>420</x><y>298</y><time>25-01-21 16:08:21:270</time></pt><pt><x>401</x><y>275</y><time>25-01-21 16:08:23:371</time></pt><pt><x>398</x><y>271</y><time>25-01-21 16:08:23:661</time></pt><pt><x>399</x><y>264</y><time>25-01-21 16:08:23:885</time></pt><pt><x>401</x><y>238</y><time>25-01-21 16:08:25:015</time></pt><pt><x>401</x><y>230</y><time>25-01-21 16:08:25:280</time></pt><pt><x>397</x><y>224</y><time>25-01-21 16:08:25:527</time></pt><pt><x>394</x><y>191</y><time>25-01-21 16:08:26:555</time></pt><pt><x>392</x><y>185</y><time>25-01-21 16:08:26:799</time></pt><pt><x>389</x><y>180</y><time>25-01-21 16:08:27:011</time></pt><pt><x>385</x><y>163</y><time>25-01-21 16:08:28:159</time></pt><pt><x>387</x><y>156</y><time>25-01-21 16:08:28:387</time></pt><pt><x>390</x><y>153</y><time>25-01-21 16:08:28:601</time></pt><pt><x>392</x><y>149</y><time>25-01-21 16:08:28:869</time></pt><pt><x>393</x><y>145</y><time>25-01-21 16:08:29:025</time></pt><pt><x>393</x><y>141</y><time>25-01-21 16:08:29:277</time></pt><pt><x>396</x><y>141</y><time>25-01-21 16:08:29:493</time></pt><pt><x>401</x><y>143</y><time>25-01-21 16:08:29:725</time></pt><pt><x>404</x><y>145</y><time>25-01-21 16:08:29:937</time></pt><pt><x>408</x><y>151</y><time>25-01-21 16:08:30:172</time></pt><pt><x>410</x><y>157</y><time>25-01-21 16:08:30:369</time></pt><pt><x>415</x><y>161</y><time>25-01-21 16:08:30:623</time></pt><pt><x>420</x><y>162</y><time>25-01-21 16:08:30:899</time></pt><pt><x>425</x><y>159</y><time>25-01-21 16:08:31:157</time></pt><pt><x>428</x><y>155</y><time>25-01-21 16:08:31:438</time></pt><pt><x>427</x><y>149</y><time>25-01-21 16:08:31:651</time></pt><pt><x>423</x><y>144</y><time>25-01-21 16:08:31:943</time></pt><pt><x>416</x><y>137</y><time>25-01-21 16:08:32:241</time></pt><pt><x>411</x><y>131</y><time>25-01-21 16:08:32:578</time></pt><pt><x>396</x><y>109</y><time>25-01-21 16:08:33:853</time></pt><pt><x>387</x><y>94</y><time>25-01-21 16:08:34:206</time></pt><pt><x>386</x><y>86</y><time>25-01-21 16:08:34:429</time></pt><pt><x>383</x><y>61</y><time>25-01-21 16:08:35:629</time></pt><pt><x>381</x><y>51</y><time>25-01-21 16:08:35:937</time></pt><pt><x>383</x><y>47</y><time>25-01-21 16:08:36:258</time></pt><pt><x>389</x><y>46</y><time>25-01-21 16:08:36:572</time></pt><pt><x>392</x><y>42</y><time>25-01-21 16:08:36:879</time></pt><pt><x>391</x><y>32</y><time>25-01-21 16:08:38:119</time></pt><pt><x>391</x><y>26</y><time>25-01-21 16:08:38:373</time></pt><pt><x>389</x><y>19</y><time>25-01-21 16:08:38:932</time></pt><pt><x>389</x><y>16</y><time>25-01-21 16:08:39:293</time></pt><closed_date>25-01-21 16:08:39:659</closed_date></polygon></object><object><name>person</name><deleted>0</deleted><verified>0</verified><occluded>no</occluded><attributes></attributes><parts><hasparts></hasparts><ispartof></ispartof></parts><date>25-01-21 16:09:42:855</date><id>1</id><polygon><username>7hao</username><pt><x>445</x><y>79</y><time>25-01-21 16:08:46:956</time></pt><pt><x>441</x><y>75</y><time>25-01-21 16:08:47:344</time></pt><pt><x>433</x><y>74</y><time>25-01-21 16:08:47:762</time></pt><pt><x>427</x><y>78</y><time>25-01-21 16:08:48:057</time></pt><pt><x>421</x><y>81</y><time>25-01-21 16:08:48:304</time></pt><pt><x>417</x><y>83</y><time>25-01-21 16:08:48:551</time></pt><pt><x>417</x><y>86</y><time>25-01-21 16:08:48:747</time></pt><pt><x>418</x><y>90</y><time>25-01-21 16:08:48:983</time></pt><pt><x>418</x><y>94</y><time>25-01-21 16:08:49:225</time></pt><pt><x>417</x><y>96</y><time>25-01-21 16:08:49:383</time></pt><pt><x>418</x><y>99</y><time>25-01-21 16:08:49:613</time></pt><pt><x>419</x><y>101</y><time>25-01-21 16:08:49:790</time></pt><pt><x>420</x><y>105</y><time>25-01-21 16:08:50:116</time></pt><pt><x>420</x><y>107</y><time>25-01-21 16:08:50:343</time></pt><pt><x>419</x><y>110</y><time>25-01-21 16:08:50:579</time></pt><pt><x>417</x><y>114</y><time>25-01-21 16:08:50:815</time></pt><pt><x>417</x><y>119</y><time>25-01-21 16:08:51:853</time></pt><pt><x>417</x><y>127</y><time>25-01-21 16:08:52:033</time></pt><pt><x>419</x><y>138</y><time>25-01-21 16:08:55:195</time></pt><pt><x>422</x><y>142</y><time>25-01-21 16:08:58:489</time></pt><pt><x>424</x><y>144</y><time>25-01-21 16:08:59:393</time></pt><pt><x>427</x><y>147</y><time>25-01-21 16:09:00:124</time></pt><pt><x>428</x><y>151</y><time>25-01-21 16:09:00:841</time></pt><pt><x>429</x><y>154</y><time>25-01-21 16:09:01:769</time></pt><pt><x>429</x><y>157</y><time>25-01-21 16:09:02:461</time></pt><pt><x>425</x><y>161</y><time>25-01-21 16:09:04:143</time></pt><pt><x>421</x><y>162</y><time>25-01-21 16:09:04:993</time></pt><pt><x>421</x><y>164</y><time>25-01-21 16:09:05:668</time></pt><pt><x>421</x><y>168</y><time>25-01-21 16:09:05:953</time></pt><pt><x>421</x><y>172</y><time>25-01-21 16:09:06:157</time></pt><pt><x>420</x><y>176</y><time>25-01-21 16:09:06:535</time></pt><pt><x>419</x><y>180</y><time>25-01-21 16:09:06:725</time></pt><pt><x>416</x><y>186</y><time>25-01-21 16:09:07:173</time></pt><pt><x>414</x><y>208</y><time>25-01-21 16:09:08:374</time></pt><pt><x>413</x><y>220</y><time>25-01-21 16:09:08:651</time></pt><pt><x>412</x><y>236</y><time>25-01-21 16:09:09:154</time></pt><pt><x>410</x><y>243</y><time>25-01-21 16:09:09:407</time></pt><pt><x>410</x><y>250</y><time>25-01-21 16:09:09:805</time></pt><pt><x>408</x><y>255</y><time>25-01-21 16:09:10:883</time></pt><pt><x>406</x><y>263</y><time>25-01-21 16:09:11:127</time></pt><pt><x>404</x><y>270</y><time>25-01-21 16:09:11:424</time></pt><pt><x>403</x><y>272</y><time>25-01-21 16:09:11:661</time></pt><pt><x>401</x><y>273</y><time>25-01-21 16:09:12:167</time></pt><pt><x>405</x><y>279</y><time>25-01-21 16:09:13:276</time></pt><pt><x>409</x><y>283</y><time>25-01-21 16:09:14:233</time></pt><pt><x>412</x><y>287</y><time>25-01-21 16:09:14:997</time></pt><pt><x>415</x><y>289</y><time>25-01-21 16:09:15:585</time></pt><pt><x>416</x><y>289</y><time>25-01-21 16:09:15:836</time></pt><pt><x>418</x><y>287</y><time>25-01-21 16:09:16:026</time></pt><pt><x>416</x><y>284</y><time>25-01-21 16:09:16:262</time></pt><pt><x>415</x><y>282</y><time>25-01-21 16:09:16:435</time></pt><pt><x>415</x><y>277</y><time>25-01-21 16:09:16:614</time></pt><pt><x>418</x><y>267</y><time>25-01-21 16:09:16:969</time></pt><pt><x>423</x><y>258</y><time>25-01-21 16:09:17:384</time></pt><pt><x>431</x><y>226</y><time>25-01-21 16:09:18:510</time></pt><pt><x>432</x><y>221</y><time>25-01-21 16:09:18:777</time></pt><pt><x>433</x><y>217</y><time>25-01-21 16:09:18:944</time></pt><pt><x>436</x><y>213</y><time>25-01-21 16:09:19:163</time></pt><pt><x>439</x><y>209</y><time>25-01-21 16:09:19:486</time></pt><pt><x>441</x><y>213</y><time>25-01-21 16:09:19:806</time></pt><pt><x>443</x><y>220</y><time>25-01-21 16:09:20:123</time></pt><pt><x>446</x><y>226</y><time>25-01-21 16:09:20:344</time></pt><pt><x>449</x><y>232</y><time>25-01-21 16:09:20:673</time></pt><pt><x>454</x><y>247</y><time>25-01-21 16:09:21:459</time></pt><pt><x>457</x><y>258</y><time>25-01-21 16:09:22:907</time></pt><pt><x>459</x><y>263</y><time>25-01-21 16:09:23:104</time></pt><pt><x>461</x><y>268</y><time>25-01-21 16:09:23:267</time></pt><pt><x>462</x><y>272</y><time>25-01-21 16:09:23:433</time></pt><pt><x>462</x><y>280</y><time>25-01-21 16:09:23:709</time></pt><pt><x>458</x><y>282</y><time>25-01-21 16:09:24:126</time></pt><pt><x>453</x><y>284</y><time>25-01-21 16:09:24:605</time></pt><pt><x>452</x><y>284</y><time>25-01-21 16:09:24:919</time></pt><pt><x>452</x><y>288</y><time>25-01-21 16:09:25:110</time></pt><pt><x>459</x><y>289</y><time>25-01-21 16:09:25:485</time></pt><pt><x>464</x><y>290</y><time>25-01-21 16:09:25:737</time></pt><pt><x>472</x><y>290</y><time>25-01-21 16:09:26:037</time></pt><pt><x>475</x><y>288</y><time>25-01-21 16:09:26:321</time></pt><pt><x>479</x><y>286</y><time>25-01-21 16:09:26:563</time></pt><pt><x>482</x><y>283</y><time>25-01-21 16:09:27:027</time></pt><pt><x>477</x><y>274</y><time>25-01-21 16:09:27:492</time></pt><pt><x>475</x><y>267</y><time>25-01-21 16:09:27:867</time></pt><pt><x>474</x><y>262</y><time>25-01-21 16:09:28:072</time></pt><pt><x>474</x><y>253</y><time>25-01-21 16:09:28:347</time></pt><pt><x>471</x><y>246</y><time>25-01-21 16:09:28:733</time></pt><pt><x>465</x><y>223</y><time>25-01-21 16:09:30:126</time></pt><pt><x>463</x><y>216</y><time>25-01-21 16:09:30:423</time></pt><pt><x>462</x><y>211</y><time>25-01-21 16:09:30:613</time></pt><pt><x>464</x><y>203</y><time>25-01-21 16:09:30:863</time></pt><pt><x>463</x><y>189</y><time>25-01-21 16:09:31:917</time></pt><pt><x>463</x><y>185</y><time>25-01-21 16:09:32:091</time></pt><pt><x>468</x><y>183</y><time>25-01-21 16:09:32:468</time></pt><pt><x>469</x><y>176</y><time>25-01-21 16:09:32:808</time></pt><pt><x>465</x><y>171</y><time>25-01-21 16:09:33:198</time></pt><pt><x>462</x><y>170</y><time>25-01-21 16:09:33:451</time></pt><pt><x>460</x><y>167</y><time>25-01-21 16:09:33:654</time></pt><pt><x>460</x><y>163</y><time>25-01-21 16:09:33:867</time></pt><pt><x>459</x><y>155</y><time>25-01-21 16:09:34:363</time></pt><pt><x>460</x><y>131</y><time>25-01-21 16:09:35:442</time></pt><pt><x>459</x><y>122</y><time>25-01-21 16:09:35:746</time></pt><pt><x>456</x><y>115</y><time>25-01-21 16:09:36:015</time></pt><pt><x>450</x><y>110</y><time>25-01-21 16:09:36:315</time></pt><pt><x>443</x><y>103</y><time>25-01-21 16:09:36:760</time></pt><pt><x>444</x><y>100</y><time>25-01-21 16:09:37:139</time></pt><pt><x>448</x><y>96</y><time>25-01-21 16:09:37:501</time></pt><pt><x>450</x><y>91</y><time>25-01-21 16:09:38:711</time></pt><pt><x>450</x><y>86</y><time>25-01-21 16:09:38:994</time></pt><pt><x>447</x><y>82</y><time>25-01-21 16:09:39:419</time></pt><closed_date>25-01-21 16:09:40:000</closed_date></polygon></object><object><name>person</name><deleted>0</deleted><verified>0</verified><occluded>no</occluded><attributes></attributes><parts><hasparts></hasparts><ispartof></ispartof></parts><date>25-01-21 16:10:40:004</date><id>2</id><polygon><username>7hao</username><pt><x>618</x><y>94</y><time>25-01-21 16:09:46:419</time></pt><pt><x>614</x><y>90</y><time>25-01-21 16:09:46:759</time></pt><pt><x>614</x><y>86</y><time>25-01-21 16:09:46:992</time></pt><pt><x>618</x><y>81</y><time>25-01-21 16:09:47:285</time></pt><pt><x>619</x><y>75</y><time>25-01-21 16:09:47:746</time></pt><pt><x>619</x><y>69</y><time>25-01-21 16:09:48:148</time></pt><pt><x>612</x><y>62</y><time>25-01-21 16:09:48:706</time></pt><pt><x>606</x><y>61</y><time>25-01-21 16:09:49:068</time></pt><pt><x>598</x><y>62</y><time>25-01-21 16:09:49:339</time></pt><pt><x>594</x><y>65</y><time>25-01-21 16:09:49:556</time></pt><pt><x>591</x><y>70</y><time>25-01-21 16:09:49:965</time></pt><pt><x>591</x><y>74</y><time>25-01-21 16:09:50:240</time></pt><pt><x>592</x><y>77</y><time>25-01-21 16:09:50:422</time></pt><pt><x>592</x><y>81</y><time>25-01-21 16:09:50:634</time></pt><pt><x>592</x><y>85</y><time>25-01-21 16:09:50:877</time></pt><pt><x>594</x><y>89</y><time>25-01-21 16:09:51:169</time></pt><pt><x>593</x><y>94</y><time>25-01-21 16:09:51:544</time></pt><pt><x>589</x><y>94</y><time>25-01-21 16:09:51:812</time></pt><pt><x>588</x><y>96</y><time>25-01-21 16:09:52:025</time></pt><pt><x>584</x><y>100</y><time>25-01-21 16:09:52:497</time></pt><pt><x>579</x><y>103</y><time>25-01-21 16:09:52:804</time></pt><pt><x>576</x><y>106</y><time>25-01-21 16:09:53:009</time></pt><pt><x>574</x><y>110</y><time>25-01-21 16:09:53:189</time></pt><pt><x>568</x><y>126</y><time>25-01-21 16:09:54:252</time></pt><pt><x>567</x><y>135</y><time>25-01-21 16:09:54:495</time></pt><pt><x>564</x><y>152</y><time>25-01-21 16:09:55:013</time></pt><pt><x>564</x><y>161</y><time>25-01-21 16:09:55:314</time></pt><pt><x>566</x><y>169</y><time>25-01-21 16:09:56:342</time></pt><pt><x>568</x><y>174</y><time>25-01-21 16:09:56:532</time></pt><pt><x>569</x><y>180</y><time>25-01-21 16:09:56:837</time></pt><pt><x>569</x><y>186</y><time>25-01-21 16:09:57:137</time></pt><pt><x>569</x><y>195</y><time>25-01-21 16:09:57:468</time></pt><pt><x>568</x><y>205</y><time>25-01-21 16:10:00:044</time></pt><pt><x>569</x><y>210</y><time>25-01-21 16:10:00:471</time></pt><pt><x>570</x><y>216</y><time>25-01-21 16:10:00:715</time></pt><pt><x>569</x><y>223</y><time>25-01-21 16:10:01:074</time></pt><pt><x>568</x><y>233</y><time>25-01-21 16:10:01:641</time></pt><pt><x>567</x><y>240</y><time>25-01-21 16:10:02:891</time></pt><pt><x>567</x><y>254</y><time>25-01-21 16:10:03:183</time></pt><pt><x>569</x><y>265</y><time>25-01-21 16:10:04:039</time></pt><pt><x>568</x><y>269</y><time>25-01-21 16:10:04:480</time></pt><pt><x>564</x><y>272</y><time>25-01-21 16:10:04:813</time></pt><pt><x>562</x><y>275</y><time>25-01-21 16:10:05:069</time></pt><pt><x>559</x><y>277</y><time>25-01-21 16:10:05:422</time></pt><pt><x>555</x><y>277</y><time>25-01-21 16:10:05:674</time></pt><pt><x>553</x><y>280</y><time>25-01-21 16:10:06:029</time></pt><pt><x>557</x><y>285</y><time>25-01-21 16:10:06:377</time></pt><pt><x>563</x><y>287</y><time>25-01-21 16:10:06:745</time></pt><pt><x>571</x><y>287</y><time>25-01-21 16:10:07:091</time></pt><pt><x>576</x><y>287</y><time>25-01-21 16:10:07:459</time></pt><pt><x>580</x><y>284</y><time>25-01-21 16:10:07:978</time></pt><pt><x>581</x><y>279</y><time>25-01-21 16:10:08:443</time></pt><pt><x>581</x><y>275</y><time>25-01-21 16:10:08:695</time></pt><pt><x>579</x><y>270</y><time>25-01-21 16:10:08:915</time></pt><pt><x>579</x><y>265</y><time>25-01-21 16:10:09:215</time></pt><pt><x>579</x><y>256</y><time>25-01-21 16:10:09:621</time></pt><pt><x>581</x><y>251</y><time>25-01-21 16:10:09:999</time></pt><pt><x>584</x><y>245</y><time>25-01-21 16:10:10:353</time></pt><pt><x>584</x><y>237</y><time>25-01-21 16:10:10:707</time></pt><pt><x>583</x><y>227</y><time>25-01-21 16:10:11:790</time></pt><pt><x>584</x><y>221</y><time>25-01-21 16:10:12:020</time></pt><pt><x>588</x><y>214</y><time>25-01-21 16:10:12:388</time></pt><pt><x>589</x><y>210</y><time>25-01-21 16:10:12:632</time></pt><pt><x>591</x><y>208</y><time>25-01-21 16:10:12:923</time></pt><pt><x>592</x><y>205</y><time>25-01-21 16:10:13:232</time></pt><pt><x>593</x><y>200</y><time>25-01-21 16:10:13:616</time></pt><pt><x>594</x><y>196</y><time>25-01-21 16:10:13:976</time></pt><pt><x>596</x><y>195</y><time>25-01-21 16:10:14:277</time></pt><pt><x>598</x><y>196</y><time>25-01-21 16:10:14:599</time></pt><pt><x>599</x><y>198</y><time>25-01-21 16:10:14:835</time></pt><pt><x>599</x><y>201</y><time>25-01-21 16:10:15:015</time></pt><pt><x>600</x><y>205</y><time>25-01-21 16:10:15:291</time></pt><pt><x>601</x><y>209</y><time>25-01-21 16:10:15:504</time></pt><pt><x>602</x><y>213</y><time>25-01-21 16:10:15:683</time></pt><pt><x>602</x><y>219</y><time>25-01-21 16:10:15:891</time></pt><pt><x>603</x><y>225</y><time>25-01-21 16:10:16:140</time></pt><pt><x>605</x><y>230</y><time>25-01-21 16:10:16:359</time></pt><pt><x>606</x><y>238</y><time>25-01-21 16:10:16:669</time></pt><pt><x>606</x><y>246</y><time>25-01-21 16:10:16:911</time></pt><pt><x>610</x><y>257</y><time>25-01-21 16:10:18:059</time></pt><pt><x>610</x><y>260</y><time>25-01-21 16:10:18:178</time></pt><pt><x>610</x><y>266</y><time>25-01-21 16:10:18:357</time></pt><pt><x>609</x><y>271</y><time>25-01-21 16:10:18:569</time></pt><pt><x>607</x><y>278</y><time>25-01-21 16:10:18:970</time></pt><pt><x>607</x><y>280</y><time>25-01-21 16:10:19:136</time></pt><pt><x>608</x><y>283</y><time>25-01-21 16:10:19:389</time></pt><pt><x>612</x><y>285</y><time>25-01-21 16:10:19:640</time></pt><pt><x>618</x><y>286</y><time>25-01-21 16:10:19:891</time></pt><pt><x>624</x><y>286</y><time>25-01-21 16:10:20:143</time></pt><pt><x>629</x><y>286</y><time>25-01-21 16:10:20:448</time></pt><pt><x>630</x><y>283</y><time>25-01-21 16:10:20:741</time></pt><pt><x>626</x><y>280</y><time>25-01-21 16:10:21:068</time></pt><pt><x>624</x><y>278</y><time>25-01-21 16:10:21:330</time></pt><pt><x>620</x><y>271</y><time>25-01-21 16:10:21:669</time></pt><pt><x>619</x><y>267</y><time>25-01-21 16:10:22:053</time></pt><pt><x>620</x><y>263</y><time>25-01-21 16:10:22:281</time></pt><pt><x>621</x><y>253</y><time>25-01-21 16:10:22:720</time></pt><pt><x>622</x><y>247</y><time>25-01-21 16:10:23:027</time></pt><pt><x>619</x><y>227</y><time>25-01-21 16:10:24:240</time></pt><pt><x>619</x><y>220</y><time>25-01-21 16:10:24:489</time></pt><pt><x>621</x><y>212</y><time>25-01-21 16:10:24:710</time></pt><pt><x>624</x><y>209</y><time>25-01-21 16:10:25:450</time></pt><pt><x>625</x><y>208</y><time>25-01-21 16:10:25:669</time></pt><pt><x>624</x><y>203</y><time>25-01-21 16:10:25:905</time></pt><pt><x>624</x><y>193</y><time>25-01-21 16:10:26:401</time></pt><pt><x>627</x><y>188</y><time>25-01-21 16:10:26:842</time></pt><pt><x>628</x><y>178</y><time>25-01-21 16:10:28:050</time></pt><pt><x>631</x><y>172</y><time>25-01-21 16:10:28:359</time></pt><pt><x>633</x><y>169</y><time>25-01-21 16:10:28:624</time></pt><pt><x>634</x><y>165</y><time>25-01-21 16:10:28:808</time></pt><pt><x>639</x><y>156</y><time>25-01-21 16:10:29:962</time></pt><pt><x>639</x><y>153</y><time>25-01-21 16:10:30:656</time></pt><pt><x>639</x><y>109</y><time>25-01-21 16:10:33:351</time></pt><pt><x>637</x><y>104</y><time>25-01-21 16:10:33:903</time></pt><pt><x>635</x><y>102</y><time>25-01-21 16:10:34:145</time></pt><pt><x>632</x><y>100</y><time>25-01-21 16:10:34:366</time></pt><pt><x>628</x><y>99</y><time>25-01-21 16:10:34:570</time></pt><pt><x>624</x><y>98</y><time>25-01-21 16:10:34:807</time></pt><pt><x>622</x><y>97</y><time>25-01-21 16:10:35:029</time></pt><pt><x>621</x><y>95</y><time>25-01-21 16:10:35:199</time></pt><pt><x>620</x><y>94</y><time>25-01-21 16:10:35:442</time></pt><closed_date>25-01-21 16:10:35:736</closed_date></polygon></object></annotation>