<annotation><filename>frame0090.jpg</filename><folder>users/lab605//7hao/human_20210119_4</folder><source><submittedBy>lab605</submittedBy></source><imagesize><nrows>480</nrows><ncols>640</ncols></imagesize><object><name>person</name><deleted>0</deleted><verified>0</verified><occluded>no</occluded><attributes></attributes><parts><hasparts></hasparts><ispartof></ispartof></parts><date>27-01-21 20:49:33:446</date><id>0</id><polygon><username>7hao</username><pt><x>180</x><y>0</y><time>27-01-21 20:48:09:813</time></pt><pt><x>180</x><y>3</y><time>27-01-21 20:48:10:528</time></pt><pt><x>181</x><y>5</y><time>27-01-21 20:48:10:936</time></pt><pt><x>182</x><y>6</y><time>27-01-21 20:48:11:274</time></pt><pt><x>178</x><y>7</y><time>27-01-21 20:48:11:681</time></pt><pt><x>170</x><y>8</y><time>27-01-21 20:48:12:169</time></pt><pt><x>163</x><y>10</y><time>27-01-21 20:48:12:540</time></pt><pt><x>160</x><y>12</y><time>27-01-21 20:48:12:885</time></pt><pt><x>159</x><y>19</y><time>27-01-21 20:48:13:151</time></pt><pt><x>160</x><y>22</y><time>27-01-21 20:48:13:473</time></pt><pt><x>160</x><y>23</y><time>27-01-21 20:48:13:740</time></pt><pt><x>160</x><y>25</y><time>27-01-21 20:48:13:984</time></pt><pt><x>154</x><y>29</y><time>27-01-21 20:48:14:440</time></pt><pt><x>148</x><y>34</y><time>27-01-21 20:48:14:913</time></pt><pt><x>143</x><y>40</y><time>27-01-21 20:48:15:312</time></pt><pt><x>139</x><y>49</y><time>27-01-21 20:48:17:667</time></pt><pt><x>138</x><y>56</y><time>27-01-21 20:48:18:071</time></pt><pt><x>138</x><y>71</y><time>27-01-21 20:48:18:574</time></pt><pt><x>138</x><y>87</y><time>27-01-21 20:48:20:772</time></pt><pt><x>137</x><y>96</y><time>27-01-21 20:48:21:108</time></pt><pt><x>137</x><y>106</y><time>27-01-21 20:48:21:392</time></pt><pt><x>140</x><y>116</y><time>27-01-21 20:48:21:729</time></pt><pt><x>142</x><y>126</y><time>27-01-21 20:48:22:099</time></pt><pt><x>147</x><y>134</y><time>27-01-21 20:48:22:502</time></pt><pt><x>148</x><y>138</y><time>27-01-21 20:48:22:726</time></pt><pt><x>149</x><y>141</y><time>27-01-21 20:48:22:902</time></pt><pt><x>151</x><y>144</y><time>27-01-21 20:48:23:166</time></pt><pt><x>152</x><y>147</y><time>27-01-21 20:48:23:401</time></pt><pt><x>153</x><y>149</y><time>27-01-21 20:48:23:569</time></pt><pt><x>153</x><y>153</y><time>27-01-21 20:48:23:755</time></pt><pt><x>152</x><y>157</y><time>27-01-21 20:48:24:062</time></pt><pt><x>153</x><y>160</y><time>27-01-21 20:48:24:266</time></pt><pt><x>154</x><y>162</y><time>27-01-21 20:48:24:432</time></pt><pt><x>155</x><y>166</y><time>27-01-21 20:48:24:652</time></pt><pt><x>156</x><y>167</y><time>27-01-21 20:48:24:785</time></pt><pt><x>156</x><y>171</y><time>27-01-21 20:48:25:092</time></pt><pt><x>156</x><y>180</y><time>27-01-21 20:48:26:490</time></pt><pt><x>157</x><y>187</y><time>27-01-21 20:48:26:803</time></pt><pt><x>158</x><y>191</y><time>27-01-21 20:48:26:968</time></pt><pt><x>158</x><y>197</y><time>27-01-21 20:48:27:219</time></pt><pt><x>157</x><y>199</y><time>27-01-21 20:48:27:386</time></pt><pt><x>158</x><y>202</y><time>27-01-21 20:48:27:550</time></pt><pt><x>159</x><y>204</y><time>27-01-21 20:48:27:737</time></pt><pt><x>159</x><y>212</y><time>27-01-21 20:48:28:134</time></pt><pt><x>158</x><y>221</y><time>27-01-21 20:48:28:744</time></pt><pt><x>154</x><y>229</y><time>27-01-21 20:48:29:191</time></pt><pt><x>151</x><y>242</y><time>27-01-21 20:48:31:053</time></pt><pt><x>150</x><y>257</y><time>27-01-21 20:48:31:730</time></pt><pt><x>150</x><y>272</y><time>27-01-21 20:48:32:223</time></pt><pt><x>153</x><y>281</y><time>27-01-21 20:48:32:586</time></pt><pt><x>153</x><y>295</y><time>27-01-21 20:48:33:331</time></pt><pt><x>154</x><y>301</y><time>27-01-21 20:48:33:669</time></pt><pt><x>153</x><y>305</y><time>27-01-21 20:48:33:841</time></pt><pt><x>150</x><y>310</y><time>27-01-21 20:48:34:252</time></pt><pt><x>148</x><y>317</y><time>27-01-21 20:48:35:838</time></pt><pt><x>148</x><y>323</y><time>27-01-21 20:48:36:151</time></pt><pt><x>148</x><y>327</y><time>27-01-21 20:48:36:339</time></pt><pt><x>148</x><y>329</y><time>27-01-21 20:48:36:536</time></pt><pt><x>150</x><y>331</y><time>27-01-21 20:48:36:827</time></pt><pt><x>153</x><y>332</y><time>27-01-21 20:48:37:032</time></pt><pt><x>159</x><y>332</y><time>27-01-21 20:48:37:331</time></pt><pt><x>162</x><y>331</y><time>27-01-21 20:48:37:559</time></pt><pt><x>166</x><y>329</y><time>27-01-21 20:48:37:863</time></pt><pt><x>167</x><y>328</y><time>27-01-21 20:48:38:022</time></pt><pt><x>170</x><y>326</y><time>27-01-21 20:48:38:171</time></pt><pt><x>174</x><y>325</y><time>27-01-21 20:48:38:359</time></pt><pt><x>176</x><y>323</y><time>27-01-21 20:48:38:641</time></pt><pt><x>177</x><y>320</y><time>27-01-21 20:48:38:813</time></pt><pt><x>177</x><y>317</y><time>27-01-21 20:48:38:997</time></pt><pt><x>176</x><y>312</y><time>27-01-21 20:48:39:302</time></pt><pt><x>173</x><y>308</y><time>27-01-21 20:48:39:514</time></pt><pt><x>170</x><y>304</y><time>27-01-21 20:48:39:749</time></pt><pt><x>167</x><y>294</y><time>27-01-21 20:48:40:777</time></pt><pt><x>169</x><y>283</y><time>27-01-21 20:48:41:297</time></pt><pt><x>175</x><y>259</y><time>27-01-21 20:48:42:843</time></pt><pt><x>176</x><y>253</y><time>27-01-21 20:48:43:189</time></pt><pt><x>177</x><y>248</y><time>27-01-21 20:48:43:364</time></pt><pt><x>178</x><y>241</y><time>27-01-21 20:48:43:551</time></pt><pt><x>177</x><y>234</y><time>27-01-21 20:48:44:338</time></pt><pt><x>180</x><y>228</y><time>27-01-21 20:48:44:683</time></pt><pt><x>185</x><y>217</y><time>27-01-21 20:48:45:720</time></pt><pt><x>185</x><y>213</y><time>27-01-21 20:48:46:001</time></pt><pt><x>186</x><y>211</y><time>27-01-21 20:48:46:144</time></pt><pt><x>187</x><y>206</y><time>27-01-21 20:48:46:402</time></pt><pt><x>188</x><y>202</y><time>27-01-21 20:48:46:576</time></pt><pt><x>189</x><y>200</y><time>27-01-21 20:48:46:787</time></pt><pt><x>190</x><y>197</y><time>27-01-21 20:48:46:984</time></pt><pt><x>190</x><y>194</y><time>27-01-21 20:48:47:172</time></pt><pt><x>190</x><y>192</y><time>27-01-21 20:48:47:369</time></pt><pt><x>191</x><y>189</y><time>27-01-21 20:48:48:775</time></pt><pt><x>193</x><y>185</y><time>27-01-21 20:48:49:018</time></pt><pt><x>194</x><y>184</y><time>27-01-21 20:48:49:208</time></pt><pt><x>196</x><y>183</y><time>27-01-21 20:48:49:498</time></pt><pt><x>196</x><y>183</y><time>27-01-21 20:48:49:727</time></pt><pt><x>198</x><y>186</y><time>27-01-21 20:48:49:905</time></pt><pt><x>199</x><y>189</y><time>27-01-21 20:48:50:102</time></pt><pt><x>199</x><y>192</y><time>27-01-21 20:48:50:293</time></pt><pt><x>200</x><y>195</y><time>27-01-21 20:48:50:448</time></pt><pt><x>200</x><y>199</y><time>27-01-21 20:48:50:635</time></pt><pt><x>201</x><y>202</y><time>27-01-21 20:48:50:801</time></pt><pt><x>203</x><y>204</y><time>27-01-21 20:48:50:998</time></pt><pt><x>204</x><y>206</y><time>27-01-21 20:48:51:170</time></pt><pt><x>205</x><y>209</y><time>27-01-21 20:48:51:389</time></pt><pt><x>207</x><y>216</y><time>27-01-21 20:48:54:746</time></pt><pt><x>208</x><y>222</y><time>27-01-21 20:48:55:061</time></pt><pt><x>210</x><y>225</y><time>27-01-21 20:48:55:216</time></pt><pt><x>210</x><y>227</y><time>27-01-21 20:48:55:358</time></pt><pt><x>211</x><y>230</y><time>27-01-21 20:48:55:593</time></pt><pt><x>210</x><y>236</y><time>27-01-21 20:48:55:969</time></pt><pt><x>210</x><y>250</y><time>27-01-21 20:48:56:771</time></pt><pt><x>210</x><y>256</y><time>27-01-21 20:48:57:037</time></pt><pt><x>212</x><y>260</y><time>27-01-21 20:48:57:203</time></pt><pt><x>213</x><y>263</y><time>27-01-21 20:48:57:361</time></pt><pt><x>214</x><y>265</y><time>27-01-21 20:48:57:525</time></pt><pt><x>217</x><y>278</y><time>27-01-21 20:48:58:021</time></pt><pt><x>218</x><y>291</y><time>27-01-21 20:48:58:499</time></pt><pt><x>218</x><y>296</y><time>27-01-21 20:48:58:719</time></pt><pt><x>214</x><y>301</y><time>27-01-21 20:48:59:065</time></pt><pt><x>214</x><y>307</y><time>27-01-21 20:48:59:506</time></pt><pt><x>215</x><y>314</y><time>27-01-21 20:48:59:836</time></pt><pt><x>219</x><y>317</y><time>27-01-21 20:49:00:095</time></pt><pt><x>233</x><y>315</y><time>27-01-21 20:49:00:370</time></pt><pt><x>251</x><y>311</y><time>27-01-21 20:49:00:863</time></pt><pt><x>255</x><y>306</y><time>27-01-21 20:49:01:217</time></pt><pt><x>257</x><y>302</y><time>27-01-21 20:49:01:430</time></pt><pt><x>258</x><y>297</y><time>27-01-21 20:49:01:829</time></pt><pt><x>256</x><y>295</y><time>27-01-21 20:49:02:115</time></pt><pt><x>247</x><y>294</y><time>27-01-21 20:49:02:309</time></pt><pt><x>243</x><y>292</y><time>27-01-21 20:49:02:661</time></pt><pt><x>236</x><y>288</y><time>27-01-21 20:49:03:079</time></pt><pt><x>233</x><y>286</y><time>27-01-21 20:49:03:313</time></pt><pt><x>232</x><y>284</y><time>27-01-21 20:49:03:541</time></pt><pt><x>232</x><y>280</y><time>27-01-21 20:49:03:739</time></pt><pt><x>234</x><y>260</y><time>27-01-21 20:49:04:571</time></pt><pt><x>233</x><y>244</y><time>27-01-21 20:49:05:129</time></pt><pt><x>233</x><y>224</y><time>27-01-21 20:49:06:848</time></pt><pt><x>233</x><y>219</y><time>27-01-21 20:49:07:140</time></pt><pt><x>232</x><y>215</y><time>27-01-21 20:49:07:281</time></pt><pt><x>233</x><y>211</y><time>27-01-21 20:49:07:485</time></pt><pt><x>234</x><y>202</y><time>27-01-21 20:49:07:862</time></pt><pt><x>235</x><y>194</y><time>27-01-21 20:49:08:279</time></pt><pt><x>236</x><y>188</y><time>27-01-21 20:49:08:602</time></pt><pt><x>237</x><y>186</y><time>27-01-21 20:49:08:807</time></pt><pt><x>238</x><y>184</y><time>27-01-21 20:49:09:001</time></pt><pt><x>238</x><y>179</y><time>27-01-21 20:49:09:298</time></pt><pt><x>238</x><y>175</y><time>27-01-21 20:49:09:677</time></pt><pt><x>238</x><y>170</y><time>27-01-21 20:49:10:021</time></pt><pt><x>240</x><y>162</y><time>27-01-21 20:49:11:349</time></pt><pt><x>241</x><y>154</y><time>27-01-21 20:49:11:687</time></pt><pt><x>239</x><y>151</y><time>27-01-21 20:49:11:882</time></pt><pt><x>238</x><y>148</y><time>27-01-21 20:49:12:065</time></pt><pt><x>238</x><y>144</y><time>27-01-21 20:49:12:270</time></pt><pt><x>240</x><y>140</y><time>27-01-21 20:49:12:473</time></pt><pt><x>242</x><y>137</y><time>27-01-21 20:49:12:677</time></pt><pt><x>244</x><y>134</y><time>27-01-21 20:49:18:146</time></pt><pt><x>242</x><y>132</y><time>27-01-21 20:49:18:356</time></pt><pt><x>241</x><y>131</y><time>27-01-21 20:49:18:507</time></pt><pt><x>242</x><y>129</y><time>27-01-21 20:49:18:680</time></pt><pt><x>244</x><y>125</y><time>27-01-21 20:49:18:877</time></pt><pt><x>245</x><y>115</y><time>27-01-21 20:49:19:402</time></pt><pt><x>241</x><y>83</y><time>27-01-21 20:49:20:469</time></pt><pt><x>239</x><y>67</y><time>27-01-21 20:49:20:941</time></pt><pt><x>236</x><y>53</y><time>27-01-21 20:49:21:764</time></pt><pt><x>233</x><y>41</y><time>27-01-21 20:49:22:465</time></pt><pt><x>229</x><y>30</y><time>27-01-21 20:49:25:175</time></pt><pt><x>224</x><y>24</y><time>27-01-21 20:49:25:559</time></pt><pt><x>220</x><y>21</y><time>27-01-21 20:49:25:778</time></pt><pt><x>220</x><y>20</y><time>27-01-21 20:49:26:000</time></pt><pt><x>220</x><y>17</y><time>27-01-21 20:49:26:195</time></pt><pt><x>219</x><y>11</y><time>27-01-21 20:49:26:486</time></pt><pt><x>221</x><y>6</y><time>27-01-21 20:49:26:935</time></pt><pt><x>222</x><y>4</y><time>27-01-21 20:49:28:821</time></pt><pt><x>224</x><y>5</y><time>27-01-21 20:49:29:030</time></pt><pt><x>224</x><y>4</y><time>27-01-21 20:49:29:199</time></pt><pt><x>224</x><y>2</y><time>27-01-21 20:49:29:337</time></pt><pt><x>225</x><y>0</y><time>27-01-21 20:49:29:745</time></pt><closed_date>27-01-21 20:49:31:203</closed_date></polygon></object><object><name>person</name><deleted>0</deleted><verified>0</verified><occluded>no</occluded><attributes></attributes><parts><hasparts></hasparts><ispartof></ispartof></parts><date>27-01-21 20:52:05:605</date><id>1</id><polygon><username>7hao</username><pt><x>400</x><y>31</y><time>27-01-21 20:49:38:590</time></pt><pt><x>397</x><y>28</y><time>27-01-21 20:49:39:009</time></pt><pt><x>391</x><y>25</y><time>27-01-21 20:49:39:369</time></pt><pt><x>384</x><y>25</y><time>27-01-21 20:49:39:671</time></pt><pt><x>373</x><y>29</y><time>27-01-21 20:49:40:195</time></pt><pt><x>369</x><y>34</y><time>27-01-21 20:49:40:571</time></pt><pt><x>366</x><y>41</y><time>27-01-21 20:49:41:059</time></pt><pt><x>366</x><y>47</y><time>27-01-21 20:49:41:419</time></pt><pt><x>368</x><y>52</y><time>27-01-21 20:49:41:679</time></pt><pt><x>370</x><y>57</y><time>27-01-21 20:49:42:024</time></pt><pt><x>373</x><y>61</y><time>27-01-21 20:49:42:409</time></pt><pt><x>378</x><y>64</y><time>27-01-21 20:49:42:696</time></pt><pt><x>380</x><y>66</y><time>27-01-21 20:49:42:919</time></pt><pt><x>380</x><y>69</y><time>27-01-21 20:49:43:077</time></pt><pt><x>380</x><y>72</y><time>27-01-21 20:49:43:352</time></pt><pt><x>373</x><y>74</y><time>27-01-21 20:49:43:737</time></pt><pt><x>364</x><y>75</y><time>27-01-21 20:49:44:099</time></pt><pt><x>361</x><y>75</y><time>27-01-21 20:49:44:399</time></pt><pt><x>357</x><y>75</y><time>27-01-21 20:49:44:681</time></pt><pt><x>355</x><y>76</y><time>27-01-21 20:49:44:829</time></pt><pt><x>353</x><y>75</y><time>27-01-21 20:49:45:205</time></pt><pt><x>352</x><y>74</y><time>27-01-21 20:49:45:559</time></pt><pt><x>356</x><y>67</y><time>27-01-21 20:49:45:999</time></pt><pt><x>359</x><y>61</y><time>27-01-21 20:49:46:376</time></pt><pt><x>363</x><y>56</y><time>27-01-21 20:49:46:604</time></pt><pt><x>364</x><y>52</y><time>27-01-21 20:49:46:973</time></pt><pt><x>365</x><y>49</y><time>27-01-21 20:49:47:343</time></pt><pt><x>365</x><y>45</y><time>27-01-21 20:49:47:845</time></pt><pt><x>365</x><y>42</y><time>27-01-21 20:49:48:387</time></pt><pt><x>366</x><y>38</y><time>27-01-21 20:49:48:835</time></pt><pt><x>367</x><y>35</y><time>27-01-21 20:49:49:739</time></pt><pt><x>364</x><y>35</y><time>27-01-21 20:49:50:240</time></pt><pt><x>360</x><y>35</y><time>27-01-21 20:49:50:564</time></pt><pt><x>357</x><y>41</y><time>27-01-21 20:49:50:901</time></pt><pt><x>355</x><y>44</y><time>27-01-21 20:49:51:214</time></pt><pt><x>355</x><y>47</y><time>27-01-21 20:49:51:396</time></pt><pt><x>355</x><y>49</y><time>27-01-21 20:49:51:867</time></pt><pt><x>355</x><y>51</y><time>27-01-21 20:49:52:071</time></pt><pt><x>354</x><y>52</y><time>27-01-21 20:49:52:251</time></pt><pt><x>350</x><y>57</y><time>27-01-21 20:49:57:177</time></pt><pt><x>347</x><y>59</y><time>27-01-21 20:49:57:450</time></pt><pt><x>345</x><y>63</y><time>27-01-21 20:49:57:617</time></pt><pt><x>340</x><y>71</y><time>27-01-21 20:49:58:080</time></pt><pt><x>336</x><y>76</y><time>27-01-21 20:49:58:394</time></pt><pt><x>332</x><y>83</y><time>27-01-21 20:49:59:291</time></pt><pt><x>332</x><y>86</y><time>27-01-21 20:49:59:556</time></pt><pt><x>332</x><y>89</y><time>27-01-21 20:49:59:708</time></pt><pt><x>332</x><y>91</y><time>27-01-21 20:50:00:546</time></pt><pt><x>335</x><y>94</y><time>27-01-21 20:50:00:902</time></pt><pt><x>339</x><y>97</y><time>27-01-21 20:50:01:121</time></pt><pt><x>348</x><y>99</y><time>27-01-21 20:50:01:505</time></pt><pt><x>354</x><y>99</y><time>27-01-21 20:50:01:709</time></pt><pt><x>357</x><y>102</y><time>27-01-21 20:50:01:970</time></pt><pt><x>359</x><y>104</y><time>27-01-21 20:50:02:322</time></pt><pt><x>360</x><y>108</y><time>27-01-21 20:50:02:597</time></pt><pt><x>360</x><y>111</y><time>27-01-21 20:50:02:768</time></pt><pt><x>360</x><y>116</y><time>27-01-21 20:50:03:122</time></pt><pt><x>360</x><y>141</y><time>27-01-21 20:50:05:369</time></pt><pt><x>359</x><y>154</y><time>27-01-21 20:50:05:929</time></pt><pt><x>360</x><y>160</y><time>27-01-21 20:50:06:240</time></pt><pt><x>359</x><y>165</y><time>27-01-21 20:50:06:447</time></pt><pt><x>358</x><y>174</y><time>27-01-21 20:50:06:944</time></pt><pt><x>357</x><y>188</y><time>27-01-21 20:50:07:460</time></pt><pt><x>358</x><y>209</y><time>27-01-21 20:50:08:739</time></pt><pt><x>360</x><y>224</y><time>27-01-21 20:50:09:398</time></pt><pt><x>361</x><y>229</y><time>27-01-21 20:50:09:675</time></pt><pt><x>361</x><y>233</y><time>27-01-21 20:50:09:864</time></pt><pt><x>359</x><y>238</y><time>27-01-21 20:50:10:113</time></pt><pt><x>356</x><y>244</y><time>27-01-21 20:50:10:458</time></pt><pt><x>356</x><y>249</y><time>27-01-21 20:50:10:719</time></pt><pt><x>356</x><y>255</y><time>27-01-21 20:50:10:906</time></pt><pt><x>357</x><y>265</y><time>27-01-21 20:50:11:567</time></pt><pt><x>356</x><y>278</y><time>27-01-21 20:50:12:973</time></pt><pt><x>355</x><y>280</y><time>27-01-21 20:50:13:305</time></pt><pt><x>355</x><y>282</y><time>27-01-21 20:50:13:468</time></pt><pt><x>357</x><y>286</y><time>27-01-21 20:50:13:704</time></pt><pt><x>357</x><y>288</y><time>27-01-21 20:50:13:839</time></pt><pt><x>357</x><y>292</y><time>27-01-21 20:50:14:057</time></pt><pt><x>355</x><y>297</y><time>27-01-21 20:50:14:244</time></pt><pt><x>355</x><y>299</y><time>27-01-21 20:50:14:425</time></pt><pt><x>353</x><y>303</y><time>27-01-21 20:50:14:599</time></pt><pt><x>350</x><y>306</y><time>27-01-21 20:50:14:872</time></pt><pt><x>348</x><y>308</y><time>27-01-21 20:50:15:030</time></pt><pt><x>348</x><y>311</y><time>27-01-21 20:50:15:211</time></pt><pt><x>350</x><y>314</y><time>27-01-21 20:50:15:524</time></pt><pt><x>355</x><y>315</y><time>27-01-21 20:50:15:801</time></pt><pt><x>361</x><y>314</y><time>27-01-21 20:50:16:077</time></pt><pt><x>367</x><y>314</y><time>27-01-21 20:50:16:737</time></pt><pt><x>368</x><y>312</y><time>27-01-21 20:50:17:011</time></pt><pt><x>370</x><y>311</y><time>27-01-21 20:50:17:182</time></pt><pt><x>371</x><y>310</y><time>27-01-21 20:50:17:370</time></pt><pt><x>371</x><y>308</y><time>27-01-21 20:50:17:528</time></pt><pt><x>370</x><y>307</y><time>27-01-21 20:50:17:708</time></pt><pt><x>370</x><y>303</y><time>27-01-21 20:50:17:905</time></pt><pt><x>372</x><y>292</y><time>27-01-21 20:50:18:935</time></pt><pt><x>375</x><y>272</y><time>27-01-21 20:50:19:681</time></pt><pt><x>378</x><y>260</y><time>27-01-21 20:50:20:214</time></pt><pt><x>378</x><y>248</y><time>27-01-21 20:50:20:913</time></pt><pt><x>379</x><y>243</y><time>27-01-21 20:50:21:832</time></pt><pt><x>382</x><y>232</y><time>27-01-21 20:50:22:289</time></pt><pt><x>385</x><y>220</y><time>27-01-21 20:50:23:630</time></pt><pt><x>386</x><y>269</y><time>27-01-21 20:50:24:590</time></pt><pt><x>386</x><y>279</y><time>27-01-21 20:50:24:975</time></pt><pt><x>388</x><y>284</y><time>27-01-21 20:50:25:147</time></pt><pt><x>389</x><y>289</y><time>27-01-21 20:50:25:338</time></pt><pt><x>389</x><y>293</y><time>27-01-21 20:50:25:807</time></pt><pt><x>391</x><y>295</y><time>27-01-21 20:50:25:986</time></pt><pt><x>390</x><y>297</y><time>27-01-21 20:50:26:153</time></pt><pt><x>390</x><y>300</y><time>27-01-21 20:50:26:319</time></pt><pt><x>390</x><y>305</y><time>27-01-21 20:50:26:594</time></pt><pt><x>390</x><y>309</y><time>27-01-21 20:50:26:789</time></pt><pt><x>393</x><y>310</y><time>27-01-21 20:50:27:214</time></pt><pt><x>396</x><y>311</y><time>27-01-21 20:50:27:599</time></pt><pt><x>399</x><y>312</y><time>27-01-21 20:50:27:779</time></pt><pt><x>405</x><y>313</y><time>27-01-21 20:50:28:031</time></pt><pt><x>414</x><y>313</y><time>27-01-21 20:50:28:626</time></pt><pt><x>415</x><y>310</y><time>27-01-21 20:50:28:909</time></pt><pt><x>411</x><y>304</y><time>27-01-21 20:50:29:429</time></pt><pt><x>406</x><y>298</y><time>27-01-21 20:50:29:844</time></pt><pt><x>404</x><y>294</y><time>27-01-21 20:50:30:043</time></pt><pt><x>404</x><y>289</y><time>27-01-21 20:50:30:314</time></pt><pt><x>404</x><y>286</y><time>27-01-21 20:50:30:569</time></pt><pt><x>406</x><y>283</y><time>27-01-21 20:50:30:896</time></pt><pt><x>406</x><y>280</y><time>27-01-21 20:50:31:057</time></pt><pt><x>405</x><y>277</y><time>27-01-21 20:50:31:210</time></pt><pt><x>406</x><y>267</y><time>27-01-21 20:50:31:705</time></pt><pt><x>407</x><y>254</y><time>27-01-21 20:50:32:278</time></pt><pt><x>407</x><y>244</y><time>27-01-21 20:50:32:759</time></pt><pt><x>408</x><y>240</y><time>27-01-21 20:50:33:102</time></pt><pt><x>408</x><y>237</y><time>27-01-21 20:50:33:284</time></pt><pt><x>410</x><y>229</y><time>27-01-21 20:50:33:904</time></pt><pt><x>410</x><y>217</y><time>27-01-21 20:50:40:362</time></pt><pt><x>413</x><y>202</y><time>27-01-21 20:50:41:052</time></pt><pt><x>415</x><y>191</y><time>27-01-21 20:50:41:814</time></pt><pt><x>417</x><y>176</y><time>27-01-21 20:50:42:434</time></pt><pt><x>416</x><y>155</y><time>27-01-21 20:51:43:728</time></pt><pt><x>417</x><y>151</y><time>27-01-21 20:51:44:117</time></pt><pt><x>416</x><y>144</y><time>27-01-21 20:51:44:539</time></pt><pt><x>416</x><y>139</y><time>27-01-21 20:51:44:957</time></pt><pt><x>417</x><y>142</y><time>27-01-21 20:51:45:350</time></pt><pt><x>419</x><y>151</y><time>27-01-21 20:51:45:789</time></pt><pt><x>421</x><y>163</y><time>27-01-21 20:51:46:497</time></pt><pt><x>422</x><y>167</y><time>27-01-21 20:51:46:772</time></pt><pt><x>422</x><y>173</y><time>27-01-21 20:51:46:936</time></pt><pt><x>422</x><y>176</y><time>27-01-21 20:51:47:180</time></pt><pt><x>422</x><y>180</y><time>27-01-21 20:51:47:408</time></pt><pt><x>425</x><y>177</y><time>27-01-21 20:51:47:959</time></pt><pt><x>428</x><y>167</y><time>27-01-21 20:51:48:507</time></pt><pt><x>428</x><y>151</y><time>27-01-21 20:51:49:089</time></pt><pt><x>426</x><y>144</y><time>27-01-21 20:51:49:685</time></pt><pt><x>425</x><y>136</y><time>27-01-21 20:51:53:143</time></pt><pt><x>424</x><y>124</y><time>27-01-21 20:51:55:075</time></pt><pt><x>429</x><y>118</y><time>27-01-21 20:51:55:445</time></pt><pt><x>428</x><y>111</y><time>27-01-21 20:51:55:829</time></pt><pt><x>423</x><y>98</y><time>27-01-21 20:51:56:574</time></pt><pt><x>421</x><y>93</y><time>27-01-21 20:51:56:875</time></pt><pt><x>420</x><y>89</y><time>27-01-21 20:51:57:055</time></pt><pt><x>423</x><y>83</y><time>27-01-21 20:51:57:260</time></pt><pt><x>423</x><y>80</y><time>27-01-21 20:51:57:706</time></pt><pt><x>409</x><y>75</y><time>27-01-21 20:51:58:180</time></pt><pt><x>403</x><y>72</y><time>27-01-21 20:51:58:712</time></pt><pt><x>400</x><y>70</y><time>27-01-21 20:51:58:987</time></pt><pt><x>401</x><y>66</y><time>27-01-21 20:51:59:341</time></pt><pt><x>402</x><y>52</y><time>27-01-21 20:52:01:017</time></pt><pt><x>402</x><y>44</y><time>27-01-21 20:52:01:399</time></pt><pt><x>401</x><y>41</y><time>27-01-21 20:52:01:739</time></pt><pt><x>401</x><y>34</y><time>27-01-21 20:52:02:210</time></pt><closed_date>27-01-21 20:52:02:810</closed_date></polygon></object><object><name>person</name><deleted>0</deleted><verified>0</verified><occluded>no</occluded><attributes></attributes><parts><hasparts></hasparts><ispartof></ispartof></parts><date>27-01-21 20:54:31:892</date><id>2</id><polygon><username>7hao</username><pt><x>439</x><y>0</y><time>27-01-21 20:52:09:503</time></pt><pt><x>435</x><y>8</y><time>27-01-21 20:52:09:971</time></pt><pt><x>433</x><y>15</y><time>27-01-21 20:52:10:269</time></pt><pt><x>433</x><y>34</y><time>27-01-21 20:52:11:071</time></pt><pt><x>434</x><y>43</y><time>27-01-21 20:52:11:369</time></pt><pt><x>431</x><y>51</y><time>27-01-21 20:52:11:895</time></pt><pt><x>429</x><y>62</y><time>27-01-21 20:52:12:259</time></pt><pt><x>428</x><y>69</y><time>27-01-21 20:52:12:494</time></pt><pt><x>427</x><y>75</y><time>27-01-21 20:52:12:815</time></pt><pt><x>425</x><y>78</y><time>27-01-21 20:52:13:113</time></pt><pt><x>425</x><y>79</y><time>27-01-21 20:52:13:334</time></pt><pt><x>424</x><y>81</y><time>27-01-21 20:52:15:084</time></pt><pt><x>423</x><y>85</y><time>27-01-21 20:52:15:415</time></pt><pt><x>423</x><y>89</y><time>27-01-21 20:52:15:721</time></pt><pt><x>423</x><y>92</y><time>27-01-21 20:52:15:894</time></pt><pt><x>423</x><y>96</y><time>27-01-21 20:52:16:108</time></pt><pt><x>425</x><y>100</y><time>27-01-21 20:52:16:532</time></pt><pt><x>428</x><y>109</y><time>27-01-21 20:52:18:336</time></pt><pt><x>430</x><y>117</y><time>27-01-21 20:52:21:346</time></pt><pt><x>430</x><y>119</y><time>27-01-21 20:52:21:816</time></pt><pt><x>429</x><y>121</y><time>27-01-21 20:52:22:203</time></pt><pt><x>427</x><y>123</y><time>27-01-21 20:52:22:595</time></pt><pt><x>425</x><y>124</y><time>27-01-21 20:52:23:060</time></pt><pt><x>425</x><y>127</y><time>27-01-21 20:52:23:382</time></pt><pt><x>426</x><y>132</y><time>27-01-21 20:52:24:175</time></pt><pt><x>427</x><y>143</y><time>27-01-21 20:52:26:383</time></pt><pt><x>428</x><y>148</y><time>27-01-21 20:52:27:074</time></pt><pt><x>429</x><y>152</y><time>27-01-21 20:52:29:684</time></pt><pt><x>429</x><y>168</y><time>27-01-21 20:52:31:378</time></pt><pt><x>428</x><y>173</y><time>27-01-21 20:52:32:148</time></pt><pt><x>426</x><y>177</y><time>27-01-21 20:52:32:944</time></pt><pt><x>422</x><y>182</y><time>27-01-21 20:52:33:720</time></pt><pt><x>419</x><y>192</y><time>27-01-21 20:52:35:173</time></pt><pt><x>417</x><y>200</y><time>27-01-21 20:52:35:543</time></pt><pt><x>417</x><y>211</y><time>27-01-21 20:52:35:912</time></pt><pt><x>422</x><y>246</y><time>27-01-21 20:52:39:510</time></pt><pt><x>424</x><y>259</y><time>27-01-21 20:52:40:037</time></pt><pt><x>426</x><y>266</y><time>27-01-21 20:52:40:311</time></pt><pt><x>427</x><y>271</y><time>27-01-21 20:52:40:453</time></pt><pt><x>428</x><y>275</y><time>27-01-21 20:52:40:707</time></pt><pt><x>426</x><y>284</y><time>27-01-21 20:52:41:166</time></pt><pt><x>424</x><y>295</y><time>27-01-21 20:52:41:726</time></pt><pt><x>422</x><y>305</y><time>27-01-21 20:52:42:197</time></pt><pt><x>420</x><y>311</y><time>27-01-21 20:52:42:543</time></pt><pt><x>420</x><y>316</y><time>27-01-21 20:52:42:833</time></pt><pt><x>421</x><y>321</y><time>27-01-21 20:52:43:162</time></pt><pt><x>422</x><y>329</y><time>27-01-21 20:52:44:420</time></pt><pt><x>422</x><y>333</y><time>27-01-21 20:52:44:732</time></pt><pt><x>420</x><y>335</y><time>27-01-21 20:52:44:899</time></pt><pt><x>417</x><y>338</y><time>27-01-21 20:52:45:222</time></pt><pt><x>413</x><y>343</y><time>27-01-21 20:52:45:561</time></pt><pt><x>411</x><y>345</y><time>27-01-21 20:52:45:714</time></pt><pt><x>411</x><y>345</y><time>27-01-21 20:52:45:852</time></pt><pt><x>410</x><y>346</y><time>27-01-21 20:52:46:007</time></pt><pt><x>409</x><y>348</y><time>27-01-21 20:52:46:162</time></pt><pt><x>404</x><y>349</y><time>27-01-21 20:52:46:494</time></pt><pt><x>396</x><y>349</y><time>27-01-21 20:52:46:728</time></pt><pt><x>392</x><y>350</y><time>27-01-21 20:52:47:027</time></pt><pt><x>389</x><y>352</y><time>27-01-21 20:52:47:233</time></pt><pt><x>388</x><y>354</y><time>27-01-21 20:52:47:430</time></pt><pt><x>387</x><y>356</y><time>27-01-21 20:52:47:600</time></pt><pt><x>387</x><y>358</y><time>27-01-21 20:52:47:853</time></pt><pt><x>399</x><y>365</y><time>27-01-21 20:52:49:895</time></pt><pt><x>415</x><y>368</y><time>27-01-21 20:52:51:010</time></pt><pt><x>427</x><y>367</y><time>27-01-21 20:52:51:766</time></pt><pt><x>445</x><y>369</y><time>27-01-21 20:52:53:391</time></pt><pt><x>453</x><y>369</y><time>27-01-21 20:52:53:909</time></pt><pt><x>458</x><y>369</y><time>27-01-21 20:52:54:303</time></pt><pt><x>465</x><y>369</y><time>27-01-21 20:52:56:918</time></pt><pt><x>467</x><y>364</y><time>27-01-21 20:52:57:846</time></pt><pt><x>465</x><y>359</y><time>27-01-21 20:52:58:192</time></pt><pt><x>464</x><y>354</y><time>27-01-21 20:52:58:591</time></pt><pt><x>464</x><y>351</y><time>27-01-21 20:52:58:920</time></pt><pt><x>468</x><y>348</y><time>27-01-21 20:52:59:291</time></pt><pt><x>471</x><y>347</y><time>27-01-21 20:52:59:698</time></pt><pt><x>471</x><y>340</y><time>27-01-21 20:53:00:186</time></pt><pt><x>469</x><y>311</y><time>27-01-21 20:53:01:458</time></pt><pt><x>469</x><y>302</y><time>27-01-21 20:53:02:127</time></pt><pt><x>470</x><y>293</y><time>27-01-21 20:53:02:518</time></pt><pt><x>473</x><y>283</y><time>27-01-21 20:53:03:187</time></pt><pt><x>473</x><y>276</y><time>27-01-21 20:53:04:083</time></pt><pt><x>473</x><y>272</y><time>27-01-21 20:53:04:405</time></pt><pt><x>473</x><y>269</y><time>27-01-21 20:53:04:766</time></pt><pt><x>494</x><y>292</y><time>27-01-21 20:53:05:474</time></pt><pt><x>501</x><y>300</y><time>27-01-21 20:53:06:186</time></pt><pt><x>521</x><y>324</y><time>27-01-21 20:53:08:718</time></pt><pt><x>527</x><y>331</y><time>27-01-21 20:53:09:057</time></pt><pt><x>530</x><y>336</y><time>27-01-21 20:53:09:242</time></pt><pt><x>533</x><y>346</y><time>27-01-21 20:53:09:479</time></pt><pt><x>537</x><y>354</y><time>27-01-21 20:53:09:693</time></pt><pt><x>543</x><y>366</y><time>27-01-21 20:53:12:551</time></pt><pt><x>544</x><y>373</y><time>27-01-21 20:53:12:787</time></pt><pt><x>549</x><y>377</y><time>27-01-21 20:53:13:045</time></pt><pt><x>557</x><y>375</y><time>27-01-21 20:53:13:258</time></pt><pt><x>563</x><y>364</y><time>27-01-21 20:53:13:416</time></pt><pt><x>566</x><y>355</y><time>27-01-21 20:53:13:659</time></pt><pt><x>567</x><y>348</y><time>27-01-21 20:53:13:807</time></pt><pt><x>565</x><y>336</y><time>27-01-21 20:53:14:075</time></pt><pt><x>562</x><y>329</y><time>27-01-21 20:53:14:295</time></pt><pt><x>557</x><y>322</y><time>27-01-21 20:53:14:594</time></pt><pt><x>544</x><y>297</y><time>27-01-21 20:53:15:717</time></pt><pt><x>536</x><y>293</y><time>27-01-21 20:53:16:063</time></pt><pt><x>536</x><y>288</y><time>27-01-21 20:53:16:337</time></pt><pt><x>536</x><y>284</y><time>27-01-21 20:53:16:495</time></pt><pt><x>532</x><y>275</y><time>27-01-21 20:53:16:831</time></pt><pt><x>514</x><y>241</y><time>27-01-21 20:53:29:464</time></pt><pt><x>505</x><y>226</y><time>27-01-21 20:53:40:232</time></pt><pt><x>497</x><y>224</y><time>27-01-21 20:53:40:945</time></pt><pt><x>496</x><y>211</y><time>27-01-21 20:53:41:519</time></pt><pt><x>499</x><y>180</y><time>27-01-21 20:53:57:211</time></pt><pt><x>504</x><y>164</y><time>27-01-21 20:53:58:020</time></pt><pt><x>511</x><y>146</y><time>27-01-21 20:54:00:470</time></pt><pt><x>515</x><y>133</y><time>27-01-21 20:54:01:060</time></pt><pt><x>516</x><y>124</y><time>27-01-21 20:54:15:118</time></pt><pt><x>517</x><y>121</y><time>27-01-21 20:54:15:517</time></pt><pt><x>523</x><y>118</y><time>27-01-21 20:54:15:912</time></pt><pt><x>531</x><y>113</y><time>27-01-21 20:54:16:210</time></pt><pt><x>536</x><y>109</y><time>27-01-21 20:54:16:445</time></pt><pt><x>541</x><y>102</y><time>27-01-21 20:54:16:726</time></pt><pt><x>541</x><y>96</y><time>27-01-21 20:54:17:027</time></pt><pt><x>538</x><y>91</y><time>27-01-21 20:54:18:833</time></pt><pt><x>536</x><y>90</y><time>27-01-21 20:54:19:178</time></pt><pt><x>538</x><y>86</y><time>27-01-21 20:54:19:407</time></pt><pt><x>544</x><y>82</y><time>27-01-21 20:54:20:278</time></pt><pt><x>546</x><y>75</y><time>27-01-21 20:54:20:670</time></pt><pt><x>552</x><y>47</y><time>27-01-21 20:54:21:999</time></pt><pt><x>551</x><y>30</y><time>27-01-21 20:54:22:415</time></pt><pt><x>549</x><y>21</y><time>27-01-21 20:54:22:958</time></pt><pt><x>545</x><y>15</y><time>27-01-21 20:54:23:507</time></pt><pt><x>543</x><y>11</y><time>27-01-21 20:54:23:737</time></pt><pt><x>543</x><y>4</y><time>27-01-21 20:54:23:997</time></pt><pt><x>544</x><y>1</y><time>27-01-21 20:54:24:231</time></pt><pt><x>545</x><y>0</y><time>27-01-21 20:54:26:084</time></pt><closed_date>27-01-21 20:54:29:871</closed_date></polygon></object></annotation>