<annotation><filename>frame0098.jpg</filename><folder>users/lab605//7hao/human_20210119_4</folder><source><submittedBy>lab605</submittedBy></source><imagesize><nrows>480</nrows><ncols>640</ncols></imagesize><object><name>person</name><deleted>0</deleted><verified>0</verified><occluded>no</occluded><attributes></attributes><parts><hasparts></hasparts><ispartof></ispartof></parts><date>27-01-21 22:04:39:981</date><id>0</id><polygon><username>7hao</username><pt><x>168</x><y>0</y><time>27-01-21 22:03:39:914</time></pt><pt><x>166</x><y>12</y><time>27-01-21 22:03:40:340</time></pt><pt><x>161</x><y>22</y><time>27-01-21 22:03:40:707</time></pt><pt><x>150</x><y>28</y><time>27-01-21 22:03:40:967</time></pt><pt><x>144</x><y>32</y><time>27-01-21 22:03:41:163</time></pt><pt><x>137</x><y>38</y><time>27-01-21 22:03:41:352</time></pt><pt><x>136</x><y>43</y><time>27-01-21 22:03:41:526</time></pt><pt><x>136</x><y>51</y><time>27-01-21 22:03:41:674</time></pt><pt><x>137</x><y>62</y><time>27-01-21 22:03:41:888</time></pt><pt><x>146</x><y>67</y><time>27-01-21 22:03:42:093</time></pt><pt><x>156</x><y>67</y><time>27-01-21 22:03:42:240</time></pt><pt><x>167</x><y>65</y><time>27-01-21 22:03:42:451</time></pt><pt><x>171</x><y>65</y><time>27-01-21 22:03:42:633</time></pt><pt><x>176</x><y>70</y><time>27-01-21 22:03:42:806</time></pt><pt><x>182</x><y>79</y><time>27-01-21 22:03:42:986</time></pt><pt><x>183</x><y>92</y><time>27-01-21 22:03:43:206</time></pt><pt><x>183</x><y>101</y><time>27-01-21 22:03:43:348</time></pt><pt><x>183</x><y>116</y><time>27-01-21 22:03:43:506</time></pt><pt><x>179</x><y>141</y><time>27-01-21 22:03:43:881</time></pt><pt><x>171</x><y>160</y><time>27-01-21 22:03:44:187</time></pt><pt><x>168</x><y>173</y><time>27-01-21 22:03:44:480</time></pt><pt><x>166</x><y>182</y><time>27-01-21 22:03:44:627</time></pt><pt><x>165</x><y>189</y><time>27-01-21 22:03:44:781</time></pt><pt><x>166</x><y>192</y><time>27-01-21 22:03:44:919</time></pt><pt><x>167</x><y>198</y><time>27-01-21 22:03:45:304</time></pt><pt><x>167</x><y>204</y><time>27-01-21 22:03:45:666</time></pt><pt><x>165</x><y>209</y><time>27-01-21 22:03:45:830</time></pt><pt><x>163</x><y>215</y><time>27-01-21 22:03:46:003</time></pt><pt><x>158</x><y>280</y><time>27-01-21 22:03:49:781</time></pt><pt><x>160</x><y>289</y><time>27-01-21 22:03:50:048</time></pt><pt><x>158</x><y>297</y><time>27-01-21 22:03:50:197</time></pt><pt><x>156</x><y>305</y><time>27-01-21 22:03:50:355</time></pt><pt><x>125</x><y>344</y><time>27-01-21 22:03:54:182</time></pt><pt><x>119</x><y>361</y><time>27-01-21 22:03:54:699</time></pt><pt><x>118</x><y>375</y><time>27-01-21 22:03:55:022</time></pt><pt><x>117</x><y>379</y><time>27-01-21 22:03:55:193</time></pt><pt><x>111</x><y>381</y><time>27-01-21 22:03:55:446</time></pt><pt><x>102</x><y>382</y><time>27-01-21 22:03:55:751</time></pt><pt><x>97</x><y>383</y><time>27-01-21 22:03:55:996</time></pt><pt><x>94</x><y>387</y><time>27-01-21 22:03:56:160</time></pt><pt><x>93</x><y>392</y><time>27-01-21 22:03:56:341</time></pt><pt><x>94</x><y>397</y><time>27-01-21 22:03:56:537</time></pt><pt><x>99</x><y>405</y><time>27-01-21 22:03:56:757</time></pt><pt><x>109</x><y>409</y><time>27-01-21 22:03:57:032</time></pt><pt><x>118</x><y>411</y><time>27-01-21 22:03:57:235</time></pt><pt><x>124</x><y>411</y><time>27-01-21 22:03:57:393</time></pt><pt><x>134</x><y>413</y><time>27-01-21 22:03:57:638</time></pt><pt><x>146</x><y>419</y><time>27-01-21 22:03:57:919</time></pt><pt><x>157</x><y>422</y><time>27-01-21 22:03:58:139</time></pt><pt><x>168</x><y>421</y><time>27-01-21 22:03:58:359</time></pt><pt><x>174</x><y>416</y><time>27-01-21 22:03:58:611</time></pt><pt><x>174</x><y>408</y><time>27-01-21 22:03:58:807</time></pt><pt><x>175</x><y>399</y><time>27-01-21 22:03:59:019</time></pt><pt><x>176</x><y>396</y><time>27-01-21 22:03:59:183</time></pt><pt><x>183</x><y>389</y><time>27-01-21 22:03:59:403</time></pt><pt><x>193</x><y>360</y><time>27-01-21 22:04:00:063</time></pt><pt><x>220</x><y>252</y><time>27-01-21 22:04:01:612</time></pt><pt><x>225</x><y>237</y><time>27-01-21 22:04:02:877</time></pt><pt><x>232</x><y>252</y><time>27-01-21 22:04:03:435</time></pt><pt><x>262</x><y>322</y><time>27-01-21 22:04:04:212</time></pt><pt><x>281</x><y>349</y><time>27-01-21 22:04:04:769</time></pt><pt><x>286</x><y>369</y><time>27-01-21 22:04:05:234</time></pt><pt><x>287</x><y>377</y><time>27-01-21 22:04:05:405</time></pt><pt><x>288</x><y>381</y><time>27-01-21 22:04:05:611</time></pt><pt><x>295</x><y>394</y><time>27-01-21 22:04:09:027</time></pt><pt><x>296</x><y>401</y><time>27-01-21 22:04:09:508</time></pt><pt><x>294</x><y>404</y><time>27-01-21 22:04:09:759</time></pt><pt><x>290</x><y>406</y><time>27-01-21 22:04:09:932</time></pt><pt><x>285</x><y>411</y><time>27-01-21 22:04:10:089</time></pt><pt><x>282</x><y>414</y><time>27-01-21 22:04:10:278</time></pt><pt><x>281</x><y>420</y><time>27-01-21 22:04:10:450</time></pt><pt><x>283</x><y>425</y><time>27-01-21 22:04:10:608</time></pt><pt><x>288</x><y>427</y><time>27-01-21 22:04:10:795</time></pt><pt><x>301</x><y>428</y><time>27-01-21 22:04:11:102</time></pt><pt><x>332</x><y>425</y><time>27-01-21 22:04:11:487</time></pt><pt><x>349</x><y>401</y><time>27-01-21 22:04:12:194</time></pt><pt><x>356</x><y>382</y><time>27-01-21 22:04:12:658</time></pt><pt><x>358</x><y>372</y><time>27-01-21 22:04:12:869</time></pt><pt><x>354</x><y>362</y><time>27-01-21 22:04:13:019</time></pt><pt><x>339</x><y>344</y><time>27-01-21 22:04:13:443</time></pt><pt><x>315</x><y>293</y><time>27-01-21 22:04:14:268</time></pt><pt><x>302</x><y>256</y><time>27-01-21 22:04:14:990</time></pt><pt><x>289</x><y>239</y><time>27-01-21 22:04:15:336</time></pt><pt><x>272</x><y>222</y><time>27-01-21 22:04:15:713</time></pt><pt><x>263</x><y>210</y><time>27-01-21 22:04:16:091</time></pt><pt><x>259</x><y>168</y><time>27-01-21 22:04:17:315</time></pt><pt><x>263</x><y>141</y><time>27-01-21 22:04:17:678</time></pt><pt><x>274</x><y>118</y><time>27-01-21 22:04:18:045</time></pt><pt><x>280</x><y>84</y><time>27-01-21 22:04:18:657</time></pt><pt><x>285</x><y>37</y><time>27-01-21 22:04:21:321</time></pt><pt><x>288</x><y>13</y><time>27-01-21 22:04:21:815</time></pt><pt><x>288</x><y>0</y><time>27-01-21 22:04:24:535</time></pt><closed_date>27-01-21 22:04:27:740</closed_date></polygon></object><object><name>person</name><deleted>0</deleted><verified>0</verified><occluded>no</occluded><attributes></attributes><parts><hasparts></hasparts><ispartof></ispartof></parts><date>27-01-21 22:06:08:543</date><id>1</id><polygon><username>7hao</username><pt><x>289</x><y>8</y><time>27-01-21 22:05:35:064</time></pt><pt><x>295</x><y>21</y><time>27-01-21 22:05:35:806</time></pt><pt><x>293</x><y>32</y><time>27-01-21 22:05:36:401</time></pt><pt><x>291</x><y>38</y><time>27-01-21 22:05:36:748</time></pt><pt><x>290</x><y>40</y><time>27-01-21 22:05:36:913</time></pt><pt><x>292</x><y>43</y><time>27-01-21 22:05:37:141</time></pt><pt><x>299</x><y>48</y><time>27-01-21 22:05:37:487</time></pt><pt><x>306</x><y>67</y><time>27-01-21 22:05:38:083</time></pt><pt><x>310</x><y>98</y><time>27-01-21 22:05:38:697</time></pt><pt><x>314</x><y>126</y><time>27-01-21 22:05:39:207</time></pt><pt><x>312</x><y>153</y><time>27-01-21 22:05:39:804</time></pt><pt><x>306</x><y>168</y><time>27-01-21 22:05:40:196</time></pt><pt><x>297</x><y>190</y><time>27-01-21 22:05:40:653</time></pt><pt><x>289</x><y>208</y><time>27-01-21 22:05:42:953</time></pt><pt><x>285</x><y>210</y><time>27-01-21 22:05:43:401</time></pt><pt><x>282</x><y>210</y><time>27-01-21 22:05:43:715</time></pt><pt><x>281</x><y>216</y><time>27-01-21 22:05:43:990</time></pt><pt><x>280</x><y>223</y><time>27-01-21 22:05:44:327</time></pt><pt><x>280</x><y>227</y><time>27-01-21 22:05:44:760</time></pt><pt><x>265</x><y>209</y><time>27-01-21 22:05:47:149</time></pt><pt><x>262</x><y>167</y><time>27-01-21 22:05:48:813</time></pt><pt><x>265</x><y>141</y><time>27-01-21 22:05:50:660</time></pt><pt><x>276</x><y>120</y><time>27-01-21 22:05:52:750</time></pt><pt><x>277</x><y>114</y><time>27-01-21 22:05:54:391</time></pt><pt><x>284</x><y>71</y><time>27-01-21 22:05:59:395</time></pt><pt><x>286</x><y>47</y><time>27-01-21 22:06:00:796</time></pt><pt><x>290</x><y>16</y><time>27-01-21 22:06:05:091</time></pt><closed_date>27-01-21 22:06:05:727</closed_date></polygon></object><object><name>person</name><deleted>0</deleted><verified>0</verified><occluded>no</occluded><attributes></attributes><parts><hasparts></hasparts><ispartof></ispartof></parts><date>27-01-21 22:06:21:944</date><id>2</id><polygon><username>7hao</username><pt><x>234</x><y>264</y><time>27-01-21 22:06:12:733</time></pt><pt><x>230</x><y>275</y><time>27-01-21 22:06:13:145</time></pt><pt><x>223</x><y>283</y><time>27-01-21 22:06:13:531</time></pt><pt><x>219</x><y>287</y><time>27-01-21 22:06:13:742</time></pt><pt><x>217</x><y>291</y><time>27-01-21 22:06:13:891</time></pt><pt><x>215</x><y>298</y><time>27-01-21 22:06:14:056</time></pt><pt><x>215</x><y>303</y><time>27-01-21 22:06:14:418</time></pt><pt><x>219</x><y>308</y><time>27-01-21 22:06:14:647</time></pt><pt><x>228</x><y>312</y><time>27-01-21 22:06:14:810</time></pt><pt><x>240</x><y>316</y><time>27-01-21 22:06:15:155</time></pt><pt><x>253</x><y>317</y><time>27-01-21 22:06:15:579</time></pt><pt><x>256</x><y>314</y><time>27-01-21 22:06:16:019</time></pt><pt><x>254</x><y>309</y><time>27-01-21 22:06:16:569</time></pt><pt><x>250</x><y>304</y><time>27-01-21 22:06:17:001</time></pt><pt><x>246</x><y>298</y><time>27-01-21 22:06:17:245</time></pt><pt><x>241</x><y>292</y><time>27-01-21 22:06:17:582</time></pt><pt><x>241</x><y>287</y><time>27-01-21 22:06:17:951</time></pt><pt><x>241</x><y>284</y><time>27-01-21 22:06:18:290</time></pt><pt><x>242</x><y>281</y><time>27-01-21 22:06:18:746</time></pt><closed_date>27-01-21 22:06:19:655</closed_date></polygon></object><object><name>person</name><deleted>0</deleted><verified>0</verified><occluded>no</occluded><attributes></attributes><parts><hasparts></hasparts><ispartof></ispartof></parts><date>27-01-21 22:08:41:786</date><id>3</id><polygon><username>7hao</username><pt><x>416</x><y>30</y><time>27-01-21 22:06:26:905</time></pt><pt><x>415</x><y>15</y><time>27-01-21 22:06:27:419</time></pt><pt><x>412</x><y>6</y><time>27-01-21 22:06:27:810</time></pt><pt><x>406</x><y>1</y><time>27-01-21 22:06:28:172</time></pt><pt><x>397</x><y>0</y><time>27-01-21 22:06:28:587</time></pt><pt><x>383</x><y>4</y><time>27-01-21 22:06:28:942</time></pt><pt><x>378</x><y>11</y><time>27-01-21 22:06:29:290</time></pt><pt><x>379</x><y>16</y><time>27-01-21 22:06:29:971</time></pt><pt><x>381</x><y>21</y><time>27-01-21 22:06:30:442</time></pt><pt><x>380</x><y>27</y><time>27-01-21 22:06:30:841</time></pt><pt><x>380</x><y>31</y><time>27-01-21 22:06:31:077</time></pt><pt><x>380</x><y>33</y><time>27-01-21 22:06:31:243</time></pt><pt><x>383</x><y>38</y><time>27-01-21 22:06:31:440</time></pt><pt><x>386</x><y>41</y><time>27-01-21 22:06:31:597</time></pt><pt><x>388</x><y>44</y><time>27-01-21 22:06:31:770</time></pt><pt><x>390</x><y>49</y><time>27-01-21 22:06:31:966</time></pt><pt><x>390</x><y>53</y><time>27-01-21 22:06:32:195</time></pt><pt><x>388</x><y>55</y><time>27-01-21 22:06:32:429</time></pt><pt><x>380</x><y>55</y><time>27-01-21 22:06:32:657</time></pt><pt><x>369</x><y>56</y><time>27-01-21 22:06:32:955</time></pt><pt><x>367</x><y>52</y><time>27-01-21 22:06:33:222</time></pt><pt><x>368</x><y>47</y><time>27-01-21 22:06:33:371</time></pt><pt><x>374</x><y>43</y><time>27-01-21 22:06:33:827</time></pt><pt><x>375</x><y>40</y><time>27-01-21 22:06:34:032</time></pt><pt><x>375</x><y>38</y><time>27-01-21 22:06:34:189</time></pt><pt><x>377</x><y>35</y><time>27-01-21 22:06:34:431</time></pt><pt><x>378</x><y>32</y><time>27-01-21 22:06:43:339</time></pt><pt><x>379</x><y>27</y><time>27-01-21 22:06:44:212</time></pt><pt><x>379</x><y>23</y><time>27-01-21 22:06:44:619</time></pt><pt><x>379</x><y>19</y><time>27-01-21 22:06:45:365</time></pt><pt><x>377</x><y>14</y><time>27-01-21 22:06:46:057</time></pt><pt><x>375</x><y>13</y><time>27-01-21 22:06:46:497</time></pt><pt><x>372</x><y>13</y><time>27-01-21 22:06:49:811</time></pt><pt><x>369</x><y>15</y><time>27-01-21 22:06:58:029</time></pt><pt><x>368</x><y>20</y><time>27-01-21 22:06:58:413</time></pt><pt><x>367</x><y>23</y><time>27-01-21 22:06:58:609</time></pt><pt><x>367</x><y>26</y><time>27-01-21 22:06:58:800</time></pt><pt><x>367</x><y>30</y><time>27-01-21 22:06:59:012</time></pt><pt><x>366</x><y>34</y><time>27-01-21 22:06:59:326</time></pt><pt><x>365</x><y>35</y><time>27-01-21 22:06:59:490</time></pt><pt><x>361</x><y>40</y><time>27-01-21 22:06:59:876</time></pt><pt><x>358</x><y>44</y><time>27-01-21 22:07:00:117</time></pt><pt><x>356</x><y>46</y><time>27-01-21 22:07:00:259</time></pt><pt><x>350</x><y>53</y><time>27-01-21 22:07:00:660</time></pt><pt><x>343</x><y>60</y><time>27-01-21 22:07:01:147</time></pt><pt><x>340</x><y>68</y><time>27-01-21 22:07:06:513</time></pt><pt><x>339</x><y>74</y><time>27-01-21 22:07:06:944</time></pt><pt><x>341</x><y>79</y><time>27-01-21 22:07:07:346</time></pt><pt><x>345</x><y>83</y><time>27-01-21 22:07:07:651</time></pt><pt><x>349</x><y>84</y><time>27-01-21 22:07:07:878</time></pt><pt><x>356</x><y>85</y><time>27-01-21 22:07:08:154</time></pt><pt><x>363</x><y>85</y><time>27-01-21 22:07:08:467</time></pt><pt><x>366</x><y>86</y><time>27-01-21 22:07:08:665</time></pt><pt><x>367</x><y>88</y><time>27-01-21 22:07:08:875</time></pt><pt><x>368</x><y>94</y><time>27-01-21 22:07:09:214</time></pt><pt><x>367</x><y>119</y><time>27-01-21 22:07:10:705</time></pt><pt><x>366</x><y>133</y><time>27-01-21 22:07:11:217</time></pt><pt><x>366</x><y>139</y><time>27-01-21 22:07:11:532</time></pt><pt><x>366</x><y>148</y><time>27-01-21 22:07:12:010</time></pt><pt><x>367</x><y>152</y><time>27-01-21 22:07:12:418</time></pt><pt><x>365</x><y>161</y><time>27-01-21 22:07:39:812</time></pt><pt><x>364</x><y>180</y><time>27-01-21 22:07:40:716</time></pt><pt><x>365</x><y>198</y><time>27-01-21 22:07:41:438</time></pt><pt><x>366</x><y>218</y><time>27-01-21 22:07:42:883</time></pt><pt><x>368</x><y>227</y><time>27-01-21 22:07:43:332</time></pt><pt><x>368</x><y>230</y><time>27-01-21 22:07:43:488</time></pt><pt><x>364</x><y>243</y><time>27-01-21 22:07:44:336</time></pt><pt><x>363</x><y>251</y><time>27-01-21 22:07:44:730</time></pt><pt><x>363</x><y>261</y><time>27-01-21 22:07:45:028</time></pt><pt><x>363</x><y>277</y><time>27-01-21 22:07:46:135</time></pt><pt><x>361</x><y>283</y><time>27-01-21 22:07:46:402</time></pt><pt><x>363</x><y>288</y><time>27-01-21 22:07:46:662</time></pt><pt><x>364</x><y>291</y><time>27-01-21 22:07:46:813</time></pt><pt><x>363</x><y>297</y><time>27-01-21 22:07:46:975</time></pt><pt><x>361</x><y>303</y><time>27-01-21 22:07:47:297</time></pt><pt><x>356</x><y>310</y><time>27-01-21 22:07:47:636</time></pt><pt><x>355</x><y>313</y><time>27-01-21 22:07:47:808</time></pt><pt><x>354</x><y>318</y><time>27-01-21 22:07:47:981</time></pt><pt><x>356</x><y>320</y><time>27-01-21 22:07:48:218</time></pt><pt><x>364</x><y>320</y><time>27-01-21 22:07:48:492</time></pt><pt><x>372</x><y>319</y><time>27-01-21 22:07:48:876</time></pt><pt><x>375</x><y>317</y><time>27-01-21 22:07:49:364</time></pt><pt><x>375</x><y>316</y><time>27-01-21 22:07:49:522</time></pt><pt><x>377</x><y>316</y><time>27-01-21 22:07:49:717</time></pt><pt><x>379</x><y>313</y><time>27-01-21 22:07:49:984</time></pt><pt><x>379</x><y>305</y><time>27-01-21 22:07:50:212</time></pt><pt><x>378</x><y>299</y><time>27-01-21 22:07:50:745</time></pt><pt><x>382</x><y>284</y><time>27-01-21 22:07:52:183</time></pt><pt><x>384</x><y>272</y><time>27-01-21 22:07:52:867</time></pt><pt><x>387</x><y>252</y><time>27-01-21 22:07:54:941</time></pt><pt><x>389</x><y>238</y><time>27-01-21 22:07:55:553</time></pt><pt><x>392</x><y>226</y><time>27-01-21 22:07:55:945</time></pt><pt><x>393</x><y>218</y><time>27-01-21 22:07:56:283</time></pt><pt><x>395</x><y>213</y><time>27-01-21 22:07:56:685</time></pt><pt><x>396</x><y>240</y><time>27-01-21 22:07:57:384</time></pt><pt><x>395</x><y>262</y><time>27-01-21 22:07:57:901</time></pt><pt><x>396</x><y>276</y><time>27-01-21 22:07:58:342</time></pt><pt><x>396</x><y>287</y><time>27-01-21 22:07:58:720</time></pt><pt><x>398</x><y>290</y><time>27-01-21 22:07:58:948</time></pt><pt><x>399</x><y>293</y><time>27-01-21 22:07:59:111</time></pt><pt><x>400</x><y>299</y><time>27-01-21 22:08:00:526</time></pt><pt><x>398</x><y>304</y><time>27-01-21 22:08:00:683</time></pt><pt><x>398</x><y>309</y><time>27-01-21 22:08:00:839</time></pt><pt><x>399</x><y>314</y><time>27-01-21 22:08:01:036</time></pt><pt><x>402</x><y>315</y><time>27-01-21 22:08:01:272</time></pt><pt><x>404</x><y>315</y><time>27-01-21 22:08:01:405</time></pt><pt><x>406</x><y>316</y><time>27-01-21 22:08:01:548</time></pt><pt><x>408</x><y>318</y><time>27-01-21 22:08:01:735</time></pt><pt><x>411</x><y>319</y><time>27-01-21 22:08:01:948</time></pt><pt><x>427</x><y>318</y><time>27-01-21 22:08:08:563</time></pt><pt><x>426</x><y>314</y><time>27-01-21 22:08:08:908</time></pt><pt><x>425</x><y>312</y><time>27-01-21 22:08:09:063</time></pt><pt><x>423</x><y>308</y><time>27-01-21 22:08:09:269</time></pt><pt><x>416</x><y>300</y><time>27-01-21 22:08:09:841</time></pt><pt><x>414</x><y>294</y><time>27-01-21 22:08:10:220</time></pt><pt><x>414</x><y>291</y><time>27-01-21 22:08:10:383</time></pt><pt><x>415</x><y>288</y><time>27-01-21 22:08:10:559</time></pt><pt><x>417</x><y>285</y><time>27-01-21 22:08:10:731</time></pt><pt><x>417</x><y>282</y><time>27-01-21 22:08:10:892</time></pt><pt><x>416</x><y>277</y><time>27-01-21 22:08:11:043</time></pt><pt><x>417</x><y>267</y><time>27-01-21 22:08:11:430</time></pt><pt><x>420</x><y>240</y><time>27-01-21 22:08:12:873</time></pt><pt><x>418</x><y>238</y><time>27-01-21 22:08:13:117</time></pt><pt><x>418</x><y>236</y><time>27-01-21 22:08:13:243</time></pt><pt><x>418</x><y>233</y><time>27-01-21 22:08:13:377</time></pt><pt><x>420</x><y>228</y><time>27-01-21 22:08:13:613</time></pt><pt><x>422</x><y>221</y><time>27-01-21 22:08:13:871</time></pt><pt><x>423</x><y>208</y><time>27-01-21 22:08:14:320</time></pt><pt><x>430</x><y>173</y><time>27-01-21 22:08:15:711</time></pt><pt><x>430</x><y>170</y><time>27-01-21 22:08:15:912</time></pt><pt><x>431</x><y>167</y><time>27-01-21 22:08:16:071</time></pt><pt><x>431</x><y>162</y><time>27-01-21 22:08:16:228</time></pt><pt><x>430</x><y>156</y><time>27-01-21 22:08:16:424</time></pt><pt><x>429</x><y>143</y><time>27-01-21 22:08:17:108</time></pt><pt><x>430</x><y>141</y><time>27-01-21 22:08:17:343</time></pt><pt><x>430</x><y>138</y><time>27-01-21 22:08:17:516</time></pt><pt><x>430</x><y>132</y><time>27-01-21 22:08:17:698</time></pt><pt><x>429</x><y>121</y><time>27-01-21 22:08:18:167</time></pt><pt><x>432</x><y>128</y><time>27-01-21 22:08:18:639</time></pt><pt><x>436</x><y>148</y><time>27-01-21 22:08:19:205</time></pt><pt><x>438</x><y>157</y><time>27-01-21 22:08:19:472</time></pt><pt><x>438</x><y>162</y><time>27-01-21 22:08:19:647</time></pt><pt><x>438</x><y>165</y><time>27-01-21 22:08:19:800</time></pt><pt><x>438</x><y>168</y><time>27-01-21 22:08:19:952</time></pt><pt><x>437</x><y>172</y><time>27-01-21 22:08:20:123</time></pt><pt><x>437</x><y>180</y><time>27-01-21 22:08:20:398</time></pt><pt><x>437</x><y>184</y><time>27-01-21 22:08:20:627</time></pt><pt><x>439</x><y>187</y><time>27-01-21 22:08:20:823</time></pt><pt><x>443</x><y>187</y><time>27-01-21 22:08:21:011</time></pt><pt><x>448</x><y>184</y><time>27-01-21 22:08:21:301</time></pt><pt><x>449</x><y>178</y><time>27-01-21 22:08:21:640</time></pt><pt><x>450</x><y>174</y><time>27-01-21 22:08:21:805</time></pt><pt><x>449</x><y>169</y><time>27-01-21 22:08:22:011</time></pt><pt><x>449</x><y>164</y><time>27-01-21 22:08:22:217</time></pt><pt><x>451</x><y>160</y><time>27-01-21 22:08:22:434</time></pt><pt><x>453</x><y>157</y><time>27-01-21 22:08:31:145</time></pt><pt><x>453</x><y>152</y><time>27-01-21 22:08:31:506</time></pt><pt><x>452</x><y>142</y><time>27-01-21 22:08:32:064</time></pt><pt><x>450</x><y>119</y><time>27-01-21 22:08:33:061</time></pt><pt><x>448</x><y>90</y><time>27-01-21 22:08:34:313</time></pt><pt><x>443</x><y>73</y><time>27-01-21 22:08:34:774</time></pt><pt><x>440</x><y>65</y><time>27-01-21 22:08:35:406</time></pt><pt><x>432</x><y>60</y><time>27-01-21 22:08:35:803</time></pt><pt><x>420</x><y>54</y><time>27-01-21 22:08:36:716</time></pt><pt><x>414</x><y>53</y><time>27-01-21 22:08:37:234</time></pt><pt><x>412</x><y>51</y><time>27-01-21 22:08:37:547</time></pt><pt><x>412</x><y>47</y><time>27-01-21 22:08:37:790</time></pt><pt><x>414</x><y>42</y><time>27-01-21 22:08:38:099</time></pt><pt><x>415</x><y>36</y><time>27-01-21 22:08:38:472</time></pt><pt><x>416</x><y>33</y><time>27-01-21 22:08:38:836</time></pt><closed_date>27-01-21 22:08:39:248</closed_date></polygon></object></annotation>