<annotation><filename>frame0039.jpg</filename><folder>users/lab605//7hao/human_20210119_4</folder><source><submittedBy>lab605</submittedBy></source><imagesize><nrows>480</nrows><ncols>640</ncols></imagesize><object><name>person</name><deleted>0</deleted><verified>0</verified><occluded>no</occluded><attributes></attributes><parts><hasparts></hasparts><ispartof></ispartof></parts><date>25-01-21 19:51:17:179</date><id>0</id><polygon><username>7hao</username><pt><x>370</x><y>80</y><time>25-01-21 19:49:22:085</time></pt><pt><x>368</x><y>77</y><time>25-01-21 19:49:22:468</time></pt><pt><x>367</x><y>74</y><time>25-01-21 19:49:22:820</time></pt><pt><x>363</x><y>71</y><time>25-01-21 19:49:23:247</time></pt><pt><x>357</x><y>69</y><time>25-01-21 19:49:23:544</time></pt><pt><x>353</x><y>71</y><time>25-01-21 19:49:23:796</time></pt><pt><x>349</x><y>73</y><time>25-01-21 19:49:24:141</time></pt><pt><x>345</x><y>75</y><time>25-01-21 19:49:24:489</time></pt><pt><x>342</x><y>78</y><time>25-01-21 19:49:24:859</time></pt><pt><x>341</x><y>81</y><time>25-01-21 19:49:25:141</time></pt><pt><x>342</x><y>84</y><time>25-01-21 19:49:25:377</time></pt><pt><x>344</x><y>90</y><time>25-01-21 19:49:25:888</time></pt><pt><x>344</x><y>93</y><time>25-01-21 19:49:26:267</time></pt><pt><x>344</x><y>96</y><time>25-01-21 19:49:26:512</time></pt><pt><x>344</x><y>101</y><time>25-01-21 19:49:26:794</time></pt><pt><x>346</x><y>104</y><time>25-01-21 19:49:27:053</time></pt><pt><x>349</x><y>105</y><time>25-01-21 19:49:27:359</time></pt><pt><x>351</x><y>107</y><time>25-01-21 19:49:27:659</time></pt><pt><x>350</x><y>110</y><time>25-01-21 19:49:28:688</time></pt><pt><x>347</x><y>117</y><time>25-01-21 19:49:29:170</time></pt><pt><x>344</x><y>124</y><time>25-01-21 19:49:29:572</time></pt><pt><x>343</x><y>131</y><time>25-01-21 19:49:30:931</time></pt><pt><x>343</x><y>139</y><time>25-01-21 19:49:31:295</time></pt><pt><x>343</x><y>142</y><time>25-01-21 19:49:31:624</time></pt><pt><x>341</x><y>146</y><time>25-01-21 19:49:32:175</time></pt><pt><x>339</x><y>149</y><time>25-01-21 19:49:40:995</time></pt><pt><x>335</x><y>153</y><time>25-01-21 19:49:41:572</time></pt><pt><x>330</x><y>157</y><time>25-01-21 19:49:42:121</time></pt><pt><x>325</x><y>161</y><time>25-01-21 19:49:42:697</time></pt><pt><x>322</x><y>163</y><time>25-01-21 19:49:43:209</time></pt><pt><x>319</x><y>164</y><time>25-01-21 19:49:43:764</time></pt><pt><x>317</x><y>164</y><time>25-01-21 19:49:44:302</time></pt><pt><x>315</x><y>165</y><time>25-01-21 19:49:52:653</time></pt><pt><x>312</x><y>168</y><time>25-01-21 19:49:53:022</time></pt><pt><x>310</x><y>170</y><time>25-01-21 19:49:53:368</time></pt><pt><x>312</x><y>175</y><time>25-01-21 19:49:53:689</time></pt><pt><x>314</x><y>178</y><time>25-01-21 19:49:54:099</time></pt><pt><x>316</x><y>178</y><time>25-01-21 19:49:54:491</time></pt><pt><x>318</x><y>176</y><time>25-01-21 19:49:54:894</time></pt><pt><x>318</x><y>174</y><time>25-01-21 19:49:55:231</time></pt><pt><x>319</x><y>173</y><time>25-01-21 19:49:55:507</time></pt><pt><x>323</x><y>171</y><time>25-01-21 19:49:55:980</time></pt><pt><x>328</x><y>170</y><time>25-01-21 19:49:56:956</time></pt><pt><x>337</x><y>163</y><time>25-01-21 19:49:57:681</time></pt><pt><x>344</x><y>160</y><time>25-01-21 19:49:58:315</time></pt><pt><x>346</x><y>158</y><time>25-01-21 19:49:58:843</time></pt><pt><x>345</x><y>165</y><time>25-01-21 19:50:03:446</time></pt><pt><x>345</x><y>169</y><time>25-01-21 19:50:03:774</time></pt><pt><x>345</x><y>174</y><time>25-01-21 19:50:04:138</time></pt><pt><x>346</x><y>176</y><time>25-01-21 19:50:04:483</time></pt><pt><x>346</x><y>183</y><time>25-01-21 19:50:04:925</time></pt><pt><x>344</x><y>195</y><time>25-01-21 19:50:05:585</time></pt><pt><x>341</x><y>209</y><time>25-01-21 19:50:06:272</time></pt><pt><x>340</x><y>223</y><time>25-01-21 19:50:08:103</time></pt><pt><x>340</x><y>227</y><time>25-01-21 19:50:08:461</time></pt><pt><x>341</x><y>232</y><time>25-01-21 19:50:08:788</time></pt><pt><x>342</x><y>240</y><time>25-01-21 19:50:09:200</time></pt><pt><x>342</x><y>248</y><time>25-01-21 19:50:09:560</time></pt><pt><x>342</x><y>253</y><time>25-01-21 19:50:09:850</time></pt><pt><x>342</x><y>259</y><time>25-01-21 19:50:10:173</time></pt><pt><x>342</x><y>265</y><time>25-01-21 19:50:10:527</time></pt><pt><x>340</x><y>271</y><time>25-01-21 19:50:10:952</time></pt><pt><x>335</x><y>275</y><time>25-01-21 19:50:11:597</time></pt><pt><x>330</x><y>277</y><time>25-01-21 19:50:12:289</time></pt><pt><x>326</x><y>278</y><time>25-01-21 19:50:12:824</time></pt><pt><x>323</x><y>278</y><time>25-01-21 19:50:13:217</time></pt><pt><x>322</x><y>279</y><time>25-01-21 19:50:13:563</time></pt><pt><x>323</x><y>282</y><time>25-01-21 19:50:13:954</time></pt><pt><x>328</x><y>284</y><time>25-01-21 19:50:14:398</time></pt><pt><x>336</x><y>284</y><time>25-01-21 19:50:14:861</time></pt><pt><x>350</x><y>284</y><time>25-01-21 19:50:15:609</time></pt><pt><x>354</x><y>283</y><time>25-01-21 19:50:19:600</time></pt><pt><x>357</x><y>282</y><time>25-01-21 19:50:20:206</time></pt><pt><x>356</x><y>276</y><time>25-01-21 19:50:21:055</time></pt><pt><x>355</x><y>271</y><time>25-01-21 19:50:21:589</time></pt><pt><x>354</x><y>268</y><time>25-01-21 19:50:21:962</time></pt><pt><x>357</x><y>256</y><time>25-01-21 19:50:23:053</time></pt><pt><x>357</x><y>247</y><time>25-01-21 19:50:23:675</time></pt><pt><x>358</x><y>237</y><time>25-01-21 19:50:24:148</time></pt><pt><x>358</x><y>233</y><time>25-01-21 19:50:24:533</time></pt><pt><x>360</x><y>232</y><time>25-01-21 19:50:24:903</time></pt><pt><x>362</x><y>232</y><time>25-01-21 19:50:25:195</time></pt><pt><x>365</x><y>235</y><time>25-01-21 19:50:25:762</time></pt><pt><x>367</x><y>240</y><time>25-01-21 19:50:26:148</time></pt><pt><x>372</x><y>249</y><time>25-01-21 19:50:27:388</time></pt><pt><x>376</x><y>254</y><time>25-01-21 19:50:27:895</time></pt><pt><x>381</x><y>261</y><time>25-01-21 19:50:28:336</time></pt><pt><x>384</x><y>268</y><time>25-01-21 19:50:31:093</time></pt><pt><x>385</x><y>272</y><time>25-01-21 19:50:31:488</time></pt><pt><x>384</x><y>276</y><time>25-01-21 19:50:31:882</time></pt><pt><x>381</x><y>279</y><time>25-01-21 19:50:32:316</time></pt><pt><x>379</x><y>280</y><time>25-01-21 19:50:32:644</time></pt><pt><x>375</x><y>280</y><time>25-01-21 19:50:33:039</time></pt><pt><x>372</x><y>281</y><time>25-01-21 19:50:33:378</time></pt><pt><x>371</x><y>283</y><time>25-01-21 19:50:34:059</time></pt><pt><x>373</x><y>285</y><time>25-01-21 19:50:34:478</time></pt><pt><x>377</x><y>286</y><time>25-01-21 19:50:34:878</time></pt><pt><x>386</x><y>286</y><time>25-01-21 19:50:45:626</time></pt><pt><x>391</x><y>284</y><time>25-01-21 19:50:46:061</time></pt><pt><x>399</x><y>281</y><time>25-01-21 19:50:47:318</time></pt><pt><x>404</x><y>279</y><time>25-01-21 19:50:47:777</time></pt><pt><x>402</x><y>273</y><time>25-01-21 19:50:48:160</time></pt><pt><x>398</x><y>269</y><time>25-01-21 19:50:49:082</time></pt><pt><x>395</x><y>266</y><time>25-01-21 19:50:49:547</time></pt><pt><x>392</x><y>251</y><time>25-01-21 19:50:50:731</time></pt><pt><x>386</x><y>239</y><time>25-01-21 19:50:51:316</time></pt><pt><x>380</x><y>228</y><time>25-01-21 19:50:52:504</time></pt><pt><x>375</x><y>221</y><time>25-01-21 19:50:52:935</time></pt><pt><x>374</x><y>215</y><time>25-01-21 19:50:53:415</time></pt><pt><x>374</x><y>207</y><time>25-01-21 19:50:54:067</time></pt><pt><x>374</x><y>201</y><time>25-01-21 19:50:59:755</time></pt><pt><x>374</x><y>195</y><time>25-01-21 19:51:00:378</time></pt><pt><x>375</x><y>189</y><time>25-01-21 19:51:00:764</time></pt><pt><x>377</x><y>185</y><time>25-01-21 19:51:01:102</time></pt><pt><x>380</x><y>179</y><time>25-01-21 19:51:01:793</time></pt><pt><x>380</x><y>174</y><time>25-01-21 19:51:02:132</time></pt><pt><x>379</x><y>168</y><time>25-01-21 19:51:02:675</time></pt><pt><x>380</x><y>146</y><time>25-01-21 19:51:03:982</time></pt><pt><x>379</x><y>130</y><time>25-01-21 19:51:04:863</time></pt><pt><x>378</x><y>120</y><time>25-01-21 19:51:05:663</time></pt><pt><x>372</x><y>108</y><time>25-01-21 19:51:06:436</time></pt><pt><x>367</x><y>102</y><time>25-01-21 19:51:07:058</time></pt><pt><x>364</x><y>100</y><time>25-01-21 19:51:10:606</time></pt><pt><x>364</x><y>97</y><time>25-01-21 19:51:11:077</time></pt><pt><x>369</x><y>94</y><time>25-01-21 19:51:11:697</time></pt><pt><x>371</x><y>91</y><time>25-01-21 19:51:12:142</time></pt><pt><x>373</x><y>88</y><time>25-01-21 19:51:12:759</time></pt><pt><x>372</x><y>85</y><time>25-01-21 19:51:13:170</time></pt><pt><x>371</x><y>83</y><time>25-01-21 19:51:13:609</time></pt><pt><x>370</x><y>81</y><time>25-01-21 19:51:14:029</time></pt><closed_date>25-01-21 19:51:14:437</closed_date></polygon></object><object><name>person</name><deleted>0</deleted><verified>0</verified><occluded>no</occluded><attributes></attributes><parts><hasparts></hasparts><ispartof></ispartof></parts><date>25-01-21 19:53:01:154</date><id>1</id><polygon><username>7hao</username><pt><x>462</x><y>17</y><time>25-01-21 19:51:31:630</time></pt><pt><x>455</x><y>19</y><time>25-01-21 19:51:32:291</time></pt><pt><x>447</x><y>26</y><time>25-01-21 19:51:32:733</time></pt><pt><x>442</x><y>35</y><time>25-01-21 19:51:33:198</time></pt><pt><x>440</x><y>42</y><time>25-01-21 19:51:33:549</time></pt><pt><x>440</x><y>48</y><time>25-01-21 19:51:34:115</time></pt><pt><x>441</x><y>52</y><time>25-01-21 19:51:34:614</time></pt><pt><x>444</x><y>54</y><time>25-01-21 19:51:35:084</time></pt><pt><x>445</x><y>54</y><time>25-01-21 19:51:35:468</time></pt><pt><x>445</x><y>56</y><time>25-01-21 19:51:35:886</time></pt><pt><x>442</x><y>67</y><time>25-01-21 19:51:37:389</time></pt><pt><x>441</x><y>76</y><time>25-01-21 19:51:37:768</time></pt><pt><x>440</x><y>88</y><time>25-01-21 19:51:38:175</time></pt><pt><x>440</x><y>103</y><time>25-01-21 19:51:38:749</time></pt><pt><x>441</x><y>124</y><time>25-01-21 19:51:39:857</time></pt><pt><x>441</x><y>136</y><time>25-01-21 19:51:40:152</time></pt><pt><x>441</x><y>144</y><time>25-01-21 19:51:40:503</time></pt><pt><x>441</x><y>149</y><time>25-01-21 19:51:40:865</time></pt><pt><x>440</x><y>152</y><time>25-01-21 19:51:41:109</time></pt><pt><x>440</x><y>156</y><time>25-01-21 19:51:41:330</time></pt><pt><x>442</x><y>159</y><time>25-01-21 19:51:41:620</time></pt><pt><x>443</x><y>165</y><time>25-01-21 19:51:41:936</time></pt><pt><x>443</x><y>170</y><time>25-01-21 19:51:42:234</time></pt><pt><x>446</x><y>176</y><time>25-01-21 19:51:42:565</time></pt><pt><x>447</x><y>180</y><time>25-01-21 19:51:42:917</time></pt><pt><x>445</x><y>193</y><time>25-01-21 19:51:44:350</time></pt><pt><x>445</x><y>211</y><time>25-01-21 19:51:44:838</time></pt><pt><x>444</x><y>218</y><time>25-01-21 19:51:45:200</time></pt><pt><x>442</x><y>222</y><time>25-01-21 19:51:45:437</time></pt><pt><x>440</x><y>224</y><time>25-01-21 19:51:45:782</time></pt><pt><x>439</x><y>227</y><time>25-01-21 19:51:46:012</time></pt><pt><x>438</x><y>230</y><time>25-01-21 19:51:46:349</time></pt><pt><x>436</x><y>232</y><time>25-01-21 19:51:46:624</time></pt><pt><x>431</x><y>234</y><time>25-01-21 19:51:49:511</time></pt><pt><x>427</x><y>242</y><time>25-01-21 19:51:49:904</time></pt><pt><x>420</x><y>256</y><time>25-01-21 19:51:50:392</time></pt><pt><x>417</x><y>266</y><time>25-01-21 19:51:50:831</time></pt><pt><x>408</x><y>285</y><time>25-01-21 19:51:51:767</time></pt><pt><x>406</x><y>290</y><time>25-01-21 19:51:52:161</time></pt><pt><x>406</x><y>293</y><time>25-01-21 19:51:52:413</time></pt><pt><x>406</x><y>296</y><time>25-01-21 19:51:52:666</time></pt><pt><x>403</x><y>298</y><time>25-01-21 19:51:52:955</time></pt><pt><x>401</x><y>301</y><time>25-01-21 19:51:53:240</time></pt><pt><x>399</x><y>308</y><time>25-01-21 19:51:54:363</time></pt><pt><x>399</x><y>312</y><time>25-01-21 19:51:54:572</time></pt><pt><x>401</x><y>316</y><time>25-01-21 19:51:54:820</time></pt><pt><x>408</x><y>318</y><time>25-01-21 19:51:55:213</time></pt><pt><x>419</x><y>320</y><time>25-01-21 19:51:55:584</time></pt><pt><x>429</x><y>322</y><time>25-01-21 19:51:56:047</time></pt><pt><x>436</x><y>322</y><time>25-01-21 19:51:56:332</time></pt><pt><x>443</x><y>321</y><time>25-01-21 19:51:56:740</time></pt><pt><x>447</x><y>320</y><time>25-01-21 19:51:57:142</time></pt><pt><x>446</x><y>315</y><time>25-01-21 19:51:57:541</time></pt><pt><x>443</x><y>312</y><time>25-01-21 19:51:57:936</time></pt><pt><x>440</x><y>311</y><time>25-01-21 19:51:58:244</time></pt><pt><x>436</x><y>309</y><time>25-01-21 19:51:58:542</time></pt><pt><x>435</x><y>305</y><time>25-01-21 19:51:58:777</time></pt><pt><x>436</x><y>300</y><time>25-01-21 19:51:59:110</time></pt><pt><x>437</x><y>298</y><time>25-01-21 19:51:59:311</time></pt><pt><x>436</x><y>295</y><time>25-01-21 19:51:59:539</time></pt><pt><x>436</x><y>294</y><time>25-01-21 19:51:59:709</time></pt><pt><x>437</x><y>291</y><time>25-01-21 19:51:59:885</time></pt><pt><x>443</x><y>281</y><time>25-01-21 19:52:00:381</time></pt><pt><x>449</x><y>271</y><time>25-01-21 19:52:00:924</time></pt><pt><x>454</x><y>264</y><time>25-01-21 19:52:01:357</time></pt><pt><x>458</x><y>255</y><time>25-01-21 19:52:04:796</time></pt><pt><x>463</x><y>244</y><time>25-01-21 19:52:05:236</time></pt><pt><x>465</x><y>235</y><time>25-01-21 19:52:05:632</time></pt><pt><x>469</x><y>226</y><time>25-01-21 19:52:06:252</time></pt><pt><x>472</x><y>227</y><time>25-01-21 19:52:06:557</time></pt><pt><x>474</x><y>231</y><time>25-01-21 19:52:06:863</time></pt><pt><x>477</x><y>245</y><time>25-01-21 19:52:07:384</time></pt><pt><x>483</x><y>260</y><time>25-01-21 19:52:07:957</time></pt><pt><x>488</x><y>277</y><time>25-01-21 19:52:08:593</time></pt><pt><x>498</x><y>305</y><time>25-01-21 19:52:10:312</time></pt><pt><x>499</x><y>307</y><time>25-01-21 19:52:10:884</time></pt><pt><x>498</x><y>310</y><time>25-01-21 19:52:11:145</time></pt><pt><x>498</x><y>313</y><time>25-01-21 19:52:11:349</time></pt><pt><x>501</x><y>317</y><time>25-01-21 19:52:11:750</time></pt><pt><x>504</x><y>318</y><time>25-01-21 19:52:12:095</time></pt><pt><x>505</x><y>321</y><time>25-01-21 19:52:12:284</time></pt><pt><x>505</x><y>324</y><time>25-01-21 19:52:12:496</time></pt><pt><x>505</x><y>325</y><time>25-01-21 19:52:12:678</time></pt><pt><x>506</x><y>328</y><time>25-01-21 19:52:13:026</time></pt><pt><x>509</x><y>329</y><time>25-01-21 19:52:13:245</time></pt><pt><x>513</x><y>330</y><time>25-01-21 19:52:13:463</time></pt><pt><x>544</x><y>334</y><time>25-01-21 19:52:16:752</time></pt><pt><x>554</x><y>334</y><time>25-01-21 19:52:17:162</time></pt><pt><x>560</x><y>332</y><time>25-01-21 19:52:17:454</time></pt><pt><x>566</x><y>328</y><time>25-01-21 19:52:17:728</time></pt><pt><x>569</x><y>326</y><time>25-01-21 19:52:17:963</time></pt><pt><x>567</x><y>322</y><time>25-01-21 19:52:18:211</time></pt><pt><x>565</x><y>320</y><time>25-01-21 19:52:22:261</time></pt><pt><x>559</x><y>318</y><time>25-01-21 19:52:22:558</time></pt><pt><x>554</x><y>317</y><time>25-01-21 19:52:22:779</time></pt><pt><x>549</x><y>315</y><time>25-01-21 19:52:23:134</time></pt><pt><x>543</x><y>310</y><time>25-01-21 19:52:23:518</time></pt><pt><x>540</x><y>305</y><time>25-01-21 19:52:24:140</time></pt><pt><x>537</x><y>301</y><time>25-01-21 19:52:24:432</time></pt><pt><x>535</x><y>294</y><time>25-01-21 19:52:24:690</time></pt><pt><x>533</x><y>284</y><time>25-01-21 19:52:25:709</time></pt><pt><x>529</x><y>275</y><time>25-01-21 19:52:26:171</time></pt><pt><x>526</x><y>268</y><time>25-01-21 19:52:26:594</time></pt><pt><x>519</x><y>241</y><time>25-01-21 19:52:27:896</time></pt><pt><x>518</x><y>234</y><time>25-01-21 19:52:28:207</time></pt><pt><x>516</x><y>229</y><time>25-01-21 19:52:28:477</time></pt><pt><x>513</x><y>224</y><time>25-01-21 19:52:28:671</time></pt><pt><x>512</x><y>220</y><time>25-01-21 19:52:28:845</time></pt><pt><x>515</x><y>213</y><time>25-01-21 19:52:29:058</time></pt><pt><x>515</x><y>200</y><time>25-01-21 19:52:29:915</time></pt><pt><x>514</x><y>194</y><time>25-01-21 19:52:30:237</time></pt><pt><x>511</x><y>190</y><time>25-01-21 19:52:30:433</time></pt><pt><x>509</x><y>186</y><time>25-01-21 19:52:35:399</time></pt><pt><x>506</x><y>180</y><time>25-01-21 19:52:35:675</time></pt><pt><x>504</x><y>174</y><time>25-01-21 19:52:35:909</time></pt><pt><x>503</x><y>167</y><time>25-01-21 19:52:36:121</time></pt><pt><x>504</x><y>163</y><time>25-01-21 19:52:36:405</time></pt><pt><x>508</x><y>162</y><time>25-01-21 19:52:36:651</time></pt><pt><x>510</x><y>163</y><time>25-01-21 19:52:36:885</time></pt><pt><x>513</x><y>161</y><time>25-01-21 19:52:37:159</time></pt><pt><x>513</x><y>158</y><time>25-01-21 19:52:37:399</time></pt><pt><x>513</x><y>152</y><time>25-01-21 19:52:37:750</time></pt><pt><x>512</x><y>148</y><time>25-01-21 19:52:38:177</time></pt><pt><x>506</x><y>146</y><time>25-01-21 19:52:38:539</time></pt><pt><x>504</x><y>146</y><time>25-01-21 19:52:38:765</time></pt><pt><x>503</x><y>143</y><time>25-01-21 19:52:39:033</time></pt><pt><x>503</x><y>140</y><time>25-01-21 19:52:39:222</time></pt><pt><x>503</x><y>137</y><time>25-01-21 19:52:39:418</time></pt><pt><x>506</x><y>135</y><time>25-01-21 19:52:39:685</time></pt><pt><x>508</x><y>132</y><time>25-01-21 19:52:40:157</time></pt><pt><x>507</x><y>120</y><time>25-01-21 19:52:43:957</time></pt><pt><x>506</x><y>112</y><time>25-01-21 19:52:44:211</time></pt><pt><x>503</x><y>108</y><time>25-01-21 19:52:44:405</time></pt><pt><x>501</x><y>103</y><time>25-01-21 19:52:44:564</time></pt><pt><x>502</x><y>99</y><time>25-01-21 19:52:44:753</time></pt><pt><x>503</x><y>93</y><time>25-01-21 19:52:44:934</time></pt><pt><x>501</x><y>88</y><time>25-01-21 19:52:45:121</time></pt><pt><x>499</x><y>82</y><time>25-01-21 19:52:45:328</time></pt><pt><x>498</x><y>80</y><time>25-01-21 19:52:45:507</time></pt><pt><x>486</x><y>32</y><time>25-01-21 19:52:47:766</time></pt><pt><x>489</x><y>29</y><time>25-01-21 19:52:48:095</time></pt><pt><x>492</x><y>28</y><time>25-01-21 19:52:48:259</time></pt><pt><x>496</x><y>28</y><time>25-01-21 19:52:48:458</time></pt><pt><x>497</x><y>24</y><time>25-01-21 19:52:48:852</time></pt><pt><x>498</x><y>18</y><time>25-01-21 19:52:49:211</time></pt><pt><x>499</x><y>14</y><time>25-01-21 19:52:50:993</time></pt><pt><x>499</x><y>10</y><time>25-01-21 19:52:51:171</time></pt><pt><x>499</x><y>6</y><time>25-01-21 19:52:51:493</time></pt><pt><x>501</x><y>5</y><time>25-01-21 19:52:51:694</time></pt><pt><x>501</x><y>1</y><time>25-01-21 19:52:52:013</time></pt><pt><x>456</x><y>0</y><time>25-01-21 19:52:55:781</time></pt><pt><x>457</x><y>3</y><time>25-01-21 19:52:56:318</time></pt><pt><x>458</x><y>7</y><time>25-01-21 19:52:56:789</time></pt><pt><x>459</x><y>10</y><time>25-01-21 19:52:57:096</time></pt><pt><x>460</x><y>11</y><time>25-01-21 19:52:57:417</time></pt><pt><x>461</x><y>13</y><time>25-01-21 19:52:57:709</time></pt><pt><x>462</x><y>15</y><time>25-01-21 19:52:58:031</time></pt><closed_date>25-01-21 19:52:58:267</closed_date></polygon></object><object><name>person</name><deleted>0</deleted><verified>0</verified><occluded>no</occluded><attributes></attributes><parts><hasparts></hasparts><ispartof></ispartof></parts><date>25-01-21 19:54:49:944</date><id>2</id><polygon><username>7hao</username><pt><x>552</x><y>46</y><time>25-01-21 19:53:08:006</time></pt><pt><x>548</x><y>45</y><time>25-01-21 19:53:08:481</time></pt><pt><x>543</x><y>45</y><time>25-01-21 19:53:08:844</time></pt><pt><x>538</x><y>47</y><time>25-01-21 19:53:09:111</time></pt><pt><x>533</x><y>51</y><time>25-01-21 19:53:09:388</time></pt><pt><x>531</x><y>54</y><time>25-01-21 19:53:09:567</time></pt><pt><x>530</x><y>57</y><time>25-01-21 19:53:09:835</time></pt><pt><x>531</x><y>58</y><time>25-01-21 19:53:09:946</time></pt><pt><x>531</x><y>60</y><time>25-01-21 19:53:10:195</time></pt><pt><x>532</x><y>67</y><time>25-01-21 19:53:10:504</time></pt><pt><x>532</x><y>73</y><time>25-01-21 19:53:10:804</time></pt><pt><x>534</x><y>76</y><time>25-01-21 19:53:11:062</time></pt><pt><x>537</x><y>78</y><time>25-01-21 19:53:11:322</time></pt><pt><x>537</x><y>79</y><time>25-01-21 19:53:11:501</time></pt><pt><x>537</x><y>81</y><time>25-01-21 19:53:11:724</time></pt><pt><x>535</x><y>81</y><time>25-01-21 19:53:11:944</time></pt><pt><x>533</x><y>83</y><time>25-01-21 19:53:12:156</time></pt><pt><x>531</x><y>85</y><time>25-01-21 19:53:12:327</time></pt><pt><x>530</x><y>88</y><time>25-01-21 19:53:12:637</time></pt><pt><x>530</x><y>91</y><time>25-01-21 19:53:12:873</time></pt><pt><x>528</x><y>92</y><time>25-01-21 19:53:13:076</time></pt><pt><x>525</x><y>94</y><time>25-01-21 19:53:13:271</time></pt><pt><x>522</x><y>95</y><time>25-01-21 19:53:13:448</time></pt><pt><x>520</x><y>100</y><time>25-01-21 19:53:13:727</time></pt><pt><x>517</x><y>111</y><time>25-01-21 19:53:15:248</time></pt><pt><x>516</x><y>122</y><time>25-01-21 19:53:15:647</time></pt><pt><x>513</x><y>142</y><time>25-01-21 19:53:18:545</time></pt><pt><x>513</x><y>147</y><time>25-01-21 19:53:19:133</time></pt><pt><x>514</x><y>151</y><time>25-01-21 19:53:20:023</time></pt><pt><x>514</x><y>155</y><time>25-01-21 19:53:20:882</time></pt><pt><x>514</x><y>159</y><time>25-01-21 19:53:21:981</time></pt><pt><x>514</x><y>162</y><time>25-01-21 19:53:22:730</time></pt><pt><x>513</x><y>163</y><time>25-01-21 19:53:23:358</time></pt><pt><x>514</x><y>166</y><time>25-01-21 19:53:23:822</time></pt><pt><x>515</x><y>168</y><time>25-01-21 19:53:24:200</time></pt><pt><x>516</x><y>171</y><time>25-01-21 19:53:24:491</time></pt><pt><x>517</x><y>173</y><time>25-01-21 19:53:24:744</time></pt><pt><x>517</x><y>176</y><time>25-01-21 19:53:24:949</time></pt><pt><x>517</x><y>180</y><time>25-01-21 19:53:25:192</time></pt><pt><x>519</x><y>189</y><time>25-01-21 19:53:25:766</time></pt><pt><x>522</x><y>199</y><time>25-01-21 19:53:26:286</time></pt><pt><x>526</x><y>206</y><time>25-01-21 19:53:26:750</time></pt><pt><x>528</x><y>209</y><time>25-01-21 19:53:27:112</time></pt><pt><x>530</x><y>209</y><time>25-01-21 19:53:27:468</time></pt><pt><x>531</x><y>210</y><time>25-01-21 19:53:27:884</time></pt><pt><x>532</x><y>212</y><time>25-01-21 19:53:28:153</time></pt><pt><x>534</x><y>218</y><time>25-01-21 19:53:29:827</time></pt><pt><x>536</x><y>226</y><time>25-01-21 19:53:34:411</time></pt><pt><x>536</x><y>229</y><time>25-01-21 19:53:38:825</time></pt><pt><x>536</x><y>235</y><time>25-01-21 19:53:39:148</time></pt><pt><x>537</x><y>241</y><time>25-01-21 19:53:39:479</time></pt><pt><x>540</x><y>254</y><time>25-01-21 19:53:40:236</time></pt><pt><x>543</x><y>261</y><time>25-01-21 19:53:40:651</time></pt><pt><x>544</x><y>265</y><time>25-01-21 19:53:40:927</time></pt><pt><x>545</x><y>269</y><time>25-01-21 19:53:41:129</time></pt><pt><x>542</x><y>270</y><time>25-01-21 19:53:44:111</time></pt><pt><x>538</x><y>272</y><time>25-01-21 19:53:44:340</time></pt><pt><x>536</x><y>274</y><time>25-01-21 19:53:44:522</time></pt><pt><x>535</x><y>277</y><time>25-01-21 19:53:44:751</time></pt><pt><x>534</x><y>278</y><time>25-01-21 19:53:45:120</time></pt><pt><x>531</x><y>278</y><time>25-01-21 19:53:52:457</time></pt><pt><x>533</x><y>282</y><time>25-01-21 19:53:53:323</time></pt><pt><x>534</x><y>285</y><time>25-01-21 19:53:54:315</time></pt><pt><x>534</x><y>286</y><time>25-01-21 19:53:54:985</time></pt><pt><x>537</x><y>287</y><time>25-01-21 19:53:56:195</time></pt><pt><x>543</x><y>287</y><time>25-01-21 19:53:56:872</time></pt><pt><x>560</x><y>286</y><time>25-01-21 19:53:57:579</time></pt><pt><x>560</x><y>281</y><time>25-01-21 19:53:57:989</time></pt><pt><x>559</x><y>279</y><time>25-01-21 19:53:58:241</time></pt><pt><x>559</x><y>276</y><time>25-01-21 19:53:58:508</time></pt><pt><x>557</x><y>271</y><time>25-01-21 19:53:58:853</time></pt><pt><x>554</x><y>263</y><time>25-01-21 19:53:59:309</time></pt><pt><x>554</x><y>259</y><time>25-01-21 19:53:59:594</time></pt><pt><x>554</x><y>252</y><time>25-01-21 19:54:00:190</time></pt><pt><x>555</x><y>247</y><time>25-01-21 19:54:00:813</time></pt><pt><x>555</x><y>235</y><time>25-01-21 19:54:06:327</time></pt><pt><x>554</x><y>228</y><time>25-01-21 19:54:06:831</time></pt><pt><x>552</x><y>226</y><time>25-01-21 19:54:07:091</time></pt><pt><x>552</x><y>223</y><time>25-01-21 19:54:07:389</time></pt><pt><x>552</x><y>220</y><time>25-01-21 19:54:07:744</time></pt><pt><x>554</x><y>221</y><time>25-01-21 19:54:08:138</time></pt><pt><x>556</x><y>225</y><time>25-01-21 19:54:08:475</time></pt><pt><x>564</x><y>241</y><time>25-01-21 19:54:09:702</time></pt><pt><x>568</x><y>248</y><time>25-01-21 19:54:10:222</time></pt><pt><x>570</x><y>253</y><time>25-01-21 19:54:10:567</time></pt><pt><x>571</x><y>256</y><time>25-01-21 19:54:11:101</time></pt><pt><x>573</x><y>260</y><time>25-01-21 19:54:11:504</time></pt><pt><x>573</x><y>263</y><time>25-01-21 19:54:11:817</time></pt><pt><x>573</x><y>266</y><time>25-01-21 19:54:12:062</time></pt><pt><x>569</x><y>270</y><time>25-01-21 19:54:13:320</time></pt><pt><x>569</x><y>275</y><time>25-01-21 19:54:13:555</time></pt><pt><x>568</x><y>280</y><time>25-01-21 19:54:13:878</time></pt><pt><x>566</x><y>283</y><time>25-01-21 19:54:14:114</time></pt><pt><x>564</x><y>286</y><time>25-01-21 19:54:17:356</time></pt><pt><x>564</x><y>288</y><time>25-01-21 19:54:17:583</time></pt><pt><x>565</x><y>289</y><time>25-01-21 19:54:17:773</time></pt><pt><x>568</x><y>289</y><time>25-01-21 19:54:18:008</time></pt><pt><x>574</x><y>289</y><time>25-01-21 19:54:18:322</time></pt><pt><x>588</x><y>283</y><time>25-01-21 19:54:21:377</time></pt><pt><x>591</x><y>280</y><time>25-01-21 19:54:21:746</time></pt><pt><x>590</x><y>276</y><time>25-01-21 19:54:22:004</time></pt><pt><x>589</x><y>272</y><time>25-01-21 19:54:22:240</time></pt><pt><x>585</x><y>266</y><time>25-01-21 19:54:22:527</time></pt><pt><x>583</x><y>264</y><time>25-01-21 19:54:22:722</time></pt><pt><x>582</x><y>262</y><time>25-01-21 19:54:22:924</time></pt><pt><x>580</x><y>257</y><time>25-01-21 19:54:23:168</time></pt><pt><x>579</x><y>246</y><time>25-01-21 19:54:24:398</time></pt><pt><x>577</x><y>236</y><time>25-01-21 19:54:24:750</time></pt><pt><x>574</x><y>226</y><time>25-01-21 19:54:25:489</time></pt><pt><x>571</x><y>221</y><time>25-01-21 19:54:25:710</time></pt><pt><x>568</x><y>218</y><time>25-01-21 19:54:25:930</time></pt><pt><x>566</x><y>214</y><time>25-01-21 19:54:26:134</time></pt><pt><x>566</x><y>208</y><time>25-01-21 19:54:26:448</time></pt><pt><x>568</x><y>204</y><time>25-01-21 19:54:26:726</time></pt><pt><x>569</x><y>202</y><time>25-01-21 19:54:26:898</time></pt><pt><x>571</x><y>199</y><time>25-01-21 19:54:27:700</time></pt><pt><x>572</x><y>182</y><time>25-01-21 19:54:29:252</time></pt><pt><x>571</x><y>174</y><time>25-01-21 19:54:29:604</time></pt><pt><x>572</x><y>169</y><time>25-01-21 19:54:29:840</time></pt><pt><x>574</x><y>164</y><time>25-01-21 19:54:30:201</time></pt><pt><x>574</x><y>160</y><time>25-01-21 19:54:30:424</time></pt><pt><x>573</x><y>158</y><time>25-01-21 19:54:30:569</time></pt><pt><x>576</x><y>152</y><time>25-01-21 19:54:30:855</time></pt><pt><x>584</x><y>137</y><time>25-01-21 19:54:32:436</time></pt><pt><x>586</x><y>127</y><time>25-01-21 19:54:32:828</time></pt><pt><x>587</x><y>119</y><time>25-01-21 19:54:33:191</time></pt><pt><x>587</x><y>103</y><time>25-01-21 19:54:34:032</time></pt><pt><x>584</x><y>91</y><time>25-01-21 19:54:34:458</time></pt><pt><x>579</x><y>84</y><time>25-01-21 19:54:34:961</time></pt><pt><x>574</x><y>81</y><time>25-01-21 19:54:35:432</time></pt><pt><x>569</x><y>80</y><time>25-01-21 19:54:35:833</time></pt><pt><x>568</x><y>78</y><time>25-01-21 19:54:36:164</time></pt><pt><x>565</x><y>76</y><time>25-01-21 19:54:36:532</time></pt><pt><x>561</x><y>76</y><time>25-01-21 19:54:36:866</time></pt><pt><x>557</x><y>77</y><time>25-01-21 19:54:37:210</time></pt><pt><x>556</x><y>77</y><time>25-01-21 19:54:37:579</time></pt><pt><x>555</x><y>75</y><time>25-01-21 19:54:37:909</time></pt><pt><x>557</x><y>71</y><time>25-01-21 19:54:38:373</time></pt><pt><x>558</x><y>68</y><time>25-01-21 19:54:40:177</time></pt><pt><x>560</x><y>63</y><time>25-01-21 19:54:40:538</time></pt><pt><x>560</x><y>59</y><time>25-01-21 19:54:40:734</time></pt><pt><x>559</x><y>56</y><time>25-01-21 19:54:40:905</time></pt><pt><x>559</x><y>50</y><time>25-01-21 19:54:43:761</time></pt><pt><x>555</x><y>47</y><time>25-01-21 19:54:44:290</time></pt><pt><x>554</x><y>47</y><time>25-01-21 19:54:46:083</time></pt><closed_date>25-01-21 19:54:46:539</closed_date></polygon></object></annotation>