<annotation><filename>frame0054.jpg</filename><folder>users/lab605//7hao/human_20210119_4</folder><source><submittedBy>lab605</submittedBy></source><imagesize><nrows>480</nrows><ncols>640</ncols></imagesize><object><name>person</name><deleted>0</deleted><verified>0</verified><occluded>no</occluded><attributes></attributes><parts><hasparts></hasparts><ispartof></ispartof></parts><date>25-01-21 21:21:22:409</date><id>0</id><polygon><username>7hao</username><pt><x>343</x><y>72</y><time>25-01-21 21:20:27:680</time></pt><pt><x>338</x><y>69</y><time>25-01-21 21:20:28:121</time></pt><pt><x>333</x><y>68</y><time>25-01-21 21:20:28:569</time></pt><pt><x>328</x><y>68</y><time>25-01-21 21:20:28:877</time></pt><pt><x>323</x><y>71</y><time>25-01-21 21:20:29:199</time></pt><pt><x>321</x><y>74</y><time>25-01-21 21:20:29:427</time></pt><pt><x>318</x><y>79</y><time>25-01-21 21:20:29:835</time></pt><pt><x>316</x><y>84</y><time>25-01-21 21:20:30:267</time></pt><pt><x>315</x><y>88</y><time>25-01-21 21:20:30:457</time></pt><pt><x>318</x><y>91</y><time>25-01-21 21:20:30:811</time></pt><pt><x>322</x><y>96</y><time>25-01-21 21:20:32:415</time></pt><pt><x>321</x><y>98</y><time>25-01-21 21:20:32:762</time></pt><pt><x>319</x><y>100</y><time>25-01-21 21:20:33:154</time></pt><pt><x>316</x><y>103</y><time>25-01-21 21:20:33:438</time></pt><pt><x>309</x><y>107</y><time>25-01-21 21:20:33:894</time></pt><pt><x>305</x><y>112</y><time>25-01-21 21:20:34:200</time></pt><pt><x>304</x><y>120</y><time>25-01-21 21:20:34:663</time></pt><pt><x>302</x><y>130</y><time>25-01-21 21:20:39:451</time></pt><pt><x>302</x><y>140</y><time>25-01-21 21:20:39:765</time></pt><pt><x>301</x><y>148</y><time>25-01-21 21:20:40:025</time></pt><pt><x>302</x><y>156</y><time>25-01-21 21:20:40:302</time></pt><pt><x>304</x><y>165</y><time>25-01-21 21:20:42:487</time></pt><pt><x>303</x><y>171</y><time>25-01-21 21:20:42:887</time></pt><pt><x>303</x><y>180</y><time>25-01-21 21:20:44:320</time></pt><pt><x>303</x><y>184</y><time>25-01-21 21:20:44:539</time></pt><pt><x>305</x><y>190</y><time>25-01-21 21:20:44:720</time></pt><pt><x>308</x><y>199</y><time>25-01-21 21:20:46:677</time></pt><pt><x>309</x><y>207</y><time>25-01-21 21:20:47:173</time></pt><pt><x>309</x><y>221</y><time>25-01-21 21:20:48:714</time></pt><pt><x>310</x><y>225</y><time>25-01-21 21:20:49:036</time></pt><pt><x>308</x><y>230</y><time>25-01-21 21:20:49:344</time></pt><pt><x>306</x><y>234</y><time>25-01-21 21:20:49:531</time></pt><pt><x>306</x><y>237</y><time>25-01-21 21:20:49:714</time></pt><pt><x>305</x><y>240</y><time>25-01-21 21:20:49:951</time></pt><pt><x>304</x><y>251</y><time>25-01-21 21:20:51:103</time></pt><pt><x>303</x><y>265</y><time>25-01-21 21:20:51:490</time></pt><pt><x>302</x><y>270</y><time>25-01-21 21:20:51:734</time></pt><pt><x>302</x><y>275</y><time>25-01-21 21:20:51:906</time></pt><pt><x>302</x><y>278</y><time>25-01-21 21:20:52:087</time></pt><pt><x>302</x><y>282</y><time>25-01-21 21:20:52:316</time></pt><pt><x>299</x><y>288</y><time>25-01-21 21:20:53:300</time></pt><pt><x>298</x><y>291</y><time>25-01-21 21:20:53:479</time></pt><pt><x>298</x><y>294</y><time>25-01-21 21:20:53:635</time></pt><pt><x>299</x><y>296</y><time>25-01-21 21:20:53:817</time></pt><pt><x>303</x><y>296</y><time>25-01-21 21:20:54:046</time></pt><pt><x>308</x><y>297</y><time>25-01-21 21:20:54:306</time></pt><pt><x>316</x><y>298</y><time>25-01-21 21:20:54:532</time></pt><pt><x>323</x><y>298</y><time>25-01-21 21:20:54:792</time></pt><pt><x>327</x><y>296</y><time>25-01-21 21:20:55:027</time></pt><pt><x>329</x><y>295</y><time>25-01-21 21:20:55:271</time></pt><pt><x>330</x><y>293</y><time>25-01-21 21:20:55:444</time></pt><pt><x>331</x><y>292</y><time>25-01-21 21:20:55:610</time></pt><pt><x>334</x><y>292</y><time>25-01-21 21:20:55:773</time></pt><pt><x>338</x><y>292</y><time>25-01-21 21:20:55:971</time></pt><pt><x>340</x><y>291</y><time>25-01-21 21:20:56:199</time></pt><pt><x>340</x><y>289</y><time>25-01-21 21:20:56:428</time></pt><pt><x>340</x><y>287</y><time>25-01-21 21:20:56:609</time></pt><pt><x>338</x><y>286</y><time>25-01-21 21:20:56:812</time></pt><pt><x>333</x><y>286</y><time>25-01-21 21:20:57:039</time></pt><pt><x>329</x><y>284</y><time>25-01-21 21:20:57:262</time></pt><pt><x>326</x><y>282</y><time>25-01-21 21:20:57:474</time></pt><pt><x>324</x><y>278</y><time>25-01-21 21:20:57:709</time></pt><pt><x>323</x><y>275</y><time>25-01-21 21:20:57:978</time></pt><pt><x>324</x><y>271</y><time>25-01-21 21:20:58:180</time></pt><pt><x>326</x><y>262</y><time>25-01-21 21:20:58:621</time></pt><pt><x>329</x><y>251</y><time>25-01-21 21:21:02:718</time></pt><pt><x>332</x><y>243</y><time>25-01-21 21:21:03:236</time></pt><pt><x>335</x><y>238</y><time>25-01-21 21:21:03:567</time></pt><pt><x>336</x><y>235</y><time>25-01-21 21:21:03:764</time></pt><pt><x>337</x><y>227</y><time>25-01-21 21:21:04:181</time></pt><pt><x>339</x><y>210</y><time>25-01-21 21:21:05:470</time></pt><pt><x>339</x><y>207</y><time>25-01-21 21:21:05:776</time></pt><pt><x>340</x><y>205</y><time>25-01-21 21:21:05:967</time></pt><pt><x>342</x><y>203</y><time>25-01-21 21:21:06:179</time></pt><pt><x>344</x><y>202</y><time>25-01-21 21:21:06:374</time></pt><pt><x>345</x><y>195</y><time>25-01-21 21:21:06:688</time></pt><pt><x>343</x><y>192</y><time>25-01-21 21:21:06:972</time></pt><pt><x>341</x><y>190</y><time>25-01-21 21:21:07:176</time></pt><pt><x>341</x><y>185</y><time>25-01-21 21:21:07:538</time></pt><pt><x>342</x><y>181</y><time>25-01-21 21:21:07:798</time></pt><pt><x>341</x><y>174</y><time>25-01-21 21:21:09:231</time></pt><pt><x>340</x><y>167</y><time>25-01-21 21:21:09:663</time></pt><pt><x>341</x><y>163</y><time>25-01-21 21:21:09:890</time></pt><pt><x>342</x><y>155</y><time>25-01-21 21:21:10:424</time></pt><pt><x>341</x><y>144</y><time>25-01-21 21:21:11:589</time></pt><pt><x>341</x><y>129</y><time>25-01-21 21:21:12:469</time></pt><pt><x>339</x><y>123</y><time>25-01-21 21:21:12:830</time></pt><pt><x>337</x><y>119</y><time>25-01-21 21:21:13:098</time></pt><pt><x>336</x><y>116</y><time>25-01-21 21:21:13:340</time></pt><pt><x>336</x><y>112</y><time>25-01-21 21:21:13:939</time></pt><pt><x>336</x><y>109</y><time>25-01-21 21:21:14:159</time></pt><pt><x>337</x><y>106</y><time>25-01-21 21:21:14:373</time></pt><pt><x>340</x><y>104</y><time>25-01-21 21:21:14:592</time></pt><pt><x>342</x><y>103</y><time>25-01-21 21:21:14:796</time></pt><pt><x>346</x><y>95</y><time>25-01-21 21:21:16:747</time></pt><pt><x>346</x><y>93</y><time>25-01-21 21:21:16:958</time></pt><pt><x>348</x><y>92</y><time>25-01-21 21:21:17:312</time></pt><pt><x>349</x><y>89</y><time>25-01-21 21:21:17:480</time></pt><pt><x>348</x><y>87</y><time>25-01-21 21:21:17:642</time></pt><pt><x>347</x><y>86</y><time>25-01-21 21:21:17:792</time></pt><pt><x>348</x><y>84</y><time>25-01-21 21:21:17:957</time></pt><pt><x>349</x><y>82</y><time>25-01-21 21:21:18:146</time></pt><pt><x>349</x><y>81</y><time>25-01-21 21:21:18:350</time></pt><pt><x>349</x><y>79</y><time>25-01-21 21:21:18:540</time></pt><pt><x>347</x><y>76</y><time>25-01-21 21:21:18:688</time></pt><pt><x>345</x><y>75</y><time>25-01-21 21:21:18:924</time></pt><closed_date>25-01-21 21:21:19:310</closed_date></polygon></object><object><name>person</name><deleted>0</deleted><verified>0</verified><occluded>no</occluded><attributes></attributes><parts><hasparts></hasparts><ispartof></ispartof></parts><date>25-01-21 21:23:01:498</date><id>1</id><polygon><username>7hao</username><pt><x>450</x><y>37</y><time>25-01-21 21:21:27:041</time></pt><pt><x>451</x><y>34</y><time>25-01-21 21:21:27:268</time></pt><pt><x>453</x><y>31</y><time>25-01-21 21:21:27:451</time></pt><pt><x>456</x><y>26</y><time>25-01-21 21:21:27:834</time></pt><pt><x>457</x><y>20</y><time>25-01-21 21:21:28:424</time></pt><pt><x>456</x><y>14</y><time>25-01-21 21:21:28:746</time></pt><pt><x>453</x><y>9</y><time>25-01-21 21:21:29:108</time></pt><pt><x>450</x><y>3</y><time>25-01-21 21:21:30:846</time></pt><pt><x>445</x><y>0</y><time>25-01-21 21:21:31:632</time></pt><pt><x>432</x><y>0</y><time>25-01-21 21:21:33:016</time></pt><pt><x>427</x><y>4</y><time>25-01-21 21:21:33:724</time></pt><pt><x>424</x><y>4</y><time>25-01-21 21:21:33:915</time></pt><pt><x>421</x><y>6</y><time>25-01-21 21:21:34:095</time></pt><pt><x>419</x><y>8</y><time>25-01-21 21:21:34:260</time></pt><pt><x>418</x><y>10</y><time>25-01-21 21:21:34:503</time></pt><pt><x>418</x><y>13</y><time>25-01-21 21:21:34:708</time></pt><pt><x>419</x><y>14</y><time>25-01-21 21:21:34:872</time></pt><pt><x>419</x><y>18</y><time>25-01-21 21:21:35:054</time></pt><pt><x>419</x><y>22</y><time>25-01-21 21:21:35:414</time></pt><pt><x>418</x><y>24</y><time>25-01-21 21:21:35:612</time></pt><pt><x>418</x><y>26</y><time>25-01-21 21:21:35:886</time></pt><pt><x>417</x><y>28</y><time>25-01-21 21:21:36:076</time></pt><pt><x>415</x><y>30</y><time>25-01-21 21:21:36:288</time></pt><pt><x>415</x><y>32</y><time>25-01-21 21:21:36:469</time></pt><pt><x>416</x><y>34</y><time>25-01-21 21:21:36:626</time></pt><pt><x>417</x><y>36</y><time>25-01-21 21:21:36:800</time></pt><pt><x>418</x><y>39</y><time>25-01-21 21:21:36:964</time></pt><pt><x>418</x><y>44</y><time>25-01-21 21:21:37:136</time></pt><pt><x>421</x><y>47</y><time>25-01-21 21:21:37:365</time></pt><pt><x>426</x><y>48</y><time>25-01-21 21:21:37:574</time></pt><pt><x>430</x><y>48</y><time>25-01-21 21:21:38:072</time></pt><pt><x>427</x><y>50</y><time>25-01-21 21:21:38:356</time></pt><pt><x>425</x><y>53</y><time>25-01-21 21:21:38:522</time></pt><pt><x>424</x><y>55</y><time>25-01-21 21:21:38:694</time></pt><pt><x>424</x><y>59</y><time>25-01-21 21:21:38:938</time></pt><pt><x>424</x><y>65</y><time>25-01-21 21:21:39:866</time></pt><pt><x>421</x><y>68</y><time>25-01-21 21:21:40:316</time></pt><pt><x>420</x><y>71</y><time>25-01-21 21:21:40:478</time></pt><pt><x>417</x><y>82</y><time>25-01-21 21:21:41:634</time></pt><pt><x>416</x><y>97</y><time>25-01-21 21:21:42:052</time></pt><pt><x>416</x><y>111</y><time>25-01-21 21:21:42:530</time></pt><pt><x>416</x><y>120</y><time>25-01-21 21:21:43:686</time></pt><pt><x>415</x><y>125</y><time>25-01-21 21:21:43:923</time></pt><pt><x>414</x><y>129</y><time>25-01-21 21:21:44:080</time></pt><pt><x>413</x><y>134</y><time>25-01-21 21:21:44:365</time></pt><pt><x>413</x><y>154</y><time>25-01-21 21:21:45:724</time></pt><pt><x>413</x><y>159</y><time>25-01-21 21:21:45:952</time></pt><pt><x>413</x><y>164</y><time>25-01-21 21:21:46:125</time></pt><pt><x>414</x><y>171</y><time>25-01-21 21:21:46:312</time></pt><pt><x>414</x><y>176</y><time>25-01-21 21:21:46:604</time></pt><pt><x>416</x><y>180</y><time>25-01-21 21:21:46:784</time></pt><pt><x>417</x><y>183</y><time>25-01-21 21:21:46:950</time></pt><pt><x>417</x><y>187</y><time>25-01-21 21:21:47:202</time></pt><pt><x>417</x><y>192</y><time>25-01-21 21:21:47:635</time></pt><pt><x>418</x><y>201</y><time>25-01-21 21:21:48:970</time></pt><pt><x>418</x><y>207</y><time>25-01-21 21:21:49:161</time></pt><pt><x>416</x><y>210</y><time>25-01-21 21:21:49:332</time></pt><pt><x>415</x><y>214</y><time>25-01-21 21:21:49:475</time></pt><pt><x>415</x><y>219</y><time>25-01-21 21:21:49:647</time></pt><pt><x>417</x><y>225</y><time>25-01-21 21:21:49:882</time></pt><pt><x>416</x><y>232</y><time>25-01-21 21:21:50:859</time></pt><pt><x>417</x><y>238</y><time>25-01-21 21:21:57:022</time></pt><pt><x>415</x><y>243</y><time>25-01-21 21:21:57:298</time></pt><pt><x>415</x><y>247</y><time>25-01-21 21:21:57:470</time></pt><pt><x>414</x><y>255</y><time>25-01-21 21:21:57:825</time></pt><pt><x>413</x><y>260</y><time>25-01-21 21:21:58:021</time></pt><pt><x>412</x><y>265</y><time>25-01-21 21:21:58:202</time></pt><pt><x>411</x><y>270</y><time>25-01-21 21:21:58:416</time></pt><pt><x>409</x><y>277</y><time>25-01-21 21:21:58:688</time></pt><pt><x>406</x><y>286</y><time>25-01-21 21:21:59:152</time></pt><pt><x>404</x><y>288</y><time>25-01-21 21:21:59:405</time></pt><pt><x>399</x><y>290</y><time>25-01-21 21:22:02:661</time></pt><pt><x>396</x><y>292</y><time>25-01-21 21:22:02:817</time></pt><pt><x>394</x><y>295</y><time>25-01-21 21:22:02:957</time></pt><pt><x>389</x><y>299</y><time>25-01-21 21:22:03:250</time></pt><pt><x>382</x><y>304</y><time>25-01-21 21:22:03:673</time></pt><pt><x>374</x><y>306</y><time>25-01-21 21:22:04:004</time></pt><pt><x>370</x><y>307</y><time>25-01-21 21:22:04:216</time></pt><pt><x>369</x><y>308</y><time>25-01-21 21:22:04:383</time></pt><pt><x>369</x><y>311</y><time>25-01-21 21:22:04:554</time></pt><pt><x>371</x><y>315</y><time>25-01-21 21:22:08:563</time></pt><pt><x>375</x><y>316</y><time>25-01-21 21:22:08:770</time></pt><pt><x>397</x><y>318</y><time>25-01-21 21:22:09:312</time></pt><pt><x>420</x><y>316</y><time>25-01-21 21:22:09:932</time></pt><pt><x>420</x><y>313</y><time>25-01-21 21:22:10:193</time></pt><pt><x>419</x><y>310</y><time>25-01-21 21:22:10:342</time></pt><pt><x>419</x><y>307</y><time>25-01-21 21:22:10:515</time></pt><pt><x>419</x><y>301</y><time>25-01-21 21:22:10:901</time></pt><pt><x>417</x><y>298</y><time>25-01-21 21:22:11:136</time></pt><pt><x>417</x><y>295</y><time>25-01-21 21:22:11:316</time></pt><pt><x>418</x><y>292</y><time>25-01-21 21:22:11:503</time></pt><pt><x>422</x><y>282</y><time>25-01-21 21:22:12:211</time></pt><pt><x>423</x><y>278</y><time>25-01-21 21:22:12:692</time></pt><pt><x>432</x><y>263</y><time>25-01-21 21:22:15:326</time></pt><pt><x>435</x><y>256</y><time>25-01-21 21:22:15:994</time></pt><pt><x>438</x><y>238</y><time>25-01-21 21:22:17:189</time></pt><pt><x>440</x><y>229</y><time>25-01-21 21:22:17:614</time></pt><pt><x>440</x><y>225</y><time>25-01-21 21:22:18:022</time></pt><pt><x>441</x><y>225</y><time>25-01-21 21:22:18:368</time></pt><pt><x>443</x><y>227</y><time>25-01-21 21:22:18:558</time></pt><pt><x>449</x><y>237</y><time>25-01-21 21:22:19:486</time></pt><pt><x>452</x><y>244</y><time>25-01-21 21:22:19:878</time></pt><pt><x>454</x><y>248</y><time>25-01-21 21:22:20:074</time></pt><pt><x>456</x><y>252</y><time>25-01-21 21:22:20:241</time></pt><pt><x>457</x><y>257</y><time>25-01-21 21:22:20:436</time></pt><pt><x>458</x><y>261</y><time>25-01-21 21:22:20:620</time></pt><pt><x>460</x><y>266</y><time>25-01-21 21:22:20:814</time></pt><pt><x>462</x><y>269</y><time>25-01-21 21:22:21:042</time></pt><pt><x>465</x><y>273</y><time>25-01-21 21:22:21:254</time></pt><pt><x>466</x><y>277</y><time>25-01-21 21:22:21:499</time></pt><pt><x>469</x><y>283</y><time>25-01-21 21:22:22:858</time></pt><pt><x>470</x><y>287</y><time>25-01-21 21:22:23:062</time></pt><pt><x>468</x><y>290</y><time>25-01-21 21:22:23:228</time></pt><pt><x>465</x><y>293</y><time>25-01-21 21:22:23:378</time></pt><pt><x>462</x><y>295</y><time>25-01-21 21:22:23:708</time></pt><pt><x>460</x><y>296</y><time>25-01-21 21:22:23:848</time></pt><pt><x>457</x><y>299</y><time>25-01-21 21:22:24:062</time></pt><pt><x>455</x><y>300</y><time>25-01-21 21:22:24:233</time></pt><pt><x>452</x><y>301</y><time>25-01-21 21:22:24:503</time></pt><pt><x>448</x><y>302</y><time>25-01-21 21:22:24:848</time></pt><pt><x>446</x><y>303</y><time>25-01-21 21:22:25:084</time></pt><pt><x>445</x><y>304</y><time>25-01-21 21:22:25:288</time></pt><pt><x>445</x><y>305</y><time>25-01-21 21:22:25:444</time></pt><pt><x>445</x><y>307</y><time>25-01-21 21:22:25:634</time></pt><pt><x>448</x><y>309</y><time>25-01-21 21:22:25:799</time></pt><pt><x>453</x><y>309</y><time>25-01-21 21:22:25:987</time></pt><pt><x>460</x><y>309</y><time>25-01-21 21:22:26:254</time></pt><pt><x>470</x><y>310</y><time>25-01-21 21:22:26:623</time></pt><pt><x>475</x><y>310</y><time>25-01-21 21:22:26:986</time></pt><pt><x>496</x><y>309</y><time>25-01-21 21:22:28:489</time></pt><pt><x>496</x><y>306</y><time>25-01-21 21:22:28:700</time></pt><pt><x>495</x><y>303</y><time>25-01-21 21:22:28:872</time></pt><pt><x>494</x><y>299</y><time>25-01-21 21:22:29:046</time></pt><pt><x>492</x><y>294</y><time>25-01-21 21:22:29:250</time></pt><pt><x>490</x><y>291</y><time>25-01-21 21:22:29:416</time></pt><pt><x>488</x><y>287</y><time>25-01-21 21:22:29:597</time></pt><pt><x>484</x><y>281</y><time>25-01-21 21:22:29:815</time></pt><pt><x>481</x><y>274</y><time>25-01-21 21:22:30:108</time></pt><pt><x>479</x><y>264</y><time>25-01-21 21:22:31:272</time></pt><pt><x>477</x><y>256</y><time>25-01-21 21:22:31:436</time></pt><pt><x>477</x><y>249</y><time>25-01-21 21:22:31:626</time></pt><pt><x>477</x><y>242</y><time>25-01-21 21:22:31:830</time></pt><pt><x>473</x><y>236</y><time>25-01-21 21:22:32:075</time></pt><pt><x>467</x><y>227</y><time>25-01-21 21:22:32:789</time></pt><pt><x>465</x><y>223</y><time>25-01-21 21:22:33:024</time></pt><pt><x>463</x><y>219</y><time>25-01-21 21:22:33:222</time></pt><pt><x>462</x><y>215</y><time>25-01-21 21:22:33:528</time></pt><pt><x>461</x><y>213</y><time>25-01-21 21:22:33:936</time></pt><pt><x>461</x><y>203</y><time>25-01-21 21:22:36:743</time></pt><pt><x>461</x><y>200</y><time>25-01-21 21:22:36:924</time></pt><pt><x>460</x><y>195</y><time>25-01-21 21:22:37:076</time></pt><pt><x>460</x><y>191</y><time>25-01-21 21:22:37:278</time></pt><pt><x>459</x><y>187</y><time>25-01-21 21:22:37:420</time></pt><pt><x>459</x><y>183</y><time>25-01-21 21:22:37:633</time></pt><pt><x>462</x><y>173</y><time>25-01-21 21:22:37:946</time></pt><pt><x>467</x><y>163</y><time>25-01-21 21:22:38:710</time></pt><pt><x>471</x><y>150</y><time>25-01-21 21:22:42:057</time></pt><pt><x>471</x><y>148</y><time>25-01-21 21:22:42:310</time></pt><pt><x>473</x><y>146</y><time>25-01-21 21:22:42:468</time></pt><pt><x>474</x><y>140</y><time>25-01-21 21:22:42:680</time></pt><pt><x>475</x><y>127</y><time>25-01-21 21:22:43:136</time></pt><pt><x>475</x><y>112</y><time>25-01-21 21:22:47:593</time></pt><pt><x>475</x><y>98</y><time>25-01-21 21:22:48:050</time></pt><pt><x>477</x><y>82</y><time>25-01-21 21:22:50:305</time></pt><pt><x>478</x><y>73</y><time>25-01-21 21:22:50:590</time></pt><pt><x>478</x><y>64</y><time>25-01-21 21:22:50:889</time></pt><pt><x>476</x><y>54</y><time>25-01-21 21:22:55:513</time></pt><pt><x>473</x><y>50</y><time>25-01-21 21:22:55:904</time></pt><pt><x>470</x><y>46</y><time>25-01-21 21:22:56:218</time></pt><pt><x>467</x><y>40</y><time>25-01-21 21:22:56:550</time></pt><pt><x>465</x><y>38</y><time>25-01-21 21:22:56:770</time></pt><pt><x>462</x><y>37</y><time>25-01-21 21:22:56:951</time></pt><pt><x>458</x><y>36</y><time>25-01-21 21:22:57:210</time></pt><pt><x>454</x><y>36</y><time>25-01-21 21:22:57:484</time></pt><pt><x>452</x><y>36</y><time>25-01-21 21:22:57:830</time></pt><closed_date>25-01-21 21:22:58:240</closed_date></polygon></object></annotation>