<annotation><filename>frame0082.jpg</filename><folder>users/lab605//7hao/human_20210119_4</folder><source><submittedBy>lab605</submittedBy></source><imagesize><nrows>480</nrows><ncols>640</ncols></imagesize><object><name>person</name><deleted>0</deleted><verified>0</verified><occluded>no</occluded><attributes></attributes><parts><hasparts></hasparts><ispartof></ispartof></parts><date>26-01-21 15:08:22:589</date><id>0</id><polygon><username>7hao</username><pt><x>143</x><y>0</y><time>26-01-21 15:07:20:605</time></pt><pt><x>135</x><y>4</y><time>26-01-21 15:07:21:335</time></pt><pt><x>130</x><y>8</y><time>26-01-21 15:07:21:719</time></pt><pt><x>126</x><y>17</y><time>26-01-21 15:07:22:089</time></pt><pt><x>121</x><y>31</y><time>26-01-21 15:07:22:592</time></pt><pt><x>120</x><y>43</y><time>26-01-21 15:07:23:048</time></pt><pt><x>119</x><y>54</y><time>26-01-21 15:07:23:519</time></pt><pt><x>117</x><y>75</y><time>26-01-21 15:07:24:665</time></pt><pt><x>117</x><y>86</y><time>26-01-21 15:07:25:012</time></pt><pt><x>118</x><y>95</y><time>26-01-21 15:07:25:342</time></pt><pt><x>122</x><y>105</y><time>26-01-21 15:07:25:790</time></pt><pt><x>127</x><y>114</y><time>26-01-21 15:07:26:206</time></pt><pt><x>128</x><y>119</y><time>26-01-21 15:07:26:569</time></pt><pt><x>128</x><y>121</y><time>26-01-21 15:07:26:765</time></pt><pt><x>129</x><y>126</y><time>26-01-21 15:07:30:286</time></pt><pt><x>131</x><y>128</y><time>26-01-21 15:07:30:586</time></pt><pt><x>133</x><y>131</y><time>26-01-21 15:07:30:763</time></pt><pt><x>133</x><y>132</y><time>26-01-21 15:07:30:992</time></pt><pt><x>135</x><y>134</y><time>26-01-21 15:07:31:181</time></pt><pt><x>136</x><y>134</y><time>26-01-21 15:07:31:329</time></pt><pt><x>137</x><y>137</y><time>26-01-21 15:07:31:608</time></pt><pt><x>137</x><y>145</y><time>26-01-21 15:07:32:024</time></pt><pt><x>137</x><y>152</y><time>26-01-21 15:07:32:298</time></pt><pt><x>138</x><y>155</y><time>26-01-21 15:07:32:446</time></pt><pt><x>139</x><y>159</y><time>26-01-21 15:07:32:714</time></pt><pt><x>141</x><y>174</y><time>26-01-21 15:07:34:089</time></pt><pt><x>142</x><y>183</y><time>26-01-21 15:07:34:387</time></pt><pt><x>143</x><y>188</y><time>26-01-21 15:07:34:535</time></pt><pt><x>143</x><y>193</y><time>26-01-21 15:07:34:747</time></pt><pt><x>144</x><y>196</y><time>26-01-21 15:07:34:930</time></pt><pt><x>145</x><y>200</y><time>26-01-21 15:07:35:133</time></pt><pt><x>146</x><y>207</y><time>26-01-21 15:07:35:589</time></pt><pt><x>147</x><y>212</y><time>26-01-21 15:07:35:899</time></pt><pt><x>147</x><y>215</y><time>26-01-21 15:07:36:054</time></pt><pt><x>146</x><y>218</y><time>26-01-21 15:07:36:265</time></pt><pt><x>139</x><y>232</y><time>26-01-21 15:07:37:397</time></pt><pt><x>136</x><y>241</y><time>26-01-21 15:07:37:688</time></pt><pt><x>135</x><y>254</y><time>26-01-21 15:07:38:018</time></pt><pt><x>136</x><y>270</y><time>26-01-21 15:07:39:064</time></pt><pt><x>136</x><y>279</y><time>26-01-21 15:07:39:267</time></pt><pt><x>135</x><y>284</y><time>26-01-21 15:07:39:432</time></pt><pt><x>134</x><y>290</y><time>26-01-21 15:07:39:708</time></pt><pt><x>132</x><y>294</y><time>26-01-21 15:07:39:888</time></pt><pt><x>131</x><y>296</y><time>26-01-21 15:07:40:046</time></pt><pt><x>129</x><y>302</y><time>26-01-21 15:07:40:282</time></pt><pt><x>128</x><y>306</y><time>26-01-21 15:07:40:462</time></pt><pt><x>127</x><y>311</y><time>26-01-21 15:07:40:776</time></pt><pt><x>125</x><y>319</y><time>26-01-21 15:07:41:271</time></pt><pt><x>124</x><y>322</y><time>26-01-21 15:07:41:452</time></pt><pt><x>123</x><y>325</y><time>26-01-21 15:07:41:681</time></pt><pt><x>128</x><y>327</y><time>26-01-21 15:07:42:002</time></pt><pt><x>140</x><y>329</y><time>26-01-21 15:07:42:372</time></pt><pt><x>146</x><y>329</y><time>26-01-21 15:07:42:613</time></pt><pt><x>148</x><y>326</y><time>26-01-21 15:07:42:943</time></pt><pt><x>149</x><y>319</y><time>26-01-21 15:07:43:220</time></pt><pt><x>149</x><y>307</y><time>26-01-21 15:07:43:565</time></pt><pt><x>150</x><y>297</y><time>26-01-21 15:07:43:872</time></pt><pt><x>150</x><y>291</y><time>26-01-21 15:07:44:068</time></pt><pt><x>150</x><y>282</y><time>26-01-21 15:07:44:320</time></pt><pt><x>157</x><y>261</y><time>26-01-21 15:07:45:097</time></pt><pt><x>162</x><y>251</y><time>26-01-21 15:07:45:506</time></pt><pt><x>166</x><y>229</y><time>26-01-21 15:07:46:715</time></pt><pt><x>168</x><y>225</y><time>26-01-21 15:07:47:064</time></pt><pt><x>170</x><y>222</y><time>26-01-21 15:07:47:227</time></pt><pt><x>170</x><y>222</y><time>26-01-21 15:07:47:517</time></pt><pt><x>172</x><y>226</y><time>26-01-21 15:07:47:722</time></pt><pt><x>172</x><y>232</y><time>26-01-21 15:07:48:024</time></pt><pt><x>170</x><y>242</y><time>26-01-21 15:07:48:524</time></pt><pt><x>166</x><y>256</y><time>26-01-21 15:07:48:979</time></pt><pt><x>166</x><y>262</y><time>26-01-21 15:07:49:254</time></pt><pt><x>166</x><y>269</y><time>26-01-21 15:07:49:514</time></pt><pt><x>168</x><y>286</y><time>26-01-21 15:07:50:787</time></pt><pt><x>167</x><y>297</y><time>26-01-21 15:07:51:008</time></pt><pt><x>165</x><y>305</y><time>26-01-21 15:07:51:180</time></pt><pt><x>164</x><y>311</y><time>26-01-21 15:07:51:511</time></pt><pt><x>162</x><y>314</y><time>26-01-21 15:07:51:686</time></pt><pt><x>160</x><y>317</y><time>26-01-21 15:07:51:952</time></pt><pt><x>158</x><y>320</y><time>26-01-21 15:07:52:108</time></pt><pt><x>157</x><y>328</y><time>26-01-21 15:07:52:328</time></pt><pt><x>157</x><y>338</y><time>26-01-21 15:07:52:697</time></pt><pt><x>158</x><y>341</y><time>26-01-21 15:07:53:049</time></pt><pt><x>166</x><y>341</y><time>26-01-21 15:07:53:326</time></pt><pt><x>175</x><y>340</y><time>26-01-21 15:07:53:693</time></pt><pt><x>196</x><y>334</y><time>26-01-21 15:07:54:332</time></pt><pt><x>203</x><y>333</y><time>26-01-21 15:07:54:911</time></pt><pt><x>203</x><y>329</y><time>26-01-21 15:07:55:163</time></pt><pt><x>201</x><y>324</y><time>26-01-21 15:07:55:361</time></pt><pt><x>197</x><y>321</y><time>26-01-21 15:07:55:579</time></pt><pt><x>189</x><y>318</y><time>26-01-21 15:07:55:958</time></pt><pt><x>185</x><y>314</y><time>26-01-21 15:07:56:186</time></pt><pt><x>181</x><y>311</y><time>26-01-21 15:07:56:437</time></pt><pt><x>180</x><y>308</y><time>26-01-21 15:07:56:665</time></pt><pt><x>182</x><y>300</y><time>26-01-21 15:07:56:940</time></pt><pt><x>189</x><y>282</y><time>26-01-21 15:07:57:473</time></pt><pt><x>196</x><y>261</y><time>26-01-21 15:07:59:086</time></pt><pt><x>196</x><y>248</y><time>26-01-21 15:07:59:493</time></pt><pt><x>196</x><y>238</y><time>26-01-21 15:07:59:840</time></pt><pt><x>197</x><y>226</y><time>26-01-21 15:08:00:209</time></pt><pt><x>198</x><y>220</y><time>26-01-21 15:08:00:416</time></pt><pt><x>202</x><y>210</y><time>26-01-21 15:08:00:854</time></pt><pt><x>206</x><y>208</y><time>26-01-21 15:08:01:106</time></pt><pt><x>210</x><y>208</y><time>26-01-21 15:08:01:326</time></pt><pt><x>213</x><y>203</y><time>26-01-21 15:08:04:577</time></pt><pt><x>215</x><y>195</y><time>26-01-21 15:08:05:003</time></pt><pt><x>221</x><y>177</y><time>26-01-21 15:08:05:592</time></pt><pt><x>227</x><y>160</y><time>26-01-21 15:08:06:715</time></pt><pt><x>231</x><y>148</y><time>26-01-21 15:08:07:495</time></pt><pt><x>233</x><y>143</y><time>26-01-21 15:08:07:799</time></pt><pt><x>234</x><y>141</y><time>26-01-21 15:08:07:981</time></pt><pt><x>236</x><y>138</y><time>26-01-21 15:08:08:304</time></pt><pt><x>237</x><y>136</y><time>26-01-21 15:08:08:516</time></pt><pt><x>237</x><y>133</y><time>26-01-21 15:08:08:695</time></pt><pt><x>237</x><y>131</y><time>26-01-21 15:08:08:870</time></pt><pt><x>238</x><y>128</y><time>26-01-21 15:08:09:073</time></pt><pt><x>240</x><y>124</y><time>26-01-21 15:08:09:434</time></pt><pt><x>241</x><y>119</y><time>26-01-21 15:08:09:756</time></pt><pt><x>242</x><y>89</y><time>26-01-21 15:08:11:234</time></pt><pt><x>240</x><y>61</y><time>26-01-21 15:08:11:918</time></pt><pt><x>238</x><y>41</y><time>26-01-21 15:08:12:680</time></pt><pt><x>232</x><y>23</y><time>26-01-21 15:08:13:500</time></pt><pt><x>225</x><y>11</y><time>26-01-21 15:08:15:619</time></pt><pt><x>218</x><y>5</y><time>26-01-21 15:08:16:163</time></pt><pt><x>214</x><y>3</y><time>26-01-21 15:08:16:619</time></pt><pt><x>213</x><y>1</y><time>26-01-21 15:08:17:033</time></pt><pt><x>212</x><y>0</y><time>26-01-21 15:08:17:458</time></pt><closed_date>26-01-21 15:08:20:371</closed_date></polygon></object><object><name>person</name><deleted>0</deleted><verified>0</verified><occluded>no</occluded><attributes></attributes><parts><hasparts></hasparts><ispartof></ispartof></parts><date>26-01-21 15:09:26:055</date><id>1</id><polygon><username>7hao</username><pt><x>397</x><y>56</y><time>26-01-21 15:08:26:751</time></pt><pt><x>396</x><y>52</y><time>26-01-21 15:08:27:109</time></pt><pt><x>395</x><y>50</y><time>26-01-21 15:08:27:353</time></pt><pt><x>388</x><y>46</y><time>26-01-21 15:08:27:670</time></pt><pt><x>382</x><y>45</y><time>26-01-21 15:08:27:959</time></pt><pt><x>376</x><y>46</y><time>26-01-21 15:08:28:155</time></pt><pt><x>372</x><y>48</y><time>26-01-21 15:08:28:391</time></pt><pt><x>368</x><y>51</y><time>26-01-21 15:08:28:789</time></pt><pt><x>367</x><y>54</y><time>26-01-21 15:08:29:028</time></pt><pt><x>367</x><y>57</y><time>26-01-21 15:08:29:262</time></pt><pt><x>367</x><y>60</y><time>26-01-21 15:08:29:632</time></pt><pt><x>366</x><y>63</y><time>26-01-21 15:08:29:889</time></pt><pt><x>365</x><y>65</y><time>26-01-21 15:08:30:102</time></pt><pt><x>365</x><y>66</y><time>26-01-21 15:08:30:307</time></pt><pt><x>366</x><y>69</y><time>26-01-21 15:08:30:597</time></pt><pt><x>369</x><y>73</y><time>26-01-21 15:08:31:015</time></pt><pt><x>371</x><y>75</y><time>26-01-21 15:08:31:217</time></pt><pt><x>374</x><y>77</y><time>26-01-21 15:08:31:394</time></pt><pt><x>376</x><y>80</y><time>26-01-21 15:08:31:588</time></pt><pt><x>377</x><y>82</y><time>26-01-21 15:08:31:815</time></pt><pt><x>377</x><y>85</y><time>26-01-21 15:08:32:106</time></pt><pt><x>375</x><y>87</y><time>26-01-21 15:08:32:476</time></pt><pt><x>371</x><y>88</y><time>26-01-21 15:08:32:714</time></pt><pt><x>365</x><y>89</y><time>26-01-21 15:08:32:994</time></pt><pt><x>360</x><y>89</y><time>26-01-21 15:08:33:277</time></pt><pt><x>355</x><y>89</y><time>26-01-21 15:08:33:733</time></pt><pt><x>354</x><y>84</y><time>26-01-21 15:08:34:442</time></pt><pt><x>355</x><y>79</y><time>26-01-21 15:08:34:786</time></pt><pt><x>358</x><y>75</y><time>26-01-21 15:08:35:054</time></pt><pt><x>361</x><y>71</y><time>26-01-21 15:08:35:320</time></pt><pt><x>364</x><y>68</y><time>26-01-21 15:08:35:917</time></pt><pt><x>364</x><y>64</y><time>26-01-21 15:08:36:639</time></pt><pt><x>365</x><y>61</y><time>26-01-21 15:08:37:119</time></pt><pt><x>366</x><y>57</y><time>26-01-21 15:08:37:621</time></pt><pt><x>366</x><y>54</y><time>26-01-21 15:08:38:188</time></pt><pt><x>364</x><y>53</y><time>26-01-21 15:08:38:480</time></pt><pt><x>362</x><y>53</y><time>26-01-21 15:08:38:761</time></pt><pt><x>358</x><y>57</y><time>26-01-21 15:08:39:139</time></pt><pt><x>357</x><y>59</y><time>26-01-21 15:08:39:320</time></pt><pt><x>356</x><y>64</y><time>26-01-21 15:08:39:549</time></pt><pt><x>354</x><y>66</y><time>26-01-21 15:08:39:809</time></pt><pt><x>352</x><y>68</y><time>26-01-21 15:08:39:941</time></pt><pt><x>350</x><y>70</y><time>26-01-21 15:08:40:167</time></pt><pt><x>344</x><y>77</y><time>26-01-21 15:08:40:491</time></pt><pt><x>338</x><y>90</y><time>26-01-21 15:08:41:018</time></pt><pt><x>334</x><y>96</y><time>26-01-21 15:08:41:393</time></pt><pt><x>333</x><y>100</y><time>26-01-21 15:08:41:661</time></pt><pt><x>334</x><y>107</y><time>26-01-21 15:08:42:023</time></pt><pt><x>339</x><y>109</y><time>26-01-21 15:08:42:265</time></pt><pt><x>348</x><y>112</y><time>26-01-21 15:08:42:695</time></pt><pt><x>355</x><y>113</y><time>26-01-21 15:08:43:008</time></pt><pt><x>358</x><y>115</y><time>26-01-21 15:08:43:201</time></pt><pt><x>360</x><y>117</y><time>26-01-21 15:08:43:501</time></pt><pt><x>360</x><y>122</y><time>26-01-21 15:08:43:797</time></pt><pt><x>359</x><y>159</y><time>26-01-21 15:08:45:217</time></pt><pt><x>360</x><y>168</y><time>26-01-21 15:08:45:614</time></pt><pt><x>360</x><y>171</y><time>26-01-21 15:08:45:803</time></pt><pt><x>357</x><y>189</y><time>26-01-21 15:08:46:909</time></pt><pt><x>357</x><y>203</y><time>26-01-21 15:08:47:336</time></pt><pt><x>358</x><y>211</y><time>26-01-21 15:08:47:565</time></pt><pt><x>360</x><y>226</y><time>26-01-21 15:08:48:009</time></pt><pt><x>362</x><y>232</y><time>26-01-21 15:08:48:303</time></pt><pt><x>361</x><y>237</y><time>26-01-21 15:08:48:483</time></pt><pt><x>360</x><y>242</y><time>26-01-21 15:08:48:749</time></pt><pt><x>357</x><y>251</y><time>26-01-21 15:08:49:809</time></pt><pt><x>357</x><y>260</y><time>26-01-21 15:08:50:054</time></pt><pt><x>358</x><y>266</y><time>26-01-21 15:08:50:188</time></pt><pt><x>357</x><y>275</y><time>26-01-21 15:08:50:469</time></pt><pt><x>356</x><y>278</y><time>26-01-21 15:08:50:667</time></pt><pt><x>356</x><y>281</y><time>26-01-21 15:08:50:824</time></pt><pt><x>357</x><y>286</y><time>26-01-21 15:08:51:044</time></pt><pt><x>357</x><y>289</y><time>26-01-21 15:08:51:266</time></pt><pt><x>354</x><y>297</y><time>26-01-21 15:08:51:743</time></pt><pt><x>351</x><y>300</y><time>26-01-21 15:08:51:979</time></pt><pt><x>350</x><y>303</y><time>26-01-21 15:08:52:135</time></pt><pt><x>349</x><y>307</y><time>26-01-21 15:08:52:342</time></pt><pt><x>353</x><y>309</y><time>26-01-21 15:08:52:623</time></pt><pt><x>362</x><y>309</y><time>26-01-21 15:08:52:938</time></pt><pt><x>367</x><y>309</y><time>26-01-21 15:08:53:260</time></pt><pt><x>369</x><y>307</y><time>26-01-21 15:08:53:504</time></pt><pt><x>370</x><y>303</y><time>26-01-21 15:08:53:857</time></pt><pt><x>370</x><y>297</y><time>26-01-21 15:08:54:101</time></pt><pt><x>370</x><y>290</y><time>26-01-21 15:08:54:423</time></pt><pt><x>373</x><y>279</y><time>26-01-21 15:08:54:840</time></pt><pt><x>375</x><y>263</y><time>26-01-21 15:08:55:288</time></pt><pt><x>378</x><y>244</y><time>26-01-21 15:08:55:993</time></pt><pt><x>381</x><y>236</y><time>26-01-21 15:08:56:320</time></pt><pt><x>382</x><y>220</y><time>26-01-21 15:08:57:303</time></pt><pt><x>384</x><y>217</y><time>26-01-21 15:08:57:796</time></pt><pt><x>384</x><y>221</y><time>26-01-21 15:08:58:022</time></pt><pt><x>383</x><y>230</y><time>26-01-21 15:08:58:431</time></pt><pt><x>384</x><y>238</y><time>26-01-21 15:08:58:713</time></pt><pt><x>385</x><y>251</y><time>26-01-21 15:08:59:098</time></pt><pt><x>385</x><y>265</y><time>26-01-21 15:08:59:532</time></pt><pt><x>384</x><y>274</y><time>26-01-21 15:08:59:868</time></pt><pt><x>385</x><y>284</y><time>26-01-21 15:09:00:199</time></pt><pt><x>386</x><y>286</y><time>26-01-21 15:09:00:340</time></pt><pt><x>387</x><y>290</y><time>26-01-21 15:09:00:639</time></pt><pt><x>388</x><y>293</y><time>26-01-21 15:09:00:813</time></pt><pt><x>388</x><y>297</y><time>26-01-21 15:09:00:983</time></pt><pt><x>387</x><y>302</y><time>26-01-21 15:09:01:311</time></pt><pt><x>386</x><y>305</y><time>26-01-21 15:09:01:496</time></pt><pt><x>389</x><y>306</y><time>26-01-21 15:09:01:778</time></pt><pt><x>392</x><y>306</y><time>26-01-21 15:09:01:965</time></pt><pt><x>396</x><y>308</y><time>26-01-21 15:09:02:201</time></pt><pt><x>403</x><y>309</y><time>26-01-21 15:09:02:486</time></pt><pt><x>409</x><y>309</y><time>26-01-21 15:09:02:855</time></pt><pt><x>411</x><y>307</y><time>26-01-21 15:09:03:192</time></pt><pt><x>410</x><y>303</y><time>26-01-21 15:09:03:403</time></pt><pt><x>407</x><y>300</y><time>26-01-21 15:09:03:631</time></pt><pt><x>404</x><y>297</y><time>26-01-21 15:09:03:907</time></pt><pt><x>402</x><y>292</y><time>26-01-21 15:09:04:151</time></pt><pt><x>400</x><y>286</y><time>26-01-21 15:09:04:441</time></pt><pt><x>402</x><y>281</y><time>26-01-21 15:09:04:653</time></pt><pt><x>403</x><y>266</y><time>26-01-21 15:09:05:110</time></pt><pt><x>403</x><y>248</y><time>26-01-21 15:09:05:667</time></pt><pt><x>404</x><y>238</y><time>26-01-21 15:09:06:169</time></pt><pt><x>406</x><y>228</y><time>26-01-21 15:09:06:665</time></pt><pt><x>410</x><y>200</y><time>26-01-21 15:09:07:907</time></pt><pt><x>411</x><y>185</y><time>26-01-21 15:09:08:639</time></pt><pt><x>412</x><y>180</y><time>26-01-21 15:09:09:094</time></pt><pt><x>412</x><y>170</y><time>26-01-21 15:09:09:919</time></pt><pt><x>412</x><y>165</y><time>26-01-21 15:09:10:162</time></pt><pt><x>411</x><y>160</y><time>26-01-21 15:09:10:406</time></pt><pt><x>411</x><y>157</y><time>26-01-21 15:09:10:634</time></pt><pt><x>411</x><y>152</y><time>26-01-21 15:09:10:856</time></pt><pt><x>411</x><y>141</y><time>26-01-21 15:09:12:197</time></pt><pt><x>414</x><y>155</y><time>26-01-21 15:09:12:921</time></pt><pt><x>415</x><y>163</y><time>26-01-21 15:09:13:347</time></pt><pt><x>415</x><y>168</y><time>26-01-21 15:09:13:552</time></pt><pt><x>415</x><y>174</y><time>26-01-21 15:09:13:761</time></pt><pt><x>416</x><y>177</y><time>26-01-21 15:09:13:958</time></pt><pt><x>414</x><y>181</y><time>26-01-21 15:09:14:202</time></pt><pt><x>413</x><y>185</y><time>26-01-21 15:09:14:525</time></pt><pt><x>413</x><y>191</y><time>26-01-21 15:09:15:114</time></pt><pt><x>413</x><y>193</y><time>26-01-21 15:09:15:223</time></pt><pt><x>414</x><y>196</y><time>26-01-21 15:09:15:563</time></pt><pt><x>417</x><y>197</y><time>26-01-21 15:09:15:798</time></pt><pt><x>421</x><y>196</y><time>26-01-21 15:09:16:031</time></pt><pt><x>423</x><y>190</y><time>26-01-21 15:09:16:334</time></pt><pt><x>423</x><y>185</y><time>26-01-21 15:09:16:574</time></pt><pt><x>425</x><y>180</y><time>26-01-21 15:09:16:825</time></pt><pt><x>426</x><y>175</y><time>26-01-21 15:09:17:013</time></pt><pt><x>428</x><y>169</y><time>26-01-21 15:09:17:274</time></pt><pt><x>429</x><y>151</y><time>26-01-21 15:09:17:848</time></pt><pt><x>425</x><y>115</y><time>26-01-21 15:09:18:902</time></pt><pt><x>421</x><y>99</y><time>26-01-21 15:09:19:363</time></pt><pt><x>416</x><y>93</y><time>26-01-21 15:09:20:015</time></pt><pt><x>408</x><y>89</y><time>26-01-21 15:09:20:433</time></pt><pt><x>401</x><y>88</y><time>26-01-21 15:09:20:708</time></pt><pt><x>397</x><y>86</y><time>26-01-21 15:09:20:991</time></pt><pt><x>396</x><y>83</y><time>26-01-21 15:09:21:249</time></pt><pt><x>397</x><y>78</y><time>26-01-21 15:09:21:509</time></pt><pt><x>399</x><y>73</y><time>26-01-21 15:09:21:832</time></pt><pt><x>398</x><y>66</y><time>26-01-21 15:09:22:444</time></pt><pt><x>397</x><y>64</y><time>26-01-21 15:09:22:712</time></pt><pt><x>397</x><y>61</y><time>26-01-21 15:09:22:926</time></pt><pt><x>396</x><y>58</y><time>26-01-21 15:09:23:253</time></pt><closed_date>26-01-21 15:09:23:559</closed_date></polygon></object><object><name>person</name><deleted>0</deleted><verified>0</verified><occluded>no</occluded><attributes></attributes><parts><hasparts></hasparts><ispartof></ispartof></parts><date>26-01-21 15:10:23:706</date><id>2</id><polygon><username>7hao</username><pt><x>598</x><y>0</y><time>26-01-21 15:09:30:417</time></pt><pt><x>599</x><y>3</y><time>26-01-21 15:09:30:744</time></pt><pt><x>601</x><y>6</y><time>26-01-21 15:09:31:003</time></pt><pt><x>602</x><y>8</y><time>26-01-21 15:09:31:178</time></pt><pt><x>602</x><y>10</y><time>26-01-21 15:09:31:411</time></pt><pt><x>602</x><y>11</y><time>26-01-21 15:09:31:578</time></pt><pt><x>600</x><y>13</y><time>26-01-21 15:09:31:741</time></pt><pt><x>597</x><y>15</y><time>26-01-21 15:09:31:900</time></pt><pt><x>595</x><y>18</y><time>26-01-21 15:09:32:127</time></pt><pt><x>594</x><y>22</y><time>26-01-21 15:09:32:300</time></pt><pt><x>594</x><y>26</y><time>26-01-21 15:09:32:479</time></pt><pt><x>591</x><y>29</y><time>26-01-21 15:09:32:731</time></pt><pt><x>585</x><y>32</y><time>26-01-21 15:09:32:960</time></pt><pt><x>577</x><y>37</y><time>26-01-21 15:09:33:235</time></pt><pt><x>574</x><y>41</y><time>26-01-21 15:09:33:423</time></pt><pt><x>571</x><y>47</y><time>26-01-21 15:09:33:729</time></pt><pt><x>568</x><y>59</y><time>26-01-21 15:09:34:092</time></pt><pt><x>564</x><y>73</y><time>26-01-21 15:09:34:586</time></pt><pt><x>560</x><y>86</y><time>26-01-21 15:09:35:042</time></pt><pt><x>554</x><y>102</y><time>26-01-21 15:09:42:492</time></pt><pt><x>546</x><y>114</y><time>26-01-21 15:09:42:971</time></pt><pt><x>540</x><y>128</y><time>26-01-21 15:09:43:445</time></pt><pt><x>533</x><y>138</y><time>26-01-21 15:09:43:883</time></pt><pt><x>531</x><y>144</y><time>26-01-21 15:09:44:134</time></pt><pt><x>529</x><y>149</y><time>26-01-21 15:09:44:463</time></pt><pt><x>527</x><y>152</y><time>26-01-21 15:09:44:755</time></pt><pt><x>524</x><y>157</y><time>26-01-21 15:09:45:005</time></pt><pt><x>524</x><y>163</y><time>26-01-21 15:09:45:225</time></pt><pt><x>526</x><y>170</y><time>26-01-21 15:09:45:493</time></pt><pt><x>531</x><y>174</y><time>26-01-21 15:09:45:769</time></pt><pt><x>537</x><y>174</y><time>26-01-21 15:09:46:050</time></pt><pt><x>539</x><y>168</y><time>26-01-21 15:09:46:340</time></pt><pt><x>540</x><y>163</y><time>26-01-21 15:09:46:561</time></pt><pt><x>543</x><y>156</y><time>26-01-21 15:09:46:876</time></pt><pt><x>551</x><y>145</y><time>26-01-21 15:09:47:245</time></pt><pt><x>561</x><y>132</y><time>26-01-21 15:09:47:654</time></pt><pt><x>570</x><y>120</y><time>26-01-21 15:09:48:047</time></pt><pt><x>576</x><y>108</y><time>26-01-21 15:09:48:438</time></pt><pt><x>581</x><y>98</y><time>26-01-21 15:09:48:841</time></pt><pt><x>582</x><y>102</y><time>26-01-21 15:09:50:090</time></pt><pt><x>581</x><y>108</y><time>26-01-21 15:09:50:349</time></pt><pt><x>578</x><y>113</y><time>26-01-21 15:09:50:521</time></pt><pt><x>576</x><y>120</y><time>26-01-21 15:09:50:733</time></pt><pt><x>576</x><y>125</y><time>26-01-21 15:09:50:907</time></pt><pt><x>578</x><y>132</y><time>26-01-21 15:09:51:160</time></pt><pt><x>578</x><y>136</y><time>26-01-21 15:09:51:389</time></pt><pt><x>578</x><y>138</y><time>26-01-21 15:09:51:535</time></pt><pt><x>579</x><y>143</y><time>26-01-21 15:09:51:695</time></pt><pt><x>579</x><y>146</y><time>26-01-21 15:09:51:841</time></pt><pt><x>578</x><y>152</y><time>26-01-21 15:09:52:110</time></pt><pt><x>577</x><y>157</y><time>26-01-21 15:09:52:329</time></pt><pt><x>575</x><y>165</y><time>26-01-21 15:09:52:603</time></pt><pt><x>576</x><y>169</y><time>26-01-21 15:09:52:785</time></pt><pt><x>579</x><y>173</y><time>26-01-21 15:09:53:005</time></pt><pt><x>581</x><y>177</y><time>26-01-21 15:09:53:249</time></pt><pt><x>582</x><y>211</y><time>26-01-21 15:09:54:647</time></pt><pt><x>584</x><y>220</y><time>26-01-21 15:09:54:955</time></pt><pt><x>586</x><y>229</y><time>26-01-21 15:09:55:259</time></pt><pt><x>588</x><y>238</y><time>26-01-21 15:09:55:565</time></pt><pt><x>588</x><y>245</y><time>26-01-21 15:09:55:780</time></pt><pt><x>589</x><y>270</y><time>26-01-21 15:09:57:248</time></pt><pt><x>590</x><y>281</y><time>26-01-21 15:09:57:483</time></pt><pt><x>592</x><y>290</y><time>26-01-21 15:09:57:687</time></pt><pt><x>596</x><y>299</y><time>26-01-21 15:09:57:940</time></pt><pt><x>600</x><y>305</y><time>26-01-21 15:09:58:279</time></pt><pt><x>602</x><y>311</y><time>26-01-21 15:09:58:522</time></pt><pt><x>602</x><y>317</y><time>26-01-21 15:09:58:709</time></pt><pt><x>597</x><y>320</y><time>26-01-21 15:10:00:155</time></pt><pt><x>592</x><y>324</y><time>26-01-21 15:10:00:377</time></pt><pt><x>589</x><y>326</y><time>26-01-21 15:10:00:563</time></pt><pt><x>584</x><y>327</y><time>26-01-21 15:10:00:981</time></pt><pt><x>577</x><y>328</y><time>26-01-21 15:10:01:293</time></pt><pt><x>573</x><y>329</y><time>26-01-21 15:10:01:586</time></pt><pt><x>571</x><y>332</y><time>26-01-21 15:10:01:789</time></pt><pt><x>573</x><y>337</y><time>26-01-21 15:10:01:994</time></pt><pt><x>579</x><y>338</y><time>26-01-21 15:10:02:213</time></pt><pt><x>597</x><y>341</y><time>26-01-21 15:10:02:613</time></pt><pt><x>616</x><y>341</y><time>26-01-21 15:10:03:031</time></pt><pt><x>628</x><y>341</y><time>26-01-21 15:10:03:400</time></pt><pt><x>636</x><y>340</y><time>26-01-21 15:10:04:311</time></pt><pt><x>636</x><y>337</y><time>26-01-21 15:10:04:616</time></pt><pt><x>634</x><y>333</y><time>26-01-21 15:10:04:939</time></pt><pt><x>634</x><y>329</y><time>26-01-21 15:10:05:155</time></pt><pt><x>637</x><y>324</y><time>26-01-21 15:10:08:901</time></pt><pt><x>638</x><y>318</y><time>26-01-21 15:10:09:301</time></pt><pt><x>637</x><y>314</y><time>26-01-21 15:10:09:569</time></pt><pt><x>635</x><y>306</y><time>26-01-21 15:10:10:047</time></pt><pt><x>634</x><y>300</y><time>26-01-21 15:10:10:385</time></pt><pt><x>633</x><y>267</y><time>26-01-21 15:10:12:014</time></pt><pt><x>633</x><y>262</y><time>26-01-21 15:10:12:556</time></pt><pt><x>635</x><y>265</y><time>26-01-21 15:10:13:003</time></pt><pt><x>637</x><y>268</y><time>26-01-21 15:10:13:200</time></pt><pt><x>639</x><y>272</y><time>26-01-21 15:10:13:514</time></pt><pt><x>640</x><y>274</y><time>26-01-21 15:10:13:764</time></pt><pt><x>640</x><y>3</y><time>26-01-21 15:10:17:028</time></pt><pt><x>635</x><y>5</y><time>26-01-21 15:10:17:924</time></pt><pt><x>632</x><y>5</y><time>26-01-21 15:10:18:290</time></pt><pt><x>632</x><y>3</y><time>26-01-21 15:10:18:535</time></pt><pt><x>633</x><y>1</y><time>26-01-21 15:10:18:804</time></pt><pt><x>633</x><y>0</y><time>26-01-21 15:10:20:046</time></pt><closed_date>26-01-21 15:10:21:223</closed_date></polygon></object></annotation>