<annotation><filename>frame0015.jpg</filename><folder>users/lab605//7hao/human_20210119_4</folder><source><submittedBy>lab605</submittedBy></source><imagesize><nrows>480</nrows><ncols>640</ncols></imagesize><object><name>person</name><deleted>0</deleted><verified>0</verified><occluded>no</occluded><attributes></attributes><parts><hasparts></hasparts><ispartof></ispartof></parts><date>21-01-21 15:50:42:588</date><id>0</id><polygon><username>7hao</username><pt><x>246</x><y>80</y><time>21-01-21 15:49:26:007</time></pt><pt><x>240</x><y>79</y><time>21-01-21 15:49:26:477</time></pt><pt><x>237</x><y>80</y><time>21-01-21 15:49:26:808</time></pt><pt><x>234</x><y>82</y><time>21-01-21 15:49:27:279</time></pt><pt><x>232</x><y>84</y><time>21-01-21 15:49:27:657</time></pt><pt><x>230</x><y>89</y><time>21-01-21 15:49:28:105</time></pt><pt><x>230</x><y>94</y><time>21-01-21 15:49:28:438</time></pt><pt><x>230</x><y>97</y><time>21-01-21 15:49:28:719</time></pt><pt><x>230</x><y>100</y><time>21-01-21 15:49:29:036</time></pt><pt><x>231</x><y>103</y><time>21-01-21 15:49:29:357</time></pt><pt><x>230</x><y>106</y><time>21-01-21 15:49:29:719</time></pt><pt><x>228</x><y>109</y><time>21-01-21 15:49:30:236</time></pt><pt><x>224</x><y>111</y><time>21-01-21 15:49:30:647</time></pt><pt><x>222</x><y>113</y><time>21-01-21 15:49:31:103</time></pt><pt><x>219</x><y>115</y><time>21-01-21 15:49:31:655</time></pt><pt><x>214</x><y>115</y><time>21-01-21 15:49:36:737</time></pt><pt><x>209</x><y>118</y><time>21-01-21 15:49:37:163</time></pt><pt><x>205</x><y>124</y><time>21-01-21 15:49:37:548</time></pt><pt><x>200</x><y>134</y><time>21-01-21 15:49:38:129</time></pt><pt><x>196</x><y>143</y><time>21-01-21 15:49:38:759</time></pt><pt><x>189</x><y>164</y><time>21-01-21 15:49:40:496</time></pt><pt><x>187</x><y>168</y><time>21-01-21 15:49:41:080</time></pt><pt><x>187</x><y>172</y><time>21-01-21 15:49:41:433</time></pt><pt><x>185</x><y>176</y><time>21-01-21 15:49:41:859</time></pt><pt><x>185</x><y>180</y><time>21-01-21 15:49:42:213</time></pt><pt><x>188</x><y>184</y><time>21-01-21 15:49:42:584</time></pt><pt><x>192</x><y>184</y><time>21-01-21 15:49:42:930</time></pt><pt><x>195</x><y>184</y><time>21-01-21 15:49:43:385</time></pt><pt><x>194</x><y>182</y><time>21-01-21 15:49:43:865</time></pt><pt><x>195</x><y>179</y><time>21-01-21 15:49:44:211</time></pt><pt><x>197</x><y>175</y><time>21-01-21 15:49:44:557</time></pt><pt><x>197</x><y>172</y><time>21-01-21 15:49:45:037</time></pt><pt><x>202</x><y>165</y><time>21-01-21 15:49:49:971</time></pt><pt><x>208</x><y>154</y><time>21-01-21 15:49:51:207</time></pt><pt><x>209</x><y>157</y><time>21-01-21 15:49:52:371</time></pt><pt><x>207</x><y>162</y><time>21-01-21 15:49:52:953</time></pt><pt><x>207</x><y>168</y><time>21-01-21 15:49:53:843</time></pt><pt><x>208</x><y>174</y><time>21-01-21 15:49:54:519</time></pt><pt><x>207</x><y>177</y><time>21-01-21 15:49:54:857</time></pt><pt><x>208</x><y>180</y><time>21-01-21 15:49:55:085</time></pt><pt><x>207</x><y>186</y><time>21-01-21 15:49:55:479</time></pt><pt><x>206</x><y>188</y><time>21-01-21 15:49:55:755</time></pt><pt><x>205</x><y>197</y><time>21-01-21 15:49:57:785</time></pt><pt><x>206</x><y>200</y><time>21-01-21 15:49:58:258</time></pt><pt><x>207</x><y>204</y><time>21-01-21 15:49:58:643</time></pt><pt><x>208</x><y>226</y><time>21-01-21 15:50:01:164</time></pt><pt><x>208</x><y>231</y><time>21-01-21 15:50:01:443</time></pt><pt><x>209</x><y>238</y><time>21-01-21 15:50:01:679</time></pt><pt><x>212</x><y>247</y><time>21-01-21 15:50:02:175</time></pt><pt><x>213</x><y>254</y><time>21-01-21 15:50:02:554</time></pt><pt><x>214</x><y>261</y><time>21-01-21 15:50:02:986</time></pt><pt><x>216</x><y>267</y><time>21-01-21 15:50:03:419</time></pt><pt><x>218</x><y>271</y><time>21-01-21 15:50:03:826</time></pt><pt><x>219</x><y>282</y><time>21-01-21 15:50:05:353</time></pt><pt><x>216</x><y>285</y><time>21-01-21 15:50:05:811</time></pt><pt><x>212</x><y>286</y><time>21-01-21 15:50:06:219</time></pt><pt><x>210</x><y>290</y><time>21-01-21 15:50:06:886</time></pt><pt><x>212</x><y>293</y><time>21-01-21 15:50:07:265</time></pt><pt><x>218</x><y>292</y><time>21-01-21 15:50:07:912</time></pt><pt><x>221</x><y>292</y><time>21-01-21 15:50:08:217</time></pt><pt><x>224</x><y>292</y><time>21-01-21 15:50:08:554</time></pt><pt><x>228</x><y>296</y><time>21-01-21 15:50:11:617</time></pt><pt><x>232</x><y>298</y><time>21-01-21 15:50:12:041</time></pt><pt><x>239</x><y>298</y><time>21-01-21 15:50:12:482</time></pt><pt><x>244</x><y>297</y><time>21-01-21 15:50:12:806</time></pt><pt><x>246</x><y>297</y><time>21-01-21 15:50:13:072</time></pt><pt><x>247</x><y>294</y><time>21-01-21 15:50:13:370</time></pt><pt><x>244</x><y>291</y><time>21-01-21 15:50:13:905</time></pt><pt><x>241</x><y>289</y><time>21-01-21 15:50:14:267</time></pt><pt><x>240</x><y>288</y><time>21-01-21 15:50:14:551</time></pt><pt><x>240</x><y>285</y><time>21-01-21 15:50:14:771</time></pt><pt><x>240</x><y>279</y><time>21-01-21 15:50:15:117</time></pt><pt><x>242</x><y>273</y><time>21-01-21 15:50:15:446</time></pt><pt><x>245</x><y>265</y><time>21-01-21 15:50:15:898</time></pt><pt><x>250</x><y>225</y><time>21-01-21 15:50:17:469</time></pt><pt><x>252</x><y>200</y><time>21-01-21 15:50:18:909</time></pt><pt><x>254</x><y>196</y><time>21-01-21 15:50:19:515</time></pt><pt><x>254</x><y>193</y><time>21-01-21 15:50:19:861</time></pt><pt><x>253</x><y>190</y><time>21-01-21 15:50:20:073</time></pt><pt><x>253</x><y>187</y><time>21-01-21 15:50:20:263</time></pt><pt><x>253</x><y>186</y><time>21-01-21 15:50:20:475</time></pt><pt><x>257</x><y>180</y><time>21-01-21 15:50:22:277</time></pt><pt><x>258</x><y>178</y><time>21-01-21 15:50:22:615</time></pt><pt><x>261</x><y>182</y><time>21-01-21 15:50:23:126</time></pt><pt><x>263</x><y>187</y><time>21-01-21 15:50:23:597</time></pt><pt><x>264</x><y>190</y><time>21-01-21 15:50:24:053</time></pt><pt><x>265</x><y>192</y><time>21-01-21 15:50:24:659</time></pt><pt><x>265</x><y>197</y><time>21-01-21 15:50:25:093</time></pt><pt><x>264</x><y>201</y><time>21-01-21 15:50:25:431</time></pt><pt><x>264</x><y>205</y><time>21-01-21 15:50:25:801</time></pt><pt><x>267</x><y>207</y><time>21-01-21 15:50:26:257</time></pt><pt><x>271</x><y>206</y><time>21-01-21 15:50:26:578</time></pt><pt><x>273</x><y>202</y><time>21-01-21 15:50:26:974</time></pt><pt><x>274</x><y>197</y><time>21-01-21 15:50:27:429</time></pt><pt><x>273</x><y>192</y><time>21-01-21 15:50:27:831</time></pt><pt><x>271</x><y>182</y><time>21-01-21 15:50:28:397</time></pt><pt><x>270</x><y>171</y><time>21-01-21 15:50:28:939</time></pt><pt><x>264</x><y>137</y><time>21-01-21 15:50:30:167</time></pt><pt><x>263</x><y>129</y><time>21-01-21 15:50:30:725</time></pt><pt><x>261</x><y>125</y><time>21-01-21 15:50:31:034</time></pt><pt><x>261</x><y>119</y><time>21-01-21 15:50:31:441</time></pt><pt><x>261</x><y>116</y><time>21-01-21 15:50:31:749</time></pt><pt><x>256</x><y>114</y><time>21-01-21 15:50:32:109</time></pt><pt><x>252</x><y>112</y><time>21-01-21 15:50:32:479</time></pt><pt><x>246</x><y>111</y><time>21-01-21 15:50:33:613</time></pt><pt><x>251</x><y>105</y><time>21-01-21 15:50:36:319</time></pt><pt><x>253</x><y>101</y><time>21-01-21 15:50:36:730</time></pt><pt><x>253</x><y>97</y><time>21-01-21 15:50:37:100</time></pt><pt><x>254</x><y>93</y><time>21-01-21 15:50:37:421</time></pt><pt><x>254</x><y>89</y><time>21-01-21 15:50:37:877</time></pt><pt><x>252</x><y>84</y><time>21-01-21 15:50:38:255</time></pt><pt><x>249</x><y>82</y><time>21-01-21 15:50:38:696</time></pt><closed_date>21-01-21 15:50:39:187</closed_date></polygon></object><object><name>person</name><deleted>0</deleted><verified>0</verified><occluded>no</occluded><attributes></attributes><parts><hasparts></hasparts><ispartof></ispartof></parts><date>21-01-21 15:54:54:577</date><id>1</id><polygon><username>7hao</username><pt><x>468</x><y>43</y><time>21-01-21 15:50:52:848</time></pt><pt><x>461</x><y>43</y><time>21-01-21 15:50:53:286</time></pt><pt><x>456</x><y>48</y><time>21-01-21 15:50:53:630</time></pt><pt><x>453</x><y>52</y><time>21-01-21 15:50:53:912</time></pt><pt><x>454</x><y>59</y><time>21-01-21 15:50:54:203</time></pt><pt><x>454</x><y>64</y><time>21-01-21 15:50:54:635</time></pt><pt><x>455</x><y>69</y><time>21-01-21 15:50:55:571</time></pt><pt><x>458</x><y>73</y><time>21-01-21 15:50:55:940</time></pt><pt><x>459</x><y>74</y><time>21-01-21 15:50:56:492</time></pt><pt><x>460</x><y>78</y><time>21-01-21 15:50:56:854</time></pt><pt><x>458</x><y>81</y><time>21-01-21 15:50:57:231</time></pt><pt><x>449</x><y>84</y><time>21-01-21 15:50:57:665</time></pt><pt><x>436</x><y>92</y><time>21-01-21 15:50:58:561</time></pt><pt><x>433</x><y>96</y><time>21-01-21 15:50:59:042</time></pt><pt><x>430</x><y>104</y><time>21-01-21 15:50:59:688</time></pt><pt><x>427</x><y>116</y><time>21-01-21 15:51:00:606</time></pt><pt><x>417</x><y>161</y><time>21-01-21 15:51:03:972</time></pt><pt><x>415</x><y>170</y><time>21-01-21 15:51:04:510</time></pt><pt><x>415</x><y>175</y><time>21-01-21 15:51:04:777</time></pt><pt><x>415</x><y>179</y><time>21-01-21 15:51:04:981</time></pt><pt><x>414</x><y>182</y><time>21-01-21 15:51:05:241</time></pt><pt><x>412</x><y>191</y><time>21-01-21 15:51:05:926</time></pt><pt><x>415</x><y>195</y><time>21-01-21 15:51:06:271</time></pt><pt><x>419</x><y>196</y><time>21-01-21 15:51:06:531</time></pt><pt><x>424</x><y>197</y><time>21-01-21 15:51:06:979</time></pt><pt><x>426</x><y>192</y><time>21-01-21 15:51:07:389</time></pt><pt><x>426</x><y>187</y><time>21-01-21 15:51:07:789</time></pt><pt><x>425</x><y>183</y><time>21-01-21 15:51:08:103</time></pt><pt><x>426</x><y>177</y><time>21-01-21 15:53:36:897</time></pt><pt><x>427</x><y>174</y><time>21-01-21 15:53:37:259</time></pt><pt><x>428</x><y>172</y><time>21-01-21 15:53:37:525</time></pt><pt><x>429</x><y>169</y><time>21-01-21 15:53:37:843</time></pt><pt><x>429</x><y>166</y><time>21-01-21 15:53:38:070</time></pt><pt><x>433</x><y>159</y><time>21-01-21 15:53:38:587</time></pt><pt><x>440</x><y>135</y><time>21-01-21 15:53:41:373</time></pt><pt><x>441</x><y>139</y><time>21-01-21 15:53:42:135</time></pt><pt><x>440</x><y>142</y><time>21-01-21 15:53:42:546</time></pt><pt><x>438</x><y>147</y><time>21-01-21 15:53:42:947</time></pt><pt><x>439</x><y>151</y><time>21-01-21 15:53:43:373</time></pt><pt><x>441</x><y>155</y><time>21-01-21 15:53:43:615</time></pt><pt><x>441</x><y>160</y><time>21-01-21 15:53:43:860</time></pt><pt><x>441</x><y>162</y><time>21-01-21 15:53:44:072</time></pt><pt><x>442</x><y>169</y><time>21-01-21 15:53:44:441</time></pt><pt><x>441</x><y>209</y><time>21-01-21 15:53:45:495</time></pt><pt><x>445</x><y>232</y><time>21-01-21 15:53:47:795</time></pt><pt><x>445</x><y>242</y><time>21-01-21 15:53:48:368</time></pt><pt><x>446</x><y>260</y><time>21-01-21 15:53:50:012</time></pt><pt><x>447</x><y>274</y><time>21-01-21 15:53:50:562</time></pt><pt><x>448</x><y>284</y><time>21-01-21 15:53:51:026</time></pt><pt><x>450</x><y>287</y><time>21-01-21 15:53:51:412</time></pt><pt><x>448</x><y>297</y><time>21-01-21 15:53:54:364</time></pt><pt><x>447</x><y>301</y><time>21-01-21 15:53:55:023</time></pt><pt><x>447</x><y>304</y><time>21-01-21 15:53:55:590</time></pt><pt><x>448</x><y>306</y><time>21-01-21 15:53:55:882</time></pt><pt><x>457</x><y>305</y><time>21-01-21 15:53:57:330</time></pt><pt><x>461</x><y>305</y><time>21-01-21 15:53:58:061</time></pt><pt><x>463</x><y>304</y><time>21-01-21 15:53:58:462</time></pt><pt><x>464</x><y>303</y><time>21-01-21 15:53:58:729</time></pt><pt><x>466</x><y>303</y><time>21-01-21 15:53:59:060</time></pt><pt><x>468</x><y>300</y><time>21-01-21 15:53:59:491</time></pt><pt><x>464</x><y>296</y><time>21-01-21 15:53:59:893</time></pt><pt><x>462</x><y>293</y><time>21-01-21 15:54:00:216</time></pt><pt><x>463</x><y>289</y><time>21-01-21 15:54:00:459</time></pt><pt><x>464</x><y>288</y><time>21-01-21 15:54:00:759</time></pt><pt><x>463</x><y>285</y><time>21-01-21 15:54:00:987</time></pt><pt><x>463</x><y>283</y><time>21-01-21 15:54:01:135</time></pt><pt><x>464</x><y>278</y><time>21-01-21 15:54:01:380</time></pt><pt><x>466</x><y>249</y><time>21-01-21 15:54:02:986</time></pt><pt><x>467</x><y>239</y><time>21-01-21 15:54:03:441</time></pt><pt><x>469</x><y>224</y><time>21-01-21 15:54:06:691</time></pt><pt><x>475</x><y>219</y><time>21-01-21 15:54:08:186</time></pt><pt><x>480</x><y>220</y><time>21-01-21 15:54:08:627</time></pt><pt><x>482</x><y>226</y><time>21-01-21 15:54:09:020</time></pt><pt><x>485</x><y>233</y><time>21-01-21 15:54:09:439</time></pt><pt><x>485</x><y>266</y><time>21-01-21 15:54:10:720</time></pt><pt><x>483</x><y>272</y><time>21-01-21 15:54:11:021</time></pt><pt><x>483</x><y>275</y><time>21-01-21 15:54:11:232</time></pt><pt><x>481</x><y>277</y><time>21-01-21 15:54:11:524</time></pt><pt><x>479</x><y>281</y><time>21-01-21 15:54:11:814</time></pt><pt><x>479</x><y>285</y><time>21-01-21 15:54:12:096</time></pt><pt><x>481</x><y>289</y><time>21-01-21 15:54:12:348</time></pt><pt><x>483</x><y>294</y><time>21-01-21 15:54:12:790</time></pt><pt><x>483</x><y>299</y><time>21-01-21 15:54:13:048</time></pt><pt><x>483</x><y>303</y><time>21-01-21 15:54:13:292</time></pt><pt><x>487</x><y>307</y><time>21-01-21 15:54:13:733</time></pt><pt><x>497</x><y>308</y><time>21-01-21 15:54:26:072</time></pt><pt><x>500</x><y>308</y><time>21-01-21 15:54:26:535</time></pt><pt><x>501</x><y>305</y><time>21-01-21 15:54:26:913</time></pt><pt><x>501</x><y>301</y><time>21-01-21 15:54:27:178</time></pt><pt><x>502</x><y>298</y><time>21-01-21 15:54:27:422</time></pt><pt><x>501</x><y>293</y><time>21-01-21 15:54:27:699</time></pt><pt><x>500</x><y>290</y><time>21-01-21 15:54:28:012</time></pt><pt><x>500</x><y>278</y><time>21-01-21 15:54:28:509</time></pt><pt><x>500</x><y>273</y><time>21-01-21 15:54:29:037</time></pt><pt><x>502</x><y>268</y><time>21-01-21 15:54:29:452</time></pt><pt><x>502</x><y>262</y><time>21-01-21 15:54:29:917</time></pt><pt><x>503</x><y>255</y><time>21-01-21 15:54:30:555</time></pt><pt><x>506</x><y>240</y><time>21-01-21 15:54:32:255</time></pt><pt><x>507</x><y>223</y><time>21-01-21 15:54:33:962</time></pt><pt><x>506</x><y>211</y><time>21-01-21 15:54:34:655</time></pt><pt><x>504</x><y>202</y><time>21-01-21 15:54:37:722</time></pt><pt><x>507</x><y>198</y><time>21-01-21 15:54:38:259</time></pt><pt><x>511</x><y>179</y><time>21-01-21 15:54:39:795</time></pt><pt><x>511</x><y>167</y><time>21-01-21 15:54:40:351</time></pt><pt><x>510</x><y>153</y><time>21-01-21 15:54:40:909</time></pt><pt><x>509</x><y>113</y><time>21-01-21 15:54:41:934</time></pt><pt><x>507</x><y>100</y><time>21-01-21 15:54:42:437</time></pt><pt><x>503</x><y>92</y><time>21-01-21 15:54:42:892</time></pt><pt><x>500</x><y>84</y><time>21-01-21 15:54:43:476</time></pt><pt><x>492</x><y>81</y><time>21-01-21 15:54:44:182</time></pt><pt><x>480</x><y>78</y><time>21-01-21 15:54:45:016</time></pt><pt><x>485</x><y>67</y><time>21-01-21 15:54:46:511</time></pt><pt><x>487</x><y>61</y><time>21-01-21 15:54:47:087</time></pt><pt><x>489</x><y>56</y><time>21-01-21 15:54:47:519</time></pt><pt><x>490</x><y>53</y><time>21-01-21 15:54:47:873</time></pt><pt><x>487</x><y>47</y><time>21-01-21 15:54:48:321</time></pt><pt><x>480</x><y>41</y><time>21-01-21 15:54:49:626</time></pt><pt><x>475</x><y>41</y><time>21-01-21 15:54:50:123</time></pt><pt><x>472</x><y>41</y><time>21-01-21 15:54:50:485</time></pt><closed_date>21-01-21 15:54:51:051</closed_date></polygon></object><object><name>person</name><deleted>0</deleted><verified>0</verified><occluded>no</occluded><attributes></attributes><parts><hasparts></hasparts><ispartof></ispartof></parts><date>21-01-21 15:55:23:413</date><id>2</id><polygon><username>7hao</username><pt><x>440</x><y>242</y><time>21-01-21 15:55:08:311</time></pt><pt><x>432</x><y>257</y><time>21-01-21 15:55:09:132</time></pt><pt><x>430</x><y>259</y><time>21-01-21 15:55:09:540</time></pt><pt><x>429</x><y>261</y><time>21-01-21 15:55:09:792</time></pt><pt><x>427</x><y>263</y><time>21-01-21 15:55:10:154</time></pt><pt><x>426</x><y>264</y><time>21-01-21 15:55:10:398</time></pt><pt><x>425</x><y>266</y><time>21-01-21 15:55:10:753</time></pt><pt><x>424</x><y>268</y><time>21-01-21 15:55:11:075</time></pt><pt><x>428</x><y>271</y><time>21-01-21 15:55:11:445</time></pt><pt><x>433</x><y>273</y><time>21-01-21 15:55:11:855</time></pt><pt><x>436</x><y>275</y><time>21-01-21 15:55:12:247</time></pt><pt><x>441</x><y>276</y><time>21-01-21 15:55:12:632</time></pt><pt><x>444</x><y>276</y><time>21-01-21 15:55:13:067</time></pt><pt><x>446</x><y>276</y><time>21-01-21 15:55:13:812</time></pt><pt><x>446</x><y>271</y><time>21-01-21 15:55:14:838</time></pt><pt><x>443</x><y>270</y><time>21-01-21 15:55:15:450</time></pt><pt><x>443</x><y>267</y><time>21-01-21 15:55:15:789</time></pt><pt><x>442</x><y>266</y><time>21-01-21 15:55:16:055</time></pt><pt><x>440</x><y>263</y><time>21-01-21 15:55:16:362</time></pt><pt><x>440</x><y>261</y><time>21-01-21 15:55:16:725</time></pt><pt><x>443</x><y>256</y><time>21-01-21 15:55:17:149</time></pt><pt><x>444</x><y>254</y><time>21-01-21 15:55:17:746</time></pt><pt><x>444</x><y>235</y><time>21-01-21 15:55:19:542</time></pt><closed_date>21-01-21 15:55:20:792</closed_date></polygon></object><object><name>person</name><deleted>0</deleted><verified>0</verified><occluded>no</occluded><attributes></attributes><parts><hasparts></hasparts><ispartof></ispartof></parts><date>21-01-21 15:55:41:298</date><id>3</id><polygon><username>7hao</username><pt><x>473</x><y>224</y><time>21-01-21 15:55:27:603</time></pt><pt><x>474</x><y>227</y><time>21-01-21 15:55:28:047</time></pt><pt><x>475</x><y>230</y><time>21-01-21 15:55:28:535</time></pt><pt><x>476</x><y>237</y><time>21-01-21 15:55:29:093</time></pt><pt><x>476</x><y>242</y><time>21-01-21 15:55:29:557</time></pt><pt><x>481</x><y>253</y><time>21-01-21 15:55:30:352</time></pt><pt><x>484</x><y>258</y><time>21-01-21 15:55:31:335</time></pt><pt><x>484</x><y>233</y><time>21-01-21 15:55:32:831</time></pt><pt><x>479</x><y>221</y><time>21-01-21 15:55:34:357</time></pt><pt><x>475</x><y>220</y><time>21-01-21 15:55:36:056</time></pt><pt><x>472</x><y>222</y><time>21-01-21 15:55:37:164</time></pt><closed_date>21-01-21 15:55:37:928</closed_date></polygon></object><object><name>person</name><deleted>0</deleted><verified>0</verified><occluded>no</occluded><attributes></attributes><parts><hasparts></hasparts><ispartof></ispartof></parts><date>21-01-21 15:55:49:732</date><id>4</id><polygon><username>7hao</username><pt><x>503</x><y>270</y><time>21-01-21 15:55:43:578</time></pt><pt><x>508</x><y>271</y><time>21-01-21 15:55:44:032</time></pt><pt><x>511</x><y>272</y><time>21-01-21 15:55:44:467</time></pt><pt><x>511</x><y>274</y><time>21-01-21 15:55:44:843</time></pt><pt><x>507</x><y>277</y><time>21-01-21 15:55:45:269</time></pt><pt><x>501</x><y>276</y><time>21-01-21 15:55:46:079</time></pt><pt><x>501</x><y>273</y><time>21-01-21 15:55:46:763</time></pt><closed_date>21-01-21 15:55:47:447</closed_date></polygon></object></annotation>