<annotation><filename>frame0063.jpg</filename><folder>users/lab605//7hao/human_20210119_4</folder><source><submittedBy>lab605</submittedBy></source><imagesize><nrows>480</nrows><ncols>640</ncols></imagesize><object><name>person</name><deleted>0</deleted><verified>0</verified><occluded>no</occluded><attributes></attributes><parts><hasparts></hasparts><ispartof></ispartof></parts><date>26-01-21 13:26:15:136</date><id>0</id><polygon><username>7hao</username><pt><x>286</x><y>0</y><time>26-01-21 13:25:04:107</time></pt><pt><x>286</x><y>3</y><time>26-01-21 13:25:04:576</time></pt><pt><x>286</x><y>5</y><time>26-01-21 13:25:04:955</time></pt><pt><x>286</x><y>7</y><time>26-01-21 13:25:05:292</time></pt><pt><x>284</x><y>8</y><time>26-01-21 13:25:05:654</time></pt><pt><x>283</x><y>9</y><time>26-01-21 13:25:05:919</time></pt><pt><x>283</x><y>12</y><time>26-01-21 13:25:06:197</time></pt><pt><x>283</x><y>17</y><time>26-01-21 13:25:06:583</time></pt><pt><x>285</x><y>20</y><time>26-01-21 13:25:06:809</time></pt><pt><x>286</x><y>21</y><time>26-01-21 13:25:07:075</time></pt><pt><x>286</x><y>23</y><time>26-01-21 13:25:07:343</time></pt><pt><x>286</x><y>24</y><time>26-01-21 13:25:07:573</time></pt><pt><x>285</x><y>25</y><time>26-01-21 13:25:07:776</time></pt><pt><x>283</x><y>28</y><time>26-01-21 13:25:08:114</time></pt><pt><x>283</x><y>29</y><time>26-01-21 13:25:08:365</time></pt><pt><x>272</x><y>34</y><time>26-01-21 13:25:09:029</time></pt><pt><x>268</x><y>36</y><time>26-01-21 13:25:11:652</time></pt><pt><x>262</x><y>44</y><time>26-01-21 13:25:12:267</time></pt><pt><x>259</x><y>56</y><time>26-01-21 13:25:12:857</time></pt><pt><x>256</x><y>76</y><time>26-01-21 13:25:13:990</time></pt><pt><x>252</x><y>96</y><time>26-01-21 13:25:14:653</time></pt><pt><x>250</x><y>115</y><time>26-01-21 13:25:15:657</time></pt><pt><x>250</x><y>126</y><time>26-01-21 13:25:16:161</time></pt><pt><x>248</x><y>139</y><time>26-01-21 13:25:16:759</time></pt><pt><x>251</x><y>144</y><time>26-01-21 13:25:17:356</time></pt><pt><x>255</x><y>147</y><time>26-01-21 13:25:17:705</time></pt><pt><x>255</x><y>151</y><time>26-01-21 13:25:17:944</time></pt><pt><x>253</x><y>159</y><time>26-01-21 13:25:18:491</time></pt><pt><x>253</x><y>166</y><time>26-01-21 13:25:18:890</time></pt><pt><x>255</x><y>171</y><time>26-01-21 13:25:19:277</time></pt><pt><x>256</x><y>177</y><time>26-01-21 13:25:19:668</time></pt><pt><x>254</x><y>197</y><time>26-01-21 13:25:21:170</time></pt><pt><x>253</x><y>201</y><time>26-01-21 13:25:21:621</time></pt><pt><x>251</x><y>210</y><time>26-01-21 13:25:21:943</time></pt><pt><x>250</x><y>220</y><time>26-01-21 13:25:22:452</time></pt><pt><x>253</x><y>229</y><time>26-01-21 13:25:23:028</time></pt><pt><x>265</x><y>244</y><time>26-01-21 13:25:24:521</time></pt><pt><x>278</x><y>260</y><time>26-01-21 13:25:25:143</time></pt><pt><x>293</x><y>276</y><time>26-01-21 13:25:26:198</time></pt><pt><x>294</x><y>279</y><time>26-01-21 13:25:26:487</time></pt><pt><x>293</x><y>281</y><time>26-01-21 13:25:26:645</time></pt><pt><x>288</x><y>284</y><time>26-01-21 13:25:27:984</time></pt><pt><x>287</x><y>287</y><time>26-01-21 13:25:28:259</time></pt><pt><x>287</x><y>292</y><time>26-01-21 13:25:28:415</time></pt><pt><x>286</x><y>298</y><time>26-01-21 13:25:28:722</time></pt><pt><x>280</x><y>305</y><time>26-01-21 13:25:29:074</time></pt><pt><x>276</x><y>307</y><time>26-01-21 13:25:29:336</time></pt><pt><x>270</x><y>313</y><time>26-01-21 13:25:29:705</time></pt><pt><x>270</x><y>317</y><time>26-01-21 13:25:30:004</time></pt><pt><x>279</x><y>318</y><time>26-01-21 13:25:30:336</time></pt><pt><x>286</x><y>316</y><time>26-01-21 13:25:30:760</time></pt><pt><x>290</x><y>315</y><time>26-01-21 13:25:31:098</time></pt><pt><x>294</x><y>316</y><time>26-01-21 13:25:31:426</time></pt><pt><x>302</x><y>319</y><time>26-01-21 13:25:31:813</time></pt><pt><x>313</x><y>319</y><time>26-01-21 13:25:32:128</time></pt><pt><x>315</x><y>318</y><time>26-01-21 13:25:32:427</time></pt><pt><x>316</x><y>315</y><time>26-01-21 13:25:32:639</time></pt><pt><x>315</x><y>311</y><time>26-01-21 13:25:32:834</time></pt><pt><x>314</x><y>307</y><time>26-01-21 13:25:33:022</time></pt><pt><x>315</x><y>301</y><time>26-01-21 13:25:33:316</time></pt><pt><x>316</x><y>298</y><time>26-01-21 13:25:33:590</time></pt><pt><x>323</x><y>293</y><time>26-01-21 13:25:33:840</time></pt><pt><x>330</x><y>290</y><time>26-01-21 13:25:34:186</time></pt><pt><x>331</x><y>287</y><time>26-01-21 13:25:34:422</time></pt><pt><x>327</x><y>280</y><time>26-01-21 13:25:34:637</time></pt><pt><x>322</x><y>277</y><time>26-01-21 13:25:34:911</time></pt><pt><x>318</x><y>274</y><time>26-01-21 13:25:36:125</time></pt><pt><x>317</x><y>273</y><time>26-01-21 13:25:36:318</time></pt><pt><x>317</x><y>268</y><time>26-01-21 13:25:36:493</time></pt><pt><x>318</x><y>260</y><time>26-01-21 13:25:36:855</time></pt><pt><x>317</x><y>234</y><time>26-01-21 13:25:37:950</time></pt><pt><x>316</x><y>230</y><time>26-01-21 13:25:38:215</time></pt><pt><x>315</x><y>226</y><time>26-01-21 13:25:38:373</time></pt><pt><x>314</x><y>220</y><time>26-01-21 13:25:38:626</time></pt><pt><x>316</x><y>213</y><time>26-01-21 13:25:38:853</time></pt><pt><x>318</x><y>207</y><time>26-01-21 13:25:39:118</time></pt><pt><x>320</x><y>202</y><time>26-01-21 13:25:39:718</time></pt><pt><x>321</x><y>192</y><time>26-01-21 13:25:40:134</time></pt><pt><x>323</x><y>179</y><time>26-01-21 13:25:42:141</time></pt><pt><x>327</x><y>171</y><time>26-01-21 13:25:42:691</time></pt><pt><x>329</x><y>162</y><time>26-01-21 13:25:43:133</time></pt><pt><x>330</x><y>151</y><time>26-01-21 13:25:43:500</time></pt><pt><x>330</x><y>145</y><time>26-01-21 13:25:43:863</time></pt><pt><x>330</x><y>141</y><time>26-01-21 13:25:44:177</time></pt><pt><x>331</x><y>137</y><time>26-01-21 13:25:44:571</time></pt><pt><x>338</x><y>123</y><time>26-01-21 13:25:45:868</time></pt><pt><x>340</x><y>108</y><time>26-01-21 13:25:47:718</time></pt><pt><x>340</x><y>97</y><time>26-01-21 13:25:48:127</time></pt><pt><x>341</x><y>84</y><time>26-01-21 13:25:48:622</time></pt><pt><x>340</x><y>67</y><time>26-01-21 13:25:49:692</time></pt><pt><x>335</x><y>56</y><time>26-01-21 13:25:50:322</time></pt><pt><x>329</x><y>45</y><time>26-01-21 13:25:50:768</time></pt><pt><x>328</x><y>37</y><time>26-01-21 13:25:53:185</time></pt><pt><x>326</x><y>32</y><time>26-01-21 13:25:53:552</time></pt><pt><x>321</x><y>27</y><time>26-01-21 13:25:53:970</time></pt><pt><x>315</x><y>26</y><time>26-01-21 13:25:54:300</time></pt><pt><x>313</x><y>24</y><time>26-01-21 13:25:54:568</time></pt><pt><x>315</x><y>22</y><time>26-01-21 13:25:54:837</time></pt><pt><x>317</x><y>20</y><time>26-01-21 13:25:55:072</time></pt><pt><x>318</x><y>17</y><time>26-01-21 13:25:55:379</time></pt><pt><x>317</x><y>15</y><time>26-01-21 13:25:55:558</time></pt><pt><x>317</x><y>13</y><time>26-01-21 13:25:55:773</time></pt><pt><x>319</x><y>8</y><time>26-01-21 13:25:56:072</time></pt><pt><x>320</x><y>3</y><time>26-01-21 13:25:56:670</time></pt><pt><x>320</x><y>1</y><time>26-01-21 13:25:56:936</time></pt><pt><x>319</x><y>0</y><time>26-01-21 13:26:10:042</time></pt><closed_date>26-01-21 13:26:12:715</closed_date></polygon></object><object><name>person</name><deleted>0</deleted><verified>0</verified><occluded>no</occluded><attributes></attributes><parts><hasparts></hasparts><ispartof></ispartof></parts><date>26-01-21 13:27:56:125</date><id>1</id><polygon><username>7hao</username><pt><x>374</x><y>103</y><time>26-01-21 13:27:06:116</time></pt><pt><x>369</x><y>104</y><time>26-01-21 13:27:06:743</time></pt><pt><x>362</x><y>107</y><time>26-01-21 13:27:07:207</time></pt><pt><x>357</x><y>111</y><time>26-01-21 13:27:07:671</time></pt><pt><x>353</x><y>118</y><time>26-01-21 13:27:08:176</time></pt><pt><x>353</x><y>127</y><time>26-01-21 13:27:08:678</time></pt><pt><x>354</x><y>149</y><time>26-01-21 13:27:10:133</time></pt><pt><x>353</x><y>158</y><time>26-01-21 13:27:10:608</time></pt><pt><x>351</x><y>169</y><time>26-01-21 13:27:11:165</time></pt><pt><x>351</x><y>177</y><time>26-01-21 13:27:11:690</time></pt><pt><x>351</x><y>183</y><time>26-01-21 13:27:12:085</time></pt><pt><x>353</x><y>199</y><time>26-01-21 13:27:13:318</time></pt><pt><x>357</x><y>210</y><time>26-01-21 13:27:13:797</time></pt><pt><x>360</x><y>222</y><time>26-01-21 13:27:14:372</time></pt><pt><x>362</x><y>228</y><time>26-01-21 13:27:14:822</time></pt><pt><x>361</x><y>234</y><time>26-01-21 13:27:15:245</time></pt><pt><x>359</x><y>245</y><time>26-01-21 13:27:16:432</time></pt><pt><x>356</x><y>259</y><time>26-01-21 13:27:16:927</time></pt><pt><x>354</x><y>271</y><time>26-01-21 13:27:17:454</time></pt><pt><x>353</x><y>280</y><time>26-01-21 13:27:17:888</time></pt><pt><x>352</x><y>282</y><time>26-01-21 13:27:18:295</time></pt><pt><x>350</x><y>283</y><time>26-01-21 13:27:18:539</time></pt><pt><x>348</x><y>288</y><time>26-01-21 13:27:19:042</time></pt><pt><x>346</x><y>294</y><time>26-01-21 13:27:19:547</time></pt><pt><x>352</x><y>298</y><time>26-01-21 13:27:20:969</time></pt><pt><x>359</x><y>298</y><time>26-01-21 13:27:21:401</time></pt><pt><x>375</x><y>298</y><time>26-01-21 13:27:21:914</time></pt><pt><x>383</x><y>298</y><time>26-01-21 13:27:22:423</time></pt><pt><x>386</x><y>296</y><time>26-01-21 13:27:22:825</time></pt><pt><x>384</x><y>293</y><time>26-01-21 13:27:23:147</time></pt><pt><x>379</x><y>292</y><time>26-01-21 13:27:23:682</time></pt><pt><x>370</x><y>288</y><time>26-01-21 13:27:24:319</time></pt><pt><x>366</x><y>283</y><time>26-01-21 13:27:24:719</time></pt><pt><x>366</x><y>277</y><time>26-01-21 13:27:25:052</time></pt><pt><x>369</x><y>267</y><time>26-01-21 13:27:25:627</time></pt><pt><x>371</x><y>260</y><time>26-01-21 13:27:26:214</time></pt><pt><x>378</x><y>242</y><time>26-01-21 13:27:27:434</time></pt><pt><x>380</x><y>236</y><time>26-01-21 13:27:27:898</time></pt><pt><x>381</x><y>237</y><time>26-01-21 13:27:28:225</time></pt><pt><x>382</x><y>250</y><time>26-01-21 13:27:29:062</time></pt><pt><x>384</x><y>261</y><time>26-01-21 13:27:29:612</time></pt><pt><x>388</x><y>273</y><time>26-01-21 13:27:30:161</time></pt><pt><x>391</x><y>277</y><time>26-01-21 13:27:30:596</time></pt><pt><x>393</x><y>280</y><time>26-01-21 13:27:30:919</time></pt><pt><x>390</x><y>285</y><time>26-01-21 13:27:32:293</time></pt><pt><x>388</x><y>290</y><time>26-01-21 13:27:32:615</time></pt><pt><x>389</x><y>292</y><time>26-01-21 13:27:32:876</time></pt><pt><x>395</x><y>295</y><time>26-01-21 13:27:33:268</time></pt><pt><x>398</x><y>295</y><time>26-01-21 13:27:33:504</time></pt><pt><x>402</x><y>297</y><time>26-01-21 13:27:33:738</time></pt><pt><x>409</x><y>297</y><time>26-01-21 13:27:34:047</time></pt><pt><x>412</x><y>297</y><time>26-01-21 13:27:34:364</time></pt><pt><x>413</x><y>295</y><time>26-01-21 13:27:34:717</time></pt><pt><x>410</x><y>291</y><time>26-01-21 13:27:35:077</time></pt><pt><x>405</x><y>285</y><time>26-01-21 13:27:35:518</time></pt><pt><x>401</x><y>278</y><time>26-01-21 13:27:35:913</time></pt><pt><x>398</x><y>242</y><time>26-01-21 13:27:37:320</time></pt><pt><x>398</x><y>236</y><time>26-01-21 13:27:37:657</time></pt><pt><x>398</x><y>230</y><time>26-01-21 13:27:37:886</time></pt><pt><x>396</x><y>225</y><time>26-01-21 13:27:38:119</time></pt><pt><x>394</x><y>216</y><time>26-01-21 13:27:38:524</time></pt><pt><x>394</x><y>197</y><time>26-01-21 13:27:39:756</time></pt><pt><x>393</x><y>187</y><time>26-01-21 13:27:40:110</time></pt><pt><x>392</x><y>184</y><time>26-01-21 13:27:40:330</time></pt><pt><x>392</x><y>174</y><time>26-01-21 13:27:40:724</time></pt><pt><x>394</x><y>153</y><time>26-01-21 13:27:42:141</time></pt><pt><x>397</x><y>141</y><time>26-01-21 13:27:42:611</time></pt><pt><x>397</x><y>132</y><time>26-01-21 13:27:44:582</time></pt><pt><x>396</x><y>122</y><time>26-01-21 13:27:45:055</time></pt><pt><x>394</x><y>115</y><time>26-01-21 13:27:45:389</time></pt><pt><x>390</x><y>112</y><time>26-01-21 13:27:45:778</time></pt><pt><x>389</x><y>109</y><time>26-01-21 13:27:46:134</time></pt><pt><x>389</x><y>106</y><time>26-01-21 13:27:46:372</time></pt><pt><x>394</x><y>102</y><time>26-01-21 13:27:46:895</time></pt><pt><x>397</x><y>94</y><time>26-01-21 13:27:48:059</time></pt><pt><x>397</x><y>89</y><time>26-01-21 13:27:48:366</time></pt><pt><x>395</x><y>86</y><time>26-01-21 13:27:48:556</time></pt><pt><x>394</x><y>81</y><time>26-01-21 13:27:48:853</time></pt><pt><x>394</x><y>78</y><time>26-01-21 13:27:49:065</time></pt><pt><x>394</x><y>75</y><time>26-01-21 13:27:49:341</time></pt><pt><x>391</x><y>73</y><time>26-01-21 13:27:49:569</time></pt><pt><x>384</x><y>71</y><time>26-01-21 13:27:49:979</time></pt><pt><x>379</x><y>70</y><time>26-01-21 13:27:50:271</time></pt><pt><x>373</x><y>72</y><time>26-01-21 13:27:50:592</time></pt><pt><x>368</x><y>76</y><time>26-01-21 13:27:50:969</time></pt><pt><x>365</x><y>82</y><time>26-01-21 13:27:51:316</time></pt><pt><x>366</x><y>86</y><time>26-01-21 13:27:51:614</time></pt><pt><x>367</x><y>89</y><time>26-01-21 13:27:51:865</time></pt><pt><x>368</x><y>91</y><time>26-01-21 13:27:52:117</time></pt><pt><x>368</x><y>94</y><time>26-01-21 13:27:52:338</time></pt><pt><x>370</x><y>96</y><time>26-01-21 13:27:52:628</time></pt><pt><x>373</x><y>98</y><time>26-01-21 13:27:52:976</time></pt><pt><x>374</x><y>100</y><time>26-01-21 13:27:53:305</time></pt><closed_date>26-01-21 13:27:53:761</closed_date></polygon></object></annotation>