<annotation><filename>frame0091.jpg</filename><folder>users/lab605//7hao/human_20210119_4</folder><source><submittedBy>lab605</submittedBy></source><imagesize><nrows>480</nrows><ncols>640</ncols></imagesize><object><name>person</name><deleted>0</deleted><verified>0</verified><occluded>no</occluded><attributes></attributes><parts><hasparts></hasparts><ispartof></ispartof></parts><date>27-01-21 20:56:32:075</date><id>0</id><polygon><username>7hao</username><pt><x>192</x><y>0</y><time>27-01-21 20:54:50:073</time></pt><pt><x>191</x><y>3</y><time>27-01-21 20:54:51:745</time></pt><pt><x>192</x><y>5</y><time>27-01-21 20:54:52:248</time></pt><pt><x>192</x><y>7</y><time>27-01-21 20:54:52:578</time></pt><pt><x>193</x><y>10</y><time>27-01-21 20:54:52:909</time></pt><pt><x>193</x><y>12</y><time>27-01-21 20:54:53:434</time></pt><pt><x>191</x><y>13</y><time>27-01-21 20:54:53:773</time></pt><pt><x>185</x><y>14</y><time>27-01-21 20:54:54:103</time></pt><pt><x>179</x><y>16</y><time>27-01-21 20:54:54:512</time></pt><pt><x>176</x><y>17</y><time>27-01-21 20:54:54:919</time></pt><pt><x>174</x><y>18</y><time>27-01-21 20:54:57:299</time></pt><pt><x>172</x><y>22</y><time>27-01-21 20:54:57:703</time></pt><pt><x>172</x><y>26</y><time>27-01-21 20:54:57:913</time></pt><pt><x>172</x><y>28</y><time>27-01-21 20:54:58:077</time></pt><pt><x>173</x><y>30</y><time>27-01-21 20:54:58:273</time></pt><pt><x>171</x><y>31</y><time>27-01-21 20:54:58:510</time></pt><pt><x>163</x><y>39</y><time>27-01-21 20:54:59:287</time></pt><pt><x>154</x><y>46</y><time>27-01-21 20:54:59:758</time></pt><pt><x>152</x><y>50</y><time>27-01-21 20:55:00:026</time></pt><pt><x>151</x><y>54</y><time>27-01-21 20:55:00:199</time></pt><pt><x>149</x><y>69</y><time>27-01-21 20:55:01:730</time></pt><pt><x>148</x><y>82</y><time>27-01-21 20:55:02:107</time></pt><pt><x>150</x><y>94</y><time>27-01-21 20:55:02:508</time></pt><pt><x>149</x><y>106</y><time>27-01-21 20:55:03:029</time></pt><pt><x>149</x><y>114</y><time>27-01-21 20:55:03:372</time></pt><pt><x>151</x><y>119</y><time>27-01-21 20:55:03:569</time></pt><pt><x>154</x><y>126</y><time>27-01-21 20:55:04:023</time></pt><pt><x>157</x><y>128</y><time>27-01-21 20:55:04:189</time></pt><pt><x>158</x><y>133</y><time>27-01-21 20:55:04:495</time></pt><pt><x>159</x><y>136</y><time>27-01-21 20:55:04:691</time></pt><pt><x>160</x><y>138</y><time>27-01-21 20:55:04:841</time></pt><pt><x>160</x><y>141</y><time>27-01-21 20:55:05:045</time></pt><pt><x>160</x><y>143</y><time>27-01-21 20:55:05:224</time></pt><pt><x>160</x><y>144</y><time>27-01-21 20:55:05:351</time></pt><pt><x>162</x><y>147</y><time>27-01-21 20:55:05:533</time></pt><pt><x>163</x><y>149</y><time>27-01-21 20:55:05:698</time></pt><pt><x>163</x><y>153</y><time>27-01-21 20:55:05:932</time></pt><pt><x>162</x><y>156</y><time>27-01-21 20:55:06:122</time></pt><pt><x>161</x><y>158</y><time>27-01-21 20:55:06:279</time></pt><pt><x>161</x><y>161</y><time>27-01-21 20:55:06:476</time></pt><pt><x>163</x><y>163</y><time>27-01-21 20:55:06:672</time></pt><pt><x>164</x><y>165</y><time>27-01-21 20:55:06:852</time></pt><pt><x>164</x><y>172</y><time>27-01-21 20:55:21:673</time></pt><pt><x>164</x><y>180</y><time>27-01-21 20:55:22:089</time></pt><pt><x>164</x><y>186</y><time>27-01-21 20:55:22:318</time></pt><pt><x>165</x><y>191</y><time>27-01-21 20:55:22:575</time></pt><pt><x>165</x><y>195</y><time>27-01-21 20:55:22:804</time></pt><pt><x>164</x><y>199</y><time>27-01-21 20:55:22:986</time></pt><pt><x>164</x><y>202</y><time>27-01-21 20:55:23:276</time></pt><pt><x>167</x><y>205</y><time>27-01-21 20:55:23:793</time></pt><pt><x>166</x><y>210</y><time>27-01-21 20:55:24:139</time></pt><pt><x>162</x><y>221</y><time>27-01-21 20:55:25:626</time></pt><pt><x>157</x><y>232</y><time>27-01-21 20:55:26:066</time></pt><pt><x>154</x><y>241</y><time>27-01-21 20:55:26:522</time></pt><pt><x>152</x><y>253</y><time>27-01-21 20:55:28:712</time></pt><pt><x>152</x><y>263</y><time>27-01-21 20:55:29:357</time></pt><pt><x>153</x><y>277</y><time>27-01-21 20:55:29:922</time></pt><pt><x>154</x><y>289</y><time>27-01-21 20:55:31:245</time></pt><pt><x>153</x><y>297</y><time>27-01-21 20:55:31:510</time></pt><pt><x>151</x><y>300</y><time>27-01-21 20:55:31:667</time></pt><pt><x>150</x><y>306</y><time>27-01-21 20:55:31:983</time></pt><pt><x>148</x><y>309</y><time>27-01-21 20:55:32:240</time></pt><pt><x>147</x><y>313</y><time>27-01-21 20:55:32:429</time></pt><pt><x>146</x><y>318</y><time>27-01-21 20:55:32:649</time></pt><pt><x>145</x><y>323</y><time>27-01-21 20:55:32:845</time></pt><pt><x>146</x><y>326</y><time>27-01-21 20:55:33:097</time></pt><pt><x>150</x><y>328</y><time>27-01-21 20:55:33:355</time></pt><pt><x>156</x><y>327</y><time>27-01-21 20:55:33:599</time></pt><pt><x>162</x><y>326</y><time>27-01-21 20:55:33:803</time></pt><pt><x>166</x><y>326</y><time>27-01-21 20:55:34:090</time></pt><pt><x>172</x><y>326</y><time>27-01-21 20:55:34:307</time></pt><pt><x>173</x><y>323</y><time>27-01-21 20:55:34:723</time></pt><pt><x>173</x><y>320</y><time>27-01-21 20:55:34:919</time></pt><pt><x>172</x><y>318</y><time>27-01-21 20:55:35:140</time></pt><pt><x>171</x><y>314</y><time>27-01-21 20:55:35:305</time></pt><pt><x>170</x><y>309</y><time>27-01-21 20:55:35:518</time></pt><pt><x>169</x><y>300</y><time>27-01-21 20:55:35:782</time></pt><pt><x>167</x><y>290</y><time>27-01-21 20:55:36:191</time></pt><pt><x>170</x><y>279</y><time>27-01-21 20:55:36:577</time></pt><pt><x>174</x><y>267</y><time>27-01-21 20:55:37:189</time></pt><pt><x>178</x><y>256</y><time>27-01-21 20:55:38:353</time></pt><pt><x>180</x><y>248</y><time>27-01-21 20:55:38:651</time></pt><pt><x>180</x><y>244</y><time>27-01-21 20:55:38:815</time></pt><pt><x>181</x><y>237</y><time>27-01-21 20:55:39:136</time></pt><pt><x>182</x><y>234</y><time>27-01-21 20:55:39:365</time></pt><pt><x>189</x><y>224</y><time>27-01-21 20:55:39:767</time></pt><pt><x>191</x><y>218</y><time>27-01-21 20:55:40:207</time></pt><pt><x>192</x><y>214</y><time>27-01-21 20:55:40:513</time></pt><pt><x>195</x><y>202</y><time>27-01-21 20:55:42:115</time></pt><pt><x>197</x><y>199</y><time>27-01-21 20:55:42:421</time></pt><pt><x>198</x><y>198</y><time>27-01-21 20:55:42:595</time></pt><pt><x>198</x><y>195</y><time>27-01-21 20:55:42:734</time></pt><pt><x>199</x><y>193</y><time>27-01-21 20:55:42:925</time></pt><pt><x>202</x><y>188</y><time>27-01-21 20:55:43:276</time></pt><pt><x>204</x><y>187</y><time>27-01-21 20:55:43:569</time></pt><pt><x>206</x><y>192</y><time>27-01-21 20:55:43:892</time></pt><pt><x>206</x><y>195</y><time>27-01-21 20:55:44:181</time></pt><pt><x>207</x><y>199</y><time>27-01-21 20:55:44:345</time></pt><pt><x>207</x><y>202</y><time>27-01-21 20:55:44:503</time></pt><pt><x>208</x><y>204</y><time>27-01-21 20:55:44:661</time></pt><pt><x>210</x><y>207</y><time>27-01-21 20:55:44:881</time></pt><pt><x>211</x><y>211</y><time>27-01-21 20:55:45:063</time></pt><pt><x>211</x><y>216</y><time>27-01-21 20:55:45:415</time></pt><pt><x>211</x><y>219</y><time>27-01-21 20:55:45:697</time></pt><pt><x>213</x><y>226</y><time>27-01-21 20:55:47:237</time></pt><pt><x>214</x><y>229</y><time>27-01-21 20:55:47:388</time></pt><pt><x>215</x><y>231</y><time>27-01-21 20:55:47:535</time></pt><pt><x>215</x><y>234</y><time>27-01-21 20:55:47:678</time></pt><pt><x>215</x><y>237</y><time>27-01-21 20:55:47:834</time></pt><pt><x>214</x><y>243</y><time>27-01-21 20:55:48:053</time></pt><pt><x>213</x><y>252</y><time>27-01-21 20:55:48:485</time></pt><pt><x>214</x><y>258</y><time>27-01-21 20:55:48:753</time></pt><pt><x>216</x><y>263</y><time>27-01-21 20:55:48:966</time></pt><pt><x>221</x><y>275</y><time>27-01-21 20:55:50:310</time></pt><pt><x>222</x><y>285</y><time>27-01-21 20:55:50:631</time></pt><pt><x>222</x><y>290</y><time>27-01-21 20:55:50:843</time></pt><pt><x>222</x><y>295</y><time>27-01-21 20:55:51:055</time></pt><pt><x>221</x><y>296</y><time>27-01-21 20:55:51:220</time></pt><pt><x>219</x><y>298</y><time>27-01-21 20:55:51:361</time></pt><pt><x>218</x><y>305</y><time>27-01-21 20:55:52:148</time></pt><pt><x>218</x><y>310</y><time>27-01-21 20:55:52:376</time></pt><pt><x>218</x><y>315</y><time>27-01-21 20:55:52:612</time></pt><pt><x>222</x><y>315</y><time>27-01-21 20:55:52:893</time></pt><pt><x>226</x><y>315</y><time>27-01-21 20:55:53:138</time></pt><pt><x>230</x><y>315</y><time>27-01-21 20:55:53:483</time></pt><pt><x>257</x><y>312</y><time>27-01-21 20:55:56:414</time></pt><pt><x>259</x><y>309</y><time>27-01-21 20:55:56:719</time></pt><pt><x>261</x><y>306</y><time>27-01-21 20:55:57:057</time></pt><pt><x>261</x><y>302</y><time>27-01-21 20:55:57:253</time></pt><pt><x>258</x><y>299</y><time>27-01-21 20:55:57:481</time></pt><pt><x>251</x><y>298</y><time>27-01-21 20:55:57:646</time></pt><pt><x>247</x><y>296</y><time>27-01-21 20:55:57:920</time></pt><pt><x>237</x><y>290</y><time>27-01-21 20:56:01:314</time></pt><pt><x>236</x><y>287</y><time>27-01-21 20:56:01:480</time></pt><pt><x>238</x><y>273</y><time>27-01-21 20:56:02:007</time></pt><pt><x>239</x><y>254</y><time>27-01-21 20:56:02:627</time></pt><pt><x>237</x><y>240</y><time>27-01-21 20:56:03:737</time></pt><pt><x>237</x><y>234</y><time>27-01-21 20:56:03:995</time></pt><pt><x>236</x><y>221</y><time>27-01-21 20:56:04:357</time></pt><pt><x>236</x><y>215</y><time>27-01-21 20:56:04:687</time></pt><pt><x>238</x><y>211</y><time>27-01-21 20:56:04:899</time></pt><pt><x>240</x><y>206</y><time>27-01-21 20:56:05:165</time></pt><pt><x>241</x><y>203</y><time>27-01-21 20:56:05:363</time></pt><pt><x>242</x><y>196</y><time>27-01-21 20:56:05:714</time></pt><pt><x>242</x><y>194</y><time>27-01-21 20:56:05:999</time></pt><pt><x>244</x><y>192</y><time>27-01-21 20:56:06:188</time></pt><pt><x>246</x><y>188</y><time>27-01-21 20:56:06:697</time></pt><pt><x>245</x><y>183</y><time>27-01-21 20:56:11:381</time></pt><pt><x>245</x><y>178</y><time>27-01-21 20:56:11:665</time></pt><pt><x>247</x><y>171</y><time>27-01-21 20:56:12:034</time></pt><pt><x>251</x><y>159</y><time>27-01-21 20:56:12:604</time></pt><pt><x>253</x><y>138</y><time>27-01-21 20:56:13:738</time></pt><pt><x>254</x><y>121</y><time>27-01-21 20:56:14:327</time></pt><pt><x>251</x><y>90</y><time>27-01-21 20:56:15:276</time></pt><pt><x>248</x><y>73</y><time>27-01-21 20:56:15:912</time></pt><pt><x>245</x><y>53</y><time>27-01-21 20:56:17:453</time></pt><pt><x>241</x><y>39</y><time>27-01-21 20:56:18:247</time></pt><pt><x>237</x><y>34</y><time>27-01-21 20:56:18:687</time></pt><pt><x>234</x><y>30</y><time>27-01-21 20:56:19:008</time></pt><pt><x>229</x><y>28</y><time>27-01-21 20:56:19:465</time></pt><pt><x>227</x><y>26</y><time>27-01-21 20:56:19:819</time></pt><pt><x>229</x><y>26</y><time>27-01-21 20:56:20:109</time></pt><pt><x>230</x><y>23</y><time>27-01-21 20:56:20:355</time></pt><pt><x>233</x><y>16</y><time>27-01-21 20:56:21:320</time></pt><pt><x>233</x><y>13</y><time>27-01-21 20:56:21:694</time></pt><pt><x>235</x><y>13</y><time>27-01-21 20:56:21:909</time></pt><pt><x>236</x><y>11</y><time>27-01-21 20:56:22:341</time></pt><pt><x>236</x><y>7</y><time>27-01-21 20:56:22:734</time></pt><pt><x>235</x><y>3</y><time>27-01-21 20:56:23:198</time></pt><pt><x>234</x><y>0</y><time>27-01-21 20:56:23:644</time></pt><pt><x>234</x><y>0</y><time>27-01-21 20:56:25:350</time></pt><closed_date>27-01-21 20:56:28:860</closed_date></polygon></object><object><name>person</name><deleted>1</deleted><verified>0</verified><occluded>no</occluded><attributes></attributes><parts><hasparts></hasparts><ispartof></ispartof></parts><date>27-01-21 21:01:34:928</date><id>1</id><polygon><username>7hao</username><pt><x>392</x><y>24</y><time>27-01-21 20:56:38:980</time></pt><pt><x>385</x><y>23</y><time>27-01-21 20:56:39:557</time></pt><pt><x>378</x><y>26</y><time>27-01-21 20:56:39:916</time></pt><pt><x>372</x><y>29</y><time>27-01-21 20:56:40:263</time></pt><pt><x>369</x><y>33</y><time>27-01-21 20:56:40:673</time></pt><pt><x>368</x><y>37</y><time>27-01-21 20:56:40:970</time></pt><pt><x>367</x><y>42</y><time>27-01-21 20:56:41:310</time></pt><pt><x>368</x><y>47</y><time>27-01-21 20:56:41:631</time></pt><pt><x>369</x><y>50</y><time>27-01-21 20:56:41:883</time></pt><pt><x>370</x><y>53</y><time>27-01-21 20:56:42:095</time></pt><pt><x>372</x><y>56</y><time>27-01-21 20:56:42:275</time></pt><pt><x>374</x><y>58</y><time>27-01-21 20:56:42:471</time></pt><pt><x>375</x><y>60</y><time>27-01-21 20:56:42:659</time></pt><pt><x>378</x><y>61</y><time>27-01-21 20:56:42:850</time></pt><pt><x>379</x><y>62</y><time>27-01-21 20:56:43:045</time></pt><pt><x>381</x><y>65</y><time>27-01-21 20:56:43:281</time></pt><pt><x>382</x><y>67</y><time>27-01-21 20:56:43:446</time></pt><pt><x>382</x><y>70</y><time>27-01-21 20:56:43:674</time></pt><pt><x>381</x><y>71</y><time>27-01-21 20:56:43:918</time></pt><pt><x>375</x><y>72</y><time>27-01-21 20:56:44:263</time></pt><pt><x>371</x><y>73</y><time>27-01-21 20:56:44:475</time></pt><pt><x>369</x><y>74</y><time>27-01-21 20:56:44:646</time></pt><pt><x>366</x><y>74</y><time>27-01-21 20:56:44:882</time></pt><pt><x>363</x><y>72</y><time>27-01-21 20:56:45:089</time></pt><pt><x>359</x><y>72</y><time>27-01-21 20:56:45:261</time></pt><pt><x>356</x><y>74</y><time>27-01-21 20:56:45:677</time></pt><pt><x>353</x><y>75</y><time>27-01-21 20:56:46:028</time></pt><pt><x>352</x><y>73</y><time>27-01-21 20:56:46:249</time></pt><pt><x>354</x><y>70</y><time>27-01-21 20:56:46:430</time></pt><pt><x>356</x><y>67</y><time>27-01-21 20:56:46:761</time></pt><pt><x>358</x><y>62</y><time>27-01-21 20:56:46:965</time></pt><pt><x>361</x><y>57</y><time>27-01-21 20:56:47:342</time></pt><pt><x>364</x><y>53</y><time>27-01-21 20:56:47:625</time></pt><pt><x>366</x><y>51</y><time>27-01-21 20:56:47:852</time></pt><pt><x>366</x><y>48</y><time>27-01-21 20:56:48:127</time></pt><pt><x>366</x><y>44</y><time>27-01-21 20:56:48:543</time></pt><pt><x>366</x><y>39</y><time>27-01-21 20:56:49:181</time></pt><pt><x>367</x><y>36</y><time>27-01-21 20:56:49:626</time></pt><pt><x>368</x><y>33</y><time>27-01-21 20:56:50:052</time></pt><pt><x>365</x><y>32</y><time>27-01-21 20:56:50:375</time></pt><pt><x>360</x><y>32</y><time>27-01-21 20:56:50:578</time></pt><pt><x>359</x><y>35</y><time>27-01-21 20:56:50:816</time></pt><pt><x>357</x><y>39</y><time>27-01-21 20:56:51:010</time></pt><pt><x>357</x><y>40</y><time>27-01-21 20:56:51:175</time></pt><pt><x>356</x><y>44</y><time>27-01-21 20:56:51:342</time></pt><pt><x>356</x><y>46</y><time>27-01-21 20:56:51:490</time></pt><pt><x>356</x><y>48</y><time>27-01-21 20:56:51:647</time></pt><pt><x>355</x><y>50</y><time>27-01-21 20:56:51:827</time></pt><pt><x>352</x><y>53</y><time>27-01-21 20:56:52:103</time></pt><pt><x>348</x><y>57</y><time>27-01-21 20:56:52:394</time></pt><pt><x>346</x><y>59</y><time>27-01-21 20:56:52:715</time></pt><pt><x>342</x><y>66</y><time>27-01-21 20:57:11:323</time></pt><pt><x>337</x><y>74</y><time>27-01-21 20:57:11:882</time></pt><pt><x>332</x><y>83</y><time>27-01-21 20:57:12:423</time></pt><pt><x>331</x><y>87</y><time>27-01-21 20:57:12:721</time></pt><pt><x>331</x><y>89</y><time>27-01-21 20:57:12:903</time></pt><pt><x>333</x><y>92</y><time>27-01-21 20:57:13:218</time></pt><pt><x>341</x><y>95</y><time>27-01-21 20:57:13:593</time></pt><pt><x>348</x><y>97</y><time>27-01-21 20:57:14:105</time></pt><pt><x>355</x><y>98</y><time>27-01-21 20:57:14:435</time></pt><pt><x>357</x><y>99</y><time>27-01-21 20:57:14:703</time></pt><pt><x>361</x><y>104</y><time>27-01-21 20:57:15:071</time></pt><pt><x>361</x><y>109</y><time>27-01-21 20:57:15:503</time></pt><pt><x>361</x><y>127</y><time>27-01-21 20:57:48:451</time></pt><pt><x>359</x><y>142</y><time>27-01-21 20:57:49:299</time></pt><pt><x>360</x><y>153</y><time>27-01-21 20:57:49:842</time></pt><pt><x>360</x><y>162</y><time>27-01-21 20:57:50:187</time></pt><pt><x>359</x><y>170</y><time>27-01-21 20:57:50:659</time></pt><pt><x>357</x><y>203</y><time>27-01-21 20:57:51:829</time></pt><pt><x>358</x><y>218</y><time>27-01-21 20:57:52:284</time></pt><pt><x>361</x><y>229</y><time>27-01-21 20:57:52:678</time></pt><pt><x>361</x><y>235</y><time>27-01-21 20:57:53:000</time></pt><pt><x>359</x><y>242</y><time>27-01-21 20:57:53:359</time></pt><pt><x>357</x><y>246</y><time>27-01-21 20:57:53:534</time></pt><pt><x>356</x><y>252</y><time>27-01-21 20:57:53:832</time></pt><pt><x>357</x><y>257</y><time>27-01-21 20:57:54:013</time></pt><pt><x>357</x><y>263</y><time>27-01-21 20:57:54:406</time></pt><pt><x>357</x><y>268</y><time>27-01-21 20:57:56:281</time></pt><pt><x>357</x><y>272</y><time>27-01-21 20:57:56:620</time></pt><pt><x>358</x><y>274</y><time>27-01-21 20:57:56:804</time></pt><pt><x>358</x><y>278</y><time>27-01-21 20:57:57:035</time></pt><pt><x>356</x><y>280</y><time>27-01-21 20:57:57:406</time></pt><pt><x>356</x><y>283</y><time>27-01-21 20:57:57:564</time></pt><pt><x>357</x><y>286</y><time>27-01-21 20:57:57:712</time></pt><pt><x>358</x><y>288</y><time>27-01-21 20:57:57:947</time></pt><pt><x>358</x><y>291</y><time>27-01-21 20:57:58:113</time></pt><pt><x>357</x><y>293</y><time>27-01-21 20:57:58:286</time></pt><pt><x>357</x><y>296</y><time>27-01-21 20:57:58:442</time></pt><pt><x>356</x><y>298</y><time>27-01-21 20:57:58:631</time></pt><pt><x>354</x><y>303</y><time>27-01-21 20:57:58:860</time></pt><pt><x>351</x><y>306</y><time>27-01-21 20:57:59:173</time></pt><pt><x>350</x><y>309</y><time>27-01-21 20:57:59:337</time></pt><pt><x>349</x><y>311</y><time>27-01-21 20:57:59:519</time></pt><pt><x>351</x><y>314</y><time>27-01-21 20:57:59:809</time></pt><pt><x>354</x><y>315</y><time>27-01-21 20:58:00:131</time></pt><pt><x>359</x><y>315</y><time>27-01-21 20:58:00:320</time></pt><pt><x>366</x><y>315</y><time>27-01-21 20:58:00:633</time></pt><pt><x>369</x><y>313</y><time>27-01-21 20:58:01:106</time></pt><pt><x>370</x><y>312</y><time>27-01-21 20:58:01:363</time></pt><pt><x>371</x><y>311</y><time>27-01-21 20:58:01:600</time></pt><pt><x>372</x><y>309</y><time>27-01-21 20:58:01:843</time></pt><pt><x>370</x><y>307</y><time>27-01-21 20:58:01:999</time></pt><pt><x>370</x><y>304</y><time>27-01-21 20:58:02:182</time></pt><pt><x>371</x><y>302</y><time>27-01-21 20:58:02:378</time></pt><pt><x>371</x><y>299</y><time>27-01-21 20:58:02:550</time></pt><pt><x>371</x><y>296</y><time>27-01-21 20:58:02:707</time></pt><pt><x>373</x><y>289</y><time>27-01-21 20:58:03:141</time></pt><pt><x>378</x><y>267</y><time>27-01-21 20:58:05:825</time></pt><pt><x>380</x><y>256</y><time>27-01-21 20:58:06:337</time></pt><pt><x>380</x><y>246</y><time>27-01-21 20:58:06:770</time></pt><pt><x>381</x><y>240</y><time>27-01-21 20:58:07:155</time></pt><pt><x>382</x><y>236</y><time>27-01-21 20:58:07:373</time></pt><pt><x>382</x><y>233</y><time>27-01-21 20:58:07:562</time></pt><pt><x>384</x><y>224</y><time>27-01-21 20:58:08:276</time></pt><pt><x>387</x><y>268</y><time>27-01-21 20:58:09:368</time></pt><pt><x>388</x><y>280</y><time>27-01-21 20:58:09:825</time></pt><pt><x>388</x><y>282</y><time>27-01-21 20:58:09:999</time></pt><pt><x>388</x><y>284</y><time>27-01-21 21:00:09:634</time></pt><pt><x>389</x><y>287</y><time>27-01-21 21:00:10:151</time></pt><pt><x>389</x><y>289</y><time>27-01-21 21:00:10:489</time></pt><pt><x>390</x><y>292</y><time>27-01-21 21:00:10:739</time></pt><pt><x>390</x><y>293</y><time>27-01-21 21:00:10:880</time></pt><pt><x>390</x><y>293</y><time>27-01-21 21:00:11:061</time></pt><pt><x>391</x><y>294</y><time>27-01-21 21:00:11:211</time></pt><pt><x>391</x><y>296</y><time>27-01-21 21:00:11:384</time></pt><pt><x>391</x><y>298</y><time>27-01-21 21:00:11:604</time></pt><pt><x>391</x><y>299</y><time>27-01-21 21:00:11:755</time></pt><pt><x>391</x><y>301</y><time>27-01-21 21:00:11:896</time></pt><pt><x>390</x><y>304</y><time>27-01-21 21:00:12:043</time></pt><pt><x>390</x><y>308</y><time>27-01-21 21:00:12:367</time></pt><pt><x>390</x><y>310</y><time>27-01-21 21:00:12:602</time></pt><pt><x>394</x><y>311</y><time>27-01-21 21:00:53:628</time></pt><pt><x>396</x><y>312</y><time>27-01-21 21:00:53:993</time></pt><pt><x>399</x><y>313</y><time>27-01-21 21:00:54:262</time></pt><pt><x>403</x><y>314</y><time>27-01-21 21:00:54:599</time></pt><pt><x>415</x><y>314</y><time>27-01-21 21:00:55:243</time></pt><pt><x>416</x><y>312</y><time>27-01-21 21:00:55:595</time></pt><pt><x>415</x><y>308</y><time>27-01-21 21:00:55:989</time></pt><pt><x>411</x><y>304</y><time>27-01-21 21:00:56:453</time></pt><pt><x>407</x><y>298</y><time>27-01-21 21:00:56:824</time></pt><pt><x>405</x><y>292</y><time>27-01-21 21:00:57:183</time></pt><pt><x>405</x><y>286</y><time>27-01-21 21:00:57:513</time></pt><pt><x>407</x><y>284</y><time>27-01-21 21:00:58:448</time></pt><pt><x>407</x><y>282</y><time>27-01-21 21:00:58:745</time></pt><pt><x>406</x><y>280</y><time>27-01-21 21:00:58:960</time></pt><pt><x>406</x><y>277</y><time>27-01-21 21:00:59:177</time></pt><pt><x>407</x><y>268</y><time>27-01-21 21:00:59:939</time></pt><pt><x>409</x><y>245</y><time>27-01-21 21:01:01:252</time></pt><pt><x>408</x><y>240</y><time>27-01-21 21:01:01:817</time></pt><pt><x>408</x><y>238</y><time>27-01-21 21:01:02:069</time></pt><pt><x>410</x><y>235</y><time>27-01-21 21:01:02:289</time></pt><pt><x>410</x><y>230</y><time>27-01-21 21:01:02:681</time></pt><pt><x>412</x><y>217</y><time>27-01-21 21:01:03:639</time></pt><pt><x>411</x><y>189</y><time>27-01-21 21:01:11:478</time></pt><pt><x>413</x><y>173</y><time>27-01-21 21:01:11:924</time></pt><pt><x>413</x><y>166</y><time>27-01-21 21:01:12:271</time></pt><pt><x>413</x><y>155</y><time>27-01-21 21:01:12:712</time></pt><pt><x>411</x><y>145</y><time>27-01-21 21:01:14:143</time></pt><pt><x>411</x><y>140</y><time>27-01-21 21:01:14:374</time></pt><pt><x>411</x><y>134</y><time>27-01-21 21:01:14:549</time></pt><pt><x>412</x><y>128</y><time>27-01-21 21:01:14:901</time></pt><pt><x>411</x><y>117</y><time>27-01-21 21:01:15:373</time></pt><pt><x>409</x><y>114</y><time>27-01-21 21:01:15:618</time></pt><pt><x>401</x><y>118</y><time>27-01-21 21:01:15:868</time></pt><pt><x>395</x><y>125</y><time>27-01-21 21:01:16:127</time></pt><pt><x>389</x><y>134</y><time>27-01-21 21:01:16:518</time></pt><pt><x>386</x><y>139</y><time>27-01-21 21:01:16:754</time></pt><pt><x>384</x><y>146</y><time>27-01-21 21:01:16:959</time></pt><pt><x>379</x><y>152</y><time>27-01-21 21:01:19:378</time></pt><pt><x>373</x><y>154</y><time>27-01-21 21:01:19:678</time></pt><pt><x>365</x><y>151</y><time>27-01-21 21:01:20:189</time></pt><pt><x>364</x><y>145</y><time>27-01-21 21:01:20:439</time></pt><pt><x>364</x><y>128</y><time>27-01-21 21:01:21:476</time></pt><pt><x>368</x><y>124</y><time>27-01-21 21:01:21:886</time></pt><pt><x>372</x><y>119</y><time>27-01-21 21:01:22:402</time></pt><pt><x>380</x><y>107</y><time>27-01-21 21:01:22:992</time></pt><pt><x>390</x><y>91</y><time>27-01-21 21:01:24:335</time></pt><pt><x>398</x><y>75</y><time>27-01-21 21:01:24:798</time></pt><pt><x>401</x><y>60</y><time>27-01-21 21:01:25:453</time></pt><pt><x>404</x><y>52</y><time>27-01-21 21:01:29:441</time></pt><pt><x>403</x><y>48</y><time>27-01-21 21:01:29:725</time></pt><pt><x>402</x><y>46</y><time>27-01-21 21:01:29:904</time></pt><pt><x>401</x><y>42</y><time>27-01-21 21:01:30:133</time></pt><pt><x>401</x><y>39</y><time>27-01-21 21:01:30:290</time></pt><pt><x>402</x><y>37</y><time>27-01-21 21:01:30:500</time></pt><pt><x>402</x><y>33</y><time>27-01-21 21:01:30:688</time></pt><pt><x>401</x><y>29</y><time>27-01-21 21:01:30:908</time></pt><pt><x>397</x><y>26</y><time>27-01-21 21:01:31:224</time></pt><pt><x>394</x><y>25</y><time>27-01-21 21:01:31:568</time></pt><closed_date>27-01-21 21:01:31:906</closed_date></polygon></object><object><name>person</name><deleted>0</deleted><verified>0</verified><occluded>no</occluded><attributes></attributes><parts><hasparts></hasparts><ispartof></ispartof></parts><date>27-01-21 21:03:34:490</date><id>2</id><polygon><username>7hao</username><pt><x>412</x><y>0</y><time>27-01-21 21:01:39:882</time></pt><pt><x>409</x><y>7</y><time>27-01-21 21:01:40:368</time></pt><pt><x>408</x><y>16</y><time>27-01-21 21:01:40:713</time></pt><pt><x>408</x><y>24</y><time>27-01-21 21:01:41:027</time></pt><pt><x>408</x><y>34</y><time>27-01-21 21:01:41:337</time></pt><pt><x>406</x><y>43</y><time>27-01-21 21:01:41:846</time></pt><pt><x>405</x><y>51</y><time>27-01-21 21:01:42:599</time></pt><pt><x>404</x><y>56</y><time>27-01-21 21:01:43:509</time></pt><pt><x>401</x><y>67</y><time>27-01-21 21:01:45:081</time></pt><pt><x>400</x><y>76</y><time>27-01-21 21:01:45:890</time></pt><pt><x>396</x><y>86</y><time>27-01-21 21:01:46:629</time></pt><pt><x>395</x><y>87</y><time>27-01-21 21:01:46:731</time></pt><pt><x>387</x><y>101</y><time>27-01-21 21:01:48:096</time></pt><pt><x>379</x><y>114</y><time>27-01-21 21:01:48:562</time></pt><pt><x>374</x><y>124</y><time>27-01-21 21:01:49:087</time></pt><pt><x>370</x><y>129</y><time>27-01-21 21:01:51:522</time></pt><pt><x>368</x><y>135</y><time>27-01-21 21:01:51:828</time></pt><pt><x>369</x><y>143</y><time>27-01-21 21:01:52:142</time></pt><pt><x>373</x><y>149</y><time>27-01-21 21:01:52:589</time></pt><pt><x>379</x><y>149</y><time>27-01-21 21:01:52:910</time></pt><pt><x>383</x><y>142</y><time>27-01-21 21:01:53:390</time></pt><pt><x>385</x><y>134</y><time>27-01-21 21:01:53:823</time></pt><pt><x>390</x><y>124</y><time>27-01-21 21:01:54:199</time></pt><pt><x>398</x><y>115</y><time>27-01-21 21:01:54:695</time></pt><pt><x>404</x><y>110</y><time>27-01-21 21:01:55:105</time></pt><pt><x>407</x><y>110</y><time>27-01-21 21:01:56:020</time></pt><pt><x>407</x><y>112</y><time>27-01-21 21:01:56:391</time></pt><pt><x>409</x><y>113</y><time>27-01-21 21:01:56:659</time></pt><pt><x>411</x><y>115</y><time>27-01-21 21:01:57:215</time></pt><pt><x>413</x><y>122</y><time>27-01-21 21:01:57:922</time></pt><pt><x>413</x><y>129</y><time>27-01-21 21:01:58:715</time></pt><pt><x>412</x><y>133</y><time>27-01-21 21:02:01:818</time></pt><pt><x>412</x><y>143</y><time>27-01-21 21:02:02:870</time></pt><pt><x>413</x><y>149</y><time>27-01-21 21:02:03:388</time></pt><pt><x>414</x><y>155</y><time>27-01-21 21:02:04:111</time></pt><pt><x>414</x><y>163</y><time>27-01-21 21:02:05:038</time></pt><pt><x>414</x><y>172</y><time>27-01-21 21:02:06:593</time></pt><pt><x>412</x><y>189</y><time>27-01-21 21:02:09:884</time></pt><pt><x>413</x><y>226</y><time>27-01-21 21:02:13:599</time></pt><pt><x>414</x><y>242</y><time>27-01-21 21:02:14:936</time></pt><pt><x>417</x><y>263</y><time>27-01-21 21:02:16:811</time></pt><pt><x>419</x><y>272</y><time>27-01-21 21:02:17:196</time></pt><pt><x>422</x><y>278</y><time>27-01-21 21:02:17:496</time></pt><pt><x>422</x><y>281</y><time>27-01-21 21:02:17:683</time></pt><pt><x>422</x><y>287</y><time>27-01-21 21:02:17:911</time></pt><pt><x>419</x><y>305</y><time>27-01-21 21:02:19:756</time></pt><pt><x>418</x><y>318</y><time>27-01-21 21:02:20:141</time></pt><pt><x>420</x><y>324</y><time>27-01-21 21:02:22:451</time></pt><pt><x>422</x><y>327</y><time>27-01-21 21:02:22:711</time></pt><pt><x>423</x><y>331</y><time>27-01-21 21:02:22:961</time></pt><pt><x>423</x><y>336</y><time>27-01-21 21:02:23:182</time></pt><pt><x>423</x><y>338</y><time>27-01-21 21:02:23:370</time></pt><pt><x>418</x><y>342</y><time>27-01-21 21:02:26:091</time></pt><pt><x>416</x><y>344</y><time>27-01-21 21:02:26:380</time></pt><pt><x>414</x><y>346</y><time>27-01-21 21:02:26:552</time></pt><pt><x>411</x><y>348</y><time>27-01-21 21:02:26:836</time></pt><pt><x>411</x><y>349</y><time>27-01-21 21:02:26:999</time></pt><pt><x>410</x><y>351</y><time>27-01-21 21:02:27:259</time></pt><pt><x>406</x><y>351</y><time>27-01-21 21:02:29:977</time></pt><pt><x>396</x><y>352</y><time>27-01-21 21:02:30:573</time></pt><pt><x>390</x><y>354</y><time>27-01-21 21:02:30:934</time></pt><pt><x>389</x><y>357</y><time>27-01-21 21:02:31:179</time></pt><pt><x>390</x><y>363</y><time>27-01-21 21:02:31:400</time></pt><pt><x>397</x><y>367</y><time>27-01-21 21:02:31:738</time></pt><pt><x>409</x><y>370</y><time>27-01-21 21:02:51:767</time></pt><pt><x>419</x><y>371</y><time>27-01-21 21:02:52:284</time></pt><pt><x>429</x><y>370</y><time>27-01-21 21:02:52:655</time></pt><pt><x>440</x><y>370</y><time>27-01-21 21:02:53:048</time></pt><pt><x>452</x><y>370</y><time>27-01-21 21:02:53:424</time></pt><pt><x>456</x><y>372</y><time>27-01-21 21:03:00:180</time></pt><pt><x>452</x><y>376</y><time>27-01-21 21:03:00:520</time></pt><pt><x>448</x><y>381</y><time>27-01-21 21:03:01:869</time></pt><pt><x>447</x><y>383</y><time>27-01-21 21:03:02:045</time></pt><pt><x>448</x><y>387</y><time>27-01-21 21:03:02:200</time></pt><pt><x>455</x><y>389</y><time>27-01-21 21:03:02:436</time></pt><pt><x>477</x><y>386</y><time>27-01-21 21:03:02:822</time></pt><pt><x>477</x><y>386</y><time>27-01-21 21:03:02:914</time></pt><pt><x>490</x><y>383</y><time>27-01-21 21:03:03:300</time></pt><pt><x>497</x><y>378</y><time>27-01-21 21:03:03:620</time></pt><pt><x>498</x><y>371</y><time>27-01-21 21:03:03:842</time></pt><pt><x>495</x><y>329</y><time>27-01-21 21:03:04:924</time></pt><pt><x>485</x><y>318</y><time>27-01-21 21:03:05:239</time></pt><pt><x>480</x><y>312</y><time>27-01-21 21:03:05:446</time></pt><pt><x>479</x><y>304</y><time>27-01-21 21:03:05:586</time></pt><pt><x>477</x><y>284</y><time>27-01-21 21:03:06:229</time></pt><pt><x>469</x><y>245</y><time>27-01-21 21:03:07:916</time></pt><pt><x>467</x><y>241</y><time>27-01-21 21:03:08:121</time></pt><pt><x>467</x><y>236</y><time>27-01-21 21:03:08:302</time></pt><pt><x>466</x><y>231</y><time>27-01-21 21:03:08:509</time></pt><pt><x>464</x><y>225</y><time>27-01-21 21:03:08:697</time></pt><pt><x>463</x><y>220</y><time>27-01-21 21:03:08:890</time></pt><pt><x>462</x><y>213</y><time>27-01-21 21:03:09:095</time></pt><pt><x>461</x><y>205</y><time>27-01-21 21:03:13:863</time></pt><pt><x>468</x><y>188</y><time>27-01-21 21:03:14:295</time></pt><pt><x>478</x><y>169</y><time>27-01-21 21:03:14:758</time></pt><pt><x>485</x><y>156</y><time>27-01-21 21:03:15:332</time></pt><pt><x>489</x><y>148</y><time>27-01-21 21:03:15:694</time></pt><pt><x>491</x><y>142</y><time>27-01-21 21:03:15:897</time></pt><pt><x>495</x><y>138</y><time>27-01-21 21:03:16:164</time></pt><pt><x>502</x><y>131</y><time>27-01-21 21:03:16:497</time></pt><pt><x>506</x><y>127</y><time>27-01-21 21:03:16:824</time></pt><pt><x>512</x><y>120</y><time>27-01-21 21:03:21:602</time></pt><pt><x>512</x><y>112</y><time>27-01-21 21:03:21:882</time></pt><pt><x>512</x><y>107</y><time>27-01-21 21:03:22:106</time></pt><pt><x>512</x><y>101</y><time>27-01-21 21:03:22:323</time></pt><pt><x>514</x><y>97</y><time>27-01-21 21:03:22:528</time></pt><pt><x>520</x><y>92</y><time>27-01-21 21:03:22:764</time></pt><pt><x>525</x><y>81</y><time>27-01-21 21:03:23:116</time></pt><pt><x>528</x><y>60</y><time>27-01-21 21:03:24:538</time></pt><pt><x>531</x><y>44</y><time>27-01-21 21:03:25:151</time></pt><pt><x>530</x><y>33</y><time>27-01-21 21:03:25:519</time></pt><pt><x>526</x><y>15</y><time>27-01-21 21:03:26:124</time></pt><pt><x>522</x><y>3</y><time>27-01-21 21:03:27:547</time></pt><pt><x>521</x><y>0</y><time>27-01-21 21:03:28:623</time></pt><closed_date>27-01-21 21:03:32:283</closed_date></polygon></object><object><name>person</name><deleted>0</deleted><verified>0</verified><occluded>no</occluded><attributes></attributes><parts><hasparts></hasparts><ispartof></ispartof></parts><date>27-01-21 21:05:49:030</date><id>3</id><polygon><username>7hao</username><pt><x>392</x><y>23</y><time>27-01-21 21:03:49:713</time></pt><pt><x>386</x><y>24</y><time>27-01-21 21:03:50:153</time></pt><pt><x>377</x><y>25</y><time>27-01-21 21:03:50:428</time></pt><pt><x>373</x><y>28</y><time>27-01-21 21:03:50:711</time></pt><pt><x>369</x><y>32</y><time>27-01-21 21:03:51:018</time></pt><pt><x>367</x><y>38</y><time>27-01-21 21:03:51:323</time></pt><pt><x>367</x><y>45</y><time>27-01-21 21:03:51:600</time></pt><pt><x>369</x><y>50</y><time>27-01-21 21:03:51:837</time></pt><pt><x>371</x><y>55</y><time>27-01-21 21:03:52:062</time></pt><pt><x>373</x><y>58</y><time>27-01-21 21:03:52:274</time></pt><pt><x>377</x><y>60</y><time>27-01-21 21:03:52:464</time></pt><pt><x>379</x><y>61</y><time>27-01-21 21:03:52:644</time></pt><pt><x>380</x><y>64</y><time>27-01-21 21:03:52:834</time></pt><pt><x>381</x><y>66</y><time>27-01-21 21:03:52:998</time></pt><pt><x>381</x><y>69</y><time>27-01-21 21:03:53:232</time></pt><pt><x>380</x><y>71</y><time>27-01-21 21:03:53:478</time></pt><pt><x>375</x><y>71</y><time>27-01-21 21:03:53:759</time></pt><pt><x>370</x><y>73</y><time>27-01-21 21:03:58:266</time></pt><pt><x>369</x><y>74</y><time>27-01-21 21:03:58:698</time></pt><pt><x>364</x><y>73</y><time>27-01-21 21:03:58:958</time></pt><pt><x>361</x><y>73</y><time>27-01-21 21:03:59:133</time></pt><pt><x>359</x><y>73</y><time>27-01-21 21:03:59:288</time></pt><pt><x>357</x><y>74</y><time>27-01-21 21:03:59:508</time></pt><pt><x>354</x><y>75</y><time>27-01-21 21:03:59:680</time></pt><pt><x>353</x><y>74</y><time>27-01-21 21:03:59:900</time></pt><pt><x>353</x><y>72</y><time>27-01-21 21:04:00:083</time></pt><pt><x>355</x><y>70</y><time>27-01-21 21:04:00:262</time></pt><pt><x>359</x><y>63</y><time>27-01-21 21:04:02:902</time></pt><pt><x>361</x><y>59</y><time>27-01-21 21:04:03:278</time></pt><pt><x>364</x><y>54</y><time>27-01-21 21:04:03:539</time></pt><pt><x>366</x><y>51</y><time>27-01-21 21:04:03:923</time></pt><pt><x>367</x><y>48</y><time>27-01-21 21:04:04:615</time></pt><pt><x>366</x><y>46</y><time>27-01-21 21:04:05:078</time></pt><pt><x>366</x><y>43</y><time>27-01-21 21:04:05:524</time></pt><pt><x>366</x><y>39</y><time>27-01-21 21:04:06:240</time></pt><pt><x>366</x><y>36</y><time>27-01-21 21:04:06:667</time></pt><pt><x>367</x><y>34</y><time>27-01-21 21:04:07:151</time></pt><pt><x>367</x><y>33</y><time>27-01-21 21:04:07:670</time></pt><pt><x>365</x><y>32</y><time>27-01-21 21:04:07:944</time></pt><pt><x>362</x><y>32</y><time>27-01-21 21:04:08:118</time></pt><pt><x>359</x><y>33</y><time>27-01-21 21:04:08:283</time></pt><pt><x>358</x><y>37</y><time>27-01-21 21:04:08:668</time></pt><pt><x>357</x><y>40</y><time>27-01-21 21:04:08:927</time></pt><pt><x>356</x><y>42</y><time>27-01-21 21:04:09:077</time></pt><pt><x>356</x><y>43</y><time>27-01-21 21:04:09:226</time></pt><pt><x>356</x><y>46</y><time>27-01-21 21:04:09:383</time></pt><pt><x>356</x><y>48</y><time>27-01-21 21:04:09:657</time></pt><pt><x>356</x><y>50</y><time>27-01-21 21:04:09:956</time></pt><pt><x>354</x><y>51</y><time>27-01-21 21:04:10:130</time></pt><pt><x>353</x><y>53</y><time>27-01-21 21:04:10:294</time></pt><pt><x>348</x><y>57</y><time>27-01-21 21:04:10:647</time></pt><pt><x>345</x><y>62</y><time>27-01-21 21:04:11:189</time></pt><pt><x>337</x><y>72</y><time>27-01-21 21:04:11:739</time></pt><pt><x>335</x><y>77</y><time>27-01-21 21:04:12:410</time></pt><pt><x>332</x><y>84</y><time>27-01-21 21:04:26:879</time></pt><pt><x>331</x><y>87</y><time>27-01-21 21:04:27:208</time></pt><pt><x>331</x><y>89</y><time>27-01-21 21:04:27:422</time></pt><pt><x>332</x><y>91</y><time>27-01-21 21:04:27:601</time></pt><pt><x>334</x><y>92</y><time>27-01-21 21:04:27:877</time></pt><pt><x>339</x><y>95</y><time>27-01-21 21:04:28:418</time></pt><pt><x>344</x><y>97</y><time>27-01-21 21:04:28:944</time></pt><pt><x>349</x><y>98</y><time>27-01-21 21:04:29:243</time></pt><pt><x>352</x><y>98</y><time>27-01-21 21:04:29:463</time></pt><pt><x>355</x><y>98</y><time>27-01-21 21:04:29:707</time></pt><pt><x>359</x><y>100</y><time>27-01-21 21:04:30:014</time></pt><pt><x>361</x><y>103</y><time>27-01-21 21:04:30:225</time></pt><pt><x>361</x><y>109</y><time>27-01-21 21:04:30:690</time></pt><pt><x>360</x><y>116</y><time>27-01-21 21:04:31:192</time></pt><pt><x>359</x><y>151</y><time>27-01-21 21:04:32:754</time></pt><pt><x>360</x><y>162</y><time>27-01-21 21:04:33:265</time></pt><pt><x>360</x><y>166</y><time>27-01-21 21:04:33:555</time></pt><pt><x>359</x><y>174</y><time>27-01-21 21:04:33:753</time></pt><pt><x>357</x><y>179</y><time>27-01-21 21:04:34:035</time></pt><pt><x>357</x><y>185</y><time>27-01-21 21:04:34:223</time></pt><pt><x>358</x><y>192</y><time>27-01-21 21:04:34:609</time></pt><pt><x>358</x><y>206</y><time>27-01-21 21:04:35:693</time></pt><pt><x>359</x><y>217</y><time>27-01-21 21:04:36:016</time></pt><pt><x>361</x><y>231</y><time>27-01-21 21:04:36:895</time></pt><pt><x>362</x><y>236</y><time>27-01-21 21:04:37:193</time></pt><pt><x>360</x><y>241</y><time>27-01-21 21:04:37:491</time></pt><pt><x>357</x><y>251</y><time>27-01-21 21:04:39:047</time></pt><pt><x>357</x><y>263</y><time>27-01-21 21:04:39:621</time></pt><pt><x>357</x><y>270</y><time>27-01-21 21:04:39:943</time></pt><pt><x>357</x><y>273</y><time>27-01-21 21:04:40:123</time></pt><pt><x>357</x><y>279</y><time>27-01-21 21:04:40:493</time></pt><pt><x>356</x><y>281</y><time>27-01-21 21:04:40:705</time></pt><pt><x>356</x><y>284</y><time>27-01-21 21:04:40:861</time></pt><pt><x>357</x><y>287</y><time>27-01-21 21:04:41:050</time></pt><pt><x>358</x><y>289</y><time>27-01-21 21:04:41:255</time></pt><pt><x>359</x><y>291</y><time>27-01-21 21:04:42:636</time></pt><pt><x>358</x><y>293</y><time>27-01-21 21:04:42:848</time></pt><pt><x>357</x><y>296</y><time>27-01-21 21:04:42:999</time></pt><pt><x>355</x><y>300</y><time>27-01-21 21:04:43:155</time></pt><pt><x>352</x><y>304</y><time>27-01-21 21:04:43:579</time></pt><pt><x>350</x><y>309</y><time>27-01-21 21:04:43:949</time></pt><pt><x>350</x><y>311</y><time>27-01-21 21:04:44:128</time></pt><pt><x>350</x><y>314</y><time>27-01-21 21:04:44:365</time></pt><pt><x>355</x><y>315</y><time>27-01-21 21:04:45:942</time></pt><pt><x>364</x><y>316</y><time>27-01-21 21:04:46:406</time></pt><pt><x>368</x><y>314</y><time>27-01-21 21:04:46:839</time></pt><pt><x>369</x><y>313</y><time>27-01-21 21:04:47:058</time></pt><pt><x>371</x><y>311</y><time>27-01-21 21:04:47:208</time></pt><pt><x>372</x><y>309</y><time>27-01-21 21:04:47:532</time></pt><pt><x>371</x><y>305</y><time>27-01-21 21:04:47:735</time></pt><pt><x>371</x><y>300</y><time>27-01-21 21:04:47:931</time></pt><pt><x>374</x><y>290</y><time>27-01-21 21:04:48:763</time></pt><pt><x>375</x><y>283</y><time>27-01-21 21:04:49:220</time></pt><pt><x>377</x><y>273</y><time>27-01-21 21:04:49:786</time></pt><pt><x>379</x><y>255</y><time>27-01-21 21:04:51:143</time></pt><pt><x>379</x><y>247</y><time>27-01-21 21:04:51:559</time></pt><pt><x>381</x><y>239</y><time>27-01-21 21:04:51:998</time></pt><pt><x>384</x><y>232</y><time>27-01-21 21:04:52:597</time></pt><pt><x>385</x><y>225</y><time>27-01-21 21:04:53:217</time></pt><pt><x>385</x><y>252</y><time>27-01-21 21:04:54:372</time></pt><pt><x>386</x><y>267</y><time>27-01-21 21:04:55:071</time></pt><pt><x>386</x><y>277</y><time>27-01-21 21:04:55:533</time></pt><pt><x>388</x><y>284</y><time>27-01-21 21:04:57:207</time></pt><pt><x>390</x><y>291</y><time>27-01-21 21:05:00:248</time></pt><pt><x>390</x><y>294</y><time>27-01-21 21:05:00:513</time></pt><pt><x>391</x><y>297</y><time>27-01-21 21:05:00:708</time></pt><pt><x>391</x><y>299</y><time>27-01-21 21:05:00:867</time></pt><pt><x>390</x><y>302</y><time>27-01-21 21:05:01:014</time></pt><pt><x>390</x><y>307</y><time>27-01-21 21:05:01:337</time></pt><pt><x>390</x><y>310</y><time>27-01-21 21:05:01:644</time></pt><pt><x>394</x><y>310</y><time>27-01-21 21:05:01:902</time></pt><pt><x>396</x><y>312</y><time>27-01-21 21:05:02:257</time></pt><pt><x>399</x><y>313</y><time>27-01-21 21:05:02:453</time></pt><pt><x>406</x><y>314</y><time>27-01-21 21:05:02:721</time></pt><pt><x>416</x><y>314</y><time>27-01-21 21:05:03:483</time></pt><pt><x>416</x><y>311</y><time>27-01-21 21:05:03:821</time></pt><pt><x>415</x><y>308</y><time>27-01-21 21:05:04:078</time></pt><pt><x>408</x><y>300</y><time>27-01-21 21:05:04:731</time></pt><pt><x>405</x><y>294</y><time>27-01-21 21:05:05:162</time></pt><pt><x>405</x><y>289</y><time>27-01-21 21:05:05:416</time></pt><pt><x>407</x><y>286</y><time>27-01-21 21:05:05:618</time></pt><pt><x>408</x><y>283</y><time>27-01-21 21:05:05:831</time></pt><pt><x>407</x><y>279</y><time>27-01-21 21:05:06:114</time></pt><pt><x>406</x><y>277</y><time>27-01-21 21:05:06:301</time></pt><pt><x>407</x><y>272</y><time>27-01-21 21:05:06:536</time></pt><pt><x>409</x><y>245</y><time>27-01-21 21:05:08:142</time></pt><pt><x>409</x><y>240</y><time>27-01-21 21:05:08:472</time></pt><pt><x>409</x><y>237</y><time>27-01-21 21:05:08:646</time></pt><pt><x>410</x><y>230</y><time>27-01-21 21:05:08:950</time></pt><pt><x>411</x><y>222</y><time>27-01-21 21:05:09:805</time></pt><pt><x>411</x><y>202</y><time>27-01-21 21:05:11:941</time></pt><pt><x>411</x><y>190</y><time>27-01-21 21:05:12:971</time></pt><pt><x>412</x><y>182</y><time>27-01-21 21:05:14:078</time></pt><pt><x>412</x><y>167</y><time>27-01-21 21:05:16:529</time></pt><pt><x>412</x><y>153</y><time>27-01-21 21:05:17:306</time></pt><pt><x>410</x><y>138</y><time>27-01-21 21:05:18:068</time></pt><pt><x>409</x><y>126</y><time>27-01-21 21:05:19:483</time></pt><pt><x>410</x><y>120</y><time>27-01-21 21:05:19:797</time></pt><pt><x>408</x><y>115</y><time>27-01-21 21:05:20:102</time></pt><pt><x>406</x><y>113</y><time>27-01-21 21:05:20:426</time></pt><pt><x>402</x><y>114</y><time>27-01-21 21:05:20:951</time></pt><pt><x>396</x><y>120</y><time>27-01-21 21:05:21:531</time></pt><pt><x>391</x><y>127</y><time>27-01-21 21:05:22:137</time></pt><pt><x>387</x><y>134</y><time>27-01-21 21:05:22:673</time></pt><pt><x>385</x><y>138</y><time>27-01-21 21:05:23:200</time></pt><pt><x>383</x><y>144</y><time>27-01-21 21:05:23:832</time></pt><pt><x>381</x><y>148</y><time>27-01-21 21:05:25:609</time></pt><pt><x>379</x><y>151</y><time>27-01-21 21:05:26:230</time></pt><pt><x>375</x><y>151</y><time>27-01-21 21:05:26:778</time></pt><pt><x>370</x><y>148</y><time>27-01-21 21:05:27:399</time></pt><pt><x>368</x><y>143</y><time>27-01-21 21:05:28:005</time></pt><pt><x>367</x><y>139</y><time>27-01-21 21:05:28:609</time></pt><pt><x>367</x><y>133</y><time>27-01-21 21:05:29:331</time></pt><pt><x>368</x><y>130</y><time>27-01-21 21:05:30:031</time></pt><pt><x>370</x><y>125</y><time>27-01-21 21:05:30:541</time></pt><pt><x>373</x><y>123</y><time>27-01-21 21:05:31:076</time></pt><pt><x>376</x><y>115</y><time>27-01-21 21:05:31:758</time></pt><pt><x>383</x><y>104</y><time>27-01-21 21:05:33:393</time></pt><pt><x>390</x><y>91</y><time>27-01-21 21:05:33:981</time></pt><pt><x>395</x><y>85</y><time>27-01-21 21:05:34:492</time></pt><pt><x>399</x><y>75</y><time>27-01-21 21:05:40:916</time></pt><pt><x>399</x><y>70</y><time>27-01-21 21:05:41:489</time></pt><pt><x>401</x><y>64</y><time>27-01-21 21:05:42:047</time></pt><pt><x>402</x><y>56</y><time>27-01-21 21:05:42:740</time></pt><pt><x>404</x><y>49</y><time>27-01-21 21:05:43:430</time></pt><pt><x>402</x><y>43</y><time>27-01-21 21:05:43:869</time></pt><pt><x>402</x><y>40</y><time>27-01-21 21:05:44:081</time></pt><pt><x>402</x><y>38</y><time>27-01-21 21:05:44:269</time></pt><pt><x>403</x><y>33</y><time>27-01-21 21:05:44:522</time></pt><pt><x>402</x><y>30</y><time>27-01-21 21:05:44:774</time></pt><pt><x>399</x><y>27</y><time>27-01-21 21:05:45:117</time></pt><pt><x>395</x><y>24</y><time>27-01-21 21:05:45:527</time></pt><closed_date>27-01-21 21:05:46:118</closed_date></polygon></object></annotation>