<annotation><filename>frame0003.jpg</filename><folder>users/lab605//7hao/human_20210119_4</folder><source><submittedBy>lab605</submittedBy></source><imagesize><nrows>480</nrows><ncols>640</ncols></imagesize><object><name>person</name><deleted>0</deleted><verified>0</verified><occluded>no</occluded><attributes></attributes><parts><hasparts></hasparts><ispartof></ispartof></parts><date>20-01-21 20:36:54:385</date><id>0</id><polygon><username>7hao</username><pt><x>433</x><y>22</y><time>20-01-21 20:35:19:433</time></pt><pt><x>431</x><y>18</y><time>20-01-21 20:35:20:023</time></pt><pt><x>426</x><y>17</y><time>20-01-21 20:35:20:954</time></pt><pt><x>423</x><y>17</y><time>20-01-21 20:35:21:449</time></pt><pt><x>418</x><y>17</y><time>20-01-21 20:35:21:810</time></pt><pt><x>415</x><y>18</y><time>20-01-21 20:35:22:150</time></pt><pt><x>413</x><y>20</y><time>20-01-21 20:35:22:535</time></pt><pt><x>410</x><y>22</y><time>20-01-21 20:35:22:959</time></pt><pt><x>408</x><y>24</y><time>20-01-21 20:35:23:291</time></pt><pt><x>407</x><y>27</y><time>20-01-21 20:35:23:639</time></pt><pt><x>406</x><y>30</y><time>20-01-21 20:35:23:934</time></pt><pt><x>404</x><y>32</y><time>20-01-21 20:35:24:305</time></pt><pt><x>402</x><y>33</y><time>20-01-21 20:35:24:666</time></pt><pt><x>400</x><y>33</y><time>20-01-21 20:35:24:929</time></pt><pt><x>400</x><y>36</y><time>20-01-21 20:35:25:242</time></pt><pt><x>401</x><y>38</y><time>20-01-21 20:35:25:564</time></pt><pt><x>401</x><y>40</y><time>20-01-21 20:35:25:865</time></pt><pt><x>400</x><y>43</y><time>20-01-21 20:35:26:313</time></pt><pt><x>400</x><y>46</y><time>20-01-21 20:35:26:604</time></pt><pt><x>401</x><y>47</y><time>20-01-21 20:35:26:867</time></pt><pt><x>403</x><y>51</y><time>20-01-21 20:35:27:211</time></pt><pt><x>404</x><y>53</y><time>20-01-21 20:35:27:541</time></pt><pt><x>404</x><y>57</y><time>20-01-21 20:35:27:857</time></pt><pt><x>404</x><y>60</y><time>20-01-21 20:35:28:114</time></pt><pt><x>405</x><y>63</y><time>20-01-21 20:35:28:391</time></pt><pt><x>407</x><y>66</y><time>20-01-21 20:35:28:733</time></pt><pt><x>410</x><y>67</y><time>20-01-21 20:35:29:077</time></pt><pt><x>413</x><y>67</y><time>20-01-21 20:35:29:346</time></pt><pt><x>415</x><y>68</y><time>20-01-21 20:35:29:635</time></pt><pt><x>416</x><y>70</y><time>20-01-21 20:35:29:911</time></pt><pt><x>418</x><y>72</y><time>20-01-21 20:35:30:240</time></pt><pt><x>418</x><y>74</y><time>20-01-21 20:35:30:667</time></pt><pt><x>418</x><y>78</y><time>20-01-21 20:35:31:122</time></pt><pt><x>418</x><y>81</y><time>20-01-21 20:35:31:454</time></pt><pt><x>418</x><y>83</y><time>20-01-21 20:35:31:753</time></pt><pt><x>418</x><y>85</y><time>20-01-21 20:35:32:173</time></pt><pt><x>417</x><y>88</y><time>20-01-21 20:35:32:500</time></pt><pt><x>416</x><y>90</y><time>20-01-21 20:35:32:822</time></pt><pt><x>415</x><y>93</y><time>20-01-21 20:35:35:523</time></pt><pt><x>414</x><y>97</y><time>20-01-21 20:35:36:318</time></pt><pt><x>414</x><y>100</y><time>20-01-21 20:35:36:781</time></pt><pt><x>414</x><y>102</y><time>20-01-21 20:35:37:107</time></pt><pt><x>415</x><y>105</y><time>20-01-21 20:35:37:445</time></pt><pt><x>415</x><y>107</y><time>20-01-21 20:35:37:711</time></pt><pt><x>415</x><y>109</y><time>20-01-21 20:35:37:994</time></pt><pt><x>415</x><y>112</y><time>20-01-21 20:35:38:287</time></pt><pt><x>415</x><y>115</y><time>20-01-21 20:35:38:562</time></pt><pt><x>415</x><y>118</y><time>20-01-21 20:35:38:838</time></pt><pt><x>415</x><y>122</y><time>20-01-21 20:35:39:239</time></pt><pt><x>415</x><y>124</y><time>20-01-21 20:35:39:526</time></pt><pt><x>415</x><y>126</y><time>20-01-21 20:35:39:769</time></pt><pt><x>416</x><y>128</y><time>20-01-21 20:35:40:074</time></pt><pt><x>416</x><y>131</y><time>20-01-21 20:35:40:405</time></pt><pt><x>416</x><y>135</y><time>20-01-21 20:35:40:711</time></pt><pt><x>416</x><y>137</y><time>20-01-21 20:35:40:962</time></pt><pt><x>417</x><y>140</y><time>20-01-21 20:35:41:169</time></pt><pt><x>417</x><y>143</y><time>20-01-21 20:35:41:429</time></pt><pt><x>418</x><y>147</y><time>20-01-21 20:35:41:704</time></pt><pt><x>418</x><y>151</y><time>20-01-21 20:35:42:067</time></pt><pt><x>420</x><y>153</y><time>20-01-21 20:35:42:333</time></pt><pt><x>421</x><y>155</y><time>20-01-21 20:35:42:648</time></pt><pt><x>423</x><y>157</y><time>20-01-21 20:35:43:044</time></pt><pt><x>423</x><y>159</y><time>20-01-21 20:35:43:327</time></pt><pt><x>423</x><y>163</y><time>20-01-21 20:35:45:231</time></pt><pt><x>423</x><y>165</y><time>20-01-21 20:35:45:539</time></pt><pt><x>422</x><y>168</y><time>20-01-21 20:35:45:782</time></pt><pt><x>421</x><y>171</y><time>20-01-21 20:35:46:088</time></pt><pt><x>420</x><y>174</y><time>20-01-21 20:35:46:340</time></pt><pt><x>418</x><y>177</y><time>20-01-21 20:35:46:568</time></pt><pt><x>416</x><y>181</y><time>20-01-21 20:35:46:812</time></pt><pt><x>416</x><y>184</y><time>20-01-21 20:35:47:040</time></pt><pt><x>416</x><y>185</y><time>20-01-21 20:35:47:256</time></pt><pt><x>417</x><y>188</y><time>20-01-21 20:35:47:484</time></pt><pt><x>417</x><y>191</y><time>20-01-21 20:35:47:751</time></pt><pt><x>417</x><y>195</y><time>20-01-21 20:35:48:064</time></pt><pt><x>417</x><y>198</y><time>20-01-21 20:35:48:357</time></pt><pt><x>418</x><y>202</y><time>20-01-21 20:35:48:719</time></pt><pt><x>417</x><y>209</y><time>20-01-21 20:35:49:024</time></pt><pt><x>416</x><y>213</y><time>20-01-21 20:35:49:271</time></pt><pt><x>415</x><y>219</y><time>20-01-21 20:35:49:726</time></pt><pt><x>416</x><y>223</y><time>20-01-21 20:35:50:016</time></pt><pt><x>417</x><y>229</y><time>20-01-21 20:35:50:474</time></pt><pt><x>418</x><y>232</y><time>20-01-21 20:35:50:890</time></pt><pt><x>420</x><y>239</y><time>20-01-21 20:35:52:190</time></pt><pt><x>421</x><y>242</y><time>20-01-21 20:35:52:483</time></pt><pt><x>423</x><y>245</y><time>20-01-21 20:35:52:765</time></pt><pt><x>424</x><y>247</y><time>20-01-21 20:35:53:019</time></pt><pt><x>425</x><y>254</y><time>20-01-21 20:35:53:451</time></pt><pt><x>426</x><y>258</y><time>20-01-21 20:35:53:853</time></pt><pt><x>427</x><y>263</y><time>20-01-21 20:35:54:150</time></pt><pt><x>427</x><y>266</y><time>20-01-21 20:35:54:395</time></pt><pt><x>427</x><y>270</y><time>20-01-21 20:35:54:623</time></pt><pt><x>428</x><y>275</y><time>20-01-21 20:35:54:930</time></pt><pt><x>429</x><y>279</y><time>20-01-21 20:35:55:230</time></pt><pt><x>428</x><y>283</y><time>20-01-21 20:35:55:577</time></pt><pt><x>428</x><y>289</y><time>20-01-21 20:35:55:876</time></pt><pt><x>428</x><y>293</y><time>20-01-21 20:35:56:277</time></pt><pt><x>428</x><y>298</y><time>20-01-21 20:35:56:639</time></pt><pt><x>426</x><y>301</y><time>20-01-21 20:35:56:985</time></pt><pt><x>423</x><y>304</y><time>20-01-21 20:35:57:394</time></pt><pt><x>419</x><y>306</y><time>20-01-21 20:35:57:725</time></pt><pt><x>415</x><y>307</y><time>20-01-21 20:35:58:009</time></pt><pt><x>415</x><y>309</y><time>20-01-21 20:35:58:419</time></pt><pt><x>411</x><y>310</y><time>20-01-21 20:35:58:756</time></pt><pt><x>406</x><y>310</y><time>20-01-21 20:35:59:134</time></pt><pt><x>401</x><y>310</y><time>20-01-21 20:35:59:418</time></pt><pt><x>398</x><y>312</y><time>20-01-21 20:35:59:876</time></pt><pt><x>398</x><y>314</y><time>20-01-21 20:36:02:180</time></pt><pt><x>399</x><y>316</y><time>20-01-21 20:36:02:640</time></pt><pt><x>400</x><y>317</y><time>20-01-21 20:36:03:016</time></pt><pt><x>403</x><y>318</y><time>20-01-21 20:36:03:354</time></pt><pt><x>407</x><y>319</y><time>20-01-21 20:36:03:764</time></pt><pt><x>411</x><y>320</y><time>20-01-21 20:36:04:109</time></pt><pt><x>415</x><y>320</y><time>20-01-21 20:36:04:433</time></pt><pt><x>422</x><y>320</y><time>20-01-21 20:36:04:778</time></pt><pt><x>429</x><y>320</y><time>20-01-21 20:36:05:212</time></pt><pt><x>435</x><y>320</y><time>20-01-21 20:36:05:575</time></pt><pt><x>441</x><y>320</y><time>20-01-21 20:36:05:927</time></pt><pt><x>446</x><y>320</y><time>20-01-21 20:36:06:307</time></pt><pt><x>450</x><y>320</y><time>20-01-21 20:36:06:708</time></pt><pt><x>451</x><y>318</y><time>20-01-21 20:36:07:062</time></pt><pt><x>451</x><y>316</y><time>20-01-21 20:36:07:400</time></pt><pt><x>451</x><y>315</y><time>20-01-21 20:36:07:716</time></pt><pt><x>450</x><y>313</y><time>20-01-21 20:36:07:968</time></pt><pt><x>451</x><y>312</y><time>20-01-21 20:36:08:274</time></pt><pt><x>452</x><y>311</y><time>20-01-21 20:36:08:551</time></pt><pt><x>454</x><y>310</y><time>20-01-21 20:36:08:834</time></pt><pt><x>457</x><y>310</y><time>20-01-21 20:36:09:116</time></pt><pt><x>461</x><y>309</y><time>20-01-21 20:36:09:417</time></pt><pt><x>463</x><y>308</y><time>20-01-21 20:36:09:701</time></pt><pt><x>464</x><y>307</y><time>20-01-21 20:36:10:007</time></pt><pt><x>465</x><y>305</y><time>20-01-21 20:36:10:315</time></pt><pt><x>465</x><y>304</y><time>20-01-21 20:36:10:591</time></pt><pt><x>464</x><y>302</y><time>20-01-21 20:36:10:838</time></pt><pt><x>462</x><y>301</y><time>20-01-21 20:36:11:266</time></pt><pt><x>461</x><y>298</y><time>20-01-21 20:36:11:599</time></pt><pt><x>459</x><y>293</y><time>20-01-21 20:36:12:062</time></pt><pt><x>458</x><y>291</y><time>20-01-21 20:36:12:393</time></pt><pt><x>457</x><y>290</y><time>20-01-21 20:36:12:714</time></pt><pt><x>456</x><y>291</y><time>20-01-21 20:36:13:465</time></pt><pt><x>455</x><y>290</y><time>20-01-21 20:36:13:867</time></pt><pt><x>455</x><y>286</y><time>20-01-21 20:36:14:220</time></pt><pt><x>455</x><y>279</y><time>20-01-21 20:36:15:433</time></pt><pt><x>454</x><y>276</y><time>20-01-21 20:36:15:802</time></pt><pt><x>453</x><y>269</y><time>20-01-21 20:36:16:434</time></pt><pt><x>452</x><y>262</y><time>20-01-21 20:36:17:378</time></pt><pt><x>451</x><y>258</y><time>20-01-21 20:36:17:762</time></pt><pt><x>450</x><y>254</y><time>20-01-21 20:36:18:226</time></pt><pt><x>449</x><y>246</y><time>20-01-21 20:36:20:142</time></pt><pt><x>449</x><y>242</y><time>20-01-21 20:36:20:574</time></pt><pt><x>449</x><y>239</y><time>20-01-21 20:36:20:950</time></pt><pt><x>448</x><y>234</y><time>20-01-21 20:36:21:400</time></pt><pt><x>448</x><y>230</y><time>20-01-21 20:36:21:778</time></pt><pt><x>447</x><y>225</y><time>20-01-21 20:36:22:093</time></pt><pt><x>448</x><y>220</y><time>20-01-21 20:36:22:433</time></pt><pt><x>449</x><y>216</y><time>20-01-21 20:36:22:832</time></pt><pt><x>455</x><y>197</y><time>20-01-21 20:36:24:328</time></pt><pt><x>458</x><y>190</y><time>20-01-21 20:36:24:959</time></pt><pt><x>462</x><y>182</y><time>20-01-21 20:36:25:486</time></pt><pt><x>466</x><y>173</y><time>20-01-21 20:36:26:076</time></pt><pt><x>469</x><y>166</y><time>20-01-21 20:36:27:415</time></pt><pt><x>470</x><y>161</y><time>20-01-21 20:36:27:879</time></pt><pt><x>470</x><y>156</y><time>20-01-21 20:36:28:219</time></pt><pt><x>470</x><y>152</y><time>20-01-21 20:36:28:556</time></pt><pt><x>469</x><y>149</y><time>20-01-21 20:36:28:870</time></pt><pt><x>468</x><y>145</y><time>20-01-21 20:36:29:195</time></pt><pt><x>468</x><y>142</y><time>20-01-21 20:36:29:469</time></pt><pt><x>467</x><y>139</y><time>20-01-21 20:36:29:895</time></pt><pt><x>466</x><y>137</y><time>20-01-21 20:36:30:281</time></pt><pt><x>465</x><y>137</y><time>20-01-21 20:36:30:586</time></pt><pt><x>464</x><y>135</y><time>20-01-21 20:36:30:934</time></pt><pt><x>465</x><y>132</y><time>20-01-21 20:36:31:225</time></pt><pt><x>465</x><y>126</y><time>20-01-21 20:36:32:753</time></pt><pt><x>464</x><y>123</y><time>20-01-21 20:36:33:139</time></pt><pt><x>463</x><y>122</y><time>20-01-21 20:36:33:492</time></pt><pt><x>461</x><y>119</y><time>20-01-21 20:36:33:776</time></pt><pt><x>461</x><y>116</y><time>20-01-21 20:36:34:034</time></pt><pt><x>461</x><y>110</y><time>20-01-21 20:36:34:431</time></pt><pt><x>461</x><y>105</y><time>20-01-21 20:36:35:067</time></pt><pt><x>462</x><y>100</y><time>20-01-21 20:36:36:358</time></pt><pt><x>460</x><y>94</y><time>20-01-21 20:36:36:673</time></pt><pt><x>459</x><y>91</y><time>20-01-21 20:36:36:964</time></pt><pt><x>458</x><y>85</y><time>20-01-21 20:36:37:374</time></pt><pt><x>457</x><y>79</y><time>20-01-21 20:36:38:177</time></pt><pt><x>454</x><y>74</y><time>20-01-21 20:36:38:546</time></pt><pt><x>451</x><y>68</y><time>20-01-21 20:36:39:002</time></pt><pt><x>448</x><y>64</y><time>20-01-21 20:36:39:484</time></pt><pt><x>447</x><y>61</y><time>20-01-21 20:36:41:664</time></pt><pt><x>443</x><y>59</y><time>20-01-21 20:36:42:087</time></pt><pt><x>441</x><y>57</y><time>20-01-21 20:36:42:465</time></pt><pt><x>438</x><y>57</y><time>20-01-21 20:36:42:844</time></pt><pt><x>437</x><y>55</y><time>20-01-21 20:36:43:182</time></pt><pt><x>437</x><y>52</y><time>20-01-21 20:36:43:507</time></pt><pt><x>439</x><y>49</y><time>20-01-21 20:36:43:860</time></pt><pt><x>442</x><y>47</y><time>20-01-21 20:36:44:837</time></pt><pt><x>443</x><y>45</y><time>20-01-21 20:36:45:167</time></pt><pt><x>445</x><y>43</y><time>20-01-21 20:36:45:466</time></pt><pt><x>445</x><y>40</y><time>20-01-21 20:36:45:876</time></pt><pt><x>445</x><y>36</y><time>20-01-21 20:36:46:300</time></pt><pt><x>443</x><y>33</y><time>20-01-21 20:36:46:654</time></pt><pt><x>442</x><y>30</y><time>20-01-21 20:36:47:003</time></pt><pt><x>440</x><y>29</y><time>20-01-21 20:36:47:386</time></pt><pt><x>438</x><y>26</y><time>20-01-21 20:36:48:222</time></pt><pt><x>437</x><y>24</y><time>20-01-21 20:36:48:528</time></pt><pt><x>435</x><y>24</y><time>20-01-21 20:36:48:838</time></pt><closed_date>20-01-21 20:36:49:306</closed_date></polygon></object><object><name>person</name><deleted>0</deleted><verified>0</verified><occluded>no</occluded><attributes></attributes><parts><hasparts></hasparts><ispartof></ispartof></parts><date>20-01-21 20:38:16:140</date><id>1</id><polygon><username>7hao</username><pt><x>302</x><y>101</y><time>20-01-21 20:37:05:461</time></pt><pt><x>298</x><y>101</y><time>20-01-21 20:37:05:891</time></pt><pt><x>296</x><y>102</y><time>20-01-21 20:37:06:363</time></pt><pt><x>293</x><y>103</y><time>20-01-21 20:37:06:708</time></pt><pt><x>291</x><y>105</y><time>20-01-21 20:37:07:071</time></pt><pt><x>289</x><y>108</y><time>20-01-21 20:37:07:416</time></pt><pt><x>289</x><y>110</y><time>20-01-21 20:37:07:661</time></pt><pt><x>289</x><y>112</y><time>20-01-21 20:37:07:944</time></pt><pt><x>289</x><y>115</y><time>20-01-21 20:37:08:232</time></pt><pt><x>289</x><y>118</y><time>20-01-21 20:37:08:505</time></pt><pt><x>289</x><y>121</y><time>20-01-21 20:37:08:749</time></pt><pt><x>289</x><y>124</y><time>20-01-21 20:37:08:971</time></pt><pt><x>290</x><y>126</y><time>20-01-21 20:37:09:285</time></pt><pt><x>290</x><y>128</y><time>20-01-21 20:37:09:590</time></pt><pt><x>290</x><y>129</y><time>20-01-21 20:37:09:890</time></pt><pt><x>289</x><y>130</y><time>20-01-21 20:37:10:213</time></pt><pt><x>288</x><y>131</y><time>20-01-21 20:37:10:474</time></pt><pt><x>288</x><y>134</y><time>20-01-21 20:37:10:804</time></pt><pt><x>287</x><y>135</y><time>20-01-21 20:37:11:116</time></pt><pt><x>285</x><y>136</y><time>20-01-21 20:37:11:409</time></pt><pt><x>281</x><y>137</y><time>20-01-21 20:37:11:655</time></pt><pt><x>279</x><y>138</y><time>20-01-21 20:37:11:896</time></pt><pt><x>277</x><y>143</y><time>20-01-21 20:37:12:385</time></pt><pt><x>277</x><y>145</y><time>20-01-21 20:37:12:794</time></pt><pt><x>276</x><y>148</y><time>20-01-21 20:37:13:125</time></pt><pt><x>274</x><y>151</y><time>20-01-21 20:37:13:497</time></pt><pt><x>269</x><y>165</y><time>20-01-21 20:37:14:934</time></pt><pt><x>266</x><y>167</y><time>20-01-21 20:37:15:415</time></pt><pt><x>262</x><y>173</y><time>20-01-21 20:37:15:960</time></pt><pt><x>260</x><y>175</y><time>20-01-21 20:37:16:382</time></pt><pt><x>258</x><y>178</y><time>20-01-21 20:37:16:753</time></pt><pt><x>256</x><y>180</y><time>20-01-21 20:37:17:045</time></pt><pt><x>255</x><y>183</y><time>20-01-21 20:37:17:307</time></pt><pt><x>254</x><y>185</y><time>20-01-21 20:37:17:557</time></pt><pt><x>252</x><y>188</y><time>20-01-21 20:37:17:886</time></pt><pt><x>251</x><y>190</y><time>20-01-21 20:37:18:155</time></pt><pt><x>250</x><y>193</y><time>20-01-21 20:37:18:391</time></pt><pt><x>250</x><y>195</y><time>20-01-21 20:37:18:660</time></pt><pt><x>252</x><y>197</y><time>20-01-21 20:37:18:965</time></pt><pt><x>255</x><y>198</y><time>20-01-21 20:37:19:298</time></pt><pt><x>257</x><y>197</y><time>20-01-21 20:37:19:541</time></pt><pt><x>257</x><y>196</y><time>20-01-21 20:37:19:973</time></pt><pt><x>256</x><y>195</y><time>20-01-21 20:37:20:266</time></pt><pt><x>256</x><y>193</y><time>20-01-21 20:37:20:602</time></pt><pt><x>257</x><y>191</y><time>20-01-21 20:37:20:871</time></pt><pt><x>258</x><y>190</y><time>20-01-21 20:37:21:155</time></pt><pt><x>259</x><y>188</y><time>20-01-21 20:37:21:382</time></pt><pt><x>261</x><y>187</y><time>20-01-21 20:37:21:656</time></pt><pt><x>264</x><y>185</y><time>20-01-21 20:37:21:982</time></pt><pt><x>267</x><y>182</y><time>20-01-21 20:37:22:266</time></pt><pt><x>270</x><y>180</y><time>20-01-21 20:37:22:531</time></pt><pt><x>273</x><y>177</y><time>20-01-21 20:37:22:871</time></pt><pt><x>275</x><y>175</y><time>20-01-21 20:37:23:154</time></pt><pt><x>277</x><y>173</y><time>20-01-21 20:37:23:437</time></pt><pt><x>278</x><y>171</y><time>20-01-21 20:37:23:713</time></pt><pt><x>279</x><y>170</y><time>20-01-21 20:37:24:051</time></pt><pt><x>280</x><y>171</y><time>20-01-21 20:37:24:390</time></pt><pt><x>280</x><y>173</y><time>20-01-21 20:37:24:715</time></pt><pt><x>279</x><y>175</y><time>20-01-21 20:37:24:980</time></pt><pt><x>278</x><y>177</y><time>20-01-21 20:37:25:233</time></pt><pt><x>278</x><y>179</y><time>20-01-21 20:37:25:451</time></pt><pt><x>278</x><y>180</y><time>20-01-21 20:37:25:706</time></pt><pt><x>279</x><y>181</y><time>20-01-21 20:37:25:947</time></pt><pt><x>279</x><y>184</y><time>20-01-21 20:37:26:169</time></pt><pt><x>280</x><y>186</y><time>20-01-21 20:37:26:542</time></pt><pt><x>280</x><y>189</y><time>20-01-21 20:37:26:806</time></pt><pt><x>280</x><y>191</y><time>20-01-21 20:37:27:042</time></pt><pt><x>279</x><y>193</y><time>20-01-21 20:37:27:273</time></pt><pt><x>280</x><y>198</y><time>20-01-21 20:37:28:814</time></pt><pt><x>280</x><y>200</y><time>20-01-21 20:37:29:113</time></pt><pt><x>280</x><y>202</y><time>20-01-21 20:37:29:334</time></pt><pt><x>281</x><y>204</y><time>20-01-21 20:37:29:561</time></pt><pt><x>282</x><y>206</y><time>20-01-21 20:37:29:783</time></pt><pt><x>282</x><y>209</y><time>20-01-21 20:37:30:088</time></pt><pt><x>282</x><y>213</y><time>20-01-21 20:37:30:371</time></pt><pt><x>282</x><y>217</y><time>20-01-21 20:37:30:704</time></pt><pt><x>282</x><y>221</y><time>20-01-21 20:37:31:000</time></pt><pt><x>282</x><y>225</y><time>20-01-21 20:37:31:309</time></pt><pt><x>283</x><y>228</y><time>20-01-21 20:37:31:712</time></pt><pt><x>284</x><y>232</y><time>20-01-21 20:37:32:051</time></pt><pt><x>285</x><y>239</y><time>20-01-21 20:37:33:151</time></pt><pt><x>285</x><y>244</y><time>20-01-21 20:37:33:411</time></pt><pt><x>285</x><y>249</y><time>20-01-21 20:37:33:709</time></pt><pt><x>285</x><y>253</y><time>20-01-21 20:37:33:970</time></pt><pt><x>285</x><y>261</y><time>20-01-21 20:37:34:394</time></pt><pt><x>285</x><y>266</y><time>20-01-21 20:37:34:735</time></pt><pt><x>283</x><y>271</y><time>20-01-21 20:37:35:035</time></pt><pt><x>282</x><y>274</y><time>20-01-21 20:37:35:315</time></pt><pt><x>280</x><y>275</y><time>20-01-21 20:37:36:884</time></pt><pt><x>279</x><y>278</y><time>20-01-21 20:37:37:134</time></pt><pt><x>278</x><y>281</y><time>20-01-21 20:37:37:356</time></pt><pt><x>278</x><y>283</y><time>20-01-21 20:37:37:636</time></pt><pt><x>279</x><y>285</y><time>20-01-21 20:37:37:883</time></pt><pt><x>280</x><y>286</y><time>20-01-21 20:37:38:165</time></pt><pt><x>280</x><y>288</y><time>20-01-21 20:37:38:392</time></pt><pt><x>288</x><y>288</y><time>20-01-21 20:37:39:722</time></pt><pt><x>289</x><y>287</y><time>20-01-21 20:37:40:324</time></pt><pt><x>289</x><y>285</y><time>20-01-21 20:37:40:591</time></pt><pt><x>289</x><y>284</y><time>20-01-21 20:37:40:833</time></pt><pt><x>293</x><y>283</y><time>20-01-21 20:37:42:060</time></pt><pt><x>303</x><y>284</y><time>20-01-21 20:37:43:031</time></pt><pt><x>308</x><y>283</y><time>20-01-21 20:37:43:566</time></pt><pt><x>309</x><y>281</y><time>20-01-21 20:37:44:006</time></pt><pt><x>308</x><y>279</y><time>20-01-21 20:37:44:314</time></pt><pt><x>308</x><y>277</y><time>20-01-21 20:37:44:714</time></pt><pt><x>309</x><y>276</y><time>20-01-21 20:37:44:983</time></pt><pt><x>310</x><y>274</y><time>20-01-21 20:37:45:244</time></pt><pt><x>309</x><y>271</y><time>20-01-21 20:37:45:465</time></pt><pt><x>308</x><y>269</y><time>20-01-21 20:37:45:714</time></pt><pt><x>307</x><y>266</y><time>20-01-21 20:37:45:996</time></pt><pt><x>307</x><y>264</y><time>20-01-21 20:37:46:249</time></pt><pt><x>305</x><y>243</y><time>20-01-21 20:37:47:736</time></pt><pt><x>304</x><y>240</y><time>20-01-21 20:37:48:224</time></pt><pt><x>304</x><y>236</y><time>20-01-21 20:37:48:525</time></pt><pt><x>304</x><y>232</y><time>20-01-21 20:37:48:824</time></pt><pt><x>305</x><y>229</y><time>20-01-21 20:37:49:155</time></pt><pt><x>306</x><y>222</y><time>20-01-21 20:37:49:644</time></pt><pt><x>312</x><y>202</y><time>20-01-21 20:37:51:122</time></pt><pt><x>313</x><y>199</y><time>20-01-21 20:37:51:621</time></pt><pt><x>313</x><y>197</y><time>20-01-21 20:37:51:929</time></pt><pt><x>313</x><y>194</y><time>20-01-21 20:37:52:164</time></pt><pt><x>313</x><y>192</y><time>20-01-21 20:37:52:384</time></pt><pt><x>314</x><y>190</y><time>20-01-21 20:37:52:635</time></pt><pt><x>314</x><y>187</y><time>20-01-21 20:37:52:910</time></pt><pt><x>315</x><y>184</y><time>20-01-21 20:37:53:178</time></pt><pt><x>315</x><y>182</y><time>20-01-21 20:37:53:452</time></pt><pt><x>315</x><y>180</y><time>20-01-21 20:37:53:790</time></pt><pt><x>316</x><y>180</y><time>20-01-21 20:37:54:297</time></pt><pt><x>317</x><y>181</y><time>20-01-21 20:37:54:621</time></pt><pt><x>317</x><y>183</y><time>20-01-21 20:37:54:903</time></pt><pt><x>317</x><y>186</y><time>20-01-21 20:37:55:176</time></pt><pt><x>318</x><y>190</y><time>20-01-21 20:37:55:533</time></pt><pt><x>318</x><y>193</y><time>20-01-21 20:37:55:800</time></pt><pt><x>318</x><y>195</y><time>20-01-21 20:37:56:034</time></pt><pt><x>317</x><y>197</y><time>20-01-21 20:37:56:340</time></pt><pt><x>317</x><y>200</y><time>20-01-21 20:37:56:565</time></pt><pt><x>317</x><y>202</y><time>20-01-21 20:37:56:808</time></pt><pt><x>318</x><y>204</y><time>20-01-21 20:37:57:061</time></pt><pt><x>320</x><y>204</y><time>20-01-21 20:37:57:333</time></pt><pt><x>322</x><y>204</y><time>20-01-21 20:37:57:650</time></pt><pt><x>324</x><y>203</y><time>20-01-21 20:37:57:918</time></pt><pt><x>326</x><y>202</y><time>20-01-21 20:37:58:154</time></pt><pt><x>327</x><y>200</y><time>20-01-21 20:37:58:429</time></pt><pt><x>328</x><y>198</y><time>20-01-21 20:37:58:672</time></pt><pt><x>328</x><y>193</y><time>20-01-21 20:37:58:956</time></pt><pt><x>327</x><y>189</y><time>20-01-21 20:37:59:271</time></pt><pt><x>327</x><y>184</y><time>20-01-21 20:37:59:647</time></pt><pt><x>325</x><y>166</y><time>20-01-21 20:38:00:970</time></pt><pt><x>324</x><y>159</y><time>20-01-21 20:38:01:402</time></pt><pt><x>324</x><y>156</y><time>20-01-21 20:38:01:748</time></pt><pt><x>323</x><y>152</y><time>20-01-21 20:38:02:041</time></pt><pt><x>322</x><y>148</y><time>20-01-21 20:38:02:300</time></pt><pt><x>320</x><y>145</y><time>20-01-21 20:38:02:571</time></pt><pt><x>318</x><y>142</y><time>20-01-21 20:38:02:826</time></pt><pt><x>317</x><y>139</y><time>20-01-21 20:38:03:128</time></pt><pt><x>317</x><y>136</y><time>20-01-21 20:38:03:389</time></pt><pt><x>316</x><y>133</y><time>20-01-21 20:38:03:670</time></pt><pt><x>315</x><y>131</y><time>20-01-21 20:38:03:945</time></pt><pt><x>314</x><y>128</y><time>20-01-21 20:38:04:261</time></pt><pt><x>312</x><y>127</y><time>20-01-21 20:38:04:546</time></pt><pt><x>310</x><y>126</y><time>20-01-21 20:38:04:826</time></pt><pt><x>307</x><y>126</y><time>20-01-21 20:38:05:064</time></pt><pt><x>305</x><y>126</y><time>20-01-21 20:38:05:380</time></pt><pt><x>306</x><y>125</y><time>20-01-21 20:38:06:864</time></pt><pt><x>307</x><y>123</y><time>20-01-21 20:38:07:109</time></pt><pt><x>309</x><y>122</y><time>20-01-21 20:38:07:377</time></pt><pt><x>310</x><y>120</y><time>20-01-21 20:38:07:613</time></pt><pt><x>310</x><y>118</y><time>20-01-21 20:38:07:889</time></pt><pt><x>310</x><y>116</y><time>20-01-21 20:38:08:118</time></pt><pt><x>309</x><y>115</y><time>20-01-21 20:38:08:337</time></pt><pt><x>309</x><y>113</y><time>20-01-21 20:38:08:526</time></pt><pt><x>309</x><y>110</y><time>20-01-21 20:38:09:218</time></pt><pt><x>309</x><y>107</y><time>20-01-21 20:38:09:559</time></pt><pt><x>307</x><y>104</y><time>20-01-21 20:38:10:084</time></pt><pt><x>306</x><y>103</y><time>20-01-21 20:38:10:533</time></pt><pt><x>304</x><y>103</y><time>20-01-21 20:38:10:903</time></pt><pt><x>304</x><y>102</y><time>20-01-21 20:38:11:288</time></pt><closed_date>20-01-21 20:38:11:991</closed_date></polygon></object><object><name>person</name><deleted>0</deleted><verified>0</verified><occluded>no</occluded><attributes></attributes><parts><hasparts></hasparts><ispartof></ispartof></parts><date>20-01-21 20:39:13:554</date><id>2</id><polygon><username>7hao</username><pt><x>384</x><y>111</y><time>20-01-21 20:38:17:984</time></pt><pt><x>380</x><y>109</y><time>20-01-21 20:38:18:383</time></pt><pt><x>376</x><y>107</y><time>20-01-21 20:38:18:728</time></pt><pt><x>371</x><y>107</y><time>20-01-21 20:38:19:147</time></pt><pt><x>368</x><y>108</y><time>20-01-21 20:38:19:477</time></pt><pt><x>366</x><y>109</y><time>20-01-21 20:38:19:736</time></pt><pt><x>365</x><y>112</y><time>20-01-21 20:38:19:991</time></pt><pt><x>363</x><y>114</y><time>20-01-21 20:38:20:257</time></pt><pt><x>363</x><y>117</y><time>20-01-21 20:38:20:484</time></pt><pt><x>363</x><y>120</y><time>20-01-21 20:38:20:752</time></pt><pt><x>363</x><y>122</y><time>20-01-21 20:38:20:980</time></pt><pt><x>365</x><y>124</y><time>20-01-21 20:38:21:219</time></pt><pt><x>366</x><y>126</y><time>20-01-21 20:38:21:460</time></pt><pt><x>365</x><y>128</y><time>20-01-21 20:38:21:705</time></pt><pt><x>364</x><y>128</y><time>20-01-21 20:38:21:959</time></pt><pt><x>362</x><y>130</y><time>20-01-21 20:38:22:193</time></pt><pt><x>358</x><y>130</y><time>20-01-21 20:38:22:453</time></pt><pt><x>356</x><y>132</y><time>20-01-21 20:38:22:643</time></pt><pt><x>357</x><y>135</y><time>20-01-21 20:38:23:129</time></pt><pt><x>357</x><y>136</y><time>20-01-21 20:38:23:334</time></pt><pt><x>356</x><y>137</y><time>20-01-21 20:38:23:523</time></pt><pt><x>356</x><y>139</y><time>20-01-21 20:38:23:713</time></pt><pt><x>356</x><y>140</y><time>20-01-21 20:38:23:908</time></pt><pt><x>355</x><y>141</y><time>20-01-21 20:38:24:169</time></pt><pt><x>355</x><y>143</y><time>20-01-21 20:38:24:405</time></pt><pt><x>354</x><y>145</y><time>20-01-21 20:38:24:635</time></pt><pt><x>353</x><y>147</y><time>20-01-21 20:38:24:853</time></pt><pt><x>353</x><y>149</y><time>20-01-21 20:38:25:042</time></pt><pt><x>353</x><y>151</y><time>20-01-21 20:38:25:295</time></pt><pt><x>354</x><y>161</y><time>20-01-21 20:38:27:043</time></pt><pt><x>355</x><y>164</y><time>20-01-21 20:38:27:302</time></pt><pt><x>355</x><y>167</y><time>20-01-21 20:38:27:499</time></pt><pt><x>355</x><y>171</y><time>20-01-21 20:38:27:720</time></pt><pt><x>355</x><y>175</y><time>20-01-21 20:38:27:931</time></pt><pt><x>355</x><y>179</y><time>20-01-21 20:38:28:144</time></pt><pt><x>355</x><y>182</y><time>20-01-21 20:38:28:325</time></pt><pt><x>355</x><y>185</y><time>20-01-21 20:38:28:553</time></pt><pt><x>356</x><y>188</y><time>20-01-21 20:38:28:757</time></pt><pt><x>355</x><y>191</y><time>20-01-21 20:38:28:948</time></pt><pt><x>356</x><y>194</y><time>20-01-21 20:38:29:143</time></pt><pt><x>357</x><y>198</y><time>20-01-21 20:38:29:418</time></pt><pt><x>358</x><y>200</y><time>20-01-21 20:38:29:718</time></pt><pt><x>361</x><y>205</y><time>20-01-21 20:38:31:024</time></pt><pt><x>361</x><y>208</y><time>20-01-21 20:38:31:293</time></pt><pt><x>361</x><y>211</y><time>20-01-21 20:38:31:467</time></pt><pt><x>362</x><y>215</y><time>20-01-21 20:38:31:742</time></pt><pt><x>362</x><y>218</y><time>20-01-21 20:38:31:946</time></pt><pt><x>363</x><y>221</y><time>20-01-21 20:38:32:159</time></pt><pt><x>364</x><y>224</y><time>20-01-21 20:38:32:380</time></pt><pt><x>364</x><y>228</y><time>20-01-21 20:38:32:647</time></pt><pt><x>364</x><y>231</y><time>20-01-21 20:38:32:929</time></pt><pt><x>364</x><y>235</y><time>20-01-21 20:38:33:207</time></pt><pt><x>362</x><y>238</y><time>20-01-21 20:38:33:534</time></pt><pt><x>358</x><y>243</y><time>20-01-21 20:38:34:255</time></pt><pt><x>355</x><y>245</y><time>20-01-21 20:38:34:615</time></pt><pt><x>352</x><y>247</y><time>20-01-21 20:38:34:874</time></pt><pt><x>349</x><y>248</y><time>20-01-21 20:38:35:102</time></pt><pt><x>347</x><y>249</y><time>20-01-21 20:38:36:360</time></pt><pt><x>344</x><y>249</y><time>20-01-21 20:38:36:630</time></pt><pt><x>341</x><y>250</y><time>20-01-21 20:38:36:889</time></pt><pt><x>338</x><y>252</y><time>20-01-21 20:38:37:165</time></pt><pt><x>339</x><y>253</y><time>20-01-21 20:38:40:808</time></pt><pt><x>340</x><y>257</y><time>20-01-21 20:38:41:188</time></pt><pt><x>343</x><y>261</y><time>20-01-21 20:38:41:588</time></pt><pt><x>348</x><y>267</y><time>20-01-21 20:38:41:890</time></pt><pt><x>351</x><y>272</y><time>20-01-21 20:38:42:205</time></pt><pt><x>355</x><y>276</y><time>20-01-21 20:38:42:533</time></pt><pt><x>359</x><y>278</y><time>20-01-21 20:38:42:849</time></pt><pt><x>361</x><y>278</y><time>20-01-21 20:38:43:194</time></pt><pt><x>360</x><y>275</y><time>20-01-21 20:38:43:599</time></pt><pt><x>359</x><y>272</y><time>20-01-21 20:38:43:841</time></pt><pt><x>358</x><y>269</y><time>20-01-21 20:38:44:109</time></pt><pt><x>358</x><y>266</y><time>20-01-21 20:38:44:338</time></pt><pt><x>359</x><y>263</y><time>20-01-21 20:38:44:549</time></pt><pt><x>359</x><y>261</y><time>20-01-21 20:38:44:760</time></pt><pt><x>359</x><y>258</y><time>20-01-21 20:38:44:957</time></pt><pt><x>359</x><y>256</y><time>20-01-21 20:38:45:197</time></pt><pt><x>361</x><y>254</y><time>20-01-21 20:38:45:407</time></pt><pt><x>363</x><y>251</y><time>20-01-21 20:38:45:667</time></pt><pt><x>365</x><y>250</y><time>20-01-21 20:38:45:964</time></pt><pt><x>365</x><y>253</y><time>20-01-21 20:38:46:318</time></pt><pt><x>365</x><y>256</y><time>20-01-21 20:38:46:570</time></pt><pt><x>366</x><y>259</y><time>20-01-21 20:38:46:807</time></pt><pt><x>366</x><y>263</y><time>20-01-21 20:38:47:069</time></pt><pt><x>366</x><y>267</y><time>20-01-21 20:38:47:280</time></pt><pt><x>365</x><y>274</y><time>20-01-21 20:38:47:689</time></pt><pt><x>366</x><y>277</y><time>20-01-21 20:38:48:011</time></pt><pt><x>367</x><y>278</y><time>20-01-21 20:38:48:281</time></pt><pt><x>378</x><y>277</y><time>20-01-21 20:38:48:658</time></pt><pt><x>386</x><y>276</y><time>20-01-21 20:38:48:994</time></pt><pt><x>389</x><y>276</y><time>20-01-21 20:38:49:437</time></pt><pt><x>390</x><y>273</y><time>20-01-21 20:38:49:790</time></pt><pt><x>388</x><y>272</y><time>20-01-21 20:38:50:043</time></pt><pt><x>387</x><y>272</y><time>20-01-21 20:38:50:287</time></pt><pt><x>385</x><y>270</y><time>20-01-21 20:38:50:522</time></pt><pt><x>384</x><y>269</y><time>20-01-21 20:38:50:743</time></pt><pt><x>381</x><y>267</y><time>20-01-21 20:38:51:010</time></pt><pt><x>379</x><y>265</y><time>20-01-21 20:38:51:231</time></pt><pt><x>378</x><y>264</y><time>20-01-21 20:38:51:482</time></pt><pt><x>376</x><y>261</y><time>20-01-21 20:38:51:718</time></pt><pt><x>375</x><y>257</y><time>20-01-21 20:38:52:003</time></pt><pt><x>375</x><y>254</y><time>20-01-21 20:38:52:222</time></pt><pt><x>375</x><y>250</y><time>20-01-21 20:38:52:475</time></pt><pt><x>375</x><y>246</y><time>20-01-21 20:38:52:736</time></pt><pt><x>376</x><y>244</y><time>20-01-21 20:38:52:970</time></pt><pt><x>378</x><y>241</y><time>20-01-21 20:38:53:228</time></pt><pt><x>383</x><y>237</y><time>20-01-21 20:38:53:496</time></pt><pt><x>386</x><y>235</y><time>20-01-21 20:38:53:741</time></pt><pt><x>388</x><y>233</y><time>20-01-21 20:38:54:000</time></pt><pt><x>389</x><y>231</y><time>20-01-21 20:38:54:269</time></pt><pt><x>390</x><y>228</y><time>20-01-21 20:38:54:481</time></pt><pt><x>390</x><y>225</y><time>20-01-21 20:38:54:718</time></pt><pt><x>389</x><y>222</y><time>20-01-21 20:38:54:960</time></pt><pt><x>390</x><y>219</y><time>20-01-21 20:38:55:402</time></pt><pt><x>390</x><y>218</y><time>20-01-21 20:38:55:778</time></pt><pt><x>392</x><y>208</y><time>20-01-21 20:38:57:149</time></pt><pt><x>393</x><y>205</y><time>20-01-21 20:38:57:440</time></pt><pt><x>393</x><y>201</y><time>20-01-21 20:38:57:730</time></pt><pt><x>394</x><y>196</y><time>20-01-21 20:38:58:056</time></pt><pt><x>394</x><y>193</y><time>20-01-21 20:38:58:306</time></pt><pt><x>394</x><y>189</y><time>20-01-21 20:38:58:597</time></pt><pt><x>394</x><y>186</y><time>20-01-21 20:38:58:873</time></pt><pt><x>393</x><y>182</y><time>20-01-21 20:39:00:227</time></pt><pt><x>393</x><y>179</y><time>20-01-21 20:39:00:471</time></pt><pt><x>393</x><y>176</y><time>20-01-21 20:39:00:723</time></pt><pt><x>390</x><y>162</y><time>20-01-21 20:39:02:020</time></pt><pt><x>389</x><y>156</y><time>20-01-21 20:39:02:441</time></pt><pt><x>388</x><y>151</y><time>20-01-21 20:39:02:713</time></pt><pt><x>388</x><y>147</y><time>20-01-21 20:39:02:950</time></pt><pt><x>387</x><y>143</y><time>20-01-21 20:39:03:210</time></pt><pt><x>386</x><y>140</y><time>20-01-21 20:39:03:470</time></pt><pt><x>385</x><y>138</y><time>20-01-21 20:39:03:737</time></pt><pt><x>383</x><y>136</y><time>20-01-21 20:39:03:996</time></pt><pt><x>382</x><y>134</y><time>20-01-21 20:39:04:318</time></pt><pt><x>381</x><y>131</y><time>20-01-21 20:39:05:020</time></pt><pt><x>382</x><y>130</y><time>20-01-21 20:39:05:257</time></pt><pt><x>384</x><y>128</y><time>20-01-21 20:39:05:538</time></pt><pt><x>384</x><y>126</y><time>20-01-21 20:39:05:758</time></pt><pt><x>384</x><y>123</y><time>20-01-21 20:39:06:018</time></pt><pt><x>383</x><y>120</y><time>20-01-21 20:39:07:632</time></pt><pt><x>383</x><y>117</y><time>20-01-21 20:39:07:918</time></pt><pt><x>383</x><y>116</y><time>20-01-21 20:39:08:169</time></pt><pt><x>382</x><y>115</y><time>20-01-21 20:39:08:396</time></pt><pt><x>382</x><y>113</y><time>20-01-21 20:39:08:608</time></pt><pt><x>382</x><y>112</y><time>20-01-21 20:39:08:861</time></pt><closed_date>20-01-21 20:39:09:089</closed_date></polygon></object></annotation>