<annotation><filename>frame0100.jpg</filename><folder>users/lab605//7hao/human_20210119_4</folder><source><submittedBy>lab605</submittedBy></source><imagesize><nrows>480</nrows><ncols>640</ncols></imagesize><object><name>person</name><deleted>0</deleted><verified>0</verified><occluded>no</occluded><attributes></attributes><parts><hasparts></hasparts><ispartof></ispartof></parts><date>28-01-21 14:51:01:648</date><id>0</id><polygon><username>7hao</username><pt><x>69</x><y>0</y><time>28-01-21 14:50:01:351</time></pt><pt><x>68</x><y>3</y><time>28-01-21 14:50:01:718</time></pt><pt><x>68</x><y>7</y><time>28-01-21 14:50:02:136</time></pt><pt><x>70</x><y>12</y><time>28-01-21 14:50:02:443</time></pt><pt><x>73</x><y>16</y><time>28-01-21 14:50:02:734</time></pt><pt><x>74</x><y>20</y><time>28-01-21 14:50:02:931</time></pt><pt><x>68</x><y>27</y><time>28-01-21 14:50:03:788</time></pt><pt><x>64</x><y>32</y><time>28-01-21 14:50:04:426</time></pt><pt><x>60</x><y>36</y><time>28-01-21 14:50:04:702</time></pt><pt><x>53</x><y>44</y><time>28-01-21 14:50:05:048</time></pt><pt><x>49</x><y>50</y><time>28-01-21 14:50:05:378</time></pt><pt><x>49</x><y>53</y><time>28-01-21 14:50:05:576</time></pt><pt><x>52</x><y>62</y><time>28-01-21 14:50:05:898</time></pt><pt><x>59</x><y>77</y><time>28-01-21 14:50:06:371</time></pt><pt><x>63</x><y>80</y><time>28-01-21 14:50:06:652</time></pt><pt><x>66</x><y>80</y><time>28-01-21 14:50:06:882</time></pt><pt><x>68</x><y>78</y><time>28-01-21 14:50:07:078</time></pt><pt><x>72</x><y>79</y><time>28-01-21 14:50:07:384</time></pt><pt><x>75</x><y>80</y><time>28-01-21 14:50:07:573</time></pt><pt><x>75</x><y>83</y><time>28-01-21 14:50:07:880</time></pt><pt><x>72</x><y>85</y><time>28-01-21 14:50:08:062</time></pt><pt><x>61</x><y>104</y><time>28-01-21 14:50:10:502</time></pt><pt><x>55</x><y>117</y><time>28-01-21 14:50:11:250</time></pt><pt><x>47</x><y>143</y><time>28-01-21 14:50:11:991</time></pt><pt><x>42</x><y>157</y><time>28-01-21 14:50:12:447</time></pt><pt><x>45</x><y>188</y><time>28-01-21 14:50:13:265</time></pt><pt><x>48</x><y>227</y><time>28-01-21 14:50:15:043</time></pt><pt><x>51</x><y>260</y><time>28-01-21 14:50:15:705</time></pt><pt><x>66</x><y>305</y><time>28-01-21 14:50:17:018</time></pt><pt><x>76</x><y>330</y><time>28-01-21 14:50:17:546</time></pt><pt><x>83</x><y>350</y><time>28-01-21 14:50:18:146</time></pt><pt><x>89</x><y>362</y><time>28-01-21 14:50:19:553</time></pt><pt><x>86</x><y>366</y><time>28-01-21 14:50:19:782</time></pt><pt><x>82</x><y>374</y><time>28-01-21 14:50:19:946</time></pt><pt><x>80</x><y>379</y><time>28-01-21 14:50:20:112</time></pt><pt><x>81</x><y>385</y><time>28-01-21 14:50:20:254</time></pt><pt><x>82</x><y>389</y><time>28-01-21 14:50:20:418</time></pt><pt><x>80</x><y>394</y><time>28-01-21 14:50:20:560</time></pt><pt><x>77</x><y>398</y><time>28-01-21 14:50:20:711</time></pt><pt><x>77</x><y>403</y><time>28-01-21 14:50:20:861</time></pt><pt><x>79</x><y>407</y><time>28-01-21 14:50:21:020</time></pt><pt><x>79</x><y>410</y><time>28-01-21 14:50:21:182</time></pt><pt><x>70</x><y>412</y><time>28-01-21 14:50:21:357</time></pt><pt><x>45</x><y>418</y><time>28-01-21 14:50:21:796</time></pt><pt><x>25</x><y>424</y><time>28-01-21 14:50:22:096</time></pt><pt><x>11</x><y>433</y><time>28-01-21 14:50:22:427</time></pt><pt><x>7</x><y>441</y><time>28-01-21 14:50:22:685</time></pt><pt><x>7</x><y>449</y><time>28-01-21 14:50:23:174</time></pt><pt><x>17</x><y>454</y><time>28-01-21 14:50:23:394</time></pt><pt><x>74</x><y>453</y><time>28-01-21 14:50:24:244</time></pt><pt><x>113</x><y>443</y><time>28-01-21 14:50:24:898</time></pt><pt><x>130</x><y>433</y><time>28-01-21 14:50:25:558</time></pt><pt><x>138</x><y>429</y><time>28-01-21 14:50:32:674</time></pt><pt><x>153</x><y>429</y><time>28-01-21 14:50:33:031</time></pt><pt><x>160</x><y>429</y><time>28-01-21 14:50:33:233</time></pt><pt><x>164</x><y>427</y><time>28-01-21 14:50:33:463</time></pt><pt><x>165</x><y>422</y><time>28-01-21 14:50:33:675</time></pt><pt><x>164</x><y>410</y><time>28-01-21 14:50:34:690</time></pt><pt><x>164</x><y>406</y><time>28-01-21 14:50:34:918</time></pt><pt><x>167</x><y>401</y><time>28-01-21 14:50:35:077</time></pt><pt><x>173</x><y>397</y><time>28-01-21 14:50:35:375</time></pt><pt><x>176</x><y>392</y><time>28-01-21 14:50:35:540</time></pt><pt><x>179</x><y>366</y><time>28-01-21 14:50:36:256</time></pt><pt><x>183</x><y>334</y><time>28-01-21 14:50:38:365</time></pt><pt><x>184</x><y>309</y><time>28-01-21 14:50:39:050</time></pt><pt><x>186</x><y>282</y><time>28-01-21 14:50:39:642</time></pt><pt><x>188</x><y>259</y><time>28-01-21 14:50:40:090</time></pt><pt><x>186</x><y>249</y><time>28-01-21 14:50:40:420</time></pt><pt><x>181</x><y>227</y><time>28-01-21 14:50:41:507</time></pt><pt><x>180</x><y>215</y><time>28-01-21 14:50:41:900</time></pt><pt><x>183</x><y>208</y><time>28-01-21 14:50:42:262</time></pt><pt><x>185</x><y>204</y><time>28-01-21 14:50:42:449</time></pt><pt><x>183</x><y>197</y><time>28-01-21 14:50:42:860</time></pt><pt><x>182</x><y>184</y><time>28-01-21 14:50:44:482</time></pt><pt><x>184</x><y>175</y><time>28-01-21 14:50:44:670</time></pt><pt><x>185</x><y>169</y><time>28-01-21 14:50:44:868</time></pt><pt><x>187</x><y>165</y><time>28-01-21 14:50:45:023</time></pt><pt><x>187</x><y>159</y><time>28-01-21 14:50:45:193</time></pt><pt><x>187</x><y>152</y><time>28-01-21 14:50:45:364</time></pt><pt><x>189</x><y>144</y><time>28-01-21 14:50:45:520</time></pt><pt><x>192</x><y>136</y><time>28-01-21 14:50:45:748</time></pt><pt><x>195</x><y>129</y><time>28-01-21 14:50:45:955</time></pt><pt><x>200</x><y>119</y><time>28-01-21 14:50:46:339</time></pt><pt><x>205</x><y>106</y><time>28-01-21 14:50:47:536</time></pt><pt><x>210</x><y>94</y><time>28-01-21 14:50:47:810</time></pt><pt><x>211</x><y>89</y><time>28-01-21 14:50:47:968</time></pt><pt><x>210</x><y>83</y><time>28-01-21 14:50:48:126</time></pt><pt><x>208</x><y>76</y><time>28-01-21 14:50:48:314</time></pt><pt><x>206</x><y>68</y><time>28-01-21 14:50:48:520</time></pt><pt><x>207</x><y>60</y><time>28-01-21 14:50:48:699</time></pt><pt><x>209</x><y>52</y><time>28-01-21 14:50:48:904</time></pt><pt><x>212</x><y>43</y><time>28-01-21 14:50:49:126</time></pt><pt><x>214</x><y>33</y><time>28-01-21 14:50:49:473</time></pt><pt><x>214</x><y>22</y><time>28-01-21 14:50:49:960</time></pt><pt><x>212</x><y>8</y><time>28-01-21 14:50:51:904</time></pt><pt><x>212</x><y>6</y><time>28-01-21 14:50:52:156</time></pt><pt><x>214</x><y>3</y><time>28-01-21 14:50:52:312</time></pt><pt><x>215</x><y>0</y><time>28-01-21 14:50:53:414</time></pt><closed_date>28-01-21 14:50:57:337</closed_date></polygon></object><object><name>person</name><deleted>0</deleted><verified>0</verified><occluded>no</occluded><attributes></attributes><parts><hasparts></hasparts><ispartof></ispartof></parts><date>28-01-21 14:54:39:170</date><id>1</id><polygon><username>7hao</username><pt><x>312</x><y>22</y><time>28-01-21 14:51:08:855</time></pt><pt><x>308</x><y>17</y><time>28-01-21 14:51:09:269</time></pt><pt><x>307</x><y>13</y><time>28-01-21 14:51:09:575</time></pt><pt><x>306</x><y>11</y><time>28-01-21 14:51:09:757</time></pt><pt><x>305</x><y>8</y><time>28-01-21 14:51:09:992</time></pt><pt><x>299</x><y>5</y><time>28-01-21 14:51:10:384</time></pt><pt><x>289</x><y>4</y><time>28-01-21 14:51:10:771</time></pt><pt><x>283</x><y>5</y><time>28-01-21 14:51:11:094</time></pt><pt><x>276</x><y>10</y><time>28-01-21 14:51:11:574</time></pt><pt><x>274</x><y>16</y><time>28-01-21 14:51:12:156</time></pt><pt><x>274</x><y>22</y><time>28-01-21 14:51:12:494</time></pt><pt><x>275</x><y>27</y><time>28-01-21 14:51:12:690</time></pt><pt><x>275</x><y>30</y><time>28-01-21 14:51:12:942</time></pt><pt><x>274</x><y>32</y><time>28-01-21 14:51:13:161</time></pt><pt><x>271</x><y>34</y><time>28-01-21 14:51:14:358</time></pt><pt><x>266</x><y>36</y><time>28-01-21 14:51:14:934</time></pt><pt><x>259</x><y>37</y><time>28-01-21 14:51:15:248</time></pt><pt><x>257</x><y>39</y><time>28-01-21 14:51:15:431</time></pt><pt><x>255</x><y>41</y><time>28-01-21 14:51:15:602</time></pt><pt><x>255</x><y>44</y><time>28-01-21 14:51:15:761</time></pt><pt><x>255</x><y>48</y><time>28-01-21 14:51:15:932</time></pt><pt><x>256</x><y>50</y><time>28-01-21 14:51:16:224</time></pt><pt><x>256</x><y>50</y><time>28-01-21 14:51:16:428</time></pt><pt><x>254</x><y>54</y><time>28-01-21 14:51:16:776</time></pt><pt><x>248</x><y>61</y><time>28-01-21 14:51:17:224</time></pt><pt><x>243</x><y>73</y><time>28-01-21 14:51:17:618</time></pt><pt><x>244</x><y>79</y><time>28-01-21 14:51:18:530</time></pt><pt><x>244</x><y>83</y><time>28-01-21 14:51:18:828</time></pt><pt><x>244</x><y>87</y><time>28-01-21 14:51:18:979</time></pt><pt><x>244</x><y>92</y><time>28-01-21 14:51:19:192</time></pt><pt><x>244</x><y>95</y><time>28-01-21 14:51:19:356</time></pt><pt><x>246</x><y>100</y><time>28-01-21 14:51:19:593</time></pt><pt><x>248</x><y>111</y><time>28-01-21 14:51:20:056</time></pt><pt><x>248</x><y>116</y><time>28-01-21 14:51:20:246</time></pt><pt><x>249</x><y>120</y><time>28-01-21 14:51:20:418</time></pt><pt><x>249</x><y>123</y><time>28-01-21 14:51:20:577</time></pt><pt><x>250</x><y>127</y><time>28-01-21 14:51:20:765</time></pt><pt><x>251</x><y>129</y><time>28-01-21 14:51:20:923</time></pt><pt><x>252</x><y>133</y><time>28-01-21 14:51:21:088</time></pt><pt><x>252</x><y>139</y><time>28-01-21 14:51:21:544</time></pt><pt><x>252</x><y>140</y><time>28-01-21 14:51:21:654</time></pt><pt><x>257</x><y>141</y><time>28-01-21 14:51:21:922</time></pt><pt><x>257</x><y>143</y><time>28-01-21 14:51:22:236</time></pt><pt><x>257</x><y>145</y><time>28-01-21 14:51:22:402</time></pt><pt><x>257</x><y>147</y><time>28-01-21 14:51:22:560</time></pt><pt><x>257</x><y>149</y><time>28-01-21 14:51:22:788</time></pt><pt><x>258</x><y>153</y><time>28-01-21 14:51:22:976</time></pt><pt><x>258</x><y>156</y><time>28-01-21 14:51:23:128</time></pt><pt><x>258</x><y>159</y><time>28-01-21 14:51:23:284</time></pt><pt><x>258</x><y>163</y><time>28-01-21 14:51:23:512</time></pt><pt><x>260</x><y>166</y><time>28-01-21 14:51:23:717</time></pt><pt><x>263</x><y>173</y><time>28-01-21 14:51:28:030</time></pt><pt><x>268</x><y>201</y><time>28-01-21 14:51:30:564</time></pt><pt><x>269</x><y>204</y><time>28-01-21 14:51:31:337</time></pt><pt><x>270</x><y>205</y><time>28-01-21 14:51:31:516</time></pt><pt><x>270</x><y>211</y><time>28-01-21 14:51:31:698</time></pt><pt><x>270</x><y>214</y><time>28-01-21 14:51:32:911</time></pt><pt><x>270</x><y>217</y><time>28-01-21 14:51:33:052</time></pt><pt><x>270</x><y>223</y><time>28-01-21 14:51:33:224</time></pt><pt><x>269</x><y>231</y><time>28-01-21 14:51:33:556</time></pt><pt><x>266</x><y>245</y><time>28-01-21 14:51:35:359</time></pt><pt><x>266</x><y>255</y><time>28-01-21 14:51:35:815</time></pt><pt><x>267</x><y>261</y><time>28-01-21 14:52:41:833</time></pt><pt><x>270</x><y>262</y><time>28-01-21 14:52:42:196</time></pt><pt><x>273</x><y>260</y><time>28-01-21 14:52:42:550</time></pt><pt><x>279</x><y>255</y><time>28-01-21 14:52:43:446</time></pt><pt><x>284</x><y>249</y><time>28-01-21 14:52:43:881</time></pt><pt><x>287</x><y>244</y><time>28-01-21 14:52:44:249</time></pt><pt><x>286</x><y>237</y><time>28-01-21 14:52:44:658</time></pt><pt><x>286</x><y>231</y><time>28-01-21 14:52:44:909</time></pt><pt><x>287</x><y>225</y><time>28-01-21 14:52:45:139</time></pt><pt><x>289</x><y>217</y><time>28-01-21 14:52:45:398</time></pt><pt><x>290</x><y>212</y><time>28-01-21 14:52:45:736</time></pt><pt><x>292</x><y>205</y><time>28-01-21 14:52:46:082</time></pt><pt><x>293</x><y>201</y><time>28-01-21 14:52:46:309</time></pt><pt><x>294</x><y>197</y><time>28-01-21 14:52:46:610</time></pt><pt><x>299</x><y>205</y><time>28-01-21 14:52:46:996</time></pt><pt><x>303</x><y>207</y><time>28-01-21 14:52:47:278</time></pt><pt><x>305</x><y>206</y><time>28-01-21 14:52:47:452</time></pt><pt><x>307</x><y>207</y><time>28-01-21 14:52:47:656</time></pt><pt><x>308</x><y>211</y><time>28-01-21 14:52:47:876</time></pt><pt><x>309</x><y>216</y><time>28-01-21 14:52:48:192</time></pt><pt><x>309</x><y>220</y><time>28-01-21 14:52:48:521</time></pt><pt><x>307</x><y>222</y><time>28-01-21 14:52:48:717</time></pt><pt><x>301</x><y>227</y><time>28-01-21 14:52:48:946</time></pt><pt><x>298</x><y>230</y><time>28-01-21 14:53:14:857</time></pt><pt><x>294</x><y>234</y><time>28-01-21 14:53:15:224</time></pt><pt><x>292</x><y>239</y><time>28-01-21 14:53:15:468</time></pt><pt><x>290</x><y>242</y><time>28-01-21 14:53:15:712</time></pt><pt><x>288</x><y>245</y><time>28-01-21 14:53:15:956</time></pt><pt><x>285</x><y>249</y><time>28-01-21 14:53:16:468</time></pt><pt><x>282</x><y>253</y><time>28-01-21 14:53:16:988</time></pt><pt><x>276</x><y>259</y><time>28-01-21 14:53:20:458</time></pt><pt><x>272</x><y>262</y><time>28-01-21 14:53:20:954</time></pt><pt><x>269</x><y>263</y><time>28-01-21 14:53:21:560</time></pt><pt><x>268</x><y>263</y><time>28-01-21 14:53:21:977</time></pt><pt><x>266</x><y>263</y><time>28-01-21 14:53:22:275</time></pt><pt><x>265</x><y>264</y><time>28-01-21 14:53:22:448</time></pt><pt><x>264</x><y>265</y><time>28-01-21 14:53:22:598</time></pt><pt><x>262</x><y>266</y><time>28-01-21 14:53:22:842</time></pt><pt><x>261</x><y>266</y><time>28-01-21 14:53:23:013</time></pt><pt><x>260</x><y>267</y><time>28-01-21 14:53:23:164</time></pt><pt><x>259</x><y>268</y><time>28-01-21 14:53:23:322</time></pt><pt><x>261</x><y>276</y><time>28-01-21 14:53:24:674</time></pt><pt><x>262</x><y>278</y><time>28-01-21 14:53:24:966</time></pt><pt><x>263</x><y>280</y><time>28-01-21 14:53:25:117</time></pt><pt><x>270</x><y>285</y><time>28-01-21 14:53:26:186</time></pt><pt><x>272</x><y>286</y><time>28-01-21 14:53:26:344</time></pt><pt><x>273</x><y>289</y><time>28-01-21 14:53:26:557</time></pt><pt><x>273</x><y>291</y><time>28-01-21 14:53:26:736</time></pt><pt><x>272</x><y>293</y><time>28-01-21 14:53:26:886</time></pt><pt><x>271</x><y>295</y><time>28-01-21 14:53:27:044</time></pt><pt><x>270</x><y>297</y><time>28-01-21 14:53:27:200</time></pt><pt><x>270</x><y>299</y><time>28-01-21 14:53:27:359</time></pt><pt><x>270</x><y>301</y><time>28-01-21 14:53:27:517</time></pt><pt><x>270</x><y>305</y><time>28-01-21 14:53:27:760</time></pt><pt><x>270</x><y>306</y><time>28-01-21 14:53:27:972</time></pt><pt><x>271</x><y>307</y><time>28-01-21 14:53:28:208</time></pt><pt><x>273</x><y>308</y><time>28-01-21 14:53:28:404</time></pt><pt><x>276</x><y>308</y><time>28-01-21 14:53:28:553</time></pt><pt><x>280</x><y>308</y><time>28-01-21 14:53:28:854</time></pt><pt><x>282</x><y>308</y><time>28-01-21 14:53:29:057</time></pt><pt><x>288</x><y>307</y><time>28-01-21 14:53:31:127</time></pt><pt><x>292</x><y>306</y><time>28-01-21 14:53:31:339</time></pt><pt><x>294</x><y>306</y><time>28-01-21 14:53:31:483</time></pt><pt><x>297</x><y>306</y><time>28-01-21 14:53:31:702</time></pt><pt><x>300</x><y>307</y><time>28-01-21 14:53:31:905</time></pt><pt><x>303</x><y>306</y><time>28-01-21 14:53:32:047</time></pt><pt><x>305</x><y>305</y><time>28-01-21 14:53:32:417</time></pt><pt><x>305</x><y>302</y><time>28-01-21 14:53:32:583</time></pt><pt><x>303</x><y>298</y><time>28-01-21 14:53:32:763</time></pt><pt><x>302</x><y>295</y><time>28-01-21 14:53:32:937</time></pt><pt><x>299</x><y>291</y><time>28-01-21 14:53:33:614</time></pt><pt><x>298</x><y>290</y><time>28-01-21 14:53:33:826</time></pt><pt><x>298</x><y>287</y><time>28-01-21 14:53:33:943</time></pt><pt><x>298</x><y>285</y><time>28-01-21 14:53:34:109</time></pt><pt><x>299</x><y>282</y><time>28-01-21 14:53:34:268</time></pt><pt><x>298</x><y>279</y><time>28-01-21 14:53:34:416</time></pt><pt><x>296</x><y>277</y><time>28-01-21 14:53:34:597</time></pt><pt><x>294</x><y>275</y><time>28-01-21 14:53:34:769</time></pt><pt><x>292</x><y>272</y><time>28-01-21 14:53:34:935</time></pt><pt><x>293</x><y>271</y><time>28-01-21 14:53:39:681</time></pt><pt><x>293</x><y>269</y><time>28-01-21 14:53:39:845</time></pt><pt><x>295</x><y>266</y><time>28-01-21 14:53:40:036</time></pt><pt><x>301</x><y>259</y><time>28-01-21 14:53:40:240</time></pt><pt><x>311</x><y>250</y><time>28-01-21 14:53:40:704</time></pt><pt><x>316</x><y>244</y><time>28-01-21 14:53:41:151</time></pt><pt><x>326</x><y>233</y><time>28-01-21 14:53:52:581</time></pt><pt><x>331</x><y>226</y><time>28-01-21 14:53:52:965</time></pt><pt><x>332</x><y>221</y><time>28-01-21 14:53:53:225</time></pt><pt><x>332</x><y>216</y><time>28-01-21 14:53:53:478</time></pt><pt><x>332</x><y>208</y><time>28-01-21 14:53:54:241</time></pt><pt><x>332</x><y>204</y><time>28-01-21 14:53:54:556</time></pt><pt><x>331</x><y>202</y><time>28-01-21 14:53:54:808</time></pt><pt><x>331</x><y>198</y><time>28-01-21 14:53:56:100</time></pt><pt><x>331</x><y>193</y><time>28-01-21 14:53:56:360</time></pt><pt><x>331</x><y>171</y><time>28-01-21 14:53:57:627</time></pt><pt><x>330</x><y>163</y><time>28-01-21 14:53:57:988</time></pt><pt><x>330</x><y>157</y><time>28-01-21 14:54:01:341</time></pt><pt><x>330</x><y>151</y><time>28-01-21 14:54:01:767</time></pt><pt><x>331</x><y>147</y><time>28-01-21 14:54:02:206</time></pt><pt><x>330</x><y>140</y><time>28-01-21 14:54:03:860</time></pt><pt><x>330</x><y>137</y><time>28-01-21 14:54:04:079</time></pt><pt><x>331</x><y>135</y><time>28-01-21 14:54:04:221</time></pt><pt><x>332</x><y>133</y><time>28-01-21 14:54:04:402</time></pt><pt><x>331</x><y>129</y><time>28-01-21 14:54:04:593</time></pt><pt><x>330</x><y>124</y><time>28-01-21 14:54:04:774</time></pt><pt><x>329</x><y>118</y><time>28-01-21 14:54:05:190</time></pt><pt><x>327</x><y>110</y><time>28-01-21 14:54:18:742</time></pt><pt><x>325</x><y>99</y><time>28-01-21 14:54:19:355</time></pt><pt><x>324</x><y>94</y><time>28-01-21 14:54:19:962</time></pt><pt><x>323</x><y>90</y><time>28-01-21 14:54:20:213</time></pt><pt><x>322</x><y>82</y><time>28-01-21 14:54:20:701</time></pt><pt><x>318</x><y>68</y><time>28-01-21 14:54:29:140</time></pt><pt><x>316</x><y>58</y><time>28-01-21 14:54:30:202</time></pt><pt><x>313</x><y>51</y><time>28-01-21 14:54:30:673</time></pt><pt><x>310</x><y>47</y><time>28-01-21 14:54:31:139</time></pt><pt><x>307</x><y>44</y><time>28-01-21 14:54:31:597</time></pt><pt><x>303</x><y>42</y><time>28-01-21 14:54:32:052</time></pt><pt><x>305</x><y>41</y><time>28-01-21 14:54:33:814</time></pt><pt><x>306</x><y>38</y><time>28-01-21 14:54:34:146</time></pt><pt><x>306</x><y>36</y><time>28-01-21 14:54:34:318</time></pt><pt><x>306</x><y>33</y><time>28-01-21 14:54:34:538</time></pt><pt><x>307</x><y>32</y><time>28-01-21 14:54:34:688</time></pt><pt><x>309</x><y>32</y><time>28-01-21 14:54:34:915</time></pt><pt><x>310</x><y>32</y><time>28-01-21 14:54:35:082</time></pt><pt><x>312</x><y>32</y><time>28-01-21 14:54:35:294</time></pt><pt><x>313</x><y>30</y><time>28-01-21 14:54:35:477</time></pt><pt><x>313</x><y>27</y><time>28-01-21 14:54:35:655</time></pt><pt><x>313</x><y>25</y><time>28-01-21 14:54:35:915</time></pt><pt><x>312</x><y>23</y><time>28-01-21 14:54:36:323</time></pt><closed_date>28-01-21 14:54:36:772</closed_date></polygon></object><object><name>person</name><deleted>0</deleted><verified>0</verified><occluded>no</occluded><attributes></attributes><parts><hasparts></hasparts><ispartof></ispartof></parts><date>28-01-21 15:01:12:002</date><id>2</id><polygon><username>7hao</username><pt><x>383</x><y>0</y><time>28-01-21 14:57:55:289</time></pt><pt><x>382</x><y>2</y><time>28-01-21 14:57:55:836</time></pt><pt><x>381</x><y>4</y><time>28-01-21 14:57:56:158</time></pt><pt><x>380</x><y>6</y><time>28-01-21 14:57:56:410</time></pt><pt><x>380</x><y>7</y><time>28-01-21 14:57:56:630</time></pt><pt><x>381</x><y>7</y><time>28-01-21 14:57:56:826</time></pt><pt><x>382</x><y>8</y><time>28-01-21 14:57:57:135</time></pt><pt><x>383</x><y>9</y><time>28-01-21 14:57:57:330</time></pt><pt><x>384</x><y>10</y><time>28-01-21 14:57:57:638</time></pt><pt><x>385</x><y>11</y><time>28-01-21 14:57:57:983</time></pt><pt><x>385</x><y>13</y><time>28-01-21 14:57:58:141</time></pt><pt><x>385</x><y>15</y><time>28-01-21 14:57:58:346</time></pt><pt><x>385</x><y>17</y><time>28-01-21 14:57:58:676</time></pt><pt><x>384</x><y>18</y><time>28-01-21 14:57:58:864</time></pt><pt><x>384</x><y>19</y><time>28-01-21 14:57:59:031</time></pt><pt><x>384</x><y>21</y><time>28-01-21 14:57:59:282</time></pt><pt><x>384</x><y>26</y><time>28-01-21 14:57:59:658</time></pt><pt><x>384</x><y>27</y><time>28-01-21 14:57:59:873</time></pt><pt><x>383</x><y>28</y><time>28-01-21 14:58:00:124</time></pt><pt><x>383</x><y>30</y><time>28-01-21 14:58:00:256</time></pt><pt><x>384</x><y>31</y><time>28-01-21 14:58:00:406</time></pt><pt><x>385</x><y>32</y><time>28-01-21 14:58:00:548</time></pt><pt><x>386</x><y>33</y><time>28-01-21 14:58:00:642</time></pt><pt><x>388</x><y>34</y><time>28-01-21 14:58:00:760</time></pt><pt><x>391</x><y>34</y><time>28-01-21 14:58:00:996</time></pt><pt><x>392</x><y>35</y><time>28-01-21 14:58:01:138</time></pt><pt><x>393</x><y>36</y><time>28-01-21 14:58:01:318</time></pt><pt><x>395</x><y>40</y><time>28-01-21 14:58:01:712</time></pt><pt><x>395</x><y>42</y><time>28-01-21 14:58:01:996</time></pt><pt><x>395</x><y>48</y><time>28-01-21 14:58:05:174</time></pt><pt><x>393</x><y>47</y><time>28-01-21 14:58:05:512</time></pt><pt><x>390</x><y>48</y><time>28-01-21 14:58:05:678</time></pt><pt><x>386</x><y>49</y><time>28-01-21 14:58:06:000</time></pt><pt><x>384</x><y>49</y><time>28-01-21 14:58:06:198</time></pt><pt><x>383</x><y>51</y><time>28-01-21 14:58:06:346</time></pt><pt><x>377</x><y>50</y><time>28-01-21 14:58:07:134</time></pt><pt><x>374</x><y>50</y><time>28-01-21 14:58:07:432</time></pt><pt><x>373</x><y>49</y><time>28-01-21 14:58:07:645</time></pt><pt><x>373</x><y>49</y><time>28-01-21 14:58:07:834</time></pt><pt><x>373</x><y>47</y><time>28-01-21 14:58:08:046</time></pt><pt><x>373</x><y>46</y><time>28-01-21 14:58:08:180</time></pt><pt><x>373</x><y>45</y><time>28-01-21 14:58:08:330</time></pt><pt><x>374</x><y>44</y><time>28-01-21 14:58:08:465</time></pt><pt><x>375</x><y>43</y><time>28-01-21 14:58:08:636</time></pt><pt><x>378</x><y>40</y><time>28-01-21 14:58:09:006</time></pt><pt><x>379</x><y>38</y><time>28-01-21 14:58:09:275</time></pt><pt><x>379</x><y>36</y><time>28-01-21 14:58:09:438</time></pt><pt><x>379</x><y>34</y><time>28-01-21 14:58:13:436</time></pt><pt><x>382</x><y>30</y><time>28-01-21 14:58:14:308</time></pt><pt><x>382</x><y>28</y><time>28-01-21 14:58:14:860</time></pt><pt><x>383</x><y>27</y><time>28-01-21 14:58:15:450</time></pt><pt><x>383</x><y>24</y><time>28-01-21 14:58:16:387</time></pt><pt><x>383</x><y>19</y><time>28-01-21 14:58:17:667</time></pt><pt><x>384</x><y>17</y><time>28-01-21 14:58:18:110</time></pt><pt><x>384</x><y>16</y><time>28-01-21 14:58:24:066</time></pt><pt><x>384</x><y>12</y><time>28-01-21 14:58:25:166</time></pt><pt><x>384</x><y>11</y><time>28-01-21 14:58:38:258</time></pt><pt><x>383</x><y>10</y><time>28-01-21 14:58:39:242</time></pt><pt><x>381</x><y>8</y><time>28-01-21 14:58:40:014</time></pt><pt><x>379</x><y>7</y><time>28-01-21 14:58:40:848</time></pt><pt><x>377</x><y>7</y><time>28-01-21 14:58:41:454</time></pt><pt><x>375</x><y>6</y><time>28-01-21 14:58:41:854</time></pt><pt><x>374</x><y>7</y><time>28-01-21 14:58:42:042</time></pt><pt><x>373</x><y>9</y><time>28-01-21 14:58:42:342</time></pt><pt><x>373</x><y>20</y><time>28-01-21 14:58:43:011</time></pt><pt><x>373</x><y>27</y><time>28-01-21 14:58:43:734</time></pt><pt><x>372</x><y>29</y><time>28-01-21 14:58:44:159</time></pt><pt><x>367</x><y>35</y><time>28-01-21 14:58:47:338</time></pt><pt><x>364</x><y>37</y><time>28-01-21 14:58:47:716</time></pt><pt><x>361</x><y>39</y><time>28-01-21 14:58:47:938</time></pt><pt><x>355</x><y>48</y><time>28-01-21 14:58:48:565</time></pt><pt><x>348</x><y>54</y><time>28-01-21 14:58:51:074</time></pt><pt><x>345</x><y>59</y><time>28-01-21 14:58:51:419</time></pt><pt><x>341</x><y>69</y><time>28-01-21 14:58:52:159</time></pt><pt><x>342</x><y>74</y><time>28-01-21 14:58:52:570</time></pt><pt><x>346</x><y>78</y><time>28-01-21 14:58:52:971</time></pt><pt><x>351</x><y>81</y><time>28-01-21 14:58:53:412</time></pt><pt><x>357</x><y>82</y><time>28-01-21 14:58:53:937</time></pt><pt><x>361</x><y>81</y><time>28-01-21 14:58:54:301</time></pt><pt><x>365</x><y>81</y><time>28-01-21 14:58:57:375</time></pt><pt><x>368</x><y>80</y><time>28-01-21 14:58:57:911</time></pt><pt><x>370</x><y>82</y><time>28-01-21 14:58:58:175</time></pt><pt><x>371</x><y>83</y><time>28-01-21 14:58:58:344</time></pt><pt><x>372</x><y>86</y><time>28-01-21 14:58:58:651</time></pt><pt><x>371</x><y>93</y><time>28-01-21 14:58:59:108</time></pt><pt><x>371</x><y>101</y><time>28-01-21 14:58:59:674</time></pt><pt><x>370</x><y>116</y><time>28-01-21 14:59:00:988</time></pt><pt><x>370</x><y>124</y><time>28-01-21 14:59:01:444</time></pt><pt><x>370</x><y>128</y><time>28-01-21 14:59:01:696</time></pt><pt><x>370</x><y>129</y><time>28-01-21 14:59:01:830</time></pt><pt><x>370</x><y>131</y><time>28-01-21 14:59:01:980</time></pt><pt><x>370</x><y>135</y><time>28-01-21 14:59:02:168</time></pt><pt><x>370</x><y>145</y><time>28-01-21 14:59:03:379</time></pt><pt><x>369</x><y>151</y><time>28-01-21 14:59:03:830</time></pt><pt><x>369</x><y>153</y><time>28-01-21 14:59:04:002</time></pt><pt><x>367</x><y>177</y><time>28-01-21 14:59:07:172</time></pt><pt><x>367</x><y>196</y><time>28-01-21 14:59:08:084</time></pt><pt><x>368</x><y>217</y><time>28-01-21 14:59:09:650</time></pt><pt><x>370</x><y>224</y><time>28-01-21 14:59:10:084</time></pt><pt><x>371</x><y>226</y><time>28-01-21 14:59:10:288</time></pt><pt><x>371</x><y>230</y><time>28-01-21 14:59:13:190</time></pt><pt><x>370</x><y>235</y><time>28-01-21 14:59:13:458</time></pt><pt><x>368</x><y>240</y><time>28-01-21 14:59:15:605</time></pt><pt><x>366</x><y>244</y><time>28-01-21 14:59:15:952</time></pt><pt><x>365</x><y>246</y><time>28-01-21 14:59:16:118</time></pt><pt><x>365</x><y>249</y><time>28-01-21 14:59:16:276</time></pt><pt><x>365</x><y>264</y><time>28-01-21 14:59:17:512</time></pt><pt><x>365</x><y>267</y><time>28-01-21 14:59:17:689</time></pt><pt><x>365</x><y>268</y><time>28-01-21 14:59:17:832</time></pt><pt><x>365</x><y>270</y><time>28-01-21 14:59:17:974</time></pt><pt><x>365</x><y>272</y><time>28-01-21 14:59:18:116</time></pt><pt><x>366</x><y>274</y><time>28-01-21 14:59:18:272</time></pt><pt><x>366</x><y>275</y><time>28-01-21 14:59:18:454</time></pt><pt><x>366</x><y>278</y><time>28-01-21 14:59:18:650</time></pt><pt><x>366</x><y>280</y><time>28-01-21 14:59:18:846</time></pt><pt><x>365</x><y>282</y><time>28-01-21 14:59:19:027</time></pt><pt><x>364</x><y>283</y><time>28-01-21 14:59:19:186</time></pt><pt><x>364</x><y>285</y><time>28-01-21 14:59:19:350</time></pt><pt><x>364</x><y>287</y><time>28-01-21 14:59:19:500</time></pt><pt><x>364</x><y>288</y><time>28-01-21 14:59:19:649</time></pt><pt><x>364</x><y>289</y><time>28-01-21 14:59:19:798</time></pt><pt><x>365</x><y>290</y><time>28-01-21 14:59:19:940</time></pt><pt><x>366</x><y>292</y><time>28-01-21 14:59:21:221</time></pt><pt><x>366</x><y>294</y><time>28-01-21 14:59:21:466</time></pt><pt><x>366</x><y>295</y><time>28-01-21 14:59:21:602</time></pt><pt><x>365</x><y>296</y><time>28-01-21 14:59:21:766</time></pt><pt><x>365</x><y>297</y><time>28-01-21 14:59:21:898</time></pt><pt><x>365</x><y>300</y><time>28-01-21 14:59:22:040</time></pt><pt><x>364</x><y>302</y><time>28-01-21 14:59:22:214</time></pt><pt><x>364</x><y>304</y><time>28-01-21 14:59:22:339</time></pt><pt><x>361</x><y>309</y><time>28-01-21 14:59:23:801</time></pt><pt><x>357</x><y>314</y><time>28-01-21 14:59:24:172</time></pt><pt><x>356</x><y>316</y><time>28-01-21 14:59:24:384</time></pt><pt><x>356</x><y>318</y><time>28-01-21 14:59:24:550</time></pt><pt><x>356</x><y>320</y><time>28-01-21 14:59:24:723</time></pt><pt><x>356</x><y>322</y><time>28-01-21 14:59:24:911</time></pt><pt><x>360</x><y>322</y><time>28-01-21 14:59:25:131</time></pt><pt><x>366</x><y>323</y><time>28-01-21 14:59:25:402</time></pt><pt><x>374</x><y>322</y><time>28-01-21 14:59:25:839</time></pt><pt><x>376</x><y>321</y><time>28-01-21 14:59:26:177</time></pt><pt><x>378</x><y>320</y><time>28-01-21 14:59:26:391</time></pt><pt><x>378</x><y>319</y><time>28-01-21 14:59:26:555</time></pt><pt><x>378</x><y>318</y><time>28-01-21 14:59:26:697</time></pt><pt><x>380</x><y>318</y><time>28-01-21 14:59:26:885</time></pt><pt><x>381</x><y>316</y><time>28-01-21 14:59:27:054</time></pt><pt><x>381</x><y>314</y><time>28-01-21 14:59:27:201</time></pt><pt><x>381</x><y>312</y><time>28-01-21 14:59:27:382</time></pt><pt><x>380</x><y>310</y><time>28-01-21 14:59:27:556</time></pt><pt><x>380</x><y>306</y><time>28-01-21 14:59:27:735</time></pt><pt><x>380</x><y>304</y><time>28-01-21 14:59:27:931</time></pt><pt><x>380</x><y>303</y><time>28-01-21 14:59:28:106</time></pt><pt><x>380</x><y>301</y><time>28-01-21 14:59:28:248</time></pt><pt><x>382</x><y>296</y><time>28-01-21 14:59:28:609</time></pt><pt><x>384</x><y>291</y><time>28-01-21 14:59:29:191</time></pt><pt><x>384</x><y>283</y><time>28-01-21 14:59:34:705</time></pt><pt><x>387</x><y>274</y><time>28-01-21 14:59:35:257</time></pt><pt><x>388</x><y>267</y><time>28-01-21 14:59:36:280</time></pt><pt><x>389</x><y>258</y><time>28-01-21 14:59:36:743</time></pt><pt><x>389</x><y>253</y><time>28-01-21 14:59:37:161</time></pt><pt><x>392</x><y>239</y><time>28-01-21 14:59:38:814</time></pt><pt><x>394</x><y>228</y><time>28-01-21 14:59:39:403</time></pt><pt><x>396</x><y>222</y><time>28-01-21 14:59:40:025</time></pt><pt><x>397</x><y>213</y><time>28-01-21 14:59:41:000</time></pt><pt><x>398</x><y>213</y><time>28-01-21 14:59:42:291</time></pt><pt><x>398</x><y>224</y><time>28-01-21 14:59:43:305</time></pt><pt><x>399</x><y>238</y><time>28-01-21 14:59:44:298</time></pt><pt><x>399</x><y>258</y><time>28-01-21 14:59:45:625</time></pt><pt><x>399</x><y>273</y><time>28-01-21 14:59:46:304</time></pt><pt><x>399</x><y>287</y><time>28-01-21 14:59:50:732</time></pt><pt><x>400</x><y>289</y><time>28-01-21 14:59:51:024</time></pt><pt><x>401</x><y>290</y><time>28-01-21 14:59:51:180</time></pt><pt><x>402</x><y>296</y><time>28-01-21 14:59:52:502</time></pt><pt><x>403</x><y>298</y><time>28-01-21 14:59:52:729</time></pt><pt><x>403</x><y>300</y><time>28-01-21 14:59:52:888</time></pt><pt><x>403</x><y>301</y><time>28-01-21 14:59:52:997</time></pt><pt><x>402</x><y>304</y><time>28-01-21 14:59:53:132</time></pt><pt><x>402</x><y>306</y><time>28-01-21 14:59:53:282</time></pt><pt><x>402</x><y>309</y><time>28-01-21 14:59:53:430</time></pt><pt><x>402</x><y>311</y><time>28-01-21 14:59:53:603</time></pt><pt><x>401</x><y>312</y><time>28-01-21 14:59:53:754</time></pt><pt><x>401</x><y>315</y><time>28-01-21 14:59:54:036</time></pt><pt><x>402</x><y>316</y><time>28-01-21 14:59:54:218</time></pt><pt><x>404</x><y>317</y><time>28-01-21 14:59:54:446</time></pt><pt><x>407</x><y>318</y><time>28-01-21 14:59:56:602</time></pt><pt><x>410</x><y>320</y><time>28-01-21 14:59:56:909</time></pt><pt><x>411</x><y>320</y><time>28-01-21 14:59:57:075</time></pt><pt><x>414</x><y>321</y><time>28-01-21 14:59:57:278</time></pt><pt><x>422</x><y>322</y><time>28-01-21 14:59:59:975</time></pt><pt><x>427</x><y>322</y><time>28-01-21 15:00:00:403</time></pt><pt><x>431</x><y>321</y><time>28-01-21 15:00:00:975</time></pt><pt><x>431</x><y>319</y><time>28-01-21 15:00:01:155</time></pt><pt><x>431</x><y>316</y><time>28-01-21 15:00:01:306</time></pt><pt><x>429</x><y>313</y><time>28-01-21 15:00:01:541</time></pt><pt><x>424</x><y>308</y><time>28-01-21 15:00:02:194</time></pt><pt><x>419</x><y>301</y><time>28-01-21 15:00:03:487</time></pt><pt><x>418</x><y>297</y><time>28-01-21 15:00:06:185</time></pt><pt><x>418</x><y>292</y><time>28-01-21 15:00:06:546</time></pt><pt><x>419</x><y>290</y><time>28-01-21 15:00:06:743</time></pt><pt><x>420</x><y>288</y><time>28-01-21 15:00:06:938</time></pt><pt><x>421</x><y>284</y><time>28-01-21 15:00:07:175</time></pt><pt><x>420</x><y>277</y><time>28-01-21 15:00:07:733</time></pt><pt><x>422</x><y>263</y><time>28-01-21 15:00:08:930</time></pt><pt><x>424</x><y>251</y><time>28-01-21 15:00:09:402</time></pt><pt><x>423</x><y>243</y><time>28-01-21 15:00:09:999</time></pt><pt><x>423</x><y>239</y><time>28-01-21 15:00:10:228</time></pt><pt><x>423</x><y>237</y><time>28-01-21 15:00:10:383</time></pt><pt><x>423</x><y>235</y><time>28-01-21 15:00:10:558</time></pt><pt><x>425</x><y>230</y><time>28-01-21 15:00:10:919</time></pt><pt><x>427</x><y>220</y><time>28-01-21 15:00:12:335</time></pt><pt><x>427</x><y>210</y><time>28-01-21 15:00:13:145</time></pt><pt><x>428</x><y>203</y><time>28-01-21 15:00:13:736</time></pt><pt><x>430</x><y>196</y><time>28-01-21 15:00:14:310</time></pt><pt><x>433</x><y>181</y><time>28-01-21 15:00:15:679</time></pt><pt><x>433</x><y>170</y><time>28-01-21 15:00:16:419</time></pt><pt><x>435</x><y>165</y><time>28-01-21 15:00:16:915</time></pt><pt><x>435</x><y>159</y><time>28-01-21 15:00:17:434</time></pt><pt><x>434</x><y>148</y><time>28-01-21 15:00:18:655</time></pt><pt><x>433</x><y>143</y><time>28-01-21 15:00:18:985</time></pt><pt><x>433</x><y>141</y><time>28-01-21 15:00:19:151</time></pt><pt><x>433</x><y>139</y><time>28-01-21 15:00:19:339</time></pt><pt><x>434</x><y>138</y><time>28-01-21 15:00:19:520</time></pt><pt><x>436</x><y>136</y><time>28-01-21 15:00:19:692</time></pt><pt><x>436</x><y>135</y><time>28-01-21 15:00:19:882</time></pt><pt><x>436</x><y>132</y><time>28-01-21 15:00:20:046</time></pt><pt><x>436</x><y>129</y><time>28-01-21 15:00:23:540</time></pt><pt><x>434</x><y>126</y><time>28-01-21 15:00:23:824</time></pt><pt><x>434</x><y>124</y><time>28-01-21 15:00:23:963</time></pt><pt><x>434</x><y>121</y><time>28-01-21 15:00:24:155</time></pt><pt><x>434</x><y>114</y><time>28-01-21 15:00:24:610</time></pt><pt><x>434</x><y>111</y><time>28-01-21 15:00:24:931</time></pt><pt><x>434</x><y>109</y><time>28-01-21 15:00:25:184</time></pt><pt><x>435</x><y>110</y><time>28-01-21 15:00:25:469</time></pt><pt><x>436</x><y>112</y><time>28-01-21 15:00:25:656</time></pt><pt><x>438</x><y>128</y><time>28-01-21 15:00:26:380</time></pt><pt><x>439</x><y>138</y><time>28-01-21 15:00:26:995</time></pt><pt><x>442</x><y>149</y><time>28-01-21 15:00:30:220</time></pt><pt><x>442</x><y>152</y><time>28-01-21 15:00:30:582</time></pt><pt><x>442</x><y>154</y><time>28-01-21 15:00:30:740</time></pt><pt><x>443</x><y>156</y><time>28-01-21 15:00:30:882</time></pt><pt><x>443</x><y>156</y><time>28-01-21 15:00:31:030</time></pt><pt><x>444</x><y>158</y><time>28-01-21 15:00:31:180</time></pt><pt><x>444</x><y>160</y><time>28-01-21 15:00:31:330</time></pt><pt><x>444</x><y>161</y><time>28-01-21 15:00:31:487</time></pt><pt><x>444</x><y>163</y><time>28-01-21 15:00:31:645</time></pt><pt><x>444</x><y>163</y><time>28-01-21 15:00:31:770</time></pt><pt><x>442</x><y>167</y><time>28-01-21 15:00:37:223</time></pt><pt><x>442</x><y>172</y><time>28-01-21 15:00:37:822</time></pt><pt><x>442</x><y>178</y><time>28-01-21 15:00:38:310</time></pt><pt><x>442</x><y>181</y><time>28-01-21 15:00:39:624</time></pt><pt><x>443</x><y>184</y><time>28-01-21 15:00:39:844</time></pt><pt><x>443</x><y>185</y><time>28-01-21 15:00:40:009</time></pt><pt><x>445</x><y>185</y><time>28-01-21 15:00:40:278</time></pt><pt><x>449</x><y>184</y><time>28-01-21 15:00:40:499</time></pt><pt><x>453</x><y>181</y><time>28-01-21 15:00:41:159</time></pt><pt><x>454</x><y>176</y><time>28-01-21 15:00:41:467</time></pt><pt><x>455</x><y>171</y><time>28-01-21 15:00:41:742</time></pt><pt><x>455</x><y>169</y><time>28-01-21 15:00:41:955</time></pt><pt><x>454</x><y>167</y><time>28-01-21 15:00:42:126</time></pt><pt><x>455</x><y>165</y><time>28-01-21 15:00:42:380</time></pt><pt><x>455</x><y>159</y><time>28-01-21 15:00:43:110</time></pt><pt><x>457</x><y>156</y><time>28-01-21 15:00:43:346</time></pt><pt><x>458</x><y>155</y><time>28-01-21 15:00:43:518</time></pt><pt><x>458</x><y>144</y><time>28-01-21 15:00:45:163</time></pt><pt><x>458</x><y>134</y><time>28-01-21 15:00:45:714</time></pt><pt><x>457</x><y>124</y><time>28-01-21 15:00:46:997</time></pt><pt><x>456</x><y>111</y><time>28-01-21 15:00:47:689</time></pt><pt><x>452</x><y>84</y><time>28-01-21 15:00:49:033</time></pt><pt><x>448</x><y>69</y><time>28-01-21 15:00:49:932</time></pt><pt><x>447</x><y>61</y><time>28-01-21 15:00:50:490</time></pt><pt><x>444</x><y>56</y><time>28-01-21 15:00:51:662</time></pt><pt><x>433</x><y>52</y><time>28-01-21 15:00:52:300</time></pt><pt><x>423</x><y>48</y><time>28-01-21 15:00:53:118</time></pt><pt><x>419</x><y>47</y><time>28-01-21 15:00:57:523</time></pt><pt><x>417</x><y>45</y><time>28-01-21 15:00:58:129</time></pt><pt><x>416</x><y>42</y><time>28-01-21 15:00:58:408</time></pt><pt><x>417</x><y>40</y><time>28-01-21 15:00:58:578</time></pt><pt><x>419</x><y>36</y><time>28-01-21 15:00:58:900</time></pt><pt><x>421</x><y>29</y><time>28-01-21 15:00:59:750</time></pt><pt><x>421</x><y>22</y><time>28-01-21 15:01:00:230</time></pt><pt><x>420</x><y>16</y><time>28-01-21 15:01:02:181</time></pt><pt><x>419</x><y>9</y><time>28-01-21 15:01:02:849</time></pt><pt><x>419</x><y>5</y><time>28-01-21 15:01:03:211</time></pt><pt><x>419</x><y>3</y><time>28-01-21 15:01:03:589</time></pt><pt><x>419</x><y>2</y><time>28-01-21 15:01:03:849</time></pt><pt><x>418</x><y>0</y><time>28-01-21 15:01:04:118</time></pt><pt><x>418</x><y>0</y><time>28-01-21 15:01:06:177</time></pt><closed_date>28-01-21 15:01:09:215</closed_date></polygon></object></annotation>