<annotation><filename>frame0093.jpg</filename><folder>users/lab605//7hao/human_20210119_4</folder><source><submittedBy>lab605</submittedBy></source><imagesize><nrows>480</nrows><ncols>640</ncols></imagesize><object><name>person</name><deleted>0</deleted><verified>0</verified><occluded>no</occluded><attributes></attributes><parts><hasparts></hasparts><ispartof></ispartof></parts><date>27-01-21 21:19:06:702</date><id>0</id><polygon><username>7hao</username><pt><x>199</x><y>20</y><time>27-01-21 21:16:25:220</time></pt><pt><x>198</x><y>22</y><time>27-01-21 21:16:26:384</time></pt><pt><x>197</x><y>25</y><time>27-01-21 21:16:26:675</time></pt><pt><x>198</x><y>26</y><time>27-01-21 21:16:26:908</time></pt><pt><x>199</x><y>27</y><time>27-01-21 21:16:27:335</time></pt><pt><x>193</x><y>31</y><time>27-01-21 21:16:27:946</time></pt><pt><x>184</x><y>39</y><time>27-01-21 21:16:28:424</time></pt><pt><x>179</x><y>46</y><time>27-01-21 21:16:29:022</time></pt><pt><x>176</x><y>51</y><time>27-01-21 21:16:29:423</time></pt><pt><x>175</x><y>64</y><time>27-01-21 21:16:33:005</time></pt><pt><x>176</x><y>76</y><time>27-01-21 21:16:33:601</time></pt><pt><x>178</x><y>108</y><time>27-01-21 21:16:34:833</time></pt><pt><x>178</x><y>114</y><time>27-01-21 21:16:35:099</time></pt><pt><x>180</x><y>118</y><time>27-01-21 21:16:35:273</time></pt><pt><x>182</x><y>124</y><time>27-01-21 21:16:35:610</time></pt><pt><x>186</x><y>131</y><time>27-01-21 21:16:35:962</time></pt><pt><x>187</x><y>134</y><time>27-01-21 21:16:36:191</time></pt><pt><x>188</x><y>136</y><time>27-01-21 21:16:36:363</time></pt><pt><x>190</x><y>138</y><time>27-01-21 21:16:36:490</time></pt><pt><x>191</x><y>139</y><time>27-01-21 21:16:36:638</time></pt><pt><x>192</x><y>141</y><time>27-01-21 21:16:36:819</time></pt><pt><x>193</x><y>144</y><time>27-01-21 21:16:37:002</time></pt><pt><x>193</x><y>149</y><time>27-01-21 21:16:37:205</time></pt><pt><x>192</x><y>151</y><time>27-01-21 21:16:37:465</time></pt><pt><x>192</x><y>156</y><time>27-01-21 21:16:37:691</time></pt><pt><x>192</x><y>158</y><time>27-01-21 21:16:37:855</time></pt><pt><x>192</x><y>180</y><time>27-01-21 21:16:39:316</time></pt><pt><x>192</x><y>188</y><time>27-01-21 21:16:39:684</time></pt><pt><x>192</x><y>192</y><time>27-01-21 21:16:39:843</time></pt><pt><x>192</x><y>193</y><time>27-01-21 21:16:39:982</time></pt><pt><x>191</x><y>196</y><time>27-01-21 21:16:40:143</time></pt><pt><x>191</x><y>197</y><time>27-01-21 21:16:40:289</time></pt><pt><x>192</x><y>199</y><time>27-01-21 21:16:40:432</time></pt><pt><x>193</x><y>202</y><time>27-01-21 21:16:40:581</time></pt><pt><x>193</x><y>206</y><time>27-01-21 21:16:40:716</time></pt><pt><x>194</x><y>211</y><time>27-01-21 21:16:40:924</time></pt><pt><x>192</x><y>215</y><time>27-01-21 21:16:41:133</time></pt><pt><x>191</x><y>216</y><time>27-01-21 21:16:41:286</time></pt><pt><x>189</x><y>219</y><time>27-01-21 21:16:41:671</time></pt><pt><x>185</x><y>223</y><time>27-01-21 21:16:42:009</time></pt><pt><x>181</x><y>227</y><time>27-01-21 21:16:42:354</time></pt><pt><x>175</x><y>239</y><time>27-01-21 21:16:43:565</time></pt><pt><x>173</x><y>251</y><time>27-01-21 21:16:45:950</time></pt><pt><x>171</x><y>256</y><time>27-01-21 21:16:46:250</time></pt><pt><x>170</x><y>260</y><time>27-01-21 21:16:46:399</time></pt><pt><x>168</x><y>262</y><time>27-01-21 21:16:46:595</time></pt><pt><x>166</x><y>264</y><time>27-01-21 21:16:46:793</time></pt><pt><x>163</x><y>265</y><time>27-01-21 21:16:46:980</time></pt><pt><x>161</x><y>267</y><time>27-01-21 21:16:47:302</time></pt><pt><x>159</x><y>269</y><time>27-01-21 21:16:49:326</time></pt><pt><x>156</x><y>274</y><time>27-01-21 21:16:49:680</time></pt><pt><x>155</x><y>282</y><time>27-01-21 21:16:50:137</time></pt><pt><x>155</x><y>288</y><time>27-01-21 21:16:50:450</time></pt><pt><x>156</x><y>292</y><time>27-01-21 21:16:50:630</time></pt><pt><x>155</x><y>298</y><time>27-01-21 21:16:50:920</time></pt><pt><x>156</x><y>307</y><time>27-01-21 21:16:54:776</time></pt><pt><x>159</x><y>311</y><time>27-01-21 21:16:55:090</time></pt><pt><x>164</x><y>315</y><time>27-01-21 21:16:55:327</time></pt><pt><x>169</x><y>317</y><time>27-01-21 21:16:55:556</time></pt><pt><x>173</x><y>316</y><time>27-01-21 21:16:55:828</time></pt><pt><x>177</x><y>313</y><time>27-01-21 21:16:56:059</time></pt><pt><x>178</x><y>309</y><time>27-01-21 21:16:56:268</time></pt><pt><x>178</x><y>306</y><time>27-01-21 21:16:56:464</time></pt><pt><x>178</x><y>300</y><time>27-01-21 21:16:56:661</time></pt><pt><x>178</x><y>295</y><time>27-01-21 21:16:56:856</time></pt><pt><x>179</x><y>285</y><time>27-01-21 21:16:57:195</time></pt><pt><x>180</x><y>280</y><time>27-01-21 21:16:57:470</time></pt><pt><x>180</x><y>275</y><time>27-01-21 21:16:57:645</time></pt><pt><x>180</x><y>271</y><time>27-01-21 21:16:57:799</time></pt><pt><x>180</x><y>268</y><time>27-01-21 21:16:57:980</time></pt><pt><x>183</x><y>262</y><time>27-01-21 21:17:01:906</time></pt><pt><x>187</x><y>258</y><time>27-01-21 21:17:02:338</time></pt><pt><x>194</x><y>251</y><time>27-01-21 21:17:02:763</time></pt><pt><x>200</x><y>247</y><time>27-01-21 21:17:03:149</time></pt><pt><x>204</x><y>240</y><time>27-01-21 21:17:03:587</time></pt><pt><x>206</x><y>234</y><time>27-01-21 21:17:03:932</time></pt><pt><x>210</x><y>227</y><time>27-01-21 21:17:04:356</time></pt><pt><x>216</x><y>219</y><time>27-01-21 21:17:04:929</time></pt><pt><x>218</x><y>208</y><time>27-01-21 21:17:06:884</time></pt><pt><x>219</x><y>203</y><time>27-01-21 21:17:07:301</time></pt><pt><x>220</x><y>201</y><time>27-01-21 21:17:07:520</time></pt><pt><x>222</x><y>199</y><time>27-01-21 21:17:50:033</time></pt><pt><x>223</x><y>194</y><time>27-01-21 21:17:50:628</time></pt><pt><x>224</x><y>189</y><time>27-01-21 21:17:51:146</time></pt><pt><x>225</x><y>187</y><time>27-01-21 21:17:51:511</time></pt><pt><x>226</x><y>191</y><time>27-01-21 21:17:51:791</time></pt><pt><x>226</x><y>198</y><time>27-01-21 21:17:52:222</time></pt><pt><x>226</x><y>200</y><time>27-01-21 21:17:52:451</time></pt><pt><x>227</x><y>203</y><time>27-01-21 21:17:52:616</time></pt><pt><x>227</x><y>208</y><time>27-01-21 21:17:52:977</time></pt><pt><x>226</x><y>215</y><time>27-01-21 21:17:53:376</time></pt><pt><x>226</x><y>221</y><time>27-01-21 21:17:53:700</time></pt><pt><x>227</x><y>226</y><time>27-01-21 21:17:54:036</time></pt><pt><x>227</x><y>228</y><time>27-01-21 21:17:54:306</time></pt><pt><x>226</x><y>232</y><time>27-01-21 21:17:54:494</time></pt><pt><x>223</x><y>250</y><time>27-01-21 21:17:55:976</time></pt><pt><x>223</x><y>259</y><time>27-01-21 21:17:56:385</time></pt><pt><x>224</x><y>267</y><time>27-01-21 21:17:56:738</time></pt><pt><x>225</x><y>275</y><time>27-01-21 21:17:57:195</time></pt><pt><x>224</x><y>281</y><time>27-01-21 21:17:57:640</time></pt><pt><x>221</x><y>293</y><time>27-01-21 21:17:59:112</time></pt><pt><x>220</x><y>295</y><time>27-01-21 21:17:59:496</time></pt><pt><x>219</x><y>297</y><time>27-01-21 21:17:59:708</time></pt><pt><x>216</x><y>305</y><time>27-01-21 21:18:03:281</time></pt><pt><x>216</x><y>310</y><time>27-01-21 21:18:03:640</time></pt><pt><x>216</x><y>313</y><time>27-01-21 21:18:03:860</time></pt><pt><x>217</x><y>314</y><time>27-01-21 21:18:04:057</time></pt><pt><x>220</x><y>315</y><time>27-01-21 21:18:04:474</time></pt><pt><x>227</x><y>315</y><time>27-01-21 21:18:04:843</time></pt><pt><x>258</x><y>311</y><time>27-01-21 21:18:05:628</time></pt><pt><x>260</x><y>307</y><time>27-01-21 21:18:06:037</time></pt><pt><x>258</x><y>305</y><time>27-01-21 21:18:06:265</time></pt><pt><x>255</x><y>303</y><time>27-01-21 21:18:06:507</time></pt><pt><x>251</x><y>302</y><time>27-01-21 21:18:06:786</time></pt><pt><x>246</x><y>301</y><time>27-01-21 21:18:07:072</time></pt><pt><x>246</x><y>298</y><time>27-01-21 21:18:07:333</time></pt><pt><x>246</x><y>296</y><time>27-01-21 21:18:07:489</time></pt><pt><x>243</x><y>293</y><time>27-01-21 21:18:07:654</time></pt><pt><x>239</x><y>292</y><time>27-01-21 21:18:07:990</time></pt><pt><x>237</x><y>291</y><time>27-01-21 21:18:08:313</time></pt><pt><x>237</x><y>290</y><time>27-01-21 21:18:08:525</time></pt><pt><x>236</x><y>287</y><time>27-01-21 21:18:08:878</time></pt><pt><x>240</x><y>277</y><time>27-01-21 21:18:09:396</time></pt><pt><x>246</x><y>257</y><time>27-01-21 21:18:10:778</time></pt><pt><x>247</x><y>246</y><time>27-01-21 21:18:11:221</time></pt><pt><x>247</x><y>233</y><time>27-01-21 21:18:14:548</time></pt><pt><x>249</x><y>223</y><time>27-01-21 21:18:15:123</time></pt><pt><x>251</x><y>211</y><time>27-01-21 21:18:15:874</time></pt><pt><x>255</x><y>203</y><time>27-01-21 21:18:16:527</time></pt><pt><x>258</x><y>203</y><time>27-01-21 21:18:16:921</time></pt><pt><x>261</x><y>203</y><time>27-01-21 21:18:17:314</time></pt><pt><x>263</x><y>198</y><time>27-01-21 21:18:17:720</time></pt><pt><x>264</x><y>188</y><time>27-01-21 21:18:19:950</time></pt><pt><x>266</x><y>187</y><time>27-01-21 21:18:22:048</time></pt><pt><x>266</x><y>184</y><time>27-01-21 21:18:22:339</time></pt><pt><x>266</x><y>181</y><time>27-01-21 21:18:22:543</time></pt><pt><x>268</x><y>173</y><time>27-01-21 21:18:23:219</time></pt><pt><x>270</x><y>165</y><time>27-01-21 21:18:23:790</time></pt><pt><x>272</x><y>158</y><time>27-01-21 21:18:28:111</time></pt><pt><x>272</x><y>153</y><time>27-01-21 21:18:28:511</time></pt><pt><x>272</x><y>151</y><time>27-01-21 21:18:28:715</time></pt><pt><x>274</x><y>149</y><time>27-01-21 21:18:28:935</time></pt><pt><x>275</x><y>145</y><time>27-01-21 21:18:29:132</time></pt><pt><x>277</x><y>142</y><time>27-01-21 21:18:29:359</time></pt><pt><x>278</x><y>140</y><time>27-01-21 21:18:29:579</time></pt><pt><x>277</x><y>138</y><time>27-01-21 21:18:29:729</time></pt><pt><x>277</x><y>135</y><time>27-01-21 21:18:29:958</time></pt><pt><x>278</x><y>129</y><time>27-01-21 21:18:30:305</time></pt><pt><x>278</x><y>121</y><time>27-01-21 21:18:30:906</time></pt><pt><x>278</x><y>104</y><time>27-01-21 21:18:33:671</time></pt><pt><x>277</x><y>104</y><time>27-01-21 21:18:34:196</time></pt><pt><x>275</x><y>106</y><time>27-01-21 21:18:34:435</time></pt><pt><x>272</x><y>106</y><time>27-01-21 21:18:34:730</time></pt><pt><x>266</x><y>104</y><time>27-01-21 21:18:35:037</time></pt><pt><x>262</x><y>100</y><time>27-01-21 21:18:35:500</time></pt><pt><x>261</x><y>94</y><time>27-01-21 21:18:35:885</time></pt><pt><x>261</x><y>90</y><time>27-01-21 21:18:36:105</time></pt><pt><x>264</x><y>84</y><time>27-01-21 21:18:36:362</time></pt><pt><x>269</x><y>79</y><time>27-01-21 21:18:36:693</time></pt><pt><x>272</x><y>73</y><time>27-01-21 21:18:37:622</time></pt><pt><x>271</x><y>66</y><time>27-01-21 21:18:38:564</time></pt><pt><x>268</x><y>51</y><time>27-01-21 21:18:39:403</time></pt><pt><x>263</x><y>38</y><time>27-01-21 21:18:40:761</time></pt><pt><x>259</x><y>33</y><time>27-01-21 21:18:41:404</time></pt><pt><x>254</x><y>31</y><time>27-01-21 21:18:41:688</time></pt><pt><x>252</x><y>30</y><time>27-01-21 21:18:41:947</time></pt><pt><x>252</x><y>28</y><time>27-01-21 21:18:42:120</time></pt><pt><x>254</x><y>24</y><time>27-01-21 21:18:42:318</time></pt><pt><x>256</x><y>20</y><time>27-01-21 21:18:42:653</time></pt><pt><x>257</x><y>17</y><time>27-01-21 21:18:42:851</time></pt><pt><x>258</x><y>14</y><time>27-01-21 21:18:43:055</time></pt><pt><x>261</x><y>14</y><time>27-01-21 21:18:43:462</time></pt><pt><x>262</x><y>14</y><time>27-01-21 21:18:43:676</time></pt><pt><x>264</x><y>11</y><time>27-01-21 21:18:43:879</time></pt><pt><x>264</x><y>8</y><time>27-01-21 21:18:44:059</time></pt><pt><x>263</x><y>4</y><time>27-01-21 21:18:44:357</time></pt><pt><x>262</x><y>1</y><time>27-01-21 21:18:44:820</time></pt><pt><x>261</x><y>0</y><time>27-01-21 21:18:45:277</time></pt><pt><x>220</x><y>0</y><time>27-01-21 21:18:49:586</time></pt><pt><x>221</x><y>4</y><time>27-01-21 21:18:50:075</time></pt><pt><x>222</x><y>6</y><time>27-01-21 21:18:50:263</time></pt><pt><x>222</x><y>8</y><time>27-01-21 21:18:50:474</time></pt><pt><x>221</x><y>10</y><time>27-01-21 21:18:50:656</time></pt><pt><x>220</x><y>13</y><time>27-01-21 21:18:50:828</time></pt><pt><x>219</x><y>14</y><time>27-01-21 21:18:51:150</time></pt><pt><x>217</x><y>15</y><time>27-01-21 21:18:55:862</time></pt><pt><x>210</x><y>15</y><time>27-01-21 21:18:56:365</time></pt><pt><x>206</x><y>15</y><time>27-01-21 21:18:56:813</time></pt><pt><x>203</x><y>16</y><time>27-01-21 21:18:57:056</time></pt><pt><x>201</x><y>17</y><time>27-01-21 21:18:57:299</time></pt><pt><x>200</x><y>18</y><time>27-01-21 21:18:57:620</time></pt><closed_date>27-01-21 21:18:57:997</closed_date></polygon></object><object><name>person</name><deleted>0</deleted><verified>0</verified><occluded>no</occluded><attributes></attributes><parts><hasparts></hasparts><ispartof></ispartof></parts><date>27-01-21 21:21:23:316</date><id>1</id><polygon><username>7hao</username><pt><x>346</x><y>0</y><time>27-01-21 21:19:16:388</time></pt><pt><x>335</x><y>24</y><time>27-01-21 21:19:17:517</time></pt><pt><x>330</x><y>31</y><time>27-01-21 21:19:18:137</time></pt><pt><x>317</x><y>45</y><time>27-01-21 21:19:18:607</time></pt><pt><x>309</x><y>49</y><time>27-01-21 21:19:19:165</time></pt><pt><x>292</x><y>62</y><time>27-01-21 21:19:21:223</time></pt><pt><x>283</x><y>66</y><time>27-01-21 21:19:21:558</time></pt><pt><x>278</x><y>71</y><time>27-01-21 21:19:21:842</time></pt><pt><x>274</x><y>76</y><time>27-01-21 21:19:22:242</time></pt><pt><x>269</x><y>82</y><time>27-01-21 21:19:22:716</time></pt><pt><x>265</x><y>86</y><time>27-01-21 21:19:23:145</time></pt><pt><x>263</x><y>90</y><time>27-01-21 21:19:23:557</time></pt><pt><x>263</x><y>95</y><time>27-01-21 21:19:24:254</time></pt><pt><x>264</x><y>100</y><time>27-01-21 21:19:24:623</time></pt><pt><x>268</x><y>103</y><time>27-01-21 21:19:25:108</time></pt><pt><x>273</x><y>105</y><time>27-01-21 21:19:25:619</time></pt><pt><x>277</x><y>103</y><time>27-01-21 21:19:26:050</time></pt><pt><x>278</x><y>101</y><time>27-01-21 21:19:26:687</time></pt><pt><x>277</x><y>98</y><time>27-01-21 21:19:27:032</time></pt><pt><x>282</x><y>95</y><time>27-01-21 21:19:27:276</time></pt><pt><x>289</x><y>92</y><time>27-01-21 21:19:27:628</time></pt><pt><x>295</x><y>88</y><time>27-01-21 21:19:27:990</time></pt><pt><x>303</x><y>87</y><time>27-01-21 21:19:28:228</time></pt><pt><x>336</x><y>67</y><time>27-01-21 21:19:33:495</time></pt><pt><x>343</x><y>63</y><time>27-01-21 21:19:35:927</time></pt><pt><x>347</x><y>61</y><time>27-01-21 21:19:36:205</time></pt><pt><x>350</x><y>60</y><time>27-01-21 21:19:36:463</time></pt><pt><x>350</x><y>62</y><time>27-01-21 21:19:36:643</time></pt><pt><x>351</x><y>66</y><time>27-01-21 21:19:36:801</time></pt><pt><x>350</x><y>75</y><time>27-01-21 21:19:37:148</time></pt><pt><x>349</x><y>86</y><time>27-01-21 21:19:37:573</time></pt><pt><x>351</x><y>95</y><time>27-01-21 21:19:37:931</time></pt><pt><x>354</x><y>104</y><time>27-01-21 21:19:40:641</time></pt><pt><x>359</x><y>110</y><time>27-01-21 21:19:40:868</time></pt><pt><x>361</x><y>113</y><time>27-01-21 21:19:41:048</time></pt><pt><x>364</x><y>116</y><time>27-01-21 21:19:41:229</time></pt><pt><x>363</x><y>121</y><time>27-01-21 21:19:41:395</time></pt><pt><x>361</x><y>124</y><time>27-01-21 21:19:41:536</time></pt><pt><x>359</x><y>129</y><time>27-01-21 21:19:41:686</time></pt><pt><x>359</x><y>133</y><time>27-01-21 21:19:41:843</time></pt><pt><x>361</x><y>143</y><time>27-01-21 21:19:42:865</time></pt><pt><x>359</x><y>156</y><time>27-01-21 21:19:43:154</time></pt><pt><x>358</x><y>163</y><time>27-01-21 21:19:43:304</time></pt><pt><x>358</x><y>176</y><time>27-01-21 21:19:43:633</time></pt><pt><x>359</x><y>184</y><time>27-01-21 21:19:43:844</time></pt><pt><x>359</x><y>190</y><time>27-01-21 21:19:44:009</time></pt><pt><x>358</x><y>196</y><time>27-01-21 21:19:44:158</time></pt><pt><x>354</x><y>201</y><time>27-01-21 21:19:44:301</time></pt><pt><x>347</x><y>207</y><time>27-01-21 21:19:45:830</time></pt><pt><x>347</x><y>215</y><time>27-01-21 21:19:45:986</time></pt><pt><x>350</x><y>223</y><time>27-01-21 21:19:46:136</time></pt><pt><x>349</x><y>239</y><time>27-01-21 21:19:46:475</time></pt><pt><x>350</x><y>252</y><time>27-01-21 21:19:46:632</time></pt><pt><x>350</x><y>257</y><time>27-01-21 21:19:46:774</time></pt><pt><x>351</x><y>262</y><time>27-01-21 21:19:46:906</time></pt><pt><x>352</x><y>268</y><time>27-01-21 21:19:47:063</time></pt><pt><x>352</x><y>275</y><time>27-01-21 21:19:47:205</time></pt><pt><x>350</x><y>283</y><time>27-01-21 21:19:47:362</time></pt><pt><x>346</x><y>293</y><time>27-01-21 21:19:47:864</time></pt><pt><x>333</x><y>317</y><time>27-01-21 21:19:51:288</time></pt><pt><x>326</x><y>325</y><time>27-01-21 21:19:51:624</time></pt><pt><x>320</x><y>331</y><time>27-01-21 21:19:51:816</time></pt><pt><x>315</x><y>339</y><time>27-01-21 21:19:52:003</time></pt><pt><x>307</x><y>356</y><time>27-01-21 21:19:52:678</time></pt><pt><x>303</x><y>372</y><time>27-01-21 21:19:54:098</time></pt><pt><x>302</x><y>377</y><time>27-01-21 21:19:54:295</time></pt><pt><x>294</x><y>380</y><time>27-01-21 21:19:54:469</time></pt><pt><x>290</x><y>385</y><time>27-01-21 21:19:56:627</time></pt><pt><x>287</x><y>388</y><time>27-01-21 21:19:56:926</time></pt><pt><x>287</x><y>393</y><time>27-01-21 21:19:57:194</time></pt><pt><x>290</x><y>398</y><time>27-01-21 21:19:57:453</time></pt><pt><x>300</x><y>401</y><time>27-01-21 21:19:57:909</time></pt><pt><x>315</x><y>402</y><time>27-01-21 21:19:58:277</time></pt><pt><x>333</x><y>400</y><time>27-01-21 21:19:58:984</time></pt><pt><x>338</x><y>397</y><time>27-01-21 21:19:59:455</time></pt><pt><x>342</x><y>395</y><time>27-01-21 21:20:02:195</time></pt><pt><x>350</x><y>393</y><time>27-01-21 21:20:02:611</time></pt><pt><x>356</x><y>391</y><time>27-01-21 21:20:02:948</time></pt><pt><x>358</x><y>387</y><time>27-01-21 21:20:03:319</time></pt><pt><x>359</x><y>382</y><time>27-01-21 21:20:03:562</time></pt><pt><x>358</x><y>373</y><time>27-01-21 21:20:04:001</time></pt><pt><x>358</x><y>364</y><time>27-01-21 21:20:04:392</time></pt><pt><x>361</x><y>357</y><time>27-01-21 21:20:07:473</time></pt><pt><x>362</x><y>356</y><time>27-01-21 21:20:07:865</time></pt><pt><x>362</x><y>355</y><time>27-01-21 21:20:08:078</time></pt><pt><x>362</x><y>354</y><time>27-01-21 21:20:08:202</time></pt><pt><x>363</x><y>352</y><time>27-01-21 21:20:08:336</time></pt><pt><x>369</x><y>342</y><time>27-01-21 21:20:09:027</time></pt><pt><x>373</x><y>329</y><time>27-01-21 21:20:09:577</time></pt><pt><x>381</x><y>308</y><time>27-01-21 21:20:13:686</time></pt><pt><x>388</x><y>282</y><time>27-01-21 21:20:14:611</time></pt><pt><x>395</x><y>294</y><time>27-01-21 21:20:20:298</time></pt><pt><x>400</x><y>302</y><time>27-01-21 21:20:20:808</time></pt><pt><x>404</x><y>309</y><time>27-01-21 21:20:21:155</time></pt><pt><x>405</x><y>312</y><time>27-01-21 21:20:21:321</time></pt><pt><x>406</x><y>317</y><time>27-01-21 21:20:21:554</time></pt><pt><x>409</x><y>323</y><time>27-01-21 21:20:21:743</time></pt><pt><x>411</x><y>327</y><time>27-01-21 21:20:21:971</time></pt><pt><x>419</x><y>332</y><time>27-01-21 21:20:22:303</time></pt><pt><x>420</x><y>334</y><time>27-01-21 21:20:22:505</time></pt><pt><x>421</x><y>338</y><time>27-01-21 21:20:22:670</time></pt><pt><x>420</x><y>342</y><time>27-01-21 21:20:22:920</time></pt><pt><x>418</x><y>345</y><time>27-01-21 21:20:23:156</time></pt><pt><x>414</x><y>350</y><time>27-01-21 21:20:24:761</time></pt><pt><x>413</x><y>352</y><time>27-01-21 21:20:24:931</time></pt><pt><x>412</x><y>354</y><time>27-01-21 21:20:25:080</time></pt><pt><x>409</x><y>355</y><time>27-01-21 21:20:25:277</time></pt><pt><x>404</x><y>355</y><time>27-01-21 21:20:25:497</time></pt><pt><x>399</x><y>356</y><time>27-01-21 21:20:25:733</time></pt><pt><x>395</x><y>358</y><time>27-01-21 21:20:25:968</time></pt><pt><x>393</x><y>360</y><time>27-01-21 21:20:26:126</time></pt><pt><x>391</x><y>365</y><time>27-01-21 21:20:26:588</time></pt><pt><x>392</x><y>370</y><time>27-01-21 21:20:26:819</time></pt><pt><x>393</x><y>371</y><time>27-01-21 21:20:26:989</time></pt><pt><x>400</x><y>372</y><time>27-01-21 21:20:27:241</time></pt><pt><x>421</x><y>375</y><time>27-01-21 21:20:27:813</time></pt><pt><x>433</x><y>373</y><time>27-01-21 21:20:28:354</time></pt><pt><x>466</x><y>370</y><time>27-01-21 21:20:30:538</time></pt><pt><x>476</x><y>365</y><time>27-01-21 21:20:31:316</time></pt><pt><x>474</x><y>360</y><time>27-01-21 21:20:31:614</time></pt><pt><x>473</x><y>356</y><time>27-01-21 21:20:31:812</time></pt><pt><x>468</x><y>344</y><time>27-01-21 21:20:32:186</time></pt><pt><x>468</x><y>339</y><time>27-01-21 21:20:32:416</time></pt><pt><x>470</x><y>336</y><time>27-01-21 21:20:32:579</time></pt><pt><x>469</x><y>332</y><time>27-01-21 21:20:32:809</time></pt><pt><x>465</x><y>328</y><time>27-01-21 21:20:33:030</time></pt><pt><x>461</x><y>323</y><time>27-01-21 21:20:33:649</time></pt><pt><x>441</x><y>278</y><time>27-01-21 21:20:41:694</time></pt><pt><x>426</x><y>239</y><time>27-01-21 21:20:45:595</time></pt><pt><x>421</x><y>236</y><time>27-01-21 21:20:45:863</time></pt><pt><x>419</x><y>233</y><time>27-01-21 21:20:46:043</time></pt><pt><x>420</x><y>229</y><time>27-01-21 21:20:46:190</time></pt><pt><x>422</x><y>223</y><time>27-01-21 21:20:46:514</time></pt><pt><x>420</x><y>218</y><time>27-01-21 21:20:46:688</time></pt><pt><x>417</x><y>215</y><time>27-01-21 21:20:46:843</time></pt><pt><x>416</x><y>209</y><time>27-01-21 21:20:47:017</time></pt><pt><x>418</x><y>196</y><time>27-01-21 21:20:47:442</time></pt><pt><x>424</x><y>169</y><time>27-01-21 21:20:59:600</time></pt><pt><x>437</x><y>138</y><time>27-01-21 21:21:02:040</time></pt><pt><x>441</x><y>116</y><time>27-01-21 21:21:04:077</time></pt><pt><x>444</x><y>110</y><time>27-01-21 21:21:04:372</time></pt><pt><x>448</x><y>110</y><time>27-01-21 21:21:04:555</time></pt><pt><x>448</x><y>116</y><time>27-01-21 21:21:04:719</time></pt><pt><x>446</x><y>124</y><time>27-01-21 21:21:04:971</time></pt><pt><x>445</x><y>128</y><time>27-01-21 21:21:05:136</time></pt><pt><x>444</x><y>131</y><time>27-01-21 21:21:05:285</time></pt><pt><x>444</x><y>138</y><time>27-01-21 21:21:05:450</time></pt><pt><x>446</x><y>149</y><time>27-01-21 21:21:05:841</time></pt><pt><x>448</x><y>152</y><time>27-01-21 21:21:06:148</time></pt><pt><x>453</x><y>151</y><time>27-01-21 21:21:06:359</time></pt><pt><x>460</x><y>147</y><time>27-01-21 21:21:06:707</time></pt><pt><x>466</x><y>142</y><time>27-01-21 21:21:06:991</time></pt><pt><x>468</x><y>137</y><time>27-01-21 21:21:07:178</time></pt><pt><x>470</x><y>130</y><time>27-01-21 21:21:07:483</time></pt><pt><x>470</x><y>122</y><time>27-01-21 21:21:07:703</time></pt><pt><x>470</x><y>112</y><time>27-01-21 21:21:10:300</time></pt><pt><x>473</x><y>109</y><time>27-01-21 21:21:10:490</time></pt><pt><x>476</x><y>107</y><time>27-01-21 21:21:10:655</time></pt><pt><x>480</x><y>90</y><time>27-01-21 21:21:11:204</time></pt><pt><x>481</x><y>61</y><time>27-01-21 21:21:12:326</time></pt><pt><x>483</x><y>50</y><time>27-01-21 21:21:12:933</time></pt><pt><x>485</x><y>43</y><time>27-01-21 21:21:13:144</time></pt><pt><x>485</x><y>37</y><time>27-01-21 21:21:13:326</time></pt><pt><x>481</x><y>20</y><time>27-01-21 21:21:13:772</time></pt><pt><x>479</x><y>8</y><time>27-01-21 21:21:14:683</time></pt><pt><x>479</x><y>4</y><time>27-01-21 21:21:15:052</time></pt><pt><x>479</x><y>1</y><time>27-01-21 21:21:15:350</time></pt><pt><x>479</x><y>0</y><time>27-01-21 21:21:17:873</time></pt><closed_date>27-01-21 21:21:21:091</closed_date></polygon></object><object><name>person</name><deleted>0</deleted><verified>0</verified><occluded>no</occluded><attributes></attributes><parts><hasparts></hasparts><ispartof></ispartof></parts><date>27-01-21 21:22:13:636</date><id>2</id><polygon><username>7hao</username><pt><x>339</x><y>66</y><time>27-01-21 21:22:00:979</time></pt><pt><x>336</x><y>72</y><time>27-01-21 21:22:01:688</time></pt><pt><x>333</x><y>76</y><time>27-01-21 21:22:02:081</time></pt><pt><x>333</x><y>79</y><time>27-01-21 21:22:02:274</time></pt><pt><x>332</x><y>83</y><time>27-01-21 21:22:02:698</time></pt><pt><x>333</x><y>86</y><time>27-01-21 21:22:03:030</time></pt><pt><x>334</x><y>88</y><time>27-01-21 21:22:03:190</time></pt><pt><x>338</x><y>90</y><time>27-01-21 21:22:03:454</time></pt><pt><x>344</x><y>92</y><time>27-01-21 21:22:03:894</time></pt><pt><x>350</x><y>94</y><time>27-01-21 21:22:04:624</time></pt><pt><x>348</x><y>87</y><time>27-01-21 21:22:06:196</time></pt><pt><x>348</x><y>83</y><time>27-01-21 21:22:06:816</time></pt><pt><x>350</x><y>66</y><time>27-01-21 21:22:08:372</time></pt><pt><x>349</x><y>63</y><time>27-01-21 21:22:09:298</time></pt><pt><x>349</x><y>61</y><time>27-01-21 21:22:09:776</time></pt><pt><x>349</x><y>61</y><time>27-01-21 21:22:10:420</time></pt><closed_date>27-01-21 21:22:11:167</closed_date></polygon></object><object><name>person</name><deleted>0</deleted><verified>0</verified><occluded>no</occluded><attributes></attributes><parts><hasparts></hasparts><ispartof></ispartof></parts><date>27-01-21 21:22:26:304</date><id>3</id><polygon><username>7hao</username><pt><x>392</x><y>290</y><time>27-01-21 21:22:18:185</time></pt><pt><x>392</x><y>293</y><time>27-01-21 21:22:18:596</time></pt><pt><x>393</x><y>294</y><time>27-01-21 21:22:19:013</time></pt><pt><x>393</x><y>295</y><time>27-01-21 21:22:19:169</time></pt><pt><x>393</x><y>297</y><time>27-01-21 21:22:19:327</time></pt><pt><x>393</x><y>300</y><time>27-01-21 21:22:19:611</time></pt><pt><x>393</x><y>302</y><time>27-01-21 21:22:19:844</time></pt><pt><x>392</x><y>304</y><time>27-01-21 21:22:20:010</time></pt><pt><x>392</x><y>306</y><time>27-01-21 21:22:20:158</time></pt><pt><x>392</x><y>307</y><time>27-01-21 21:22:20:309</time></pt><pt><x>392</x><y>309</y><time>27-01-21 21:22:20:466</time></pt><pt><x>393</x><y>310</y><time>27-01-21 21:22:20:646</time></pt><pt><x>397</x><y>310</y><time>27-01-21 21:22:20:827</time></pt><pt><x>400</x><y>311</y><time>27-01-21 21:22:21:046</time></pt><pt><x>401</x><y>313</y><time>27-01-21 21:22:21:252</time></pt><pt><x>403</x><y>313</y><time>27-01-21 21:22:21:438</time></pt><pt><x>404</x><y>312</y><time>27-01-21 21:22:22:506</time></pt><closed_date>27-01-21 21:22:23:812</closed_date></polygon></object><object><name>person</name><deleted>0</deleted><verified>0</verified><occluded>no</occluded><attributes></attributes><parts><hasparts></hasparts><ispartof></ispartof></parts><date>27-01-21 21:22:38:820</date><id>4</id><polygon><username>7hao</username><pt><x>430</x><y>158</y><time>27-01-21 21:22:29:430</time></pt><pt><x>428</x><y>165</y><time>27-01-21 21:22:30:324</time></pt><pt><x>427</x><y>169</y><time>27-01-21 21:22:30:551</time></pt><pt><x>426</x><y>172</y><time>27-01-21 21:22:30:690</time></pt><pt><x>425</x><y>175</y><time>27-01-21 21:22:30:833</time></pt><pt><x>425</x><y>179</y><time>27-01-21 21:22:30:980</time></pt><pt><x>426</x><y>185</y><time>27-01-21 21:22:31:225</time></pt><pt><x>426</x><y>189</y><time>27-01-21 21:22:31:460</time></pt><pt><x>429</x><y>191</y><time>27-01-21 21:22:31:733</time></pt><pt><x>432</x><y>190</y><time>27-01-21 21:22:31:908</time></pt><pt><x>436</x><y>188</y><time>27-01-21 21:22:32:222</time></pt><pt><x>436</x><y>185</y><time>27-01-21 21:22:32:395</time></pt><pt><x>437</x><y>181</y><time>27-01-21 21:22:32:544</time></pt><pt><x>437</x><y>177</y><time>27-01-21 21:22:32:701</time></pt><pt><x>437</x><y>173</y><time>27-01-21 21:22:32:859</time></pt><pt><x>438</x><y>168</y><time>27-01-21 21:22:33:125</time></pt><pt><x>439</x><y>166</y><time>27-01-21 21:22:33:291</time></pt><pt><x>441</x><y>164</y><time>27-01-21 21:22:33:422</time></pt><pt><x>441</x><y>159</y><time>27-01-21 21:22:33:716</time></pt><pt><x>439</x><y>148</y><time>27-01-21 21:22:34:381</time></pt><pt><x>439</x><y>138</y><time>27-01-21 21:22:35:379</time></pt><closed_date>27-01-21 21:22:36:439</closed_date></polygon></object></annotation>