<annotation><filename>frame0048.jpg</filename><folder>users/lab605//7hao/human_20210119_4</folder><source><submittedBy>lab605</submittedBy></source><imagesize><nrows>480</nrows><ncols>640</ncols></imagesize><object><name>person</name><deleted>0</deleted><verified>0</verified><occluded>no</occluded><attributes></attributes><parts><hasparts></hasparts><ispartof></ispartof></parts><date>25-01-21 20:58:27:550</date><id>0</id><polygon><username>7hao</username><pt><x>314</x><y>58</y><time>25-01-21 20:57:14:015</time></pt><pt><x>309</x><y>57</y><time>25-01-21 20:57:14:465</time></pt><pt><x>304</x><y>56</y><time>25-01-21 20:57:14:844</time></pt><pt><x>298</x><y>57</y><time>25-01-21 20:57:15:121</time></pt><pt><x>291</x><y>64</y><time>25-01-21 20:57:15:713</time></pt><pt><x>290</x><y>69</y><time>25-01-21 20:57:16:103</time></pt><pt><x>290</x><y>74</y><time>25-01-21 20:57:16:472</time></pt><pt><x>291</x><y>78</y><time>25-01-21 20:57:16:746</time></pt><pt><x>293</x><y>83</y><time>25-01-21 20:57:17:014</time></pt><pt><x>294</x><y>84</y><time>25-01-21 20:57:17:258</time></pt><pt><x>296</x><y>88</y><time>25-01-21 20:57:17:540</time></pt><pt><x>296</x><y>93</y><time>25-01-21 20:57:17:846</time></pt><pt><x>293</x><y>95</y><time>25-01-21 20:57:18:193</time></pt><pt><x>284</x><y>97</y><time>25-01-21 20:57:18:703</time></pt><pt><x>280</x><y>99</y><time>25-01-21 20:57:19:112</time></pt><pt><x>276</x><y>102</y><time>25-01-21 20:57:24:451</time></pt><pt><x>274</x><y>106</y><time>25-01-21 20:57:24:861</time></pt><pt><x>271</x><y>116</y><time>25-01-21 20:57:25:292</time></pt><pt><x>269</x><y>124</y><time>25-01-21 20:57:25:592</time></pt><pt><x>269</x><y>134</y><time>25-01-21 20:57:25:834</time></pt><pt><x>269</x><y>142</y><time>25-01-21 20:57:26:550</time></pt><pt><x>269</x><y>150</y><time>25-01-21 20:57:26:966</time></pt><pt><x>270</x><y>157</y><time>25-01-21 20:57:27:266</time></pt><pt><x>272</x><y>161</y><time>25-01-21 20:57:27:494</time></pt><pt><x>273</x><y>169</y><time>25-01-21 20:57:27:956</time></pt><pt><x>275</x><y>175</y><time>25-01-21 20:57:30:008</time></pt><pt><x>276</x><y>176</y><time>25-01-21 20:57:30:345</time></pt><pt><x>277</x><y>179</y><time>25-01-21 20:57:30:512</time></pt><pt><x>278</x><y>182</y><time>25-01-21 20:57:30:680</time></pt><pt><x>279</x><y>185</y><time>25-01-21 20:57:30:866</time></pt><pt><x>279</x><y>192</y><time>25-01-21 20:57:31:245</time></pt><pt><x>281</x><y>197</y><time>25-01-21 20:57:31:803</time></pt><pt><x>281</x><y>204</y><time>25-01-21 20:57:32:211</time></pt><pt><x>280</x><y>217</y><time>25-01-21 20:57:34:608</time></pt><pt><x>280</x><y>223</y><time>25-01-21 20:57:34:901</time></pt><pt><x>281</x><y>228</y><time>25-01-21 20:57:35:057</time></pt><pt><x>281</x><y>234</y><time>25-01-21 20:57:35:237</time></pt><pt><x>281</x><y>239</y><time>25-01-21 20:57:35:419</time></pt><pt><x>280</x><y>241</y><time>25-01-21 20:57:35:607</time></pt><pt><x>279</x><y>244</y><time>25-01-21 20:57:35:783</time></pt><pt><x>279</x><y>247</y><time>25-01-21 20:57:35:928</time></pt><pt><x>280</x><y>251</y><time>25-01-21 20:57:36:094</time></pt><pt><x>280</x><y>254</y><time>25-01-21 20:57:36:274</time></pt><pt><x>280</x><y>258</y><time>25-01-21 20:57:36:483</time></pt><pt><x>280</x><y>261</y><time>25-01-21 20:57:36:637</time></pt><pt><x>280</x><y>263</y><time>25-01-21 20:57:36:829</time></pt><pt><x>280</x><y>264</y><time>25-01-21 20:57:36:958</time></pt><pt><x>279</x><y>266</y><time>25-01-21 20:57:38:052</time></pt><pt><x>278</x><y>268</y><time>25-01-21 20:57:38:249</time></pt><pt><x>279</x><y>270</y><time>25-01-21 20:57:38:423</time></pt><pt><x>280</x><y>272</y><time>25-01-21 20:57:38:594</time></pt><pt><x>280</x><y>276</y><time>25-01-21 20:57:38:775</time></pt><pt><x>279</x><y>281</y><time>25-01-21 20:57:39:382</time></pt><pt><x>278</x><y>287</y><time>25-01-21 20:57:40:695</time></pt><pt><x>278</x><y>291</y><time>25-01-21 20:57:40:960</time></pt><pt><x>280</x><y>292</y><time>25-01-21 20:57:41:220</time></pt><pt><x>283</x><y>293</y><time>25-01-21 20:57:41:448</time></pt><pt><x>289</x><y>293</y><time>25-01-21 20:57:41:881</time></pt><pt><x>293</x><y>293</y><time>25-01-21 20:57:42:321</time></pt><pt><x>294</x><y>288</y><time>25-01-21 20:57:42:738</time></pt><pt><x>293</x><y>283</y><time>25-01-21 20:57:43:092</time></pt><pt><x>292</x><y>277</y><time>25-01-21 20:57:43:320</time></pt><pt><x>292</x><y>273</y><time>25-01-21 20:57:43:554</time></pt><pt><x>295</x><y>264</y><time>25-01-21 20:57:44:004</time></pt><pt><x>298</x><y>247</y><time>25-01-21 20:57:45:411</time></pt><pt><x>299</x><y>233</y><time>25-01-21 20:57:46:008</time></pt><pt><x>301</x><y>223</y><time>25-01-21 20:57:46:652</time></pt><pt><x>305</x><y>196</y><time>25-01-21 20:57:48:037</time></pt><pt><x>312</x><y>219</y><time>25-01-21 20:57:49:933</time></pt><pt><x>314</x><y>231</y><time>25-01-21 20:57:50:499</time></pt><pt><x>317</x><y>241</y><time>25-01-21 20:57:51:226</time></pt><pt><x>320</x><y>259</y><time>25-01-21 20:57:54:767</time></pt><pt><x>322</x><y>268</y><time>25-01-21 20:57:55:067</time></pt><pt><x>323</x><y>272</y><time>25-01-21 20:57:55:263</time></pt><pt><x>325</x><y>274</y><time>25-01-21 20:57:55:430</time></pt><pt><x>326</x><y>278</y><time>25-01-21 20:57:55:735</time></pt><pt><x>327</x><y>282</y><time>25-01-21 20:57:55:954</time></pt><pt><x>327</x><y>286</y><time>25-01-21 20:57:56:112</time></pt><pt><x>327</x><y>288</y><time>25-01-21 20:57:56:277</time></pt><pt><x>329</x><y>291</y><time>25-01-21 20:57:56:472</time></pt><pt><x>331</x><y>291</y><time>25-01-21 20:57:56:647</time></pt><pt><x>336</x><y>292</y><time>25-01-21 20:57:56:866</time></pt><pt><x>340</x><y>292</y><time>25-01-21 20:57:57:078</time></pt><pt><x>344</x><y>289</y><time>25-01-21 20:57:57:668</time></pt><pt><x>344</x><y>286</y><time>25-01-21 20:57:57:929</time></pt><pt><x>342</x><y>283</y><time>25-01-21 20:57:58:085</time></pt><pt><x>340</x><y>280</y><time>25-01-21 20:57:58:275</time></pt><pt><x>337</x><y>273</y><time>25-01-21 20:57:58:556</time></pt><pt><x>336</x><y>268</y><time>25-01-21 20:57:58:824</time></pt><pt><x>336</x><y>260</y><time>25-01-21 20:57:59:335</time></pt><pt><x>335</x><y>251</y><time>25-01-21 20:58:00:192</time></pt><pt><x>334</x><y>238</y><time>25-01-21 20:58:00:726</time></pt><pt><x>333</x><y>231</y><time>25-01-21 20:58:01:113</time></pt><pt><x>332</x><y>227</y><time>25-01-21 20:58:01:362</time></pt><pt><x>332</x><y>225</y><time>25-01-21 20:58:01:590</time></pt><pt><x>332</x><y>223</y><time>25-01-21 20:58:01:796</time></pt><pt><x>330</x><y>205</y><time>25-01-21 20:58:03:274</time></pt><pt><x>330</x><y>197</y><time>25-01-21 20:58:03:541</time></pt><pt><x>330</x><y>196</y><time>25-01-21 20:58:03:722</time></pt><pt><x>330</x><y>193</y><time>25-01-21 20:58:11:890</time></pt><pt><x>333</x><y>195</y><time>25-01-21 20:58:12:394</time></pt><pt><x>338</x><y>191</y><time>25-01-21 20:58:13:151</time></pt><pt><x>339</x><y>190</y><time>25-01-21 20:58:13:363</time></pt><pt><x>339</x><y>187</y><time>25-01-21 20:58:13:551</time></pt><pt><x>338</x><y>183</y><time>25-01-21 20:58:13:739</time></pt><pt><x>337</x><y>179</y><time>25-01-21 20:58:13:945</time></pt><pt><x>339</x><y>175</y><time>25-01-21 20:58:14:165</time></pt><pt><x>341</x><y>173</y><time>25-01-21 20:58:14:344</time></pt><pt><x>343</x><y>166</y><time>25-01-21 20:58:14:730</time></pt><pt><x>342</x><y>159</y><time>25-01-21 20:58:15:077</time></pt><pt><x>339</x><y>134</y><time>25-01-21 20:58:17:025</time></pt><pt><x>339</x><y>119</y><time>25-01-21 20:58:17:497</time></pt><pt><x>334</x><y>105</y><time>25-01-21 20:58:18:119</time></pt><pt><x>332</x><y>100</y><time>25-01-21 20:58:18:739</time></pt><pt><x>322</x><y>96</y><time>25-01-21 20:58:19:116</time></pt><pt><x>317</x><y>94</y><time>25-01-21 20:58:19:516</time></pt><pt><x>314</x><y>93</y><time>25-01-21 20:58:21:396</time></pt><pt><x>313</x><y>92</y><time>25-01-21 20:58:21:648</time></pt><pt><x>314</x><y>89</y><time>25-01-21 20:58:21:829</time></pt><pt><x>316</x><y>85</y><time>25-01-21 20:58:22:097</time></pt><pt><x>318</x><y>82</y><time>25-01-21 20:58:22:326</time></pt><pt><x>319</x><y>79</y><time>25-01-21 20:58:22:489</time></pt><pt><x>319</x><y>76</y><time>25-01-21 20:58:22:672</time></pt><pt><x>319</x><y>71</y><time>25-01-21 20:58:22:937</time></pt><pt><x>319</x><y>69</y><time>25-01-21 20:58:23:172</time></pt><pt><x>319</x><y>67</y><time>25-01-21 20:58:23:338</time></pt><pt><x>318</x><y>64</y><time>25-01-21 20:58:23:542</time></pt><pt><x>316</x><y>62</y><time>25-01-21 20:58:23:832</time></pt><pt><x>315</x><y>60</y><time>25-01-21 20:58:24:178</time></pt><closed_date>25-01-21 20:58:24:579</closed_date></polygon></object><object><name>person</name><deleted>0</deleted><verified>0</verified><occluded>no</occluded><attributes></attributes><parts><hasparts></hasparts><ispartof></ispartof></parts><date>25-01-21 20:59:31:450</date><id>1</id><polygon><username>7hao</username><pt><x>639</x><y>3</y><time>25-01-21 20:59:02:767</time></pt><pt><x>632</x><y>7</y><time>25-01-21 20:59:03:626</time></pt><pt><x>624</x><y>15</y><time>25-01-21 20:59:04:051</time></pt><pt><x>620</x><y>23</y><time>25-01-21 20:59:04:389</time></pt><pt><x>618</x><y>30</y><time>25-01-21 20:59:04:608</time></pt><pt><x>620</x><y>36</y><time>25-01-21 20:59:04:871</time></pt><pt><x>616</x><y>43</y><time>25-01-21 20:59:05:381</time></pt><pt><x>611</x><y>53</y><time>25-01-21 20:59:05:741</time></pt><pt><x>608</x><y>71</y><time>25-01-21 20:59:06:481</time></pt><pt><x>605</x><y>104</y><time>25-01-21 20:59:08:202</time></pt><pt><x>606</x><y>109</y><time>25-01-21 20:59:08:578</time></pt><pt><x>606</x><y>112</y><time>25-01-21 20:59:08:760</time></pt><pt><x>609</x><y>118</y><time>25-01-21 20:59:08:973</time></pt><pt><x>611</x><y>124</y><time>25-01-21 20:59:09:271</time></pt><pt><x>613</x><y>132</y><time>25-01-21 20:59:09:524</time></pt><pt><x>615</x><y>137</y><time>25-01-21 20:59:09:735</time></pt><pt><x>618</x><y>142</y><time>25-01-21 20:59:10:033</time></pt><pt><x>620</x><y>144</y><time>25-01-21 20:59:10:300</time></pt><pt><x>622</x><y>145</y><time>25-01-21 20:59:10:475</time></pt><pt><x>623</x><y>146</y><time>25-01-21 20:59:10:662</time></pt><pt><x>625</x><y>151</y><time>25-01-21 20:59:11:849</time></pt><pt><x>625</x><y>155</y><time>25-01-21 20:59:12:015</time></pt><pt><x>626</x><y>157</y><time>25-01-21 20:59:12:149</time></pt><pt><x>627</x><y>158</y><time>25-01-21 20:59:12:297</time></pt><pt><x>628</x><y>160</y><time>25-01-21 20:59:12:454</time></pt><pt><x>629</x><y>163</y><time>25-01-21 20:59:12:613</time></pt><pt><x>629</x><y>166</y><time>25-01-21 20:59:12:785</time></pt><pt><x>629</x><y>170</y><time>25-01-21 20:59:12:975</time></pt><pt><x>630</x><y>173</y><time>25-01-21 20:59:13:138</time></pt><pt><x>631</x><y>176</y><time>25-01-21 20:59:13:289</time></pt><pt><x>631</x><y>180</y><time>25-01-21 20:59:13:445</time></pt><pt><x>631</x><y>184</y><time>25-01-21 20:59:13:594</time></pt><pt><x>630</x><y>188</y><time>25-01-21 20:59:13:783</time></pt><pt><x>632</x><y>203</y><time>25-01-21 20:59:15:033</time></pt><pt><x>631</x><y>239</y><time>25-01-21 20:59:16:867</time></pt><pt><x>632</x><y>245</y><time>25-01-21 20:59:17:283</time></pt><pt><x>632</x><y>260</y><time>25-01-21 20:59:18:099</time></pt><pt><x>633</x><y>270</y><time>25-01-21 20:59:18:610</time></pt><pt><x>633</x><y>292</y><time>25-01-21 20:59:19:711</time></pt><pt><x>634</x><y>296</y><time>25-01-21 20:59:19:885</time></pt><pt><x>635</x><y>300</y><time>25-01-21 20:59:20:019</time></pt><pt><x>636</x><y>303</y><time>25-01-21 20:59:20:182</time></pt><pt><x>635</x><y>305</y><time>25-01-21 20:59:20:357</time></pt><pt><x>634</x><y>307</y><time>25-01-21 20:59:20:554</time></pt><pt><x>632</x><y>309</y><time>25-01-21 20:59:20:711</time></pt><pt><x>632</x><y>312</y><time>25-01-21 20:59:20:875</time></pt><pt><x>633</x><y>318</y><time>25-01-21 20:59:21:055</time></pt><pt><x>634</x><y>321</y><time>25-01-21 20:59:21:229</time></pt><pt><x>635</x><y>323</y><time>25-01-21 20:59:21:400</time></pt><pt><x>636</x><y>325</y><time>25-01-21 20:59:21:591</time></pt><pt><x>636</x><y>328</y><time>25-01-21 20:59:21:771</time></pt><pt><x>636</x><y>333</y><time>25-01-21 20:59:22:125</time></pt><pt><x>637</x><y>338</y><time>25-01-21 20:59:22:398</time></pt><pt><x>638</x><y>339</y><time>25-01-21 20:59:22:721</time></pt><pt><x>640</x><y>339</y><time>25-01-21 20:59:23:106</time></pt><closed_date>25-01-21 20:59:27:590</closed_date></polygon></object><object><name>person</name><deleted>0</deleted><verified>0</verified><occluded>no</occluded><attributes></attributes><parts><hasparts></hasparts><ispartof></ispartof></parts><date>25-01-21 21:02:02:469</date><id>2</id><polygon><username>7hao</username><pt><x>511</x><y>50</y><time>25-01-21 20:59:57:055</time></pt><pt><x>511</x><y>47</y><time>25-01-21 20:59:57:442</time></pt><pt><x>512</x><y>44</y><time>25-01-21 20:59:57:743</time></pt><pt><x>517</x><y>38</y><time>25-01-21 20:59:58:748</time></pt><pt><x>519</x><y>34</y><time>25-01-21 20:59:59:157</time></pt><pt><x>519</x><y>28</y><time>25-01-21 20:59:59:597</time></pt><pt><x>516</x><y>22</y><time>25-01-21 21:00:00:415</time></pt><pt><x>507</x><y>15</y><time>25-01-21 21:00:01:082</time></pt><pt><x>501</x><y>13</y><time>25-01-21 21:00:01:611</time></pt><pt><x>497</x><y>13</y><time>25-01-21 21:00:04:110</time></pt><pt><x>492</x><y>15</y><time>25-01-21 21:00:07:067</time></pt><pt><x>483</x><y>20</y><time>25-01-21 21:00:07:452</time></pt><pt><x>480</x><y>23</y><time>25-01-21 21:00:07:735</time></pt><pt><x>480</x><y>26</y><time>25-01-21 21:00:07:915</time></pt><pt><x>481</x><y>28</y><time>25-01-21 21:00:08:081</time></pt><pt><x>481</x><y>31</y><time>25-01-21 21:00:08:269</time></pt><pt><x>481</x><y>33</y><time>25-01-21 21:00:08:451</time></pt><pt><x>481</x><y>35</y><time>25-01-21 21:00:08:615</time></pt><pt><x>480</x><y>37</y><time>25-01-21 21:00:08:772</time></pt><pt><x>479</x><y>40</y><time>25-01-21 21:00:08:961</time></pt><pt><x>478</x><y>42</y><time>25-01-21 21:00:09:112</time></pt><pt><x>479</x><y>43</y><time>25-01-21 21:00:09:275</time></pt><pt><x>480</x><y>45</y><time>25-01-21 21:00:09:465</time></pt><pt><x>481</x><y>47</y><time>25-01-21 21:00:09:653</time></pt><pt><x>481</x><y>51</y><time>25-01-21 21:00:09:857</time></pt><pt><x>482</x><y>53</y><time>25-01-21 21:00:10:031</time></pt><pt><x>483</x><y>56</y><time>25-01-21 21:00:10:235</time></pt><pt><x>485</x><y>57</y><time>25-01-21 21:00:10:409</time></pt><pt><x>488</x><y>60</y><time>25-01-21 21:00:10:612</time></pt><pt><x>488</x><y>62</y><time>25-01-21 21:00:10:825</time></pt><pt><x>486</x><y>64</y><time>25-01-21 21:00:11:021</time></pt><pt><x>485</x><y>65</y><time>25-01-21 21:00:11:171</time></pt><pt><x>484</x><y>67</y><time>25-01-21 21:00:11:376</time></pt><pt><x>483</x><y>69</y><time>25-01-21 21:00:11:579</time></pt><pt><x>484</x><y>72</y><time>25-01-21 21:00:11:769</time></pt><pt><x>484</x><y>74</y><time>25-01-21 21:00:11:941</time></pt><pt><x>481</x><y>77</y><time>25-01-21 21:00:12:161</time></pt><pt><x>478</x><y>85</y><time>25-01-21 21:00:12:791</time></pt><pt><x>477</x><y>96</y><time>25-01-21 21:00:13:868</time></pt><pt><x>474</x><y>112</y><time>25-01-21 21:00:18:600</time></pt><pt><x>474</x><y>118</y><time>25-01-21 21:00:18:907</time></pt><pt><x>474</x><y>123</y><time>25-01-21 21:00:19:205</time></pt><pt><x>473</x><y>129</y><time>25-01-21 21:00:19:411</time></pt><pt><x>471</x><y>134</y><time>25-01-21 21:00:19:575</time></pt><pt><x>470</x><y>139</y><time>25-01-21 21:00:19:763</time></pt><pt><x>470</x><y>143</y><time>25-01-21 21:00:19:929</time></pt><pt><x>469</x><y>147</y><time>25-01-21 21:00:20:094</time></pt><pt><x>468</x><y>151</y><time>25-01-21 21:00:20:266</time></pt><pt><x>468</x><y>154</y><time>25-01-21 21:00:20:430</time></pt><pt><x>468</x><y>157</y><time>25-01-21 21:00:20:589</time></pt><pt><x>468</x><y>161</y><time>25-01-21 21:00:23:174</time></pt><pt><x>466</x><y>165</y><time>25-01-21 21:00:23:373</time></pt><pt><x>465</x><y>167</y><time>25-01-21 21:00:23:483</time></pt><pt><x>463</x><y>172</y><time>25-01-21 21:00:23:646</time></pt><pt><x>464</x><y>181</y><time>25-01-21 21:00:23:939</time></pt><pt><x>464</x><y>189</y><time>25-01-21 21:00:24:237</time></pt><pt><x>464</x><y>197</y><time>25-01-21 21:00:30:481</time></pt><pt><x>463</x><y>201</y><time>25-01-21 21:00:30:701</time></pt><pt><x>462</x><y>203</y><time>25-01-21 21:00:30:843</time></pt><pt><x>462</x><y>206</y><time>25-01-21 21:00:31:015</time></pt><pt><x>460</x><y>212</y><time>25-01-21 21:00:31:283</time></pt><pt><x>460</x><y>216</y><time>25-01-21 21:00:31:439</time></pt><pt><x>460</x><y>225</y><time>25-01-21 21:00:31:761</time></pt><pt><x>460</x><y>233</y><time>25-01-21 21:00:32:070</time></pt><pt><x>458</x><y>242</y><time>25-01-21 21:00:33:380</time></pt><pt><x>456</x><y>247</y><time>25-01-21 21:00:33:563</time></pt><pt><x>455</x><y>250</y><time>25-01-21 21:00:33:718</time></pt><pt><x>454</x><y>254</y><time>25-01-21 21:00:33:869</time></pt><pt><x>453</x><y>259</y><time>25-01-21 21:00:34:011</time></pt><pt><x>453</x><y>263</y><time>25-01-21 21:00:34:151</time></pt><pt><x>453</x><y>268</y><time>25-01-21 21:00:34:334</time></pt><pt><x>451</x><y>273</y><time>25-01-21 21:00:34:569</time></pt><pt><x>449</x><y>276</y><time>25-01-21 21:00:34:748</time></pt><pt><x>447</x><y>278</y><time>25-01-21 21:00:34:928</time></pt><pt><x>444</x><y>280</y><time>25-01-21 21:00:38:836</time></pt><pt><x>443</x><y>282</y><time>25-01-21 21:00:39:018</time></pt><pt><x>440</x><y>285</y><time>25-01-21 21:00:39:182</time></pt><pt><x>435</x><y>288</y><time>25-01-21 21:00:39:371</time></pt><pt><x>430</x><y>290</y><time>25-01-21 21:00:39:724</time></pt><pt><x>425</x><y>291</y><time>25-01-21 21:00:39:975</time></pt><pt><x>420</x><y>293</y><time>25-01-21 21:00:40:346</time></pt><pt><x>419</x><y>295</y><time>25-01-21 21:00:40:552</time></pt><pt><x>421</x><y>298</y><time>25-01-21 21:00:40:730</time></pt><pt><x>428</x><y>300</y><time>25-01-21 21:00:40:958</time></pt><pt><x>463</x><y>301</y><time>25-01-21 21:00:44:362</time></pt><pt><x>466</x><y>300</y><time>25-01-21 21:01:01:762</time></pt><pt><x>467</x><y>296</y><time>25-01-21 21:01:02:067</time></pt><pt><x>466</x><y>291</y><time>25-01-21 21:01:02:360</time></pt><pt><x>464</x><y>286</y><time>25-01-21 21:01:02:588</time></pt><pt><x>463</x><y>283</y><time>25-01-21 21:01:02:816</time></pt><pt><x>463</x><y>279</y><time>25-01-21 21:01:02:987</time></pt><pt><x>467</x><y>267</y><time>25-01-21 21:01:03:846</time></pt><pt><x>472</x><y>258</y><time>25-01-21 21:01:17:502</time></pt><pt><x>477</x><y>245</y><time>25-01-21 21:01:18:210</time></pt><pt><x>479</x><y>240</y><time>25-01-21 21:01:18:641</time></pt><pt><x>479</x><y>235</y><time>25-01-21 21:01:18:964</time></pt><pt><x>479</x><y>230</y><time>25-01-21 21:01:19:334</time></pt><pt><x>479</x><y>226</y><time>25-01-21 21:01:19:720</time></pt><pt><x>481</x><y>223</y><time>25-01-21 21:01:19:977</time></pt><pt><x>484</x><y>215</y><time>25-01-21 21:01:20:804</time></pt><pt><x>487</x><y>210</y><time>25-01-21 21:01:21:181</time></pt><pt><x>490</x><y>209</y><time>25-01-21 21:01:21:582</time></pt><pt><x>493</x><y>207</y><time>25-01-21 21:01:21:857</time></pt><pt><x>496</x><y>201</y><time>25-01-21 21:01:22:257</time></pt><pt><x>499</x><y>196</y><time>25-01-21 21:01:22:722</time></pt><pt><x>500</x><y>198</y><time>25-01-21 21:01:23:030</time></pt><pt><x>502</x><y>202</y><time>25-01-21 21:01:23:406</time></pt><pt><x>504</x><y>209</y><time>25-01-21 21:01:23:720</time></pt><pt><x>507</x><y>215</y><time>25-01-21 21:01:23:964</time></pt><pt><x>509</x><y>219</y><time>25-01-21 21:01:24:184</time></pt><pt><x>511</x><y>222</y><time>25-01-21 21:01:24:412</time></pt><pt><x>514</x><y>224</y><time>25-01-21 21:01:24:616</time></pt><pt><x>518</x><y>228</y><time>25-01-21 21:01:24:929</time></pt><pt><x>521</x><y>232</y><time>25-01-21 21:01:25:272</time></pt><pt><x>522</x><y>235</y><time>25-01-21 21:01:25:529</time></pt><pt><x>529</x><y>252</y><time>25-01-21 21:01:28:349</time></pt><pt><x>530</x><y>254</y><time>25-01-21 21:01:28:577</time></pt><pt><x>532</x><y>258</y><time>25-01-21 21:01:28:736</time></pt><pt><x>536</x><y>265</y><time>25-01-21 21:01:31:276</time></pt><pt><x>537</x><y>271</y><time>25-01-21 21:01:31:591</time></pt><pt><x>537</x><y>276</y><time>25-01-21 21:01:31:856</time></pt><pt><x>536</x><y>281</y><time>25-01-21 21:01:33:107</time></pt><pt><x>535</x><y>286</y><time>25-01-21 21:01:33:326</time></pt><pt><x>532</x><y>289</y><time>25-01-21 21:01:33:570</time></pt><pt><x>529</x><y>290</y><time>25-01-21 21:01:33:713</time></pt><pt><x>524</x><y>293</y><time>25-01-21 21:01:34:026</time></pt><pt><x>523</x><y>296</y><time>25-01-21 21:01:34:239</time></pt><pt><x>523</x><y>297</y><time>25-01-21 21:01:34:450</time></pt><pt><x>526</x><y>300</y><time>25-01-21 21:01:34:679</time></pt><pt><x>530</x><y>301</y><time>25-01-21 21:01:34:869</time></pt><pt><x>544</x><y>300</y><time>25-01-21 21:01:35:167</time></pt><pt><x>550</x><y>299</y><time>25-01-21 21:01:35:608</time></pt><pt><x>554</x><y>298</y><time>25-01-21 21:01:37:682</time></pt><pt><x>557</x><y>295</y><time>25-01-21 21:01:37:935</time></pt><pt><x>559</x><y>292</y><time>25-01-21 21:01:38:107</time></pt><pt><x>558</x><y>287</y><time>25-01-21 21:01:38:303</time></pt><pt><x>555</x><y>283</y><time>25-01-21 21:01:38:501</time></pt><pt><x>551</x><y>279</y><time>25-01-21 21:01:38:713</time></pt><pt><x>548</x><y>273</y><time>25-01-21 21:01:38:924</time></pt><pt><x>548</x><y>263</y><time>25-01-21 21:01:39:482</time></pt><pt><x>546</x><y>248</y><time>25-01-21 21:01:40:866</time></pt><pt><x>544</x><y>236</y><time>25-01-21 21:01:41:260</time></pt><pt><x>539</x><y>225</y><time>25-01-21 21:01:41:747</time></pt><pt><x>534</x><y>219</y><time>25-01-21 21:01:42:228</time></pt><pt><x>531</x><y>215</y><time>25-01-21 21:01:42:682</time></pt><pt><x>529</x><y>212</y><time>25-01-21 21:01:42:972</time></pt><pt><x>529</x><y>205</y><time>25-01-21 21:01:45:843</time></pt><pt><x>529</x><y>200</y><time>25-01-21 21:01:46:095</time></pt><pt><x>529</x><y>190</y><time>25-01-21 21:01:46:518</time></pt><pt><x>529</x><y>179</y><time>25-01-21 21:01:47:202</time></pt><pt><x>530</x><y>171</y><time>25-01-21 21:01:47:533</time></pt><pt><x>532</x><y>162</y><time>25-01-21 21:01:47:879</time></pt><pt><x>532</x><y>155</y><time>25-01-21 21:01:48:279</time></pt><pt><x>531</x><y>151</y><time>25-01-21 21:01:48:806</time></pt><pt><x>529</x><y>146</y><time>25-01-21 21:01:49:561</time></pt><pt><x>530</x><y>144</y><time>25-01-21 21:01:49:828</time></pt><pt><x>533</x><y>141</y><time>25-01-21 21:01:50:159</time></pt><pt><x>535</x><y>123</y><time>25-01-21 21:01:52:744</time></pt><pt><x>537</x><y>91</y><time>25-01-21 21:01:54:679</time></pt><pt><x>536</x><y>76</y><time>25-01-21 21:01:55:385</time></pt><pt><x>535</x><y>67</y><time>25-01-21 21:01:55:700</time></pt><pt><x>530</x><y>62</y><time>25-01-21 21:01:55:934</time></pt><pt><x>525</x><y>57</y><time>25-01-21 21:01:56:297</time></pt><pt><x>524</x><y>53</y><time>25-01-21 21:01:57:500</time></pt><pt><x>521</x><y>52</y><time>25-01-21 21:01:57:838</time></pt><pt><x>518</x><y>50</y><time>25-01-21 21:01:58:074</time></pt><pt><x>514</x><y>50</y><time>25-01-21 21:01:58:357</time></pt><closed_date>25-01-21 21:01:58:872</closed_date></polygon></object></annotation>