<annotation><filename>frame0013.jpg</filename><folder>users/lab605//7hao/human_20210119_4</folder><source><submittedBy>lab605</submittedBy></source><imagesize><nrows>480</nrows><ncols>640</ncols></imagesize><object><name>person</name><deleted>0</deleted><verified>0</verified><occluded>no</occluded><attributes></attributes><parts><hasparts></hasparts><ispartof></ispartof></parts><date>21-01-21 15:18:06:819</date><id>0</id><polygon><username>7hao</username><pt><x>478</x><y>38</y><time>21-01-21 15:16:18:617</time></pt><pt><x>473</x><y>38</y><time>21-01-21 15:16:18:958</time></pt><pt><x>471</x><y>39</y><time>21-01-21 15:16:19:169</time></pt><pt><x>468</x><y>41</y><time>21-01-21 15:16:19:344</time></pt><pt><x>466</x><y>42</y><time>21-01-21 15:16:19:493</time></pt><pt><x>465</x><y>43</y><time>21-01-21 15:16:19:657</time></pt><pt><x>463</x><y>46</y><time>21-01-21 15:16:19:862</time></pt><pt><x>463</x><y>49</y><time>21-01-21 15:16:20:036</time></pt><pt><x>462</x><y>52</y><time>21-01-21 15:16:20:225</time></pt><pt><x>463</x><y>56</y><time>21-01-21 15:16:20:437</time></pt><pt><x>463</x><y>58</y><time>21-01-21 15:16:20:626</time></pt><pt><x>463</x><y>61</y><time>21-01-21 15:16:20:957</time></pt><pt><x>463</x><y>64</y><time>21-01-21 15:16:21:161</time></pt><pt><x>465</x><y>67</y><time>21-01-21 15:16:21:398</time></pt><pt><x>466</x><y>68</y><time>21-01-21 15:16:21:618</time></pt><pt><x>467</x><y>69</y><time>21-01-21 15:16:21:776</time></pt><pt><x>468</x><y>71</y><time>21-01-21 15:16:22:020</time></pt><pt><x>469</x><y>72</y><time>21-01-21 15:16:22:256</time></pt><pt><x>468</x><y>74</y><time>21-01-21 15:16:22:462</time></pt><pt><x>462</x><y>75</y><time>21-01-21 15:16:22:790</time></pt><pt><x>457</x><y>76</y><time>21-01-21 15:16:23:175</time></pt><pt><x>453</x><y>79</y><time>21-01-21 15:16:23:615</time></pt><pt><x>449</x><y>81</y><time>21-01-21 15:16:23:958</time></pt><pt><x>440</x><y>87</y><time>21-01-21 15:16:29:119</time></pt><pt><x>438</x><y>91</y><time>21-01-21 15:16:29:527</time></pt><pt><x>437</x><y>98</y><time>21-01-21 15:16:29:985</time></pt><pt><x>435</x><y>103</y><time>21-01-21 15:16:30:423</time></pt><pt><x>434</x><y>108</y><time>21-01-21 15:16:30:715</time></pt><pt><x>431</x><y>115</y><time>21-01-21 15:16:31:095</time></pt><pt><x>430</x><y>124</y><time>21-01-21 15:16:31:424</time></pt><pt><x>429</x><y>129</y><time>21-01-21 15:16:31:761</time></pt><pt><x>428</x><y>132</y><time>21-01-21 15:16:32:046</time></pt><pt><x>424</x><y>146</y><time>21-01-21 15:16:33:453</time></pt><pt><x>423</x><y>152</y><time>21-01-21 15:16:33:770</time></pt><pt><x>421</x><y>158</y><time>21-01-21 15:16:33:982</time></pt><pt><x>421</x><y>167</y><time>21-01-21 15:16:34:344</time></pt><pt><x>422</x><y>174</y><time>21-01-21 15:16:34:754</time></pt><pt><x>422</x><y>179</y><time>21-01-21 15:16:35:028</time></pt><pt><x>421</x><y>184</y><time>21-01-21 15:16:36:383</time></pt><pt><x>421</x><y>189</y><time>21-01-21 15:16:36:682</time></pt><pt><x>421</x><y>192</y><time>21-01-21 15:16:36:940</time></pt><pt><x>423</x><y>195</y><time>21-01-21 15:16:37:217</time></pt><pt><x>427</x><y>196</y><time>21-01-21 15:16:37:577</time></pt><pt><x>430</x><y>196</y><time>21-01-21 15:16:37:871</time></pt><pt><x>432</x><y>194</y><time>21-01-21 15:16:38:121</time></pt><pt><x>432</x><y>193</y><time>21-01-21 15:16:38:327</time></pt><pt><x>433</x><y>191</y><time>21-01-21 15:16:38:529</time></pt><pt><x>433</x><y>186</y><time>21-01-21 15:16:38:766</time></pt><pt><x>433</x><y>183</y><time>21-01-21 15:16:39:034</time></pt><pt><x>432</x><y>180</y><time>21-01-21 15:16:39:271</time></pt><pt><x>431</x><y>177</y><time>21-01-21 15:16:39:454</time></pt><pt><x>439</x><y>153</y><time>21-01-21 15:16:41:035</time></pt><pt><x>439</x><y>149</y><time>21-01-21 15:16:41:412</time></pt><pt><x>440</x><y>145</y><time>21-01-21 15:16:41:702</time></pt><pt><x>441</x><y>143</y><time>21-01-21 15:16:41:930</time></pt><pt><x>442</x><y>141</y><time>21-01-21 15:16:42:128</time></pt><pt><x>443</x><y>138</y><time>21-01-21 15:16:42:324</time></pt><pt><x>444</x><y>135</y><time>21-01-21 15:16:42:545</time></pt><pt><x>442</x><y>147</y><time>21-01-21 15:16:43:474</time></pt><pt><x>444</x><y>154</y><time>21-01-21 15:16:43:851</time></pt><pt><x>445</x><y>156</y><time>21-01-21 15:16:44:080</time></pt><pt><x>445</x><y>159</y><time>21-01-21 15:16:44:267</time></pt><pt><x>445</x><y>162</y><time>21-01-21 15:16:44:442</time></pt><pt><x>445</x><y>178</y><time>21-01-21 15:16:46:049</time></pt><pt><x>445</x><y>185</y><time>21-01-21 15:16:46:425</time></pt><pt><x>446</x><y>190</y><time>21-01-21 15:16:46:732</time></pt><pt><x>447</x><y>207</y><time>21-01-21 15:16:50:083</time></pt><pt><x>448</x><y>215</y><time>21-01-21 15:16:50:501</time></pt><pt><x>448</x><y>221</y><time>21-01-21 15:16:50:823</time></pt><pt><x>448</x><y>227</y><time>21-01-21 15:16:51:068</time></pt><pt><x>450</x><y>232</y><time>21-01-21 15:16:51:288</time></pt><pt><x>450</x><y>235</y><time>21-01-21 15:16:51:731</time></pt><pt><x>449</x><y>254</y><time>21-01-21 15:16:53:092</time></pt><pt><x>449</x><y>262</y><time>21-01-21 15:16:53:475</time></pt><pt><x>449</x><y>281</y><time>21-01-21 15:16:54:556</time></pt><pt><x>450</x><y>287</y><time>21-01-21 15:16:54:814</time></pt><pt><x>448</x><y>291</y><time>21-01-21 15:16:55:028</time></pt><pt><x>448</x><y>295</y><time>21-01-21 15:16:55:309</time></pt><pt><x>447</x><y>300</y><time>21-01-21 15:16:55:586</time></pt><pt><x>447</x><y>304</y><time>21-01-21 15:16:55:925</time></pt><pt><x>449</x><y>305</y><time>21-01-21 15:16:56:390</time></pt><pt><x>455</x><y>305</y><time>21-01-21 15:16:56:773</time></pt><pt><x>459</x><y>305</y><time>21-01-21 15:16:57:154</time></pt><pt><x>461</x><y>305</y><time>21-01-21 15:16:57:435</time></pt><pt><x>463</x><y>304</y><time>21-01-21 15:16:57:767</time></pt><pt><x>464</x><y>303</y><time>21-01-21 15:16:57:978</time></pt><pt><x>465</x><y>302</y><time>21-01-21 15:16:58:194</time></pt><pt><x>467</x><y>301</y><time>21-01-21 15:16:58:530</time></pt><pt><x>467</x><y>298</y><time>21-01-21 15:16:58:798</time></pt><pt><x>466</x><y>295</y><time>21-01-21 15:16:59:019</time></pt><pt><x>464</x><y>294</y><time>21-01-21 15:16:59:245</time></pt><pt><x>463</x><y>292</y><time>21-01-21 15:16:59:443</time></pt><pt><x>463</x><y>290</y><time>21-01-21 15:16:59:678</time></pt><pt><x>464</x><y>289</y><time>21-01-21 15:16:59:891</time></pt><pt><x>464</x><y>287</y><time>21-01-21 15:17:00:089</time></pt><pt><x>464</x><y>285</y><time>21-01-21 15:17:00:291</time></pt><pt><x>464</x><y>284</y><time>21-01-21 15:17:00:465</time></pt><pt><x>464</x><y>282</y><time>21-01-21 15:17:00:645</time></pt><pt><x>465</x><y>280</y><time>21-01-21 15:17:00:828</time></pt><pt><x>465</x><y>277</y><time>21-01-21 15:17:01:023</time></pt><pt><x>465</x><y>275</y><time>21-01-21 15:17:01:205</time></pt><pt><x>465</x><y>272</y><time>21-01-21 15:17:01:467</time></pt><pt><x>466</x><y>270</y><time>21-01-21 15:17:01:677</time></pt><pt><x>467</x><y>268</y><time>21-01-21 15:17:01:882</time></pt><pt><x>469</x><y>257</y><time>21-01-21 15:17:03:094</time></pt><pt><x>469</x><y>251</y><time>21-01-21 15:17:03:479</time></pt><pt><x>470</x><y>246</y><time>21-01-21 15:17:03:922</time></pt><pt><x>470</x><y>243</y><time>21-01-21 15:17:04:238</time></pt><pt><x>471</x><y>233</y><time>21-01-21 15:17:05:423</time></pt><pt><x>472</x><y>230</y><time>21-01-21 15:17:05:920</time></pt><pt><x>472</x><y>229</y><time>21-01-21 15:17:07:220</time></pt><pt><x>473</x><y>231</y><time>21-01-21 15:17:08:250</time></pt><pt><x>473</x><y>234</y><time>21-01-21 15:17:08:565</time></pt><pt><x>473</x><y>236</y><time>21-01-21 15:17:08:810</time></pt><pt><x>473</x><y>239</y><time>21-01-21 15:17:09:030</time></pt><pt><x>474</x><y>243</y><time>21-01-21 15:17:09:212</time></pt><pt><x>474</x><y>246</y><time>21-01-21 15:17:09:408</time></pt><pt><x>473</x><y>249</y><time>21-01-21 15:17:09:588</time></pt><pt><x>473</x><y>253</y><time>21-01-21 15:17:10:571</time></pt><pt><x>473</x><y>256</y><time>21-01-21 15:17:10:800</time></pt><pt><x>473</x><y>259</y><time>21-01-21 15:17:10:983</time></pt><pt><x>474</x><y>278</y><time>21-01-21 15:17:12:352</time></pt><pt><x>473</x><y>286</y><time>21-01-21 15:17:12:674</time></pt><pt><x>475</x><y>291</y><time>21-01-21 15:17:13:146</time></pt><pt><x>476</x><y>296</y><time>21-01-21 15:17:13:460</time></pt><pt><x>476</x><y>298</y><time>21-01-21 15:17:13:713</time></pt><pt><x>476</x><y>301</y><time>21-01-21 15:17:13:972</time></pt><pt><x>475</x><y>304</y><time>21-01-21 15:17:14:162</time></pt><pt><x>475</x><y>309</y><time>21-01-21 15:17:15:475</time></pt><pt><x>474</x><y>312</y><time>21-01-21 15:17:16:156</time></pt><pt><x>480</x><y>313</y><time>21-01-21 15:17:19:111</time></pt><pt><x>484</x><y>314</y><time>21-01-21 15:17:19:413</time></pt><pt><x>487</x><y>314</y><time>21-01-21 15:17:19:642</time></pt><pt><x>491</x><y>314</y><time>21-01-21 15:17:19:876</time></pt><pt><x>494</x><y>314</y><time>21-01-21 15:17:20:121</time></pt><pt><x>497</x><y>312</y><time>21-01-21 15:17:20:323</time></pt><pt><x>498</x><y>311</y><time>21-01-21 15:17:20:592</time></pt><pt><x>500</x><y>309</y><time>21-01-21 15:17:20:804</time></pt><pt><x>499</x><y>307</y><time>21-01-21 15:17:21:042</time></pt><pt><x>498</x><y>306</y><time>21-01-21 15:17:21:292</time></pt><pt><x>496</x><y>305</y><time>21-01-21 15:17:21:520</time></pt><pt><x>495</x><y>303</y><time>21-01-21 15:17:21:740</time></pt><pt><x>493</x><y>299</y><time>21-01-21 15:17:22:024</time></pt><pt><x>492</x><y>298</y><time>21-01-21 15:17:22:119</time></pt><pt><x>492</x><y>294</y><time>21-01-21 15:17:22:426</time></pt><pt><x>491</x><y>291</y><time>21-01-21 15:17:22:692</time></pt><pt><x>492</x><y>288</y><time>21-01-21 15:17:22:921</time></pt><pt><x>493</x><y>286</y><time>21-01-21 15:17:23:134</time></pt><pt><x>493</x><y>286</y><time>21-01-21 15:17:23:262</time></pt><pt><x>494</x><y>283</y><time>21-01-21 15:17:23:496</time></pt><pt><x>494</x><y>281</y><time>21-01-21 15:17:23:741</time></pt><pt><x>494</x><y>279</y><time>21-01-21 15:17:23:919</time></pt><pt><x>493</x><y>278</y><time>21-01-21 15:17:24:070</time></pt><pt><x>494</x><y>267</y><time>21-01-21 15:17:25:156</time></pt><pt><x>494</x><y>262</y><time>21-01-21 15:17:25:384</time></pt><pt><x>494</x><y>259</y><time>21-01-21 15:17:25:542</time></pt><pt><x>497</x><y>254</y><time>21-01-21 15:17:26:660</time></pt><pt><x>498</x><y>251</y><time>21-01-21 15:17:26:888</time></pt><pt><x>498</x><y>248</y><time>21-01-21 15:17:27:085</time></pt><pt><x>497</x><y>245</y><time>21-01-21 15:17:27:234</time></pt><pt><x>496</x><y>228</y><time>21-01-21 15:17:28:625</time></pt><pt><x>500</x><y>215</y><time>21-01-21 15:17:30:769</time></pt><pt><x>502</x><y>207</y><time>21-01-21 15:17:31:302</time></pt><pt><x>502</x><y>201</y><time>21-01-21 15:17:32:020</time></pt><pt><x>503</x><y>195</y><time>21-01-21 15:17:32:404</time></pt><pt><x>503</x><y>190</y><time>21-01-21 15:17:32:728</time></pt><pt><x>504</x><y>181</y><time>21-01-21 15:17:33:781</time></pt><pt><x>505</x><y>177</y><time>21-01-21 15:17:34:066</time></pt><pt><x>504</x><y>174</y><time>21-01-21 15:17:34:239</time></pt><pt><x>504</x><y>171</y><time>21-01-21 15:17:34:513</time></pt><pt><x>504</x><y>168</y><time>21-01-21 15:17:34:701</time></pt><pt><x>504</x><y>147</y><time>21-01-21 15:17:35:993</time></pt><pt><x>503</x><y>144</y><time>21-01-21 15:17:36:331</time></pt><pt><x>503</x><y>142</y><time>21-01-21 15:17:36:490</time></pt><pt><x>503</x><y>138</y><time>21-01-21 15:17:36:710</time></pt><pt><x>502</x><y>135</y><time>21-01-21 15:17:36:930</time></pt><pt><x>502</x><y>133</y><time>21-01-21 15:17:37:072</time></pt><pt><x>501</x><y>131</y><time>21-01-21 15:17:37:284</time></pt><pt><x>501</x><y>128</y><time>21-01-21 15:17:37:512</time></pt><pt><x>501</x><y>126</y><time>21-01-21 15:17:37:734</time></pt><pt><x>501</x><y>123</y><time>21-01-21 15:17:37:948</time></pt><pt><x>502</x><y>126</y><time>21-01-21 15:17:38:435</time></pt><pt><x>503</x><y>130</y><time>21-01-21 15:17:38:930</time></pt><pt><x>504</x><y>133</y><time>21-01-21 15:17:39:347</time></pt><pt><x>505</x><y>136</y><time>21-01-21 15:17:39:606</time></pt><pt><x>507</x><y>142</y><time>21-01-21 15:17:39:826</time></pt><pt><x>509</x><y>149</y><time>21-01-21 15:17:40:140</time></pt><pt><x>510</x><y>153</y><time>21-01-21 15:17:40:361</time></pt><pt><x>513</x><y>162</y><time>21-01-21 15:17:40:779</time></pt><pt><x>514</x><y>166</y><time>21-01-21 15:17:40:976</time></pt><pt><x>517</x><y>175</y><time>21-01-21 15:17:42:069</time></pt><pt><x>517</x><y>179</y><time>21-01-21 15:17:42:321</time></pt><pt><x>517</x><y>182</y><time>21-01-21 15:17:42:651</time></pt><pt><x>517</x><y>185</y><time>21-01-21 15:17:42:848</time></pt><pt><x>517</x><y>188</y><time>21-01-21 15:17:43:023</time></pt><pt><x>517</x><y>191</y><time>21-01-21 15:17:43:213</time></pt><pt><x>517</x><y>193</y><time>21-01-21 15:17:43:416</time></pt><pt><x>517</x><y>196</y><time>21-01-21 15:17:43:635</time></pt><pt><x>519</x><y>199</y><time>21-01-21 15:17:43:952</time></pt><pt><x>521</x><y>199</y><time>21-01-21 15:17:44:211</time></pt><pt><x>523</x><y>199</y><time>21-01-21 15:17:44:423</time></pt><pt><x>525</x><y>197</y><time>21-01-21 15:17:44:649</time></pt><pt><x>526</x><y>195</y><time>21-01-21 15:17:44:832</time></pt><pt><x>527</x><y>192</y><time>21-01-21 15:17:45:060</time></pt><pt><x>527</x><y>188</y><time>21-01-21 15:17:45:243</time></pt><pt><x>526</x><y>185</y><time>21-01-21 15:17:45:405</time></pt><pt><x>526</x><y>183</y><time>21-01-21 15:17:45:612</time></pt><pt><x>526</x><y>181</y><time>21-01-21 15:17:45:784</time></pt><pt><x>527</x><y>180</y><time>21-01-21 15:17:46:012</time></pt><pt><x>527</x><y>178</y><time>21-01-21 15:17:46:218</time></pt><pt><x>527</x><y>176</y><time>21-01-21 15:17:46:382</time></pt><pt><x>527</x><y>172</y><time>21-01-21 15:17:46:674</time></pt><pt><x>527</x><y>166</y><time>21-01-21 15:17:46:948</time></pt><pt><x>526</x><y>161</y><time>21-01-21 15:17:47:191</time></pt><pt><x>523</x><y>128</y><time>21-01-21 15:17:48:294</time></pt><pt><x>522</x><y>121</y><time>21-01-21 15:17:48:626</time></pt><pt><x>520</x><y>113</y><time>21-01-21 15:17:49:017</time></pt><pt><x>516</x><y>92</y><time>21-01-21 15:17:50:058</time></pt><pt><x>512</x><y>85</y><time>21-01-21 15:17:50:403</time></pt><pt><x>509</x><y>81</y><time>21-01-21 15:17:50:709</time></pt><pt><x>506</x><y>80</y><time>21-01-21 15:17:51:002</time></pt><pt><x>502</x><y>78</y><time>21-01-21 15:17:51:299</time></pt><pt><x>497</x><y>77</y><time>21-01-21 15:17:51:607</time></pt><pt><x>493</x><y>76</y><time>21-01-21 15:17:51:938</time></pt><pt><x>489</x><y>75</y><time>21-01-21 15:17:52:292</time></pt><pt><x>491</x><y>73</y><time>21-01-21 15:17:55:995</time></pt><pt><x>492</x><y>70</y><time>21-01-21 15:17:56:410</time></pt><pt><x>494</x><y>66</y><time>21-01-21 15:17:56:700</time></pt><pt><x>495</x><y>64</y><time>21-01-21 15:17:56:904</time></pt><pt><x>496</x><y>60</y><time>21-01-21 15:17:57:761</time></pt><pt><x>497</x><y>57</y><time>21-01-21 15:17:58:014</time></pt><pt><x>498</x><y>54</y><time>21-01-21 15:17:58:432</time></pt><pt><x>500</x><y>51</y><time>21-01-21 15:17:58:856</time></pt><pt><x>501</x><y>49</y><time>21-01-21 15:17:59:193</time></pt><pt><x>500</x><y>46</y><time>21-01-21 15:17:59:446</time></pt><pt><x>498</x><y>43</y><time>21-01-21 15:17:59:801</time></pt><pt><x>495</x><y>39</y><time>21-01-21 15:18:00:894</time></pt><pt><x>492</x><y>37</y><time>21-01-21 15:18:01:297</time></pt><pt><x>489</x><y>36</y><time>21-01-21 15:18:01:605</time></pt><pt><x>486</x><y>35</y><time>21-01-21 15:18:01:871</time></pt><pt><x>483</x><y>35</y><time>21-01-21 15:18:02:114</time></pt><pt><x>481</x><y>36</y><time>21-01-21 15:18:02:357</time></pt><pt><x>480</x><y>37</y><time>21-01-21 15:18:02:625</time></pt><closed_date>21-01-21 15:18:03:149</closed_date></polygon></object><object><name>person</name><deleted>0</deleted><verified>0</verified><occluded>no</occluded><attributes></attributes><parts><hasparts></hasparts><ispartof></ispartof></parts><date>21-01-21 15:19:36:818</date><id>1</id><polygon><username>7hao</username><pt><x>246</x><y>83</y><time>21-01-21 15:18:22:501</time></pt><pt><x>242</x><y>83</y><time>21-01-21 15:18:22:908</time></pt><pt><x>239</x><y>83</y><time>21-01-21 15:18:23:193</time></pt><pt><x>236</x><y>85</y><time>21-01-21 15:18:23:392</time></pt><pt><x>234</x><y>87</y><time>21-01-21 15:18:23:634</time></pt><pt><x>233</x><y>89</y><time>21-01-21 15:18:23:846</time></pt><pt><x>232</x><y>90</y><time>21-01-21 15:18:24:058</time></pt><pt><x>231</x><y>94</y><time>21-01-21 15:18:24:246</time></pt><pt><x>231</x><y>97</y><time>21-01-21 15:18:24:462</time></pt><pt><x>231</x><y>99</y><time>21-01-21 15:18:24:815</time></pt><pt><x>231</x><y>101</y><time>21-01-21 15:18:24:995</time></pt><pt><x>231</x><y>104</y><time>21-01-21 15:18:25:186</time></pt><pt><x>232</x><y>106</y><time>21-01-21 15:18:25:380</time></pt><pt><x>233</x><y>109</y><time>21-01-21 15:18:25:640</time></pt><pt><x>232</x><y>112</y><time>21-01-21 15:18:25:852</time></pt><pt><x>228</x><y>113</y><time>21-01-21 15:18:26:137</time></pt><pt><x>227</x><y>114</y><time>21-01-21 15:18:26:316</time></pt><pt><x>226</x><y>116</y><time>21-01-21 15:18:26:530</time></pt><pt><x>225</x><y>117</y><time>21-01-21 15:18:26:742</time></pt><pt><x>221</x><y>118</y><time>21-01-21 15:18:26:962</time></pt><pt><x>217</x><y>119</y><time>21-01-21 15:18:27:192</time></pt><pt><x>214</x><y>120</y><time>21-01-21 15:18:27:380</time></pt><pt><x>212</x><y>124</y><time>21-01-21 15:18:27:868</time></pt><pt><x>210</x><y>126</y><time>21-01-21 15:18:28:168</time></pt><pt><x>194</x><y>157</y><time>21-01-21 15:18:31:062</time></pt><pt><x>191</x><y>163</y><time>21-01-21 15:18:31:809</time></pt><pt><x>185</x><y>174</y><time>21-01-21 15:18:32:947</time></pt><pt><x>184</x><y>177</y><time>21-01-21 15:18:33:188</time></pt><pt><x>182</x><y>179</y><time>21-01-21 15:18:33:377</time></pt><pt><x>181</x><y>180</y><time>21-01-21 15:18:33:550</time></pt><pt><x>180</x><y>183</y><time>21-01-21 15:18:33:747</time></pt><pt><x>182</x><y>188</y><time>21-01-21 15:18:33:983</time></pt><pt><x>184</x><y>190</y><time>21-01-21 15:18:34:202</time></pt><pt><x>186</x><y>191</y><time>21-01-21 15:18:34:448</time></pt><pt><x>188</x><y>189</y><time>21-01-21 15:18:34:681</time></pt><pt><x>188</x><y>188</y><time>21-01-21 15:18:34:881</time></pt><pt><x>188</x><y>186</y><time>21-01-21 15:18:35:092</time></pt><pt><x>190</x><y>183</y><time>21-01-21 15:18:35:337</time></pt><pt><x>191</x><y>181</y><time>21-01-21 15:18:35:540</time></pt><pt><x>192</x><y>180</y><time>21-01-21 15:18:35:723</time></pt><pt><x>192</x><y>178</y><time>21-01-21 15:18:35:857</time></pt><pt><x>195</x><y>176</y><time>21-01-21 15:18:36:093</time></pt><pt><x>202</x><y>168</y><time>21-01-21 15:18:36:752</time></pt><pt><x>207</x><y>163</y><time>21-01-21 15:18:37:114</time></pt><pt><x>210</x><y>157</y><time>21-01-21 15:18:37:485</time></pt><pt><x>213</x><y>152</y><time>21-01-21 15:18:37:879</time></pt><pt><x>214</x><y>151</y><time>21-01-21 15:18:38:301</time></pt><pt><x>214</x><y>158</y><time>21-01-21 15:18:39:098</time></pt><pt><x>214</x><y>162</y><time>21-01-21 15:18:39:431</time></pt><pt><x>214</x><y>165</y><time>21-01-21 15:18:39:633</time></pt><pt><x>214</x><y>168</y><time>21-01-21 15:18:39:807</time></pt><pt><x>214</x><y>173</y><time>21-01-21 15:18:40:034</time></pt><pt><x>214</x><y>176</y><time>21-01-21 15:18:40:208</time></pt><pt><x>214</x><y>180</y><time>21-01-21 15:18:40:428</time></pt><pt><x>215</x><y>182</y><time>21-01-21 15:18:40:671</time></pt><pt><x>214</x><y>184</y><time>21-01-21 15:18:40:829</time></pt><pt><x>214</x><y>185</y><time>21-01-21 15:18:41:003</time></pt><pt><x>214</x><y>187</y><time>21-01-21 15:18:41:169</time></pt><pt><x>214</x><y>190</y><time>21-01-21 15:18:41:498</time></pt><pt><x>213</x><y>192</y><time>21-01-21 15:18:41:654</time></pt><pt><x>212</x><y>195</y><time>21-01-21 15:18:41:900</time></pt><pt><x>213</x><y>198</y><time>21-01-21 15:18:42:150</time></pt><pt><x>213</x><y>198</y><time>21-01-21 15:18:42:348</time></pt><pt><x>216</x><y>210</y><time>21-01-21 15:18:48:194</time></pt><pt><x>216</x><y>215</y><time>21-01-21 15:18:48:602</time></pt><pt><x>217</x><y>217</y><time>21-01-21 15:18:48:785</time></pt><pt><x>218</x><y>220</y><time>21-01-21 15:18:48:957</time></pt><pt><x>219</x><y>225</y><time>21-01-21 15:18:49:148</time></pt><pt><x>219</x><y>228</y><time>21-01-21 15:18:49:319</time></pt><pt><x>220</x><y>264</y><time>21-01-21 15:18:50:513</time></pt><pt><x>222</x><y>269</y><time>21-01-21 15:18:51:060</time></pt><pt><x>223</x><y>272</y><time>21-01-21 15:18:51:273</time></pt><pt><x>223</x><y>275</y><time>21-01-21 15:18:51:454</time></pt><pt><x>223</x><y>278</y><time>21-01-21 15:18:51:680</time></pt><pt><x>222</x><y>280</y><time>21-01-21 15:18:51:835</time></pt><pt><x>222</x><y>281</y><time>21-01-21 15:18:51:954</time></pt><pt><x>220</x><y>282</y><time>21-01-21 15:18:52:160</time></pt><pt><x>217</x><y>284</y><time>21-01-21 15:18:52:388</time></pt><pt><x>214</x><y>285</y><time>21-01-21 15:18:53:638</time></pt><pt><x>212</x><y>286</y><time>21-01-21 15:18:53:874</time></pt><pt><x>211</x><y>288</y><time>21-01-21 15:18:54:027</time></pt><pt><x>212</x><y>290</y><time>21-01-21 15:18:54:300</time></pt><pt><x>215</x><y>291</y><time>21-01-21 15:18:54:540</time></pt><pt><x>219</x><y>292</y><time>21-01-21 15:18:54:826</time></pt><pt><x>221</x><y>292</y><time>21-01-21 15:18:54:921</time></pt><pt><x>224</x><y>291</y><time>21-01-21 15:18:55:086</time></pt><pt><x>226</x><y>291</y><time>21-01-21 15:18:55:267</time></pt><pt><x>229</x><y>290</y><time>21-01-21 15:18:55:496</time></pt><pt><x>231</x><y>290</y><time>21-01-21 15:18:58:233</time></pt><pt><x>232</x><y>291</y><time>21-01-21 15:18:58:471</time></pt><pt><x>234</x><y>292</y><time>21-01-21 15:18:58:706</time></pt><pt><x>237</x><y>293</y><time>21-01-21 15:18:58:911</time></pt><pt><x>240</x><y>294</y><time>21-01-21 15:18:59:153</time></pt><pt><x>244</x><y>294</y><time>21-01-21 15:18:59:500</time></pt><pt><x>246</x><y>294</y><time>21-01-21 15:18:59:681</time></pt><pt><x>250</x><y>294</y><time>21-01-21 15:19:00:556</time></pt><pt><x>251</x><y>293</y><time>21-01-21 15:19:00:823</time></pt><pt><x>251</x><y>292</y><time>21-01-21 15:19:00:981</time></pt><pt><x>251</x><y>289</y><time>21-01-21 15:19:01:242</time></pt><pt><x>250</x><y>287</y><time>21-01-21 15:19:01:403</time></pt><pt><x>248</x><y>286</y><time>21-01-21 15:19:01:617</time></pt><pt><x>248</x><y>284</y><time>21-01-21 15:19:01:816</time></pt><pt><x>252</x><y>277</y><time>21-01-21 15:19:02:234</time></pt><pt><x>252</x><y>273</y><time>21-01-21 15:19:02:570</time></pt><pt><x>253</x><y>268</y><time>21-01-21 15:19:02:792</time></pt><pt><x>253</x><y>262</y><time>21-01-21 15:19:03:043</time></pt><pt><x>252</x><y>258</y><time>21-01-21 15:19:03:302</time></pt><pt><x>252</x><y>255</y><time>21-01-21 15:19:03:498</time></pt><pt><x>254</x><y>228</y><time>21-01-21 15:19:04:811</time></pt><pt><x>257</x><y>203</y><time>21-01-21 15:19:05:968</time></pt><pt><x>258</x><y>198</y><time>21-01-21 15:19:06:244</time></pt><pt><x>259</x><y>195</y><time>21-01-21 15:19:06:538</time></pt><pt><x>259</x><y>191</y><time>21-01-21 15:19:06:782</time></pt><pt><x>258</x><y>189</y><time>21-01-21 15:19:06:969</time></pt><pt><x>258</x><y>185</y><time>21-01-21 15:19:07:180</time></pt><pt><x>258</x><y>183</y><time>21-01-21 15:19:07:394</time></pt><pt><x>260</x><y>181</y><time>21-01-21 15:19:07:598</time></pt><pt><x>261</x><y>173</y><time>21-01-21 15:19:08:581</time></pt><pt><x>262</x><y>169</y><time>21-01-21 15:19:09:361</time></pt><pt><x>268</x><y>188</y><time>21-01-21 15:19:10:319</time></pt><pt><x>267</x><y>192</y><time>21-01-21 15:19:10:579</time></pt><pt><x>266</x><y>194</y><time>21-01-21 15:19:10:738</time></pt><pt><x>266</x><y>197</y><time>21-01-21 15:19:10:904</time></pt><pt><x>266</x><y>201</y><time>21-01-21 15:19:11:091</time></pt><pt><x>267</x><y>202</y><time>21-01-21 15:19:11:306</time></pt><pt><x>269</x><y>202</y><time>21-01-21 15:19:11:625</time></pt><pt><x>270</x><y>201</y><time>21-01-21 15:19:11:784</time></pt><pt><x>273</x><y>201</y><time>21-01-21 15:19:13:916</time></pt><pt><x>274</x><y>200</y><time>21-01-21 15:19:14:193</time></pt><pt><x>276</x><y>198</y><time>21-01-21 15:19:14:368</time></pt><pt><x>276</x><y>195</y><time>21-01-21 15:19:14:617</time></pt><pt><x>276</x><y>193</y><time>21-01-21 15:19:14:782</time></pt><pt><x>276</x><y>191</y><time>21-01-21 15:19:14:964</time></pt><pt><x>275</x><y>188</y><time>21-01-21 15:19:15:151</time></pt><pt><x>276</x><y>186</y><time>21-01-21 15:19:15:355</time></pt><pt><x>276</x><y>182</y><time>21-01-21 15:19:15:741</time></pt><pt><x>271</x><y>148</y><time>21-01-21 15:19:17:042</time></pt><pt><x>266</x><y>134</y><time>21-01-21 15:19:17:535</time></pt><pt><x>264</x><y>126</y><time>21-01-21 15:19:18:268</time></pt><pt><x>263</x><y>122</y><time>21-01-21 15:19:18:686</time></pt><pt><x>263</x><y>119</y><time>21-01-21 15:19:18:992</time></pt><pt><x>263</x><y>118</y><time>21-01-21 15:19:26:029</time></pt><pt><x>261</x><y>116</y><time>21-01-21 15:19:26:328</time></pt><pt><x>258</x><y>114</y><time>21-01-21 15:19:26:564</time></pt><pt><x>254</x><y>113</y><time>21-01-21 15:19:26:942</time></pt><pt><x>252</x><y>112</y><time>21-01-21 15:19:27:191</time></pt><pt><x>248</x><y>113</y><time>21-01-21 15:19:28:499</time></pt><pt><x>251</x><y>106</y><time>21-01-21 15:19:29:325</time></pt><pt><x>254</x><y>104</y><time>21-01-21 15:19:29:846</time></pt><pt><x>255</x><y>102</y><time>21-01-21 15:19:30:098</time></pt><pt><x>255</x><y>100</y><time>21-01-21 15:19:30:333</time></pt><pt><x>254</x><y>96</y><time>21-01-21 15:19:30:916</time></pt><pt><x>254</x><y>92</y><time>21-01-21 15:19:31:506</time></pt><pt><x>253</x><y>90</y><time>21-01-21 15:19:31:773</time></pt><pt><x>253</x><y>87</y><time>21-01-21 15:19:32:073</time></pt><pt><x>251</x><y>86</y><time>21-01-21 15:19:32:371</time></pt><pt><x>250</x><y>84</y><time>21-01-21 15:19:32:623</time></pt><pt><x>248</x><y>83</y><time>21-01-21 15:19:32:921</time></pt><closed_date>21-01-21 15:19:33:237</closed_date></polygon></object><object><name>person</name><deleted>0</deleted><verified>0</verified><occluded>no</occluded><attributes></attributes><parts><hasparts></hasparts><ispartof></ispartof></parts><date>21-01-21 15:21:25:330</date><id>2</id><polygon><username>7hao</username><pt><x>435</x><y>192</y><time>21-01-21 15:20:35:952</time></pt><pt><x>436</x><y>195</y><time>21-01-21 15:20:36:306</time></pt><pt><x>436</x><y>198</y><time>21-01-21 15:20:36:520</time></pt><pt><x>437</x><y>200</y><time>21-01-21 15:20:36:738</time></pt><pt><x>438</x><y>202</y><time>21-01-21 15:20:37:115</time></pt><pt><x>439</x><y>204</y><time>21-01-21 15:20:37:328</time></pt><pt><x>439</x><y>206</y><time>21-01-21 15:20:37:502</time></pt><pt><x>438</x><y>208</y><time>21-01-21 15:20:37:666</time></pt><pt><x>438</x><y>214</y><time>21-01-21 15:20:38:958</time></pt><pt><x>437</x><y>218</y><time>21-01-21 15:20:39:247</time></pt><pt><x>437</x><y>220</y><time>21-01-21 15:20:39:413</time></pt><pt><x>438</x><y>222</y><time>21-01-21 15:20:39:589</time></pt><pt><x>437</x><y>226</y><time>21-01-21 15:20:39:767</time></pt><pt><x>436</x><y>230</y><time>21-01-21 15:20:40:028</time></pt><pt><x>433</x><y>234</y><time>21-01-21 15:20:40:295</time></pt><pt><x>430</x><y>252</y><time>21-01-21 15:20:41:602</time></pt><pt><x>430</x><y>255</y><time>21-01-21 15:20:41:923</time></pt><pt><x>428</x><y>259</y><time>21-01-21 15:20:42:326</time></pt><pt><x>426</x><y>263</y><time>21-01-21 15:20:42:680</time></pt><pt><x>425</x><y>266</y><time>21-01-21 15:20:43:097</time></pt><pt><x>424</x><y>269</y><time>21-01-21 15:20:43:286</time></pt><pt><x>423</x><y>272</y><time>21-01-21 15:20:43:489</time></pt><pt><x>423</x><y>275</y><time>21-01-21 15:20:43:709</time></pt><pt><x>428</x><y>276</y><time>21-01-21 15:20:44:034</time></pt><pt><x>432</x><y>277</y><time>21-01-21 15:20:44:403</time></pt><pt><x>438</x><y>277</y><time>21-01-21 15:20:44:615</time></pt><pt><x>442</x><y>277</y><time>21-01-21 15:20:44:860</time></pt><pt><x>446</x><y>277</y><time>21-01-21 15:20:45:205</time></pt><pt><x>448</x><y>276</y><time>21-01-21 15:20:45:763</time></pt><pt><x>448</x><y>275</y><time>21-01-21 15:20:46:307</time></pt><pt><x>448</x><y>272</y><time>21-01-21 15:20:47:283</time></pt><pt><x>445</x><y>271</y><time>21-01-21 15:20:47:842</time></pt><pt><x>444</x><y>270</y><time>21-01-21 15:20:48:149</time></pt><pt><x>442</x><y>268</y><time>21-01-21 15:20:48:377</time></pt><pt><x>440</x><y>267</y><time>21-01-21 15:20:48:557</time></pt><pt><x>439</x><y>265</y><time>21-01-21 15:20:48:794</time></pt><pt><x>437</x><y>265</y><time>21-01-21 15:20:48:943</time></pt><pt><x>435</x><y>264</y><time>21-01-21 15:20:49:179</time></pt><pt><x>437</x><y>260</y><time>21-01-21 15:20:49:439</time></pt><pt><x>439</x><y>256</y><time>21-01-21 15:20:49:683</time></pt><pt><x>440</x><y>254</y><time>21-01-21 15:20:49:871</time></pt><pt><x>443</x><y>242</y><time>21-01-21 15:20:51:461</time></pt><pt><x>444</x><y>239</y><time>21-01-21 15:20:51:793</time></pt><pt><x>445</x><y>238</y><time>21-01-21 15:20:52:186</time></pt><pt><x>445</x><y>242</y><time>21-01-21 15:20:52:635</time></pt><pt><x>446</x><y>244</y><time>21-01-21 15:20:52:934</time></pt><pt><x>447</x><y>246</y><time>21-01-21 15:20:53:319</time></pt><pt><x>448</x><y>246</y><time>21-01-21 15:20:54:193</time></pt><pt><x>449</x><y>243</y><time>21-01-21 15:20:54:775</time></pt><pt><x>449</x><y>240</y><time>21-01-21 15:20:55:499</time></pt><pt><x>449</x><y>236</y><time>21-01-21 15:20:56:151</time></pt><pt><x>449</x><y>233</y><time>21-01-21 15:20:56:703</time></pt><pt><x>448</x><y>230</y><time>21-01-21 15:20:57:135</time></pt><pt><x>447</x><y>227</y><time>21-01-21 15:20:57:655</time></pt><pt><x>447</x><y>223</y><time>21-01-21 15:20:58:293</time></pt><pt><x>447</x><y>217</y><time>21-01-21 15:20:59:575</time></pt><pt><x>447</x><y>214</y><time>21-01-21 15:21:00:095</time></pt><pt><x>446</x><y>210</y><time>21-01-21 15:21:00:638</time></pt><pt><x>446</x><y>206</y><time>21-01-21 15:21:01:299</time></pt><pt><x>446</x><y>201</y><time>21-01-21 15:21:02:345</time></pt><pt><x>445</x><y>197</y><time>21-01-21 15:21:03:102</time></pt><pt><x>445</x><y>192</y><time>21-01-21 15:21:05:196</time></pt><pt><x>444</x><y>188</y><time>21-01-21 15:21:05:762</time></pt><pt><x>444</x><y>184</y><time>21-01-21 15:21:06:351</time></pt><pt><x>444</x><y>177</y><time>21-01-21 15:21:07:744</time></pt><pt><x>444</x><y>156</y><time>21-01-21 15:21:09:703</time></pt><pt><x>443</x><y>153</y><time>21-01-21 15:21:10:427</time></pt><pt><x>441</x><y>149</y><time>21-01-21 15:21:11:183</time></pt><pt><x>441</x><y>147</y><time>21-01-21 15:21:13:001</time></pt><pt><x>440</x><y>149</y><time>21-01-21 15:21:13:851</time></pt><pt><x>440</x><y>152</y><time>21-01-21 15:21:14:624</time></pt><pt><x>439</x><y>154</y><time>21-01-21 15:21:15:393</time></pt><pt><x>436</x><y>164</y><time>21-01-21 15:21:17:055</time></pt><pt><x>436</x><y>168</y><time>21-01-21 15:21:18:062</time></pt><pt><x>435</x><y>178</y><time>21-01-21 15:21:19:549</time></pt><pt><x>435</x><y>182</y><time>21-01-21 15:21:19:942</time></pt><pt><x>434</x><y>186</y><time>21-01-21 15:21:20:186</time></pt><pt><x>434</x><y>190</y><time>21-01-21 15:21:20:917</time></pt><closed_date>21-01-21 15:21:21:571</closed_date></polygon></object></annotation>