<annotation><filename>frame0067.jpg</filename><folder>users/lab605//7hao/human_20210119_4</folder><source><submittedBy>lab605</submittedBy></source><imagesize><nrows>480</nrows><ncols>640</ncols></imagesize><object><name>person</name><deleted>0</deleted><verified>0</verified><occluded>no</occluded><attributes/><parts><hasparts/><ispartof/></parts><date>26-01-21 14:05:29:535</date><id>0</id><polygon><username>7hao</username><pt><x>218</x><y>0</y><time>26-01-21 14:04:08:230</time></pt><pt><x>218</x><y>3</y><time>26-01-21 14:04:08:643</time></pt><pt><x>219</x><y>8</y><time>26-01-21 14:04:08:966</time></pt><pt><x>221</x><y>14</y><time>26-01-21 14:04:09:564</time></pt><pt><x>223</x><y>17</y><time>26-01-21 14:04:09:932</time></pt><pt><x>223</x><y>19</y><time>26-01-21 14:04:10:100</time></pt><pt><x>220</x><y>21</y><time>26-01-21 14:04:10:420</time></pt><pt><x>213</x><y>21</y><time>26-01-21 14:04:10:962</time></pt><pt><x>208</x><y>24</y><time>26-01-21 14:04:11:388</time></pt><pt><x>205</x><y>26</y><time>26-01-21 14:04:14:768</time></pt><pt><x>206</x><y>29</y><time>26-01-21 14:04:15:186</time></pt><pt><x>206</x><y>31</y><time>26-01-21 14:04:15:484</time></pt><pt><x>201</x><y>33</y><time>26-01-21 14:04:15:862</time></pt><pt><x>191</x><y>35</y><time>26-01-21 14:04:16:325</time></pt><pt><x>184</x><y>42</y><time>26-01-21 14:04:16:815</time></pt><pt><x>179</x><y>56</y><time>26-01-21 14:04:17:278</time></pt><pt><x>176</x><y>71</y><time>26-01-21 14:04:17:898</time></pt><pt><x>173</x><y>93</y><time>26-01-21 14:04:19:158</time></pt><pt><x>174</x><y>110</y><time>26-01-21 14:04:19:620</time></pt><pt><x>176</x><y>119</y><time>26-01-21 14:04:20:030</time></pt><pt><x>183</x><y>130</y><time>26-01-21 14:04:22:932</time></pt><pt><x>183</x><y>140</y><time>26-01-21 14:04:23:202</time></pt><pt><x>184</x><y>146</y><time>26-01-21 14:04:23:514</time></pt><pt><x>187</x><y>152</y><time>26-01-21 14:04:23:694</time></pt><pt><x>189</x><y>157</y><time>26-01-21 14:04:23:962</time></pt><pt><x>188</x><y>164</y><time>26-01-21 14:04:24:287</time></pt><pt><x>188</x><y>167</y><time>26-01-21 14:04:24:442</time></pt><pt><x>189</x><y>175</y><time>26-01-21 14:04:24:799</time></pt><pt><x>191</x><y>180</y><time>26-01-21 14:04:26:778</time></pt><pt><x>189</x><y>190</y><time>26-01-21 14:04:27:022</time></pt><pt><x>185</x><y>196</y><time>26-01-21 14:04:27:328</time></pt><pt><x>184</x><y>200</y><time>26-01-21 14:04:27:494</time></pt><pt><x>187</x><y>205</y><time>26-01-21 14:04:27:674</time></pt><pt><x>188</x><y>211</y><time>26-01-21 14:04:28:004</time></pt><pt><x>185</x><y>221</y><time>26-01-21 14:04:28:604</time></pt><pt><x>183</x><y>231</y><time>26-01-21 14:04:30:780</time></pt><pt><x>178</x><y>243</y><time>26-01-21 14:04:31:356</time></pt><pt><x>175</x><y>258</y><time>26-01-21 14:04:31:898</time></pt><pt><x>174</x><y>271</y><time>26-01-21 14:04:32:424</time></pt><pt><x>174</x><y>288</y><time>26-01-21 14:04:33:768</time></pt><pt><x>173</x><y>295</y><time>26-01-21 14:04:34:171</time></pt><pt><x>170</x><y>299</y><time>26-01-21 14:04:34:464</time></pt><pt><x>167</x><y>304</y><time>26-01-21 14:04:34:956</time></pt><pt><x>165</x><y>308</y><time>26-01-21 14:04:35:255</time></pt><pt><x>162</x><y>310</y><time>26-01-21 14:04:35:498</time></pt><pt><x>161</x><y>313</y><time>26-01-21 14:04:35:798</time></pt><pt><x>162</x><y>315</y><time>26-01-21 14:04:36:133</time></pt><pt><x>164</x><y>317</y><time>26-01-21 14:04:36:350</time></pt><pt><x>166</x><y>318</y><time>26-01-21 14:04:36:552</time></pt><pt><x>171</x><y>321</y><time>26-01-21 14:04:37:024</time></pt><pt><x>176</x><y>322</y><time>26-01-21 14:04:37:276</time></pt><pt><x>181</x><y>322</y><time>26-01-21 14:04:37:630</time></pt><pt><x>185</x><y>317</y><time>26-01-21 14:04:37:984</time></pt><pt><x>186</x><y>308</y><time>26-01-21 14:04:38:322</time></pt><pt><x>186</x><y>298</y><time>26-01-21 14:04:38:738</time></pt><pt><x>185</x><y>287</y><time>26-01-21 14:04:39:095</time></pt><pt><x>191</x><y>272</y><time>26-01-21 14:04:39:486</time></pt><pt><x>198</x><y>258</y><time>26-01-21 14:04:40:028</time></pt><pt><x>202</x><y>236</y><time>26-01-21 14:04:41:295</time></pt><pt><x>207</x><y>229</y><time>26-01-21 14:04:42:088</time></pt><pt><x>211</x><y>217</y><time>26-01-21 14:04:42:552</time></pt><pt><x>212</x><y>211</y><time>26-01-21 14:04:42:788</time></pt><pt><x>215</x><y>210</y><time>26-01-21 14:04:42:992</time></pt><pt><x>218</x><y>208</y><time>26-01-21 14:04:43:276</time></pt><pt><x>220</x><y>204</y><time>26-01-21 14:04:43:465</time></pt><pt><x>220</x><y>199</y><time>26-01-21 14:04:43:631</time></pt><pt><x>223</x><y>189</y><time>26-01-21 14:04:44:218</time></pt><pt><x>227</x><y>184</y><time>26-01-21 14:04:44:470</time></pt><pt><x>231</x><y>184</y><time>26-01-21 14:04:44:708</time></pt><pt><x>235</x><y>189</y><time>26-01-21 14:04:45:006</time></pt><pt><x>237</x><y>196</y><time>26-01-21 14:04:45:328</time></pt><pt><x>239</x><y>204</y><time>26-01-21 14:04:45:634</time></pt><pt><x>239</x><y>208</y><time>26-01-21 14:04:52:389</time></pt><pt><x>240</x><y>210</y><time>26-01-21 14:04:52:617</time></pt><pt><x>245</x><y>212</y><time>26-01-21 14:04:52:791</time></pt><pt><x>248</x><y>214</y><time>26-01-21 14:04:53:176</time></pt><pt><x>251</x><y>223</y><time>26-01-21 14:04:53:586</time></pt><pt><x>254</x><y>229</y><time>26-01-21 14:04:53:924</time></pt><pt><x>255</x><y>230</y><time>26-01-21 14:04:54:024</time></pt><pt><x>260</x><y>236</y><time>26-01-21 14:04:54:402</time></pt><pt><x>268</x><y>255</y><time>26-01-21 14:04:56:258</time></pt><pt><x>272</x><y>266</y><time>26-01-21 14:04:56:642</time></pt><pt><x>274</x><y>271</y><time>26-01-21 14:04:56:849</time></pt><pt><x>278</x><y>277</y><time>26-01-21 14:04:57:114</time></pt><pt><x>282</x><y>286</y><time>26-01-21 14:05:02:612</time></pt><pt><x>282</x><y>295</y><time>26-01-21 14:05:03:076</time></pt><pt><x>282</x><y>301</y><time>26-01-21 14:05:03:422</time></pt><pt><x>281</x><y>305</y><time>26-01-21 14:05:03:634</time></pt><pt><x>277</x><y>308</y><time>26-01-21 14:05:03:892</time></pt><pt><x>275</x><y>311</y><time>26-01-21 14:05:04:225</time></pt><pt><x>273</x><y>315</y><time>26-01-21 14:05:04:855</time></pt><pt><x>275</x><y>319</y><time>26-01-21 14:05:05:146</time></pt><pt><x>283</x><y>321</y><time>26-01-21 14:05:05:394</time></pt><pt><x>291</x><y>321</y><time>26-01-21 14:05:05:741</time></pt><pt><x>300</x><y>319</y><time>26-01-21 14:05:06:086</time></pt><pt><x>305</x><y>316</y><time>26-01-21 14:05:06:692</time></pt><pt><x>305</x><y>309</y><time>26-01-21 14:05:06:968</time></pt><pt><x>303</x><y>304</y><time>26-01-21 14:05:07:156</time></pt><pt><x>297</x><y>295</y><time>26-01-21 14:05:07:464</time></pt><pt><x>294</x><y>285</y><time>26-01-21 14:05:07:818</time></pt><pt><x>294</x><y>272</y><time>26-01-21 14:05:08:226</time></pt><pt><x>291</x><y>258</y><time>26-01-21 14:05:09:276</time></pt><pt><x>287</x><y>246</y><time>26-01-21 14:05:09:632</time></pt><pt><x>283</x><y>235</y><time>26-01-21 14:05:10:074</time></pt><pt><x>278</x><y>228</y><time>26-01-21 14:05:10:665</time></pt><pt><x>276</x><y>224</y><time>26-01-21 14:05:10:940</time></pt><pt><x>275</x><y>219</y><time>26-01-21 14:05:11:113</time></pt><pt><x>274</x><y>212</y><time>26-01-21 14:05:11:480</time></pt><pt><x>272</x><y>201</y><time>26-01-21 14:05:12:660</time></pt><pt><x>271</x><y>186</y><time>26-01-21 14:05:12:982</time></pt><pt><x>272</x><y>180</y><time>26-01-21 14:05:13:274</time></pt><pt><x>274</x><y>168</y><time>26-01-21 14:05:13:658</time></pt><pt><x>277</x><y>156</y><time>26-01-21 14:05:14:375</time></pt><pt><x>282</x><y>145</y><time>26-01-21 14:05:14:863</time></pt><pt><x>286</x><y>133</y><time>26-01-21 14:05:16:113</time></pt><pt><x>286</x><y>111</y><time>26-01-21 14:05:16:523</time></pt><pt><x>283</x><y>91</y><time>26-01-21 14:05:17:057</time></pt><pt><x>280</x><y>69</y><time>26-01-21 14:05:18:126</time></pt><pt><x>273</x><y>52</y><time>26-01-21 14:05:18:936</time></pt><pt><x>265</x><y>43</y><time>26-01-21 14:05:19:589</time></pt><pt><x>261</x><y>40</y><time>26-01-21 14:05:19:864</time></pt><pt><x>257</x><y>35</y><time>26-01-21 14:05:20:272</time></pt><pt><x>254</x><y>32</y><time>26-01-21 14:05:20:517</time></pt><pt><x>253</x><y>27</y><time>26-01-21 14:05:20:829</time></pt><pt><x>251</x><y>26</y><time>26-01-21 14:05:21:026</time></pt><pt><x>250</x><y>23</y><time>26-01-21 14:05:23:354</time></pt><pt><x>252</x><y>14</y><time>26-01-21 14:05:23:678</time></pt><pt><x>256</x><y>7</y><time>26-01-21 14:05:23:977</time></pt><pt><x>258</x><y>3</y><time>26-01-21 14:05:24:220</time></pt><pt><x>257</x><y>1</y><time>26-01-21 14:05:24:999</time></pt><closed_date>26-01-21 14:05:27:265</closed_date></polygon></object><object><name>person</name><deleted>0</deleted><verified>0</verified><occluded>no</occluded><attributes/><parts><hasparts/><ispartof/></parts><date>26-01-21 14:06:29:078</date><id>1</id><polygon><username>7hao</username><pt><x>402</x><y>69</y><time>26-01-21 14:05:33:051</time></pt><pt><x>393</x><y>66</y><time>26-01-21 14:05:33:798</time></pt><pt><x>386</x><y>69</y><time>26-01-21 14:05:34:161</time></pt><pt><x>379</x><y>74</y><time>26-01-21 14:05:34:514</time></pt><pt><x>377</x><y>80</y><time>26-01-21 14:05:34:836</time></pt><pt><x>378</x><y>88</y><time>26-01-21 14:05:35:207</time></pt><pt><x>382</x><y>93</y><time>26-01-21 14:05:35:568</time></pt><pt><x>384</x><y>96</y><time>26-01-21 14:05:35:813</time></pt><pt><x>384</x><y>100</y><time>26-01-21 14:05:36:197</time></pt><pt><x>382</x><y>103</y><time>26-01-21 14:05:36:434</time></pt><pt><x>370</x><y>105</y><time>26-01-21 14:05:36:888</time></pt><pt><x>365</x><y>108</y><time>26-01-21 14:05:37:296</time></pt><pt><x>357</x><y>122</y><time>26-01-21 14:05:37:736</time></pt><pt><x>354</x><y>135</y><time>26-01-21 14:05:38:186</time></pt><pt><x>353</x><y>146</y><time>26-01-21 14:05:38:610</time></pt><pt><x>355</x><y>151</y><time>26-01-21 14:05:39:027</time></pt><pt><x>359</x><y>154</y><time>26-01-21 14:05:39:431</time></pt><pt><x>367</x><y>151</y><time>26-01-21 14:05:39:892</time></pt><pt><x>364</x><y>160</y><time>26-01-21 14:05:43:494</time></pt><pt><x>364</x><y>166</y><time>26-01-21 14:05:43:738</time></pt><pt><x>364</x><y>172</y><time>26-01-21 14:05:43:886</time></pt><pt><x>364</x><y>178</y><time>26-01-21 14:05:44:178</time></pt><pt><x>363</x><y>183</y><time>26-01-21 14:05:44:342</time></pt><pt><x>362</x><y>189</y><time>26-01-21 14:05:44:594</time></pt><pt><x>360</x><y>198</y><time>26-01-21 14:05:44:940</time></pt><pt><x>360</x><y>208</y><time>26-01-21 14:05:45:375</time></pt><pt><x>360</x><y>215</y><time>26-01-21 14:05:45:758</time></pt><pt><x>363</x><y>233</y><time>26-01-21 14:05:46:750</time></pt><pt><x>362</x><y>242</y><time>26-01-21 14:05:47:072</time></pt><pt><x>360</x><y>247</y><time>26-01-21 14:05:47:262</time></pt><pt><x>360</x><y>252</y><time>26-01-21 14:05:47:457</time></pt><pt><x>360</x><y>260</y><time>26-01-21 14:05:47:646</time></pt><pt><x>360</x><y>270</y><time>26-01-21 14:05:48:014</time></pt><pt><x>359</x><y>273</y><time>26-01-21 14:05:48:189</time></pt><pt><x>358</x><y>275</y><time>26-01-21 14:05:48:362</time></pt><pt><x>360</x><y>279</y><time>26-01-21 14:05:48:518</time></pt><pt><x>361</x><y>282</y><time>26-01-21 14:05:48:699</time></pt><pt><x>360</x><y>286</y><time>26-01-21 14:05:49:015</time></pt><pt><x>357</x><y>295</y><time>26-01-21 14:05:50:301</time></pt><pt><x>356</x><y>300</y><time>26-01-21 14:05:50:554</time></pt><pt><x>359</x><y>300</y><time>26-01-21 14:05:51:152</time></pt><pt><x>367</x><y>300</y><time>26-01-21 14:05:51:641</time></pt><pt><x>371</x><y>300</y><time>26-01-21 14:05:52:080</time></pt><pt><x>371</x><y>296</y><time>26-01-21 14:05:52:364</time></pt><pt><x>371</x><y>293</y><time>26-01-21 14:05:52:529</time></pt><pt><x>372</x><y>285</y><time>26-01-21 14:05:52:971</time></pt><pt><x>374</x><y>276</y><time>26-01-21 14:05:53:424</time></pt><pt><x>376</x><y>270</y><time>26-01-21 14:05:53:928</time></pt><pt><x>378</x><y>257</y><time>26-01-21 14:05:55:637</time></pt><pt><x>378</x><y>251</y><time>26-01-21 14:05:55:918</time></pt><pt><x>381</x><y>237</y><time>26-01-21 14:05:58:670</time></pt><pt><x>385</x><y>217</y><time>26-01-21 14:05:59:708</time></pt><pt><x>386</x><y>250</y><time>26-01-21 14:06:00:636</time></pt><pt><x>386</x><y>264</y><time>26-01-21 14:06:01:314</time></pt><pt><x>386</x><y>276</y><time>26-01-21 14:06:01:926</time></pt><pt><x>387</x><y>280</y><time>26-01-21 14:06:02:185</time></pt><pt><x>388</x><y>283</y><time>26-01-21 14:06:02:351</time></pt><pt><x>388</x><y>286</y><time>26-01-21 14:06:02:604</time></pt><pt><x>388</x><y>289</y><time>26-01-21 14:06:02:742</time></pt><pt><x>387</x><y>295</y><time>26-01-21 14:06:04:285</time></pt><pt><x>388</x><y>297</y><time>26-01-21 14:06:04:496</time></pt><pt><x>390</x><y>298</y><time>26-01-21 14:06:04:699</time></pt><pt><x>393</x><y>299</y><time>26-01-21 14:06:05:046</time></pt><pt><x>396</x><y>300</y><time>26-01-21 14:06:05:298</time></pt><pt><x>401</x><y>300</y><time>26-01-21 14:06:05:494</time></pt><pt><x>406</x><y>300</y><time>26-01-21 14:06:05:913</time></pt><pt><x>408</x><y>298</y><time>26-01-21 14:06:06:154</time></pt><pt><x>408</x><y>294</y><time>26-01-21 14:06:06:344</time></pt><pt><x>405</x><y>292</y><time>26-01-21 14:06:06:635</time></pt><pt><x>401</x><y>286</y><time>26-01-21 14:06:06:948</time></pt><pt><x>400</x><y>281</y><time>26-01-21 14:06:07:200</time></pt><pt><x>401</x><y>276</y><time>26-01-21 14:06:07:428</time></pt><pt><x>401</x><y>264</y><time>26-01-21 14:06:07:885</time></pt><pt><x>403</x><y>243</y><time>26-01-21 14:06:09:072</time></pt><pt><x>405</x><y>225</y><time>26-01-21 14:06:09:576</time></pt><pt><x>407</x><y>210</y><time>26-01-21 14:06:10:102</time></pt><pt><x>411</x><y>196</y><time>26-01-21 14:06:10:959</time></pt><pt><x>411</x><y>190</y><time>26-01-21 14:06:11:274</time></pt><pt><x>411</x><y>180</y><time>26-01-21 14:06:11:919</time></pt><pt><x>411</x><y>172</y><time>26-01-21 14:06:13:286</time></pt><pt><x>412</x><y>169</y><time>26-01-21 14:06:13:593</time></pt><pt><x>412</x><y>166</y><time>26-01-21 14:06:13:734</time></pt><pt><x>411</x><y>162</y><time>26-01-21 14:06:13:962</time></pt><pt><x>410</x><y>156</y><time>26-01-21 14:06:14:537</time></pt><pt><x>410</x><y>153</y><time>26-01-21 14:06:14:694</time></pt><pt><x>410</x><y>148</y><time>26-01-21 14:06:14:938</time></pt><pt><x>412</x><y>140</y><time>26-01-21 14:06:15:479</time></pt><pt><x>432</x><y>175</y><time>26-01-21 14:06:16:400</time></pt><pt><x>438</x><y>183</y><time>26-01-21 14:06:16:910</time></pt><pt><x>441</x><y>188</y><time>26-01-21 14:06:17:218</time></pt><pt><x>444</x><y>191</y><time>26-01-21 14:06:17:454</time></pt><pt><x>446</x><y>194</y><time>26-01-21 14:06:17:610</time></pt><pt><x>446</x><y>197</y><time>26-01-21 14:06:17:847</time></pt><pt><x>448</x><y>197</y><time>26-01-21 14:06:18:098</time></pt><pt><x>451</x><y>195</y><time>26-01-21 14:06:18:310</time></pt><pt><x>452</x><y>190</y><time>26-01-21 14:06:18:610</time></pt><pt><x>449</x><y>185</y><time>26-01-21 14:06:18:838</time></pt><pt><x>447</x><y>183</y><time>26-01-21 14:06:19:089</time></pt><pt><x>446</x><y>179</y><time>26-01-21 14:06:19:340</time></pt><pt><x>439</x><y>159</y><time>26-01-21 14:06:19:986</time></pt><pt><x>429</x><y>132</y><time>26-01-21 14:06:21:118</time></pt><pt><x>422</x><y>117</y><time>26-01-21 14:06:21:739</time></pt><pt><x>418</x><y>112</y><time>26-01-21 14:06:22:156</time></pt><pt><x>408</x><y>107</y><time>26-01-21 14:06:22:707</time></pt><pt><x>403</x><y>104</y><time>26-01-21 14:06:23:367</time></pt><pt><x>401</x><y>103</y><time>26-01-21 14:06:23:687</time></pt><pt><x>402</x><y>100</y><time>26-01-21 14:06:23:878</time></pt><pt><x>405</x><y>96</y><time>26-01-21 14:06:24:192</time></pt><pt><x>407</x><y>92</y><time>26-01-21 14:06:24:515</time></pt><pt><x>407</x><y>86</y><time>26-01-21 14:06:24:869</time></pt><pt><x>407</x><y>80</y><time>26-01-21 14:06:25:316</time></pt><pt><x>407</x><y>75</y><time>26-01-21 14:06:25:719</time></pt><pt><x>405</x><y>72</y><time>26-01-21 14:06:26:024</time></pt><pt><x>403</x><y>69</y><time>26-01-21 14:06:26:481</time></pt><closed_date>26-01-21 14:06:26:850</closed_date></polygon></object><object><name>person</name><deleted>0</deleted><verified>0</verified><occluded>no</occluded><attributes></attributes><parts><hasparts></hasparts><ispartof></ispartof></parts><date>26-01-21 14:07:01:326</date><id>2</id><polygon><username>7hao</username><pt><x>639</x><y>123</y><time>26-01-21 14:06:47:655</time></pt><pt><x>635</x><y>131</y><time>26-01-21 14:06:48:340</time></pt><pt><x>629</x><y>139</y><time>26-01-21 14:06:48:774</time></pt><pt><x>622</x><y>146</y><time>26-01-21 14:06:49:184</time></pt><pt><x>617</x><y>151</y><time>26-01-21 14:06:49:545</time></pt><pt><x>616</x><y>154</y><time>26-01-21 14:06:49:700</time></pt><pt><x>617</x><y>160</y><time>26-01-21 14:06:51:133</time></pt><pt><x>613</x><y>163</y><time>26-01-21 14:06:51:454</time></pt><pt><x>611</x><y>165</y><time>26-01-21 14:06:51:620</time></pt><pt><x>608</x><y>167</y><time>26-01-21 14:06:52:030</time></pt><pt><x>607</x><y>169</y><time>26-01-21 14:06:52:186</time></pt><pt><x>607</x><y>173</y><time>26-01-21 14:06:52:350</time></pt><pt><x>610</x><y>178</y><time>26-01-21 14:06:52:586</time></pt><pt><x>615</x><y>179</y><time>26-01-21 14:06:52:813</time></pt><pt><x>620</x><y>174</y><time>26-01-21 14:06:53:066</time></pt><pt><x>620</x><y>171</y><time>26-01-21 14:06:53:222</time></pt><pt><x>621</x><y>168</y><time>26-01-21 14:06:53:442</time></pt><pt><x>623</x><y>166</y><time>26-01-21 14:06:53:632</time></pt><pt><x>625</x><y>164</y><time>26-01-21 14:06:53:820</time></pt><pt><x>627</x><y>161</y><time>26-01-21 14:06:53:977</time></pt><pt><x>629</x><y>160</y><time>26-01-21 14:06:54:192</time></pt><pt><x>634</x><y>158</y><time>26-01-21 14:06:54:465</time></pt><pt><x>637</x><y>156</y><time>26-01-21 14:06:54:670</time></pt><pt><x>639</x><y>152</y><time>26-01-21 14:06:55:211</time></pt><pt><x>640</x><y>151</y><time>26-01-21 14:06:56:344</time></pt><closed_date>26-01-21 14:06:58:779</closed_date></polygon></object><object><name>person</name><deleted>0</deleted><verified>0</verified><occluded>no</occluded><attributes></attributes><parts><hasparts></hasparts><ispartof></ispartof></parts><date>26-01-21 14:07:17:373</date><id>3</id><polygon><username>7hao</username><pt><x>639</x><y>281</y><time>26-01-21 14:07:07:344</time></pt><pt><x>633</x><y>294</y><time>26-01-21 14:07:08:045</time></pt><pt><x>629</x><y>298</y><time>26-01-21 14:07:08:353</time></pt><pt><x>624</x><y>299</y><time>26-01-21 14:07:08:518</time></pt><pt><x>619</x><y>301</y><time>26-01-21 14:07:08:791</time></pt><pt><x>617</x><y>302</y><time>26-01-21 14:07:08:958</time></pt><pt><x>618</x><y>306</y><time>26-01-21 14:07:09:130</time></pt><pt><x>622</x><y>309</y><time>26-01-21 14:07:09:322</time></pt><pt><x>630</x><y>312</y><time>26-01-21 14:07:09:610</time></pt><pt><x>637</x><y>315</y><time>26-01-21 14:07:09:972</time></pt><pt><x>639</x><y>317</y><time>26-01-21 14:07:11:096</time></pt><pt><x>640</x><y>317</y><time>26-01-21 14:07:11:962</time></pt><pt><x>640</x><y>280</y><time>26-01-21 14:07:14:322</time></pt><closed_date>26-01-21 14:07:14:889</closed_date></polygon></object></annotation>