<annotation><filename>frame0009.jpg</filename><folder>users/lab605//7hao/human_20210119_4</folder><source><submittedBy>lab605</submittedBy></source><imagesize><nrows>480</nrows><ncols>640</ncols></imagesize><object><name>person</name><deleted>0</deleted><verified>0</verified><occluded>no</occluded><attributes></attributes><parts><hasparts></hasparts><ispartof></ispartof></parts><date>20-01-21 21:29:00:488</date><id>0</id><polygon><username>7hao</username><pt><x>466</x><y>25</y><time>20-01-21 21:27:39:633</time></pt><pt><x>461</x><y>25</y><time>20-01-21 21:27:39:890</time></pt><pt><x>457</x><y>25</y><time>20-01-21 21:27:40:142</time></pt><pt><x>455</x><y>27</y><time>20-01-21 21:27:40:313</time></pt><pt><x>450</x><y>30</y><time>20-01-21 21:27:40:624</time></pt><pt><x>447</x><y>31</y><time>20-01-21 21:27:40:810</time></pt><pt><x>446</x><y>35</y><time>20-01-21 21:27:40:991</time></pt><pt><x>447</x><y>39</y><time>20-01-21 21:27:41:258</time></pt><pt><x>447</x><y>44</y><time>20-01-21 21:27:41:477</time></pt><pt><x>448</x><y>49</y><time>20-01-21 21:27:41:675</time></pt><pt><x>448</x><y>52</y><time>20-01-21 21:27:41:887</time></pt><pt><x>450</x><y>55</y><time>20-01-21 21:27:42:092</time></pt><pt><x>451</x><y>56</y><time>20-01-21 21:27:42:259</time></pt><pt><x>453</x><y>59</y><time>20-01-21 21:27:42:454</time></pt><pt><x>453</x><y>62</y><time>20-01-21 21:27:42:674</time></pt><pt><x>453</x><y>63</y><time>20-01-21 21:27:42:942</time></pt><pt><x>449</x><y>64</y><time>20-01-21 21:27:43:155</time></pt><pt><x>442</x><y>69</y><time>20-01-21 21:27:44:459</time></pt><pt><x>436</x><y>72</y><time>20-01-21 21:27:44:721</time></pt><pt><x>432</x><y>74</y><time>20-01-21 21:27:44:908</time></pt><pt><x>428</x><y>77</y><time>20-01-21 21:27:45:112</time></pt><pt><x>425</x><y>79</y><time>20-01-21 21:27:45:287</time></pt><pt><x>424</x><y>83</y><time>20-01-21 21:27:45:466</time></pt><pt><x>424</x><y>87</y><time>20-01-21 21:27:45:648</time></pt><pt><x>423</x><y>92</y><time>20-01-21 21:27:45:804</time></pt><pt><x>420</x><y>102</y><time>20-01-21 21:27:46:884</time></pt><pt><x>418</x><y>106</y><time>20-01-21 21:27:47:077</time></pt><pt><x>417</x><y>111</y><time>20-01-21 21:27:47:267</time></pt><pt><x>417</x><y>114</y><time>20-01-21 21:27:47:466</time></pt><pt><x>417</x><y>121</y><time>20-01-21 21:27:47:669</time></pt><pt><x>418</x><y>125</y><time>20-01-21 21:27:47:850</time></pt><pt><x>419</x><y>130</y><time>20-01-21 21:27:48:021</time></pt><pt><x>419</x><y>147</y><time>20-01-21 21:27:49:194</time></pt><pt><x>419</x><y>153</y><time>20-01-21 21:27:49:445</time></pt><pt><x>420</x><y>158</y><time>20-01-21 21:27:49:633</time></pt><pt><x>422</x><y>162</y><time>20-01-21 21:27:49:846</time></pt><pt><x>424</x><y>167</y><time>20-01-21 21:27:50:210</time></pt><pt><x>426</x><y>173</y><time>20-01-21 21:27:52:009</time></pt><pt><x>427</x><y>176</y><time>20-01-21 21:27:52:412</time></pt><pt><x>428</x><y>178</y><time>20-01-21 21:27:52:631</time></pt><pt><x>428</x><y>181</y><time>20-01-21 21:27:52:853</time></pt><pt><x>428</x><y>184</y><time>20-01-21 21:27:53:032</time></pt><pt><x>427</x><y>187</y><time>20-01-21 21:27:53:229</time></pt><pt><x>425</x><y>190</y><time>20-01-21 21:27:53:410</time></pt><pt><x>424</x><y>194</y><time>20-01-21 21:27:53:608</time></pt><pt><x>424</x><y>197</y><time>20-01-21 21:27:53:780</time></pt><pt><x>424</x><y>200</y><time>20-01-21 21:27:53:983</time></pt><pt><x>422</x><y>208</y><time>20-01-21 21:27:55:038</time></pt><pt><x>422</x><y>213</y><time>20-01-21 21:27:55:298</time></pt><pt><x>422</x><y>217</y><time>20-01-21 21:27:55:473</time></pt><pt><x>422</x><y>222</y><time>20-01-21 21:27:55:643</time></pt><pt><x>422</x><y>225</y><time>20-01-21 21:27:55:817</time></pt><pt><x>422</x><y>230</y><time>20-01-21 21:27:56:053</time></pt><pt><x>419</x><y>257</y><time>20-01-21 21:27:57:212</time></pt><pt><x>419</x><y>264</y><time>20-01-21 21:27:57:510</time></pt><pt><x>419</x><y>270</y><time>20-01-21 21:27:57:800</time></pt><pt><x>418</x><y>277</y><time>20-01-21 21:27:58:036</time></pt><pt><x>418</x><y>280</y><time>20-01-21 21:27:58:232</time></pt><pt><x>418</x><y>284</y><time>20-01-21 21:27:58:475</time></pt><pt><x>419</x><y>288</y><time>20-01-21 21:27:58:704</time></pt><pt><x>419</x><y>290</y><time>20-01-21 21:27:58:908</time></pt><pt><x>418</x><y>293</y><time>20-01-21 21:27:59:127</time></pt><pt><x>414</x><y>297</y><time>20-01-21 21:28:02:166</time></pt><pt><x>412</x><y>300</y><time>20-01-21 21:28:02:440</time></pt><pt><x>408</x><y>301</y><time>20-01-21 21:28:02:667</time></pt><pt><x>405</x><y>303</y><time>20-01-21 21:28:02:840</time></pt><pt><x>403</x><y>304</y><time>20-01-21 21:28:03:062</time></pt><pt><x>400</x><y>307</y><time>20-01-21 21:28:03:258</time></pt><pt><x>399</x><y>309</y><time>20-01-21 21:28:03:437</time></pt><pt><x>398</x><y>311</y><time>20-01-21 21:28:03:662</time></pt><pt><x>400</x><y>314</y><time>20-01-21 21:28:03:864</time></pt><pt><x>403</x><y>316</y><time>20-01-21 21:28:04:060</time></pt><pt><x>407</x><y>317</y><time>20-01-21 21:28:04:532</time></pt><pt><x>411</x><y>317</y><time>20-01-21 21:28:04:768</time></pt><pt><x>413</x><y>317</y><time>20-01-21 21:28:04:955</time></pt><pt><x>416</x><y>317</y><time>20-01-21 21:28:05:153</time></pt><pt><x>419</x><y>315</y><time>20-01-21 21:28:05:334</time></pt><pt><x>423</x><y>314</y><time>20-01-21 21:28:05:523</time></pt><pt><x>425</x><y>312</y><time>20-01-21 21:28:05:721</time></pt><pt><x>430</x><y>311</y><time>20-01-21 21:28:05:907</time></pt><pt><x>434</x><y>310</y><time>20-01-21 21:28:06:111</time></pt><pt><x>438</x><y>309</y><time>20-01-21 21:28:06:309</time></pt><pt><x>443</x><y>307</y><time>20-01-21 21:28:06:530</time></pt><pt><x>445</x><y>305</y><time>20-01-21 21:28:06:734</time></pt><pt><x>444</x><y>301</y><time>20-01-21 21:28:06:926</time></pt><pt><x>442</x><y>298</y><time>20-01-21 21:28:07:095</time></pt><pt><x>440</x><y>292</y><time>20-01-21 21:28:07:268</time></pt><pt><x>440</x><y>290</y><time>20-01-21 21:28:07:458</time></pt><pt><x>439</x><y>287</y><time>20-01-21 21:28:07:718</time></pt><pt><x>440</x><y>282</y><time>20-01-21 21:28:08:056</time></pt><pt><x>440</x><y>280</y><time>20-01-21 21:28:08:212</time></pt><pt><x>444</x><y>259</y><time>20-01-21 21:28:09:362</time></pt><pt><x>444</x><y>251</y><time>20-01-21 21:28:09:730</time></pt><pt><x>445</x><y>245</y><time>20-01-21 21:28:10:046</time></pt><pt><x>445</x><y>240</y><time>20-01-21 21:28:10:289</time></pt><pt><x>445</x><y>238</y><time>20-01-21 21:28:10:469</time></pt><pt><x>450</x><y>220</y><time>20-01-21 21:28:11:462</time></pt><pt><x>452</x><y>214</y><time>20-01-21 21:28:11:783</time></pt><pt><x>455</x><y>208</y><time>20-01-21 21:28:12:065</time></pt><pt><x>457</x><y>204</y><time>20-01-21 21:28:12:420</time></pt><pt><x>460</x><y>200</y><time>20-01-21 21:28:13:082</time></pt><pt><x>462</x><y>196</y><time>20-01-21 21:28:13:396</time></pt><pt><x>464</x><y>194</y><time>20-01-21 21:28:13:701</time></pt><pt><x>465</x><y>195</y><time>20-01-21 21:28:14:157</time></pt><pt><x>466</x><y>198</y><time>20-01-21 21:28:14:403</time></pt><pt><x>467</x><y>200</y><time>20-01-21 21:28:14:608</time></pt><pt><x>468</x><y>206</y><time>20-01-21 21:28:14:865</time></pt><pt><x>468</x><y>211</y><time>20-01-21 21:28:15:133</time></pt><pt><x>469</x><y>217</y><time>20-01-21 21:28:15:439</time></pt><pt><x>468</x><y>224</y><time>20-01-21 21:28:15:794</time></pt><pt><x>468</x><y>230</y><time>20-01-21 21:28:16:101</time></pt><pt><x>470</x><y>237</y><time>20-01-21 21:28:16:477</time></pt><pt><x>471</x><y>246</y><time>20-01-21 21:28:17:657</time></pt><pt><x>471</x><y>253</y><time>20-01-21 21:28:17:934</time></pt><pt><x>471</x><y>259</y><time>20-01-21 21:28:18:210</time></pt><pt><x>473</x><y>277</y><time>20-01-21 21:28:19:349</time></pt><pt><x>473</x><y>283</y><time>20-01-21 21:28:19:636</time></pt><pt><x>474</x><y>287</y><time>20-01-21 21:28:19:854</time></pt><pt><x>475</x><y>293</y><time>20-01-21 21:28:20:074</time></pt><pt><x>476</x><y>296</y><time>20-01-21 21:28:20:334</time></pt><pt><x>476</x><y>301</y><time>20-01-21 21:28:21:111</time></pt><pt><x>476</x><y>306</y><time>20-01-21 21:28:21:332</time></pt><pt><x>475</x><y>309</y><time>20-01-21 21:28:21:544</time></pt><pt><x>475</x><y>312</y><time>20-01-21 21:28:21:750</time></pt><pt><x>475</x><y>316</y><time>20-01-21 21:28:22:324</time></pt><pt><x>479</x><y>316</y><time>20-01-21 21:28:22:638</time></pt><pt><x>483</x><y>317</y><time>20-01-21 21:28:22:927</time></pt><pt><x>487</x><y>317</y><time>20-01-21 21:28:23:164</time></pt><pt><x>491</x><y>316</y><time>20-01-21 21:28:23:525</time></pt><pt><x>494</x><y>314</y><time>20-01-21 21:28:25:759</time></pt><pt><x>498</x><y>314</y><time>20-01-21 21:28:26:051</time></pt><pt><x>500</x><y>313</y><time>20-01-21 21:28:26:273</time></pt><pt><x>500</x><y>310</y><time>20-01-21 21:28:26:507</time></pt><pt><x>499</x><y>307</y><time>20-01-21 21:28:26:728</time></pt><pt><x>498</x><y>305</y><time>20-01-21 21:28:26:947</time></pt><pt><x>495</x><y>303</y><time>20-01-21 21:28:27:151</time></pt><pt><x>492</x><y>300</y><time>20-01-21 21:28:27:411</time></pt><pt><x>491</x><y>297</y><time>20-01-21 21:28:27:656</time></pt><pt><x>491</x><y>294</y><time>20-01-21 21:28:27:852</time></pt><pt><x>491</x><y>291</y><time>20-01-21 21:28:28:033</time></pt><pt><x>493</x><y>288</y><time>20-01-21 21:28:28:253</time></pt><pt><x>494</x><y>286</y><time>20-01-21 21:28:28:473</time></pt><pt><x>495</x><y>284</y><time>20-01-21 21:28:28:656</time></pt><pt><x>493</x><y>281</y><time>20-01-21 21:28:28:787</time></pt><pt><x>492</x><y>279</y><time>20-01-21 21:28:28:963</time></pt><pt><x>492</x><y>276</y><time>20-01-21 21:28:29:150</time></pt><pt><x>494</x><y>273</y><time>20-01-21 21:28:29:780</time></pt><pt><x>495</x><y>269</y><time>20-01-21 21:28:30:016</time></pt><pt><x>497</x><y>254</y><time>20-01-21 21:28:31:244</time></pt><pt><x>497</x><y>251</y><time>20-01-21 21:28:31:510</time></pt><pt><x>496</x><y>247</y><time>20-01-21 21:28:31:716</time></pt><pt><x>494</x><y>243</y><time>20-01-21 21:28:31:898</time></pt><pt><x>493</x><y>239</y><time>20-01-21 21:28:32:091</time></pt><pt><x>493</x><y>234</y><time>20-01-21 21:28:32:306</time></pt><pt><x>493</x><y>231</y><time>20-01-21 21:28:32:480</time></pt><pt><x>494</x><y>229</y><time>20-01-21 21:28:32:691</time></pt><pt><x>497</x><y>215</y><time>20-01-21 21:28:33:641</time></pt><pt><x>498</x><y>209</y><time>20-01-21 21:28:33:949</time></pt><pt><x>498</x><y>202</y><time>20-01-21 21:28:34:185</time></pt><pt><x>497</x><y>200</y><time>20-01-21 21:28:34:374</time></pt><pt><x>500</x><y>187</y><time>20-01-21 21:28:35:326</time></pt><pt><x>501</x><y>180</y><time>20-01-21 21:28:35:631</time></pt><pt><x>500</x><y>175</y><time>20-01-21 21:28:35:883</time></pt><pt><x>499</x><y>153</y><time>20-01-21 21:28:36:914</time></pt><pt><x>499</x><y>149</y><time>20-01-21 21:28:37:150</time></pt><pt><x>499</x><y>146</y><time>20-01-21 21:28:37:339</time></pt><pt><x>499</x><y>142</y><time>20-01-21 21:28:37:576</time></pt><pt><x>499</x><y>139</y><time>20-01-21 21:28:37:772</time></pt><pt><x>498</x><y>134</y><time>20-01-21 21:28:38:017</time></pt><pt><x>498</x><y>131</y><time>20-01-21 21:28:38:212</time></pt><pt><x>497</x><y>128</y><time>20-01-21 21:28:38:439</time></pt><pt><x>500</x><y>134</y><time>20-01-21 21:28:39:330</time></pt><pt><x>502</x><y>142</y><time>20-01-21 21:28:39:745</time></pt><pt><x>503</x><y>146</y><time>20-01-21 21:28:40:030</time></pt><pt><x>504</x><y>153</y><time>20-01-21 21:28:40:329</time></pt><pt><x>505</x><y>157</y><time>20-01-21 21:28:40:574</time></pt><pt><x>507</x><y>168</y><time>20-01-21 21:28:42:139</time></pt><pt><x>507</x><y>171</y><time>20-01-21 21:28:42:373</time></pt><pt><x>508</x><y>174</y><time>20-01-21 21:28:42:695</time></pt><pt><x>506</x><y>176</y><time>20-01-21 21:28:43:026</time></pt><pt><x>506</x><y>179</y><time>20-01-21 21:28:43:201</time></pt><pt><x>506</x><y>181</y><time>20-01-21 21:28:43:399</time></pt><pt><x>506</x><y>185</y><time>20-01-21 21:28:43:615</time></pt><pt><x>506</x><y>189</y><time>20-01-21 21:28:43:806</time></pt><pt><x>506</x><y>190</y><time>20-01-21 21:28:44:074</time></pt><pt><x>508</x><y>189</y><time>20-01-21 21:28:44:293</time></pt><pt><x>508</x><y>191</y><time>20-01-21 21:28:44:482</time></pt><pt><x>508</x><y>193</y><time>20-01-21 21:28:44:703</time></pt><pt><x>509</x><y>194</y><time>20-01-21 21:28:44:930</time></pt><pt><x>512</x><y>194</y><time>20-01-21 21:28:45:136</time></pt><pt><x>515</x><y>192</y><time>20-01-21 21:28:45:307</time></pt><pt><x>517</x><y>190</y><time>20-01-21 21:28:45:511</time></pt><pt><x>518</x><y>187</y><time>20-01-21 21:28:45:693</time></pt><pt><x>518</x><y>183</y><time>20-01-21 21:28:45:883</time></pt><pt><x>517</x><y>179</y><time>20-01-21 21:28:46:039</time></pt><pt><x>517</x><y>177</y><time>20-01-21 21:28:46:212</time></pt><pt><x>519</x><y>175</y><time>20-01-21 21:28:46:387</time></pt><pt><x>520</x><y>171</y><time>20-01-21 21:28:46:584</time></pt><pt><x>520</x><y>168</y><time>20-01-21 21:28:46:748</time></pt><pt><x>519</x><y>150</y><time>20-01-21 21:28:47:667</time></pt><pt><x>517</x><y>140</y><time>20-01-21 21:28:47:880</time></pt><pt><x>516</x><y>134</y><time>20-01-21 21:28:48:092</time></pt><pt><x>517</x><y>130</y><time>20-01-21 21:28:48:308</time></pt><pt><x>512</x><y>101</y><time>20-01-21 21:28:49:257</time></pt><pt><x>510</x><y>92</y><time>20-01-21 21:28:49:508</time></pt><pt><x>509</x><y>87</y><time>20-01-21 21:28:49:785</time></pt><pt><x>502</x><y>73</y><time>20-01-21 21:28:50:837</time></pt><pt><x>499</x><y>71</y><time>20-01-21 21:28:51:089</time></pt><pt><x>496</x><y>69</y><time>20-01-21 21:28:51:388</time></pt><pt><x>491</x><y>67</y><time>20-01-21 21:28:51:655</time></pt><pt><x>486</x><y>66</y><time>20-01-21 21:28:51:901</time></pt><pt><x>481</x><y>66</y><time>20-01-21 21:28:52:154</time></pt><pt><x>477</x><y>65</y><time>20-01-21 21:28:52:406</time></pt><pt><x>474</x><y>63</y><time>20-01-21 21:28:52:717</time></pt><pt><x>474</x><y>61</y><time>20-01-21 21:28:52:945</time></pt><pt><x>476</x><y>59</y><time>20-01-21 21:28:53:104</time></pt><pt><x>478</x><y>57</y><time>20-01-21 21:28:53:326</time></pt><pt><x>480</x><y>56</y><time>20-01-21 21:28:53:519</time></pt><pt><x>480</x><y>52</y><time>20-01-21 21:28:53:764</time></pt><pt><x>481</x><y>49</y><time>20-01-21 21:28:53:983</time></pt><pt><x>481</x><y>47</y><time>20-01-21 21:28:54:284</time></pt><pt><x>482</x><y>45</y><time>20-01-21 21:28:54:472</time></pt><pt><x>483</x><y>43</y><time>20-01-21 21:28:54:692</time></pt><pt><x>484</x><y>42</y><time>20-01-21 21:28:54:903</time></pt><pt><x>486</x><y>36</y><time>20-01-21 21:28:55:857</time></pt><pt><x>483</x><y>30</y><time>20-01-21 21:28:56:099</time></pt><pt><x>481</x><y>27</y><time>20-01-21 21:28:56:287</time></pt><pt><x>478</x><y>24</y><time>20-01-21 21:28:56:493</time></pt><pt><x>475</x><y>23</y><time>20-01-21 21:28:56:753</time></pt><pt><x>472</x><y>23</y><time>20-01-21 21:28:57:003</time></pt><pt><x>470</x><y>23</y><time>20-01-21 21:28:57:305</time></pt><pt><x>467</x><y>24</y><time>20-01-21 21:28:57:602</time></pt><closed_date>20-01-21 21:28:57:961</closed_date></polygon></object><object><name>person</name><deleted>0</deleted><verified>0</verified><occluded>no</occluded><attributes></attributes><parts><hasparts></hasparts><ispartof></ispartof></parts><date>20-01-21 21:30:12:845</date><id>1</id><polygon><username>7hao</username><pt><x>272</x><y>92</y><time>20-01-21 21:29:15:202</time></pt><pt><x>268</x><y>92</y><time>20-01-21 21:29:15:595</time></pt><pt><x>264</x><y>93</y><time>20-01-21 21:29:15:917</time></pt><pt><x>260</x><y>95</y><time>20-01-21 21:29:16:138</time></pt><pt><x>259</x><y>97</y><time>20-01-21 21:29:16:350</time></pt><pt><x>258</x><y>100</y><time>20-01-21 21:29:16:555</time></pt><pt><x>258</x><y>104</y><time>20-01-21 21:29:16:908</time></pt><pt><x>257</x><y>106</y><time>20-01-21 21:29:17:144</time></pt><pt><x>256</x><y>107</y><time>20-01-21 21:29:17:310</time></pt><pt><x>257</x><y>110</y><time>20-01-21 21:29:17:568</time></pt><pt><x>257</x><y>112</y><time>20-01-21 21:29:17:767</time></pt><pt><x>257</x><y>115</y><time>20-01-21 21:29:17:971</time></pt><pt><x>258</x><y>119</y><time>20-01-21 21:29:18:332</time></pt><pt><x>259</x><y>121</y><time>20-01-21 21:29:18:568</time></pt><pt><x>258</x><y>124</y><time>20-01-21 21:29:18:787</time></pt><pt><x>257</x><y>125</y><time>20-01-21 21:29:19:009</time></pt><pt><x>256</x><y>126</y><time>20-01-21 21:29:19:195</time></pt><pt><x>253</x><y>127</y><time>20-01-21 21:29:19:417</time></pt><pt><x>251</x><y>127</y><time>20-01-21 21:29:19:607</time></pt><pt><x>248</x><y>129</y><time>20-01-21 21:29:19:802</time></pt><pt><x>246</x><y>131</y><time>20-01-21 21:29:20:005</time></pt><pt><x>244</x><y>136</y><time>20-01-21 21:29:20:666</time></pt><pt><x>244</x><y>138</y><time>20-01-21 21:29:20:949</time></pt><pt><x>244</x><y>140</y><time>20-01-21 21:29:21:147</time></pt><pt><x>242</x><y>147</y><time>20-01-21 21:29:22:304</time></pt><pt><x>242</x><y>153</y><time>20-01-21 21:29:22:577</time></pt><pt><x>240</x><y>159</y><time>20-01-21 21:29:22:910</time></pt><pt><x>239</x><y>163</y><time>20-01-21 21:29:23:167</time></pt><pt><x>238</x><y>167</y><time>20-01-21 21:29:23:475</time></pt><pt><x>236</x><y>170</y><time>20-01-21 21:29:23:719</time></pt><pt><x>232</x><y>179</y><time>20-01-21 21:29:24:889</time></pt><pt><x>231</x><y>182</y><time>20-01-21 21:29:25:133</time></pt><pt><x>230</x><y>184</y><time>20-01-21 21:29:25:317</time></pt><pt><x>230</x><y>187</y><time>20-01-21 21:29:25:522</time></pt><pt><x>229</x><y>189</y><time>20-01-21 21:29:25:670</time></pt><pt><x>227</x><y>194</y><time>20-01-21 21:29:26:047</time></pt><pt><x>225</x><y>196</y><time>20-01-21 21:29:26:229</time></pt><pt><x>226</x><y>199</y><time>20-01-21 21:29:26:433</time></pt><pt><x>228</x><y>203</y><time>20-01-21 21:29:26:659</time></pt><pt><x>230</x><y>205</y><time>20-01-21 21:29:26:889</time></pt><pt><x>232</x><y>204</y><time>20-01-21 21:29:27:148</time></pt><pt><x>231</x><y>203</y><time>20-01-21 21:29:27:368</time></pt><pt><x>233</x><y>202</y><time>20-01-21 21:29:27:566</time></pt><pt><x>235</x><y>202</y><time>20-01-21 21:29:27:730</time></pt><pt><x>236</x><y>199</y><time>20-01-21 21:29:27:917</time></pt><pt><x>234</x><y>198</y><time>20-01-21 21:29:28:137</time></pt><pt><x>232</x><y>198</y><time>20-01-21 21:29:28:312</time></pt><pt><x>233</x><y>196</y><time>20-01-21 21:29:28:454</time></pt><pt><x>234</x><y>194</y><time>20-01-21 21:29:28:619</time></pt><pt><x>235</x><y>193</y><time>20-01-21 21:29:28:720</time></pt><pt><x>235</x><y>191</y><time>20-01-21 21:29:28:870</time></pt><pt><x>238</x><y>188</y><time>20-01-21 21:29:29:035</time></pt><pt><x>239</x><y>185</y><time>20-01-21 21:29:29:218</time></pt><pt><x>241</x><y>183</y><time>20-01-21 21:29:29:365</time></pt><pt><x>243</x><y>181</y><time>20-01-21 21:29:29:515</time></pt><pt><x>244</x><y>180</y><time>20-01-21 21:29:29:735</time></pt><pt><x>243</x><y>183</y><time>20-01-21 21:29:29:939</time></pt><pt><x>242</x><y>185</y><time>20-01-21 21:29:30:112</time></pt><pt><x>241</x><y>187</y><time>20-01-21 21:29:30:270</time></pt><pt><x>240</x><y>190</y><time>20-01-21 21:29:30:436</time></pt><pt><x>240</x><y>193</y><time>20-01-21 21:29:30:594</time></pt><pt><x>239</x><y>195</y><time>20-01-21 21:29:30:735</time></pt><pt><x>238</x><y>198</y><time>20-01-21 21:29:30:883</time></pt><pt><x>238</x><y>199</y><time>20-01-21 21:29:31:009</time></pt><pt><x>240</x><y>202</y><time>20-01-21 21:29:31:150</time></pt><pt><x>240</x><y>208</y><time>20-01-21 21:29:31:686</time></pt><pt><x>238</x><y>211</y><time>20-01-21 21:29:31:890</time></pt><pt><x>238</x><y>212</y><time>20-01-21 21:29:32:094</time></pt><pt><x>236</x><y>218</y><time>20-01-21 21:29:33:266</time></pt><pt><x>237</x><y>223</y><time>20-01-21 21:29:33:471</time></pt><pt><x>238</x><y>225</y><time>20-01-21 21:29:33:629</time></pt><pt><x>239</x><y>230</y><time>20-01-21 21:29:33:818</time></pt><pt><x>238</x><y>233</y><time>20-01-21 21:29:33:982</time></pt><pt><x>238</x><y>237</y><time>20-01-21 21:29:34:148</time></pt><pt><x>237</x><y>239</y><time>20-01-21 21:29:34:321</time></pt><pt><x>235</x><y>241</y><time>20-01-21 21:29:34:446</time></pt><pt><x>231</x><y>248</y><time>20-01-21 21:29:35:751</time></pt><pt><x>229</x><y>251</y><time>20-01-21 21:29:36:035</time></pt><pt><x>228</x><y>256</y><time>20-01-21 21:29:36:412</time></pt><pt><x>226</x><y>260</y><time>20-01-21 21:29:36:680</time></pt><pt><x>226</x><y>265</y><time>20-01-21 21:29:36:892</time></pt><pt><x>226</x><y>268</y><time>20-01-21 21:29:37:066</time></pt><pt><x>224</x><y>270</y><time>20-01-21 21:29:37:273</time></pt><pt><x>223</x><y>273</y><time>20-01-21 21:29:37:497</time></pt><pt><x>220</x><y>276</y><time>20-01-21 21:29:37:687</time></pt><pt><x>218</x><y>277</y><time>20-01-21 21:29:37:907</time></pt><pt><x>213</x><y>277</y><time>20-01-21 21:29:38:063</time></pt><pt><x>212</x><y>277</y><time>20-01-21 21:29:38:213</time></pt><pt><x>209</x><y>281</y><time>20-01-21 21:29:41:124</time></pt><pt><x>209</x><y>283</y><time>20-01-21 21:29:41:408</time></pt><pt><x>210</x><y>285</y><time>20-01-21 21:29:41:636</time></pt><pt><x>212</x><y>287</y><time>20-01-21 21:29:41:864</time></pt><pt><x>215</x><y>288</y><time>20-01-21 21:29:42:124</time></pt><pt><x>219</x><y>288</y><time>20-01-21 21:29:42:320</time></pt><pt><x>223</x><y>289</y><time>20-01-21 21:29:42:534</time></pt><pt><x>231</x><y>289</y><time>20-01-21 21:29:42:714</time></pt><pt><x>237</x><y>289</y><time>20-01-21 21:29:42:926</time></pt><pt><x>241</x><y>289</y><time>20-01-21 21:29:43:138</time></pt><pt><x>243</x><y>287</y><time>20-01-21 21:29:43:358</time></pt><pt><x>242</x><y>285</y><time>20-01-21 21:29:43:550</time></pt><pt><x>241</x><y>283</y><time>20-01-21 21:29:43:681</time></pt><pt><x>243</x><y>280</y><time>20-01-21 21:29:43:814</time></pt><pt><x>245</x><y>279</y><time>20-01-21 21:29:43:971</time></pt><pt><x>245</x><y>277</y><time>20-01-21 21:29:44:138</time></pt><pt><x>246</x><y>271</y><time>20-01-21 21:29:47:333</time></pt><pt><x>246</x><y>266</y><time>20-01-21 21:29:47:606</time></pt><pt><x>248</x><y>261</y><time>20-01-21 21:29:47:890</time></pt><pt><x>253</x><y>246</y><time>20-01-21 21:29:48:960</time></pt><pt><x>255</x><y>243</y><time>20-01-21 21:29:49:243</time></pt><pt><x>256</x><y>238</y><time>20-01-21 21:29:49:485</time></pt><pt><x>257</x><y>233</y><time>20-01-21 21:29:49:763</time></pt><pt><x>258</x><y>230</y><time>20-01-21 21:29:50:036</time></pt><pt><x>258</x><y>227</y><time>20-01-21 21:29:50:336</time></pt><pt><x>259</x><y>226</y><time>20-01-21 21:29:50:556</time></pt><pt><x>259</x><y>226</y><time>20-01-21 21:29:51:059</time></pt><pt><x>260</x><y>228</y><time>20-01-21 21:29:51:319</time></pt><pt><x>260</x><y>229</y><time>20-01-21 21:29:51:539</time></pt><pt><x>261</x><y>232</y><time>20-01-21 21:29:51:773</time></pt><pt><x>262</x><y>235</y><time>20-01-21 21:29:51:971</time></pt><pt><x>263</x><y>237</y><time>20-01-21 21:29:52:167</time></pt><pt><x>264</x><y>240</y><time>20-01-21 21:29:52:355</time></pt><pt><x>267</x><y>246</y><time>20-01-21 21:29:52:609</time></pt><pt><x>267</x><y>251</y><time>20-01-21 21:29:52:845</time></pt><pt><x>267</x><y>254</y><time>20-01-21 21:29:53:034</time></pt><pt><x>268</x><y>257</y><time>20-01-21 21:29:53:248</time></pt><pt><x>268</x><y>268</y><time>20-01-21 21:29:54:292</time></pt><pt><x>268</x><y>272</y><time>20-01-21 21:29:54:606</time></pt><pt><x>269</x><y>276</y><time>20-01-21 21:29:54:833</time></pt><pt><x>269</x><y>280</y><time>20-01-21 21:29:55:045</time></pt><pt><x>269</x><y>283</y><time>20-01-21 21:29:55:257</time></pt><pt><x>271</x><y>287</y><time>20-01-21 21:29:55:480</time></pt><pt><x>273</x><y>288</y><time>20-01-21 21:29:55:730</time></pt><pt><x>276</x><y>289</y><time>20-01-21 21:29:55:944</time></pt><pt><x>279</x><y>289</y><time>20-01-21 21:29:56:140</time></pt><pt><x>281</x><y>288</y><time>20-01-21 21:29:56:360</time></pt><pt><x>283</x><y>287</y><time>20-01-21 21:29:56:556</time></pt><pt><x>283</x><y>284</y><time>20-01-21 21:29:56:723</time></pt><pt><x>282</x><y>281</y><time>20-01-21 21:29:56:910</time></pt><pt><x>283</x><y>278</y><time>20-01-21 21:29:57:043</time></pt><pt><x>284</x><y>277</y><time>20-01-21 21:29:57:168</time></pt><pt><x>284</x><y>275</y><time>20-01-21 21:29:57:303</time></pt><pt><x>283</x><y>273</y><time>20-01-21 21:29:57:539</time></pt><pt><x>282</x><y>272</y><time>20-01-21 21:29:57:743</time></pt><pt><x>282</x><y>268</y><time>20-01-21 21:29:58:052</time></pt><pt><x>282</x><y>265</y><time>20-01-21 21:29:58:285</time></pt><pt><x>283</x><y>262</y><time>20-01-21 21:29:58:436</time></pt><pt><x>281</x><y>230</y><time>20-01-21 21:29:59:323</time></pt><pt><x>282</x><y>224</y><time>20-01-21 21:29:59:554</time></pt><pt><x>282</x><y>220</y><time>20-01-21 21:29:59:757</time></pt><pt><x>282</x><y>218</y><time>20-01-21 21:29:59:900</time></pt><pt><x>282</x><y>211</y><time>20-01-21 21:30:00:803</time></pt><pt><x>283</x><y>207</y><time>20-01-21 21:30:01:007</time></pt><pt><x>283</x><y>204</y><time>20-01-21 21:30:01:188</time></pt><pt><x>282</x><y>201</y><time>20-01-21 21:30:01:362</time></pt><pt><x>282</x><y>198</y><time>20-01-21 21:30:01:541</time></pt><pt><x>284</x><y>196</y><time>20-01-21 21:30:01:756</time></pt><pt><x>285</x><y>194</y><time>20-01-21 21:30:01:959</time></pt><pt><x>286</x><y>192</y><time>20-01-21 21:30:02:142</time></pt><pt><x>289</x><y>187</y><time>20-01-21 21:30:03:273</time></pt><pt><x>292</x><y>184</y><time>20-01-21 21:30:03:456</time></pt><pt><x>293</x><y>177</y><time>20-01-21 21:30:03:673</time></pt><pt><x>294</x><y>174</y><time>20-01-21 21:30:03:856</time></pt><pt><x>294</x><y>169</y><time>20-01-21 21:30:04:059</time></pt><pt><x>292</x><y>142</y><time>20-01-21 21:30:05:185</time></pt><pt><x>290</x><y>137</y><time>20-01-21 21:30:05:462</time></pt><pt><x>288</x><y>133</y><time>20-01-21 21:30:05:656</time></pt><pt><x>288</x><y>129</y><time>20-01-21 21:30:05:829</time></pt><pt><x>288</x><y>126</y><time>20-01-21 21:30:05:985</time></pt><pt><x>287</x><y>124</y><time>20-01-21 21:30:06:103</time></pt><pt><x>283</x><y>121</y><time>20-01-21 21:30:06:340</time></pt><pt><x>280</x><y>120</y><time>20-01-21 21:30:06:616</time></pt><pt><x>277</x><y>120</y><time>20-01-21 21:30:06:773</time></pt><pt><x>275</x><y>119</y><time>20-01-21 21:30:07:001</time></pt><pt><x>276</x><y>118</y><time>20-01-21 21:30:07:206</time></pt><pt><x>279</x><y>116</y><time>20-01-21 21:30:07:427</time></pt><pt><x>280</x><y>113</y><time>20-01-21 21:30:07:603</time></pt><pt><x>280</x><y>111</y><time>20-01-21 21:30:07:763</time></pt><pt><x>280</x><y>108</y><time>20-01-21 21:30:08:385</time></pt><pt><x>279</x><y>106</y><time>20-01-21 21:30:08:541</time></pt><pt><x>280</x><y>104</y><time>20-01-21 21:30:08:707</time></pt><pt><x>279</x><y>100</y><time>20-01-21 21:30:09:249</time></pt><pt><x>278</x><y>96</y><time>20-01-21 21:30:09:486</time></pt><pt><x>276</x><y>95</y><time>20-01-21 21:30:09:730</time></pt><pt><x>273</x><y>92</y><time>20-01-21 21:30:09:989</time></pt><closed_date>20-01-21 21:30:10:437</closed_date></polygon></object><object><name>person</name><deleted>0</deleted><verified>0</verified><occluded>no</occluded><attributes></attributes><parts><hasparts></hasparts><ispartof></ispartof></parts><date>20-01-21 21:31:06:764</date><id>2</id><polygon><username>7hao</username><pt><x>406</x><y>185</y><time>20-01-21 21:30:16:778</time></pt><pt><x>406</x><y>186</y><time>20-01-21 21:30:17:077</time></pt><pt><x>405</x><y>188</y><time>20-01-21 21:30:17:281</time></pt><pt><x>406</x><y>190</y><time>20-01-21 21:30:17:446</time></pt><pt><x>406</x><y>192</y><time>20-01-21 21:30:17:654</time></pt><pt><x>406</x><y>195</y><time>20-01-21 21:30:17:825</time></pt><pt><x>406</x><y>196</y><time>20-01-21 21:30:18:015</time></pt><pt><x>407</x><y>199</y><time>20-01-21 21:30:18:179</time></pt><pt><x>408</x><y>203</y><time>20-01-21 21:30:18:369</time></pt><pt><x>408</x><y>208</y><time>20-01-21 21:30:18:579</time></pt><pt><x>408</x><y>212</y><time>20-01-21 21:30:18:800</time></pt><pt><x>406</x><y>217</y><time>20-01-21 21:30:19:137</time></pt><pt><x>407</x><y>220</y><time>20-01-21 21:30:19:413</time></pt><pt><x>407</x><y>223</y><time>20-01-21 21:30:19:655</time></pt><pt><x>406</x><y>225</y><time>20-01-21 21:30:19:845</time></pt><pt><x>403</x><y>229</y><time>20-01-21 21:30:21:143</time></pt><pt><x>401</x><y>230</y><time>20-01-21 21:30:21:404</time></pt><pt><x>399</x><y>231</y><time>20-01-21 21:30:21:599</time></pt><pt><x>396</x><y>235</y><time>20-01-21 21:30:21:803</time></pt><pt><x>394</x><y>237</y><time>20-01-21 21:30:22:032</time></pt><pt><x>392</x><y>240</y><time>20-01-21 21:30:22:245</time></pt><pt><x>389</x><y>244</y><time>20-01-21 21:30:22:464</time></pt><pt><x>387</x><y>247</y><time>20-01-21 21:30:22:718</time></pt><pt><x>385</x><y>249</y><time>20-01-21 21:30:22:961</time></pt><pt><x>380</x><y>252</y><time>20-01-21 21:30:23:211</time></pt><pt><x>378</x><y>253</y><time>20-01-21 21:30:23:454</time></pt><pt><x>375</x><y>254</y><time>20-01-21 21:30:23:669</time></pt><pt><x>373</x><y>257</y><time>20-01-21 21:30:23:912</time></pt><pt><x>374</x><y>260</y><time>20-01-21 21:30:24:259</time></pt><pt><x>375</x><y>263</y><time>20-01-21 21:30:24:650</time></pt><pt><x>378</x><y>270</y><time>20-01-21 21:30:25:711</time></pt><pt><x>380</x><y>273</y><time>20-01-21 21:30:25:955</time></pt><pt><x>384</x><y>274</y><time>20-01-21 21:30:26:191</time></pt><pt><x>387</x><y>276</y><time>20-01-21 21:30:26:435</time></pt><pt><x>390</x><y>276</y><time>20-01-21 21:30:26:710</time></pt><pt><x>391</x><y>274</y><time>20-01-21 21:30:26:931</time></pt><pt><x>390</x><y>272</y><time>20-01-21 21:30:27:111</time></pt><pt><x>389</x><y>269</y><time>20-01-21 21:30:27:317</time></pt><pt><x>389</x><y>266</y><time>20-01-21 21:30:27:521</time></pt><pt><x>390</x><y>262</y><time>20-01-21 21:30:27:719</time></pt><pt><x>391</x><y>260</y><time>20-01-21 21:30:27:900</time></pt><pt><x>390</x><y>258</y><time>20-01-21 21:30:28:078</time></pt><pt><x>390</x><y>257</y><time>20-01-21 21:30:28:293</time></pt><pt><x>392</x><y>253</y><time>20-01-21 21:30:28:519</time></pt><pt><x>396</x><y>251</y><time>20-01-21 21:30:28:730</time></pt><pt><x>401</x><y>245</y><time>20-01-21 21:30:30:980</time></pt><pt><x>404</x><y>242</y><time>20-01-21 21:30:31:304</time></pt><pt><x>409</x><y>238</y><time>20-01-21 21:30:31:572</time></pt><pt><x>413</x><y>235</y><time>20-01-21 21:30:31:831</time></pt><pt><x>417</x><y>231</y><time>20-01-21 21:30:32:080</time></pt><pt><x>419</x><y>228</y><time>20-01-21 21:30:32:309</time></pt><pt><x>419</x><y>225</y><time>20-01-21 21:30:32:540</time></pt><pt><x>419</x><y>222</y><time>20-01-21 21:30:33:844</time></pt><pt><x>420</x><y>220</y><time>20-01-21 21:30:34:387</time></pt><pt><x>421</x><y>220</y><time>20-01-21 21:30:34:828</time></pt><pt><x>421</x><y>218</y><time>20-01-21 21:30:35:377</time></pt><pt><x>421</x><y>214</y><time>20-01-21 21:30:36:165</time></pt><pt><x>421</x><y>211</y><time>20-01-21 21:30:36:739</time></pt><pt><x>421</x><y>208</y><time>20-01-21 21:30:37:243</time></pt><pt><x>421</x><y>206</y><time>20-01-21 21:30:37:785</time></pt><pt><x>422</x><y>203</y><time>20-01-21 21:30:38:502</time></pt><pt><x>423</x><y>200</y><time>20-01-21 21:30:39:028</time></pt><pt><x>423</x><y>197</y><time>20-01-21 21:30:39:585</time></pt><pt><x>423</x><y>194</y><time>20-01-21 21:30:40:302</time></pt><pt><x>423</x><y>192</y><time>20-01-21 21:30:40:805</time></pt><pt><x>424</x><y>189</y><time>20-01-21 21:30:42:213</time></pt><pt><x>426</x><y>186</y><time>20-01-21 21:30:42:685</time></pt><pt><x>426</x><y>184</y><time>20-01-21 21:30:43:141</time></pt><pt><x>427</x><y>181</y><time>20-01-21 21:30:43:589</time></pt><pt><x>426</x><y>177</y><time>20-01-21 21:30:44:078</time></pt><pt><x>425</x><y>174</y><time>20-01-21 21:30:44:697</time></pt><pt><x>423</x><y>170</y><time>20-01-21 21:30:46:026</time></pt><pt><x>421</x><y>163</y><time>20-01-21 21:30:46:556</time></pt><pt><x>419</x><y>160</y><time>20-01-21 21:30:47:089</time></pt><pt><x>419</x><y>156</y><time>20-01-21 21:30:47:593</time></pt><pt><x>418</x><y>153</y><time>20-01-21 21:30:48:183</time></pt><pt><x>418</x><y>149</y><time>20-01-21 21:30:49:096</time></pt><pt><x>418</x><y>145</y><time>20-01-21 21:30:49:584</time></pt><pt><x>418</x><y>139</y><time>20-01-21 21:30:50:919</time></pt><pt><x>418</x><y>135</y><time>20-01-21 21:30:51:464</time></pt><pt><x>418</x><y>132</y><time>20-01-21 21:30:51:983</time></pt><pt><x>418</x><y>130</y><time>20-01-21 21:30:52:527</time></pt><pt><x>413</x><y>130</y><time>20-01-21 21:30:53:956</time></pt><pt><x>410</x><y>130</y><time>20-01-21 21:30:54:507</time></pt><pt><x>408</x><y>131</y><time>20-01-21 21:30:54:830</time></pt><pt><x>408</x><y>133</y><time>20-01-21 21:30:55:105</time></pt><pt><x>407</x><y>136</y><time>20-01-21 21:30:55:286</time></pt><pt><x>407</x><y>138</y><time>20-01-21 21:30:55:474</time></pt><pt><x>406</x><y>141</y><time>20-01-21 21:30:55:680</time></pt><pt><x>406</x><y>142</y><time>20-01-21 21:30:55:836</time></pt><pt><x>405</x><y>144</y><time>20-01-21 21:30:55:993</time></pt><pt><x>405</x><y>146</y><time>20-01-21 21:30:56:158</time></pt><pt><x>404</x><y>147</y><time>20-01-21 21:30:56:270</time></pt><pt><x>404</x><y>147</y><time>20-01-21 21:30:56:411</time></pt><pt><x>404</x><y>158</y><time>20-01-21 21:30:57:780</time></pt><pt><x>403</x><y>162</y><time>20-01-21 21:30:58:024</time></pt><pt><x>403</x><y>168</y><time>20-01-21 21:30:58:380</time></pt><pt><x>403</x><y>173</y><time>20-01-21 21:30:58:669</time></pt><pt><x>404</x><y>178</y><time>20-01-21 21:30:58:960</time></pt><pt><x>404</x><y>181</y><time>20-01-21 21:30:59:258</time></pt><pt><x>405</x><y>184</y><time>20-01-21 21:30:59:619</time></pt><closed_date>20-01-21 21:31:00:011</closed_date></polygon></object><object><name>person</name><deleted>0</deleted><verified>0</verified><occluded>no</occluded><attributes></attributes><parts><hasparts></hasparts><ispartof></ispartof></parts><date>20-01-21 21:31:18:400</date><id>3</id><polygon><username>7hao</username><pt><x>443</x><y>276</y><time>20-01-21 21:31:09:331</time></pt><pt><x>448</x><y>276</y><time>20-01-21 21:31:10:106</time></pt><pt><x>450</x><y>275</y><time>20-01-21 21:31:10:411</time></pt><pt><x>450</x><y>274</y><time>20-01-21 21:31:10:690</time></pt><pt><x>450</x><y>272</y><time>20-01-21 21:31:10:899</time></pt><pt><x>447</x><y>272</y><time>20-01-21 21:31:11:152</time></pt><pt><x>445</x><y>272</y><time>20-01-21 21:31:11:379</time></pt><pt><x>444</x><y>271</y><time>20-01-21 21:31:11:664</time></pt><pt><x>443</x><y>270</y><time>20-01-21 21:31:11:995</time></pt><pt><x>442</x><y>271</y><time>20-01-21 21:31:12:553</time></pt><pt><x>442</x><y>272</y><time>20-01-21 21:31:13:117</time></pt><pt><x>442</x><y>274</y><time>20-01-21 21:31:13:793</time></pt><pt><x>442</x><y>275</y><time>20-01-21 21:31:14:282</time></pt><pt><x>442</x><y>276</y><time>20-01-21 21:31:14:733</time></pt><closed_date>20-01-21 21:31:15:107</closed_date></polygon></object></annotation>