<annotation><filename>frame0018.jpg</filename><folder>users/lab605//7hao/human_20210119_4</folder><source><submittedBy>lab605</submittedBy></source><imagesize><nrows>480</nrows><ncols>640</ncols></imagesize><object><name>person</name><deleted>0</deleted><verified>0</verified><occluded>no</occluded><attributes></attributes><parts><hasparts></hasparts><ispartof></ispartof></parts><date>21-01-21 16:17:34:612</date><id>0</id><polygon><username>7hao</username><pt><x>475</x><y>54</y><time>21-01-21 16:15:50:271</time></pt><pt><x>470</x><y>54</y><time>21-01-21 16:15:50:643</time></pt><pt><x>467</x><y>56</y><time>21-01-21 16:15:50:933</time></pt><pt><x>464</x><y>60</y><time>21-01-21 16:15:51:461</time></pt><pt><x>462</x><y>63</y><time>21-01-21 16:15:51:853</time></pt><pt><x>462</x><y>68</y><time>21-01-21 16:15:52:207</time></pt><pt><x>463</x><y>71</y><time>21-01-21 16:15:52:516</time></pt><pt><x>463</x><y>73</y><time>21-01-21 16:15:52:882</time></pt><pt><x>463</x><y>76</y><time>21-01-21 16:15:53:135</time></pt><pt><x>465</x><y>81</y><time>21-01-21 16:15:53:465</time></pt><pt><x>467</x><y>82</y><time>21-01-21 16:15:53:842</time></pt><pt><x>469</x><y>85</y><time>21-01-21 16:15:54:636</time></pt><pt><x>468</x><y>86</y><time>21-01-21 16:15:54:928</time></pt><pt><x>467</x><y>88</y><time>21-01-21 16:15:55:320</time></pt><pt><x>451</x><y>96</y><time>21-01-21 16:15:58:160</time></pt><pt><x>445</x><y>99</y><time>21-01-21 16:15:58:499</time></pt><pt><x>444</x><y>102</y><time>21-01-21 16:15:58:718</time></pt><pt><x>443</x><y>108</y><time>21-01-21 16:15:59:207</time></pt><pt><x>441</x><y>114</y><time>21-01-21 16:15:59:810</time></pt><pt><x>439</x><y>129</y><time>21-01-21 16:16:01:006</time></pt><pt><x>438</x><y>136</y><time>21-01-21 16:16:01:336</time></pt><pt><x>439</x><y>142</y><time>21-01-21 16:16:01:628</time></pt><pt><x>439</x><y>150</y><time>21-01-21 16:16:02:015</time></pt><pt><x>440</x><y>156</y><time>21-01-21 16:16:02:455</time></pt><pt><x>442</x><y>159</y><time>21-01-21 16:16:03:028</time></pt><pt><x>443</x><y>161</y><time>21-01-21 16:16:03:381</time></pt><pt><x>444</x><y>167</y><time>21-01-21 16:16:04:828</time></pt><pt><x>448</x><y>173</y><time>21-01-21 16:16:07:284</time></pt><pt><x>450</x><y>180</y><time>21-01-21 16:16:07:777</time></pt><pt><x>451</x><y>186</y><time>21-01-21 16:16:08:139</time></pt><pt><x>451</x><y>196</y><time>21-01-21 16:16:08:558</time></pt><pt><x>452</x><y>201</y><time>21-01-21 16:16:08:940</time></pt><pt><x>454</x><y>206</y><time>21-01-21 16:16:09:279</time></pt><pt><x>453</x><y>209</y><time>21-01-21 16:16:09:649</time></pt><pt><x>453</x><y>223</y><time>21-01-21 16:16:11:175</time></pt><pt><x>453</x><y>228</y><time>21-01-21 16:16:11:505</time></pt><pt><x>454</x><y>231</y><time>21-01-21 16:16:11:717</time></pt><pt><x>454</x><y>235</y><time>21-01-21 16:16:12:081</time></pt><pt><x>453</x><y>250</y><time>21-01-21 16:16:13:841</time></pt><pt><x>452</x><y>259</y><time>21-01-21 16:16:14:416</time></pt><pt><x>452</x><y>270</y><time>21-01-21 16:16:15:726</time></pt><pt><x>452</x><y>277</y><time>21-01-21 16:16:16:104</time></pt><pt><x>453</x><y>281</y><time>21-01-21 16:16:16:506</time></pt><pt><x>453</x><y>285</y><time>21-01-21 16:16:16:813</time></pt><pt><x>453</x><y>290</y><time>21-01-21 16:16:17:521</time></pt><pt><x>451</x><y>294</y><time>21-01-21 16:16:17:905</time></pt><pt><x>451</x><y>300</y><time>21-01-21 16:16:28:367</time></pt><pt><x>450</x><y>303</y><time>21-01-21 16:16:28:814</time></pt><pt><x>450</x><y>305</y><time>21-01-21 16:16:29:106</time></pt><pt><x>453</x><y>306</y><time>21-01-21 16:16:29:483</time></pt><pt><x>458</x><y>306</y><time>21-01-21 16:16:29:829</time></pt><pt><x>462</x><y>306</y><time>21-01-21 16:16:30:121</time></pt><pt><x>465</x><y>305</y><time>21-01-21 16:16:30:528</time></pt><pt><x>466</x><y>304</y><time>21-01-21 16:16:30:836</time></pt><pt><x>468</x><y>304</y><time>21-01-21 16:16:31:284</time></pt><pt><x>470</x><y>304</y><time>21-01-21 16:16:34:508</time></pt><pt><x>471</x><y>302</y><time>21-01-21 16:16:34:956</time></pt><pt><x>470</x><y>300</y><time>21-01-21 16:16:35:286</time></pt><pt><x>469</x><y>298</y><time>21-01-21 16:16:35:602</time></pt><pt><x>467</x><y>296</y><time>21-01-21 16:16:36:568</time></pt><pt><x>466</x><y>291</y><time>21-01-21 16:16:37:300</time></pt><pt><x>466</x><y>290</y><time>21-01-21 16:16:37:472</time></pt><pt><x>465</x><y>289</y><time>21-01-21 16:16:37:654</time></pt><pt><x>466</x><y>289</y><time>21-01-21 16:16:37:907</time></pt><pt><x>468</x><y>287</y><time>21-01-21 16:16:38:181</time></pt><pt><x>468</x><y>285</y><time>21-01-21 16:16:38:480</time></pt><pt><x>467</x><y>284</y><time>21-01-21 16:16:38:724</time></pt><pt><x>467</x><y>281</y><time>21-01-21 16:16:38:937</time></pt><pt><x>467</x><y>280</y><time>21-01-21 16:16:39:164</time></pt><pt><x>471</x><y>256</y><time>21-01-21 16:16:40:304</time></pt><pt><x>471</x><y>247</y><time>21-01-21 16:16:40:846</time></pt><pt><x>475</x><y>231</y><time>21-01-21 16:16:41:994</time></pt><pt><x>476</x><y>225</y><time>21-01-21 16:16:42:442</time></pt><pt><x>478</x><y>205</y><time>21-01-21 16:16:43:576</time></pt><pt><x>479</x><y>204</y><time>21-01-21 16:16:43:960</time></pt><pt><x>480</x><y>212</y><time>21-01-21 16:16:44:542</time></pt><pt><x>482</x><y>222</y><time>21-01-21 16:16:45:149</time></pt><pt><x>483</x><y>230</y><time>21-01-21 16:16:45:714</time></pt><pt><x>491</x><y>261</y><time>21-01-21 16:16:47:075</time></pt><pt><x>493</x><y>268</y><time>21-01-21 16:16:47:571</time></pt><pt><x>496</x><y>275</y><time>21-01-21 16:16:51:022</time></pt><pt><x>496</x><y>278</y><time>21-01-21 16:16:51:479</time></pt><pt><x>497</x><y>281</y><time>21-01-21 16:16:51:809</time></pt><pt><x>498</x><y>284</y><time>21-01-21 16:16:52:068</time></pt><pt><x>498</x><y>289</y><time>21-01-21 16:16:52:351</time></pt><pt><x>497</x><y>293</y><time>21-01-21 16:16:52:675</time></pt><pt><x>497</x><y>298</y><time>21-01-21 16:16:53:343</time></pt><pt><x>498</x><y>300</y><time>21-01-21 16:16:53:696</time></pt><pt><x>502</x><y>301</y><time>21-01-21 16:16:54:034</time></pt><pt><x>506</x><y>302</y><time>21-01-21 16:16:54:318</time></pt><pt><x>510</x><y>301</y><time>21-01-21 16:16:54:609</time></pt><pt><x>513</x><y>300</y><time>21-01-21 16:16:55:025</time></pt><pt><x>513</x><y>297</y><time>21-01-21 16:16:55:322</time></pt><pt><x>513</x><y>294</y><time>21-01-21 16:16:55:615</time></pt><pt><x>513</x><y>290</y><time>21-01-21 16:16:55:930</time></pt><pt><x>511</x><y>287</y><time>21-01-21 16:16:56:251</time></pt><pt><x>510</x><y>285</y><time>21-01-21 16:16:56:478</time></pt><pt><x>509</x><y>282</y><time>21-01-21 16:16:56:699</time></pt><pt><x>510</x><y>279</y><time>21-01-21 16:16:57:101</time></pt><pt><x>511</x><y>276</y><time>21-01-21 16:16:57:320</time></pt><pt><x>510</x><y>272</y><time>21-01-21 16:16:57:524</time></pt><pt><x>510</x><y>269</y><time>21-01-21 16:16:57:698</time></pt><pt><x>509</x><y>247</y><time>21-01-21 16:16:59:238</time></pt><pt><x>508</x><y>242</y><time>21-01-21 16:16:59:680</time></pt><pt><x>505</x><y>235</y><time>21-01-21 16:17:00:011</time></pt><pt><x>505</x><y>232</y><time>21-01-21 16:17:00:380</time></pt><pt><x>504</x><y>228</y><time>21-01-21 16:17:05:120</time></pt><pt><x>505</x><y>223</y><time>21-01-21 16:17:05:522</time></pt><pt><x>506</x><y>214</y><time>21-01-21 16:17:05:931</time></pt><pt><x>508</x><y>206</y><time>21-01-21 16:17:06:458</time></pt><pt><x>508</x><y>193</y><time>21-01-21 16:17:07:653</time></pt><pt><x>506</x><y>185</y><time>21-01-21 16:17:08:125</time></pt><pt><x>505</x><y>178</y><time>21-01-21 16:17:09:170</time></pt><pt><x>504</x><y>168</y><time>21-01-21 16:17:09:744</time></pt><pt><x>504</x><y>157</y><time>21-01-21 16:17:10:657</time></pt><pt><x>503</x><y>151</y><time>21-01-21 16:17:11:027</time></pt><pt><x>503</x><y>148</y><time>21-01-21 16:17:11:332</time></pt><pt><x>504</x><y>147</y><time>21-01-21 16:17:11:726</time></pt><pt><x>505</x><y>152</y><time>21-01-21 16:17:12:143</time></pt><pt><x>509</x><y>169</y><time>21-01-21 16:17:12:906</time></pt><pt><x>510</x><y>173</y><time>21-01-21 16:17:13:263</time></pt><pt><x>511</x><y>177</y><time>21-01-21 16:17:13:527</time></pt><pt><x>511</x><y>182</y><time>21-01-21 16:17:13:888</time></pt><pt><x>510</x><y>184</y><time>21-01-21 16:17:14:133</time></pt><pt><x>509</x><y>186</y><time>21-01-21 16:17:14:532</time></pt><pt><x>510</x><y>191</y><time>21-01-21 16:17:15:933</time></pt><pt><x>510</x><y>193</y><time>21-01-21 16:17:16:263</time></pt><pt><x>509</x><y>195</y><time>21-01-21 16:17:16:531</time></pt><pt><x>510</x><y>197</y><time>21-01-21 16:17:16:853</time></pt><pt><x>512</x><y>198</y><time>21-01-21 16:17:17:153</time></pt><pt><x>516</x><y>196</y><time>21-01-21 16:17:17:491</time></pt><pt><x>518</x><y>192</y><time>21-01-21 16:17:17:773</time></pt><pt><x>519</x><y>187</y><time>21-01-21 16:17:18:086</time></pt><pt><x>518</x><y>184</y><time>21-01-21 16:17:18:307</time></pt><pt><x>520</x><y>179</y><time>21-01-21 16:17:18:741</time></pt><pt><x>522</x><y>162</y><time>21-01-21 16:17:19:888</time></pt><pt><x>521</x><y>149</y><time>21-01-21 16:17:20:462</time></pt><pt><x>517</x><y>117</y><time>21-01-21 16:17:21:500</time></pt><pt><x>513</x><y>101</y><time>21-01-21 16:17:22:042</time></pt><pt><x>507</x><y>93</y><time>21-01-21 16:17:22:624</time></pt><pt><x>499</x><y>90</y><time>21-01-21 16:17:23:826</time></pt><pt><x>488</x><y>88</y><time>21-01-21 16:17:24:368</time></pt><pt><x>486</x><y>86</y><time>21-01-21 16:17:26:736</time></pt><pt><x>487</x><y>83</y><time>21-01-21 16:17:27:074</time></pt><pt><x>489</x><y>81</y><time>21-01-21 16:17:27:372</time></pt><pt><x>492</x><y>78</y><time>21-01-21 16:17:27:852</time></pt><pt><x>493</x><y>73</y><time>21-01-21 16:17:28:890</time></pt><pt><x>494</x><y>69</y><time>21-01-21 16:17:29:151</time></pt><pt><x>494</x><y>66</y><time>21-01-21 16:17:29:387</time></pt><pt><x>495</x><y>63</y><time>21-01-21 16:17:29:676</time></pt><pt><x>492</x><y>57</y><time>21-01-21 16:17:30:101</time></pt><pt><x>488</x><y>52</y><time>21-01-21 16:17:30:510</time></pt><pt><x>481</x><y>51</y><time>21-01-21 16:17:30:990</time></pt><pt><x>477</x><y>52</y><time>21-01-21 16:17:31:376</time></pt><closed_date>21-01-21 16:17:31:912</closed_date></polygon></object><object><name>person</name><deleted>0</deleted><verified>0</verified><occluded>no</occluded><attributes></attributes><parts><hasparts></hasparts><ispartof></ispartof></parts><date>21-01-21 16:19:41:423</date><id>1</id><polygon><username>7hao</username><pt><x>248</x><y>70</y><time>21-01-21 16:17:48:556</time></pt><pt><x>244</x><y>69</y><time>21-01-21 16:17:49:038</time></pt><pt><x>239</x><y>69</y><time>21-01-21 16:17:49:448</time></pt><pt><x>234</x><y>71</y><time>21-01-21 16:17:49:811</time></pt><pt><x>231</x><y>73</y><time>21-01-21 16:17:50:100</time></pt><pt><x>230</x><y>78</y><time>21-01-21 16:17:50:478</time></pt><pt><x>229</x><y>82</y><time>21-01-21 16:17:50:792</time></pt><pt><x>230</x><y>85</y><time>21-01-21 16:17:51:123</time></pt><pt><x>230</x><y>87</y><time>21-01-21 16:17:51:415</time></pt><pt><x>229</x><y>90</y><time>21-01-21 16:17:51:635</time></pt><pt><x>231</x><y>92</y><time>21-01-21 16:17:51:933</time></pt><pt><x>231</x><y>95</y><time>21-01-21 16:17:52:184</time></pt><pt><x>230</x><y>98</y><time>21-01-21 16:17:52:956</time></pt><pt><x>225</x><y>101</y><time>21-01-21 16:17:53:836</time></pt><pt><x>222</x><y>102</y><time>21-01-21 16:17:54:159</time></pt><pt><x>221</x><y>105</y><time>21-01-21 16:17:54:489</time></pt><pt><x>215</x><y>106</y><time>21-01-21 16:17:54:914</time></pt><pt><x>212</x><y>107</y><time>21-01-21 16:17:55:913</time></pt><pt><x>208</x><y>109</y><time>21-01-21 16:18:00:222</time></pt><pt><x>203</x><y>122</y><time>21-01-21 16:18:01:142</time></pt><pt><x>199</x><y>132</y><time>21-01-21 16:18:01:944</time></pt><pt><x>195</x><y>142</y><time>21-01-21 16:18:02:668</time></pt><pt><x>188</x><y>160</y><time>21-01-21 16:18:04:374</time></pt><pt><x>184</x><y>168</y><time>21-01-21 16:18:05:091</time></pt><pt><x>183</x><y>172</y><time>21-01-21 16:18:05:498</time></pt><pt><x>183</x><y>175</y><time>21-01-21 16:18:05:837</time></pt><pt><x>182</x><y>179</y><time>21-01-21 16:18:08:762</time></pt><pt><x>181</x><y>182</y><time>21-01-21 16:18:09:149</time></pt><pt><x>180</x><y>184</y><time>21-01-21 16:18:09:417</time></pt><pt><x>179</x><y>187</y><time>21-01-21 16:18:09:683</time></pt><pt><x>180</x><y>191</y><time>21-01-21 16:18:09:991</time></pt><pt><x>183</x><y>195</y><time>21-01-21 16:18:10:296</time></pt><pt><x>185</x><y>197</y><time>21-01-21 16:18:10:578</time></pt><pt><x>187</x><y>195</y><time>21-01-21 16:18:10:940</time></pt><pt><x>188</x><y>194</y><time>21-01-21 16:18:11:192</time></pt><pt><x>189</x><y>191</y><time>21-01-21 16:18:11:452</time></pt><pt><x>190</x><y>187</y><time>21-01-21 16:18:11:814</time></pt><pt><x>191</x><y>183</y><time>21-01-21 16:18:12:168</time></pt><pt><x>191</x><y>179</y><time>21-01-21 16:18:12:451</time></pt><pt><x>193</x><y>177</y><time>21-01-21 16:18:12:686</time></pt><pt><x>196</x><y>172</y><time>21-01-21 16:18:13:346</time></pt><pt><x>208</x><y>151</y><time>21-01-21 16:18:15:031</time></pt><pt><x>209</x><y>153</y><time>21-01-21 16:18:17:768</time></pt><pt><x>208</x><y>155</y><time>21-01-21 16:18:18:128</time></pt><pt><x>207</x><y>158</y><time>21-01-21 16:18:18:421</time></pt><pt><x>206</x><y>160</y><time>21-01-21 16:18:18:664</time></pt><pt><x>206</x><y>163</y><time>21-01-21 16:18:18:909</time></pt><pt><x>205</x><y>167</y><time>21-01-21 16:18:19:190</time></pt><pt><x>206</x><y>171</y><time>21-01-21 16:18:19:569</time></pt><pt><x>206</x><y>174</y><time>21-01-21 16:18:19:828</time></pt><pt><x>206</x><y>176</y><time>21-01-21 16:18:20:057</time></pt><pt><x>205</x><y>178</y><time>21-01-21 16:18:20:269</time></pt><pt><x>205</x><y>180</y><time>21-01-21 16:18:20:505</time></pt><pt><x>205</x><y>181</y><time>21-01-21 16:18:20:758</time></pt><pt><x>205</x><y>183</y><time>21-01-21 16:18:20:922</time></pt><pt><x>205</x><y>185</y><time>21-01-21 16:18:21:133</time></pt><pt><x>204</x><y>188</y><time>21-01-21 16:18:21:369</time></pt><pt><x>204</x><y>190</y><time>21-01-21 16:18:21:567</time></pt><pt><x>205</x><y>192</y><time>21-01-21 16:18:21:779</time></pt><pt><x>206</x><y>193</y><time>21-01-21 16:18:21:998</time></pt><pt><x>206</x><y>196</y><time>21-01-21 16:18:22:219</time></pt><pt><x>205</x><y>197</y><time>21-01-21 16:18:22:439</time></pt><pt><x>205</x><y>214</y><time>21-01-21 16:18:23:839</time></pt><pt><x>206</x><y>227</y><time>21-01-21 16:18:24:617</time></pt><pt><x>206</x><y>233</y><time>21-01-21 16:18:25:081</time></pt><pt><x>203</x><y>247</y><time>21-01-21 16:18:26:303</time></pt><pt><x>201</x><y>257</y><time>21-01-21 16:18:26:757</time></pt><pt><x>199</x><y>266</y><time>21-01-21 16:18:27:246</time></pt><pt><x>197</x><y>280</y><time>21-01-21 16:18:28:471</time></pt><pt><x>198</x><y>286</y><time>21-01-21 16:18:28:802</time></pt><pt><x>198</x><y>290</y><time>21-01-21 16:18:29:084</time></pt><pt><x>196</x><y>291</y><time>21-01-21 16:18:29:534</time></pt><pt><x>192</x><y>292</y><time>21-01-21 16:18:29:854</time></pt><pt><x>190</x><y>293</y><time>21-01-21 16:18:30:037</time></pt><pt><x>190</x><y>297</y><time>21-01-21 16:18:30:391</time></pt><pt><x>192</x><y>300</y><time>21-01-21 16:18:30:737</time></pt><pt><x>195</x><y>301</y><time>21-01-21 16:18:31:066</time></pt><pt><x>202</x><y>301</y><time>21-01-21 16:18:31:483</time></pt><pt><x>212</x><y>302</y><time>21-01-21 16:18:33:937</time></pt><pt><x>216</x><y>301</y><time>21-01-21 16:18:34:307</time></pt><pt><x>219</x><y>299</y><time>21-01-21 16:18:34:762</time></pt><pt><x>220</x><y>297</y><time>21-01-21 16:18:35:368</time></pt><pt><x>219</x><y>294</y><time>21-01-21 16:18:36:036</time></pt><pt><x>219</x><y>291</y><time>21-01-21 16:18:36:407</time></pt><pt><x>219</x><y>288</y><time>21-01-21 16:18:36:814</time></pt><pt><x>224</x><y>251</y><time>21-01-21 16:18:38:727</time></pt><pt><x>227</x><y>224</y><time>21-01-21 16:18:40:472</time></pt><pt><x>226</x><y>220</y><time>21-01-21 16:18:41:023</time></pt><pt><x>227</x><y>215</y><time>21-01-21 16:18:41:723</time></pt><pt><x>228</x><y>212</y><time>21-01-21 16:18:42:093</time></pt><pt><x>228</x><y>210</y><time>21-01-21 16:18:42:430</time></pt><pt><x>229</x><y>211</y><time>21-01-21 16:18:42:849</time></pt><pt><x>229</x><y>214</y><time>21-01-21 16:18:43:179</time></pt><pt><x>229</x><y>220</y><time>21-01-21 16:18:44:163</time></pt><pt><x>229</x><y>224</y><time>21-01-21 16:18:44:649</time></pt><pt><x>228</x><y>230</y><time>21-01-21 16:18:45:092</time></pt><pt><x>228</x><y>235</y><time>21-01-21 16:18:45:585</time></pt><pt><x>228</x><y>242</y><time>21-01-21 16:18:46:033</time></pt><pt><x>230</x><y>245</y><time>21-01-21 16:18:46:341</time></pt><pt><x>229</x><y>250</y><time>21-01-21 16:18:46:725</time></pt><pt><x>228</x><y>253</y><time>21-01-21 16:18:47:071</time></pt><pt><x>225</x><y>269</y><time>21-01-21 16:18:48:345</time></pt><pt><x>224</x><y>280</y><time>21-01-21 16:18:48:808</time></pt><pt><x>224</x><y>285</y><time>21-01-21 16:18:49:117</time></pt><pt><x>224</x><y>289</y><time>21-01-21 16:18:49:392</time></pt><pt><x>224</x><y>292</y><time>21-01-21 16:18:49:699</time></pt><pt><x>224</x><y>295</y><time>21-01-21 16:18:50:131</time></pt><pt><x>229</x><y>296</y><time>21-01-21 16:18:50:602</time></pt><pt><x>237</x><y>297</y><time>21-01-21 16:18:51:051</time></pt><pt><x>241</x><y>298</y><time>21-01-21 16:18:51:530</time></pt><pt><x>246</x><y>298</y><time>21-01-21 16:18:56:996</time></pt><pt><x>248</x><y>297</y><time>21-01-21 16:18:57:344</time></pt><pt><x>248</x><y>294</y><time>21-01-21 16:18:57:602</time></pt><pt><x>247</x><y>292</y><time>21-01-21 16:18:57:864</time></pt><pt><x>244</x><y>289</y><time>21-01-21 16:18:58:217</time></pt><pt><x>242</x><y>286</y><time>21-01-21 16:18:58:624</time></pt><pt><x>244</x><y>280</y><time>21-01-21 16:18:59:073</time></pt><pt><x>247</x><y>273</y><time>21-01-21 16:18:59:617</time></pt><pt><x>250</x><y>265</y><time>21-01-21 16:19:08:263</time></pt><pt><x>250</x><y>257</y><time>21-01-21 16:19:08:757</time></pt><pt><x>252</x><y>243</y><time>21-01-21 16:19:09:354</time></pt><pt><x>253</x><y>234</y><time>21-01-21 16:19:09:912</time></pt><pt><x>256</x><y>210</y><time>21-01-21 16:19:11:328</time></pt><pt><x>256</x><y>201</y><time>21-01-21 16:19:11:809</time></pt><pt><x>256</x><y>191</y><time>21-01-21 16:19:13:493</time></pt><pt><x>255</x><y>186</y><time>21-01-21 16:19:13:800</time></pt><pt><x>254</x><y>183</y><time>21-01-21 16:19:14:035</time></pt><pt><x>257</x><y>180</y><time>21-01-21 16:19:14:294</time></pt><pt><x>258</x><y>168</y><time>21-01-21 16:19:15:442</time></pt><pt><x>260</x><y>165</y><time>21-01-21 16:19:15:748</time></pt><pt><x>262</x><y>166</y><time>21-01-21 16:19:16:034</time></pt><pt><x>264</x><y>170</y><time>21-01-21 16:19:16:481</time></pt><pt><x>266</x><y>178</y><time>21-01-21 16:19:16:953</time></pt><pt><x>267</x><y>181</y><time>21-01-21 16:19:17:290</time></pt><pt><x>266</x><y>187</y><time>21-01-21 16:19:17:723</time></pt><pt><x>266</x><y>189</y><time>21-01-21 16:19:18:029</time></pt><pt><x>267</x><y>192</y><time>21-01-21 16:19:18:312</time></pt><pt><x>269</x><y>193</y><time>21-01-21 16:19:20:907</time></pt><pt><x>272</x><y>192</y><time>21-01-21 16:19:21:247</time></pt><pt><x>276</x><y>191</y><time>21-01-21 16:19:21:780</time></pt><pt><x>278</x><y>189</y><time>21-01-21 16:19:22:260</time></pt><pt><x>278</x><y>186</y><time>21-01-21 16:19:22:559</time></pt><pt><x>277</x><y>184</y><time>21-01-21 16:19:22:770</time></pt><pt><x>277</x><y>180</y><time>21-01-21 16:19:23:022</time></pt><pt><x>277</x><y>177</y><time>21-01-21 16:19:23:291</time></pt><pt><x>277</x><y>173</y><time>21-01-21 16:19:23:580</time></pt><pt><x>276</x><y>164</y><time>21-01-21 16:19:24:146</time></pt><pt><x>272</x><y>148</y><time>21-01-21 16:19:25:122</time></pt><pt><x>268</x><y>135</y><time>21-01-21 16:19:25:876</time></pt><pt><x>265</x><y>123</y><time>21-01-21 16:19:27:002</time></pt><pt><x>263</x><y>118</y><time>21-01-21 16:19:27:490</time></pt><pt><x>262</x><y>116</y><time>21-01-21 16:19:30:368</time></pt><pt><x>262</x><y>113</y><time>21-01-21 16:19:30:620</time></pt><pt><x>263</x><y>110</y><time>21-01-21 16:19:30:855</time></pt><pt><x>259</x><y>107</y><time>21-01-21 16:19:31:146</time></pt><pt><x>254</x><y>104</y><time>21-01-21 16:19:31:460</time></pt><pt><x>249</x><y>103</y><time>21-01-21 16:19:31:736</time></pt><pt><x>249</x><y>101</y><time>21-01-21 16:19:32:043</time></pt><pt><x>251</x><y>98</y><time>21-01-21 16:19:32:287</time></pt><pt><x>253</x><y>95</y><time>21-01-21 16:19:32:579</time></pt><pt><x>254</x><y>92</y><time>21-01-21 16:19:32:847</time></pt><pt><x>255</x><y>88</y><time>21-01-21 16:19:33:529</time></pt><pt><x>256</x><y>82</y><time>21-01-21 16:19:33:922</time></pt><pt><x>255</x><y>77</y><time>21-01-21 16:19:34:293</time></pt><pt><x>254</x><y>74</y><time>21-01-21 16:19:34:646</time></pt><pt><x>251</x><y>71</y><time>21-01-21 16:19:35:009</time></pt><closed_date>21-01-21 16:19:35:534</closed_date></polygon></object><object><name>person</name><deleted>0</deleted><verified>0</verified><occluded>no</occluded><attributes></attributes><parts><hasparts></hasparts><ispartof></ispartof></parts><date>21-01-21 16:20:43:637</date><id>2</id><polygon><username>7hao</username><pt><x>485</x><y>247</y><time>21-01-21 16:20:27:663</time></pt><pt><x>484</x><y>253</y><time>21-01-21 16:20:28:219</time></pt><pt><x>483</x><y>258</y><time>21-01-21 16:20:28:573</time></pt><pt><x>480</x><y>260</y><time>21-01-21 16:20:28:849</time></pt><pt><x>477</x><y>261</y><time>21-01-21 16:20:29:185</time></pt><pt><x>474</x><y>262</y><time>21-01-21 16:20:29:454</time></pt><pt><x>472</x><y>266</y><time>21-01-21 16:20:29:729</time></pt><pt><x>474</x><y>270</y><time>21-01-21 16:20:29:997</time></pt><pt><x>480</x><y>272</y><time>21-01-21 16:20:30:295</time></pt><pt><x>485</x><y>275</y><time>21-01-21 16:20:30:712</time></pt><pt><x>492</x><y>277</y><time>21-01-21 16:20:31:057</time></pt><pt><x>495</x><y>276</y><time>21-01-21 16:20:31:591</time></pt><pt><x>494</x><y>273</y><time>21-01-21 16:20:32:017</time></pt><pt><x>493</x><y>271</y><time>21-01-21 16:20:32:385</time></pt><pt><x>491</x><y>266</y><time>21-01-21 16:20:32:811</time></pt><pt><x>490</x><y>263</y><time>21-01-21 16:20:33:229</time></pt><pt><x>490</x><y>262</y><time>21-01-21 16:20:33:504</time></pt><pt><x>489</x><y>259</y><time>21-01-21 16:20:33:888</time></pt><pt><x>488</x><y>255</y><time>21-01-21 16:20:34:359</time></pt><pt><x>488</x><y>253</y><time>21-01-21 16:20:35:123</time></pt><pt><x>487</x><y>251</y><time>21-01-21 16:20:35:603</time></pt><pt><x>487</x><y>248</y><time>21-01-21 16:20:36:113</time></pt><pt><x>486</x><y>246</y><time>21-01-21 16:20:36:760</time></pt><closed_date>21-01-21 16:20:37:387</closed_date></polygon></object><object><name>person</name><deleted>0</deleted><verified>0</verified><occluded>no</occluded><attributes></attributes><parts><hasparts></hasparts><ispartof></ispartof></parts><date>21-01-21 16:20:52:568</date><id>3</id><polygon><username>7hao</username><pt><x>511</x><y>271</y><time>21-01-21 16:20:46:286</time></pt><pt><x>513</x><y>271</y><time>21-01-21 16:20:46:828</time></pt><pt><x>515</x><y>271</y><time>21-01-21 16:20:47:238</time></pt><pt><x>516</x><y>273</y><time>21-01-21 16:20:47:536</time></pt><pt><x>515</x><y>275</y><time>21-01-21 16:20:47:818</time></pt><pt><x>513</x><y>276</y><time>21-01-21 16:20:48:179</time></pt><pt><x>512</x><y>276</y><time>21-01-21 16:20:48:801</time></pt><pt><x>512</x><y>275</y><time>21-01-21 16:20:49:265</time></pt><pt><x>511</x><y>273</y><time>21-01-21 16:20:49:847</time></pt><closed_date>21-01-21 16:20:50:372</closed_date></polygon></object></annotation>