<annotation><filename>frame0058.jpg</filename><folder>users/lab605//7hao/human_20210119_4</folder><source><submittedBy>lab605</submittedBy></source><imagesize><nrows>480</nrows><ncols>640</ncols></imagesize><object><name>person</name><deleted>0</deleted><verified>0</verified><occluded>no</occluded><attributes></attributes><parts><hasparts></hasparts><ispartof></ispartof></parts><date>25-01-21 21:35:26:266</date><id>0</id><polygon><username>7hao</username><pt><x>407</x><y>22</y><time>25-01-21 21:34:37:801</time></pt><pt><x>401</x><y>19</y><time>25-01-21 21:34:38:321</time></pt><pt><x>397</x><y>19</y><time>25-01-21 21:34:38:659</time></pt><pt><x>395</x><y>18</y><time>25-01-21 21:34:38:855</time></pt><pt><x>395</x><y>16</y><time>25-01-21 21:34:39:038</time></pt><pt><x>396</x><y>13</y><time>25-01-21 21:34:39:226</time></pt><pt><x>399</x><y>7</y><time>25-01-21 21:34:39:532</time></pt><pt><x>402</x><y>1</y><time>25-01-21 21:34:39:872</time></pt><pt><x>366</x><y>0</y><time>25-01-21 21:34:42:063</time></pt><pt><x>366</x><y>3</y><time>25-01-21 21:34:42:355</time></pt><pt><x>366</x><y>5</y><time>25-01-21 21:34:42:506</time></pt><pt><x>364</x><y>10</y><time>25-01-21 21:34:42:882</time></pt><pt><x>363</x><y>12</y><time>25-01-21 21:34:43:040</time></pt><pt><x>362</x><y>14</y><time>25-01-21 21:34:43:181</time></pt><pt><x>363</x><y>16</y><time>25-01-21 21:34:43:321</time></pt><pt><x>364</x><y>19</y><time>25-01-21 21:34:43:463</time></pt><pt><x>364</x><y>22</y><time>25-01-21 21:34:43:581</time></pt><pt><x>366</x><y>26</y><time>25-01-21 21:34:43:731</time></pt><pt><x>366</x><y>29</y><time>25-01-21 21:34:43:905</time></pt><pt><x>367</x><y>32</y><time>25-01-21 21:34:44:077</time></pt><pt><x>367</x><y>35</y><time>25-01-21 21:34:44:249</time></pt><pt><x>367</x><y>38</y><time>25-01-21 21:34:44:415</time></pt><pt><x>366</x><y>52</y><time>25-01-21 21:34:45:635</time></pt><pt><x>364</x><y>58</y><time>25-01-21 21:34:45:926</time></pt><pt><x>364</x><y>85</y><time>25-01-21 21:34:47:159</time></pt><pt><x>364</x><y>90</y><time>25-01-21 21:34:47:334</time></pt><pt><x>365</x><y>96</y><time>25-01-21 21:34:47:481</time></pt><pt><x>364</x><y>103</y><time>25-01-21 21:34:47:664</time></pt><pt><x>361</x><y>109</y><time>25-01-21 21:34:47:835</time></pt><pt><x>359</x><y>116</y><time>25-01-21 21:34:48:031</time></pt><pt><x>358</x><y>130</y><time>25-01-21 21:34:48:363</time></pt><pt><x>358</x><y>137</y><time>25-01-21 21:34:48:583</time></pt><pt><x>359</x><y>141</y><time>25-01-21 21:34:48:755</time></pt><pt><x>362</x><y>144</y><time>25-01-21 21:34:48:922</time></pt><pt><x>363</x><y>148</y><time>25-01-21 21:34:49:102</time></pt><pt><x>364</x><y>153</y><time>25-01-21 21:34:49:313</time></pt><pt><x>363</x><y>156</y><time>25-01-21 21:34:49:487</time></pt><pt><x>359</x><y>171</y><time>25-01-21 21:34:51:154</time></pt><pt><x>359</x><y>178</y><time>25-01-21 21:34:51:381</time></pt><pt><x>358</x><y>183</y><time>25-01-21 21:34:51:539</time></pt><pt><x>357</x><y>190</y><time>25-01-21 21:34:51:744</time></pt><pt><x>357</x><y>196</y><time>25-01-21 21:34:51:980</time></pt><pt><x>356</x><y>200</y><time>25-01-21 21:34:52:155</time></pt><pt><x>354</x><y>205</y><time>25-01-21 21:34:52:318</time></pt><pt><x>353</x><y>212</y><time>25-01-21 21:34:52:491</time></pt><pt><x>354</x><y>218</y><time>25-01-21 21:34:52:671</time></pt><pt><x>358</x><y>225</y><time>25-01-21 21:34:52:859</time></pt><pt><x>371</x><y>239</y><time>25-01-21 21:34:55:533</time></pt><pt><x>377</x><y>244</y><time>25-01-21 21:34:55:834</time></pt><pt><x>381</x><y>249</y><time>25-01-21 21:34:56:070</time></pt><pt><x>384</x><y>253</y><time>25-01-21 21:34:56:257</time></pt><pt><x>386</x><y>257</y><time>25-01-21 21:34:56:462</time></pt><pt><x>388</x><y>259</y><time>25-01-21 21:34:56:667</time></pt><pt><x>390</x><y>263</y><time>25-01-21 21:34:57:011</time></pt><pt><x>391</x><y>266</y><time>25-01-21 21:34:57:231</time></pt><pt><x>393</x><y>271</y><time>25-01-21 21:34:57:594</time></pt><pt><x>394</x><y>275</y><time>25-01-21 21:34:58:011</time></pt><pt><x>396</x><y>292</y><time>25-01-21 21:34:59:939</time></pt><pt><x>394</x><y>296</y><time>25-01-21 21:35:00:261</time></pt><pt><x>393</x><y>299</y><time>25-01-21 21:35:00:425</time></pt><pt><x>390</x><y>303</y><time>25-01-21 21:35:00:695</time></pt><pt><x>386</x><y>306</y><time>25-01-21 21:35:00:865</time></pt><pt><x>382</x><y>308</y><time>25-01-21 21:35:01:094</time></pt><pt><x>376</x><y>311</y><time>25-01-21 21:35:01:323</time></pt><pt><x>372</x><y>312</y><time>25-01-21 21:35:01:533</time></pt><pt><x>367</x><y>314</y><time>25-01-21 21:35:01:683</time></pt><pt><x>366</x><y>318</y><time>25-01-21 21:35:01:911</time></pt><pt><x>367</x><y>321</y><time>25-01-21 21:35:02:061</time></pt><pt><x>393</x><y>323</y><time>25-01-21 21:35:05:820</time></pt><pt><x>403</x><y>322</y><time>25-01-21 21:35:06:284</time></pt><pt><x>410</x><y>321</y><time>25-01-21 21:35:06:543</time></pt><pt><x>416</x><y>321</y><time>25-01-21 21:35:06:740</time></pt><pt><x>420</x><y>319</y><time>25-01-21 21:35:07:093</time></pt><pt><x>420</x><y>315</y><time>25-01-21 21:35:07:455</time></pt><pt><x>420</x><y>311</y><time>25-01-21 21:35:07:643</time></pt><pt><x>420</x><y>306</y><time>25-01-21 21:35:09:532</time></pt><pt><x>418</x><y>304</y><time>25-01-21 21:35:09:703</time></pt><pt><x>418</x><y>301</y><time>25-01-21 21:35:09:869</time></pt><pt><x>421</x><y>297</y><time>25-01-21 21:35:10:057</time></pt><pt><x>426</x><y>294</y><time>25-01-21 21:35:10:238</time></pt><pt><x>434</x><y>288</y><time>25-01-21 21:35:10:828</time></pt><pt><x>435</x><y>283</y><time>25-01-21 21:35:11:009</time></pt><pt><x>431</x><y>278</y><time>25-01-21 21:35:11:157</time></pt><pt><x>426</x><y>275</y><time>25-01-21 21:35:11:380</time></pt><pt><x>422</x><y>274</y><time>25-01-21 21:35:11:560</time></pt><pt><x>418</x><y>270</y><time>25-01-21 21:35:11:748</time></pt><pt><x>414</x><y>264</y><time>25-01-21 21:35:11:999</time></pt><pt><x>412</x><y>260</y><time>25-01-21 21:35:12:205</time></pt><pt><x>412</x><y>256</y><time>25-01-21 21:35:12:417</time></pt><pt><x>413</x><y>246</y><time>25-01-21 21:35:12:833</time></pt><pt><x>411</x><y>230</y><time>25-01-21 21:35:14:279</time></pt><pt><x>409</x><y>225</y><time>25-01-21 21:35:14:510</time></pt><pt><x>406</x><y>220</y><time>25-01-21 21:35:14:658</time></pt><pt><x>405</x><y>215</y><time>25-01-21 21:35:14:840</time></pt><pt><x>405</x><y>208</y><time>25-01-21 21:35:15:020</time></pt><pt><x>405</x><y>201</y><time>25-01-21 21:35:15:216</time></pt><pt><x>405</x><y>182</y><time>25-01-21 21:35:16:428</time></pt><pt><x>405</x><y>176</y><time>25-01-21 21:35:16:600</time></pt><pt><x>407</x><y>168</y><time>25-01-21 21:35:16:775</time></pt><pt><x>410</x><y>162</y><time>25-01-21 21:35:16:939</time></pt><pt><x>413</x><y>158</y><time>25-01-21 21:35:17:135</time></pt><pt><x>415</x><y>151</y><time>25-01-21 21:35:17:324</time></pt><pt><x>417</x><y>137</y><time>25-01-21 21:35:18:323</time></pt><pt><x>418</x><y>132</y><time>25-01-21 21:35:18:504</time></pt><pt><x>418</x><y>129</y><time>25-01-21 21:35:18:653</time></pt><pt><x>419</x><y>121</y><time>25-01-21 21:35:18:817</time></pt><pt><x>418</x><y>109</y><time>25-01-21 21:35:19:211</time></pt><pt><x>418</x><y>85</y><time>25-01-21 21:35:20:266</time></pt><pt><x>418</x><y>67</y><time>25-01-21 21:35:20:659</time></pt><pt><x>416</x><y>59</y><time>25-01-21 21:35:21:019</time></pt><pt><x>417</x><y>53</y><time>25-01-21 21:35:21:202</time></pt><pt><x>418</x><y>48</y><time>25-01-21 21:35:21:381</time></pt><pt><x>420</x><y>43</y><time>25-01-21 21:35:21:580</time></pt><pt><x>419</x><y>36</y><time>25-01-21 21:35:22:223</time></pt><pt><x>417</x><y>34</y><time>25-01-21 21:35:22:420</time></pt><pt><x>415</x><y>32</y><time>25-01-21 21:35:22:610</time></pt><pt><x>413</x><y>27</y><time>25-01-21 21:35:22:939</time></pt><pt><x>412</x><y>25</y><time>25-01-21 21:35:23:208</time></pt><pt><x>408</x><y>23</y><time>25-01-21 21:35:23:599</time></pt><closed_date>25-01-21 21:35:24:017</closed_date></polygon></object><object><name>person</name><deleted>0</deleted><verified>0</verified><occluded>no</occluded><attributes></attributes><parts><hasparts></hasparts><ispartof></ispartof></parts><date>25-01-21 21:36:35:180</date><id>1</id><polygon><username>7hao</username><pt><x>355</x><y>106</y><time>25-01-21 21:35:30:781</time></pt><pt><x>357</x><y>101</y><time>25-01-21 21:35:31:182</time></pt><pt><x>359</x><y>99</y><time>25-01-21 21:35:36:349</time></pt><pt><x>360</x><y>97</y><time>25-01-21 21:35:36:578</time></pt><pt><x>361</x><y>95</y><time>25-01-21 21:35:36:757</time></pt><pt><x>360</x><y>94</y><time>25-01-21 21:35:36:916</time></pt><pt><x>359</x><y>92</y><time>25-01-21 21:35:37:080</time></pt><pt><x>359</x><y>90</y><time>25-01-21 21:35:37:245</time></pt><pt><x>359</x><y>87</y><time>25-01-21 21:35:37:433</time></pt><pt><x>360</x><y>84</y><time>25-01-21 21:35:37:661</time></pt><pt><x>359</x><y>81</y><time>25-01-21 21:35:37:836</time></pt><pt><x>356</x><y>79</y><time>25-01-21 21:35:38:040</time></pt><pt><x>349</x><y>71</y><time>25-01-21 21:35:38:645</time></pt><pt><x>342</x><y>71</y><time>25-01-21 21:35:39:353</time></pt><pt><x>339</x><y>72</y><time>25-01-21 21:35:39:566</time></pt><pt><x>337</x><y>73</y><time>25-01-21 21:35:39:738</time></pt><pt><x>335</x><y>75</y><time>25-01-21 21:35:39:904</time></pt><pt><x>334</x><y>77</y><time>25-01-21 21:35:40:075</time></pt><pt><x>332</x><y>80</y><time>25-01-21 21:35:40:290</time></pt><pt><x>331</x><y>82</y><time>25-01-21 21:35:40:437</time></pt><pt><x>329</x><y>85</y><time>25-01-21 21:35:40:619</time></pt><pt><x>327</x><y>88</y><time>25-01-21 21:35:40:776</time></pt><pt><x>328</x><y>92</y><time>25-01-21 21:35:44:795</time></pt><pt><x>329</x><y>95</y><time>25-01-21 21:35:45:065</time></pt><pt><x>331</x><y>97</y><time>25-01-21 21:35:45:235</time></pt><pt><x>332</x><y>99</y><time>25-01-21 21:35:45:385</time></pt><pt><x>333</x><y>102</y><time>25-01-21 21:35:45:590</time></pt><pt><x>333</x><y>103</y><time>25-01-21 21:35:45:761</time></pt><pt><x>329</x><y>106</y><time>25-01-21 21:35:46:037</time></pt><pt><x>321</x><y>113</y><time>25-01-21 21:35:46:462</time></pt><pt><x>318</x><y>118</y><time>25-01-21 21:35:46:777</time></pt><pt><x>314</x><y>136</y><time>25-01-21 21:35:47:896</time></pt><pt><x>314</x><y>142</y><time>25-01-21 21:35:48:175</time></pt><pt><x>315</x><y>151</y><time>25-01-21 21:35:48:623</time></pt><pt><x>316</x><y>156</y><time>25-01-21 21:35:48:789</time></pt><pt><x>316</x><y>161</y><time>25-01-21 21:35:48:950</time></pt><pt><x>315</x><y>171</y><time>25-01-21 21:35:50:267</time></pt><pt><x>313</x><y>176</y><time>25-01-21 21:35:50:452</time></pt><pt><x>312</x><y>183</y><time>25-01-21 21:35:50:614</time></pt><pt><x>312</x><y>187</y><time>25-01-21 21:35:50:789</time></pt><pt><x>314</x><y>196</y><time>25-01-21 21:35:50:976</time></pt><pt><x>315</x><y>203</y><time>25-01-21 21:35:51:188</time></pt><pt><x>316</x><y>210</y><time>25-01-21 21:35:51:416</time></pt><pt><x>317</x><y>217</y><time>25-01-21 21:35:51:637</time></pt><pt><x>316</x><y>222</y><time>25-01-21 21:35:51:810</time></pt><pt><x>314</x><y>225</y><time>25-01-21 21:35:51:983</time></pt><pt><x>310</x><y>249</y><time>25-01-21 21:35:53:272</time></pt><pt><x>309</x><y>257</y><time>25-01-21 21:35:53:509</time></pt><pt><x>308</x><y>264</y><time>25-01-21 21:35:53:673</time></pt><pt><x>308</x><y>269</y><time>25-01-21 21:35:53:830</time></pt><pt><x>307</x><y>277</y><time>25-01-21 21:35:54:005</time></pt><pt><x>307</x><y>280</y><time>25-01-21 21:35:54:169</time></pt><pt><x>305</x><y>283</y><time>25-01-21 21:35:54:428</time></pt><pt><x>304</x><y>285</y><time>25-01-21 21:35:54:626</time></pt><pt><x>302</x><y>291</y><time>25-01-21 21:35:56:661</time></pt><pt><x>302</x><y>292</y><time>25-01-21 21:35:56:897</time></pt><pt><x>302</x><y>295</y><time>25-01-21 21:35:57:070</time></pt><pt><x>309</x><y>295</y><time>25-01-21 21:35:57:244</time></pt><pt><x>317</x><y>295</y><time>25-01-21 21:35:57:433</time></pt><pt><x>329</x><y>295</y><time>25-01-21 21:35:57:715</time></pt><pt><x>335</x><y>294</y><time>25-01-21 21:35:58:005</time></pt><pt><x>336</x><y>292</y><time>25-01-21 21:35:58:203</time></pt><pt><x>336</x><y>288</y><time>25-01-21 21:35:58:555</time></pt><pt><x>332</x><y>288</y><time>25-01-21 21:35:58:777</time></pt><pt><x>327</x><y>287</y><time>25-01-21 21:35:58:981</time></pt><pt><x>321</x><y>284</y><time>25-01-21 21:35:59:374</time></pt><pt><x>321</x><y>280</y><time>25-01-21 21:35:59:588</time></pt><pt><x>321</x><y>275</y><time>25-01-21 21:35:59:743</time></pt><pt><x>322</x><y>264</y><time>25-01-21 21:36:00:106</time></pt><pt><x>327</x><y>250</y><time>25-01-21 21:36:00:545</time></pt><pt><x>330</x><y>238</y><time>25-01-21 21:36:01:009</time></pt><pt><x>334</x><y>224</y><time>25-01-21 21:36:01:717</time></pt><pt><x>336</x><y>218</y><time>25-01-21 21:36:02:047</time></pt><pt><x>337</x><y>214</y><time>25-01-21 21:36:02:284</time></pt><pt><x>338</x><y>211</y><time>25-01-21 21:36:02:536</time></pt><pt><x>340</x><y>214</y><time>25-01-21 21:36:02:804</time></pt><pt><x>342</x><y>216</y><time>25-01-21 21:36:02:967</time></pt><pt><x>343</x><y>219</y><time>25-01-21 21:36:03:187</time></pt><pt><x>345</x><y>224</y><time>25-01-21 21:36:03:431</time></pt><pt><x>346</x><y>229</y><time>25-01-21 21:36:03:629</time></pt><pt><x>347</x><y>240</y><time>25-01-21 21:36:03:912</time></pt><pt><x>348</x><y>248</y><time>25-01-21 21:36:04:132</time></pt><pt><x>349</x><y>255</y><time>25-01-21 21:36:04:306</time></pt><pt><x>351</x><y>267</y><time>25-01-21 21:36:04:660</time></pt><pt><x>353</x><y>271</y><time>25-01-21 21:36:04:872</time></pt><pt><x>353</x><y>275</y><time>25-01-21 21:36:05:044</time></pt><pt><x>353</x><y>279</y><time>25-01-21 21:36:05:227</time></pt><pt><x>352</x><y>284</y><time>25-01-21 21:36:05:429</time></pt><pt><x>350</x><y>288</y><time>25-01-21 21:36:05:610</time></pt><pt><x>351</x><y>291</y><time>25-01-21 21:36:05:800</time></pt><pt><x>355</x><y>294</y><time>25-01-21 21:36:11:446</time></pt><pt><x>364</x><y>295</y><time>25-01-21 21:36:11:690</time></pt><pt><x>371</x><y>294</y><time>25-01-21 21:36:11:885</time></pt><pt><x>379</x><y>293</y><time>25-01-21 21:36:12:121</time></pt><pt><x>383</x><y>291</y><time>25-01-21 21:36:12:405</time></pt><pt><x>386</x><y>289</y><time>25-01-21 21:36:12:609</time></pt><pt><x>386</x><y>287</y><time>25-01-21 21:36:12:822</time></pt><pt><x>383</x><y>285</y><time>25-01-21 21:36:13:002</time></pt><pt><x>378</x><y>285</y><time>25-01-21 21:36:13:238</time></pt><pt><x>373</x><y>283</y><time>25-01-21 21:36:13:458</time></pt><pt><x>370</x><y>281</y><time>25-01-21 21:36:13:663</time></pt><pt><x>367</x><y>278</y><time>25-01-21 21:36:13:843</time></pt><pt><x>366</x><y>270</y><time>25-01-21 21:36:14:079</time></pt><pt><x>366</x><y>261</y><time>25-01-21 21:36:14:299</time></pt><pt><x>366</x><y>247</y><time>25-01-21 21:36:15:039</time></pt><pt><x>367</x><y>239</y><time>25-01-21 21:36:15:377</time></pt><pt><x>367</x><y>236</y><time>25-01-21 21:36:15:785</time></pt><pt><x>357</x><y>226</y><time>25-01-21 21:36:17:155</time></pt><pt><x>353</x><y>218</y><time>25-01-21 21:36:18:531</time></pt><pt><x>352</x><y>212</y><time>25-01-21 21:36:19:184</time></pt><pt><x>352</x><y>206</y><time>25-01-21 21:36:19:843</time></pt><pt><x>354</x><y>201</y><time>25-01-21 21:36:21:112</time></pt><pt><x>356</x><y>194</y><time>25-01-21 21:36:22:180</time></pt><pt><x>356</x><y>187</y><time>25-01-21 21:36:22:707</time></pt><pt><x>357</x><y>179</y><time>25-01-21 21:36:24:295</time></pt><pt><x>358</x><y>172</y><time>25-01-21 21:36:24:853</time></pt><pt><x>358</x><y>168</y><time>25-01-21 21:36:25:585</time></pt><pt><x>360</x><y>164</y><time>25-01-21 21:36:26:127</time></pt><pt><x>362</x><y>152</y><time>25-01-21 21:36:27:235</time></pt><pt><x>361</x><y>145</y><time>25-01-21 21:36:28:235</time></pt><pt><x>359</x><y>142</y><time>25-01-21 21:36:28:691</time></pt><pt><x>356</x><y>137</y><time>25-01-21 21:36:29:209</time></pt><pt><x>356</x><y>132</y><time>25-01-21 21:36:29:853</time></pt><pt><x>358</x><y>117</y><time>25-01-21 21:36:31:561</time></pt><pt><x>357</x><y>112</y><time>25-01-21 21:36:32:017</time></pt><pt><x>356</x><y>109</y><time>25-01-21 21:36:32:379</time></pt><closed_date>25-01-21 21:36:32:787</closed_date></polygon></object></annotation>