<annotation><filename>frame0089.jpg</filename><folder>users/lab605//7hao/human_20210119_4</folder><source><submittedBy>lab605</submittedBy></source><imagesize><nrows>480</nrows><ncols>640</ncols></imagesize><object><name>person</name><deleted>0</deleted><verified>0</verified><occluded>no</occluded><attributes></attributes><parts><hasparts></hasparts><ispartof></ispartof></parts><date>27-01-21 20:42:18:183</date><id>0</id><polygon><username>7hao</username><pt><x>179</x><y>0</y><time>27-01-21 20:40:24:426</time></pt><pt><x>171</x><y>1</y><time>27-01-21 20:40:25:170</time></pt><pt><x>164</x><y>2</y><time>27-01-21 20:40:25:654</time></pt><pt><x>157</x><y>3</y><time>27-01-21 20:40:25:984</time></pt><pt><x>154</x><y>5</y><time>27-01-21 20:40:26:207</time></pt><pt><x>153</x><y>9</y><time>27-01-21 20:40:26:489</time></pt><pt><x>152</x><y>14</y><time>27-01-21 20:40:26:897</time></pt><pt><x>153</x><y>16</y><time>27-01-21 20:40:27:331</time></pt><pt><x>153</x><y>18</y><time>27-01-21 20:40:27:659</time></pt><pt><x>148</x><y>22</y><time>27-01-21 20:40:28:130</time></pt><pt><x>140</x><y>29</y><time>27-01-21 20:40:28:605</time></pt><pt><x>133</x><y>34</y><time>27-01-21 20:40:28:940</time></pt><pt><x>133</x><y>36</y><time>27-01-21 20:40:32:376</time></pt><pt><x>133</x><y>38</y><time>27-01-21 20:40:32:659</time></pt><pt><x>133</x><y>40</y><time>27-01-21 20:40:32:799</time></pt><pt><x>131</x><y>42</y><time>27-01-21 20:40:33:120</time></pt><pt><x>130</x><y>46</y><time>27-01-21 20:40:33:491</time></pt><pt><x>129</x><y>52</y><time>27-01-21 20:40:33:757</time></pt><pt><x>129</x><y>61</y><time>27-01-21 20:40:34:283</time></pt><pt><x>130</x><y>88</y><time>27-01-21 20:40:35:722</time></pt><pt><x>130</x><y>102</y><time>27-01-21 20:40:36:131</time></pt><pt><x>131</x><y>110</y><time>27-01-21 20:40:38:040</time></pt><pt><x>133</x><y>116</y><time>27-01-21 20:40:38:371</time></pt><pt><x>138</x><y>124</y><time>27-01-21 20:40:39:045</time></pt><pt><x>140</x><y>131</y><time>27-01-21 20:40:39:652</time></pt><pt><x>140</x><y>133</y><time>27-01-21 20:40:39:871</time></pt><pt><x>141</x><y>136</y><time>27-01-21 20:40:40:026</time></pt><pt><x>141</x><y>138</y><time>27-01-21 20:40:40:185</time></pt><pt><x>143</x><y>140</y><time>27-01-21 20:40:40:396</time></pt><pt><x>145</x><y>143</y><time>27-01-21 20:40:40:626</time></pt><pt><x>146</x><y>145</y><time>27-01-21 20:40:40:799</time></pt><pt><x>147</x><y>147</y><time>27-01-21 20:40:41:190</time></pt><pt><x>147</x><y>150</y><time>27-01-21 20:40:41:381</time></pt><pt><x>147</x><y>152</y><time>27-01-21 20:40:41:529</time></pt><pt><x>147</x><y>154</y><time>27-01-21 20:40:41:701</time></pt><pt><x>148</x><y>156</y><time>27-01-21 20:40:41:874</time></pt><pt><x>149</x><y>159</y><time>27-01-21 20:40:42:071</time></pt><pt><x>149</x><y>164</y><time>27-01-21 20:40:50:568</time></pt><pt><x>150</x><y>173</y><time>27-01-21 20:40:51:173</time></pt><pt><x>152</x><y>179</y><time>27-01-21 20:40:52:046</time></pt><pt><x>152</x><y>184</y><time>27-01-21 20:40:52:394</time></pt><pt><x>153</x><y>193</y><time>27-01-21 20:40:53:073</time></pt><pt><x>153</x><y>196</y><time>27-01-21 20:40:53:373</time></pt><pt><x>152</x><y>198</y><time>27-01-21 20:40:53:505</time></pt><pt><x>152</x><y>199</y><time>27-01-21 20:40:53:647</time></pt><pt><x>153</x><y>200</y><time>27-01-21 20:40:53:798</time></pt><pt><x>154</x><y>201</y><time>27-01-21 20:40:54:001</time></pt><pt><x>155</x><y>201</y><time>27-01-21 20:40:54:189</time></pt><pt><x>156</x><y>203</y><time>27-01-21 20:40:54:340</time></pt><pt><x>156</x><y>206</y><time>27-01-21 20:40:54:481</time></pt><pt><x>156</x><y>211</y><time>27-01-21 20:40:55:105</time></pt><pt><x>155</x><y>222</y><time>27-01-21 20:40:56:233</time></pt><pt><x>151</x><y>229</y><time>27-01-21 20:40:56:603</time></pt><pt><x>150</x><y>239</y><time>27-01-21 20:40:57:444</time></pt><pt><x>149</x><y>250</y><time>27-01-21 20:40:58:046</time></pt><pt><x>150</x><y>260</y><time>27-01-21 20:40:58:497</time></pt><pt><x>151</x><y>271</y><time>27-01-21 20:40:58:961</time></pt><pt><x>153</x><y>284</y><time>27-01-21 20:41:00:349</time></pt><pt><x>154</x><y>290</y><time>27-01-21 20:41:00:642</time></pt><pt><x>155</x><y>297</y><time>27-01-21 20:41:03:839</time></pt><pt><x>155</x><y>302</y><time>27-01-21 20:41:04:191</time></pt><pt><x>154</x><y>306</y><time>27-01-21 20:41:04:523</time></pt><pt><x>152</x><y>308</y><time>27-01-21 20:41:04:807</time></pt><pt><x>151</x><y>311</y><time>27-01-21 20:41:04:993</time></pt><pt><x>150</x><y>318</y><time>27-01-21 20:41:05:325</time></pt><pt><x>149</x><y>326</y><time>27-01-21 20:41:05:710</time></pt><pt><x>150</x><y>328</y><time>27-01-21 20:41:05:905</time></pt><pt><x>152</x><y>329</y><time>27-01-21 20:41:06:117</time></pt><pt><x>156</x><y>330</y><time>27-01-21 20:41:06:363</time></pt><pt><x>165</x><y>330</y><time>27-01-21 20:41:06:700</time></pt><pt><x>168</x><y>328</y><time>27-01-21 20:41:06:997</time></pt><pt><x>169</x><y>327</y><time>27-01-21 20:41:07:153</time></pt><pt><x>171</x><y>325</y><time>27-01-21 20:41:07:304</time></pt><pt><x>175</x><y>324</y><time>27-01-21 20:41:07:526</time></pt><pt><x>177</x><y>322</y><time>27-01-21 20:41:17:062</time></pt><pt><x>178</x><y>319</y><time>27-01-21 20:41:17:227</time></pt><pt><x>179</x><y>314</y><time>27-01-21 20:41:17:439</time></pt><pt><x>178</x><y>311</y><time>27-01-21 20:41:17:597</time></pt><pt><x>175</x><y>308</y><time>27-01-21 20:41:17:849</time></pt><pt><x>172</x><y>303</y><time>27-01-21 20:41:18:195</time></pt><pt><x>169</x><y>296</y><time>27-01-21 20:41:18:557</time></pt><pt><x>167</x><y>285</y><time>27-01-21 20:41:19:365</time></pt><pt><x>171</x><y>273</y><time>27-01-21 20:41:19:868</time></pt><pt><x>174</x><y>259</y><time>27-01-21 20:41:20:434</time></pt><pt><x>175</x><y>248</y><time>27-01-21 20:41:24:360</time></pt><pt><x>174</x><y>239</y><time>27-01-21 20:41:24:858</time></pt><pt><x>174</x><y>234</y><time>27-01-21 20:41:25:108</time></pt><pt><x>178</x><y>225</y><time>27-01-21 20:41:25:425</time></pt><pt><x>182</x><y>214</y><time>27-01-21 20:41:26:012</time></pt><pt><x>183</x><y>206</y><time>27-01-21 20:41:26:436</time></pt><pt><x>184</x><y>199</y><time>27-01-21 20:41:27:066</time></pt><pt><x>186</x><y>195</y><time>27-01-21 20:41:27:961</time></pt><pt><x>185</x><y>192</y><time>27-01-21 20:41:28:299</time></pt><pt><x>185</x><y>189</y><time>27-01-21 20:41:28:535</time></pt><pt><x>187</x><y>185</y><time>27-01-21 20:41:28:849</time></pt><pt><x>191</x><y>178</y><time>27-01-21 20:41:30:365</time></pt><pt><x>192</x><y>180</y><time>27-01-21 20:41:30:797</time></pt><pt><x>194</x><y>183</y><time>27-01-21 20:41:31:166</time></pt><pt><x>196</x><y>188</y><time>27-01-21 20:41:31:607</time></pt><pt><x>196</x><y>192</y><time>27-01-21 20:41:31:789</time></pt><pt><x>196</x><y>195</y><time>27-01-21 20:41:31:983</time></pt><pt><x>197</x><y>198</y><time>27-01-21 20:41:32:181</time></pt><pt><x>199</x><y>201</y><time>27-01-21 20:41:32:417</time></pt><pt><x>201</x><y>202</y><time>27-01-21 20:41:32:769</time></pt><pt><x>203</x><y>203</y><time>27-01-21 20:41:33:014</time></pt><pt><x>204</x><y>204</y><time>27-01-21 20:41:33:218</time></pt><pt><x>205</x><y>210</y><time>27-01-21 20:41:33:680</time></pt><pt><x>207</x><y>217</y><time>27-01-21 20:41:34:127</time></pt><pt><x>208</x><y>222</y><time>27-01-21 20:41:34:432</time></pt><pt><x>209</x><y>225</y><time>27-01-21 20:41:34:593</time></pt><pt><x>209</x><y>231</y><time>27-01-21 20:41:35:164</time></pt><pt><x>206</x><y>238</y><time>27-01-21 20:41:35:606</time></pt><pt><x>204</x><y>246</y><time>27-01-21 20:41:35:973</time></pt><pt><x>204</x><y>259</y><time>27-01-21 20:41:37:556</time></pt><pt><x>205</x><y>265</y><time>27-01-21 20:41:37:859</time></pt><pt><x>205</x><y>267</y><time>27-01-21 20:41:38:017</time></pt><pt><x>206</x><y>273</y><time>27-01-21 20:41:38:323</time></pt><pt><x>205</x><y>280</y><time>27-01-21 20:41:38:654</time></pt><pt><x>204</x><y>289</y><time>27-01-21 20:41:39:111</time></pt><pt><x>203</x><y>295</y><time>27-01-21 20:41:39:472</time></pt><pt><x>202</x><y>296</y><time>27-01-21 20:41:39:702</time></pt><pt><x>200</x><y>296</y><time>27-01-21 20:41:39:933</time></pt><pt><x>197</x><y>296</y><time>27-01-21 20:41:40:185</time></pt><pt><x>197</x><y>297</y><time>27-01-21 20:41:40:335</time></pt><pt><x>196</x><y>300</y><time>27-01-21 20:41:40:507</time></pt><pt><x>196</x><y>305</y><time>27-01-21 20:41:40:744</time></pt><pt><x>195</x><y>308</y><time>27-01-21 20:41:40:963</time></pt><pt><x>195</x><y>313</y><time>27-01-21 20:41:42:275</time></pt><pt><x>195</x><y>315</y><time>27-01-21 20:41:42:434</time></pt><pt><x>197</x><y>317</y><time>27-01-21 20:41:42:638</time></pt><pt><x>204</x><y>318</y><time>27-01-21 20:41:42:960</time></pt><pt><x>209</x><y>318</y><time>27-01-21 20:41:43:249</time></pt><pt><x>227</x><y>320</y><time>27-01-21 20:41:45:897</time></pt><pt><x>232</x><y>319</y><time>27-01-21 20:41:46:369</time></pt><pt><x>237</x><y>318</y><time>27-01-21 20:41:46:708</time></pt><pt><x>238</x><y>315</y><time>27-01-21 20:41:46:967</time></pt><pt><x>239</x><y>313</y><time>27-01-21 20:41:47:123</time></pt><pt><x>236</x><y>308</y><time>27-01-21 20:41:47:400</time></pt><pt><x>231</x><y>306</y><time>27-01-21 20:41:47:683</time></pt><pt><x>227</x><y>304</y><time>27-01-21 20:41:47:878</time></pt><pt><x>223</x><y>301</y><time>27-01-21 20:41:48:097</time></pt><pt><x>220</x><y>297</y><time>27-01-21 20:41:48:301</time></pt><pt><x>219</x><y>293</y><time>27-01-21 20:41:48:475</time></pt><pt><x>219</x><y>287</y><time>27-01-21 20:41:48:720</time></pt><pt><x>219</x><y>283</y><time>27-01-21 20:41:48:903</time></pt><pt><x>222</x><y>273</y><time>27-01-21 20:41:49:206</time></pt><pt><x>226</x><y>264</y><time>27-01-21 20:41:49:678</time></pt><pt><x>228</x><y>252</y><time>27-01-21 20:41:50:196</time></pt><pt><x>230</x><y>228</y><time>27-01-21 20:41:51:641</time></pt><pt><x>230</x><y>221</y><time>27-01-21 20:41:52:828</time></pt><pt><x>231</x><y>208</y><time>27-01-21 20:41:53:589</time></pt><pt><x>232</x><y>195</y><time>27-01-21 20:41:55:212</time></pt><pt><x>233</x><y>187</y><time>27-01-21 20:41:55:587</time></pt><pt><x>233</x><y>176</y><time>27-01-21 20:41:56:089</time></pt><pt><x>233</x><y>169</y><time>27-01-21 20:41:56:380</time></pt><pt><x>234</x><y>164</y><time>27-01-21 20:41:56:616</time></pt><pt><x>234</x><y>155</y><time>27-01-21 20:41:57:740</time></pt><pt><x>235</x><y>151</y><time>27-01-21 20:41:58:005</time></pt><pt><x>235</x><y>149</y><time>27-01-21 20:41:58:131</time></pt><pt><x>235</x><y>147</y><time>27-01-21 20:41:58:266</time></pt><pt><x>235</x><y>146</y><time>27-01-21 20:41:58:383</time></pt><pt><x>234</x><y>141</y><time>27-01-21 20:41:58:649</time></pt><pt><x>234</x><y>138</y><time>27-01-21 20:41:58:847</time></pt><pt><x>238</x><y>133</y><time>27-01-21 20:41:59:232</time></pt><pt><x>239</x><y>131</y><time>27-01-21 20:41:59:530</time></pt><pt><x>239</x><y>129</y><time>27-01-21 20:41:59:687</time></pt><pt><x>238</x><y>127</y><time>27-01-21 20:41:59:868</time></pt><pt><x>238</x><y>125</y><time>27-01-21 20:42:00:063</time></pt><pt><x>239</x><y>124</y><time>27-01-21 20:42:00:283</time></pt><pt><x>240</x><y>121</y><time>27-01-21 20:42:00:514</time></pt><pt><x>240</x><y>118</y><time>27-01-21 20:42:00:826</time></pt><pt><x>240</x><y>102</y><time>27-01-21 20:42:02:319</time></pt><pt><x>239</x><y>86</y><time>27-01-21 20:42:03:213</time></pt><pt><x>237</x><y>73</y><time>27-01-21 20:42:03:709</time></pt><pt><x>235</x><y>60</y><time>27-01-21 20:42:04:479</time></pt><pt><x>229</x><y>38</y><time>27-01-21 20:42:06:263</time></pt><pt><x>223</x><y>24</y><time>27-01-21 20:42:07:829</time></pt><pt><x>220</x><y>19</y><time>27-01-21 20:42:08:383</time></pt><pt><x>214</x><y>16</y><time>27-01-21 20:42:08:707</time></pt><pt><x>211</x><y>14</y><time>27-01-21 20:42:09:068</time></pt><pt><x>209</x><y>13</y><time>27-01-21 20:42:09:421</time></pt><pt><x>210</x><y>11</y><time>27-01-21 20:42:09:660</time></pt><pt><x>211</x><y>10</y><time>27-01-21 20:42:09:870</time></pt><pt><x>211</x><y>6</y><time>27-01-21 20:42:10:082</time></pt><pt><x>211</x><y>5</y><time>27-01-21 20:42:10:285</time></pt><pt><x>211</x><y>3</y><time>27-01-21 20:42:10:443</time></pt><pt><x>212</x><y>2</y><time>27-01-21 20:42:10:648</time></pt><pt><x>213</x><y>0</y><time>27-01-21 20:42:10:835</time></pt><closed_date>27-01-21 20:42:15:239</closed_date></polygon></object><object><name>person</name><deleted>0</deleted><verified>0</verified><occluded>no</occluded><attributes></attributes><parts><hasparts></hasparts><ispartof></ispartof></parts><date>27-01-21 20:45:18:128</date><id>1</id><polygon><username>7hao</username><pt><x>402</x><y>40</y><time>27-01-21 20:43:08:599</time></pt><pt><x>402</x><y>34</y><time>27-01-21 20:43:09:283</time></pt><pt><x>399</x><y>30</y><time>27-01-21 20:43:09:723</time></pt><pt><x>392</x><y>26</y><time>27-01-21 20:43:10:130</time></pt><pt><x>384</x><y>26</y><time>27-01-21 20:43:10:508</time></pt><pt><x>375</x><y>30</y><time>27-01-21 20:43:10:908</time></pt><pt><x>370</x><y>35</y><time>27-01-21 20:43:11:325</time></pt><pt><x>367</x><y>41</y><time>27-01-21 20:43:11:733</time></pt><pt><x>366</x><y>44</y><time>27-01-21 20:43:12:087</time></pt><pt><x>366</x><y>47</y><time>27-01-21 20:43:12:425</time></pt><pt><x>368</x><y>53</y><time>27-01-21 20:43:12:781</time></pt><pt><x>370</x><y>56</y><time>27-01-21 20:43:13:069</time></pt><pt><x>371</x><y>57</y><time>27-01-21 20:43:13:260</time></pt><pt><x>372</x><y>59</y><time>27-01-21 20:43:13:417</time></pt><pt><x>376</x><y>63</y><time>27-01-21 20:43:13:833</time></pt><pt><x>379</x><y>64</y><time>27-01-21 20:43:14:085</time></pt><pt><x>381</x><y>68</y><time>27-01-21 20:43:14:405</time></pt><pt><x>381</x><y>71</y><time>27-01-21 20:43:14:736</time></pt><pt><x>381</x><y>73</y><time>27-01-21 20:43:15:025</time></pt><pt><x>375</x><y>74</y><time>27-01-21 20:43:15:355</time></pt><pt><x>366</x><y>75</y><time>27-01-21 20:43:15:750</time></pt><pt><x>360</x><y>76</y><time>27-01-21 20:43:16:022</time></pt><pt><x>356</x><y>77</y><time>27-01-21 20:43:16:339</time></pt><pt><x>353</x><y>78</y><time>27-01-21 20:43:16:778</time></pt><pt><x>352</x><y>76</y><time>27-01-21 20:43:17:071</time></pt><pt><x>354</x><y>73</y><time>27-01-21 20:43:17:251</time></pt><pt><x>358</x><y>65</y><time>27-01-21 20:43:18:507</time></pt><pt><x>361</x><y>58</y><time>27-01-21 20:43:18:940</time></pt><pt><x>363</x><y>55</y><time>27-01-21 20:43:19:238</time></pt><pt><x>365</x><y>50</y><time>27-01-21 20:43:19:590</time></pt><pt><x>365</x><y>49</y><time>27-01-21 20:43:19:990</time></pt><pt><x>365</x><y>45</y><time>27-01-21 20:43:20:580</time></pt><pt><x>365</x><y>45</y><time>27-01-21 20:43:20:988</time></pt><pt><x>363</x><y>44</y><time>27-01-21 20:43:21:279</time></pt><pt><x>364</x><y>43</y><time>27-01-21 20:43:21:453</time></pt><pt><x>364</x><y>42</y><time>27-01-21 20:43:21:673</time></pt><pt><x>365</x><y>40</y><time>27-01-21 20:43:21:935</time></pt><pt><x>365</x><y>38</y><time>27-01-21 20:43:22:130</time></pt><pt><x>364</x><y>36</y><time>27-01-21 20:43:22:436</time></pt><pt><x>361</x><y>36</y><time>27-01-21 20:43:22:750</time></pt><pt><x>357</x><y>37</y><time>27-01-21 20:43:22:970</time></pt><pt><x>357</x><y>38</y><time>27-01-21 20:43:23:175</time></pt><pt><x>357</x><y>44</y><time>27-01-21 20:43:23:542</time></pt><pt><x>357</x><y>47</y><time>27-01-21 20:43:23:818</time></pt><pt><x>355</x><y>50</y><time>27-01-21 20:43:24:054</time></pt><pt><x>353</x><y>52</y><time>27-01-21 20:43:24:234</time></pt><pt><x>348</x><y>59</y><time>27-01-21 20:43:24:850</time></pt><pt><x>344</x><y>65</y><time>27-01-21 20:43:27:980</time></pt><pt><x>340</x><y>70</y><time>27-01-21 20:43:28:470</time></pt><pt><x>338</x><y>74</y><time>27-01-21 20:43:28:721</time></pt><pt><x>337</x><y>76</y><time>27-01-21 20:43:28:877</time></pt><pt><x>335</x><y>79</y><time>27-01-21 20:43:29:183</time></pt><pt><x>333</x><y>83</y><time>27-01-21 20:43:29:365</time></pt><pt><x>332</x><y>88</y><time>27-01-21 20:43:29:687</time></pt><pt><x>332</x><y>93</y><time>27-01-21 20:43:29:923</time></pt><pt><x>334</x><y>95</y><time>27-01-21 20:43:30:121</time></pt><pt><x>341</x><y>98</y><time>27-01-21 20:43:30:490</time></pt><pt><x>350</x><y>100</y><time>27-01-21 20:43:30:975</time></pt><pt><x>357</x><y>101</y><time>27-01-21 20:43:31:306</time></pt><pt><x>360</x><y>103</y><time>27-01-21 20:43:31:535</time></pt><pt><x>361</x><y>106</y><time>27-01-21 20:43:31:862</time></pt><pt><x>361</x><y>113</y><time>27-01-21 20:43:32:436</time></pt><pt><x>359</x><y>148</y><time>27-01-21 20:43:35:275</time></pt><pt><x>360</x><y>162</y><time>27-01-21 20:43:36:791</time></pt><pt><x>359</x><y>169</y><time>27-01-21 20:43:37:215</time></pt><pt><x>357</x><y>179</y><time>27-01-21 20:43:37:733</time></pt><pt><x>358</x><y>207</y><time>27-01-21 20:43:43:423</time></pt><pt><x>359</x><y>217</y><time>27-01-21 20:43:43:966</time></pt><pt><x>360</x><y>228</y><time>27-01-21 20:43:44:530</time></pt><pt><x>361</x><y>234</y><time>27-01-21 20:43:44:917</time></pt><pt><x>359</x><y>239</y><time>27-01-21 20:43:45:277</time></pt><pt><x>356</x><y>249</y><time>27-01-21 20:43:47:016</time></pt><pt><x>356</x><y>254</y><time>27-01-21 20:43:47:299</time></pt><pt><x>356</x><y>259</y><time>27-01-21 20:43:47:477</time></pt><pt><x>356</x><y>276</y><time>27-01-21 20:43:48:280</time></pt><pt><x>356</x><y>279</y><time>27-01-21 20:43:48:572</time></pt><pt><x>355</x><y>282</y><time>27-01-21 20:43:48:703</time></pt><pt><x>355</x><y>283</y><time>27-01-21 20:43:48:861</time></pt><pt><x>356</x><y>286</y><time>27-01-21 20:43:49:050</time></pt><pt><x>358</x><y>288</y><time>27-01-21 20:43:49:231</time></pt><pt><x>357</x><y>293</y><time>27-01-21 20:43:49:545</time></pt><pt><x>356</x><y>296</y><time>27-01-21 20:43:49:765</time></pt><pt><x>354</x><y>300</y><time>27-01-21 20:43:50:182</time></pt><pt><x>349</x><y>307</y><time>27-01-21 20:43:50:894</time></pt><pt><x>349</x><y>310</y><time>27-01-21 20:43:51:124</time></pt><pt><x>349</x><y>311</y><time>27-01-21 20:43:51:281</time></pt><pt><x>355</x><y>313</y><time>27-01-21 20:43:51:543</time></pt><pt><x>362</x><y>313</y><time>27-01-21 20:43:52:052</time></pt><pt><x>366</x><y>313</y><time>27-01-21 20:43:52:296</time></pt><pt><x>367</x><y>312</y><time>27-01-21 20:43:52:474</time></pt><pt><x>368</x><y>310</y><time>27-01-21 20:43:52:639</time></pt><pt><x>370</x><y>310</y><time>27-01-21 20:43:52:797</time></pt><pt><x>371</x><y>309</y><time>27-01-21 20:43:52:984</time></pt><pt><x>371</x><y>307</y><time>27-01-21 20:43:53:136</time></pt><pt><x>370</x><y>304</y><time>27-01-21 20:43:53:404</time></pt><pt><x>370</x><y>300</y><time>27-01-21 20:43:53:609</time></pt><pt><x>372</x><y>291</y><time>27-01-21 20:43:54:283</time></pt><pt><x>374</x><y>282</y><time>27-01-21 20:43:54:879</time></pt><pt><x>378</x><y>260</y><time>27-01-21 20:43:58:456</time></pt><pt><x>378</x><y>252</y><time>27-01-21 20:43:59:006</time></pt><pt><x>380</x><y>243</y><time>27-01-21 20:43:59:531</time></pt><pt><x>383</x><y>231</y><time>27-01-21 20:44:00:419</time></pt><pt><x>384</x><y>219</y><time>27-01-21 20:44:01:136</time></pt><pt><x>385</x><y>246</y><time>27-01-21 20:44:02:736</time></pt><pt><x>386</x><y>267</y><time>27-01-21 20:44:06:233</time></pt><pt><x>386</x><y>279</y><time>27-01-21 20:44:06:657</time></pt><pt><x>388</x><y>284</y><time>27-01-21 20:44:06:934</time></pt><pt><x>388</x><y>287</y><time>27-01-21 20:44:07:106</time></pt><pt><x>388</x><y>290</y><time>27-01-21 20:44:07:327</time></pt><pt><x>388</x><y>293</y><time>27-01-21 20:44:07:442</time></pt><pt><x>389</x><y>293</y><time>27-01-21 20:44:07:671</time></pt><pt><x>390</x><y>295</y><time>27-01-21 20:44:07:868</time></pt><pt><x>391</x><y>297</y><time>27-01-21 20:44:08:042</time></pt><pt><x>390</x><y>299</y><time>27-01-21 20:44:08:307</time></pt><pt><x>389</x><y>302</y><time>27-01-21 20:44:08:475</time></pt><pt><x>389</x><y>307</y><time>27-01-21 20:44:08:787</time></pt><pt><x>389</x><y>309</y><time>27-01-21 20:44:09:006</time></pt><pt><x>395</x><y>310</y><time>27-01-21 20:44:09:244</time></pt><pt><x>395</x><y>310</y><time>27-01-21 20:44:09:425</time></pt><pt><x>399</x><y>312</y><time>27-01-21 20:44:09:676</time></pt><pt><x>406</x><y>313</y><time>27-01-21 20:44:10:076</time></pt><pt><x>413</x><y>312</y><time>27-01-21 20:44:10:328</time></pt><pt><x>415</x><y>310</y><time>27-01-21 20:44:10:798</time></pt><pt><x>414</x><y>307</y><time>27-01-21 20:44:11:011</time></pt><pt><x>407</x><y>299</y><time>27-01-21 20:44:14:060</time></pt><pt><x>405</x><y>295</y><time>27-01-21 20:44:14:442</time></pt><pt><x>403</x><y>289</y><time>27-01-21 20:44:14:900</time></pt><pt><x>405</x><y>285</y><time>27-01-21 20:44:15:197</time></pt><pt><x>406</x><y>281</y><time>27-01-21 20:44:15:607</time></pt><pt><x>405</x><y>271</y><time>27-01-21 20:44:16:447</time></pt><pt><x>407</x><y>259</y><time>27-01-21 20:44:17:665</time></pt><pt><x>408</x><y>250</y><time>27-01-21 20:44:17:997</time></pt><pt><x>409</x><y>247</y><time>27-01-21 20:44:18:176</time></pt><pt><x>409</x><y>243</y><time>27-01-21 20:44:18:317</time></pt><pt><x>407</x><y>240</y><time>27-01-21 20:44:18:632</time></pt><pt><x>407</x><y>237</y><time>27-01-21 20:44:18:828</time></pt><pt><x>408</x><y>234</y><time>27-01-21 20:44:18:985</time></pt><pt><x>410</x><y>224</y><time>27-01-21 20:44:20:016</time></pt><pt><x>416</x><y>182</y><time>27-01-21 20:44:21:389</time></pt><pt><x>417</x><y>175</y><time>27-01-21 20:44:21:775</time></pt><pt><x>417</x><y>171</y><time>27-01-21 20:44:21:996</time></pt><pt><x>417</x><y>167</y><time>27-01-21 20:44:22:200</time></pt><pt><x>416</x><y>164</y><time>27-01-21 20:44:22:412</time></pt><pt><x>416</x><y>160</y><time>27-01-21 20:44:22:607</time></pt><pt><x>416</x><y>156</y><time>27-01-21 20:44:22:929</time></pt><pt><x>416</x><y>154</y><time>27-01-21 20:44:23:197</time></pt><pt><x>418</x><y>153</y><time>27-01-21 20:44:23:552</time></pt><pt><x>419</x><y>155</y><time>27-01-21 20:44:23:857</time></pt><pt><x>419</x><y>158</y><time>27-01-21 20:44:24:070</time></pt><pt><x>419</x><y>162</y><time>27-01-21 20:44:24:319</time></pt><pt><x>420</x><y>165</y><time>27-01-21 20:44:24:479</time></pt><pt><x>420</x><y>168</y><time>27-01-21 20:44:24:683</time></pt><pt><x>422</x><y>171</y><time>27-01-21 20:44:24:869</time></pt><pt><x>422</x><y>173</y><time>27-01-21 20:44:25:036</time></pt><pt><x>421</x><y>176</y><time>27-01-21 20:44:25:232</time></pt><pt><x>420</x><y>178</y><time>27-01-21 20:44:25:382</time></pt><pt><x>420</x><y>182</y><time>27-01-21 20:44:25:546</time></pt><pt><x>420</x><y>187</y><time>27-01-21 20:44:25:757</time></pt><pt><x>420</x><y>192</y><time>27-01-21 20:44:26:001</time></pt><pt><x>420</x><y>195</y><time>27-01-21 20:44:26:284</time></pt><pt><x>423</x><y>195</y><time>27-01-21 20:44:26:528</time></pt><pt><x>425</x><y>195</y><time>27-01-21 20:44:26:732</time></pt><pt><x>429</x><y>190</y><time>27-01-21 20:44:36:265</time></pt><pt><x>431</x><y>183</y><time>27-01-21 20:44:36:923</time></pt><pt><x>431</x><y>178</y><time>27-01-21 20:44:37:347</time></pt><pt><x>431</x><y>174</y><time>27-01-21 20:44:37:733</time></pt><pt><x>432</x><y>170</y><time>27-01-21 20:44:38:030</time></pt><pt><x>434</x><y>167</y><time>27-01-21 20:44:38:425</time></pt><pt><x>435</x><y>159</y><time>27-01-21 20:44:39:116</time></pt><pt><x>433</x><y>133</y><time>27-01-21 20:44:41:646</time></pt><pt><x>432</x><y>115</y><time>27-01-21 20:44:42:376</time></pt><pt><x>429</x><y>100</y><time>27-01-21 20:44:43:875</time></pt><pt><x>427</x><y>88</y><time>27-01-21 20:44:45:564</time></pt><pt><x>424</x><y>83</y><time>27-01-21 20:44:47:309</time></pt><pt><x>417</x><y>79</y><time>27-01-21 20:44:47:789</time></pt><pt><x>407</x><y>75</y><time>27-01-21 20:44:48:254</time></pt><pt><x>402</x><y>74</y><time>27-01-21 20:44:48:629</time></pt><pt><x>400</x><y>71</y><time>27-01-21 20:44:48:913</time></pt><pt><x>400</x><y>68</y><time>27-01-21 20:44:49:134</time></pt><pt><x>404</x><y>59</y><time>27-01-21 20:44:51:294</time></pt><pt><x>404</x><y>52</y><time>27-01-21 20:44:51:693</time></pt><pt><x>403</x><y>49</y><time>27-01-21 20:44:51:952</time></pt><pt><x>403</x><y>47</y><time>27-01-21 20:44:52:118</time></pt><pt><x>402</x><y>44</y><time>27-01-21 20:44:52:377</time></pt><closed_date>27-01-21 20:44:52:880</closed_date></polygon></object><object><name>person</name><deleted>0</deleted><verified>0</verified><occluded>no</occluded><attributes></attributes><parts><hasparts></hasparts><ispartof></ispartof></parts><date>27-01-21 20:47:16:610</date><id>2</id><polygon><username>7hao</username><pt><x>467</x><y>0</y><time>27-01-21 20:45:34:500</time></pt><pt><x>463</x><y>8</y><time>27-01-21 20:45:34:912</time></pt><pt><x>459</x><y>16</y><time>27-01-21 20:45:35:300</time></pt><pt><x>457</x><y>26</y><time>27-01-21 20:45:35:755</time></pt><pt><x>456</x><y>45</y><time>27-01-21 20:45:36:257</time></pt><pt><x>456</x><y>58</y><time>27-01-21 20:45:36:713</time></pt><pt><x>454</x><y>76</y><time>27-01-21 20:45:37:223</time></pt><pt><x>452</x><y>80</y><time>27-01-21 20:45:37:453</time></pt><pt><x>446</x><y>85</y><time>27-01-21 20:45:37:664</time></pt><pt><x>442</x><y>92</y><time>27-01-21 20:45:38:087</time></pt><pt><x>443</x><y>95</y><time>27-01-21 20:45:38:268</time></pt><pt><x>448</x><y>100</y><time>27-01-21 20:45:38:574</time></pt><pt><x>449</x><y>114</y><time>27-01-21 20:45:39:840</time></pt><pt><x>450</x><y>120</y><time>27-01-21 20:45:40:005</time></pt><pt><x>453</x><y>124</y><time>27-01-21 20:45:40:319</time></pt><pt><x>452</x><y>128</y><time>27-01-21 20:45:40:491</time></pt><pt><x>450</x><y>131</y><time>27-01-21 20:45:40:659</time></pt><pt><x>446</x><y>139</y><time>27-01-21 20:45:40:909</time></pt><pt><x>445</x><y>145</y><time>27-01-21 20:45:41:057</time></pt><pt><x>445</x><y>155</y><time>27-01-21 20:45:41:309</time></pt><pt><x>446</x><y>160</y><time>27-01-21 20:45:41:459</time></pt><pt><x>446</x><y>165</y><time>27-01-21 20:45:41:607</time></pt><pt><x>438</x><y>188</y><time>27-01-21 20:45:44:027</time></pt><pt><x>435</x><y>198</y><time>27-01-21 20:45:44:304</time></pt><pt><x>434</x><y>215</y><time>27-01-21 20:45:44:757</time></pt><pt><x>435</x><y>230</y><time>27-01-21 20:45:45:160</time></pt><pt><x>438</x><y>252</y><time>27-01-21 20:45:46:605</time></pt><pt><x>439</x><y>256</y><time>27-01-21 20:45:46:839</time></pt><pt><x>437</x><y>264</y><time>27-01-21 20:45:46:981</time></pt><pt><x>432</x><y>277</y><time>27-01-21 20:45:47:351</time></pt><pt><x>424</x><y>300</y><time>27-01-21 20:45:47:903</time></pt><pt><x>420</x><y>311</y><time>27-01-21 20:45:48:271</time></pt><pt><x>421</x><y>321</y><time>27-01-21 20:45:48:633</time></pt><pt><x>422</x><y>330</y><time>27-01-21 20:45:48:829</time></pt><pt><x>418</x><y>335</y><time>27-01-21 20:45:52:042</time></pt><pt><x>411</x><y>341</y><time>27-01-21 20:45:52:316</time></pt><pt><x>408</x><y>344</y><time>27-01-21 20:45:52:490</time></pt><pt><x>408</x><y>345</y><time>27-01-21 20:45:52:726</time></pt><pt><x>402</x><y>347</y><time>27-01-21 20:45:53:023</time></pt><pt><x>395</x><y>347</y><time>27-01-21 20:45:53:203</time></pt><pt><x>391</x><y>348</y><time>27-01-21 20:45:53:472</time></pt><pt><x>389</x><y>350</y><time>27-01-21 20:45:53:732</time></pt><pt><x>387</x><y>352</y><time>27-01-21 20:45:53:981</time></pt><pt><x>389</x><y>358</y><time>27-01-21 20:45:54:280</time></pt><pt><x>395</x><y>362</y><time>27-01-21 20:45:54:574</time></pt><pt><x>412</x><y>366</y><time>27-01-21 20:45:54:998</time></pt><pt><x>427</x><y>365</y><time>27-01-21 20:45:55:356</time></pt><pt><x>436</x><y>365</y><time>27-01-21 20:45:55:584</time></pt><pt><x>446</x><y>367</y><time>27-01-21 20:45:55:867</time></pt><pt><x>463</x><y>367</y><time>27-01-21 20:45:57:965</time></pt><pt><x>464</x><y>364</y><time>27-01-21 20:45:58:279</time></pt><pt><x>464</x><y>362</y><time>27-01-21 20:45:58:443</time></pt><pt><x>463</x><y>357</y><time>27-01-21 20:45:58:665</time></pt><pt><x>463</x><y>349</y><time>27-01-21 20:45:58:940</time></pt><pt><x>464</x><y>348</y><time>27-01-21 20:45:59:144</time></pt><pt><x>469</x><y>347</y><time>27-01-21 20:45:59:379</time></pt><pt><x>471</x><y>344</y><time>27-01-21 20:45:59:577</time></pt><pt><x>470</x><y>339</y><time>27-01-21 20:45:59:776</time></pt><pt><x>467</x><y>333</y><time>27-01-21 20:46:00:069</time></pt><pt><x>467</x><y>329</y><time>27-01-21 20:46:00:251</time></pt><pt><x>470</x><y>310</y><time>27-01-21 20:46:00:839</time></pt><pt><x>479</x><y>282</y><time>27-01-21 20:46:03:434</time></pt><pt><x>485</x><y>266</y><time>27-01-21 20:46:04:061</time></pt><pt><x>488</x><y>251</y><time>27-01-21 20:46:05:514</time></pt><pt><x>489</x><y>244</y><time>27-01-21 20:46:05:813</time></pt><pt><x>490</x><y>240</y><time>27-01-21 20:46:05:985</time></pt><pt><x>491</x><y>235</y><time>27-01-21 20:46:06:197</time></pt><pt><x>491</x><y>229</y><time>27-01-21 20:46:06:418</time></pt><pt><x>494</x><y>222</y><time>27-01-21 20:46:06:687</time></pt><pt><x>496</x><y>219</y><time>27-01-21 20:46:06:919</time></pt><pt><x>498</x><y>220</y><time>27-01-21 20:46:07:187</time></pt><pt><x>502</x><y>222</y><time>27-01-21 20:46:07:441</time></pt><pt><x>503</x><y>225</y><time>27-01-21 20:46:07:746</time></pt><pt><x>505</x><y>229</y><time>27-01-21 20:46:07:949</time></pt><pt><x>515</x><y>254</y><time>27-01-21 20:46:11:422</time></pt><pt><x>520</x><y>265</y><time>27-01-21 20:46:12:200</time></pt><pt><x>539</x><y>306</y><time>27-01-21 20:46:20:653</time></pt><pt><x>546</x><y>319</y><time>27-01-21 20:46:21:455</time></pt><pt><x>560</x><y>345</y><time>27-01-21 20:46:25:877</time></pt><pt><x>563</x><y>350</y><time>27-01-21 20:46:26:594</time></pt><pt><x>564</x><y>353</y><time>27-01-21 20:46:26:777</time></pt><pt><x>564</x><y>355</y><time>27-01-21 20:46:26:926</time></pt><pt><x>565</x><y>357</y><time>27-01-21 20:46:27:080</time></pt><pt><x>565</x><y>360</y><time>27-01-21 20:46:27:213</time></pt><pt><x>565</x><y>363</y><time>27-01-21 20:46:27:364</time></pt><pt><x>565</x><y>366</y><time>27-01-21 20:46:27:544</time></pt><pt><x>565</x><y>370</y><time>27-01-21 20:46:27:804</time></pt><pt><x>567</x><y>372</y><time>27-01-21 20:46:27:984</time></pt><pt><x>573</x><y>374</y><time>27-01-21 20:46:28:171</time></pt><pt><x>577</x><y>375</y><time>27-01-21 20:46:28:574</time></pt><pt><x>579</x><y>375</y><time>27-01-21 20:46:28:793</time></pt><pt><x>594</x><y>375</y><time>27-01-21 20:46:30:763</time></pt><pt><x>598</x><y>370</y><time>27-01-21 20:46:31:087</time></pt><pt><x>600</x><y>366</y><time>27-01-21 20:46:31:251</time></pt><pt><x>598</x><y>358</y><time>27-01-21 20:46:31:567</time></pt><pt><x>595</x><y>349</y><time>27-01-21 20:46:31:863</time></pt><pt><x>593</x><y>335</y><time>27-01-21 20:46:32:964</time></pt><pt><x>592</x><y>329</y><time>27-01-21 20:46:33:154</time></pt><pt><x>590</x><y>325</y><time>27-01-21 20:46:33:340</time></pt><pt><x>589</x><y>319</y><time>27-01-21 20:46:33:507</time></pt><pt><x>588</x><y>315</y><time>27-01-21 20:46:33:671</time></pt><pt><x>584</x><y>310</y><time>27-01-21 20:46:33:851</time></pt><pt><x>578</x><y>306</y><time>27-01-21 20:46:34:087</time></pt><pt><x>578</x><y>302</y><time>27-01-21 20:46:34:293</time></pt><pt><x>578</x><y>297</y><time>27-01-21 20:46:34:417</time></pt><pt><x>579</x><y>295</y><time>27-01-21 20:46:34:527</time></pt><pt><x>576</x><y>286</y><time>27-01-21 20:46:34:828</time></pt><pt><x>559</x><y>244</y><time>27-01-21 20:46:44:638</time></pt><pt><x>547</x><y>227</y><time>27-01-21 20:46:45:408</time></pt><pt><x>542</x><y>227</y><time>27-01-21 20:46:48:353</time></pt><pt><x>540</x><y>222</y><time>27-01-21 20:46:48:565</time></pt><pt><x>539</x><y>218</y><time>27-01-21 20:46:48:745</time></pt><pt><x>537</x><y>213</y><time>27-01-21 20:46:49:016</time></pt><pt><x>536</x><y>207</y><time>27-01-21 20:46:53:672</time></pt><pt><x>536</x><y>199</y><time>27-01-21 20:46:53:964</time></pt><pt><x>540</x><y>130</y><time>27-01-21 20:46:55:048</time></pt><pt><x>544</x><y>116</y><time>27-01-21 20:46:55:411</time></pt><pt><x>548</x><y>111</y><time>27-01-21 20:46:55:617</time></pt><pt><x>557</x><y>106</y><time>27-01-21 20:46:55:839</time></pt><pt><x>567</x><y>96</y><time>27-01-21 20:46:56:981</time></pt><pt><x>568</x><y>91</y><time>27-01-21 20:46:57:191</time></pt><pt><x>566</x><y>87</y><time>27-01-21 20:46:57:310</time></pt><pt><x>569</x><y>81</y><time>27-01-21 20:46:57:461</time></pt><pt><x>575</x><y>63</y><time>27-01-21 20:46:57:860</time></pt><pt><x>577</x><y>37</y><time>27-01-21 20:46:58:929</time></pt><pt><x>571</x><y>19</y><time>27-01-21 20:46:59:824</time></pt><pt><x>566</x><y>12</y><time>27-01-21 20:46:59:996</time></pt><pt><x>565</x><y>5</y><time>27-01-21 20:47:00:146</time></pt><pt><x>564</x><y>2</y><time>27-01-21 20:47:00:751</time></pt><pt><x>564</x><y>0</y><time>27-01-21 20:47:11:454</time></pt><closed_date>27-01-21 20:47:14:297</closed_date></polygon></object></annotation>