<annotation><filename>frame0038.jpg</filename><folder>users/lab605//7hao/human_20210119_4</folder><source><submittedBy>lab605</submittedBy></source><imagesize><nrows>480</nrows><ncols>640</ncols></imagesize><object><name>person</name><deleted>0</deleted><verified>0</verified><occluded>no</occluded><attributes></attributes><parts><hasparts></hasparts><ispartof></ispartof></parts><date>25-01-21 17:26:38:282</date><id>0</id><polygon><username>7hao</username><pt><x>434</x><y>0</y><time>25-01-21 17:23:55:179</time></pt><pt><x>434</x><y>4</y><time>25-01-21 17:23:58:484</time></pt><pt><x>435</x><y>9</y><time>25-01-21 17:23:58:817</time></pt><pt><x>436</x><y>15</y><time>25-01-21 17:24:01:396</time></pt><pt><x>437</x><y>16</y><time>25-01-21 17:24:01:630</time></pt><pt><x>439</x><y>19</y><time>25-01-21 17:24:01:822</time></pt><pt><x>439</x><y>20</y><time>25-01-21 17:24:01:999</time></pt><pt><x>437</x><y>22</y><time>25-01-21 17:24:02:203</time></pt><pt><x>435</x><y>22</y><time>25-01-21 17:24:02:361</time></pt><pt><x>429</x><y>25</y><time>25-01-21 17:24:02:729</time></pt><pt><x>424</x><y>33</y><time>25-01-21 17:24:03:123</time></pt><pt><x>419</x><y>40</y><time>25-01-21 17:24:03:462</time></pt><pt><x>418</x><y>46</y><time>25-01-21 17:24:03:728</time></pt><pt><x>417</x><y>53</y><time>25-01-21 17:24:05:316</time></pt><pt><x>419</x><y>55</y><time>25-01-21 17:24:05:560</time></pt><pt><x>421</x><y>58</y><time>25-01-21 17:24:05:913</time></pt><pt><x>422</x><y>59</y><time>25-01-21 17:24:06:117</time></pt><pt><x>423</x><y>64</y><time>25-01-21 17:24:06:425</time></pt><pt><x>421</x><y>72</y><time>25-01-21 17:24:06:811</time></pt><pt><x>419</x><y>87</y><time>25-01-21 17:24:07:905</time></pt><pt><x>419</x><y>98</y><time>25-01-21 17:24:10:732</time></pt><pt><x>418</x><y>112</y><time>25-01-21 17:24:11:203</time></pt><pt><x>416</x><y>131</y><time>25-01-21 17:24:17:201</time></pt><pt><x>416</x><y>138</y><time>25-01-21 17:24:17:523</time></pt><pt><x>417</x><y>146</y><time>25-01-21 17:24:17:988</time></pt><pt><x>416</x><y>151</y><time>25-01-21 17:24:18:333</time></pt><pt><x>415</x><y>153</y><time>25-01-21 17:24:18:586</time></pt><pt><x>416</x><y>156</y><time>25-01-21 17:24:18:870</time></pt><pt><x>417</x><y>159</y><time>25-01-21 17:24:19:098</time></pt><pt><x>420</x><y>161</y><time>25-01-21 17:24:19:449</time></pt><pt><x>419</x><y>164</y><time>25-01-21 17:24:22:254</time></pt><pt><x>419</x><y>169</y><time>25-01-21 17:24:22:453</time></pt><pt><x>420</x><y>172</y><time>25-01-21 17:24:22:633</time></pt><pt><x>422</x><y>176</y><time>25-01-21 17:24:22:860</time></pt><pt><x>425</x><y>178</y><time>25-01-21 17:24:23:122</time></pt><pt><x>425</x><y>186</y><time>25-01-21 17:24:24:381</time></pt><pt><x>425</x><y>204</y><time>25-01-21 17:24:24:999</time></pt><pt><x>424</x><y>211</y><time>25-01-21 17:24:25:361</time></pt><pt><x>423</x><y>215</y><time>25-01-21 17:24:25:573</time></pt><pt><x>422</x><y>220</y><time>25-01-21 17:24:26:714</time></pt><pt><x>420</x><y>224</y><time>25-01-21 17:24:26:942</time></pt><pt><x>419</x><y>227</y><time>25-01-21 17:24:27:096</time></pt><pt><x>419</x><y>232</y><time>25-01-21 17:24:27:325</time></pt><pt><x>418</x><y>235</y><time>25-01-21 17:24:27:531</time></pt><pt><x>410</x><y>259</y><time>25-01-21 17:24:44:552</time></pt><pt><x>407</x><y>271</y><time>25-01-21 17:24:45:189</time></pt><pt><x>406</x><y>279</y><time>25-01-21 17:24:45:938</time></pt><pt><x>405</x><y>286</y><time>25-01-21 17:24:52:829</time></pt><pt><x>403</x><y>290</y><time>25-01-21 17:24:53:073</time></pt><pt><x>403</x><y>293</y><time>25-01-21 17:24:56:869</time></pt><pt><x>402</x><y>295</y><time>25-01-21 17:24:57:037</time></pt><pt><x>402</x><y>298</y><time>25-01-21 17:24:57:185</time></pt><pt><x>404</x><y>300</y><time>25-01-21 17:24:59:331</time></pt><pt><x>404</x><y>301</y><time>25-01-21 17:24:59:498</time></pt><pt><x>403</x><y>303</y><time>25-01-21 17:24:59:653</time></pt><pt><x>400</x><y>304</y><time>25-01-21 17:24:59:825</time></pt><pt><x>400</x><y>309</y><time>25-01-21 17:25:00:407</time></pt><pt><x>400</x><y>312</y><time>25-01-21 17:25:00:654</time></pt><pt><x>399</x><y>314</y><time>25-01-21 17:25:00:824</time></pt><pt><x>398</x><y>316</y><time>25-01-21 17:25:01:000</time></pt><pt><x>397</x><y>320</y><time>25-01-21 17:25:01:359</time></pt><pt><x>397</x><y>322</y><time>25-01-21 17:25:01:541</time></pt><pt><x>403</x><y>323</y><time>25-01-21 17:25:01:845</time></pt><pt><x>433</x><y>323</y><time>25-01-21 17:25:02:622</time></pt><pt><x>446</x><y>322</y><time>25-01-21 17:25:03:032</time></pt><pt><x>448</x><y>319</y><time>25-01-21 17:25:03:315</time></pt><pt><x>448</x><y>317</y><time>25-01-21 17:25:03:617</time></pt><pt><x>446</x><y>313</y><time>25-01-21 17:25:03:873</time></pt><pt><x>442</x><y>312</y><time>25-01-21 17:25:04:205</time></pt><pt><x>438</x><y>311</y><time>25-01-21 17:25:04:479</time></pt><pt><x>435</x><y>309</y><time>25-01-21 17:25:04:849</time></pt><pt><x>434</x><y>307</y><time>25-01-21 17:25:05:061</time></pt><pt><x>433</x><y>303</y><time>25-01-21 17:25:05:280</time></pt><pt><x>432</x><y>295</y><time>25-01-21 17:25:05:689</time></pt><pt><x>431</x><y>289</y><time>25-01-21 17:25:06:075</time></pt><pt><x>431</x><y>285</y><time>25-01-21 17:25:06:349</time></pt><pt><x>433</x><y>282</y><time>25-01-21 17:25:06:626</time></pt><pt><x>441</x><y>266</y><time>25-01-21 17:25:07:836</time></pt><pt><x>445</x><y>259</y><time>25-01-21 17:25:16:579</time></pt><pt><x>447</x><y>252</y><time>25-01-21 17:25:16:987</time></pt><pt><x>451</x><y>242</y><time>25-01-21 17:25:19:409</time></pt><pt><x>451</x><y>239</y><time>25-01-21 17:25:19:734</time></pt><pt><x>454</x><y>234</y><time>25-01-21 17:25:32:805</time></pt><pt><x>457</x><y>238</y><time>25-01-21 17:25:33:208</time></pt><pt><x>460</x><y>245</y><time>25-01-21 17:25:33:663</time></pt><pt><x>463</x><y>253</y><time>25-01-21 17:25:34:056</time></pt><pt><x>465</x><y>260</y><time>25-01-21 17:25:34:352</time></pt><pt><x>471</x><y>274</y><time>25-01-21 17:25:37:414</time></pt><pt><x>479</x><y>293</y><time>25-01-21 17:25:38:576</time></pt><pt><x>482</x><y>301</y><time>25-01-21 17:25:38:905</time></pt><pt><x>488</x><y>316</y><time>25-01-21 17:25:40:233</time></pt><pt><x>489</x><y>318</y><time>25-01-21 17:25:50:044</time></pt><pt><x>490</x><y>322</y><time>25-01-21 17:25:50:185</time></pt><pt><x>489</x><y>325</y><time>25-01-21 17:25:50:359</time></pt><pt><x>490</x><y>328</y><time>25-01-21 17:25:50:572</time></pt><pt><x>495</x><y>329</y><time>25-01-21 17:25:50:785</time></pt><pt><x>511</x><y>330</y><time>25-01-21 17:25:51:460</time></pt><pt><x>534</x><y>327</y><time>25-01-21 17:25:54:290</time></pt><pt><x>536</x><y>326</y><time>25-01-21 17:25:54:500</time></pt><pt><x>539</x><y>321</y><time>25-01-21 17:25:55:576</time></pt><pt><x>540</x><y>316</y><time>25-01-21 17:25:55:743</time></pt><pt><x>535</x><y>311</y><time>25-01-21 17:25:55:979</time></pt><pt><x>528</x><y>309</y><time>25-01-21 17:25:56:207</time></pt><pt><x>521</x><y>307</y><time>25-01-21 17:25:56:497</time></pt><pt><x>516</x><y>303</y><time>25-01-21 17:25:56:710</time></pt><pt><x>511</x><y>299</y><time>25-01-21 17:25:56:905</time></pt><pt><x>507</x><y>294</y><time>25-01-21 17:25:57:103</time></pt><pt><x>505</x><y>289</y><time>25-01-21 17:25:57:810</time></pt><pt><x>501</x><y>259</y><time>25-01-21 17:25:58:807</time></pt><pt><x>498</x><y>247</y><time>25-01-21 17:25:59:193</time></pt><pt><x>495</x><y>222</y><time>25-01-21 17:26:00:175</time></pt><pt><x>493</x><y>218</y><time>25-01-21 17:26:00:402</time></pt><pt><x>491</x><y>216</y><time>25-01-21 17:26:00:585</time></pt><pt><x>491</x><y>212</y><time>25-01-21 17:26:00:765</time></pt><pt><x>491</x><y>207</y><time>25-01-21 17:26:00:984</time></pt><pt><x>489</x><y>203</y><time>25-01-21 17:26:01:487</time></pt><pt><x>490</x><y>200</y><time>25-01-21 17:26:01:645</time></pt><pt><x>490</x><y>196</y><time>25-01-21 17:26:01:794</time></pt><pt><x>486</x><y>187</y><time>25-01-21 17:26:02:823</time></pt><pt><x>481</x><y>182</y><time>25-01-21 17:26:02:998</time></pt><pt><x>477</x><y>169</y><time>25-01-21 17:26:04:089</time></pt><pt><x>482</x><y>167</y><time>25-01-21 17:26:04:366</time></pt><pt><x>485</x><y>166</y><time>25-01-21 17:26:04:569</time></pt><pt><x>488</x><y>166</y><time>25-01-21 17:26:14:326</time></pt><pt><x>490</x><y>165</y><time>25-01-21 17:26:14:520</time></pt><pt><x>491</x><y>161</y><time>25-01-21 17:26:14:695</time></pt><pt><x>490</x><y>158</y><time>25-01-21 17:26:14:851</time></pt><pt><x>488</x><y>153</y><time>25-01-21 17:26:15:056</time></pt><pt><x>485</x><y>150</y><time>25-01-21 17:26:15:210</time></pt><pt><x>482</x><y>145</y><time>25-01-21 17:26:15:962</time></pt><pt><x>480</x><y>142</y><time>25-01-21 17:26:16:163</time></pt><pt><x>478</x><y>139</y><time>25-01-21 17:26:16:327</time></pt><pt><x>479</x><y>129</y><time>25-01-21 17:26:17:231</time></pt><pt><x>478</x><y>123</y><time>25-01-21 17:26:17:375</time></pt><pt><x>477</x><y>115</y><time>25-01-21 17:26:17:655</time></pt><pt><x>476</x><y>113</y><time>25-01-21 17:26:17:845</time></pt><pt><x>474</x><y>103</y><time>25-01-21 17:26:19:172</time></pt><pt><x>475</x><y>100</y><time>25-01-21 17:26:19:355</time></pt><pt><x>476</x><y>97</y><time>25-01-21 17:26:19:511</time></pt><pt><x>476</x><y>92</y><time>25-01-21 17:26:19:724</time></pt><pt><x>475</x><y>87</y><time>25-01-21 17:26:19:873</time></pt><pt><x>472</x><y>79</y><time>25-01-21 17:26:20:122</time></pt><pt><x>471</x><y>75</y><time>25-01-21 17:26:20:307</time></pt><pt><x>469</x><y>72</y><time>25-01-21 17:26:20:501</time></pt><pt><x>467</x><y>69</y><time>25-01-21 17:26:20:657</time></pt><pt><x>467</x><y>57</y><time>25-01-21 17:26:21:538</time></pt><pt><x>466</x><y>51</y><time>25-01-21 17:26:21:671</time></pt><pt><x>464</x><y>46</y><time>25-01-21 17:26:21:853</time></pt><pt><x>463</x><y>37</y><time>25-01-21 17:26:24:586</time></pt><pt><x>463</x><y>35</y><time>25-01-21 17:26:24:746</time></pt><pt><x>466</x><y>34</y><time>25-01-21 17:26:24:982</time></pt><pt><x>469</x><y>33</y><time>25-01-21 17:26:25:177</time></pt><pt><x>472</x><y>32</y><time>25-01-21 17:26:25:374</time></pt><pt><x>473</x><y>28</y><time>25-01-21 17:26:25:545</time></pt><pt><x>475</x><y>17</y><time>25-01-21 17:26:26:796</time></pt><pt><x>475</x><y>14</y><time>25-01-21 17:26:30:530</time></pt><pt><x>476</x><y>11</y><time>25-01-21 17:26:30:693</time></pt><pt><x>478</x><y>8</y><time>25-01-21 17:26:30:859</time></pt><pt><x>478</x><y>5</y><time>25-01-21 17:26:31:001</time></pt><pt><x>477</x><y>2</y><time>25-01-21 17:26:31:214</time></pt><pt><x>475</x><y>1</y><time>25-01-21 17:26:31:386</time></pt><pt><x>474</x><y>0</y><time>25-01-21 17:26:31:888</time></pt><closed_date>25-01-21 17:26:33:657</closed_date></polygon></object><object><name>person</name><deleted>0</deleted><verified>0</verified><occluded>no</occluded><attributes></attributes><parts><hasparts></hasparts><ispartof></ispartof></parts><date>25-01-21 17:28:06:506</date><id>1</id><polygon><username>7hao</username><pt><x>569</x><y>60</y><time>25-01-21 17:26:45:736</time></pt><pt><x>568</x><y>56</y><time>25-01-21 17:26:46:106</time></pt><pt><x>565</x><y>53</y><time>25-01-21 17:26:46:374</time></pt><pt><x>559</x><y>50</y><time>25-01-21 17:26:46:769</time></pt><pt><x>553</x><y>49</y><time>25-01-21 17:26:46:995</time></pt><pt><x>549</x><y>50</y><time>25-01-21 17:26:47:185</time></pt><pt><x>544</x><y>53</y><time>25-01-21 17:26:47:475</time></pt><pt><x>540</x><y>57</y><time>25-01-21 17:26:47:726</time></pt><pt><x>539</x><y>59</y><time>25-01-21 17:26:47:940</time></pt><pt><x>539</x><y>62</y><time>25-01-21 17:26:48:129</time></pt><pt><x>540</x><y>66</y><time>25-01-21 17:26:48:545</time></pt><pt><x>541</x><y>71</y><time>25-01-21 17:26:48:953</time></pt><pt><x>541</x><y>73</y><time>25-01-21 17:26:49:150</time></pt><pt><x>542</x><y>76</y><time>25-01-21 17:26:49:353</time></pt><pt><x>544</x><y>79</y><time>25-01-21 17:26:49:560</time></pt><pt><x>545</x><y>81</y><time>25-01-21 17:26:49:747</time></pt><pt><x>547</x><y>82</y><time>25-01-21 17:26:50:054</time></pt><pt><x>545</x><y>84</y><time>25-01-21 17:26:50:307</time></pt><pt><x>541</x><y>86</y><time>25-01-21 17:26:50:761</time></pt><pt><x>541</x><y>88</y><time>25-01-21 17:26:50:957</time></pt><pt><x>540</x><y>90</y><time>25-01-21 17:26:51:115</time></pt><pt><x>538</x><y>93</y><time>25-01-21 17:26:51:421</time></pt><pt><x>535</x><y>95</y><time>25-01-21 17:26:51:679</time></pt><pt><x>532</x><y>97</y><time>25-01-21 17:26:51:854</time></pt><pt><x>530</x><y>98</y><time>25-01-21 17:26:52:005</time></pt><pt><x>528</x><y>105</y><time>25-01-21 17:26:53:238</time></pt><pt><x>525</x><y>117</y><time>25-01-21 17:26:53:653</time></pt><pt><x>520</x><y>142</y><time>25-01-21 17:26:54:871</time></pt><pt><x>519</x><y>151</y><time>25-01-21 17:26:55:369</time></pt><pt><x>519</x><y>157</y><time>25-01-21 17:26:55:644</time></pt><pt><x>520</x><y>161</y><time>25-01-21 17:26:55:855</time></pt><pt><x>520</x><y>162</y><time>25-01-21 17:26:56:035</time></pt><pt><x>520</x><y>165</y><time>25-01-21 17:26:56:248</time></pt><pt><x>521</x><y>167</y><time>25-01-21 17:26:56:402</time></pt><pt><x>523</x><y>169</y><time>25-01-21 17:26:56:639</time></pt><pt><x>524</x><y>172</y><time>25-01-21 17:26:57:043</time></pt><pt><x>524</x><y>174</y><time>25-01-21 17:26:57:229</time></pt><pt><x>526</x><y>187</y><time>25-01-21 17:26:58:394</time></pt><pt><x>528</x><y>193</y><time>25-01-21 17:26:58:731</time></pt><pt><x>529</x><y>196</y><time>25-01-21 17:26:59:030</time></pt><pt><x>530</x><y>199</y><time>25-01-21 17:26:59:233</time></pt><pt><x>530</x><y>202</y><time>25-01-21 17:26:59:445</time></pt><pt><x>530</x><y>205</y><time>25-01-21 17:26:59:721</time></pt><pt><x>532</x><y>208</y><time>25-01-21 17:26:59:918</time></pt><pt><x>536</x><y>208</y><time>25-01-21 17:27:00:154</time></pt><pt><x>537</x><y>212</y><time>25-01-21 17:27:03:949</time></pt><pt><x>538</x><y>217</y><time>25-01-21 17:27:04:185</time></pt><pt><x>539</x><y>222</y><time>25-01-21 17:27:04:374</time></pt><pt><x>540</x><y>226</y><time>25-01-21 17:27:04:617</time></pt><pt><x>540</x><y>228</y><time>25-01-21 17:27:04:759</time></pt><pt><x>539</x><y>234</y><time>25-01-21 17:27:04:964</time></pt><pt><x>539</x><y>238</y><time>25-01-21 17:27:05:143</time></pt><pt><x>540</x><y>247</y><time>25-01-21 17:27:06:315</time></pt><pt><x>542</x><y>253</y><time>25-01-21 17:27:06:551</time></pt><pt><x>544</x><y>259</y><time>25-01-21 17:27:06:723</time></pt><pt><x>545</x><y>263</y><time>25-01-21 17:27:06:921</time></pt><pt><x>545</x><y>267</y><time>25-01-21 17:27:07:150</time></pt><pt><x>545</x><y>270</y><time>25-01-21 17:27:07:480</time></pt><pt><x>542</x><y>271</y><time>25-01-21 17:27:07:698</time></pt><pt><x>540</x><y>273</y><time>25-01-21 17:27:07:833</time></pt><pt><x>537</x><y>275</y><time>25-01-21 17:27:08:179</time></pt><pt><x>535</x><y>279</y><time>25-01-21 17:27:08:611</time></pt><pt><x>530</x><y>280</y><time>25-01-21 17:27:08:927</time></pt><pt><x>526</x><y>281</y><time>25-01-21 17:27:09:153</time></pt><pt><x>525</x><y>283</y><time>25-01-21 17:27:09:391</time></pt><pt><x>526</x><y>285</y><time>25-01-21 17:27:09:603</time></pt><pt><x>529</x><y>286</y><time>25-01-21 17:27:09:797</time></pt><pt><x>534</x><y>286</y><time>25-01-21 17:27:10:003</time></pt><pt><x>542</x><y>286</y><time>25-01-21 17:27:10:176</time></pt><pt><x>551</x><y>286</y><time>25-01-21 17:27:10:513</time></pt><pt><x>559</x><y>286</y><time>25-01-21 17:27:10:811</time></pt><pt><x>561</x><y>285</y><time>25-01-21 17:27:11:149</time></pt><pt><x>561</x><y>282</y><time>25-01-21 17:27:11:363</time></pt><pt><x>561</x><y>278</y><time>25-01-21 17:27:11:542</time></pt><pt><x>560</x><y>276</y><time>25-01-21 17:27:11:746</time></pt><pt><x>559</x><y>274</y><time>25-01-21 17:27:11:944</time></pt><pt><x>558</x><y>272</y><time>25-01-21 17:27:12:106</time></pt><pt><x>557</x><y>269</y><time>25-01-21 17:27:12:322</time></pt><pt><x>556</x><y>266</y><time>25-01-21 17:27:12:546</time></pt><pt><x>556</x><y>264</y><time>25-01-21 17:27:12:664</time></pt><pt><x>556</x><y>258</y><time>25-01-21 17:27:17:486</time></pt><pt><x>557</x><y>251</y><time>25-01-21 17:27:18:553</time></pt><pt><x>558</x><y>245</y><time>25-01-21 17:27:18:932</time></pt><pt><x>558</x><y>239</y><time>25-01-21 17:27:19:269</time></pt><pt><x>557</x><y>232</y><time>25-01-21 17:27:19:684</time></pt><pt><x>556</x><y>226</y><time>25-01-21 17:27:20:401</time></pt><pt><x>555</x><y>223</y><time>25-01-21 17:27:20:700</time></pt><pt><x>555</x><y>221</y><time>25-01-21 17:27:20:927</time></pt><pt><x>556</x><y>216</y><time>25-01-21 17:27:21:219</time></pt><pt><x>556</x><y>204</y><time>25-01-21 17:27:22:278</time></pt><pt><x>557</x><y>197</y><time>25-01-21 17:27:22:584</time></pt><pt><x>558</x><y>193</y><time>25-01-21 17:27:22:910</time></pt><pt><x>558</x><y>192</y><time>25-01-21 17:27:23:261</time></pt><pt><x>560</x><y>192</y><time>25-01-21 17:27:23:630</time></pt><pt><x>561</x><y>195</y><time>25-01-21 17:27:24:062</time></pt><pt><x>561</x><y>199</y><time>25-01-21 17:27:24:371</time></pt><pt><x>562</x><y>202</y><time>25-01-21 17:27:24:589</time></pt><pt><x>563</x><y>204</y><time>25-01-21 17:27:24:796</time></pt><pt><x>564</x><y>207</y><time>25-01-21 17:27:25:007</time></pt><pt><x>564</x><y>208</y><time>25-01-21 17:27:25:133</time></pt><pt><x>566</x><y>212</y><time>25-01-21 17:27:25:415</time></pt><pt><x>567</x><y>216</y><time>25-01-21 17:27:25:643</time></pt><pt><x>572</x><y>222</y><time>25-01-21 17:27:32:012</time></pt><pt><x>574</x><y>225</y><time>25-01-21 17:27:32:239</time></pt><pt><x>575</x><y>227</y><time>25-01-21 17:27:32:461</time></pt><pt><x>578</x><y>230</y><time>25-01-21 17:27:32:772</time></pt><pt><x>580</x><y>233</y><time>25-01-21 17:27:33:058</time></pt><pt><x>582</x><y>236</y><time>25-01-21 17:27:33:261</time></pt><pt><x>585</x><y>240</y><time>25-01-21 17:27:33:520</time></pt><pt><x>590</x><y>245</y><time>25-01-21 17:27:33:841</time></pt><pt><x>591</x><y>248</y><time>25-01-21 17:27:34:061</time></pt><pt><x>592</x><y>253</y><time>25-01-21 17:27:34:345</time></pt><pt><x>593</x><y>257</y><time>25-01-21 17:27:34:557</time></pt><pt><x>595</x><y>265</y><time>25-01-21 17:27:35:760</time></pt><pt><x>597</x><y>270</y><time>25-01-21 17:27:35:925</time></pt><pt><x>596</x><y>274</y><time>25-01-21 17:27:36:081</time></pt><pt><x>594</x><y>277</y><time>25-01-21 17:27:36:301</time></pt><pt><x>594</x><y>280</y><time>25-01-21 17:27:36:492</time></pt><pt><x>596</x><y>282</y><time>25-01-21 17:27:36:719</time></pt><pt><x>605</x><y>281</y><time>25-01-21 17:27:41:598</time></pt><pt><x>609</x><y>276</y><time>25-01-21 17:27:41:944</time></pt><pt><x>610</x><y>272</y><time>25-01-21 17:27:42:274</time></pt><pt><x>610</x><y>262</y><time>25-01-21 17:27:43:054</time></pt><pt><x>609</x><y>257</y><time>25-01-21 17:27:43:361</time></pt><pt><x>607</x><y>254</y><time>25-01-21 17:27:43:596</time></pt><pt><x>604</x><y>251</y><time>25-01-21 17:27:43:846</time></pt><pt><x>596</x><y>234</y><time>25-01-21 17:27:45:129</time></pt><pt><x>592</x><y>224</y><time>25-01-21 17:27:48:148</time></pt><pt><x>587</x><y>219</y><time>25-01-21 17:27:48:469</time></pt><pt><x>585</x><y>218</y><time>25-01-21 17:27:48:673</time></pt><pt><x>583</x><y>213</y><time>25-01-21 17:27:50:381</time></pt><pt><x>582</x><y>209</y><time>25-01-21 17:27:50:594</time></pt><pt><x>582</x><y>206</y><time>25-01-21 17:27:50:759</time></pt><pt><x>583</x><y>204</y><time>25-01-21 17:27:50:937</time></pt><pt><x>584</x><y>202</y><time>25-01-21 17:27:51:150</time></pt><pt><x>586</x><y>201</y><time>25-01-21 17:27:51:369</time></pt><pt><x>584</x><y>191</y><time>25-01-21 17:27:54:076</time></pt><pt><x>583</x><y>182</y><time>25-01-21 17:27:54:611</time></pt><pt><x>583</x><y>175</y><time>25-01-21 17:27:54:960</time></pt><pt><x>583</x><y>162</y><time>25-01-21 17:27:55:865</time></pt><pt><x>586</x><y>156</y><time>25-01-21 17:27:56:072</time></pt><pt><x>591</x><y>147</y><time>25-01-21 17:27:56:463</time></pt><pt><x>596</x><y>129</y><time>25-01-21 17:27:57:437</time></pt><pt><x>596</x><y>119</y><time>25-01-21 17:27:57:807</time></pt><pt><x>592</x><y>92</y><time>25-01-21 17:27:58:923</time></pt><pt><x>588</x><y>88</y><time>25-01-21 17:27:59:201</time></pt><pt><x>585</x><y>86</y><time>25-01-21 17:27:59:449</time></pt><pt><x>578</x><y>85</y><time>25-01-21 17:27:59:672</time></pt><pt><x>575</x><y>83</y><time>25-01-21 17:27:59:891</time></pt><pt><x>574</x><y>80</y><time>25-01-21 17:28:00:102</time></pt><pt><x>572</x><y>79</y><time>25-01-21 17:28:00:309</time></pt><pt><x>569</x><y>80</y><time>25-01-21 17:28:00:479</time></pt><pt><x>566</x><y>80</y><time>25-01-21 17:28:00:686</time></pt><pt><x>565</x><y>78</y><time>25-01-21 17:28:00:865</time></pt><pt><x>566</x><y>74</y><time>25-01-21 17:28:01:039</time></pt><pt><x>568</x><y>71</y><time>25-01-21 17:28:01:257</time></pt><pt><x>568</x><y>68</y><time>25-01-21 17:28:01:786</time></pt><pt><x>568</x><y>65</y><time>25-01-21 17:28:02:066</time></pt><pt><x>569</x><y>63</y><time>25-01-21 17:28:02:303</time></pt><closed_date>25-01-21 17:28:02:924</closed_date></polygon></object><object><name>person</name><deleted>0</deleted><verified>0</verified><occluded>no</occluded><attributes></attributes><parts><hasparts></hasparts><ispartof></ispartof></parts><date>25-01-21 17:30:06:942</date><id>2</id><polygon><username>7hao</username><pt><x>380</x><y>72</y><time>25-01-21 17:28:46:695</time></pt><pt><x>373</x><y>70</y><time>25-01-21 17:28:47:031</time></pt><pt><x>368</x><y>71</y><time>25-01-21 17:28:47:210</time></pt><pt><x>365</x><y>73</y><time>25-01-21 17:28:47:394</time></pt><pt><x>362</x><y>74</y><time>25-01-21 17:28:47:565</time></pt><pt><x>359</x><y>76</y><time>25-01-21 17:28:47:777</time></pt><pt><x>358</x><y>79</y><time>25-01-21 17:28:47:966</time></pt><pt><x>357</x><y>81</y><time>25-01-21 17:28:48:281</time></pt><pt><x>357</x><y>84</y><time>25-01-21 17:28:48:484</time></pt><pt><x>358</x><y>86</y><time>25-01-21 17:28:48:681</time></pt><pt><x>359</x><y>89</y><time>25-01-21 17:28:49:121</time></pt><pt><x>359</x><y>90</y><time>25-01-21 17:28:49:313</time></pt><pt><x>359</x><y>92</y><time>25-01-21 17:28:49:525</time></pt><pt><x>360</x><y>96</y><time>25-01-21 17:28:50:591</time></pt><pt><x>361</x><y>98</y><time>25-01-21 17:28:50:759</time></pt><pt><x>361</x><y>101</y><time>25-01-21 17:28:50:939</time></pt><pt><x>361</x><y>104</y><time>25-01-21 17:28:51:111</time></pt><pt><x>362</x><y>105</y><time>25-01-21 17:28:51:276</time></pt><pt><x>365</x><y>107</y><time>25-01-21 17:28:51:480</time></pt><pt><x>366</x><y>108</y><time>25-01-21 17:28:51:637</time></pt><pt><x>366</x><y>110</y><time>25-01-21 17:28:51:857</time></pt><pt><x>364</x><y>112</y><time>25-01-21 17:28:52:037</time></pt><pt><x>363</x><y>114</y><time>25-01-21 17:28:52:211</time></pt><pt><x>362</x><y>116</y><time>25-01-21 17:28:52:376</time></pt><pt><x>362</x><y>119</y><time>25-01-21 17:28:52:541</time></pt><pt><x>362</x><y>122</y><time>25-01-21 17:28:53:564</time></pt><pt><x>360</x><y>124</y><time>25-01-21 17:28:53:705</time></pt><pt><x>360</x><y>128</y><time>25-01-21 17:28:53:845</time></pt><pt><x>358</x><y>133</y><time>25-01-21 17:28:54:011</time></pt><pt><x>358</x><y>137</y><time>25-01-21 17:28:54:301</time></pt><pt><x>342</x><y>155</y><time>25-01-21 17:28:55:490</time></pt><pt><x>338</x><y>158</y><time>25-01-21 17:28:55:788</time></pt><pt><x>334</x><y>162</y><time>25-01-21 17:28:56:007</time></pt><pt><x>330</x><y>165</y><time>25-01-21 17:28:56:235</time></pt><pt><x>324</x><y>168</y><time>25-01-21 17:28:56:895</time></pt><pt><x>321</x><y>170</y><time>25-01-21 17:28:57:131</time></pt><pt><x>322</x><y>172</y><time>25-01-21 17:28:57:304</time></pt><pt><x>325</x><y>176</y><time>25-01-21 17:28:57:594</time></pt><pt><x>327</x><y>177</y><time>25-01-21 17:28:57:971</time></pt><pt><x>330</x><y>176</y><time>25-01-21 17:28:58:222</time></pt><pt><x>333</x><y>175</y><time>25-01-21 17:28:58:427</time></pt><pt><x>336</x><y>173</y><time>25-01-21 17:28:58:593</time></pt><pt><x>341</x><y>171</y><time>25-01-21 17:28:59:016</time></pt><pt><x>354</x><y>161</y><time>25-01-21 17:28:59:819</time></pt><pt><x>355</x><y>159</y><time>25-01-21 17:28:59:968</time></pt><pt><x>357</x><y>158</y><time>25-01-21 17:29:00:063</time></pt><pt><x>359</x><y>159</y><time>25-01-21 17:29:00:313</time></pt><pt><x>360</x><y>163</y><time>25-01-21 17:29:01:099</time></pt><pt><x>360</x><y>167</y><time>25-01-21 17:29:01:242</time></pt><pt><x>360</x><y>170</y><time>25-01-21 17:29:01:408</time></pt><pt><x>361</x><y>177</y><time>25-01-21 17:29:08:175</time></pt><pt><x>361</x><y>185</y><time>25-01-21 17:29:08:454</time></pt><pt><x>361</x><y>193</y><time>25-01-21 17:29:08:759</time></pt><pt><x>360</x><y>200</y><time>25-01-21 17:29:09:103</time></pt><pt><x>360</x><y>215</y><time>25-01-21 17:29:10:132</time></pt><pt><x>358</x><y>221</y><time>25-01-21 17:29:10:369</time></pt><pt><x>357</x><y>225</y><time>25-01-21 17:29:10:542</time></pt><pt><x>356</x><y>229</y><time>25-01-21 17:29:10:769</time></pt><pt><x>358</x><y>234</y><time>25-01-21 17:29:10:950</time></pt><pt><x>357</x><y>241</y><time>25-01-21 17:29:11:383</time></pt><pt><x>356</x><y>244</y><time>25-01-21 17:29:11:608</time></pt><pt><x>352</x><y>253</y><time>25-01-21 17:29:19:235</time></pt><pt><x>352</x><y>259</y><time>25-01-21 17:29:19:529</time></pt><pt><x>351</x><y>264</y><time>25-01-21 17:29:19:731</time></pt><pt><x>348</x><y>267</y><time>25-01-21 17:29:20:047</time></pt><pt><x>343</x><y>271</y><time>25-01-21 17:29:20:761</time></pt><pt><x>337</x><y>272</y><time>25-01-21 17:29:21:152</time></pt><pt><x>334</x><y>272</y><time>25-01-21 17:29:21:454</time></pt><pt><x>330</x><y>273</y><time>25-01-21 17:29:21:759</time></pt><pt><x>329</x><y>275</y><time>25-01-21 17:29:21:955</time></pt><pt><x>331</x><y>278</y><time>25-01-21 17:29:22:207</time></pt><pt><x>338</x><y>281</y><time>25-01-21 17:29:22:561</time></pt><pt><x>344</x><y>282</y><time>25-01-21 17:29:22:899</time></pt><pt><x>352</x><y>283</y><time>25-01-21 17:29:23:221</time></pt><pt><x>361</x><y>283</y><time>25-01-21 17:29:23:629</time></pt><pt><x>362</x><y>282</y><time>25-01-21 17:29:23:992</time></pt><pt><x>361</x><y>280</y><time>25-01-21 17:29:24:202</time></pt><pt><x>360</x><y>279</y><time>25-01-21 17:29:24:431</time></pt><pt><x>360</x><y>276</y><time>25-01-21 17:29:24:619</time></pt><pt><x>360</x><y>270</y><time>25-01-21 17:29:24:858</time></pt><pt><x>364</x><y>264</y><time>25-01-21 17:29:25:149</time></pt><pt><x>370</x><y>246</y><time>25-01-21 17:29:26:389</time></pt><pt><x>372</x><y>241</y><time>25-01-21 17:29:26:656</time></pt><pt><x>372</x><y>238</y><time>25-01-21 17:29:26:862</time></pt><pt><x>373</x><y>235</y><time>25-01-21 17:29:27:105</time></pt><pt><x>376</x><y>234</y><time>25-01-21 17:29:27:474</time></pt><pt><x>378</x><y>235</y><time>25-01-21 17:29:27:716</time></pt><pt><x>379</x><y>237</y><time>25-01-21 17:29:27:921</time></pt><pt><x>380</x><y>240</y><time>25-01-21 17:29:28:183</time></pt><pt><x>386</x><y>260</y><time>25-01-21 17:29:29:258</time></pt><pt><x>388</x><y>265</y><time>25-01-21 17:29:29:477</time></pt><pt><x>389</x><y>268</y><time>25-01-21 17:29:29:681</time></pt><pt><x>390</x><y>272</y><time>25-01-21 17:29:29:885</time></pt><pt><x>389</x><y>275</y><time>25-01-21 17:29:30:089</time></pt><pt><x>387</x><y>277</y><time>25-01-21 17:29:30:279</time></pt><pt><x>384</x><y>279</y><time>25-01-21 17:29:30:500</time></pt><pt><x>381</x><y>280</y><time>25-01-21 17:29:30:766</time></pt><pt><x>377</x><y>280</y><time>25-01-21 17:29:31:161</time></pt><pt><x>374</x><y>282</y><time>25-01-21 17:29:31:530</time></pt><pt><x>374</x><y>283</y><time>25-01-21 17:29:31:725</time></pt><pt><x>376</x><y>286</y><time>25-01-21 17:29:31:938</time></pt><pt><x>381</x><y>286</y><time>25-01-21 17:29:32:151</time></pt><pt><x>390</x><y>287</y><time>25-01-21 17:29:32:439</time></pt><pt><x>401</x><y>287</y><time>25-01-21 17:29:32:881</time></pt><pt><x>404</x><y>286</y><time>25-01-21 17:29:36:654</time></pt><pt><x>405</x><y>282</y><time>25-01-21 17:29:39:862</time></pt><pt><x>405</x><y>279</y><time>25-01-21 17:29:40:490</time></pt><pt><x>404</x><y>277</y><time>25-01-21 17:29:40:928</time></pt><pt><x>405</x><y>275</y><time>25-01-21 17:29:42:180</time></pt><pt><x>405</x><y>274</y><time>25-01-21 17:29:42:505</time></pt><pt><x>404</x><y>274</y><time>25-01-21 17:29:42:731</time></pt><pt><x>402</x><y>274</y><time>25-01-21 17:29:42:998</time></pt><pt><x>402</x><y>274</y><time>25-01-21 17:29:43:217</time></pt><pt><x>401</x><y>273</y><time>25-01-21 17:29:43:400</time></pt><pt><x>402</x><y>272</y><time>25-01-21 17:29:43:539</time></pt><pt><x>403</x><y>271</y><time>25-01-21 17:29:43:742</time></pt><pt><x>402</x><y>267</y><time>25-01-21 17:29:44:372</time></pt><pt><x>399</x><y>244</y><time>25-01-21 17:29:45:467</time></pt><pt><x>396</x><y>234</y><time>25-01-21 17:29:45:843</time></pt><pt><x>392</x><y>226</y><time>25-01-21 17:29:46:449</time></pt><pt><x>391</x><y>222</y><time>25-01-21 17:29:46:740</time></pt><pt><x>390</x><y>217</y><time>25-01-21 17:29:47:069</time></pt><pt><x>390</x><y>203</y><time>25-01-21 17:29:48:319</time></pt><pt><x>391</x><y>198</y><time>25-01-21 17:29:48:932</time></pt><pt><x>392</x><y>196</y><time>25-01-21 17:29:49:191</time></pt><pt><x>394</x><y>195</y><time>25-01-21 17:29:49:419</time></pt><pt><x>395</x><y>194</y><time>25-01-21 17:29:49:631</time></pt><pt><x>395</x><y>191</y><time>25-01-21 17:29:49:811</time></pt><pt><x>393</x><y>189</y><time>25-01-21 17:29:50:023</time></pt><pt><x>393</x><y>188</y><time>25-01-21 17:29:50:197</time></pt><pt><x>394</x><y>183</y><time>25-01-21 17:29:50:629</time></pt><pt><x>395</x><y>171</y><time>25-01-21 17:29:51:863</time></pt><pt><x>395</x><y>167</y><time>25-01-21 17:29:52:126</time></pt><pt><x>396</x><y>163</y><time>25-01-21 17:29:52:279</time></pt><pt><x>398</x><y>142</y><time>25-01-21 17:29:53:617</time></pt><pt><x>397</x><y>129</y><time>25-01-21 17:29:54:010</time></pt><pt><x>395</x><y>117</y><time>25-01-21 17:29:54:755</time></pt><pt><x>389</x><y>107</y><time>25-01-21 17:29:55:965</time></pt><pt><x>383</x><y>103</y><time>25-01-21 17:29:56:282</time></pt><pt><x>380</x><y>101</y><time>25-01-21 17:29:56:524</time></pt><pt><x>382</x><y>97</y><time>25-01-21 17:29:56:705</time></pt><pt><x>388</x><y>92</y><time>25-01-21 17:30:00:802</time></pt><pt><x>390</x><y>90</y><time>25-01-21 17:30:01:083</time></pt><pt><x>390</x><y>87</y><time>25-01-21 17:30:01:264</time></pt><pt><x>389</x><y>83</y><time>25-01-21 17:30:01:445</time></pt><pt><x>386</x><y>80</y><time>25-01-21 17:30:01:659</time></pt><pt><x>385</x><y>78</y><time>25-01-21 17:30:01:845</time></pt><pt><x>383</x><y>77</y><time>25-01-21 17:30:02:083</time></pt><pt><x>382</x><y>74</y><time>25-01-21 17:30:02:288</time></pt><pt><x>382</x><y>73</y><time>25-01-21 17:30:02:514</time></pt><closed_date>25-01-21 17:30:03:060</closed_date></polygon></object></annotation>