<annotation><filename>frame0052.jpg</filename><folder>users/lab605//7hao/human_20210119_4</folder><source><submittedBy>lab605</submittedBy></source><imagesize><nrows>480</nrows><ncols>640</ncols></imagesize><object><name>person</name><deleted>0</deleted><verified>0</verified><occluded>no</occluded><attributes></attributes><parts><hasparts></hasparts><ispartof></ispartof></parts><date>25-01-21 21:15:10:642</date><id>0</id><polygon><username>7hao</username><pt><x>329</x><y>68</y><time>25-01-21 21:13:56:036</time></pt><pt><x>326</x><y>65</y><time>25-01-21 21:13:56:642</time></pt><pt><x>318</x><y>62</y><time>25-01-21 21:13:57:077</time></pt><pt><x>312</x><y>62</y><time>25-01-21 21:13:57:351</time></pt><pt><x>307</x><y>64</y><time>25-01-21 21:13:57:556</time></pt><pt><x>304</x><y>67</y><time>25-01-21 21:13:57:759</time></pt><pt><x>302</x><y>71</y><time>25-01-21 21:13:57:956</time></pt><pt><x>302</x><y>73</y><time>25-01-21 21:13:58:115</time></pt><pt><x>303</x><y>77</y><time>25-01-21 21:13:58:279</time></pt><pt><x>303</x><y>80</y><time>25-01-21 21:13:58:467</time></pt><pt><x>303</x><y>84</y><time>25-01-21 21:13:58:640</time></pt><pt><x>303</x><y>87</y><time>25-01-21 21:13:58:804</time></pt><pt><x>306</x><y>90</y><time>25-01-21 21:13:59:048</time></pt><pt><x>308</x><y>92</y><time>25-01-21 21:13:59:230</time></pt><pt><x>308</x><y>96</y><time>25-01-21 21:13:59:410</time></pt><pt><x>306</x><y>97</y><time>25-01-21 21:13:59:646</time></pt><pt><x>299</x><y>98</y><time>25-01-21 21:13:59:858</time></pt><pt><x>293</x><y>100</y><time>25-01-21 21:14:00:151</time></pt><pt><x>290</x><y>101</y><time>25-01-21 21:14:00:487</time></pt><pt><x>285</x><y>107</y><time>25-01-21 21:14:11:779</time></pt><pt><x>283</x><y>118</y><time>25-01-21 21:14:12:401</time></pt><pt><x>282</x><y>132</y><time>25-01-21 21:14:12:849</time></pt><pt><x>282</x><y>139</y><time>25-01-21 21:14:13:116</time></pt><pt><x>281</x><y>143</y><time>25-01-21 21:14:13:305</time></pt><pt><x>280</x><y>147</y><time>25-01-21 21:14:13:578</time></pt><pt><x>280</x><y>151</y><time>25-01-21 21:14:13:822</time></pt><pt><x>283</x><y>160</y><time>25-01-21 21:14:14:278</time></pt><pt><x>286</x><y>172</y><time>25-01-21 21:14:15:018</time></pt><pt><x>288</x><y>191</y><time>25-01-21 21:14:16:386</time></pt><pt><x>288</x><y>199</y><time>25-01-21 21:14:16:757</time></pt><pt><x>289</x><y>207</y><time>25-01-21 21:14:17:062</time></pt><pt><x>289</x><y>210</y><time>25-01-21 21:14:17:234</time></pt><pt><x>291</x><y>216</y><time>25-01-21 21:14:17:470</time></pt><pt><x>292</x><y>219</y><time>25-01-21 21:14:17:660</time></pt><pt><x>293</x><y>233</y><time>25-01-21 21:14:19:036</time></pt><pt><x>292</x><y>236</y><time>25-01-21 21:14:19:228</time></pt><pt><x>291</x><y>239</y><time>25-01-21 21:14:19:413</time></pt><pt><x>290</x><y>242</y><time>25-01-21 21:14:19:571</time></pt><pt><x>290</x><y>247</y><time>25-01-21 21:14:19:760</time></pt><pt><x>290</x><y>256</y><time>25-01-21 21:14:20:129</time></pt><pt><x>290</x><y>263</y><time>25-01-21 21:14:20:514</time></pt><pt><x>290</x><y>269</y><time>25-01-21 21:14:20:796</time></pt><pt><x>290</x><y>275</y><time>25-01-21 21:14:28:800</time></pt><pt><x>291</x><y>277</y><time>25-01-21 21:14:29:117</time></pt><pt><x>292</x><y>279</y><time>25-01-21 21:14:29:272</time></pt><pt><x>292</x><y>281</y><time>25-01-21 21:14:29:712</time></pt><pt><x>291</x><y>283</y><time>25-01-21 21:14:30:115</time></pt><pt><x>291</x><y>285</y><time>25-01-21 21:14:30:286</time></pt><pt><x>290</x><y>289</y><time>25-01-21 21:14:30:595</time></pt><pt><x>290</x><y>291</y><time>25-01-21 21:14:30:766</time></pt><pt><x>289</x><y>294</y><time>25-01-21 21:14:30:932</time></pt><pt><x>289</x><y>296</y><time>25-01-21 21:14:31:096</time></pt><pt><x>290</x><y>298</y><time>25-01-21 21:14:31:286</time></pt><pt><x>292</x><y>299</y><time>25-01-21 21:14:31:474</time></pt><pt><x>296</x><y>299</y><time>25-01-21 21:14:31:711</time></pt><pt><x>302</x><y>299</y><time>25-01-21 21:14:31:947</time></pt><pt><x>304</x><y>299</y><time>25-01-21 21:14:32:182</time></pt><pt><x>305</x><y>296</y><time>25-01-21 21:14:32:410</time></pt><pt><x>305</x><y>291</y><time>25-01-21 21:14:32:802</time></pt><pt><x>308</x><y>290</y><time>25-01-21 21:14:33:352</time></pt><pt><x>315</x><y>290</y><time>25-01-21 21:14:33:692</time></pt><pt><x>325</x><y>290</y><time>25-01-21 21:14:33:920</time></pt><pt><x>334</x><y>290</y><time>25-01-21 21:14:39:000</time></pt><pt><x>336</x><y>288</y><time>25-01-21 21:14:39:282</time></pt><pt><x>338</x><y>286</y><time>25-01-21 21:14:39:479</time></pt><pt><x>338</x><y>284</y><time>25-01-21 21:14:39:675</time></pt><pt><x>337</x><y>283</y><time>25-01-21 21:14:39:881</time></pt><pt><x>334</x><y>281</y><time>25-01-21 21:14:40:060</time></pt><pt><x>328</x><y>280</y><time>25-01-21 21:14:40:988</time></pt><pt><x>324</x><y>279</y><time>25-01-21 21:14:41:278</time></pt><pt><x>321</x><y>276</y><time>25-01-21 21:14:41:600</time></pt><pt><x>320</x><y>270</y><time>25-01-21 21:14:41:868</time></pt><pt><x>321</x><y>262</y><time>25-01-21 21:14:42:214</time></pt><pt><x>327</x><y>241</y><time>25-01-21 21:14:43:511</time></pt><pt><x>328</x><y>236</y><time>25-01-21 21:14:43:794</time></pt><pt><x>330</x><y>234</y><time>25-01-21 21:14:44:007</time></pt><pt><x>332</x><y>232</y><time>25-01-21 21:14:44:202</time></pt><pt><x>332</x><y>229</y><time>25-01-21 21:14:44:423</time></pt><pt><x>332</x><y>225</y><time>25-01-21 21:14:44:681</time></pt><pt><x>333</x><y>202</y><time>25-01-21 21:14:47:168</time></pt><pt><x>331</x><y>185</y><time>25-01-21 21:14:51:224</time></pt><pt><x>329</x><y>178</y><time>25-01-21 21:14:51:703</time></pt><pt><x>329</x><y>177</y><time>25-01-21 21:14:52:144</time></pt><pt><x>331</x><y>180</y><time>25-01-21 21:14:52:498</time></pt><pt><x>332</x><y>183</y><time>25-01-21 21:14:52:970</time></pt><pt><x>333</x><y>186</y><time>25-01-21 21:14:53:307</time></pt><pt><x>334</x><y>189</y><time>25-01-21 21:14:53:534</time></pt><pt><x>334</x><y>191</y><time>25-01-21 21:14:53:762</time></pt><pt><x>334</x><y>194</y><time>25-01-21 21:14:53:976</time></pt><pt><x>335</x><y>197</y><time>25-01-21 21:14:54:140</time></pt><pt><x>337</x><y>200</y><time>25-01-21 21:14:54:361</time></pt><pt><x>341</x><y>199</y><time>25-01-21 21:14:54:770</time></pt><pt><x>342</x><y>196</y><time>25-01-21 21:14:55:005</time></pt><pt><x>341</x><y>193</y><time>25-01-21 21:14:55:162</time></pt><pt><x>340</x><y>190</y><time>25-01-21 21:14:55:336</time></pt><pt><x>340</x><y>187</y><time>25-01-21 21:14:55:501</time></pt><pt><x>340</x><y>183</y><time>25-01-21 21:14:55:696</time></pt><pt><x>340</x><y>179</y><time>25-01-21 21:14:55:964</time></pt><pt><x>341</x><y>162</y><time>25-01-21 21:14:58:135</time></pt><pt><x>339</x><y>142</y><time>25-01-21 21:14:58:810</time></pt><pt><x>337</x><y>131</y><time>25-01-21 21:14:59:635</time></pt><pt><x>338</x><y>124</y><time>25-01-21 21:15:00:838</time></pt><pt><x>338</x><y>120</y><time>25-01-21 21:15:01:036</time></pt><pt><x>337</x><y>115</y><time>25-01-21 21:15:01:240</time></pt><pt><x>335</x><y>111</y><time>25-01-21 21:15:01:665</time></pt><pt><x>329</x><y>105</y><time>25-01-21 21:15:02:066</time></pt><pt><x>324</x><y>101</y><time>25-01-21 21:15:02:364</time></pt><pt><x>324</x><y>99</y><time>25-01-21 21:15:02:592</time></pt><pt><x>325</x><y>97</y><time>25-01-21 21:15:02:820</time></pt><pt><x>327</x><y>94</y><time>25-01-21 21:15:03:032</time></pt><pt><x>331</x><y>88</y><time>25-01-21 21:15:05:799</time></pt><pt><x>331</x><y>85</y><time>25-01-21 21:15:06:027</time></pt><pt><x>331</x><y>82</y><time>25-01-21 21:15:06:193</time></pt><pt><x>331</x><y>79</y><time>25-01-21 21:15:06:366</time></pt><pt><x>330</x><y>76</y><time>25-01-21 21:15:06:571</time></pt><pt><x>331</x><y>74</y><time>25-01-21 21:15:06:757</time></pt><pt><x>331</x><y>72</y><time>25-01-21 21:15:06:955</time></pt><pt><x>331</x><y>70</y><time>25-01-21 21:15:07:136</time></pt><pt><x>331</x><y>68</y><time>25-01-21 21:15:07:412</time></pt><closed_date>25-01-21 21:15:07:683</closed_date></polygon></object><object><name>person</name><deleted>0</deleted><verified>0</verified><occluded>no</occluded><attributes></attributes><parts><hasparts></hasparts><ispartof></ispartof></parts><date>25-01-21 21:16:26:257</date><id>1</id><polygon><username>7hao</username><pt><x>475</x><y>43</y><time>25-01-21 21:15:22:825</time></pt><pt><x>475</x><y>39</y><time>25-01-21 21:15:23:414</time></pt><pt><x>479</x><y>33</y><time>25-01-21 21:15:23:886</time></pt><pt><x>482</x><y>29</y><time>25-01-21 21:15:28:909</time></pt><pt><x>481</x><y>26</y><time>25-01-21 21:15:29:128</time></pt><pt><x>480</x><y>22</y><time>25-01-21 21:15:29:283</time></pt><pt><x>480</x><y>20</y><time>25-01-21 21:15:29:434</time></pt><pt><x>478</x><y>16</y><time>25-01-21 21:15:29:732</time></pt><pt><x>475</x><y>12</y><time>25-01-21 21:15:29:945</time></pt><pt><x>469</x><y>8</y><time>25-01-21 21:15:30:480</time></pt><pt><x>466</x><y>6</y><time>25-01-21 21:15:30:906</time></pt><pt><x>463</x><y>6</y><time>25-01-21 21:15:31:218</time></pt><pt><x>459</x><y>7</y><time>25-01-21 21:15:31:417</time></pt><pt><x>454</x><y>9</y><time>25-01-21 21:15:31:666</time></pt><pt><x>448</x><y>13</y><time>25-01-21 21:15:32:052</time></pt><pt><x>443</x><y>16</y><time>25-01-21 21:15:32:499</time></pt><pt><x>440</x><y>20</y><time>25-01-21 21:15:32:798</time></pt><pt><x>440</x><y>22</y><time>25-01-21 21:15:32:972</time></pt><pt><x>441</x><y>24</y><time>25-01-21 21:15:33:136</time></pt><pt><x>441</x><y>27</y><time>25-01-21 21:15:33:311</time></pt><pt><x>441</x><y>29</y><time>25-01-21 21:15:33:522</time></pt><pt><x>441</x><y>33</y><time>25-01-21 21:15:33:852</time></pt><pt><x>440</x><y>35</y><time>25-01-21 21:15:34:056</time></pt><pt><x>440</x><y>37</y><time>25-01-21 21:15:34:284</time></pt><pt><x>441</x><y>38</y><time>25-01-21 21:15:34:489</time></pt><pt><x>443</x><y>40</y><time>25-01-21 21:15:34:654</time></pt><pt><x>444</x><y>41</y><time>25-01-21 21:15:34:834</time></pt><pt><x>445</x><y>45</y><time>25-01-21 21:15:35:024</time></pt><pt><x>445</x><y>48</y><time>25-01-21 21:15:35:401</time></pt><pt><x>446</x><y>50</y><time>25-01-21 21:15:35:582</time></pt><pt><x>447</x><y>51</y><time>25-01-21 21:15:35:754</time></pt><pt><x>452</x><y>52</y><time>25-01-21 21:15:35:936</time></pt><pt><x>455</x><y>53</y><time>25-01-21 21:15:36:133</time></pt><pt><x>455</x><y>55</y><time>25-01-21 21:15:36:352</time></pt><pt><x>450</x><y>58</y><time>25-01-21 21:15:36:564</time></pt><pt><x>449</x><y>58</y><time>25-01-21 21:15:36:736</time></pt><pt><x>449</x><y>60</y><time>25-01-21 21:15:36:896</time></pt><pt><x>449</x><y>63</y><time>25-01-21 21:15:37:045</time></pt><pt><x>449</x><y>66</y><time>25-01-21 21:15:37:248</time></pt><pt><x>447</x><y>68</y><time>25-01-21 21:15:37:429</time></pt><pt><x>445</x><y>70</y><time>25-01-21 21:15:37:605</time></pt><pt><x>443</x><y>75</y><time>25-01-21 21:15:37:934</time></pt><pt><x>440</x><y>81</y><time>25-01-21 21:15:38:271</time></pt><pt><x>440</x><y>89</y><time>25-01-21 21:15:38:616</time></pt><pt><x>437</x><y>113</y><time>25-01-21 21:15:40:612</time></pt><pt><x>435</x><y>118</y><time>25-01-21 21:15:41:124</time></pt><pt><x>432</x><y>130</y><time>25-01-21 21:15:44:426</time></pt><pt><x>432</x><y>135</y><time>25-01-21 21:15:44:740</time></pt><pt><x>432</x><y>140</y><time>25-01-21 21:15:44:928</time></pt><pt><x>432</x><y>142</y><time>25-01-21 21:15:45:078</time></pt><pt><x>430</x><y>146</y><time>25-01-21 21:15:45:274</time></pt><pt><x>429</x><y>149</y><time>25-01-21 21:15:45:440</time></pt><pt><x>428</x><y>152</y><time>25-01-21 21:15:45:620</time></pt><pt><x>428</x><y>157</y><time>25-01-21 21:15:45:786</time></pt><pt><x>429</x><y>159</y><time>25-01-21 21:15:45:942</time></pt><pt><x>429</x><y>162</y><time>25-01-21 21:15:46:100</time></pt><pt><x>429</x><y>165</y><time>25-01-21 21:15:46:280</time></pt><pt><x>428</x><y>168</y><time>25-01-21 21:15:46:413</time></pt><pt><x>429</x><y>172</y><time>25-01-21 21:15:46:617</time></pt><pt><x>430</x><y>176</y><time>25-01-21 21:15:46:822</time></pt><pt><x>436</x><y>197</y><time>25-01-21 21:15:48:387</time></pt><pt><x>438</x><y>200</y><time>25-01-21 21:15:48:661</time></pt><pt><x>439</x><y>203</y><time>25-01-21 21:15:48:836</time></pt><pt><x>440</x><y>206</y><time>25-01-21 21:15:49:024</time></pt><pt><x>440</x><y>215</y><time>25-01-21 21:15:54:614</time></pt><pt><x>441</x><y>219</y><time>25-01-21 21:15:54:977</time></pt><pt><x>443</x><y>223</y><time>25-01-21 21:15:55:164</time></pt><pt><x>446</x><y>226</y><time>25-01-21 21:15:55:314</time></pt><pt><x>449</x><y>229</y><time>25-01-21 21:15:55:487</time></pt><pt><x>452</x><y>233</y><time>25-01-21 21:15:55:684</time></pt><pt><x>454</x><y>237</y><time>25-01-21 21:15:55:904</time></pt><pt><x>455</x><y>245</y><time>25-01-21 21:15:56:234</time></pt><pt><x>456</x><y>255</y><time>25-01-21 21:15:56:659</time></pt><pt><x>460</x><y>269</y><time>25-01-21 21:15:58:018</time></pt><pt><x>461</x><y>275</y><time>25-01-21 21:15:58:308</time></pt><pt><x>462</x><y>280</y><time>25-01-21 21:15:58:466</time></pt><pt><x>462</x><y>284</y><time>25-01-21 21:15:58:632</time></pt><pt><x>461</x><y>289</y><time>25-01-21 21:15:58:867</time></pt><pt><x>457</x><y>293</y><time>25-01-21 21:15:59:072</time></pt><pt><x>453</x><y>294</y><time>25-01-21 21:15:59:260</time></pt><pt><x>448</x><y>296</y><time>25-01-21 21:15:59:491</time></pt><pt><x>441</x><y>298</y><time>25-01-21 21:15:59:860</time></pt><pt><x>437</x><y>300</y><time>25-01-21 21:16:00:116</time></pt><pt><x>435</x><y>301</y><time>25-01-21 21:16:00:298</time></pt><pt><x>435</x><y>304</y><time>25-01-21 21:16:00:463</time></pt><pt><x>437</x><y>307</y><time>25-01-21 21:16:00:660</time></pt><pt><x>442</x><y>308</y><time>25-01-21 21:16:00:858</time></pt><pt><x>451</x><y>308</y><time>25-01-21 21:16:01:084</time></pt><pt><x>462</x><y>308</y><time>25-01-21 21:16:01:475</time></pt><pt><x>464</x><y>309</y><time>25-01-21 21:16:01:830</time></pt><pt><x>465</x><y>310</y><time>25-01-21 21:16:02:003</time></pt><pt><x>468</x><y>312</y><time>25-01-21 21:16:02:232</time></pt><pt><x>471</x><y>312</y><time>25-01-21 21:16:02:420</time></pt><pt><x>474</x><y>312</y><time>25-01-21 21:16:02:632</time></pt><pt><x>491</x><y>310</y><time>25-01-21 21:16:05:189</time></pt><pt><x>498</x><y>306</y><time>25-01-21 21:16:05:588</time></pt><pt><x>507</x><y>296</y><time>25-01-21 21:16:06:044</time></pt><pt><x>510</x><y>292</y><time>25-01-21 21:16:06:304</time></pt><pt><x>512</x><y>286</y><time>25-01-21 21:16:06:501</time></pt><pt><x>512</x><y>281</y><time>25-01-21 21:16:06:698</time></pt><pt><x>509</x><y>277</y><time>25-01-21 21:16:06:996</time></pt><pt><x>503</x><y>275</y><time>25-01-21 21:16:07:193</time></pt><pt><x>498</x><y>275</y><time>25-01-21 21:16:07:404</time></pt><pt><x>495</x><y>272</y><time>25-01-21 21:16:07:594</time></pt><pt><x>492</x><y>269</y><time>25-01-21 21:16:07:774</time></pt><pt><x>485</x><y>255</y><time>25-01-21 21:16:08:112</time></pt><pt><x>481</x><y>245</y><time>25-01-21 21:16:08:591</time></pt><pt><x>477</x><y>233</y><time>25-01-21 21:16:09:763</time></pt><pt><x>474</x><y>227</y><time>25-01-21 21:16:10:038</time></pt><pt><x>471</x><y>223</y><time>25-01-21 21:16:10:832</time></pt><pt><x>471</x><y>220</y><time>25-01-21 21:16:11:008</time></pt><pt><x>471</x><y>214</y><time>25-01-21 21:16:11:194</time></pt><pt><x>470</x><y>207</y><time>25-01-21 21:16:11:610</time></pt><pt><x>473</x><y>199</y><time>25-01-21 21:16:12:184</time></pt><pt><x>475</x><y>189</y><time>25-01-21 21:16:12:585</time></pt><pt><x>478</x><y>183</y><time>25-01-21 21:16:12:939</time></pt><pt><x>488</x><y>162</y><time>25-01-21 21:16:14:167</time></pt><pt><x>490</x><y>155</y><time>25-01-21 21:16:14:528</time></pt><pt><x>491</x><y>151</y><time>25-01-21 21:16:14:709</time></pt><pt><x>491</x><y>148</y><time>25-01-21 21:16:14:904</time></pt><pt><x>490</x><y>143</y><time>25-01-21 21:16:15:102</time></pt><pt><x>491</x><y>142</y><time>25-01-21 21:16:15:297</time></pt><pt><x>493</x><y>137</y><time>25-01-21 21:16:15:643</time></pt><pt><x>494</x><y>132</y><time>25-01-21 21:16:15:958</time></pt><pt><x>494</x><y>130</y><time>25-01-21 21:16:16:161</time></pt><pt><x>495</x><y>107</y><time>25-01-21 21:16:17:687</time></pt><pt><x>496</x><y>97</y><time>25-01-21 21:16:18:073</time></pt><pt><x>500</x><y>82</y><time>25-01-21 21:16:19:284</time></pt><pt><x>502</x><y>75</y><time>25-01-21 21:16:19:504</time></pt><pt><x>502</x><y>70</y><time>25-01-21 21:16:19:678</time></pt><pt><x>502</x><y>67</y><time>25-01-21 21:16:19:834</time></pt><pt><x>498</x><y>58</y><time>25-01-21 21:16:20:574</time></pt><pt><x>496</x><y>54</y><time>25-01-21 21:16:20:816</time></pt><pt><x>494</x><y>52</y><time>25-01-21 21:16:20:990</time></pt><pt><x>492</x><y>49</y><time>25-01-21 21:16:21:162</time></pt><pt><x>489</x><y>45</y><time>25-01-21 21:16:21:486</time></pt><pt><x>485</x><y>43</y><time>25-01-21 21:16:21:808</time></pt><pt><x>482</x><y>42</y><time>25-01-21 21:16:22:019</time></pt><pt><x>478</x><y>42</y><time>25-01-21 21:16:22:293</time></pt><pt><x>477</x><y>42</y><time>25-01-21 21:16:22:631</time></pt><closed_date>25-01-21 21:16:23:057</closed_date></polygon></object></annotation>