<annotation><filename>frame0026.jpg</filename><folder>users/lab605//7hao/human_20210119_4</folder><source><submittedBy>lab605</submittedBy></source><imagesize><nrows>480</nrows><ncols>640</ncols></imagesize><object><name>person</name><deleted>0</deleted><verified>0</verified><occluded>no</occluded><attributes></attributes><parts><hasparts></hasparts><ispartof></ispartof></parts><date>23-01-21 10:04:06:480</date><id>0</id><polygon><username>7hao</username><pt><x>488</x><y>66</y><time>23-01-21 10:03:08:647</time></pt><pt><x>482</x><y>66</y><time>23-01-21 10:03:09:052</time></pt><pt><x>476</x><y>68</y><time>23-01-21 10:03:09:382</time></pt><pt><x>472</x><y>74</y><time>23-01-21 10:03:09:884</time></pt><pt><x>470</x><y>79</y><time>23-01-21 10:03:10:370</time></pt><pt><x>470</x><y>84</y><time>23-01-21 10:03:10:766</time></pt><pt><x>470</x><y>87</y><time>23-01-21 10:03:11:128</time></pt><pt><x>471</x><y>92</y><time>23-01-21 10:03:11:558</time></pt><pt><x>472</x><y>97</y><time>23-01-21 10:03:11:928</time></pt><pt><x>475</x><y>99</y><time>23-01-21 10:03:12:329</time></pt><pt><x>475</x><y>101</y><time>23-01-21 10:03:12:769</time></pt><pt><x>467</x><y>103</y><time>23-01-21 10:03:13:345</time></pt><pt><x>462</x><y>105</y><time>23-01-21 10:03:13:807</time></pt><pt><x>459</x><y>108</y><time>23-01-21 10:03:14:177</time></pt><pt><x>457</x><y>113</y><time>23-01-21 10:03:14:609</time></pt><pt><x>456</x><y>117</y><time>23-01-21 10:03:15:019</time></pt><pt><x>452</x><y>134</y><time>23-01-21 10:03:16:204</time></pt><pt><x>451</x><y>143</y><time>23-01-21 10:03:16:545</time></pt><pt><x>450</x><y>152</y><time>23-01-21 10:03:16:976</time></pt><pt><x>447</x><y>170</y><time>23-01-21 10:03:18:173</time></pt><pt><x>447</x><y>176</y><time>23-01-21 10:03:18:463</time></pt><pt><x>448</x><y>180</y><time>23-01-21 10:03:18:706</time></pt><pt><x>449</x><y>185</y><time>23-01-21 10:03:19:069</time></pt><pt><x>450</x><y>188</y><time>23-01-21 10:03:19:360</time></pt><pt><x>451</x><y>193</y><time>23-01-21 10:03:19:695</time></pt><pt><x>452</x><y>196</y><time>23-01-21 10:03:20:018</time></pt><pt><x>458</x><y>196</y><time>23-01-21 10:03:20:350</time></pt><pt><x>459</x><y>195</y><time>23-01-21 10:03:20:670</time></pt><pt><x>458</x><y>191</y><time>23-01-21 10:03:21:148</time></pt><pt><x>457</x><y>186</y><time>23-01-21 10:03:21:502</time></pt><pt><x>457</x><y>181</y><time>23-01-21 10:03:21:802</time></pt><pt><x>459</x><y>176</y><time>23-01-21 10:03:22:054</time></pt><pt><x>461</x><y>171</y><time>23-01-21 10:03:22:353</time></pt><pt><x>462</x><y>165</y><time>23-01-21 10:03:22:666</time></pt><pt><x>462</x><y>157</y><time>23-01-21 10:03:23:058</time></pt><pt><x>463</x><y>152</y><time>23-01-21 10:03:23:439</time></pt><pt><x>465</x><y>150</y><time>23-01-21 10:03:23:751</time></pt><pt><x>465</x><y>154</y><time>23-01-21 10:03:24:128</time></pt><pt><x>465</x><y>157</y><time>23-01-21 10:03:24:426</time></pt><pt><x>464</x><y>160</y><time>23-01-21 10:03:24:638</time></pt><pt><x>464</x><y>165</y><time>23-01-21 10:03:24:882</time></pt><pt><x>464</x><y>167</y><time>23-01-21 10:03:25:198</time></pt><pt><x>465</x><y>172</y><time>23-01-21 10:03:25:545</time></pt><pt><x>465</x><y>178</y><time>23-01-21 10:03:25:937</time></pt><pt><x>465</x><y>183</y><time>23-01-21 10:03:26:133</time></pt><pt><x>465</x><y>188</y><time>23-01-21 10:03:26:411</time></pt><pt><x>466</x><y>194</y><time>23-01-21 10:03:26:628</time></pt><pt><x>473</x><y>225</y><time>23-01-21 10:03:28:178</time></pt><pt><x>475</x><y>230</y><time>23-01-21 10:03:28:485</time></pt><pt><x>476</x><y>236</y><time>23-01-21 10:03:28:713</time></pt><pt><x>476</x><y>244</y><time>23-01-21 10:03:29:011</time></pt><pt><x>476</x><y>249</y><time>23-01-21 10:03:29:231</time></pt><pt><x>478</x><y>263</y><time>23-01-21 10:03:30:316</time></pt><pt><x>479</x><y>272</y><time>23-01-21 10:03:30:600</time></pt><pt><x>480</x><y>275</y><time>23-01-21 10:03:30:796</time></pt><pt><x>481</x><y>280</y><time>23-01-21 10:03:31:055</time></pt><pt><x>481</x><y>283</y><time>23-01-21 10:03:31:291</time></pt><pt><x>478</x><y>287</y><time>23-01-21 10:03:31:682</time></pt><pt><x>475</x><y>290</y><time>23-01-21 10:03:32:155</time></pt><pt><x>473</x><y>292</y><time>23-01-21 10:03:32:543</time></pt><pt><x>475</x><y>295</y><time>23-01-21 10:03:32:879</time></pt><pt><x>478</x><y>295</y><time>23-01-21 10:03:33:147</time></pt><pt><x>485</x><y>296</y><time>23-01-21 10:03:33:674</time></pt><pt><x>491</x><y>297</y><time>23-01-21 10:03:34:005</time></pt><pt><x>495</x><y>297</y><time>23-01-21 10:03:34:265</time></pt><pt><x>495</x><y>293</y><time>23-01-21 10:03:34:854</time></pt><pt><x>494</x><y>290</y><time>23-01-21 10:03:35:151</time></pt><pt><x>493</x><y>287</y><time>23-01-21 10:03:35:456</time></pt><pt><x>493</x><y>284</y><time>23-01-21 10:03:35:818</time></pt><pt><x>494</x><y>283</y><time>23-01-21 10:03:36:087</time></pt><pt><x>495</x><y>278</y><time>23-01-21 10:03:36:410</time></pt><pt><x>497</x><y>270</y><time>23-01-21 10:03:36:825</time></pt><pt><x>494</x><y>244</y><time>23-01-21 10:03:38:432</time></pt><pt><x>494</x><y>235</y><time>23-01-21 10:03:38:903</time></pt><pt><x>494</x><y>232</y><time>23-01-21 10:03:39:246</time></pt><pt><x>495</x><y>231</y><time>23-01-21 10:03:40:088</time></pt><pt><x>501</x><y>243</y><time>23-01-21 10:03:40:780</time></pt><pt><x>504</x><y>256</y><time>23-01-21 10:03:41:244</time></pt><pt><x>508</x><y>265</y><time>23-01-21 10:03:41:706</time></pt><pt><x>512</x><y>269</y><time>23-01-21 10:03:42:069</time></pt><pt><x>513</x><y>274</y><time>23-01-21 10:03:42:358</time></pt><pt><x>511</x><y>279</y><time>23-01-21 10:03:43:444</time></pt><pt><x>509</x><y>285</y><time>23-01-21 10:03:43:762</time></pt><pt><x>508</x><y>288</y><time>23-01-21 10:03:44:090</time></pt><pt><x>506</x><y>291</y><time>23-01-21 10:03:44:359</time></pt><pt><x>509</x><y>293</y><time>23-01-21 10:03:44:656</time></pt><pt><x>513</x><y>293</y><time>23-01-21 10:03:44:977</time></pt><pt><x>517</x><y>293</y><time>23-01-21 10:03:45:245</time></pt><pt><x>522</x><y>292</y><time>23-01-21 10:03:45:543</time></pt><pt><x>525</x><y>289</y><time>23-01-21 10:03:45:953</time></pt><pt><x>527</x><y>285</y><time>23-01-21 10:03:46:292</time></pt><pt><x>528</x><y>281</y><time>23-01-21 10:03:46:628</time></pt><pt><x>529</x><y>277</y><time>23-01-21 10:03:46:879</time></pt><pt><x>528</x><y>275</y><time>23-01-21 10:03:47:076</time></pt><pt><x>526</x><y>273</y><time>23-01-21 10:03:47:321</time></pt><pt><x>524</x><y>268</y><time>23-01-21 10:03:47:580</time></pt><pt><x>523</x><y>264</y><time>23-01-21 10:03:47:847</time></pt><pt><x>522</x><y>259</y><time>23-01-21 10:03:48:107</time></pt><pt><x>521</x><y>253</y><time>23-01-21 10:03:48:391</time></pt><pt><x>514</x><y>224</y><time>23-01-21 10:03:49:491</time></pt><pt><x>511</x><y>223</y><time>23-01-21 10:03:49:790</time></pt><pt><x>510</x><y>221</y><time>23-01-21 10:03:50:025</time></pt><pt><x>512</x><y>217</y><time>23-01-21 10:03:50:220</time></pt><pt><x>511</x><y>211</y><time>23-01-21 10:03:50:622</time></pt><pt><x>512</x><y>197</y><time>23-01-21 10:03:51:722</time></pt><pt><x>513</x><y>190</y><time>23-01-21 10:03:52:029</time></pt><pt><x>515</x><y>184</y><time>23-01-21 10:03:52:233</time></pt><pt><x>517</x><y>179</y><time>23-01-21 10:03:52:492</time></pt><pt><x>523</x><y>156</y><time>23-01-21 10:03:53:963</time></pt><pt><x>524</x><y>149</y><time>23-01-21 10:03:54:350</time></pt><pt><x>525</x><y>138</y><time>23-01-21 10:03:54:870</time></pt><pt><x>525</x><y>125</y><time>23-01-21 10:03:55:904</time></pt><pt><x>523</x><y>116</y><time>23-01-21 10:03:56:211</time></pt><pt><x>521</x><y>111</y><time>23-01-21 10:03:56:534</time></pt><pt><x>518</x><y>107</y><time>23-01-21 10:03:56:810</time></pt><pt><x>513</x><y>104</y><time>23-01-21 10:03:57:149</time></pt><pt><x>505</x><y>101</y><time>23-01-21 10:03:57:517</time></pt><pt><x>498</x><y>99</y><time>23-01-21 10:03:58:885</time></pt><pt><x>494</x><y>96</y><time>23-01-21 10:03:59:308</time></pt><pt><x>495</x><y>94</y><time>23-01-21 10:03:59:599</time></pt><pt><x>496</x><y>91</y><time>23-01-21 10:03:59:851</time></pt><pt><x>499</x><y>88</y><time>23-01-21 10:04:00:103</time></pt><pt><x>502</x><y>85</y><time>23-01-21 10:04:00:331</time></pt><pt><x>502</x><y>81</y><time>23-01-21 10:04:00:551</time></pt><pt><x>501</x><y>76</y><time>23-01-21 10:04:00:780</time></pt><pt><x>499</x><y>72</y><time>23-01-21 10:04:01:033</time></pt><pt><x>496</x><y>69</y><time>23-01-21 10:04:01:266</time></pt><pt><x>493</x><y>67</y><time>23-01-21 10:04:01:572</time></pt><closed_date>23-01-21 10:04:01:915</closed_date></polygon></object><object><name>person</name><deleted>0</deleted><verified>0</verified><occluded>no</occluded><attributes></attributes><parts><hasparts></hasparts><ispartof></ispartof></parts><date>23-01-21 10:05:04:297</date><id>1</id><polygon><username>7hao</username><pt><x>569</x><y>89</y><time>23-01-21 10:04:09:699</time></pt><pt><x>563</x><y>89</y><time>23-01-21 10:04:09:988</time></pt><pt><x>557</x><y>91</y><time>23-01-21 10:04:10:260</time></pt><pt><x>555</x><y>96</y><time>23-01-21 10:04:11:212</time></pt><pt><x>553</x><y>100</y><time>23-01-21 10:04:11:558</time></pt><pt><x>555</x><y>104</y><time>23-01-21 10:04:11:824</time></pt><pt><x>556</x><y>108</y><time>23-01-21 10:04:12:069</time></pt><pt><x>557</x><y>112</y><time>23-01-21 10:04:12:329</time></pt><pt><x>555</x><y>115</y><time>23-01-21 10:04:12:619</time></pt><pt><x>552</x><y>117</y><time>23-01-21 10:04:12:816</time></pt><pt><x>551</x><y>119</y><time>23-01-21 10:04:13:116</time></pt><pt><x>549</x><y>122</y><time>23-01-21 10:04:13:344</time></pt><pt><x>544</x><y>126</y><time>23-01-21 10:04:13:721</time></pt><pt><x>542</x><y>129</y><time>23-01-21 10:04:13:933</time></pt><pt><x>541</x><y>133</y><time>23-01-21 10:04:14:198</time></pt><pt><x>539</x><y>140</y><time>23-01-21 10:04:14:610</time></pt><pt><x>537</x><y>158</y><time>23-01-21 10:04:15:748</time></pt><pt><x>539</x><y>165</y><time>23-01-21 10:04:16:112</time></pt><pt><x>540</x><y>171</y><time>23-01-21 10:04:16:384</time></pt><pt><x>542</x><y>176</y><time>23-01-21 10:04:16:604</time></pt><pt><x>544</x><y>181</y><time>23-01-21 10:04:16:902</time></pt><pt><x>546</x><y>183</y><time>23-01-21 10:04:17:187</time></pt><pt><x>547</x><y>185</y><time>23-01-21 10:04:17:573</time></pt><pt><x>548</x><y>187</y><time>23-01-21 10:04:17:760</time></pt><pt><x>549</x><y>195</y><time>23-01-21 10:04:19:044</time></pt><pt><x>550</x><y>200</y><time>23-01-21 10:04:19:309</time></pt><pt><x>552</x><y>203</y><time>23-01-21 10:04:19:561</time></pt><pt><x>553</x><y>208</y><time>23-01-21 10:04:19:776</time></pt><pt><x>553</x><y>213</y><time>23-01-21 10:04:20:033</time></pt><pt><x>554</x><y>216</y><time>23-01-21 10:04:20:220</time></pt><pt><x>555</x><y>218</y><time>23-01-21 10:04:20:465</time></pt><pt><x>556</x><y>220</y><time>23-01-21 10:04:20:717</time></pt><pt><x>557</x><y>224</y><time>23-01-21 10:04:21:007</time></pt><pt><x>557</x><y>228</y><time>23-01-21 10:04:22:957</time></pt><pt><x>557</x><y>230</y><time>23-01-21 10:04:23:241</time></pt><pt><x>555</x><y>234</y><time>23-01-21 10:04:23:460</time></pt><pt><x>554</x><y>240</y><time>23-01-21 10:04:23:689</time></pt><pt><x>555</x><y>248</y><time>23-01-21 10:04:23:962</time></pt><pt><x>556</x><y>255</y><time>23-01-21 10:04:24:270</time></pt><pt><x>558</x><y>261</y><time>23-01-21 10:04:24:578</time></pt><pt><x>559</x><y>266</y><time>23-01-21 10:04:24:914</time></pt><pt><x>559</x><y>269</y><time>23-01-21 10:04:26:879</time></pt><pt><x>557</x><y>270</y><time>23-01-21 10:04:27:148</time></pt><pt><x>556</x><y>272</y><time>23-01-21 10:04:27:338</time></pt><pt><x>556</x><y>277</y><time>23-01-21 10:04:27:604</time></pt><pt><x>558</x><y>281</y><time>23-01-21 10:04:27:966</time></pt><pt><x>564</x><y>283</y><time>23-01-21 10:04:28:256</time></pt><pt><x>570</x><y>283</y><time>23-01-21 10:04:28:517</time></pt><pt><x>572</x><y>280</y><time>23-01-21 10:04:28:902</time></pt><pt><x>572</x><y>277</y><time>23-01-21 10:04:29:161</time></pt><pt><x>570</x><y>275</y><time>23-01-21 10:04:29:403</time></pt><pt><x>569</x><y>274</y><time>23-01-21 10:04:29:666</time></pt><pt><x>568</x><y>270</y><time>23-01-21 10:04:29:887</time></pt><pt><x>566</x><y>267</y><time>23-01-21 10:04:30:097</time></pt><pt><x>566</x><y>265</y><time>23-01-21 10:04:30:331</time></pt><pt><x>565</x><y>260</y><time>23-01-21 10:04:30:622</time></pt><pt><x>566</x><y>255</y><time>23-01-21 10:04:30:944</time></pt><pt><x>567</x><y>249</y><time>23-01-21 10:04:31:349</time></pt><pt><x>568</x><y>243</y><time>23-01-21 10:04:32:314</time></pt><pt><x>568</x><y>238</y><time>23-01-21 10:04:32:581</time></pt><pt><x>567</x><y>235</y><time>23-01-21 10:04:32:752</time></pt><pt><x>571</x><y>226</y><time>23-01-21 10:04:33:444</time></pt><pt><x>572</x><y>222</y><time>23-01-21 10:04:33:846</time></pt><pt><x>572</x><y>220</y><time>23-01-21 10:04:34:083</time></pt><pt><x>572</x><y>217</y><time>23-01-21 10:04:34:312</time></pt><pt><x>572</x><y>213</y><time>23-01-21 10:04:34:735</time></pt><pt><x>573</x><y>210</y><time>23-01-21 10:04:35:019</time></pt><pt><x>573</x><y>208</y><time>23-01-21 10:04:35:238</time></pt><pt><x>576</x><y>210</y><time>23-01-21 10:04:35:586</time></pt><pt><x>577</x><y>212</y><time>23-01-21 10:04:35:867</time></pt><pt><x>578</x><y>214</y><time>23-01-21 10:04:36:071</time></pt><pt><x>579</x><y>215</y><time>23-01-21 10:04:36:282</time></pt><pt><x>582</x><y>216</y><time>23-01-21 10:04:36:636</time></pt><pt><x>583</x><y>217</y><time>23-01-21 10:04:36:882</time></pt><pt><x>586</x><y>222</y><time>23-01-21 10:04:37:064</time></pt><pt><x>587</x><y>226</y><time>23-01-21 10:04:37:283</time></pt><pt><x>588</x><y>229</y><time>23-01-21 10:04:37:519</time></pt><pt><x>589</x><y>234</y><time>23-01-21 10:04:37:801</time></pt><pt><x>588</x><y>239</y><time>23-01-21 10:04:38:084</time></pt><pt><x>588</x><y>244</y><time>23-01-21 10:04:38:273</time></pt><pt><x>590</x><y>250</y><time>23-01-21 10:04:38:496</time></pt><pt><x>591</x><y>253</y><time>23-01-21 10:04:38:729</time></pt><pt><x>593</x><y>259</y><time>23-01-21 10:04:39:814</time></pt><pt><x>593</x><y>264</y><time>23-01-21 10:04:40:038</time></pt><pt><x>593</x><y>268</y><time>23-01-21 10:04:40:207</time></pt><pt><x>592</x><y>272</y><time>23-01-21 10:04:40:474</time></pt><pt><x>590</x><y>273</y><time>23-01-21 10:04:40:689</time></pt><pt><x>589</x><y>276</y><time>23-01-21 10:04:40:851</time></pt><pt><x>590</x><y>279</y><time>23-01-21 10:04:41:050</time></pt><pt><x>592</x><y>281</y><time>23-01-21 10:04:41:314</time></pt><pt><x>595</x><y>282</y><time>23-01-21 10:04:41:566</time></pt><pt><x>598</x><y>282</y><time>23-01-21 10:04:41:794</time></pt><pt><x>601</x><y>282</y><time>23-01-21 10:04:42:000</time></pt><pt><x>609</x><y>283</y><time>23-01-21 10:04:44:372</time></pt><pt><x>613</x><y>283</y><time>23-01-21 10:04:44:656</time></pt><pt><x>617</x><y>282</y><time>23-01-21 10:04:44:860</time></pt><pt><x>621</x><y>280</y><time>23-01-21 10:04:45:246</time></pt><pt><x>621</x><y>278</y><time>23-01-21 10:04:45:484</time></pt><pt><x>619</x><y>277</y><time>23-01-21 10:04:45:756</time></pt><pt><x>614</x><y>276</y><time>23-01-21 10:04:46:127</time></pt><pt><x>610</x><y>273</y><time>23-01-21 10:04:46:507</time></pt><pt><x>608</x><y>271</y><time>23-01-21 10:04:46:770</time></pt><pt><x>605</x><y>269</y><time>23-01-21 10:04:46:976</time></pt><pt><x>603</x><y>267</y><time>23-01-21 10:04:47:209</time></pt><pt><x>602</x><y>263</y><time>23-01-21 10:04:47:394</time></pt><pt><x>603</x><y>259</y><time>23-01-21 10:04:47:676</time></pt><pt><x>601</x><y>242</y><time>23-01-21 10:04:49:117</time></pt><pt><x>600</x><y>232</y><time>23-01-21 10:04:49:579</time></pt><pt><x>599</x><y>218</y><time>23-01-21 10:04:50:316</time></pt><pt><x>598</x><y>211</y><time>23-01-21 10:04:50:593</time></pt><pt><x>598</x><y>202</y><time>23-01-21 10:04:51:630</time></pt><pt><x>598</x><y>197</y><time>23-01-21 10:04:51:889</time></pt><pt><x>598</x><y>191</y><time>23-01-21 10:04:52:095</time></pt><pt><x>598</x><y>188</y><time>23-01-21 10:04:52:283</time></pt><pt><x>598</x><y>185</y><time>23-01-21 10:04:52:455</time></pt><pt><x>599</x><y>182</y><time>23-01-21 10:04:52:652</time></pt><pt><x>601</x><y>179</y><time>23-01-21 10:04:52:865</time></pt><pt><x>600</x><y>154</y><time>23-01-21 10:04:53:916</time></pt><pt><x>597</x><y>141</y><time>23-01-21 10:04:54:318</time></pt><pt><x>594</x><y>130</y><time>23-01-21 10:04:55:114</time></pt><pt><x>589</x><y>125</y><time>23-01-21 10:04:55:499</time></pt><pt><x>584</x><y>122</y><time>23-01-21 10:04:55:788</time></pt><pt><x>579</x><y>121</y><time>23-01-21 10:04:56:089</time></pt><pt><x>577</x><y>119</y><time>23-01-21 10:04:56:378</time></pt><pt><x>577</x><y>117</y><time>23-01-21 10:04:57:793</time></pt><pt><x>575</x><y>116</y><time>23-01-21 10:04:58:008</time></pt><pt><x>576</x><y>111</y><time>23-01-21 10:04:58:398</time></pt><pt><x>577</x><y>109</y><time>23-01-21 10:04:58:667</time></pt><pt><x>579</x><y>106</y><time>23-01-21 10:04:58:886</time></pt><pt><x>579</x><y>102</y><time>23-01-21 10:04:59:123</time></pt><pt><x>578</x><y>100</y><time>23-01-21 10:04:59:318</time></pt><pt><x>578</x><y>97</y><time>23-01-21 10:04:59:514</time></pt><pt><x>577</x><y>95</y><time>23-01-21 10:04:59:735</time></pt><pt><x>575</x><y>92</y><time>23-01-21 10:04:59:994</time></pt><pt><x>572</x><y>90</y><time>23-01-21 10:05:00:239</time></pt><pt><x>570</x><y>89</y><time>23-01-21 10:05:00:479</time></pt><closed_date>23-01-21 10:05:01:952</closed_date></polygon></object><object><name>person</name><deleted>0</deleted><verified>0</verified><occluded>no</occluded><attributes></attributes><parts><hasparts></hasparts><ispartof></ispartof></parts><date>23-01-21 10:09:19:859</date><id>2</id><polygon><username>7hao</username><pt><x>301</x><y>41</y><time>23-01-21 10:08:15:514</time></pt><pt><x>295</x><y>38</y><time>23-01-21 10:08:16:490</time></pt><pt><x>289</x><y>38</y><time>23-01-21 10:08:16:836</time></pt><pt><x>284</x><y>38</y><time>23-01-21 10:08:17:131</time></pt><pt><x>280</x><y>41</y><time>23-01-21 10:08:17:428</time></pt><pt><x>277</x><y>44</y><time>23-01-21 10:08:17:724</time></pt><pt><x>275</x><y>52</y><time>23-01-21 10:08:18:087</time></pt><pt><x>276</x><y>58</y><time>23-01-21 10:08:18:527</time></pt><pt><x>278</x><y>64</y><time>23-01-21 10:08:18:826</time></pt><pt><x>278</x><y>68</y><time>23-01-21 10:08:19:116</time></pt><pt><x>277</x><y>71</y><time>23-01-21 10:08:19:378</time></pt><pt><x>271</x><y>73</y><time>23-01-21 10:08:19:692</time></pt><pt><x>268</x><y>74</y><time>23-01-21 10:08:19:872</time></pt><pt><x>265</x><y>76</y><time>23-01-21 10:08:20:139</time></pt><pt><x>261</x><y>78</y><time>23-01-21 10:08:20:470</time></pt><pt><x>258</x><y>83</y><time>23-01-21 10:08:20:871</time></pt><pt><x>254</x><y>90</y><time>23-01-21 10:08:22:609</time></pt><pt><x>254</x><y>94</y><time>23-01-21 10:08:22:829</time></pt><pt><x>253</x><y>99</y><time>23-01-21 10:08:23:080</time></pt><pt><x>253</x><y>105</y><time>23-01-21 10:08:23:260</time></pt><pt><x>253</x><y>114</y><time>23-01-21 10:08:23:632</time></pt><pt><x>254</x><y>121</y><time>23-01-21 10:08:24:101</time></pt><pt><x>254</x><y>124</y><time>23-01-21 10:08:24:330</time></pt><pt><x>255</x><y>143</y><time>23-01-21 10:08:25:415</time></pt><pt><x>255</x><y>150</y><time>23-01-21 10:08:25:635</time></pt><pt><x>254</x><y>158</y><time>23-01-21 10:08:25:832</time></pt><pt><x>255</x><y>167</y><time>23-01-21 10:08:26:640</time></pt><pt><x>255</x><y>171</y><time>23-01-21 10:08:26:831</time></pt><pt><x>258</x><y>183</y><time>23-01-21 10:08:27:956</time></pt><pt><x>260</x><y>189</y><time>23-01-21 10:08:28:143</time></pt><pt><x>261</x><y>194</y><time>23-01-21 10:08:28:364</time></pt><pt><x>261</x><y>199</y><time>23-01-21 10:08:28:566</time></pt><pt><x>263</x><y>205</y><time>23-01-21 10:08:28:947</time></pt><pt><x>263</x><y>209</y><time>23-01-21 10:08:29:118</time></pt><pt><x>263</x><y>212</y><time>23-01-21 10:08:29:266</time></pt><pt><x>264</x><y>227</y><time>23-01-21 10:08:30:399</time></pt><pt><x>263</x><y>232</y><time>23-01-21 10:08:30:565</time></pt><pt><x>262</x><y>233</y><time>23-01-21 10:08:30:862</time></pt><pt><x>262</x><y>236</y><time>23-01-21 10:08:31:021</time></pt><pt><x>262</x><y>238</y><time>23-01-21 10:08:31:170</time></pt><pt><x>261</x><y>240</y><time>23-01-21 10:08:31:326</time></pt><pt><x>259</x><y>245</y><time>23-01-21 10:08:31:501</time></pt><pt><x>254</x><y>250</y><time>23-01-21 10:08:31:774</time></pt><pt><x>252</x><y>254</y><time>23-01-21 10:08:31:932</time></pt><pt><x>246</x><y>266</y><time>23-01-21 10:08:33:260</time></pt><pt><x>246</x><y>271</y><time>23-01-21 10:08:33:426</time></pt><pt><x>244</x><y>274</y><time>23-01-21 10:08:33:590</time></pt><pt><x>242</x><y>277</y><time>23-01-21 10:08:33:773</time></pt><pt><x>241</x><y>280</y><time>23-01-21 10:08:33:921</time></pt><pt><x>242</x><y>283</y><time>23-01-21 10:08:34:094</time></pt><pt><x>243</x><y>286</y><time>23-01-21 10:08:34:260</time></pt><pt><x>244</x><y>288</y><time>23-01-21 10:08:34:362</time></pt><pt><x>240</x><y>290</y><time>23-01-21 10:08:34:724</time></pt><pt><x>240</x><y>297</y><time>23-01-21 10:08:35:117</time></pt><pt><x>241</x><y>299</y><time>23-01-21 10:08:35:267</time></pt><pt><x>242</x><y>303</y><time>23-01-21 10:08:35:455</time></pt><pt><x>245</x><y>308</y><time>23-01-21 10:08:35:667</time></pt><pt><x>250</x><y>310</y><time>23-01-21 10:08:36:020</time></pt><pt><x>252</x><y>308</y><time>23-01-21 10:08:36:312</time></pt><pt><x>252</x><y>305</y><time>23-01-21 10:08:36:518</time></pt><pt><x>253</x><y>299</y><time>23-01-21 10:08:36:735</time></pt><pt><x>254</x><y>295</y><time>23-01-21 10:08:36:956</time></pt><pt><x>254</x><y>293</y><time>23-01-21 10:08:37:128</time></pt><pt><x>257</x><y>289</y><time>23-01-21 10:08:37:372</time></pt><pt><x>259</x><y>287</y><time>23-01-21 10:08:37:607</time></pt><pt><x>264</x><y>274</y><time>23-01-21 10:08:38:527</time></pt><pt><x>265</x><y>271</y><time>23-01-21 10:08:38:724</time></pt><pt><x>268</x><y>265</y><time>23-01-21 10:08:38:936</time></pt><pt><x>272</x><y>257</y><time>23-01-21 10:08:39:488</time></pt><pt><x>271</x><y>269</y><time>23-01-21 10:08:39:983</time></pt><pt><x>271</x><y>274</y><time>23-01-21 10:08:40:227</time></pt><pt><x>270</x><y>282</y><time>23-01-21 10:08:40:529</time></pt><pt><x>270</x><y>285</y><time>23-01-21 10:08:40:784</time></pt><pt><x>268</x><y>287</y><time>23-01-21 10:08:40:975</time></pt><pt><x>267</x><y>291</y><time>23-01-21 10:08:41:163</time></pt><pt><x>269</x><y>295</y><time>23-01-21 10:08:41:318</time></pt><pt><x>269</x><y>300</y><time>23-01-21 10:08:41:508</time></pt><pt><x>267</x><y>304</y><time>23-01-21 10:08:41:704</time></pt><pt><x>267</x><y>309</y><time>23-01-21 10:08:42:060</time></pt><pt><x>269</x><y>311</y><time>23-01-21 10:08:42:388</time></pt><pt><x>275</x><y>311</y><time>23-01-21 10:08:42:608</time></pt><pt><x>308</x><y>311</y><time>23-01-21 10:08:43:450</time></pt><pt><x>312</x><y>310</y><time>23-01-21 10:08:43:791</time></pt><pt><x>313</x><y>308</y><time>23-01-21 10:08:43:952</time></pt><pt><x>309</x><y>301</y><time>23-01-21 10:08:44:306</time></pt><pt><x>304</x><y>301</y><time>23-01-21 10:08:44:565</time></pt><pt><x>302</x><y>301</y><time>23-01-21 10:08:44:716</time></pt><pt><x>298</x><y>300</y><time>23-01-21 10:08:44:949</time></pt><pt><x>294</x><y>295</y><time>23-01-21 10:08:45:344</time></pt><pt><x>293</x><y>292</y><time>23-01-21 10:08:45:604</time></pt><pt><x>293</x><y>290</y><time>23-01-21 10:08:45:796</time></pt><pt><x>296</x><y>288</y><time>23-01-21 10:08:45:988</time></pt><pt><x>299</x><y>281</y><time>23-01-21 10:08:46:333</time></pt><pt><x>299</x><y>277</y><time>23-01-21 10:08:46:546</time></pt><pt><x>298</x><y>267</y><time>23-01-21 10:08:46:908</time></pt><pt><x>301</x><y>257</y><time>23-01-21 10:08:47:444</time></pt><pt><x>305</x><y>241</y><time>23-01-21 10:08:48:836</time></pt><pt><x>307</x><y>233</y><time>23-01-21 10:08:49:103</time></pt><pt><x>309</x><y>220</y><time>23-01-21 10:08:59:572</time></pt><pt><x>310</x><y>202</y><time>23-01-21 10:09:00:640</time></pt><pt><x>310</x><y>199</y><time>23-01-21 10:09:00:900</time></pt><pt><x>311</x><y>197</y><time>23-01-21 10:09:01:063</time></pt><pt><x>315</x><y>196</y><time>23-01-21 10:09:01:300</time></pt><pt><x>318</x><y>195</y><time>23-01-21 10:09:01:499</time></pt><pt><x>320</x><y>190</y><time>23-01-21 10:09:01:748</time></pt><pt><x>319</x><y>186</y><time>23-01-21 10:09:01:992</time></pt><pt><x>317</x><y>183</y><time>23-01-21 10:09:02:199</time></pt><pt><x>314</x><y>172</y><time>23-01-21 10:09:07:852</time></pt><pt><x>312</x><y>166</y><time>23-01-21 10:09:08:073</time></pt><pt><x>312</x><y>160</y><time>23-01-21 10:09:08:244</time></pt><pt><x>311</x><y>155</y><time>23-01-21 10:09:08:440</time></pt><pt><x>311</x><y>151</y><time>23-01-21 10:09:08:631</time></pt><pt><x>311</x><y>130</y><time>23-01-21 10:09:09:825</time></pt><pt><x>311</x><y>124</y><time>23-01-21 10:09:10:108</time></pt><pt><x>309</x><y>118</y><time>23-01-21 10:09:10:320</time></pt><pt><x>306</x><y>95</y><time>23-01-21 10:09:11:326</time></pt><pt><x>305</x><y>92</y><time>23-01-21 10:09:11:502</time></pt><pt><x>303</x><y>90</y><time>23-01-21 10:09:11:655</time></pt><pt><x>299</x><y>86</y><time>23-01-21 10:09:11:931</time></pt><pt><x>297</x><y>84</y><time>23-01-21 10:09:12:128</time></pt><pt><x>296</x><y>83</y><time>23-01-21 10:09:12:334</time></pt><pt><x>297</x><y>81</y><time>23-01-21 10:09:12:522</time></pt><pt><x>299</x><y>79</y><time>23-01-21 10:09:12:670</time></pt><pt><x>301</x><y>77</y><time>23-01-21 10:09:12:867</time></pt><pt><x>304</x><y>76</y><time>23-01-21 10:09:13:072</time></pt><pt><x>306</x><y>75</y><time>23-01-21 10:09:13:284</time></pt><pt><x>307</x><y>74</y><time>23-01-21 10:09:13:439</time></pt><pt><x>309</x><y>67</y><time>23-01-21 10:09:14:431</time></pt><pt><x>310</x><y>63</y><time>23-01-21 10:09:14:596</time></pt><pt><x>310</x><y>60</y><time>23-01-21 10:09:14:755</time></pt><pt><x>310</x><y>56</y><time>23-01-21 10:09:14:943</time></pt><pt><x>310</x><y>54</y><time>23-01-21 10:09:15:147</time></pt><pt><x>309</x><y>51</y><time>23-01-21 10:09:15:362</time></pt><pt><x>308</x><y>48</y><time>23-01-21 10:09:15:579</time></pt><pt><x>307</x><y>47</y><time>23-01-21 10:09:15:794</time></pt><pt><x>305</x><y>45</y><time>23-01-21 10:09:16:012</time></pt><pt><x>304</x><y>43</y><time>23-01-21 10:09:16:249</time></pt><pt><x>302</x><y>42</y><time>23-01-21 10:09:16:655</time></pt><closed_date>23-01-21 10:09:16:982</closed_date></polygon></object></annotation>