<annotation><filename>frame0071.jpg</filename><folder>users/lab605//7hao/human_20210119_4</folder><source><submittedBy>lab605</submittedBy></source><imagesize><nrows>480</nrows><ncols>640</ncols></imagesize><object><name>person</name><deleted>0</deleted><verified>0</verified><occluded>no</occluded><attributes></attributes><parts><hasparts></hasparts><ispartof></ispartof></parts><date>26-01-21 14:20:09:063</date><id>0</id><polygon><username>7hao</username><pt><x>167</x><y>0</y><time>26-01-21 14:18:17:123</time></pt><pt><x>168</x><y>3</y><time>26-01-21 14:18:17:560</time></pt><pt><x>170</x><y>6</y><time>26-01-21 14:18:17:842</time></pt><pt><x>171</x><y>8</y><time>26-01-21 14:18:18:134</time></pt><pt><x>171</x><y>10</y><time>26-01-21 14:18:18:416</time></pt><pt><x>168</x><y>10</y><time>26-01-21 14:18:18:628</time></pt><pt><x>165</x><y>10</y><time>26-01-21 14:18:18:897</time></pt><pt><x>161</x><y>14</y><time>26-01-21 14:18:19:108</time></pt><pt><x>158</x><y>19</y><time>26-01-21 14:18:19:407</time></pt><pt><x>158</x><y>22</y><time>26-01-21 14:18:19:816</time></pt><pt><x>151</x><y>28</y><time>26-01-21 14:18:20:327</time></pt><pt><x>140</x><y>34</y><time>26-01-21 14:18:20:799</time></pt><pt><x>136</x><y>43</y><time>26-01-21 14:18:21:207</time></pt><pt><x>132</x><y>64</y><time>26-01-21 14:18:22:456</time></pt><pt><x>130</x><y>90</y><time>26-01-21 14:18:24:163</time></pt><pt><x>131</x><y>102</y><time>26-01-21 14:18:24:594</time></pt><pt><x>132</x><y>110</y><time>26-01-21 14:18:24:925</time></pt><pt><x>133</x><y>117</y><time>26-01-21 14:18:25:225</time></pt><pt><x>136</x><y>124</y><time>26-01-21 14:18:25:515</time></pt><pt><x>139</x><y>131</y><time>26-01-21 14:18:25:876</time></pt><pt><x>140</x><y>136</y><time>26-01-21 14:18:26:160</time></pt><pt><x>141</x><y>138</y><time>26-01-21 14:18:26:310</time></pt><pt><x>142</x><y>143</y><time>26-01-21 14:18:26:520</time></pt><pt><x>144</x><y>147</y><time>26-01-21 14:18:26:860</time></pt><pt><x>147</x><y>150</y><time>26-01-21 14:18:27:173</time></pt><pt><x>149</x><y>153</y><time>26-01-21 14:18:27:636</time></pt><pt><x>150</x><y>158</y><time>26-01-21 14:18:29:367</time></pt><pt><x>150</x><y>166</y><time>26-01-21 14:18:29:696</time></pt><pt><x>150</x><y>170</y><time>26-01-21 14:18:29:963</time></pt><pt><x>151</x><y>175</y><time>26-01-21 14:18:30:128</time></pt><pt><x>151</x><y>182</y><time>26-01-21 14:18:30:459</time></pt><pt><x>150</x><y>189</y><time>26-01-21 14:18:30:764</time></pt><pt><x>150</x><y>194</y><time>26-01-21 14:18:30:962</time></pt><pt><x>148</x><y>200</y><time>26-01-21 14:18:32:416</time></pt><pt><x>148</x><y>201</y><time>26-01-21 14:18:32:629</time></pt><pt><x>150</x><y>203</y><time>26-01-21 14:18:32:817</time></pt><pt><x>156</x><y>203</y><time>26-01-21 14:18:32:982</time></pt><pt><x>157</x><y>206</y><time>26-01-21 14:18:33:312</time></pt><pt><x>158</x><y>217</y><time>26-01-21 14:18:33:728</time></pt><pt><x>158</x><y>224</y><time>26-01-21 14:18:34:027</time></pt><pt><x>155</x><y>233</y><time>26-01-21 14:18:34:451</time></pt><pt><x>152</x><y>255</y><time>26-01-21 14:18:35:574</time></pt><pt><x>153</x><y>267</y><time>26-01-21 14:18:35:859</time></pt><pt><x>154</x><y>273</y><time>26-01-21 14:18:36:041</time></pt><pt><x>155</x><y>281</y><time>26-01-21 14:18:36:396</time></pt><pt><x>157</x><y>292</y><time>26-01-21 14:18:37:077</time></pt><pt><x>158</x><y>298</y><time>26-01-21 14:18:37:399</time></pt><pt><x>157</x><y>305</y><time>26-01-21 14:18:38:703</time></pt><pt><x>154</x><y>308</y><time>26-01-21 14:18:38:916</time></pt><pt><x>153</x><y>311</y><time>26-01-21 14:18:39:107</time></pt><pt><x>153</x><y>313</y><time>26-01-21 14:18:39:358</time></pt><pt><x>150</x><y>315</y><time>26-01-21 14:18:39:568</time></pt><pt><x>149</x><y>316</y><time>26-01-21 14:18:39:719</time></pt><pt><x>148</x><y>320</y><time>26-01-21 14:18:39:969</time></pt><pt><x>149</x><y>323</y><time>26-01-21 14:18:40:151</time></pt><pt><x>152</x><y>325</y><time>26-01-21 14:18:40:518</time></pt><pt><x>155</x><y>327</y><time>26-01-21 14:18:40:739</time></pt><pt><x>158</x><y>328</y><time>26-01-21 14:18:40:983</time></pt><pt><x>168</x><y>327</y><time>26-01-21 14:18:41:352</time></pt><pt><x>172</x><y>324</y><time>26-01-21 14:18:41:707</time></pt><pt><x>174</x><y>318</y><time>26-01-21 14:18:41:950</time></pt><pt><x>174</x><y>310</y><time>26-01-21 14:18:42:171</time></pt><pt><x>171</x><y>300</y><time>26-01-21 14:18:42:509</time></pt><pt><x>170</x><y>293</y><time>26-01-21 14:18:42:815</time></pt><pt><x>170</x><y>278</y><time>26-01-21 14:18:43:240</time></pt><pt><x>174</x><y>270</y><time>26-01-21 14:18:43:702</time></pt><pt><x>177</x><y>249</y><time>26-01-21 14:18:44:969</time></pt><pt><x>177</x><y>242</y><time>26-01-21 14:18:45:283</time></pt><pt><x>177</x><y>237</y><time>26-01-21 14:18:45:502</time></pt><pt><x>178</x><y>232</y><time>26-01-21 14:18:45:699</time></pt><pt><x>181</x><y>225</y><time>26-01-21 14:18:45:974</time></pt><pt><x>183</x><y>216</y><time>26-01-21 14:18:55:226</time></pt><pt><x>184</x><y>211</y><time>26-01-21 14:18:55:598</time></pt><pt><x>184</x><y>208</y><time>26-01-21 14:18:55:792</time></pt><pt><x>184</x><y>205</y><time>26-01-21 14:18:56:046</time></pt><pt><x>184</x><y>202</y><time>26-01-21 14:18:56:303</time></pt><pt><x>185</x><y>200</y><time>26-01-21 14:18:56:648</time></pt><pt><x>185</x><y>200</y><time>26-01-21 14:18:56:868</time></pt><pt><x>187</x><y>201</y><time>26-01-21 14:18:57:222</time></pt><pt><x>188</x><y>202</y><time>26-01-21 14:18:57:624</time></pt><pt><x>189</x><y>204</y><time>26-01-21 14:18:57:930</time></pt><pt><x>189</x><y>210</y><time>26-01-21 14:18:58:286</time></pt><pt><x>189</x><y>217</y><time>26-01-21 14:18:58:660</time></pt><pt><x>190</x><y>222</y><time>26-01-21 14:18:58:982</time></pt><pt><x>191</x><y>228</y><time>26-01-21 14:18:59:235</time></pt><pt><x>193</x><y>236</y><time>26-01-21 14:18:59:588</time></pt><pt><x>190</x><y>248</y><time>26-01-21 14:19:15:119</time></pt><pt><x>189</x><y>257</y><time>26-01-21 14:19:15:742</time></pt><pt><x>190</x><y>271</y><time>26-01-21 14:19:23:824</time></pt><pt><x>190</x><y>281</y><time>26-01-21 14:19:24:358</time></pt><pt><x>190</x><y>290</y><time>26-01-21 14:19:24:727</time></pt><pt><x>188</x><y>303</y><time>26-01-21 14:19:25:560</time></pt><pt><x>185</x><y>308</y><time>26-01-21 14:19:26:048</time></pt><pt><x>184</x><y>320</y><time>26-01-21 14:19:29:112</time></pt><pt><x>184</x><y>326</y><time>26-01-21 14:19:29:520</time></pt><pt><x>186</x><y>328</y><time>26-01-21 14:19:29:781</time></pt><pt><x>194</x><y>328</y><time>26-01-21 14:19:30:078</time></pt><pt><x>201</x><y>326</y><time>26-01-21 14:19:30:339</time></pt><pt><x>210</x><y>325</y><time>26-01-21 14:19:30:692</time></pt><pt><x>218</x><y>324</y><time>26-01-21 14:19:31:006</time></pt><pt><x>221</x><y>323</y><time>26-01-21 14:19:31:399</time></pt><pt><x>222</x><y>319</y><time>26-01-21 14:19:31:684</time></pt><pt><x>221</x><y>315</y><time>26-01-21 14:19:31:879</time></pt><pt><x>216</x><y>311</y><time>26-01-21 14:19:32:157</time></pt><pt><x>212</x><y>311</y><time>26-01-21 14:19:32:412</time></pt><pt><x>205</x><y>306</y><time>26-01-21 14:19:32:656</time></pt><pt><x>202</x><y>301</y><time>26-01-21 14:19:32:933</time></pt><pt><x>202</x><y>296</y><time>26-01-21 14:19:33:206</time></pt><pt><x>206</x><y>287</y><time>26-01-21 14:19:33:694</time></pt><pt><x>212</x><y>266</y><time>26-01-21 14:19:40:273</time></pt><pt><x>215</x><y>254</y><time>26-01-21 14:19:41:012</time></pt><pt><x>215</x><y>241</y><time>26-01-21 14:19:41:727</time></pt><pt><x>215</x><y>231</y><time>26-01-21 14:19:42:206</time></pt><pt><x>213</x><y>223</y><time>26-01-21 14:19:43:236</time></pt><pt><x>218</x><y>210</y><time>26-01-21 14:19:43:730</time></pt><pt><x>218</x><y>206</y><time>26-01-21 14:19:44:258</time></pt><pt><x>222</x><y>206</y><time>26-01-21 14:19:44:591</time></pt><pt><x>225</x><y>205</y><time>26-01-21 14:19:44:948</time></pt><pt><x>227</x><y>197</y><time>26-01-21 14:19:45:184</time></pt><pt><x>230</x><y>186</y><time>26-01-21 14:19:45:586</time></pt><pt><x>233</x><y>167</y><time>26-01-21 14:19:46:976</time></pt><pt><x>236</x><y>155</y><time>26-01-21 14:19:47:558</time></pt><pt><x>237</x><y>150</y><time>26-01-21 14:19:47:866</time></pt><pt><x>240</x><y>143</y><time>26-01-21 14:19:48:164</time></pt><pt><x>242</x><y>140</y><time>26-01-21 14:19:48:440</time></pt><pt><x>242</x><y>137</y><time>26-01-21 14:19:48:589</time></pt><pt><x>242</x><y>134</y><time>26-01-21 14:19:48:763</time></pt><pt><x>244</x><y>129</y><time>26-01-21 14:19:49:114</time></pt><pt><x>244</x><y>109</y><time>26-01-21 14:19:50:490</time></pt><pt><x>242</x><y>78</y><time>26-01-21 14:19:51:370</time></pt><pt><x>239</x><y>63</y><time>26-01-21 14:19:51:984</time></pt><pt><x>236</x><y>48</y><time>26-01-21 14:19:52:730</time></pt><pt><x>230</x><y>35</y><time>26-01-21 14:19:59:010</time></pt><pt><x>225</x><y>29</y><time>26-01-21 14:19:59:585</time></pt><pt><x>216</x><y>25</y><time>26-01-21 14:20:00:206</time></pt><pt><x>215</x><y>23</y><time>26-01-21 14:20:00:489</time></pt><pt><x>213</x><y>21</y><time>26-01-21 14:20:00:671</time></pt><pt><x>209</x><y>19</y><time>26-01-21 14:20:00:968</time></pt><pt><x>207</x><y>18</y><time>26-01-21 14:20:01:298</time></pt><pt><x>207</x><y>17</y><time>26-01-21 14:20:01:551</time></pt><pt><x>205</x><y>14</y><time>26-01-21 14:20:02:800</time></pt><pt><x>205</x><y>9</y><time>26-01-21 14:20:03:044</time></pt><pt><x>206</x><y>4</y><time>26-01-21 14:20:03:396</time></pt><pt><x>205</x><y>1</y><time>26-01-21 14:20:03:798</time></pt><pt><x>204</x><y>0</y><time>26-01-21 14:20:05:700</time></pt><closed_date>26-01-21 14:20:06:956</closed_date></polygon></object><object><name>person</name><deleted>0</deleted><verified>0</verified><occluded>no</occluded><attributes></attributes><parts><hasparts></hasparts><ispartof></ispartof></parts><date>26-01-21 14:21:11:704</date><id>1</id><polygon><username>7hao</username><pt><x>393</x><y>64</y><time>26-01-21 14:20:13:832</time></pt><pt><x>386</x><y>63</y><time>26-01-21 14:20:14:458</time></pt><pt><x>378</x><y>65</y><time>26-01-21 14:20:14:843</time></pt><pt><x>370</x><y>71</y><time>26-01-21 14:20:15:456</time></pt><pt><x>368</x><y>76</y><time>26-01-21 14:20:15:843</time></pt><pt><x>369</x><y>80</y><time>26-01-21 14:20:16:061</time></pt><pt><x>372</x><y>87</y><time>26-01-21 14:20:16:454</time></pt><pt><x>374</x><y>92</y><time>26-01-21 14:20:17:021</time></pt><pt><x>374</x><y>94</y><time>26-01-21 14:20:17:358</time></pt><pt><x>371</x><y>100</y><time>26-01-21 14:20:17:704</time></pt><pt><x>366</x><y>105</y><time>26-01-21 14:20:18:190</time></pt><pt><x>360</x><y>107</y><time>26-01-21 14:20:18:544</time></pt><pt><x>357</x><y>112</y><time>26-01-21 14:20:18:834</time></pt><pt><x>351</x><y>126</y><time>26-01-21 14:20:19:322</time></pt><pt><x>353</x><y>140</y><time>26-01-21 14:20:19:888</time></pt><pt><x>360</x><y>144</y><time>26-01-21 14:20:20:328</time></pt><pt><x>365</x><y>141</y><time>26-01-21 14:20:20:800</time></pt><pt><x>361</x><y>172</y><time>26-01-21 14:20:22:616</time></pt><pt><x>362</x><y>178</y><time>26-01-21 14:20:23:198</time></pt><pt><x>362</x><y>182</y><time>26-01-21 14:20:23:528</time></pt><pt><x>360</x><y>188</y><time>26-01-21 14:20:23:896</time></pt><pt><x>359</x><y>215</y><time>26-01-21 14:20:25:186</time></pt><pt><x>360</x><y>224</y><time>26-01-21 14:20:25:548</time></pt><pt><x>361</x><y>230</y><time>26-01-21 14:20:25:774</time></pt><pt><x>362</x><y>235</y><time>26-01-21 14:20:26:075</time></pt><pt><x>361</x><y>241</y><time>26-01-21 14:20:26:460</time></pt><pt><x>360</x><y>246</y><time>26-01-21 14:20:26:812</time></pt><pt><x>358</x><y>250</y><time>26-01-21 14:20:32:418</time></pt><pt><x>358</x><y>256</y><time>26-01-21 14:20:32:804</time></pt><pt><x>358</x><y>266</y><time>26-01-21 14:20:33:260</time></pt><pt><x>359</x><y>273</y><time>26-01-21 14:20:33:604</time></pt><pt><x>358</x><y>275</y><time>26-01-21 14:20:33:802</time></pt><pt><x>357</x><y>277</y><time>26-01-21 14:20:33:991</time></pt><pt><x>357</x><y>279</y><time>26-01-21 14:20:34:170</time></pt><pt><x>358</x><y>283</y><time>26-01-21 14:20:34:368</time></pt><pt><x>358</x><y>285</y><time>26-01-21 14:20:34:612</time></pt><pt><x>357</x><y>288</y><time>26-01-21 14:20:34:809</time></pt><pt><x>355</x><y>294</y><time>26-01-21 14:20:35:949</time></pt><pt><x>352</x><y>298</y><time>26-01-21 14:20:36:248</time></pt><pt><x>351</x><y>300</y><time>26-01-21 14:20:36:380</time></pt><pt><x>351</x><y>302</y><time>26-01-21 14:20:36:556</time></pt><pt><x>353</x><y>303</y><time>26-01-21 14:20:36:812</time></pt><pt><x>363</x><y>304</y><time>26-01-21 14:20:37:322</time></pt><pt><x>367</x><y>303</y><time>26-01-21 14:20:37:716</time></pt><pt><x>368</x><y>302</y><time>26-01-21 14:20:37:903</time></pt><pt><x>369</x><y>302</y><time>26-01-21 14:20:38:103</time></pt><pt><x>370</x><y>300</y><time>26-01-21 14:20:38:314</time></pt><pt><x>369</x><y>297</y><time>26-01-21 14:20:38:494</time></pt><pt><x>369</x><y>290</y><time>26-01-21 14:20:38:921</time></pt><pt><x>372</x><y>283</y><time>26-01-21 14:20:39:390</time></pt><pt><x>374</x><y>272</y><time>26-01-21 14:20:40:263</time></pt><pt><x>376</x><y>264</y><time>26-01-21 14:20:40:758</time></pt><pt><x>377</x><y>249</y><time>26-01-21 14:20:41:984</time></pt><pt><x>378</x><y>243</y><time>26-01-21 14:20:42:372</time></pt><pt><x>381</x><y>232</y><time>26-01-21 14:20:42:810</time></pt><pt><x>384</x><y>218</y><time>26-01-21 14:20:43:596</time></pt><pt><x>384</x><y>232</y><time>26-01-21 14:20:44:224</time></pt><pt><x>384</x><y>235</y><time>26-01-21 14:20:44:477</time></pt><pt><x>385</x><y>238</y><time>26-01-21 14:20:44:632</time></pt><pt><x>385</x><y>246</y><time>26-01-21 14:20:44:932</time></pt><pt><x>385</x><y>253</y><time>26-01-21 14:20:45:278</time></pt><pt><x>385</x><y>265</y><time>26-01-21 14:20:45:751</time></pt><pt><x>384</x><y>274</y><time>26-01-21 14:20:46:081</time></pt><pt><x>383</x><y>278</y><time>26-01-21 14:20:46:276</time></pt><pt><x>386</x><y>284</y><time>26-01-21 14:20:47:402</time></pt><pt><x>386</x><y>288</y><time>26-01-21 14:20:47:564</time></pt><pt><x>386</x><y>293</y><time>26-01-21 14:20:47:722</time></pt><pt><x>385</x><y>297</y><time>26-01-21 14:20:48:054</time></pt><pt><x>385</x><y>299</y><time>26-01-21 14:20:48:219</time></pt><pt><x>387</x><y>301</y><time>26-01-21 14:20:48:484</time></pt><pt><x>391</x><y>301</y><time>26-01-21 14:20:48:712</time></pt><pt><x>393</x><y>302</y><time>26-01-21 14:20:48:924</time></pt><pt><x>397</x><y>303</y><time>26-01-21 14:20:49:241</time></pt><pt><x>402</x><y>303</y><time>26-01-21 14:20:49:490</time></pt><pt><x>407</x><y>302</y><time>26-01-21 14:20:50:882</time></pt><pt><x>406</x><y>299</y><time>26-01-21 14:20:51:087</time></pt><pt><x>404</x><y>296</y><time>26-01-21 14:20:51:277</time></pt><pt><x>400</x><y>292</y><time>26-01-21 14:20:51:566</time></pt><pt><x>398</x><y>286</y><time>26-01-21 14:20:51:781</time></pt><pt><x>398</x><y>283</y><time>26-01-21 14:20:51:965</time></pt><pt><x>399</x><y>280</y><time>26-01-21 14:20:52:156</time></pt><pt><x>401</x><y>272</y><time>26-01-21 14:20:52:510</time></pt><pt><x>401</x><y>260</y><time>26-01-21 14:20:53:117</time></pt><pt><x>403</x><y>247</y><time>26-01-21 14:20:54:120</time></pt><pt><x>404</x><y>229</y><time>26-01-21 14:20:55:236</time></pt><pt><x>406</x><y>219</y><time>26-01-21 14:20:55:590</time></pt><pt><x>407</x><y>210</y><time>26-01-21 14:20:55:935</time></pt><pt><x>409</x><y>202</y><time>26-01-21 14:20:56:778</time></pt><pt><x>413</x><y>200</y><time>26-01-21 14:20:57:075</time></pt><pt><x>415</x><y>199</y><time>26-01-21 14:20:57:296</time></pt><pt><x>417</x><y>195</y><time>26-01-21 14:20:57:569</time></pt><pt><x>417</x><y>191</y><time>26-01-21 14:20:57:752</time></pt><pt><x>418</x><y>187</y><time>26-01-21 14:20:58:041</time></pt><pt><x>420</x><y>183</y><time>26-01-21 14:20:58:286</time></pt><pt><x>421</x><y>177</y><time>26-01-21 14:20:58:655</time></pt><pt><x>424</x><y>162</y><time>26-01-21 14:20:59:874</time></pt><pt><x>424</x><y>147</y><time>26-01-21 14:21:00:353</time></pt><pt><x>423</x><y>129</y><time>26-01-21 14:21:01:502</time></pt><pt><x>422</x><y>117</y><time>26-01-21 14:21:01:957</time></pt><pt><x>418</x><y>110</y><time>26-01-21 14:21:02:342</time></pt><pt><x>412</x><y>107</y><time>26-01-21 14:21:02:814</time></pt><pt><x>404</x><y>104</y><time>26-01-21 14:21:03:278</time></pt><pt><x>399</x><y>101</y><time>26-01-21 14:21:03:739</time></pt><pt><x>397</x><y>99</y><time>26-01-21 14:21:04:535</time></pt><pt><x>397</x><y>95</y><time>26-01-21 14:21:04:802</time></pt><pt><x>398</x><y>90</y><time>26-01-21 14:21:05:140</time></pt><pt><x>400</x><y>87</y><time>26-01-21 14:21:05:383</time></pt><pt><x>401</x><y>78</y><time>26-01-21 14:21:06:256</time></pt><pt><x>400</x><y>73</y><time>26-01-21 14:21:06:703</time></pt><pt><x>398</x><y>69</y><time>26-01-21 14:21:07:043</time></pt><pt><x>396</x><y>65</y><time>26-01-21 14:21:07:584</time></pt><closed_date>26-01-21 14:21:08:402</closed_date></polygon></object><object><name>person</name><deleted>0</deleted><verified>0</verified><occluded>no</occluded><attributes></attributes><parts><hasparts></hasparts><ispartof></ispartof></parts><date>26-01-21 14:23:06:267</date><id>2</id><polygon><username>7hao</username><pt><x>640</x><y>10</y><time>26-01-21 14:22:00:597</time></pt><pt><x>638</x><y>11</y><time>26-01-21 14:22:27:715</time></pt><pt><x>631</x><y>13</y><time>26-01-21 14:22:28:531</time></pt><pt><x>623</x><y>20</y><time>26-01-21 14:22:29:058</time></pt><pt><x>620</x><y>26</y><time>26-01-21 14:22:29:450</time></pt><pt><x>619</x><y>31</y><time>26-01-21 14:22:29:780</time></pt><pt><x>618</x><y>35</y><time>26-01-21 14:22:30:152</time></pt><pt><x>616</x><y>38</y><time>26-01-21 14:22:30:558</time></pt><pt><x>615</x><y>40</y><time>26-01-21 14:22:30:725</time></pt><pt><x>616</x><y>44</y><time>26-01-21 14:22:30:991</time></pt><pt><x>618</x><y>47</y><time>26-01-21 14:22:31:260</time></pt><pt><x>618</x><y>52</y><time>26-01-21 14:22:31:590</time></pt><pt><x>621</x><y>58</y><time>26-01-21 14:22:31:922</time></pt><pt><x>624</x><y>62</y><time>26-01-21 14:22:32:273</time></pt><pt><x>627</x><y>63</y><time>26-01-21 14:22:32:546</time></pt><pt><x>624</x><y>65</y><time>26-01-21 14:22:32:970</time></pt><pt><x>622</x><y>73</y><time>26-01-21 14:22:33:812</time></pt><pt><x>615</x><y>81</y><time>26-01-21 14:22:35:336</time></pt><pt><x>608</x><y>93</y><time>26-01-21 14:22:36:021</time></pt><pt><x>608</x><y>101</y><time>26-01-21 14:22:36:304</time></pt><pt><x>603</x><y>123</y><time>26-01-21 14:22:37:531</time></pt><pt><x>597</x><y>135</y><time>26-01-21 14:22:37:933</time></pt><pt><x>594</x><y>145</y><time>26-01-21 14:22:38:402</time></pt><pt><x>586</x><y>160</y><time>26-01-21 14:22:39:588</time></pt><pt><x>581</x><y>166</y><time>26-01-21 14:22:39:848</time></pt><pt><x>579</x><y>171</y><time>26-01-21 14:22:40:109</time></pt><pt><x>579</x><y>177</y><time>26-01-21 14:22:40:264</time></pt><pt><x>584</x><y>180</y><time>26-01-21 14:22:40:477</time></pt><pt><x>591</x><y>181</y><time>26-01-21 14:22:40:720</time></pt><pt><x>595</x><y>177</y><time>26-01-21 14:22:40:972</time></pt><pt><x>594</x><y>172</y><time>26-01-21 14:22:41:144</time></pt><pt><x>595</x><y>165</y><time>26-01-21 14:22:41:399</time></pt><pt><x>605</x><y>152</y><time>26-01-21 14:22:41:815</time></pt><pt><x>610</x><y>147</y><time>26-01-21 14:22:42:168</time></pt><pt><x>612</x><y>149</y><time>26-01-21 14:22:42:472</time></pt><pt><x>614</x><y>154</y><time>26-01-21 14:22:42:810</time></pt><pt><x>616</x><y>158</y><time>26-01-21 14:22:42:993</time></pt><pt><x>617</x><y>161</y><time>26-01-21 14:22:43:156</time></pt><pt><x>618</x><y>164</y><time>26-01-21 14:22:43:376</time></pt><pt><x>618</x><y>168</y><time>26-01-21 14:22:43:550</time></pt><pt><x>617</x><y>171</y><time>26-01-21 14:22:43:714</time></pt><pt><x>616</x><y>174</y><time>26-01-21 14:22:43:904</time></pt><pt><x>614</x><y>179</y><time>26-01-21 14:22:48:730</time></pt><pt><x>614</x><y>182</y><time>26-01-21 14:22:48:902</time></pt><pt><x>615</x><y>186</y><time>26-01-21 14:22:49:061</time></pt><pt><x>616</x><y>193</y><time>26-01-21 14:22:49:390</time></pt><pt><x>614</x><y>198</y><time>26-01-21 14:22:49:672</time></pt><pt><x>610</x><y>207</y><time>26-01-21 14:22:50:184</time></pt><pt><x>609</x><y>213</y><time>26-01-21 14:22:50:538</time></pt><pt><x>608</x><y>219</y><time>26-01-21 14:22:50:742</time></pt><pt><x>608</x><y>231</y><time>26-01-21 14:22:51:228</time></pt><pt><x>611</x><y>251</y><time>26-01-21 14:22:52:494</time></pt><pt><x>613</x><y>262</y><time>26-01-21 14:22:52:835</time></pt><pt><x>616</x><y>277</y><time>26-01-21 14:22:53:374</time></pt><pt><x>618</x><y>287</y><time>26-01-21 14:22:53:838</time></pt><pt><x>620</x><y>301</y><time>26-01-21 14:22:54:820</time></pt><pt><x>618</x><y>307</y><time>26-01-21 14:22:55:142</time></pt><pt><x>613</x><y>308</y><time>26-01-21 14:22:55:356</time></pt><pt><x>608</x><y>309</y><time>26-01-21 14:22:55:615</time></pt><pt><x>606</x><y>310</y><time>26-01-21 14:22:55:782</time></pt><pt><x>605</x><y>314</y><time>26-01-21 14:22:55:962</time></pt><pt><x>609</x><y>318</y><time>26-01-21 14:22:56:196</time></pt><pt><x>622</x><y>318</y><time>26-01-21 14:22:56:566</time></pt><pt><x>629</x><y>319</y><time>26-01-21 14:22:56:802</time></pt><pt><x>634</x><y>320</y><time>26-01-21 14:22:57:044</time></pt><pt><x>638</x><y>321</y><time>26-01-21 14:22:57:280</time></pt><pt><x>640</x><y>320</y><time>26-01-21 14:22:57:791</time></pt><closed_date>26-01-21 14:23:01:345</closed_date></polygon></object></annotation>