<annotation><filename>frame0036.jpg</filename><folder>users/lab605//7hao/human_20210119_4</folder><source><submittedBy>lab605</submittedBy></source><imagesize><nrows>480</nrows><ncols>640</ncols></imagesize><object><name>person</name><deleted>0</deleted><verified>0</verified><occluded>no</occluded><attributes></attributes><parts><hasparts></hasparts><ispartof></ispartof></parts><date>25-01-21 17:05:38:057</date><id>0</id><polygon><username>7hao</username><pt><x>399</x><y>29</y><time>25-01-21 17:04:52:431</time></pt><pt><x>394</x><y>36</y><time>25-01-21 17:04:52:954</time></pt><pt><x>388</x><y>42</y><time>25-01-21 17:04:53:297</time></pt><pt><x>384</x><y>51</y><time>25-01-21 17:04:53:534</time></pt><pt><x>384</x><y>58</y><time>25-01-21 17:04:53:811</time></pt><pt><x>388</x><y>63</y><time>25-01-21 17:04:54:072</time></pt><pt><x>390</x><y>66</y><time>25-01-21 17:04:54:276</time></pt><pt><x>389</x><y>76</y><time>25-01-21 17:04:55:414</time></pt><pt><x>387</x><y>84</y><time>25-01-21 17:04:55:598</time></pt><pt><x>386</x><y>97</y><time>25-01-21 17:04:55:778</time></pt><pt><x>387</x><y>112</y><time>25-01-21 17:04:56:052</time></pt><pt><x>387</x><y>127</y><time>25-01-21 17:04:56:406</time></pt><pt><x>388</x><y>138</y><time>25-01-21 17:04:56:634</time></pt><pt><x>388</x><y>147</y><time>25-01-21 17:04:56:995</time></pt><pt><x>387</x><y>149</y><time>25-01-21 17:04:58:019</time></pt><pt><x>385</x><y>154</y><time>25-01-21 17:04:58:174</time></pt><pt><x>383</x><y>159</y><time>25-01-21 17:04:58:342</time></pt><pt><x>386</x><y>164</y><time>25-01-21 17:04:58:576</time></pt><pt><x>389</x><y>166</y><time>25-01-21 17:04:58:798</time></pt><pt><x>395</x><y>181</y><time>25-01-21 17:04:59:204</time></pt><pt><x>396</x><y>191</y><time>25-01-21 17:04:59:496</time></pt><pt><x>404</x><y>211</y><time>25-01-21 17:05:00:967</time></pt><pt><x>405</x><y>222</y><time>25-01-21 17:05:01:124</time></pt><pt><x>406</x><y>228</y><time>25-01-21 17:05:02:949</time></pt><pt><x>402</x><y>237</y><time>25-01-21 17:05:03:342</time></pt><pt><x>395</x><y>247</y><time>25-01-21 17:05:03:685</time></pt><pt><x>388</x><y>253</y><time>25-01-21 17:05:03:940</time></pt><pt><x>380</x><y>261</y><time>25-01-21 17:05:04:142</time></pt><pt><x>373</x><y>268</y><time>25-01-21 17:05:04:357</time></pt><pt><x>369</x><y>278</y><time>25-01-21 17:05:04:732</time></pt><pt><x>363</x><y>286</y><time>25-01-21 17:05:05:812</time></pt><pt><x>363</x><y>294</y><time>25-01-21 17:05:06:006</time></pt><pt><x>364</x><y>298</y><time>25-01-21 17:05:06:158</time></pt><pt><x>371</x><y>308</y><time>25-01-21 17:05:06:426</time></pt><pt><x>377</x><y>313</y><time>25-01-21 17:05:06:612</time></pt><pt><x>385</x><y>319</y><time>25-01-21 17:05:06:943</time></pt><pt><x>388</x><y>320</y><time>25-01-21 17:05:07:193</time></pt><pt><x>390</x><y>316</y><time>25-01-21 17:05:07:373</time></pt><pt><x>389</x><y>312</y><time>25-01-21 17:05:07:609</time></pt><pt><x>387</x><y>307</y><time>25-01-21 17:05:07:767</time></pt><pt><x>386</x><y>301</y><time>25-01-21 17:05:07:989</time></pt><pt><x>389</x><y>297</y><time>25-01-21 17:05:08:169</time></pt><pt><x>394</x><y>292</y><time>25-01-21 17:05:08:443</time></pt><pt><x>399</x><y>287</y><time>25-01-21 17:05:08:674</time></pt><pt><x>401</x><y>285</y><time>25-01-21 17:05:08:861</time></pt><pt><x>404</x><y>288</y><time>25-01-21 17:05:09:050</time></pt><pt><x>403</x><y>293</y><time>25-01-21 17:05:09:190</time></pt><pt><x>402</x><y>298</y><time>25-01-21 17:05:09:342</time></pt><pt><x>402</x><y>300</y><time>25-01-21 17:05:09:475</time></pt><pt><x>402</x><y>304</y><time>25-01-21 17:05:09:634</time></pt><pt><x>401</x><y>309</y><time>25-01-21 17:05:09:788</time></pt><pt><x>400</x><y>313</y><time>25-01-21 17:05:09:963</time></pt><pt><x>400</x><y>318</y><time>25-01-21 17:05:10:159</time></pt><pt><x>401</x><y>321</y><time>25-01-21 17:05:10:378</time></pt><pt><x>406</x><y>322</y><time>25-01-21 17:05:10:616</time></pt><pt><x>418</x><y>322</y><time>25-01-21 17:05:10:844</time></pt><pt><x>436</x><y>322</y><time>25-01-21 17:05:11:156</time></pt><pt><x>448</x><y>320</y><time>25-01-21 17:05:11:485</time></pt><pt><x>448</x><y>313</y><time>25-01-21 17:05:11:823</time></pt><pt><x>443</x><y>311</y><time>25-01-21 17:05:12:076</time></pt><pt><x>436</x><y>309</y><time>25-01-21 17:05:12:250</time></pt><pt><x>434</x><y>307</y><time>25-01-21 17:05:12:477</time></pt><pt><x>433</x><y>299</y><time>25-01-21 17:05:12:681</time></pt><pt><x>433</x><y>294</y><time>25-01-21 17:05:12:847</time></pt><pt><x>430</x><y>289</y><time>25-01-21 17:05:13:044</time></pt><pt><x>428</x><y>285</y><time>25-01-21 17:05:13:232</time></pt><pt><x>428</x><y>281</y><time>25-01-21 17:05:13:421</time></pt><pt><x>429</x><y>276</y><time>25-01-21 17:05:13:602</time></pt><pt><x>431</x><y>268</y><time>25-01-21 17:05:13:888</time></pt><pt><x>436</x><y>246</y><time>25-01-21 17:05:15:079</time></pt><pt><x>437</x><y>243</y><time>25-01-21 17:05:15:276</time></pt><pt><x>441</x><y>239</y><time>25-01-21 17:05:15:450</time></pt><pt><x>444</x><y>233</y><time>25-01-21 17:05:15:648</time></pt><pt><x>446</x><y>220</y><time>25-01-21 17:05:15:914</time></pt><pt><x>448</x><y>208</y><time>25-01-21 17:05:17:697</time></pt><pt><x>449</x><y>203</y><time>25-01-21 17:05:17:880</time></pt><pt><x>449</x><y>198</y><time>25-01-21 17:05:18:043</time></pt><pt><x>445</x><y>192</y><time>25-01-21 17:05:18:242</time></pt><pt><x>442</x><y>184</y><time>25-01-21 17:05:18:470</time></pt><pt><x>441</x><y>178</y><time>25-01-21 17:05:18:642</time></pt><pt><x>440</x><y>174</y><time>25-01-21 17:05:18:808</time></pt><pt><x>438</x><y>163</y><time>25-01-21 17:05:19:475</time></pt><pt><x>439</x><y>154</y><time>25-01-21 17:05:19:813</time></pt><pt><x>440</x><y>151</y><time>25-01-21 17:05:19:987</time></pt><pt><x>445</x><y>145</y><time>25-01-21 17:05:20:591</time></pt><pt><x>448</x><y>145</y><time>25-01-21 17:05:20:780</time></pt><pt><x>450</x><y>147</y><time>25-01-21 17:05:20:946</time></pt><pt><x>451</x><y>150</y><time>25-01-21 17:05:21:214</time></pt><pt><x>451</x><y>154</y><time>25-01-21 17:05:21:379</time></pt><pt><x>449</x><y>157</y><time>25-01-21 17:05:21:552</time></pt><pt><x>452</x><y>161</y><time>25-01-21 17:05:21:724</time></pt><pt><x>458</x><y>161</y><time>25-01-21 17:05:21:890</time></pt><pt><x>465</x><y>160</y><time>25-01-21 17:05:22:265</time></pt><pt><x>467</x><y>154</y><time>25-01-21 17:05:22:495</time></pt><pt><x>467</x><y>148</y><time>25-01-21 17:05:22:659</time></pt><pt><x>465</x><y>143</y><time>25-01-21 17:05:22:888</time></pt><pt><x>461</x><y>140</y><time>25-01-21 17:05:23:061</time></pt><pt><x>460</x><y>136</y><time>25-01-21 17:05:23:242</time></pt><pt><x>450</x><y>119</y><time>25-01-21 17:05:24:587</time></pt><pt><x>444</x><y>110</y><time>25-01-21 17:05:24:995</time></pt><pt><x>443</x><y>106</y><time>25-01-21 17:05:25:216</time></pt><pt><x>443</x><y>102</y><time>25-01-21 17:05:25:372</time></pt><pt><x>438</x><y>77</y><time>25-01-21 17:05:26:637</time></pt><pt><x>436</x><y>72</y><time>25-01-21 17:05:26:820</time></pt><pt><x>433</x><y>55</y><time>25-01-21 17:05:28:290</time></pt><pt><x>430</x><y>49</y><time>25-01-21 17:05:28:496</time></pt><pt><x>428</x><y>43</y><time>25-01-21 17:05:28:681</time></pt><pt><x>432</x><y>38</y><time>25-01-21 17:05:28:880</time></pt><pt><x>437</x><y>37</y><time>25-01-21 17:05:29:054</time></pt><pt><x>439</x><y>33</y><time>25-01-21 17:05:29:320</time></pt><pt><x>439</x><y>27</y><time>25-01-21 17:05:29:799</time></pt><pt><x>438</x><y>23</y><time>25-01-21 17:05:29:939</time></pt><pt><x>437</x><y>18</y><time>25-01-21 17:05:30:114</time></pt><pt><x>437</x><y>13</y><time>25-01-21 17:05:30:572</time></pt><pt><x>437</x><y>9</y><time>25-01-21 17:05:30:704</time></pt><pt><x>434</x><y>6</y><time>25-01-21 17:05:30:900</time></pt><pt><x>431</x><y>2</y><time>25-01-21 17:05:31:245</time></pt><pt><x>431</x><y>1</y><time>25-01-21 17:05:31:632</time></pt><pt><x>398</x><y>0</y><time>25-01-21 17:05:33:651</time></pt><pt><x>397</x><y>6</y><time>25-01-21 17:05:34:195</time></pt><pt><x>397</x><y>10</y><time>25-01-21 17:05:34:352</time></pt><pt><x>397</x><y>15</y><time>25-01-21 17:05:34:548</time></pt><pt><x>398</x><y>19</y><time>25-01-21 17:05:34:713</time></pt><pt><x>399</x><y>23</y><time>25-01-21 17:05:34:894</time></pt><pt><x>399</x><y>26</y><time>25-01-21 17:05:35:053</time></pt><closed_date>25-01-21 17:05:35:506</closed_date></polygon></object><object><name>person</name><deleted>0</deleted><verified>0</verified><occluded>no</occluded><attributes></attributes><parts><hasparts></hasparts><ispartof></ispartof></parts><date>25-01-21 17:06:29:156</date><id>1</id><polygon><username>7hao</username><pt><x>590</x><y>61</y><time>25-01-21 17:05:41:819</time></pt><pt><x>584</x><y>57</y><time>25-01-21 17:05:42:216</time></pt><pt><x>578</x><y>55</y><time>25-01-21 17:05:46:169</time></pt><pt><x>572</x><y>55</y><time>25-01-21 17:05:46:454</time></pt><pt><x>568</x><y>57</y><time>25-01-21 17:05:46:596</time></pt><pt><x>566</x><y>60</y><time>25-01-21 17:05:46:760</time></pt><pt><x>563</x><y>64</y><time>25-01-21 17:05:47:035</time></pt><pt><x>562</x><y>67</y><time>25-01-21 17:05:47:193</time></pt><pt><x>563</x><y>71</y><time>25-01-21 17:05:47:397</time></pt><pt><x>563</x><y>75</y><time>25-01-21 17:05:47:545</time></pt><pt><x>562</x><y>78</y><time>25-01-21 17:05:47:695</time></pt><pt><x>564</x><y>82</y><time>25-01-21 17:05:47:870</time></pt><pt><x>567</x><y>85</y><time>25-01-21 17:05:48:042</time></pt><pt><x>568</x><y>89</y><time>25-01-21 17:05:48:238</time></pt><pt><x>566</x><y>90</y><time>25-01-21 17:05:48:467</time></pt><pt><x>563</x><y>90</y><time>25-01-21 17:05:48:617</time></pt><pt><x>559</x><y>93</y><time>25-01-21 17:05:48:767</time></pt><pt><x>558</x><y>99</y><time>25-01-21 17:05:49:208</time></pt><pt><x>553</x><y>101</y><time>25-01-21 17:05:49:523</time></pt><pt><x>549</x><y>103</y><time>25-01-21 17:05:49:680</time></pt><pt><x>548</x><y>107</y><time>25-01-21 17:05:49:822</time></pt><pt><x>542</x><y>131</y><time>25-01-21 17:05:51:221</time></pt><pt><x>540</x><y>145</y><time>25-01-21 17:05:51:604</time></pt><pt><x>541</x><y>158</y><time>25-01-21 17:05:51:966</time></pt><pt><x>543</x><y>169</y><time>25-01-21 17:05:53:634</time></pt><pt><x>544</x><y>173</y><time>25-01-21 17:05:53:775</time></pt><pt><x>545</x><y>177</y><time>25-01-21 17:05:53:924</time></pt><pt><x>546</x><y>181</y><time>25-01-21 17:05:54:100</time></pt><pt><x>548</x><y>189</y><time>25-01-21 17:05:54:428</time></pt><pt><x>548</x><y>196</y><time>25-01-21 17:05:54:625</time></pt><pt><x>548</x><y>200</y><time>25-01-21 17:05:54:806</time></pt><pt><x>548</x><y>206</y><time>25-01-21 17:05:54:979</time></pt><pt><x>548</x><y>211</y><time>25-01-21 17:05:55:159</time></pt><pt><x>549</x><y>214</y><time>25-01-21 17:05:55:342</time></pt><pt><x>551</x><y>219</y><time>25-01-21 17:05:55:663</time></pt><pt><x>550</x><y>226</y><time>25-01-21 17:05:55:890</time></pt><pt><x>548</x><y>237</y><time>25-01-21 17:05:57:094</time></pt><pt><x>548</x><y>246</y><time>25-01-21 17:05:57:266</time></pt><pt><x>548</x><y>254</y><time>25-01-21 17:05:57:432</time></pt><pt><x>548</x><y>261</y><time>25-01-21 17:05:57:605</time></pt><pt><x>548</x><y>267</y><time>25-01-21 17:05:57:777</time></pt><pt><x>546</x><y>271</y><time>25-01-21 17:05:57:982</time></pt><pt><x>541</x><y>272</y><time>25-01-21 17:05:58:139</time></pt><pt><x>539</x><y>275</y><time>25-01-21 17:05:58:307</time></pt><pt><x>537</x><y>277</y><time>25-01-21 17:05:58:470</time></pt><pt><x>534</x><y>279</y><time>25-01-21 17:05:58:666</time></pt><pt><x>531</x><y>279</y><time>25-01-21 17:05:58:817</time></pt><pt><x>527</x><y>280</y><time>25-01-21 17:05:58:988</time></pt><pt><x>526</x><y>284</y><time>25-01-21 17:05:59:201</time></pt><pt><x>531</x><y>287</y><time>25-01-21 17:05:59:412</time></pt><pt><x>536</x><y>287</y><time>25-01-21 17:05:59:608</time></pt><pt><x>544</x><y>287</y><time>25-01-21 17:05:59:852</time></pt><pt><x>553</x><y>287</y><time>25-01-21 17:06:00:096</time></pt><pt><x>560</x><y>286</y><time>25-01-21 17:06:00:426</time></pt><pt><x>563</x><y>285</y><time>25-01-21 17:06:00:743</time></pt><pt><x>564</x><y>280</y><time>25-01-21 17:06:00:945</time></pt><pt><x>563</x><y>276</y><time>25-01-21 17:06:01:120</time></pt><pt><x>561</x><y>274</y><time>25-01-21 17:06:01:317</time></pt><pt><x>560</x><y>265</y><time>25-01-21 17:06:01:749</time></pt><pt><x>560</x><y>259</y><time>25-01-21 17:06:01:991</time></pt><pt><x>563</x><y>252</y><time>25-01-21 17:06:02:204</time></pt><pt><x>566</x><y>244</y><time>25-01-21 17:06:02:550</time></pt><pt><x>566</x><y>239</y><time>25-01-21 17:06:02:745</time></pt><pt><x>566</x><y>232</y><time>25-01-21 17:06:02:949</time></pt><pt><x>567</x><y>222</y><time>25-01-21 17:06:03:288</time></pt><pt><x>569</x><y>215</y><time>25-01-21 17:06:03:925</time></pt><pt><x>570</x><y>207</y><time>25-01-21 17:06:04:241</time></pt><pt><x>571</x><y>201</y><time>25-01-21 17:06:05:277</time></pt><pt><x>573</x><y>196</y><time>25-01-21 17:06:05:441</time></pt><pt><x>576</x><y>195</y><time>25-01-21 17:06:05:640</time></pt><pt><x>579</x><y>196</y><time>25-01-21 17:06:05:804</time></pt><pt><x>581</x><y>198</y><time>25-01-21 17:06:06:016</time></pt><pt><x>584</x><y>203</y><time>25-01-21 17:06:06:223</time></pt><pt><x>586</x><y>207</y><time>25-01-21 17:06:06:386</time></pt><pt><x>588</x><y>210</y><time>25-01-21 17:06:06:561</time></pt><pt><x>591</x><y>216</y><time>25-01-21 17:06:06:782</time></pt><pt><x>592</x><y>221</y><time>25-01-21 17:06:06:976</time></pt><pt><x>593</x><y>225</y><time>25-01-21 17:06:07:136</time></pt><pt><x>595</x><y>231</y><time>25-01-21 17:06:07:338</time></pt><pt><x>598</x><y>240</y><time>25-01-21 17:06:08:477</time></pt><pt><x>602</x><y>246</y><time>25-01-21 17:06:11:364</time></pt><pt><x>604</x><y>249</y><time>25-01-21 17:06:11:528</time></pt><pt><x>606</x><y>255</y><time>25-01-21 17:06:11:687</time></pt><pt><x>608</x><y>262</y><time>25-01-21 17:06:12:064</time></pt><pt><x>607</x><y>265</y><time>25-01-21 17:06:12:220</time></pt><pt><x>606</x><y>271</y><time>25-01-21 17:06:12:448</time></pt><pt><x>607</x><y>274</y><time>25-01-21 17:06:12:606</time></pt><pt><x>608</x><y>278</y><time>25-01-21 17:06:12:835</time></pt><pt><x>610</x><y>281</y><time>25-01-21 17:06:13:016</time></pt><pt><x>613</x><y>285</y><time>25-01-21 17:06:13:375</time></pt><pt><x>619</x><y>286</y><time>25-01-21 17:06:13:595</time></pt><pt><x>622</x><y>286</y><time>25-01-21 17:06:13:747</time></pt><pt><x>626</x><y>285</y><time>25-01-21 17:06:13:949</time></pt><pt><x>627</x><y>282</y><time>25-01-21 17:06:14:155</time></pt><pt><x>625</x><y>277</y><time>25-01-21 17:06:14:328</time></pt><pt><x>622</x><y>272</y><time>25-01-21 17:06:14:533</time></pt><pt><x>619</x><y>268</y><time>25-01-21 17:06:14:745</time></pt><pt><x>617</x><y>263</y><time>25-01-21 17:06:14:942</time></pt><pt><x>616</x><y>257</y><time>25-01-21 17:06:15:131</time></pt><pt><x>616</x><y>252</y><time>25-01-21 17:06:15:318</time></pt><pt><x>615</x><y>245</y><time>25-01-21 17:06:15:501</time></pt><pt><x>614</x><y>239</y><time>25-01-21 17:06:15:671</time></pt><pt><x>612</x><y>234</y><time>25-01-21 17:06:15:862</time></pt><pt><x>610</x><y>225</y><time>25-01-21 17:06:17:350</time></pt><pt><x>609</x><y>220</y><time>25-01-21 17:06:17:490</time></pt><pt><x>608</x><y>214</y><time>25-01-21 17:06:17:645</time></pt><pt><x>607</x><y>209</y><time>25-01-21 17:06:17:830</time></pt><pt><x>608</x><y>206</y><time>25-01-21 17:06:18:063</time></pt><pt><x>608</x><y>202</y><time>25-01-21 17:06:18:216</time></pt><pt><x>608</x><y>196</y><time>25-01-21 17:06:18:412</time></pt><pt><x>607</x><y>191</y><time>25-01-21 17:06:18:614</time></pt><pt><x>606</x><y>186</y><time>25-01-21 17:06:18:881</time></pt><pt><x>607</x><y>181</y><time>25-01-21 17:06:19:078</time></pt><pt><x>608</x><y>178</y><time>25-01-21 17:06:19:269</time></pt><pt><x>609</x><y>173</y><time>25-01-21 17:06:19:510</time></pt><pt><x>610</x><y>169</y><time>25-01-21 17:06:19:729</time></pt><pt><x>612</x><y>167</y><time>25-01-21 17:06:19:942</time></pt><pt><x>612</x><y>166</y><time>25-01-21 17:06:20:153</time></pt><pt><x>618</x><y>140</y><time>25-01-21 17:06:21:345</time></pt><pt><x>618</x><y>121</y><time>25-01-21 17:06:22:033</time></pt><pt><x>612</x><y>101</y><time>25-01-21 17:06:23:269</time></pt><pt><x>610</x><y>96</y><time>25-01-21 17:06:23:528</time></pt><pt><x>603</x><y>93</y><time>25-01-21 17:06:23:712</time></pt><pt><x>597</x><y>91</y><time>25-01-21 17:06:23:931</time></pt><pt><x>595</x><y>88</y><time>25-01-21 17:06:24:118</time></pt><pt><x>590</x><y>86</y><time>25-01-21 17:06:24:314</time></pt><pt><x>588</x><y>86</y><time>25-01-21 17:06:24:480</time></pt><pt><x>586</x><y>85</y><time>25-01-21 17:06:24:675</time></pt><pt><x>587</x><y>80</y><time>25-01-21 17:06:24:869</time></pt><pt><x>590</x><y>77</y><time>25-01-21 17:06:25:062</time></pt><pt><x>591</x><y>76</y><time>25-01-21 17:06:25:273</time></pt><pt><x>592</x><y>73</y><time>25-01-21 17:06:25:453</time></pt><pt><x>591</x><y>70</y><time>25-01-21 17:06:25:668</time></pt><pt><x>591</x><y>67</y><time>25-01-21 17:06:25:943</time></pt><pt><x>591</x><y>64</y><time>25-01-21 17:06:26:295</time></pt><closed_date>25-01-21 17:06:26:597</closed_date></polygon></object><object><name>person</name><deleted>0</deleted><verified>0</verified><occluded>no</occluded><attributes></attributes><parts><hasparts></hasparts><ispartof></ispartof></parts><date>25-01-21 17:07:06:618</date><id>2</id><polygon><username>7hao</username><pt><x>381</x><y>193</y><time>25-01-21 17:06:37:750</time></pt><pt><x>381</x><y>198</y><time>25-01-21 17:06:38:116</time></pt><pt><x>382</x><y>203</y><time>25-01-21 17:06:38:289</time></pt><pt><x>382</x><y>207</y><time>25-01-21 17:06:38:454</time></pt><pt><x>384</x><y>222</y><time>25-01-21 17:06:40:364</time></pt><pt><x>384</x><y>225</y><time>25-01-21 17:06:40:530</time></pt><pt><x>385</x><y>232</y><time>25-01-21 17:06:40:711</time></pt><pt><x>386</x><y>239</y><time>25-01-21 17:06:41:041</time></pt><pt><x>386</x><y>244</y><time>25-01-21 17:06:41:232</time></pt><pt><x>386</x><y>249</y><time>25-01-21 17:06:41:402</time></pt><pt><x>386</x><y>253</y><time>25-01-21 17:06:41:804</time></pt><pt><x>393</x><y>248</y><time>25-01-21 17:06:42:936</time></pt><pt><x>396</x><y>244</y><time>25-01-21 17:06:43:674</time></pt><pt><x>400</x><y>237</y><time>25-01-21 17:06:44:406</time></pt><pt><x>405</x><y>227</y><time>25-01-21 17:06:45:419</time></pt><pt><x>403</x><y>211</y><time>25-01-21 17:06:47:409</time></pt><pt><x>398</x><y>200</y><time>25-01-21 17:06:48:317</time></pt><pt><x>395</x><y>191</y><time>25-01-21 17:06:49:169</time></pt><pt><x>394</x><y>183</y><time>25-01-21 17:06:49:926</time></pt><pt><x>393</x><y>179</y><time>25-01-21 17:06:50:737</time></pt><pt><x>388</x><y>167</y><time>25-01-21 17:06:57:019</time></pt><pt><x>385</x><y>165</y><time>25-01-21 17:06:57:709</time></pt><pt><x>382</x><y>161</y><time>25-01-21 17:06:58:513</time></pt><pt><x>381</x><y>166</y><time>25-01-21 17:06:59:228</time></pt><pt><x>382</x><y>175</y><time>25-01-21 17:06:59:715</time></pt><pt><x>382</x><y>181</y><time>25-01-21 17:06:59:950</time></pt><pt><x>381</x><y>187</y><time>25-01-21 17:07:00:336</time></pt><pt><x>383</x><y>191</y><time>25-01-21 17:07:03:520</time></pt><closed_date>25-01-21 17:07:03:891</closed_date></polygon></object><object><name>person</name><deleted>0</deleted><verified>0</verified><occluded>no</occluded><attributes></attributes><parts><hasparts></hasparts><ispartof></ispartof></parts><date>25-01-21 17:07:24:498</date><id>3</id><polygon><username>7hao</username><pt><x>387</x><y>76</y><time>25-01-21 17:07:09:443</time></pt><pt><x>382</x><y>79</y><time>25-01-21 17:07:10:118</time></pt><pt><x>380</x><y>83</y><time>25-01-21 17:07:10:338</time></pt><pt><x>382</x><y>86</y><time>25-01-21 17:07:10:606</time></pt><pt><x>382</x><y>91</y><time>25-01-21 17:07:10:992</time></pt><pt><x>382</x><y>94</y><time>25-01-21 17:07:11:157</time></pt><pt><x>382</x><y>98</y><time>25-01-21 17:07:11:448</time></pt><pt><x>383</x><y>101</y><time>25-01-21 17:07:11:716</time></pt><pt><x>383</x><y>105</y><time>25-01-21 17:07:11:928</time></pt><pt><x>383</x><y>111</y><time>25-01-21 17:07:12:492</time></pt><pt><x>383</x><y>113</y><time>25-01-21 17:07:12:642</time></pt><pt><x>382</x><y>132</y><time>25-01-21 17:07:13:939</time></pt><pt><x>382</x><y>157</y><time>25-01-21 17:07:15:076</time></pt><pt><x>387</x><y>147</y><time>25-01-21 17:07:16:139</time></pt><pt><x>387</x><y>138</y><time>25-01-21 17:07:17:005</time></pt><pt><x>385</x><y>106</y><time>25-01-21 17:07:18:610</time></pt><pt><x>385</x><y>97</y><time>25-01-21 17:07:19:425</time></pt><pt><x>386</x><y>87</y><time>25-01-21 17:07:20:394</time></pt><pt><x>386</x><y>81</y><time>25-01-21 17:07:21:126</time></pt><closed_date>25-01-21 17:07:21:983</closed_date></polygon></object></annotation>