<annotation><filename>frame0066.jpg</filename><folder>users/lab605//7hao/human_20210119_4</folder><source><submittedBy>lab605</submittedBy></source><imagesize><nrows>480</nrows><ncols>640</ncols></imagesize><object><name>person</name><deleted>0</deleted><verified>0</verified><occluded>no</occluded><attributes></attributes><parts><hasparts></hasparts><ispartof></ispartof></parts><date>26-01-21 14:02:59:797</date><id>0</id><polygon><username>7hao</username><pt><x>242</x><y>0</y><time>26-01-21 14:01:35:127</time></pt><pt><x>243</x><y>5</y><time>26-01-21 14:01:35:436</time></pt><pt><x>243</x><y>8</y><time>26-01-21 14:01:35:656</time></pt><pt><x>243</x><y>11</y><time>26-01-21 14:01:35:838</time></pt><pt><x>241</x><y>13</y><time>26-01-21 14:01:36:018</time></pt><pt><x>242</x><y>17</y><time>26-01-21 14:01:36:184</time></pt><pt><x>244</x><y>19</y><time>26-01-21 14:01:36:498</time></pt><pt><x>245</x><y>21</y><time>26-01-21 14:01:36:654</time></pt><pt><x>243</x><y>23</y><time>26-01-21 14:01:36:836</time></pt><pt><x>240</x><y>23</y><time>26-01-21 14:01:37:089</time></pt><pt><x>235</x><y>25</y><time>26-01-21 14:01:37:411</time></pt><pt><x>233</x><y>29</y><time>26-01-21 14:01:37:734</time></pt><pt><x>233</x><y>32</y><time>26-01-21 14:01:37:907</time></pt><pt><x>228</x><y>34</y><time>26-01-21 14:01:38:119</time></pt><pt><x>219</x><y>37</y><time>26-01-21 14:01:38:306</time></pt><pt><x>212</x><y>41</y><time>26-01-21 14:01:38:990</time></pt><pt><x>209</x><y>48</y><time>26-01-21 14:01:39:400</time></pt><pt><x>204</x><y>62</y><time>26-01-21 14:01:42:435</time></pt><pt><x>203</x><y>81</y><time>26-01-21 14:01:42:907</time></pt><pt><x>202</x><y>97</y><time>26-01-21 14:01:43:396</time></pt><pt><x>204</x><y>131</y><time>26-01-21 14:01:48:012</time></pt><pt><x>206</x><y>139</y><time>26-01-21 14:01:48:375</time></pt><pt><x>207</x><y>143</y><time>26-01-21 14:01:48:606</time></pt><pt><x>207</x><y>146</y><time>26-01-21 14:01:48:750</time></pt><pt><x>209</x><y>150</y><time>26-01-21 14:01:48:942</time></pt><pt><x>212</x><y>154</y><time>26-01-21 14:01:49:136</time></pt><pt><x>212</x><y>160</y><time>26-01-21 14:01:49:428</time></pt><pt><x>212</x><y>162</y><time>26-01-21 14:01:49:602</time></pt><pt><x>213</x><y>169</y><time>26-01-21 14:01:51:110</time></pt><pt><x>214</x><y>174</y><time>26-01-21 14:01:51:274</time></pt><pt><x>214</x><y>180</y><time>26-01-21 14:01:51:441</time></pt><pt><x>209</x><y>190</y><time>26-01-21 14:01:51:843</time></pt><pt><x>207</x><y>199</y><time>26-01-21 14:01:52:196</time></pt><pt><x>207</x><y>201</y><time>26-01-21 14:01:52:432</time></pt><pt><x>207</x><y>204</y><time>26-01-21 14:01:52:630</time></pt><pt><x>207</x><y>210</y><time>26-01-21 14:01:52:896</time></pt><pt><x>202</x><y>223</y><time>26-01-21 14:01:54:099</time></pt><pt><x>193</x><y>238</y><time>26-01-21 14:01:56:898</time></pt><pt><x>188</x><y>253</y><time>26-01-21 14:01:58:992</time></pt><pt><x>184</x><y>269</y><time>26-01-21 14:01:59:430</time></pt><pt><x>182</x><y>288</y><time>26-01-21 14:02:00:036</time></pt><pt><x>177</x><y>294</y><time>26-01-21 14:02:00:706</time></pt><pt><x>172</x><y>303</y><time>26-01-21 14:02:06:717</time></pt><pt><x>170</x><y>305</y><time>26-01-21 14:02:07:015</time></pt><pt><x>168</x><y>308</y><time>26-01-21 14:02:07:178</time></pt><pt><x>167</x><y>312</y><time>26-01-21 14:02:07:415</time></pt><pt><x>167</x><y>315</y><time>26-01-21 14:02:07:618</time></pt><pt><x>169</x><y>317</y><time>26-01-21 14:02:07:830</time></pt><pt><x>172</x><y>318</y><time>26-01-21 14:02:08:003</time></pt><pt><x>174</x><y>319</y><time>26-01-21 14:02:08:168</time></pt><pt><x>179</x><y>320</y><time>26-01-21 14:02:08:429</time></pt><pt><x>184</x><y>320</y><time>26-01-21 14:02:08:632</time></pt><pt><x>188</x><y>319</y><time>26-01-21 14:02:08:859</time></pt><pt><x>189</x><y>315</y><time>26-01-21 14:02:09:056</time></pt><pt><x>188</x><y>310</y><time>26-01-21 14:02:09:206</time></pt><pt><x>190</x><y>301</y><time>26-01-21 14:02:09:536</time></pt><pt><x>191</x><y>297</y><time>26-01-21 14:02:09:764</time></pt><pt><x>191</x><y>293</y><time>26-01-21 14:02:09:954</time></pt><pt><x>192</x><y>288</y><time>26-01-21 14:02:10:158</time></pt><pt><x>200</x><y>274</y><time>26-01-21 14:02:10:748</time></pt><pt><x>212</x><y>254</y><time>26-01-21 14:02:11:872</time></pt><pt><x>213</x><y>247</y><time>26-01-21 14:02:12:154</time></pt><pt><x>214</x><y>244</y><time>26-01-21 14:02:12:288</time></pt><pt><x>216</x><y>239</y><time>26-01-21 14:02:12:518</time></pt><pt><x>224</x><y>228</y><time>26-01-21 14:02:13:146</time></pt><pt><x>229</x><y>219</y><time>26-01-21 14:02:13:687</time></pt><pt><x>233</x><y>211</y><time>26-01-21 14:02:13:989</time></pt><pt><x>234</x><y>208</y><time>26-01-21 14:02:14:254</time></pt><pt><x>238</x><y>208</y><time>26-01-21 14:02:14:482</time></pt><pt><x>242</x><y>206</y><time>26-01-21 14:02:14:812</time></pt><pt><x>242</x><y>203</y><time>26-01-21 14:02:15:003</time></pt><pt><x>246</x><y>193</y><time>26-01-21 14:02:16:089</time></pt><pt><x>249</x><y>189</y><time>26-01-21 14:02:16:236</time></pt><pt><x>253</x><y>185</y><time>26-01-21 14:02:16:395</time></pt><pt><x>256</x><y>186</y><time>26-01-21 14:02:16:591</time></pt><pt><x>258</x><y>191</y><time>26-01-21 14:02:16:835</time></pt><pt><x>260</x><y>195</y><time>26-01-21 14:02:16:993</time></pt><pt><x>262</x><y>204</y><time>26-01-21 14:02:17:442</time></pt><pt><x>264</x><y>208</y><time>26-01-21 14:02:17:717</time></pt><pt><x>265</x><y>210</y><time>26-01-21 14:02:17:887</time></pt><pt><x>267</x><y>220</y><time>26-01-21 14:02:18:283</time></pt><pt><x>270</x><y>226</y><time>26-01-21 14:02:18:620</time></pt><pt><x>273</x><y>231</y><time>26-01-21 14:02:18:784</time></pt><pt><x>276</x><y>238</y><time>26-01-21 14:02:20:318</time></pt><pt><x>280</x><y>248</y><time>26-01-21 14:02:20:572</time></pt><pt><x>283</x><y>264</y><time>26-01-21 14:02:21:019</time></pt><pt><x>286</x><y>277</y><time>26-01-21 14:02:21:372</time></pt><pt><x>287</x><y>282</y><time>26-01-21 14:02:21:528</time></pt><pt><x>287</x><y>295</y><time>26-01-21 14:02:22:048</time></pt><pt><x>286</x><y>303</y><time>26-01-21 14:02:22:466</time></pt><pt><x>283</x><y>308</y><time>26-01-21 14:02:23:643</time></pt><pt><x>276</x><y>311</y><time>26-01-21 14:02:24:024</time></pt><pt><x>277</x><y>317</y><time>26-01-21 14:02:24:361</time></pt><pt><x>283</x><y>318</y><time>26-01-21 14:02:24:596</time></pt><pt><x>289</x><y>319</y><time>26-01-21 14:02:24:741</time></pt><pt><x>296</x><y>321</y><time>26-01-21 14:02:25:031</time></pt><pt><x>302</x><y>322</y><time>26-01-21 14:02:25:233</time></pt><pt><x>310</x><y>322</y><time>26-01-21 14:02:25:447</time></pt><pt><x>311</x><y>318</y><time>26-01-21 14:02:25:626</time></pt><pt><x>311</x><y>313</y><time>26-01-21 14:02:25:840</time></pt><pt><x>308</x><y>308</y><time>26-01-21 14:02:26:098</time></pt><pt><x>305</x><y>303</y><time>26-01-21 14:02:26:318</time></pt><pt><x>302</x><y>298</y><time>26-01-21 14:02:26:562</time></pt><pt><x>301</x><y>285</y><time>26-01-21 14:02:26:987</time></pt><pt><x>302</x><y>263</y><time>26-01-21 14:02:28:198</time></pt><pt><x>301</x><y>250</y><time>26-01-21 14:02:28:539</time></pt><pt><x>299</x><y>240</y><time>26-01-21 14:02:28:842</time></pt><pt><x>295</x><y>228</y><time>26-01-21 14:02:29:566</time></pt><pt><x>292</x><y>223</y><time>26-01-21 14:02:29:835</time></pt><pt><x>291</x><y>218</y><time>26-01-21 14:02:30:023</time></pt><pt><x>290</x><y>212</y><time>26-01-21 14:02:30:258</time></pt><pt><x>293</x><y>211</y><time>26-01-21 14:02:31:847</time></pt><pt><x>294</x><y>191</y><time>26-01-21 14:02:34:569</time></pt><pt><x>291</x><y>176</y><time>26-01-21 14:02:35:204</time></pt><pt><x>293</x><y>172</y><time>26-01-21 14:02:44:115</time></pt><pt><x>295</x><y>163</y><time>26-01-21 14:02:44:565</time></pt><pt><x>298</x><y>156</y><time>26-01-21 14:02:44:847</time></pt><pt><x>302</x><y>150</y><time>26-01-21 14:02:45:169</time></pt><pt><x>306</x><y>139</y><time>26-01-21 14:02:45:744</time></pt><pt><x>308</x><y>122</y><time>26-01-21 14:02:46:270</time></pt><pt><x>309</x><y>96</y><time>26-01-21 14:02:47:302</time></pt><pt><x>305</x><y>74</y><time>26-01-21 14:02:47:851</time></pt><pt><x>300</x><y>58</y><time>26-01-21 14:02:48:479</time></pt><pt><x>288</x><y>45</y><time>26-01-21 14:02:49:266</time></pt><pt><x>286</x><y>42</y><time>26-01-21 14:02:49:605</time></pt><pt><x>281</x><y>38</y><time>26-01-21 14:02:50:076</time></pt><pt><x>279</x><y>36</y><time>26-01-21 14:02:50:398</time></pt><pt><x>279</x><y>33</y><time>26-01-21 14:02:50:809</time></pt><pt><x>276</x><y>28</y><time>26-01-21 14:02:52:136</time></pt><pt><x>274</x><y>25</y><time>26-01-21 14:02:52:435</time></pt><pt><x>276</x><y>14</y><time>26-01-21 14:02:53:087</time></pt><pt><x>279</x><y>9</y><time>26-01-21 14:02:53:458</time></pt><pt><x>281</x><y>5</y><time>26-01-21 14:02:54:371</time></pt><pt><x>278</x><y>2</y><time>26-01-21 14:02:54:693</time></pt><pt><x>277</x><y>0</y><time>26-01-21 14:02:56:078</time></pt><closed_date>26-01-21 14:02:57:398</closed_date></polygon></object><object><name>person</name><deleted>0</deleted><verified>0</verified><occluded>no</occluded><attributes></attributes><parts><hasparts></hasparts><ispartof></ispartof></parts><date>26-01-21 14:03:57:521</date><id>1</id><polygon><username>7hao</username><pt><x>402</x><y>70</y><time>26-01-21 14:03:04:471</time></pt><pt><x>394</x><y>68</y><time>26-01-21 14:03:05:146</time></pt><pt><x>386</x><y>70</y><time>26-01-21 14:03:05:653</time></pt><pt><x>381</x><y>76</y><time>26-01-21 14:03:06:088</time></pt><pt><x>378</x><y>81</y><time>26-01-21 14:03:06:446</time></pt><pt><x>380</x><y>87</y><time>26-01-21 14:03:06:727</time></pt><pt><x>383</x><y>94</y><time>26-01-21 14:03:07:135</time></pt><pt><x>385</x><y>99</y><time>26-01-21 14:03:07:476</time></pt><pt><x>384</x><y>102</y><time>26-01-21 14:03:07:875</time></pt><pt><x>379</x><y>104</y><time>26-01-21 14:03:08:253</time></pt><pt><x>370</x><y>106</y><time>26-01-21 14:03:08:606</time></pt><pt><x>363</x><y>111</y><time>26-01-21 14:03:08:936</time></pt><pt><x>358</x><y>123</y><time>26-01-21 14:03:09:623</time></pt><pt><x>355</x><y>138</y><time>26-01-21 14:03:10:965</time></pt><pt><x>353</x><y>149</y><time>26-01-21 14:03:11:286</time></pt><pt><x>354</x><y>154</y><time>26-01-21 14:03:11:477</time></pt><pt><x>357</x><y>158</y><time>26-01-21 14:03:11:728</time></pt><pt><x>362</x><y>162</y><time>26-01-21 14:03:12:051</time></pt><pt><x>362</x><y>168</y><time>26-01-21 14:03:12:381</time></pt><pt><x>361</x><y>180</y><time>26-01-21 14:03:13:073</time></pt><pt><x>362</x><y>204</y><time>26-01-21 14:03:14:315</time></pt><pt><x>362</x><y>223</y><time>26-01-21 14:03:15:048</time></pt><pt><x>361</x><y>250</y><time>26-01-21 14:03:16:150</time></pt><pt><x>361</x><y>263</y><time>26-01-21 14:03:16:611</time></pt><pt><x>360</x><y>272</y><time>26-01-21 14:03:17:124</time></pt><pt><x>361</x><y>276</y><time>26-01-21 14:03:17:578</time></pt><pt><x>362</x><y>280</y><time>26-01-21 14:03:17:900</time></pt><pt><x>361</x><y>285</y><time>26-01-21 14:03:18:351</time></pt><pt><x>360</x><y>291</y><time>26-01-21 14:03:18:828</time></pt><pt><x>359</x><y>296</y><time>26-01-21 14:03:19:332</time></pt><pt><x>360</x><y>299</y><time>26-01-21 14:03:19:710</time></pt><pt><x>365</x><y>300</y><time>26-01-21 14:03:20:078</time></pt><pt><x>372</x><y>300</y><time>26-01-21 14:03:20:598</time></pt><pt><x>374</x><y>299</y><time>26-01-21 14:03:20:993</time></pt><pt><x>374</x><y>293</y><time>26-01-21 14:03:21:416</time></pt><pt><x>372</x><y>286</y><time>26-01-21 14:03:21:832</time></pt><pt><x>375</x><y>274</y><time>26-01-21 14:03:22:414</time></pt><pt><x>378</x><y>262</y><time>26-01-21 14:03:23:004</time></pt><pt><x>378</x><y>250</y><time>26-01-21 14:03:23:586</time></pt><pt><x>381</x><y>235</y><time>26-01-21 14:03:25:482</time></pt><pt><x>382</x><y>230</y><time>26-01-21 14:03:25:946</time></pt><pt><x>383</x><y>222</y><time>26-01-21 14:03:26:324</time></pt><pt><x>383</x><y>215</y><time>26-01-21 14:03:26:725</time></pt><pt><x>384</x><y>217</y><time>26-01-21 14:03:27:024</time></pt><pt><x>384</x><y>228</y><time>26-01-21 14:03:27:961</time></pt><pt><x>385</x><y>238</y><time>26-01-21 14:03:28:596</time></pt><pt><x>386</x><y>250</y><time>26-01-21 14:03:29:564</time></pt><pt><x>387</x><y>265</y><time>26-01-21 14:03:31:295</time></pt><pt><x>387</x><y>274</y><time>26-01-21 14:03:31:680</time></pt><pt><x>388</x><y>279</y><time>26-01-21 14:03:31:924</time></pt><pt><x>389</x><y>282</y><time>26-01-21 14:03:32:088</time></pt><pt><x>389</x><y>285</y><time>26-01-21 14:03:32:340</time></pt><pt><x>389</x><y>288</y><time>26-01-21 14:03:32:506</time></pt><pt><x>389</x><y>293</y><time>26-01-21 14:03:32:828</time></pt><pt><x>390</x><y>296</y><time>26-01-21 14:03:33:191</time></pt><pt><x>393</x><y>297</y><time>26-01-21 14:03:33:426</time></pt><pt><x>395</x><y>298</y><time>26-01-21 14:03:33:716</time></pt><pt><x>402</x><y>299</y><time>26-01-21 14:03:34:112</time></pt><pt><x>409</x><y>299</y><time>26-01-21 14:03:34:526</time></pt><pt><x>409</x><y>296</y><time>26-01-21 14:03:34:848</time></pt><pt><x>408</x><y>293</y><time>26-01-21 14:03:35:202</time></pt><pt><x>401</x><y>286</y><time>26-01-21 14:03:36:146</time></pt><pt><x>401</x><y>280</y><time>26-01-21 14:03:36:479</time></pt><pt><x>402</x><y>268</y><time>26-01-21 14:03:36:981</time></pt><pt><x>403</x><y>251</y><time>26-01-21 14:03:37:594</time></pt><pt><x>406</x><y>221</y><time>26-01-21 14:03:38:648</time></pt><pt><x>409</x><y>201</y><time>26-01-21 14:03:39:254</time></pt><pt><x>409</x><y>193</y><time>26-01-21 14:03:40:724</time></pt><pt><x>410</x><y>191</y><time>26-01-21 14:03:41:000</time></pt><pt><x>411</x><y>188</y><time>26-01-21 14:03:41:180</time></pt><pt><x>410</x><y>184</y><time>26-01-21 14:03:41:384</time></pt><pt><x>408</x><y>179</y><time>26-01-21 14:03:41:644</time></pt><pt><x>408</x><y>174</y><time>26-01-21 14:03:41:840</time></pt><pt><x>408</x><y>170</y><time>26-01-21 14:03:42:054</time></pt><pt><x>409</x><y>167</y><time>26-01-21 14:03:42:304</time></pt><pt><x>408</x><y>160</y><time>26-01-21 14:03:42:926</time></pt><pt><x>409</x><y>148</y><time>26-01-21 14:03:43:524</time></pt><pt><x>410</x><y>145</y><time>26-01-21 14:03:44:248</time></pt><pt><x>413</x><y>147</y><time>26-01-21 14:03:44:484</time></pt><pt><x>418</x><y>159</y><time>26-01-21 14:03:44:986</time></pt><pt><x>426</x><y>177</y><time>26-01-21 14:03:45:686</time></pt><pt><x>430</x><y>183</y><time>26-01-21 14:03:46:056</time></pt><pt><x>433</x><y>188</y><time>26-01-21 14:03:46:472</time></pt><pt><x>434</x><y>193</y><time>26-01-21 14:03:46:662</time></pt><pt><x>437</x><y>197</y><time>26-01-21 14:03:47:017</time></pt><pt><x>438</x><y>200</y><time>26-01-21 14:03:47:188</time></pt><pt><x>438</x><y>203</y><time>26-01-21 14:03:47:464</time></pt><pt><x>443</x><y>203</y><time>26-01-21 14:03:47:739</time></pt><pt><x>444</x><y>201</y><time>26-01-21 14:03:47:928</time></pt><pt><x>445</x><y>192</y><time>26-01-21 14:03:48:494</time></pt><pt><x>442</x><y>188</y><time>26-01-21 14:03:48:762</time></pt><pt><x>440</x><y>185</y><time>26-01-21 14:03:48:959</time></pt><pt><x>437</x><y>174</y><time>26-01-21 14:03:49:345</time></pt><pt><x>431</x><y>157</y><time>26-01-21 14:03:49:878</time></pt><pt><x>427</x><y>136</y><time>26-01-21 14:03:50:908</time></pt><pt><x>418</x><y>115</y><time>26-01-21 14:03:51:632</time></pt><pt><x>409</x><y>110</y><time>26-01-21 14:03:52:067</time></pt><pt><x>403</x><y>107</y><time>26-01-21 14:03:52:402</time></pt><pt><x>403</x><y>103</y><time>26-01-21 14:03:52:670</time></pt><pt><x>404</x><y>101</y><time>26-01-21 14:03:52:858</time></pt><pt><x>407</x><y>93</y><time>26-01-21 14:03:53:590</time></pt><pt><x>409</x><y>87</y><time>26-01-21 14:03:53:936</time></pt><pt><x>409</x><y>83</y><time>26-01-21 14:03:54:108</time></pt><pt><x>410</x><y>78</y><time>26-01-21 14:03:54:416</time></pt><pt><x>407</x><y>74</y><time>26-01-21 14:03:54:848</time></pt><pt><x>404</x><y>71</y><time>26-01-21 14:03:55:280</time></pt><closed_date>26-01-21 14:03:55:650</closed_date></polygon></object></annotation>