<annotation><filename>frame0005.jpg</filename><folder>users/lab605//7hao/human_20210119_4</folder><source><submittedBy>lab605</submittedBy></source><imagesize><nrows>480</nrows><ncols>640</ncols></imagesize><object><name>person</name><deleted>0</deleted><verified>0</verified><occluded>no</occluded><attributes></attributes><parts><hasparts></hasparts><ispartof></ispartof></parts><date>20-01-21 20:49:51:296</date><id>0</id><polygon><username>7hao</username><pt><x>436</x><y>19</y><time>20-01-21 20:48:29:152</time></pt><pt><x>433</x><y>17</y><time>20-01-21 20:48:29:433</time></pt><pt><x>430</x><y>16</y><time>20-01-21 20:48:29:661</time></pt><pt><x>425</x><y>15</y><time>20-01-21 20:48:29:881</time></pt><pt><x>421</x><y>16</y><time>20-01-21 20:48:30:063</time></pt><pt><x>416</x><y>18</y><time>20-01-21 20:48:30:257</time></pt><pt><x>414</x><y>20</y><time>20-01-21 20:48:30:457</time></pt><pt><x>412</x><y>23</y><time>20-01-21 20:48:30:646</time></pt><pt><x>410</x><y>26</y><time>20-01-21 20:48:30:816</time></pt><pt><x>410</x><y>29</y><time>20-01-21 20:48:30:998</time></pt><pt><x>410</x><y>33</y><time>20-01-21 20:48:31:202</time></pt><pt><x>410</x><y>37</y><time>20-01-21 20:48:31:392</time></pt><pt><x>410</x><y>42</y><time>20-01-21 20:48:31:612</time></pt><pt><x>409</x><y>45</y><time>20-01-21 20:48:31:776</time></pt><pt><x>407</x><y>49</y><time>20-01-21 20:48:31:960</time></pt><pt><x>408</x><y>54</y><time>20-01-21 20:48:32:935</time></pt><pt><x>409</x><y>56</y><time>20-01-21 20:48:33:289</time></pt><pt><x>410</x><y>59</y><time>20-01-21 20:48:33:517</time></pt><pt><x>408</x><y>62</y><time>20-01-21 20:48:33:870</time></pt><pt><x>404</x><y>66</y><time>20-01-21 20:48:34:122</time></pt><pt><x>404</x><y>69</y><time>20-01-21 20:48:34:287</time></pt><pt><x>401</x><y>77</y><time>20-01-21 20:48:34:800</time></pt><pt><x>400</x><y>83</y><time>20-01-21 20:48:35:222</time></pt><pt><x>397</x><y>90</y><time>20-01-21 20:48:35:572</time></pt><pt><x>395</x><y>94</y><time>20-01-21 20:48:35:877</time></pt><pt><x>394</x><y>104</y><time>20-01-21 20:48:37:276</time></pt><pt><x>393</x><y>108</y><time>20-01-21 20:48:37:772</time></pt><pt><x>391</x><y>110</y><time>20-01-21 20:48:37:954</time></pt><pt><x>389</x><y>114</y><time>20-01-21 20:48:38:144</time></pt><pt><x>387</x><y>119</y><time>20-01-21 20:48:38:339</time></pt><pt><x>386</x><y>125</y><time>20-01-21 20:48:38:552</time></pt><pt><x>384</x><y>129</y><time>20-01-21 20:48:38:748</time></pt><pt><x>382</x><y>134</y><time>20-01-21 20:48:38:979</time></pt><pt><x>380</x><y>141</y><time>20-01-21 20:48:39:213</time></pt><pt><x>379</x><y>145</y><time>20-01-21 20:48:39:408</time></pt><pt><x>378</x><y>148</y><time>20-01-21 20:48:39:613</time></pt><pt><x>375</x><y>152</y><time>20-01-21 20:48:39:819</time></pt><pt><x>371</x><y>157</y><time>20-01-21 20:48:40:166</time></pt><pt><x>369</x><y>160</y><time>20-01-21 20:48:40:504</time></pt><pt><x>369</x><y>165</y><time>20-01-21 20:48:40:701</time></pt><pt><x>369</x><y>168</y><time>20-01-21 20:48:42:125</time></pt><pt><x>374</x><y>170</y><time>20-01-21 20:48:42:517</time></pt><pt><x>379</x><y>170</y><time>20-01-21 20:48:43:029</time></pt><pt><x>379</x><y>167</y><time>20-01-21 20:48:43:422</time></pt><pt><x>379</x><y>165</y><time>20-01-21 20:48:43:683</time></pt><pt><x>383</x><y>162</y><time>20-01-21 20:48:43:927</time></pt><pt><x>384</x><y>159</y><time>20-01-21 20:48:44:215</time></pt><pt><x>385</x><y>155</y><time>20-01-21 20:48:44:484</time></pt><pt><x>387</x><y>152</y><time>20-01-21 20:48:44:761</time></pt><pt><x>390</x><y>147</y><time>20-01-21 20:48:45:012</time></pt><pt><x>394</x><y>143</y><time>20-01-21 20:48:45:248</time></pt><pt><x>398</x><y>137</y><time>20-01-21 20:48:45:505</time></pt><pt><x>402</x><y>131</y><time>20-01-21 20:48:45:782</time></pt><pt><x>405</x><y>126</y><time>20-01-21 20:48:46:090</time></pt><pt><x>407</x><y>122</y><time>20-01-21 20:48:46:310</time></pt><pt><x>409</x><y>119</y><time>20-01-21 20:48:46:575</time></pt><pt><x>410</x><y>117</y><time>20-01-21 20:48:46:798</time></pt><pt><x>411</x><y>114</y><time>20-01-21 20:48:47:002</time></pt><pt><x>411</x><y>113</y><time>20-01-21 20:48:47:489</time></pt><pt><x>415</x><y>133</y><time>20-01-21 20:48:49:041</time></pt><pt><x>418</x><y>138</y><time>20-01-21 20:48:49:480</time></pt><pt><x>419</x><y>140</y><time>20-01-21 20:48:49:704</time></pt><pt><x>419</x><y>145</y><time>20-01-21 20:48:49:929</time></pt><pt><x>420</x><y>147</y><time>20-01-21 20:48:50:112</time></pt><pt><x>420</x><y>150</y><time>20-01-21 20:48:50:275</time></pt><pt><x>421</x><y>153</y><time>20-01-21 20:48:50:448</time></pt><pt><x>421</x><y>157</y><time>20-01-21 20:48:50:653</time></pt><pt><x>421</x><y>161</y><time>20-01-21 20:48:50:952</time></pt><pt><x>421</x><y>163</y><time>20-01-21 20:48:51:164</time></pt><pt><x>420</x><y>166</y><time>20-01-21 20:48:51:368</time></pt><pt><x>418</x><y>182</y><time>20-01-21 20:48:52:779</time></pt><pt><x>417</x><y>196</y><time>20-01-21 20:48:53:250</time></pt><pt><x>418</x><y>207</y><time>20-01-21 20:48:53:707</time></pt><pt><x>418</x><y>218</y><time>20-01-21 20:48:54:114</time></pt><pt><x>418</x><y>225</y><time>20-01-21 20:48:54:501</time></pt><pt><x>418</x><y>233</y><time>20-01-21 20:48:54:769</time></pt><pt><x>420</x><y>239</y><time>20-01-21 20:48:55:107</time></pt><pt><x>422</x><y>243</y><time>20-01-21 20:48:55:416</time></pt><pt><x>422</x><y>246</y><time>20-01-21 20:48:55:595</time></pt><pt><x>423</x><y>250</y><time>20-01-21 20:48:55:871</time></pt><pt><x>427</x><y>277</y><time>20-01-21 20:48:57:689</time></pt><pt><x>427</x><y>285</y><time>20-01-21 20:48:58:169</time></pt><pt><x>427</x><y>289</y><time>20-01-21 20:48:58:444</time></pt><pt><x>427</x><y>292</y><time>20-01-21 20:48:58:672</time></pt><pt><x>426</x><y>299</y><time>20-01-21 20:48:59:011</time></pt><pt><x>425</x><y>302</y><time>20-01-21 20:48:59:309</time></pt><pt><x>421</x><y>305</y><time>20-01-21 20:48:59:569</time></pt><pt><x>414</x><y>308</y><time>20-01-21 20:48:59:924</time></pt><pt><x>408</x><y>310</y><time>20-01-21 20:49:00:192</time></pt><pt><x>403</x><y>310</y><time>20-01-21 20:49:00:482</time></pt><pt><x>399</x><y>311</y><time>20-01-21 20:49:00:724</time></pt><pt><x>398</x><y>314</y><time>20-01-21 20:49:00:952</time></pt><pt><x>402</x><y>318</y><time>20-01-21 20:49:01:215</time></pt><pt><x>408</x><y>320</y><time>20-01-21 20:49:01:474</time></pt><pt><x>418</x><y>321</y><time>20-01-21 20:49:01:757</time></pt><pt><x>428</x><y>321</y><time>20-01-21 20:49:02:054</time></pt><pt><x>437</x><y>321</y><time>20-01-21 20:49:02:371</time></pt><pt><x>446</x><y>321</y><time>20-01-21 20:49:02:701</time></pt><pt><x>448</x><y>321</y><time>20-01-21 20:49:02:944</time></pt><pt><x>451</x><y>318</y><time>20-01-21 20:49:03:337</time></pt><pt><x>451</x><y>314</y><time>20-01-21 20:49:03:567</time></pt><pt><x>449</x><y>311</y><time>20-01-21 20:49:06:911</time></pt><pt><x>451</x><y>309</y><time>20-01-21 20:49:07:264</time></pt><pt><x>447</x><y>303</y><time>20-01-21 20:49:20:739</time></pt><pt><x>445</x><y>299</y><time>20-01-21 20:49:21:298</time></pt><pt><x>445</x><y>295</y><time>20-01-21 20:49:21:801</time></pt><pt><x>448</x><y>289</y><time>20-01-21 20:49:22:107</time></pt><pt><x>449</x><y>282</y><time>20-01-21 20:49:22:375</time></pt><pt><x>448</x><y>276</y><time>20-01-21 20:49:22:619</time></pt><pt><x>448</x><y>268</y><time>20-01-21 20:49:22:927</time></pt><pt><x>449</x><y>266</y><time>20-01-21 20:49:23:028</time></pt><pt><x>449</x><y>264</y><time>20-01-21 20:49:23:366</time></pt><pt><x>452</x><y>273</y><time>20-01-21 20:49:23:854</time></pt><pt><x>454</x><y>279</y><time>20-01-21 20:49:24:113</time></pt><pt><x>456</x><y>283</y><time>20-01-21 20:49:24:341</time></pt><pt><x>457</x><y>286</y><time>20-01-21 20:49:24:549</time></pt><pt><x>458</x><y>291</y><time>20-01-21 20:49:24:767</time></pt><pt><x>458</x><y>295</y><time>20-01-21 20:49:24:987</time></pt><pt><x>457</x><y>297</y><time>20-01-21 20:49:25:208</time></pt><pt><x>454</x><y>298</y><time>20-01-21 20:49:25:467</time></pt><pt><x>451</x><y>299</y><time>20-01-21 20:49:25:720</time></pt><pt><x>449</x><y>301</y><time>20-01-21 20:49:26:056</time></pt><pt><x>449</x><y>304</y><time>20-01-21 20:49:26:906</time></pt><pt><x>451</x><y>307</y><time>20-01-21 20:49:27:638</time></pt><pt><x>452</x><y>309</y><time>20-01-21 20:49:28:298</time></pt><pt><x>455</x><y>310</y><time>20-01-21 20:49:28:749</time></pt><pt><x>460</x><y>310</y><time>20-01-21 20:49:29:074</time></pt><pt><x>464</x><y>309</y><time>20-01-21 20:49:29:369</time></pt><pt><x>468</x><y>309</y><time>20-01-21 20:49:29:653</time></pt><pt><x>472</x><y>308</y><time>20-01-21 20:49:29:868</time></pt><pt><x>475</x><y>308</y><time>20-01-21 20:49:30:141</time></pt><pt><x>480</x><y>307</y><time>20-01-21 20:49:30:393</time></pt><pt><x>479</x><y>303</y><time>20-01-21 20:49:30:699</time></pt><pt><x>476</x><y>299</y><time>20-01-21 20:49:30:929</time></pt><pt><x>474</x><y>295</y><time>20-01-21 20:49:31:117</time></pt><pt><x>473</x><y>291</y><time>20-01-21 20:49:31:321</time></pt><pt><x>473</x><y>286</y><time>20-01-21 20:49:31:488</time></pt><pt><x>473</x><y>281</y><time>20-01-21 20:49:31:710</time></pt><pt><x>473</x><y>277</y><time>20-01-21 20:49:31:911</time></pt><pt><x>467</x><y>234</y><time>20-01-21 20:49:33:289</time></pt><pt><x>468</x><y>227</y><time>20-01-21 20:49:33:664</time></pt><pt><x>468</x><y>223</y><time>20-01-21 20:49:33:881</time></pt><pt><x>467</x><y>220</y><time>20-01-21 20:49:34:060</time></pt><pt><x>465</x><y>217</y><time>20-01-21 20:49:34:209</time></pt><pt><x>464</x><y>212</y><time>20-01-21 20:49:34:396</time></pt><pt><x>466</x><y>206</y><time>20-01-21 20:49:34:624</time></pt><pt><x>467</x><y>200</y><time>20-01-21 20:49:34:798</time></pt><pt><x>468</x><y>195</y><time>20-01-21 20:49:35:051</time></pt><pt><x>470</x><y>192</y><time>20-01-21 20:49:35:302</time></pt><pt><x>472</x><y>190</y><time>20-01-21 20:49:35:506</time></pt><pt><x>475</x><y>187</y><time>20-01-21 20:49:35:718</time></pt><pt><x>476</x><y>182</y><time>20-01-21 20:49:35:962</time></pt><pt><x>476</x><y>179</y><time>20-01-21 20:49:36:152</time></pt><pt><x>475</x><y>176</y><time>20-01-21 20:49:36:374</time></pt><pt><x>475</x><y>173</y><time>20-01-21 20:49:36:528</time></pt><pt><x>475</x><y>163</y><time>20-01-21 20:49:37:837</time></pt><pt><x>474</x><y>150</y><time>20-01-21 20:49:38:876</time></pt><pt><x>476</x><y>143</y><time>20-01-21 20:49:39:188</time></pt><pt><x>476</x><y>136</y><time>20-01-21 20:49:39:433</time></pt><pt><x>475</x><y>130</y><time>20-01-21 20:49:39:684</time></pt><pt><x>473</x><y>121</y><time>20-01-21 20:49:40:025</time></pt><pt><x>472</x><y>116</y><time>20-01-21 20:49:40:314</time></pt><pt><x>470</x><y>88</y><time>20-01-21 20:49:41:536</time></pt><pt><x>469</x><y>79</y><time>20-01-21 20:49:41:793</time></pt><pt><x>466</x><y>74</y><time>20-01-21 20:49:42:007</time></pt><pt><x>462</x><y>72</y><time>20-01-21 20:49:42:210</time></pt><pt><x>457</x><y>67</y><time>20-01-21 20:49:42:430</time></pt><pt><x>453</x><y>64</y><time>20-01-21 20:49:42:627</time></pt><pt><x>449</x><y>62</y><time>20-01-21 20:49:42:841</time></pt><pt><x>445</x><y>59</y><time>20-01-21 20:49:43:078</time></pt><pt><x>441</x><y>58</y><time>20-01-21 20:49:43:282</time></pt><pt><x>439</x><y>56</y><time>20-01-21 20:49:43:494</time></pt><pt><x>439</x><y>53</y><time>20-01-21 20:49:43:689</time></pt><pt><x>443</x><y>50</y><time>20-01-21 20:49:43:925</time></pt><pt><x>445</x><y>47</y><time>20-01-21 20:49:44:168</time></pt><pt><x>447</x><y>43</y><time>20-01-21 20:49:44:430</time></pt><pt><x>448</x><y>38</y><time>20-01-21 20:49:45:011</time></pt><pt><x>448</x><y>33</y><time>20-01-21 20:49:45:262</time></pt><pt><x>447</x><y>29</y><time>20-01-21 20:49:45:547</time></pt><pt><x>446</x><y>26</y><time>20-01-21 20:49:45:815</time></pt><pt><x>444</x><y>23</y><time>20-01-21 20:49:46:064</time></pt><pt><x>442</x><y>20</y><time>20-01-21 20:49:46:358</time></pt><pt><x>440</x><y>20</y><time>20-01-21 20:49:46:593</time></pt><pt><x>437</x><y>19</y><time>20-01-21 20:49:47:012</time></pt><closed_date>20-01-21 20:49:48:257</closed_date></polygon></object><object><name>person</name><deleted>0</deleted><verified>0</verified><occluded>no</occluded><attributes></attributes><parts><hasparts></hasparts><ispartof></ispartof></parts><date>20-01-21 20:50:43:480</date><id>1</id><polygon><username>7hao</username><pt><x>298</x><y>100</y><time>20-01-21 20:49:57:762</time></pt><pt><x>295</x><y>99</y><time>20-01-21 20:49:58:054</time></pt><pt><x>292</x><y>98</y><time>20-01-21 20:49:58:302</time></pt><pt><x>289</x><y>98</y><time>20-01-21 20:49:58:453</time></pt><pt><x>285</x><y>100</y><time>20-01-21 20:49:58:616</time></pt><pt><x>284</x><y>103</y><time>20-01-21 20:49:59:004</time></pt><pt><x>282</x><y>106</y><time>20-01-21 20:49:59:207</time></pt><pt><x>282</x><y>108</y><time>20-01-21 20:49:59:407</time></pt><pt><x>281</x><y>111</y><time>20-01-21 20:49:59:578</time></pt><pt><x>281</x><y>114</y><time>20-01-21 20:49:59:773</time></pt><pt><x>281</x><y>116</y><time>20-01-21 20:49:59:970</time></pt><pt><x>281</x><y>120</y><time>20-01-21 20:50:00:152</time></pt><pt><x>281</x><y>122</y><time>20-01-21 20:50:00:350</time></pt><pt><x>281</x><y>124</y><time>20-01-21 20:50:00:560</time></pt><pt><x>280</x><y>127</y><time>20-01-21 20:50:00:748</time></pt><pt><x>278</x><y>129</y><time>20-01-21 20:50:00:968</time></pt><pt><x>276</x><y>130</y><time>20-01-21 20:50:01:086</time></pt><pt><x>272</x><y>133</y><time>20-01-21 20:50:01:330</time></pt><pt><x>271</x><y>133</y><time>20-01-21 20:50:01:488</time></pt><pt><x>268</x><y>135</y><time>20-01-21 20:50:01:649</time></pt><pt><x>267</x><y>138</y><time>20-01-21 20:50:01:851</time></pt><pt><x>265</x><y>141</y><time>20-01-21 20:50:02:128</time></pt><pt><x>264</x><y>145</y><time>20-01-21 20:50:02:315</time></pt><pt><x>263</x><y>151</y><time>20-01-21 20:50:02:528</time></pt><pt><x>261</x><y>154</y><time>20-01-21 20:50:02:695</time></pt><pt><x>259</x><y>158</y><time>20-01-21 20:50:02:874</time></pt><pt><x>256</x><y>163</y><time>20-01-21 20:50:03:095</time></pt><pt><x>253</x><y>167</y><time>20-01-21 20:50:03:308</time></pt><pt><x>251</x><y>171</y><time>20-01-21 20:50:03:503</time></pt><pt><x>248</x><y>175</y><time>20-01-21 20:50:03:685</time></pt><pt><x>246</x><y>179</y><time>20-01-21 20:50:03:889</time></pt><pt><x>245</x><y>181</y><time>20-01-21 20:50:04:008</time></pt><pt><x>245</x><y>182</y><time>20-01-21 20:50:04:141</time></pt><pt><x>243</x><y>185</y><time>20-01-21 20:50:04:466</time></pt><pt><x>242</x><y>189</y><time>20-01-21 20:50:08:364</time></pt><pt><x>242</x><y>192</y><time>20-01-21 20:50:08:643</time></pt><pt><x>244</x><y>194</y><time>20-01-21 20:50:08:862</time></pt><pt><x>249</x><y>194</y><time>20-01-21 20:50:09:215</time></pt><pt><x>250</x><y>192</y><time>20-01-21 20:50:09:531</time></pt><pt><x>249</x><y>191</y><time>20-01-21 20:50:09:704</time></pt><pt><x>251</x><y>188</y><time>20-01-21 20:50:09:862</time></pt><pt><x>254</x><y>185</y><time>20-01-21 20:50:10:051</time></pt><pt><x>256</x><y>183</y><time>20-01-21 20:50:10:293</time></pt><pt><x>260</x><y>180</y><time>20-01-21 20:50:10:506</time></pt><pt><x>263</x><y>176</y><time>20-01-21 20:50:10:697</time></pt><pt><x>265</x><y>174</y><time>20-01-21 20:50:10:968</time></pt><pt><x>265</x><y>178</y><time>20-01-21 20:50:11:394</time></pt><pt><x>266</x><y>182</y><time>20-01-21 20:50:11:599</time></pt><pt><x>266</x><y>185</y><time>20-01-21 20:50:11:773</time></pt><pt><x>266</x><y>188</y><time>20-01-21 20:50:11:961</time></pt><pt><x>265</x><y>190</y><time>20-01-21 20:50:12:136</time></pt><pt><x>265</x><y>192</y><time>20-01-21 20:50:12:315</time></pt><pt><x>265</x><y>195</y><time>20-01-21 20:50:12:483</time></pt><pt><x>264</x><y>198</y><time>20-01-21 20:50:12:653</time></pt><pt><x>264</x><y>200</y><time>20-01-21 20:50:12:810</time></pt><pt><x>265</x><y>203</y><time>20-01-21 20:50:13:000</time></pt><pt><x>266</x><y>206</y><time>20-01-21 20:50:13:158</time></pt><pt><x>267</x><y>211</y><time>20-01-21 20:50:13:361</time></pt><pt><x>266</x><y>214</y><time>20-01-21 20:50:13:528</time></pt><pt><x>266</x><y>218</y><time>20-01-21 20:50:13:699</time></pt><pt><x>266</x><y>221</y><time>20-01-21 20:50:13:848</time></pt><pt><x>267</x><y>226</y><time>20-01-21 20:50:14:055</time></pt><pt><x>269</x><y>232</y><time>20-01-21 20:50:14:242</time></pt><pt><x>271</x><y>239</y><time>20-01-21 20:50:14:480</time></pt><pt><x>273</x><y>246</y><time>20-01-21 20:50:14:684</time></pt><pt><x>275</x><y>251</y><time>20-01-21 20:50:14:920</time></pt><pt><x>274</x><y>258</y><time>20-01-21 20:50:16:209</time></pt><pt><x>274</x><y>263</y><time>20-01-21 20:50:16:471</time></pt><pt><x>274</x><y>266</y><time>20-01-21 20:50:16:640</time></pt><pt><x>272</x><y>270</y><time>20-01-21 20:50:16:893</time></pt><pt><x>270</x><y>273</y><time>20-01-21 20:50:17:101</time></pt><pt><x>269</x><y>277</y><time>20-01-21 20:50:17:271</time></pt><pt><x>269</x><y>281</y><time>20-01-21 20:50:17:463</time></pt><pt><x>270</x><y>285</y><time>20-01-21 20:50:17:673</time></pt><pt><x>272</x><y>289</y><time>20-01-21 20:50:17:901</time></pt><pt><x>275</x><y>289</y><time>20-01-21 20:50:18:184</time></pt><pt><x>278</x><y>289</y><time>20-01-21 20:50:18:405</time></pt><pt><x>280</x><y>289</y><time>20-01-21 20:50:18:625</time></pt><pt><x>282</x><y>289</y><time>20-01-21 20:50:18:838</time></pt><pt><x>283</x><y>285</y><time>20-01-21 20:50:19:066</time></pt><pt><x>283</x><y>283</y><time>20-01-21 20:50:19:349</time></pt><pt><x>283</x><y>280</y><time>20-01-21 20:50:19:579</time></pt><pt><x>284</x><y>278</y><time>20-01-21 20:50:19:772</time></pt><pt><x>284</x><y>276</y><time>20-01-21 20:50:20:024</time></pt><pt><x>283</x><y>274</y><time>20-01-21 20:50:20:205</time></pt><pt><x>282</x><y>272</y><time>20-01-21 20:50:20:411</time></pt><pt><x>283</x><y>270</y><time>20-01-21 20:50:20:607</time></pt><pt><x>284</x><y>269</y><time>20-01-21 20:50:20:826</time></pt><pt><x>287</x><y>270</y><time>20-01-21 20:50:21:038</time></pt><pt><x>287</x><y>273</y><time>20-01-21 20:50:21:277</time></pt><pt><x>287</x><y>274</y><time>20-01-21 20:50:21:483</time></pt><pt><x>286</x><y>276</y><time>20-01-21 20:50:21:771</time></pt><pt><x>286</x><y>279</y><time>20-01-21 20:50:22:226</time></pt><pt><x>285</x><y>281</y><time>20-01-21 20:50:22:639</time></pt><pt><x>284</x><y>281</y><time>20-01-21 20:50:22:816</time></pt><pt><x>284</x><y>282</y><time>20-01-21 20:50:23:069</time></pt><pt><x>287</x><y>283</y><time>20-01-21 20:50:23:336</time></pt><pt><x>291</x><y>283</y><time>20-01-21 20:50:23:629</time></pt><pt><x>293</x><y>282</y><time>20-01-21 20:50:23:903</time></pt><pt><x>298</x><y>280</y><time>20-01-21 20:50:24:103</time></pt><pt><x>301</x><y>278</y><time>20-01-21 20:50:24:289</time></pt><pt><x>306</x><y>276</y><time>20-01-21 20:50:24:518</time></pt><pt><x>307</x><y>275</y><time>20-01-21 20:50:24:736</time></pt><pt><x>304</x><y>272</y><time>20-01-21 20:50:24:935</time></pt><pt><x>304</x><y>269</y><time>20-01-21 20:50:25:140</time></pt><pt><x>304</x><y>267</y><time>20-01-21 20:50:25:306</time></pt><pt><x>302</x><y>264</y><time>20-01-21 20:50:25:486</time></pt><pt><x>299</x><y>261</y><time>20-01-21 20:50:25:659</time></pt><pt><x>297</x><y>257</y><time>20-01-21 20:50:25:864</time></pt><pt><x>295</x><y>251</y><time>20-01-21 20:50:26:066</time></pt><pt><x>294</x><y>247</y><time>20-01-21 20:50:26:265</time></pt><pt><x>292</x><y>243</y><time>20-01-21 20:50:26:479</time></pt><pt><x>292</x><y>239</y><time>20-01-21 20:50:26:648</time></pt><pt><x>293</x><y>234</y><time>20-01-21 20:50:26:900</time></pt><pt><x>294</x><y>228</y><time>20-01-21 20:50:27:130</time></pt><pt><x>295</x><y>224</y><time>20-01-21 20:50:27:335</time></pt><pt><x>299</x><y>204</y><time>20-01-21 20:50:28:898</time></pt><pt><x>299</x><y>198</y><time>20-01-21 20:50:29:183</time></pt><pt><x>300</x><y>194</y><time>20-01-21 20:50:29:402</time></pt><pt><x>302</x><y>187</y><time>20-01-21 20:50:29:656</time></pt><pt><x>302</x><y>183</y><time>20-01-21 20:50:29:874</time></pt><pt><x>303</x><y>179</y><time>20-01-21 20:50:30:088</time></pt><pt><x>303</x><y>176</y><time>20-01-21 20:50:30:316</time></pt><pt><x>306</x><y>185</y><time>20-01-21 20:50:30:781</time></pt><pt><x>308</x><y>190</y><time>20-01-21 20:50:30:992</time></pt><pt><x>309</x><y>195</y><time>20-01-21 20:50:31:199</time></pt><pt><x>309</x><y>199</y><time>20-01-21 20:50:31:408</time></pt><pt><x>309</x><y>201</y><time>20-01-21 20:50:31:584</time></pt><pt><x>309</x><y>206</y><time>20-01-21 20:50:31:803</time></pt><pt><x>312</x><y>208</y><time>20-01-21 20:50:32:016</time></pt><pt><x>315</x><y>207</y><time>20-01-21 20:50:32:244</time></pt><pt><x>317</x><y>204</y><time>20-01-21 20:50:32:448</time></pt><pt><x>318</x><y>201</y><time>20-01-21 20:50:32:669</time></pt><pt><x>318</x><y>198</y><time>20-01-21 20:50:32:833</time></pt><pt><x>318</x><y>193</y><time>20-01-21 20:50:33:031</time></pt><pt><x>317</x><y>185</y><time>20-01-21 20:50:33:284</time></pt><pt><x>316</x><y>178</y><time>20-01-21 20:50:33:527</time></pt><pt><x>315</x><y>173</y><time>20-01-21 20:50:33:754</time></pt><pt><x>312</x><y>159</y><time>20-01-21 20:50:34:761</time></pt><pt><x>311</x><y>151</y><time>20-01-21 20:50:35:054</time></pt><pt><x>310</x><y>143</y><time>20-01-21 20:50:35:376</time></pt><pt><x>308</x><y>138</y><time>20-01-21 20:50:35:673</time></pt><pt><x>307</x><y>131</y><time>20-01-21 20:50:36:846</time></pt><pt><x>305</x><y>128</y><time>20-01-21 20:50:37:085</time></pt><pt><x>301</x><y>127</y><time>20-01-21 20:50:37:294</time></pt><pt><x>297</x><y>126</y><time>20-01-21 20:50:37:539</time></pt><pt><x>297</x><y>123</y><time>20-01-21 20:50:37:813</time></pt><pt><x>298</x><y>122</y><time>20-01-21 20:50:38:037</time></pt><pt><x>302</x><y>119</y><time>20-01-21 20:50:38:247</time></pt><pt><x>303</x><y>116</y><time>20-01-21 20:50:38:466</time></pt><pt><x>303</x><y>113</y><time>20-01-21 20:50:38:654</time></pt><pt><x>303</x><y>110</y><time>20-01-21 20:50:38:877</time></pt><pt><x>303</x><y>106</y><time>20-01-21 20:50:39:099</time></pt><pt><x>301</x><y>103</y><time>20-01-21 20:50:39:349</time></pt><closed_date>20-01-21 20:50:39:756</closed_date></polygon></object><object><name>person</name><deleted>0</deleted><verified>0</verified><occluded>no</occluded><attributes></attributes><parts><hasparts></hasparts><ispartof></ispartof></parts><date>20-01-21 20:55:02:829</date><id>2</id><polygon><username>7hao</username><pt><x>381</x><y>112</y><time>20-01-21 20:53:00:866</time></pt><pt><x>380</x><y>112</y><time>20-01-21 20:53:01:124</time></pt><pt><x>379</x><y>112</y><time>20-01-21 20:53:01:344</time></pt><pt><x>378</x><y>113</y><time>20-01-21 20:53:01:527</time></pt><pt><x>378</x><y>114</y><time>20-01-21 20:53:01:698</time></pt><pt><x>378</x><y>115</y><time>20-01-21 20:53:01:888</time></pt><pt><x>378</x><y>116</y><time>20-01-21 20:53:02:045</time></pt><pt><x>378</x><y>118</y><time>20-01-21 20:53:02:203</time></pt><pt><x>378</x><y>120</y><time>20-01-21 20:53:02:382</time></pt><pt><x>378</x><y>121</y><time>20-01-21 20:53:02:550</time></pt><pt><x>379</x><y>123</y><time>20-01-21 20:53:02:720</time></pt><pt><x>380</x><y>124</y><time>20-01-21 20:53:02:926</time></pt><pt><x>380</x><y>125</y><time>20-01-21 20:53:03:131</time></pt><pt><x>381</x><y>127</y><time>20-01-21 20:53:03:359</time></pt><pt><x>381</x><y>127</y><time>20-01-21 20:53:03:572</time></pt><pt><x>381</x><y>128</y><time>20-01-21 20:53:03:799</time></pt><pt><x>379</x><y>129</y><time>20-01-21 20:53:03:994</time></pt><pt><x>378</x><y>129</y><time>20-01-21 20:53:04:200</time></pt><pt><x>376</x><y>129</y><time>20-01-21 20:53:05:813</time></pt><pt><x>374</x><y>130</y><time>20-01-21 20:53:06:032</time></pt><pt><x>373</x><y>131</y><time>20-01-21 20:53:06:191</time></pt><pt><x>373</x><y>132</y><time>20-01-21 20:53:06:349</time></pt><pt><x>372</x><y>133</y><time>20-01-21 20:53:06:505</time></pt><pt><x>372</x><y>134</y><time>20-01-21 20:53:06:671</time></pt><pt><x>372</x><y>135</y><time>20-01-21 20:53:06:813</time></pt><pt><x>371</x><y>136</y><time>20-01-21 20:53:06:977</time></pt><pt><x>370</x><y>137</y><time>20-01-21 20:53:07:126</time></pt><pt><x>370</x><y>138</y><time>20-01-21 20:53:07:276</time></pt><pt><x>370</x><y>140</y><time>20-01-21 20:53:07:440</time></pt><pt><x>370</x><y>141</y><time>20-01-21 20:53:07:597</time></pt><pt><x>370</x><y>142</y><time>20-01-21 20:53:07:756</time></pt><pt><x>369</x><y>143</y><time>20-01-21 20:53:07:920</time></pt><pt><x>368</x><y>144</y><time>20-01-21 20:53:08:054</time></pt><pt><x>368</x><y>151</y><time>20-01-21 20:53:09:159</time></pt><pt><x>368</x><y>155</y><time>20-01-21 20:53:09:620</time></pt><pt><x>367</x><y>158</y><time>20-01-21 20:53:10:108</time></pt><pt><x>367</x><y>161</y><time>20-01-21 20:53:10:605</time></pt><pt><x>367</x><y>164</y><time>20-01-21 20:53:11:020</time></pt><pt><x>366</x><y>166</y><time>20-01-21 20:53:11:516</time></pt><pt><x>367</x><y>170</y><time>20-01-21 20:53:12:742</time></pt><pt><x>367</x><y>172</y><time>20-01-21 20:53:13:045</time></pt><pt><x>367</x><y>174</y><time>20-01-21 20:53:13:263</time></pt><pt><x>367</x><y>176</y><time>20-01-21 20:53:13:475</time></pt><pt><x>367</x><y>178</y><time>20-01-21 20:53:13:774</time></pt><pt><x>367</x><y>180</y><time>20-01-21 20:53:13:972</time></pt><pt><x>367</x><y>182</y><time>20-01-21 20:53:14:166</time></pt><pt><x>369</x><y>184</y><time>20-01-21 20:53:15:174</time></pt><pt><x>369</x><y>186</y><time>20-01-21 20:53:15:348</time></pt><pt><x>369</x><y>187</y><time>20-01-21 20:53:15:504</time></pt><pt><x>369</x><y>189</y><time>20-01-21 20:53:15:654</time></pt><pt><x>369</x><y>191</y><time>20-01-21 20:53:15:818</time></pt><pt><x>369</x><y>193</y><time>20-01-21 20:53:15:999</time></pt><pt><x>369</x><y>194</y><time>20-01-21 20:53:16:165</time></pt><pt><x>370</x><y>199</y><time>20-01-21 20:53:17:345</time></pt><pt><x>371</x><y>201</y><time>20-01-21 20:53:17:553</time></pt><pt><x>371</x><y>201</y><time>20-01-21 20:53:17:715</time></pt><pt><x>372</x><y>204</y><time>20-01-21 20:53:17:864</time></pt><pt><x>372</x><y>206</y><time>20-01-21 20:53:18:030</time></pt><pt><x>372</x><y>207</y><time>20-01-21 20:53:18:194</time></pt><pt><x>372</x><y>218</y><time>20-01-21 20:53:19:288</time></pt><pt><x>373</x><y>219</y><time>20-01-21 20:53:19:659</time></pt><pt><x>374</x><y>219</y><time>20-01-21 20:53:19:951</time></pt><pt><x>373</x><y>222</y><time>20-01-21 20:53:20:168</time></pt><pt><x>373</x><y>224</y><time>20-01-21 20:53:20:318</time></pt><pt><x>373</x><y>226</y><time>20-01-21 20:53:20:468</time></pt><pt><x>372</x><y>228</y><time>20-01-21 20:53:20:656</time></pt><pt><x>372</x><y>230</y><time>20-01-21 20:53:20:814</time></pt><pt><x>371</x><y>231</y><time>20-01-21 20:53:20:971</time></pt><pt><x>370</x><y>233</y><time>20-01-21 20:53:21:515</time></pt><pt><x>369</x><y>239</y><time>20-01-21 20:53:22:458</time></pt><pt><x>369</x><y>242</y><time>20-01-21 20:53:22:679</time></pt><pt><x>369</x><y>245</y><time>20-01-21 20:53:22:836</time></pt><pt><x>369</x><y>247</y><time>20-01-21 20:53:23:034</time></pt><pt><x>369</x><y>249</y><time>20-01-21 20:53:23:214</time></pt><pt><x>370</x><y>259</y><time>20-01-21 20:53:24:237</time></pt><pt><x>370</x><y>261</y><time>20-01-21 20:53:24:513</time></pt><pt><x>370</x><y>262</y><time>20-01-21 20:53:24:648</time></pt><pt><x>370</x><y>264</y><time>20-01-21 20:53:24:786</time></pt><pt><x>370</x><y>266</y><time>20-01-21 20:53:24:979</time></pt><pt><x>369</x><y>266</y><time>20-01-21 20:53:25:165</time></pt><pt><x>368</x><y>267</y><time>20-01-21 20:53:25:392</time></pt><pt><x>367</x><y>268</y><time>20-01-21 20:53:25:519</time></pt><pt><x>366</x><y>270</y><time>20-01-21 20:53:25:722</time></pt><pt><x>366</x><y>272</y><time>20-01-21 20:53:25:965</time></pt><pt><x>366</x><y>274</y><time>20-01-21 20:53:26:202</time></pt><pt><x>366</x><y>275</y><time>20-01-21 20:53:26:409</time></pt><pt><x>367</x><y>277</y><time>20-01-21 20:53:27:430</time></pt><pt><x>369</x><y>277</y><time>20-01-21 20:53:27:708</time></pt><pt><x>371</x><y>277</y><time>20-01-21 20:53:27:928</time></pt><pt><x>373</x><y>277</y><time>20-01-21 20:53:28:139</time></pt><pt><x>376</x><y>277</y><time>20-01-21 20:53:28:374</time></pt><pt><x>380</x><y>277</y><time>20-01-21 20:53:28:596</time></pt><pt><x>384</x><y>276</y><time>20-01-21 20:53:28:823</time></pt><pt><x>386</x><y>276</y><time>20-01-21 20:53:29:043</time></pt><pt><x>388</x><y>276</y><time>20-01-21 20:53:29:326</time></pt><pt><x>389</x><y>275</y><time>20-01-21 20:53:29:647</time></pt><pt><x>389</x><y>274</y><time>20-01-21 20:53:29:948</time></pt><pt><x>389</x><y>273</y><time>20-01-21 20:53:30:184</time></pt><pt><x>388</x><y>272</y><time>20-01-21 20:53:30:404</time></pt><pt><x>387</x><y>272</y><time>20-01-21 20:53:30:649</time></pt><pt><x>385</x><y>271</y><time>20-01-21 20:53:30:898</time></pt><pt><x>384</x><y>271</y><time>20-01-21 20:53:31:120</time></pt><pt><x>382</x><y>269</y><time>20-01-21 20:53:31:340</time></pt><pt><x>381</x><y>268</y><time>20-01-21 20:53:31:553</time></pt><pt><x>380</x><y>267</y><time>20-01-21 20:53:31:797</time></pt><pt><x>379</x><y>266</y><time>20-01-21 20:53:33:029</time></pt><pt><x>378</x><y>265</y><time>20-01-21 20:53:33:244</time></pt><pt><x>377</x><y>264</y><time>20-01-21 20:53:33:423</time></pt><pt><x>377</x><y>262</y><time>20-01-21 20:53:33:692</time></pt><pt><x>377</x><y>260</y><time>20-01-21 20:53:33:922</time></pt><pt><x>377</x><y>259</y><time>20-01-21 20:53:34:124</time></pt><pt><x>377</x><y>257</y><time>20-01-21 20:53:34:346</time></pt><pt><x>377</x><y>256</y><time>20-01-21 20:53:34:564</time></pt><pt><x>378</x><y>252</y><time>20-01-21 20:53:36:233</time></pt><pt><x>378</x><y>249</y><time>20-01-21 20:53:36:501</time></pt><pt><x>379</x><y>246</y><time>20-01-21 20:53:36:737</time></pt><pt><x>379</x><y>245</y><time>20-01-21 20:53:36:974</time></pt><pt><x>379</x><y>242</y><time>20-01-21 20:53:37:185</time></pt><pt><x>380</x><y>241</y><time>20-01-21 20:53:37:374</time></pt><pt><x>382</x><y>232</y><time>20-01-21 20:53:38:343</time></pt><pt><x>384</x><y>230</y><time>20-01-21 20:53:38:600</time></pt><pt><x>385</x><y>228</y><time>20-01-21 20:53:38:800</time></pt><pt><x>385</x><y>227</y><time>20-01-21 20:53:39:019</time></pt><pt><x>386</x><y>225</y><time>20-01-21 20:53:39:230</time></pt><pt><x>386</x><y>224</y><time>20-01-21 20:53:39:413</time></pt><pt><x>387</x><y>221</y><time>20-01-21 20:53:40:466</time></pt><pt><x>387</x><y>219</y><time>20-01-21 20:53:40:717</time></pt><pt><x>388</x><y>219</y><time>20-01-21 20:53:40:992</time></pt><pt><x>388</x><y>218</y><time>20-01-21 20:53:41:355</time></pt><pt><x>388</x><y>215</y><time>20-01-21 20:53:41:684</time></pt><pt><x>392</x><y>220</y><time>20-01-21 20:53:42:534</time></pt><pt><x>394</x><y>220</y><time>20-01-21 20:53:42:994</time></pt><pt><x>395</x><y>220</y><time>20-01-21 20:53:43:249</time></pt><pt><x>396</x><y>221</y><time>20-01-21 20:53:43:596</time></pt><pt><x>396</x><y>222</y><time>20-01-21 20:53:43:889</time></pt><pt><x>397</x><y>223</y><time>20-01-21 20:53:44:061</time></pt><pt><x>398</x><y>225</y><time>20-01-21 20:53:47:051</time></pt><pt><x>398</x><y>225</y><time>20-01-21 20:53:47:343</time></pt><pt><x>399</x><y>227</y><time>20-01-21 20:53:47:530</time></pt><pt><x>399</x><y>228</y><time>20-01-21 20:53:47:698</time></pt><pt><x>399</x><y>229</y><time>20-01-21 20:53:47:861</time></pt><pt><x>399</x><y>231</y><time>20-01-21 20:53:48:074</time></pt><pt><x>398</x><y>232</y><time>20-01-21 20:53:48:246</time></pt><pt><x>398</x><y>233</y><time>20-01-21 20:53:48:404</time></pt><pt><x>398</x><y>234</y><time>20-01-21 20:53:48:600</time></pt><pt><x>396</x><y>244</y><time>20-01-21 20:53:49:812</time></pt><pt><x>396</x><y>246</y><time>20-01-21 20:53:50:072</time></pt><pt><x>396</x><y>248</y><time>20-01-21 20:53:50:246</time></pt><pt><x>396</x><y>250</y><time>20-01-21 20:53:50:442</time></pt><pt><x>396</x><y>252</y><time>20-01-21 20:53:50:607</time></pt><pt><x>396</x><y>255</y><time>20-01-21 20:53:50:780</time></pt><pt><x>396</x><y>257</y><time>20-01-21 20:53:50:984</time></pt><pt><x>396</x><y>258</y><time>20-01-21 20:53:51:126</time></pt><pt><x>396</x><y>262</y><time>20-01-21 20:53:52:778</time></pt><pt><x>395</x><y>263</y><time>20-01-21 20:53:53:030</time></pt><pt><x>394</x><y>265</y><time>20-01-21 20:53:53:283</time></pt><pt><x>393</x><y>266</y><time>20-01-21 20:53:54:246</time></pt><pt><x>392</x><y>267</y><time>20-01-21 20:53:54:414</time></pt><pt><x>392</x><y>269</y><time>20-01-21 20:53:54:588</time></pt><pt><x>392</x><y>270</y><time>20-01-21 20:53:54:800</time></pt><pt><x>391</x><y>270</y><time>20-01-21 20:53:55:020</time></pt><pt><x>390</x><y>271</y><time>20-01-21 20:53:55:189</time></pt><pt><x>390</x><y>272</y><time>20-01-21 20:53:55:367</time></pt><pt><x>391</x><y>274</y><time>20-01-21 20:53:55:602</time></pt><pt><x>392</x><y>275</y><time>20-01-21 20:53:55:807</time></pt><pt><x>394</x><y>276</y><time>20-01-21 20:53:56:074</time></pt><pt><x>395</x><y>277</y><time>20-01-21 20:53:56:294</time></pt><pt><x>397</x><y>277</y><time>20-01-21 20:53:56:547</time></pt><pt><x>400</x><y>277</y><time>20-01-21 20:53:56:782</time></pt><pt><x>403</x><y>277</y><time>20-01-21 20:53:57:035</time></pt><pt><x>408</x><y>277</y><time>20-01-21 20:53:57:274</time></pt><pt><x>412</x><y>277</y><time>20-01-21 20:53:57:507</time></pt><pt><x>415</x><y>277</y><time>20-01-21 20:53:57:750</time></pt><pt><x>418</x><y>277</y><time>20-01-21 20:53:57:979</time></pt><pt><x>419</x><y>277</y><time>20-01-21 20:53:58:277</time></pt><pt><x>421</x><y>276</y><time>20-01-21 20:54:00:204</time></pt><pt><x>423</x><y>274</y><time>20-01-21 20:54:00:644</time></pt><pt><x>422</x><y>273</y><time>20-01-21 20:54:00:873</time></pt><pt><x>420</x><y>273</y><time>20-01-21 20:54:01:078</time></pt><pt><x>418</x><y>273</y><time>20-01-21 20:54:01:298</time></pt><pt><x>416</x><y>271</y><time>20-01-21 20:54:01:497</time></pt><pt><x>415</x><y>270</y><time>20-01-21 20:54:01:683</time></pt><pt><x>414</x><y>270</y><time>20-01-21 20:54:01:887</time></pt><pt><x>412</x><y>269</y><time>20-01-21 20:54:02:069</time></pt><pt><x>411</x><y>268</y><time>20-01-21 20:54:02:250</time></pt><pt><x>410</x><y>267</y><time>20-01-21 20:54:02:423</time></pt><pt><x>409</x><y>266</y><time>20-01-21 20:54:02:611</time></pt><pt><x>408</x><y>265</y><time>20-01-21 20:54:02:823</time></pt><pt><x>407</x><y>264</y><time>20-01-21 20:54:02:990</time></pt><pt><x>407</x><y>263</y><time>20-01-21 20:54:03:155</time></pt><pt><x>407</x><y>256</y><time>20-01-21 20:54:04:287</time></pt><pt><x>408</x><y>255</y><time>20-01-21 20:54:04:515</time></pt><pt><x>408</x><y>253</y><time>20-01-21 20:54:04:698</time></pt><pt><x>408</x><y>250</y><time>20-01-21 20:54:04:869</time></pt><pt><x>408</x><y>249</y><time>20-01-21 20:54:05:067</time></pt><pt><x>410</x><y>238</y><time>20-01-21 20:54:05:986</time></pt><pt><x>411</x><y>236</y><time>20-01-21 20:54:06:260</time></pt><pt><x>412</x><y>232</y><time>20-01-21 20:54:06:614</time></pt><pt><x>412</x><y>231</y><time>20-01-21 20:54:06:890</time></pt><pt><x>411</x><y>221</y><time>20-01-21 20:54:07:985</time></pt><pt><x>409</x><y>218</y><time>20-01-21 20:54:08:220</time></pt><pt><x>409</x><y>217</y><time>20-01-21 20:54:08:440</time></pt><pt><x>410</x><y>215</y><time>20-01-21 20:54:08:694</time></pt><pt><x>409</x><y>214</y><time>20-01-21 20:54:08:921</time></pt><pt><x>409</x><y>213</y><time>20-01-21 20:54:09:102</time></pt><pt><x>409</x><y>212</y><time>20-01-21 20:54:09:284</time></pt><pt><x>408</x><y>199</y><time>20-01-21 20:54:10:229</time></pt><pt><x>407</x><y>192</y><time>20-01-21 20:54:11:312</time></pt><pt><x>406</x><y>190</y><time>20-01-21 20:54:11:532</time></pt><pt><x>406</x><y>188</y><time>20-01-21 20:54:11:730</time></pt><pt><x>406</x><y>185</y><time>20-01-21 20:54:11:910</time></pt><pt><x>405</x><y>184</y><time>20-01-21 20:54:12:217</time></pt><pt><x>405</x><y>183</y><time>20-01-21 20:54:12:436</time></pt><pt><x>404</x><y>181</y><time>20-01-21 20:54:12:656</time></pt><pt><x>404</x><y>181</y><time>20-01-21 20:54:12:854</time></pt><pt><x>403</x><y>180</y><time>20-01-21 20:54:13:057</time></pt><pt><x>402</x><y>171</y><time>20-01-21 20:54:14:161</time></pt><pt><x>401</x><y>167</y><time>20-01-21 20:54:14:420</time></pt><pt><x>400</x><y>164</y><time>20-01-21 20:54:14:701</time></pt><pt><x>401</x><y>153</y><time>20-01-21 20:54:15:645</time></pt><pt><x>399</x><y>140</y><time>20-01-21 20:54:16:787</time></pt><pt><x>398</x><y>139</y><time>20-01-21 20:54:17:306</time></pt><pt><x>397</x><y>139</y><time>20-01-21 20:54:20:604</time></pt><pt><x>397</x><y>140</y><time>20-01-21 20:54:21:553</time></pt><pt><x>396</x><y>141</y><time>20-01-21 20:54:22:161</time></pt><pt><x>396</x><y>142</y><time>20-01-21 20:54:22:823</time></pt><pt><x>395</x><y>143</y><time>20-01-21 20:54:23:280</time></pt><pt><x>394</x><y>144</y><time>20-01-21 20:54:23:758</time></pt><pt><x>393</x><y>145</y><time>20-01-21 20:54:24:332</time></pt><pt><x>392</x><y>146</y><time>20-01-21 20:54:24:805</time></pt><pt><x>392</x><y>147</y><time>20-01-21 20:54:25:237</time></pt><pt><x>391</x><y>148</y><time>20-01-21 20:54:25:739</time></pt><pt><x>389</x><y>149</y><time>20-01-21 20:54:27:470</time></pt><pt><x>389</x><y>150</y><time>20-01-21 20:54:28:621</time></pt><pt><x>388</x><y>151</y><time>20-01-21 20:54:29:178</time></pt><pt><x>388</x><y>152</y><time>20-01-21 20:54:29:792</time></pt><pt><x>387</x><y>153</y><time>20-01-21 20:54:30:224</time></pt><pt><x>386</x><y>154</y><time>20-01-21 20:54:30:744</time></pt><pt><x>386</x><y>155</y><time>20-01-21 20:54:31:310</time></pt><pt><x>385</x><y>156</y><time>20-01-21 20:54:31:807</time></pt><pt><x>385</x><y>158</y><time>20-01-21 20:54:32:319</time></pt><pt><x>385</x><y>159</y><time>20-01-21 20:54:32:861</time></pt><pt><x>384</x><y>161</y><time>20-01-21 20:54:33:356</time></pt><pt><x>384</x><y>162</y><time>20-01-21 20:54:33:923</time></pt><pt><x>383</x><y>163</y><time>20-01-21 20:54:34:364</time></pt><pt><x>382</x><y>164</y><time>20-01-21 20:54:34:818</time></pt><pt><x>380</x><y>165</y><time>20-01-21 20:54:35:245</time></pt><pt><x>380</x><y>166</y><time>20-01-21 20:54:35:732</time></pt><pt><x>380</x><y>168</y><time>20-01-21 20:54:36:967</time></pt><pt><x>380</x><y>170</y><time>20-01-21 20:54:37:391</time></pt><pt><x>379</x><y>171</y><time>20-01-21 20:54:37:775</time></pt><pt><x>378</x><y>171</y><time>20-01-21 20:54:38:202</time></pt><pt><x>376</x><y>171</y><time>20-01-21 20:54:41:333</time></pt><pt><x>374</x><y>171</y><time>20-01-21 20:54:41:739</time></pt><pt><x>372</x><y>171</y><time>20-01-21 20:54:42:300</time></pt><pt><x>371</x><y>170</y><time>20-01-21 20:54:42:679</time></pt><pt><x>369</x><y>169</y><time>20-01-21 20:54:43:151</time></pt><pt><x>368</x><y>168</y><time>20-01-21 20:54:43:730</time></pt><pt><x>368</x><y>166</y><time>20-01-21 20:54:44:225</time></pt><pt><x>368</x><y>160</y><time>20-01-21 20:54:45:683</time></pt><pt><x>369</x><y>159</y><time>20-01-21 20:54:46:272</time></pt><pt><x>370</x><y>157</y><time>20-01-21 20:54:46:798</time></pt><pt><x>371</x><y>155</y><time>20-01-21 20:54:47:431</time></pt><pt><x>373</x><y>153</y><time>20-01-21 20:54:47:948</time></pt><pt><x>377</x><y>147</y><time>20-01-21 20:54:49:259</time></pt><pt><x>378</x><y>145</y><time>20-01-21 20:54:49:843</time></pt><pt><x>378</x><y>143</y><time>20-01-21 20:54:50:299</time></pt><pt><x>379</x><y>140</y><time>20-01-21 20:54:50:803</time></pt><pt><x>382</x><y>131</y><time>20-01-21 20:54:52:040</time></pt><pt><x>383</x><y>129</y><time>20-01-21 20:54:52:659</time></pt><pt><x>384</x><y>126</y><time>20-01-21 20:54:53:287</time></pt><pt><x>384</x><y>124</y><time>20-01-21 20:54:53:927</time></pt><pt><x>386</x><y>120</y><time>20-01-21 20:54:55:201</time></pt><pt><x>387</x><y>117</y><time>20-01-21 20:54:55:851</time></pt><pt><x>387</x><y>115</y><time>20-01-21 20:54:56:372</time></pt><pt><x>388</x><y>113</y><time>20-01-21 20:54:56:755</time></pt><pt><x>388</x><y>112</y><time>20-01-21 20:54:57:199</time></pt><pt><x>388</x><y>111</y><time>20-01-21 20:54:57:520</time></pt><pt><x>387</x><y>111</y><time>20-01-21 20:54:57:733</time></pt><pt><x>385</x><y>112</y><time>20-01-21 20:54:57:929</time></pt><pt><x>384</x><y>113</y><time>20-01-21 20:54:58:111</time></pt><pt><x>383</x><y>113</y><time>20-01-21 20:54:58:338</time></pt><pt><x>382</x><y>113</y><time>20-01-21 20:54:58:550</time></pt><pt><x>381</x><y>112</y><time>20-01-21 20:54:58:953</time></pt><closed_date>20-01-21 20:54:59:699</closed_date></polygon></object></annotation>