<annotation><filename>frame0057.jpg</filename><folder>users/lab605//7hao/human_20210119_4</folder><source><submittedBy>lab605</submittedBy></source><imagesize><nrows>480</nrows><ncols>640</ncols></imagesize><object><name>person</name><deleted>0</deleted><verified>0</verified><occluded>no</occluded><attributes></attributes><parts><hasparts></hasparts><ispartof></ispartof></parts><date>25-01-21 21:33:01:065</date><id>0</id><polygon><username>7hao</username><pt><x>356</x><y>79</y><time>25-01-21 21:31:57:426</time></pt><pt><x>353</x><y>75</y><time>25-01-21 21:31:57:814</time></pt><pt><x>348</x><y>72</y><time>25-01-21 21:31:58:474</time></pt><pt><x>343</x><y>70</y><time>25-01-21 21:31:58:787</time></pt><pt><x>336</x><y>70</y><time>25-01-21 21:31:59:110</time></pt><pt><x>334</x><y>72</y><time>25-01-21 21:31:59:346</time></pt><pt><x>332</x><y>75</y><time>25-01-21 21:31:59:544</time></pt><pt><x>330</x><y>77</y><time>25-01-21 21:31:59:890</time></pt><pt><x>327</x><y>79</y><time>25-01-21 21:32:00:238</time></pt><pt><x>325</x><y>83</y><time>25-01-21 21:32:00:579</time></pt><pt><x>325</x><y>88</y><time>25-01-21 21:32:00:756</time></pt><pt><x>326</x><y>92</y><time>25-01-21 21:32:00:928</time></pt><pt><x>328</x><y>95</y><time>25-01-21 21:32:01:140</time></pt><pt><x>329</x><y>97</y><time>25-01-21 21:32:01:329</time></pt><pt><x>330</x><y>99</y><time>25-01-21 21:32:01:486</time></pt><pt><x>328</x><y>101</y><time>25-01-21 21:32:01:643</time></pt><pt><x>324</x><y>105</y><time>25-01-21 21:32:01:886</time></pt><pt><x>320</x><y>110</y><time>25-01-21 21:32:02:210</time></pt><pt><x>316</x><y>116</y><time>25-01-21 21:32:02:554</time></pt><pt><x>314</x><y>125</y><time>25-01-21 21:32:02:932</time></pt><pt><x>312</x><y>131</y><time>25-01-21 21:32:03:263</time></pt><pt><x>311</x><y>143</y><time>25-01-21 21:32:06:118</time></pt><pt><x>312</x><y>149</y><time>25-01-21 21:32:06:394</time></pt><pt><x>312</x><y>154</y><time>25-01-21 21:32:06:567</time></pt><pt><x>312</x><y>160</y><time>25-01-21 21:32:06:811</time></pt><pt><x>311</x><y>164</y><time>25-01-21 21:32:06:974</time></pt><pt><x>310</x><y>169</y><time>25-01-21 21:32:07:164</time></pt><pt><x>310</x><y>173</y><time>25-01-21 21:32:07:432</time></pt><pt><x>309</x><y>184</y><time>25-01-21 21:32:08:695</time></pt><pt><x>311</x><y>190</y><time>25-01-21 21:32:09:043</time></pt><pt><x>313</x><y>203</y><time>25-01-21 21:32:10:372</time></pt><pt><x>314</x><y>209</y><time>25-01-21 21:32:10:553</time></pt><pt><x>315</x><y>223</y><time>25-01-21 21:32:13:172</time></pt><pt><x>315</x><y>227</y><time>25-01-21 21:32:13:368</time></pt><pt><x>314</x><y>231</y><time>25-01-21 21:32:13:556</time></pt><pt><x>312</x><y>234</y><time>25-01-21 21:32:13:731</time></pt><pt><x>309</x><y>254</y><time>25-01-21 21:32:14:870</time></pt><pt><x>309</x><y>260</y><time>25-01-21 21:32:15:091</time></pt><pt><x>309</x><y>263</y><time>25-01-21 21:32:15:224</time></pt><pt><x>309</x><y>269</y><time>25-01-21 21:32:15:514</time></pt><pt><x>310</x><y>273</y><time>25-01-21 21:32:15:758</time></pt><pt><x>310</x><y>276</y><time>25-01-21 21:32:15:970</time></pt><pt><x>309</x><y>279</y><time>25-01-21 21:32:16:130</time></pt><pt><x>309</x><y>280</y><time>25-01-21 21:32:16:296</time></pt><pt><x>306</x><y>286</y><time>25-01-21 21:32:16:796</time></pt><pt><x>305</x><y>290</y><time>25-01-21 21:32:17:756</time></pt><pt><x>305</x><y>292</y><time>25-01-21 21:32:18:009</time></pt><pt><x>308</x><y>294</y><time>25-01-21 21:32:18:590</time></pt><pt><x>314</x><y>294</y><time>25-01-21 21:32:18:880</time></pt><pt><x>318</x><y>294</y><time>25-01-21 21:32:19:085</time></pt><pt><x>323</x><y>293</y><time>25-01-21 21:32:19:305</time></pt><pt><x>328</x><y>293</y><time>25-01-21 21:32:19:488</time></pt><pt><x>332</x><y>293</y><time>25-01-21 21:32:19:674</time></pt><pt><x>334</x><y>293</y><time>25-01-21 21:32:19:934</time></pt><pt><x>338</x><y>294</y><time>25-01-21 21:32:20:171</time></pt><pt><x>343</x><y>294</y><time>25-01-21 21:32:20:494</time></pt><pt><x>348</x><y>295</y><time>25-01-21 21:32:20:768</time></pt><pt><x>359</x><y>295</y><time>25-01-21 21:32:22:906</time></pt><pt><x>366</x><y>295</y><time>25-01-21 21:32:23:220</time></pt><pt><x>368</x><y>293</y><time>25-01-21 21:32:23:426</time></pt><pt><x>369</x><y>291</y><time>25-01-21 21:32:23:645</time></pt><pt><x>369</x><y>290</y><time>25-01-21 21:32:23:896</time></pt><pt><x>366</x><y>287</y><time>25-01-21 21:32:24:094</time></pt><pt><x>361</x><y>287</y><time>25-01-21 21:32:24:265</time></pt><pt><x>358</x><y>286</y><time>25-01-21 21:32:24:456</time></pt><pt><x>354</x><y>284</y><time>25-01-21 21:32:24:652</time></pt><pt><x>353</x><y>282</y><time>25-01-21 21:32:24:832</time></pt><pt><x>352</x><y>277</y><time>25-01-21 21:32:25:132</time></pt><pt><x>352</x><y>272</y><time>25-01-21 21:32:25:384</time></pt><pt><x>352</x><y>266</y><time>25-01-21 21:32:25:618</time></pt><pt><x>353</x><y>259</y><time>25-01-21 21:32:25:846</time></pt><pt><x>354</x><y>253</y><time>25-01-21 21:32:26:208</time></pt><pt><x>356</x><y>246</y><time>25-01-21 21:32:26:610</time></pt><pt><x>361</x><y>236</y><time>25-01-21 21:32:27:937</time></pt><pt><x>361</x><y>232</y><time>25-01-21 21:32:28:199</time></pt><pt><x>361</x><y>227</y><time>25-01-21 21:32:28:332</time></pt><pt><x>361</x><y>220</y><time>25-01-21 21:32:28:630</time></pt><pt><x>360</x><y>215</y><time>25-01-21 21:32:28:850</time></pt><pt><x>358</x><y>198</y><time>25-01-21 21:32:30:086</time></pt><pt><x>359</x><y>197</y><time>25-01-21 21:32:30:330</time></pt><pt><x>360</x><y>196</y><time>25-01-21 21:32:30:478</time></pt><pt><x>362</x><y>196</y><time>25-01-21 21:32:30:692</time></pt><pt><x>363</x><y>193</y><time>25-01-21 21:32:30:848</time></pt><pt><x>363</x><y>190</y><time>25-01-21 21:32:31:014</time></pt><pt><x>364</x><y>186</y><time>25-01-21 21:32:31:178</time></pt><pt><x>363</x><y>184</y><time>25-01-21 21:32:31:344</time></pt><pt><x>360</x><y>182</y><time>25-01-21 21:32:31:548</time></pt><pt><x>358</x><y>180</y><time>25-01-21 21:32:31:721</time></pt><pt><x>358</x><y>177</y><time>25-01-21 21:32:31:902</time></pt><pt><x>358</x><y>172</y><time>25-01-21 21:32:32:123</time></pt><pt><x>353</x><y>153</y><time>25-01-21 21:32:33:341</time></pt><pt><x>352</x><y>149</y><time>25-01-21 21:32:33:546</time></pt><pt><x>351</x><y>145</y><time>25-01-21 21:32:33:725</time></pt><pt><x>351</x><y>140</y><time>25-01-21 21:32:33:917</time></pt><pt><x>351</x><y>135</y><time>25-01-21 21:32:34:104</time></pt><pt><x>351</x><y>130</y><time>25-01-21 21:32:34:355</time></pt><pt><x>350</x><y>119</y><time>25-01-21 21:32:35:536</time></pt><pt><x>350</x><y>115</y><time>25-01-21 21:32:35:718</time></pt><pt><x>350</x><y>110</y><time>25-01-21 21:32:35:883</time></pt><pt><x>350</x><y>108</y><time>25-01-21 21:32:36:094</time></pt><pt><x>351</x><y>107</y><time>25-01-21 21:32:36:306</time></pt><pt><x>352</x><y>106</y><time>25-01-21 21:32:36:464</time></pt><pt><x>353</x><y>104</y><time>25-01-21 21:32:36:636</time></pt><pt><x>354</x><y>101</y><time>25-01-21 21:32:36:818</time></pt><pt><x>355</x><y>98</y><time>25-01-21 21:32:36:982</time></pt><pt><x>357</x><y>95</y><time>25-01-21 21:32:37:320</time></pt><pt><x>357</x><y>94</y><time>25-01-21 21:32:37:494</time></pt><pt><x>357</x><y>92</y><time>25-01-21 21:32:37:667</time></pt><pt><x>356</x><y>91</y><time>25-01-21 21:32:37:893</time></pt><pt><x>356</x><y>89</y><time>25-01-21 21:32:38:068</time></pt><pt><x>356</x><y>87</y><time>25-01-21 21:32:38:241</time></pt><pt><x>358</x><y>86</y><time>25-01-21 21:32:38:428</time></pt><pt><x>359</x><y>85</y><time>25-01-21 21:32:38:663</time></pt><pt><x>359</x><y>84</y><time>25-01-21 21:32:38:837</time></pt><pt><x>359</x><y>82</y><time>25-01-21 21:32:39:041</time></pt><pt><x>357</x><y>81</y><time>25-01-21 21:32:39:238</time></pt><closed_date>25-01-21 21:32:39:659</closed_date></polygon></object><object><name>person</name><deleted>0</deleted><verified>0</verified><occluded>no</occluded><attributes></attributes><parts><hasparts></hasparts><ispartof></ispartof></parts><date>25-01-21 21:34:18:113</date><id>1</id><polygon><username>7hao</username><pt><x>416</x><y>20</y><time>25-01-21 21:33:05:696</time></pt><pt><x>416</x><y>17</y><time>25-01-21 21:33:05:990</time></pt><pt><x>418</x><y>14</y><time>25-01-21 21:33:06:226</time></pt><pt><x>422</x><y>6</y><time>25-01-21 21:33:07:304</time></pt><pt><x>422</x><y>3</y><time>25-01-21 21:33:07:679</time></pt><pt><x>422</x><y>1</y><time>25-01-21 21:33:08:073</time></pt><pt><x>422</x><y>0</y><time>25-01-21 21:33:09:489</time></pt><pt><x>388</x><y>0</y><time>25-01-21 21:33:10:873</time></pt><pt><x>387</x><y>3</y><time>25-01-21 21:33:11:314</time></pt><pt><x>387</x><y>5</y><time>25-01-21 21:33:11:504</time></pt><pt><x>387</x><y>6</y><time>25-01-21 21:33:11:659</time></pt><pt><x>386</x><y>8</y><time>25-01-21 21:33:11:912</time></pt><pt><x>385</x><y>10</y><time>25-01-21 21:33:12:092</time></pt><pt><x>385</x><y>12</y><time>25-01-21 21:33:12:258</time></pt><pt><x>385</x><y>14</y><time>25-01-21 21:33:12:408</time></pt><pt><x>385</x><y>16</y><time>25-01-21 21:33:12:564</time></pt><pt><x>384</x><y>18</y><time>25-01-21 21:33:12:722</time></pt><pt><x>385</x><y>20</y><time>25-01-21 21:33:12:880</time></pt><pt><x>386</x><y>23</y><time>25-01-21 21:33:13:044</time></pt><pt><x>386</x><y>26</y><time>25-01-21 21:33:13:226</time></pt><pt><x>386</x><y>29</y><time>25-01-21 21:33:13:390</time></pt><pt><x>386</x><y>33</y><time>25-01-21 21:33:13:657</time></pt><pt><x>387</x><y>34</y><time>25-01-21 21:33:13:838</time></pt><pt><x>390</x><y>35</y><time>25-01-21 21:33:13:995</time></pt><pt><x>394</x><y>35</y><time>25-01-21 21:33:14:167</time></pt><pt><x>396</x><y>35</y><time>25-01-21 21:33:14:380</time></pt><pt><x>398</x><y>39</y><time>25-01-21 21:33:14:750</time></pt><pt><x>396</x><y>42</y><time>25-01-21 21:33:14:924</time></pt><pt><x>394</x><y>46</y><time>25-01-21 21:33:15:096</time></pt><pt><x>390</x><y>54</y><time>25-01-21 21:33:15:563</time></pt><pt><x>388</x><y>60</y><time>25-01-21 21:33:15:946</time></pt><pt><x>384</x><y>76</y><time>25-01-21 21:33:17:180</time></pt><pt><x>383</x><y>83</y><time>25-01-21 21:33:17:472</time></pt><pt><x>383</x><y>88</y><time>25-01-21 21:33:17:644</time></pt><pt><x>383</x><y>93</y><time>25-01-21 21:33:17:802</time></pt><pt><x>384</x><y>99</y><time>25-01-21 21:33:17:982</time></pt><pt><x>379</x><y>109</y><time>25-01-21 21:33:21:678</time></pt><pt><x>378</x><y>116</y><time>25-01-21 21:33:21:877</time></pt><pt><x>378</x><y>123</y><time>25-01-21 21:33:22:031</time></pt><pt><x>377</x><y>131</y><time>25-01-21 21:33:22:220</time></pt><pt><x>376</x><y>137</y><time>25-01-21 21:33:22:418</time></pt><pt><x>378</x><y>143</y><time>25-01-21 21:33:22:708</time></pt><pt><x>381</x><y>148</y><time>25-01-21 21:33:23:998</time></pt><pt><x>381</x><y>150</y><time>25-01-21 21:33:24:131</time></pt><pt><x>380</x><y>154</y><time>25-01-21 21:33:24:281</time></pt><pt><x>379</x><y>158</y><time>25-01-21 21:33:24:400</time></pt><pt><x>378</x><y>162</y><time>25-01-21 21:33:24:541</time></pt><pt><x>377</x><y>170</y><time>25-01-21 21:33:24:776</time></pt><pt><x>378</x><y>178</y><time>25-01-21 21:33:24:980</time></pt><pt><x>378</x><y>183</y><time>25-01-21 21:33:25:171</time></pt><pt><x>377</x><y>196</y><time>25-01-21 21:33:26:217</time></pt><pt><x>377</x><y>201</y><time>25-01-21 21:33:26:397</time></pt><pt><x>381</x><y>225</y><time>25-01-21 21:33:27:756</time></pt><pt><x>382</x><y>228</y><time>25-01-21 21:33:27:906</time></pt><pt><x>384</x><y>231</y><time>25-01-21 21:33:28:088</time></pt><pt><x>388</x><y>235</y><time>25-01-21 21:33:28:300</time></pt><pt><x>393</x><y>237</y><time>25-01-21 21:33:28:473</time></pt><pt><x>397</x><y>240</y><time>25-01-21 21:33:28:645</time></pt><pt><x>398</x><y>244</y><time>25-01-21 21:33:28:960</time></pt><pt><x>398</x><y>247</y><time>25-01-21 21:33:29:141</time></pt><pt><x>397</x><y>255</y><time>25-01-21 21:33:29:416</time></pt><pt><x>400</x><y>271</y><time>25-01-21 21:33:30:825</time></pt><pt><x>401</x><y>274</y><time>25-01-21 21:33:31:019</time></pt><pt><x>402</x><y>280</y><time>25-01-21 21:33:31:178</time></pt><pt><x>402</x><y>283</y><time>25-01-21 21:33:31:318</time></pt><pt><x>401</x><y>288</y><time>25-01-21 21:33:31:484</time></pt><pt><x>400</x><y>292</y><time>25-01-21 21:33:31:673</time></pt><pt><x>397</x><y>295</y><time>25-01-21 21:33:32:979</time></pt><pt><x>396</x><y>297</y><time>25-01-21 21:33:33:152</time></pt><pt><x>395</x><y>300</y><time>25-01-21 21:33:33:300</time></pt><pt><x>393</x><y>302</y><time>25-01-21 21:33:33:457</time></pt><pt><x>390</x><y>305</y><time>25-01-21 21:33:33:694</time></pt><pt><x>384</x><y>307</y><time>25-01-21 21:33:33:970</time></pt><pt><x>380</x><y>309</y><time>25-01-21 21:33:34:182</time></pt><pt><x>374</x><y>311</y><time>25-01-21 21:33:34:536</time></pt><pt><x>370</x><y>312</y><time>25-01-21 21:33:34:764</time></pt><pt><x>368</x><y>314</y><time>25-01-21 21:33:34:912</time></pt><pt><x>368</x><y>316</y><time>25-01-21 21:33:35:086</time></pt><pt><x>372</x><y>319</y><time>25-01-21 21:33:35:284</time></pt><pt><x>378</x><y>320</y><time>25-01-21 21:33:35:461</time></pt><pt><x>386</x><y>320</y><time>25-01-21 21:33:35:714</time></pt><pt><x>400</x><y>320</y><time>25-01-21 21:33:36:006</time></pt><pt><x>408</x><y>319</y><time>25-01-21 21:33:36:367</time></pt><pt><x>419</x><y>319</y><time>25-01-21 21:33:38:570</time></pt><pt><x>421</x><y>319</y><time>25-01-21 21:33:38:813</time></pt><pt><x>422</x><y>318</y><time>25-01-21 21:33:38:961</time></pt><pt><x>422</x><y>316</y><time>25-01-21 21:33:39:119</time></pt><pt><x>422</x><y>314</y><time>25-01-21 21:33:39:253</time></pt><pt><x>422</x><y>309</y><time>25-01-21 21:33:39:459</time></pt><pt><x>421</x><y>305</y><time>25-01-21 21:33:39:654</time></pt><pt><x>420</x><y>302</y><time>25-01-21 21:33:39:821</time></pt><pt><x>418</x><y>300</y><time>25-01-21 21:33:39:978</time></pt><pt><x>416</x><y>297</y><time>25-01-21 21:33:40:150</time></pt><pt><x>416</x><y>292</y><time>25-01-21 21:33:40:339</time></pt><pt><x>415</x><y>284</y><time>25-01-21 21:33:40:616</time></pt><pt><x>418</x><y>269</y><time>25-01-21 21:33:42:031</time></pt><pt><x>418</x><y>266</y><time>25-01-21 21:33:42:218</time></pt><pt><x>419</x><y>262</y><time>25-01-21 21:33:42:422</time></pt><pt><x>420</x><y>260</y><time>25-01-21 21:33:42:547</time></pt><pt><x>422</x><y>260</y><time>25-01-21 21:33:42:707</time></pt><pt><x>424</x><y>260</y><time>25-01-21 21:33:42:832</time></pt><pt><x>427</x><y>261</y><time>25-01-21 21:33:43:137</time></pt><pt><x>429</x><y>262</y><time>25-01-21 21:33:43:288</time></pt><pt><x>431</x><y>263</y><time>25-01-21 21:33:43:452</time></pt><pt><x>433</x><y>265</y><time>25-01-21 21:33:43:641</time></pt><pt><x>435</x><y>268</y><time>25-01-21 21:33:43:781</time></pt><pt><x>437</x><y>270</y><time>25-01-21 21:33:43:948</time></pt><pt><x>439</x><y>272</y><time>25-01-21 21:33:44:103</time></pt><pt><x>441</x><y>276</y><time>25-01-21 21:33:47:384</time></pt><pt><x>441</x><y>280</y><time>25-01-21 21:33:47:541</time></pt><pt><x>442</x><y>284</y><time>25-01-21 21:33:47:689</time></pt><pt><x>442</x><y>291</y><time>25-01-21 21:33:48:697</time></pt><pt><x>441</x><y>295</y><time>25-01-21 21:33:48:871</time></pt><pt><x>440</x><y>298</y><time>25-01-21 21:33:49:020</time></pt><pt><x>438</x><y>301</y><time>25-01-21 21:33:49:159</time></pt><pt><x>437</x><y>303</y><time>25-01-21 21:33:49:309</time></pt><pt><x>436</x><y>305</y><time>25-01-21 21:33:49:428</time></pt><pt><x>436</x><y>307</y><time>25-01-21 21:33:49:553</time></pt><pt><x>438</x><y>308</y><time>25-01-21 21:33:49:727</time></pt><pt><x>441</x><y>309</y><time>25-01-21 21:33:49:924</time></pt><pt><x>446</x><y>309</y><time>25-01-21 21:33:50:136</time></pt><pt><x>451</x><y>304</y><time>25-01-21 21:33:50:324</time></pt><pt><x>455</x><y>301</y><time>25-01-21 21:33:50:506</time></pt><pt><x>458</x><y>296</y><time>25-01-21 21:33:50:686</time></pt><pt><x>462</x><y>291</y><time>25-01-21 21:33:50:889</time></pt><pt><x>465</x><y>285</y><time>25-01-21 21:33:51:158</time></pt><pt><x>468</x><y>282</y><time>25-01-21 21:33:51:417</time></pt><pt><x>471</x><y>281</y><time>25-01-21 21:33:51:605</time></pt><pt><x>475</x><y>275</y><time>25-01-21 21:33:53:791</time></pt><pt><x>474</x><y>272</y><time>25-01-21 21:33:53:990</time></pt><pt><x>472</x><y>270</y><time>25-01-21 21:33:54:121</time></pt><pt><x>466</x><y>268</y><time>25-01-21 21:33:54:398</time></pt><pt><x>454</x><y>263</y><time>25-01-21 21:33:54:971</time></pt><pt><x>450</x><y>262</y><time>25-01-21 21:33:55:270</time></pt><pt><x>444</x><y>255</y><time>25-01-21 21:33:56:536</time></pt><pt><x>434</x><y>246</y><time>25-01-21 21:33:56:858</time></pt><pt><x>430</x><y>239</y><time>25-01-21 21:33:57:204</time></pt><pt><x>424</x><y>231</y><time>25-01-21 21:33:59:854</time></pt><pt><x>421</x><y>230</y><time>25-01-21 21:34:00:042</time></pt><pt><x>419</x><y>229</y><time>25-01-21 21:34:00:301</time></pt><pt><x>418</x><y>224</y><time>25-01-21 21:34:00:718</time></pt><pt><x>417</x><y>220</y><time>25-01-21 21:34:01:017</time></pt><pt><x>418</x><y>206</y><time>25-01-21 21:34:02:166</time></pt><pt><x>422</x><y>179</y><time>25-01-21 21:34:03:549</time></pt><pt><x>423</x><y>172</y><time>25-01-21 21:34:03:778</time></pt><pt><x>426</x><y>164</y><time>25-01-21 21:34:04:115</time></pt><pt><x>429</x><y>161</y><time>25-01-21 21:34:04:382</time></pt><pt><x>434</x><y>151</y><time>25-01-21 21:34:05:373</time></pt><pt><x>436</x><y>146</y><time>25-01-21 21:34:05:956</time></pt><pt><x>437</x><y>143</y><time>25-01-21 21:34:06:112</time></pt><pt><x>436</x><y>140</y><time>25-01-21 21:34:06:326</time></pt><pt><x>435</x><y>137</y><time>25-01-21 21:34:06:514</time></pt><pt><x>436</x><y>130</y><time>25-01-21 21:34:08:313</time></pt><pt><x>436</x><y>128</y><time>25-01-21 21:34:08:541</time></pt><pt><x>437</x><y>125</y><time>25-01-21 21:34:08:691</time></pt><pt><x>436</x><y>124</y><time>25-01-21 21:34:08:841</time></pt><pt><x>434</x><y>121</y><time>25-01-21 21:34:09:054</time></pt><pt><x>434</x><y>114</y><time>25-01-21 21:34:09:265</time></pt><pt><x>433</x><y>107</y><time>25-01-21 21:34:09:445</time></pt><pt><x>433</x><y>100</y><time>25-01-21 21:34:09:643</time></pt><pt><x>434</x><y>93</y><time>25-01-21 21:34:10:019</time></pt><pt><x>435</x><y>77</y><time>25-01-21 21:34:11:137</time></pt><pt><x>435</x><y>60</y><time>25-01-21 21:34:11:940</time></pt><pt><x>435</x><y>56</y><time>25-01-21 21:34:12:221</time></pt><pt><x>436</x><y>53</y><time>25-01-21 21:34:12:388</time></pt><pt><x>439</x><y>49</y><time>25-01-21 21:34:12:559</time></pt><pt><x>439</x><y>45</y><time>25-01-21 21:34:12:743</time></pt><pt><x>438</x><y>41</y><time>25-01-21 21:34:12:913</time></pt><pt><x>434</x><y>36</y><time>25-01-21 21:34:13:125</time></pt><pt><x>434</x><y>30</y><time>25-01-21 21:34:14:243</time></pt><pt><x>433</x><y>28</y><time>25-01-21 21:34:14:424</time></pt><pt><x>431</x><y>25</y><time>25-01-21 21:34:14:597</time></pt><pt><x>428</x><y>23</y><time>25-01-21 21:34:14:821</time></pt><pt><x>423</x><y>21</y><time>25-01-21 21:34:15:055</time></pt><pt><x>419</x><y>21</y><time>25-01-21 21:34:15:287</time></pt><closed_date>25-01-21 21:34:15:649</closed_date></polygon></object></annotation>