<annotation><filename>frame0011.jpg</filename><folder>users/lab605//7hao/human_20210119_4</folder><source><submittedBy>lab605</submittedBy></source><imagesize><nrows>480</nrows><ncols>640</ncols></imagesize><object><name>person</name><deleted>0</deleted><verified>0</verified><occluded>no</occluded><attributes></attributes><parts><hasparts></hasparts><ispartof></ispartof></parts><date>20-01-21 21:37:08:600</date><id>0</id><polygon><username>7hao</username><pt><x>479</x><y>30</y><time>20-01-21 21:35:40:243</time></pt><pt><x>476</x><y>29</y><time>20-01-21 21:35:40:501</time></pt><pt><x>474</x><y>30</y><time>20-01-21 21:35:40:746</time></pt><pt><x>472</x><y>31</y><time>20-01-21 21:35:40:949</time></pt><pt><x>469</x><y>33</y><time>20-01-21 21:35:41:179</time></pt><pt><x>466</x><y>34</y><time>20-01-21 21:35:41:390</time></pt><pt><x>464</x><y>35</y><time>20-01-21 21:35:41:565</time></pt><pt><x>464</x><y>37</y><time>20-01-21 21:35:41:719</time></pt><pt><x>463</x><y>45</y><time>20-01-21 21:35:45:300</time></pt><pt><x>463</x><y>47</y><time>20-01-21 21:35:45:544</time></pt><pt><x>464</x><y>50</y><time>20-01-21 21:35:45:740</time></pt><pt><x>464</x><y>52</y><time>20-01-21 21:35:45:913</time></pt><pt><x>463</x><y>55</y><time>20-01-21 21:35:46:084</time></pt><pt><x>464</x><y>57</y><time>20-01-21 21:35:46:252</time></pt><pt><x>465</x><y>59</y><time>20-01-21 21:35:46:440</time></pt><pt><x>467</x><y>60</y><time>20-01-21 21:35:46:660</time></pt><pt><x>468</x><y>60</y><time>20-01-21 21:35:46:810</time></pt><pt><x>469</x><y>63</y><time>20-01-21 21:35:46:984</time></pt><pt><x>469</x><y>66</y><time>20-01-21 21:35:47:212</time></pt><pt><x>468</x><y>66</y><time>20-01-21 21:35:47:383</time></pt><pt><x>465</x><y>67</y><time>20-01-21 21:35:47:564</time></pt><pt><x>463</x><y>67</y><time>20-01-21 21:35:47:745</time></pt><pt><x>461</x><y>68</y><time>20-01-21 21:35:47:911</time></pt><pt><x>455</x><y>71</y><time>20-01-21 21:35:49:004</time></pt><pt><x>450</x><y>74</y><time>20-01-21 21:35:49:281</time></pt><pt><x>447</x><y>75</y><time>20-01-21 21:35:49:484</time></pt><pt><x>441</x><y>80</y><time>20-01-21 21:35:49:822</time></pt><pt><x>439</x><y>82</y><time>20-01-21 21:35:49:994</time></pt><pt><x>438</x><y>85</y><time>20-01-21 21:35:50:168</time></pt><pt><x>438</x><y>89</y><time>20-01-21 21:35:50:340</time></pt><pt><x>438</x><y>92</y><time>20-01-21 21:35:50:514</time></pt><pt><x>437</x><y>93</y><time>20-01-21 21:35:50:766</time></pt><pt><x>434</x><y>105</y><time>20-01-21 21:35:51:718</time></pt><pt><x>433</x><y>111</y><time>20-01-21 21:35:51:913</time></pt><pt><x>433</x><y>117</y><time>20-01-21 21:35:52:119</time></pt><pt><x>433</x><y>122</y><time>20-01-21 21:35:52:340</time></pt><pt><x>433</x><y>126</y><time>20-01-21 21:35:52:528</time></pt><pt><x>434</x><y>147</y><time>20-01-21 21:35:53:470</time></pt><pt><x>434</x><y>153</y><time>20-01-21 21:35:53:684</time></pt><pt><x>435</x><y>157</y><time>20-01-21 21:35:53:850</time></pt><pt><x>436</x><y>162</y><time>20-01-21 21:35:54:054</time></pt><pt><x>438</x><y>165</y><time>20-01-21 21:35:54:258</time></pt><pt><x>440</x><y>169</y><time>20-01-21 21:35:54:454</time></pt><pt><x>442</x><y>172</y><time>20-01-21 21:35:54:649</time></pt><pt><x>443</x><y>174</y><time>20-01-21 21:35:54:870</time></pt><pt><x>443</x><y>189</y><time>20-01-21 21:35:56:168</time></pt><pt><x>443</x><y>194</y><time>20-01-21 21:35:56:352</time></pt><pt><x>444</x><y>198</y><time>20-01-21 21:35:56:562</time></pt><pt><x>444</x><y>201</y><time>20-01-21 21:35:56:717</time></pt><pt><x>442</x><y>217</y><time>20-01-21 21:35:57:686</time></pt><pt><x>442</x><y>222</y><time>20-01-21 21:35:57:860</time></pt><pt><x>441</x><y>226</y><time>20-01-21 21:35:58:016</time></pt><pt><x>441</x><y>229</y><time>20-01-21 21:35:58:182</time></pt><pt><x>440</x><y>233</y><time>20-01-21 21:35:58:353</time></pt><pt><x>438</x><y>238</y><time>20-01-21 21:35:58:520</time></pt><pt><x>436</x><y>248</y><time>20-01-21 21:35:59:465</time></pt><pt><x>435</x><y>253</y><time>20-01-21 21:35:59:621</time></pt><pt><x>434</x><y>257</y><time>20-01-21 21:35:59:769</time></pt><pt><x>432</x><y>262</y><time>20-01-21 21:35:59:936</time></pt><pt><x>432</x><y>267</y><time>20-01-21 21:36:00:107</time></pt><pt><x>432</x><y>270</y><time>20-01-21 21:36:00:298</time></pt><pt><x>431</x><y>274</y><time>20-01-21 21:36:03:117</time></pt><pt><x>430</x><y>277</y><time>20-01-21 21:36:03:302</time></pt><pt><x>431</x><y>279</y><time>20-01-21 21:36:03:463</time></pt><pt><x>430</x><y>283</y><time>20-01-21 21:36:03:608</time></pt><pt><x>429</x><y>285</y><time>20-01-21 21:36:03:791</time></pt><pt><x>428</x><y>288</y><time>20-01-21 21:36:03:964</time></pt><pt><x>428</x><y>290</y><time>20-01-21 21:36:04:112</time></pt><pt><x>427</x><y>294</y><time>20-01-21 21:36:04:284</time></pt><pt><x>425</x><y>296</y><time>20-01-21 21:36:04:435</time></pt><pt><x>424</x><y>299</y><time>20-01-21 21:36:04:662</time></pt><pt><x>424</x><y>302</y><time>20-01-21 21:36:04:875</time></pt><pt><x>424</x><y>303</y><time>20-01-21 21:36:05:087</time></pt><pt><x>428</x><y>305</y><time>20-01-21 21:36:05:425</time></pt><pt><x>432</x><y>306</y><time>20-01-21 21:36:05:708</time></pt><pt><x>435</x><y>307</y><time>20-01-21 21:36:05:943</time></pt><pt><x>440</x><y>308</y><time>20-01-21 21:36:06:974</time></pt><pt><x>441</x><y>307</y><time>20-01-21 21:36:07:234</time></pt><pt><x>441</x><y>304</y><time>20-01-21 21:36:07:472</time></pt><pt><x>440</x><y>302</y><time>20-01-21 21:36:07:612</time></pt><pt><x>441</x><y>298</y><time>20-01-21 21:36:07:808</time></pt><pt><x>441</x><y>296</y><time>20-01-21 21:36:07:987</time></pt><pt><x>441</x><y>293</y><time>20-01-21 21:36:08:170</time></pt><pt><x>441</x><y>290</y><time>20-01-21 21:36:08:335</time></pt><pt><x>441</x><y>289</y><time>20-01-21 21:36:08:477</time></pt><pt><x>442</x><y>286</y><time>20-01-21 21:36:08:627</time></pt><pt><x>442</x><y>285</y><time>20-01-21 21:36:08:768</time></pt><pt><x>443</x><y>283</y><time>20-01-21 21:36:08:924</time></pt><pt><x>443</x><y>281</y><time>20-01-21 21:36:09:034</time></pt><pt><x>446</x><y>277</y><time>20-01-21 21:36:09:358</time></pt><pt><x>447</x><y>275</y><time>20-01-21 21:36:09:616</time></pt><pt><x>447</x><y>273</y><time>20-01-21 21:36:09:712</time></pt><pt><x>448</x><y>272</y><time>20-01-21 21:36:09:954</time></pt><pt><x>456</x><y>250</y><time>20-01-21 21:36:11:133</time></pt><pt><x>457</x><y>247</y><time>20-01-21 21:36:11:402</time></pt><pt><x>457</x><y>244</y><time>20-01-21 21:36:11:568</time></pt><pt><x>458</x><y>241</y><time>20-01-21 21:36:11:723</time></pt><pt><x>459</x><y>238</y><time>20-01-21 21:36:11:915</time></pt><pt><x>464</x><y>224</y><time>20-01-21 21:36:15:334</time></pt><pt><x>465</x><y>221</y><time>20-01-21 21:36:15:593</time></pt><pt><x>466</x><y>219</y><time>20-01-21 21:36:15:782</time></pt><pt><x>467</x><y>216</y><time>20-01-21 21:36:16:326</time></pt><pt><x>467</x><y>212</y><time>20-01-21 21:36:16:556</time></pt><pt><x>467</x><y>211</y><time>20-01-21 21:36:16:758</time></pt><pt><x>469</x><y>205</y><time>20-01-21 21:36:17:607</time></pt><pt><x>470</x><y>203</y><time>20-01-21 21:36:17:845</time></pt><pt><x>470</x><y>201</y><time>20-01-21 21:36:18:032</time></pt><pt><x>470</x><y>199</y><time>20-01-21 21:36:18:235</time></pt><pt><x>470</x><y>203</y><time>20-01-21 21:36:18:613</time></pt><pt><x>471</x><y>206</y><time>20-01-21 21:36:18:820</time></pt><pt><x>471</x><y>208</y><time>20-01-21 21:36:19:009</time></pt><pt><x>471</x><y>210</y><time>20-01-21 21:36:19:274</time></pt><pt><x>471</x><y>211</y><time>20-01-21 21:36:19:457</time></pt><pt><x>471</x><y>214</y><time>20-01-21 21:36:19:643</time></pt><pt><x>471</x><y>216</y><time>20-01-21 21:36:19:828</time></pt><pt><x>471</x><y>219</y><time>20-01-21 21:36:19:990</time></pt><pt><x>471</x><y>222</y><time>20-01-21 21:36:20:179</time></pt><pt><x>471</x><y>224</y><time>20-01-21 21:36:20:329</time></pt><pt><x>471</x><y>232</y><time>20-01-21 21:36:21:280</time></pt><pt><x>472</x><y>236</y><time>20-01-21 21:36:21:572</time></pt><pt><x>472</x><y>239</y><time>20-01-21 21:36:21:737</time></pt><pt><x>473</x><y>242</y><time>20-01-21 21:36:21:895</time></pt><pt><x>473</x><y>244</y><time>20-01-21 21:36:22:049</time></pt><pt><x>473</x><y>246</y><time>20-01-21 21:36:22:224</time></pt><pt><x>473</x><y>248</y><time>20-01-21 21:36:22:387</time></pt><pt><x>472</x><y>262</y><time>20-01-21 21:36:23:334</time></pt><pt><x>472</x><y>266</y><time>20-01-21 21:36:23:554</time></pt><pt><x>472</x><y>270</y><time>20-01-21 21:36:23:736</time></pt><pt><x>472</x><y>272</y><time>20-01-21 21:36:23:893</time></pt><pt><x>473</x><y>276</y><time>20-01-21 21:36:24:065</time></pt><pt><x>473</x><y>279</y><time>20-01-21 21:36:24:260</time></pt><pt><x>473</x><y>283</y><time>20-01-21 21:36:24:444</time></pt><pt><x>473</x><y>285</y><time>20-01-21 21:36:24:614</time></pt><pt><x>473</x><y>287</y><time>20-01-21 21:36:24:782</time></pt><pt><x>475</x><y>295</y><time>20-01-21 21:36:26:005</time></pt><pt><x>476</x><y>298</y><time>20-01-21 21:36:26:204</time></pt><pt><x>476</x><y>302</y><time>20-01-21 21:36:26:400</time></pt><pt><x>476</x><y>306</y><time>20-01-21 21:36:26:684</time></pt><pt><x>475</x><y>308</y><time>20-01-21 21:36:26:898</time></pt><pt><x>474</x><y>310</y><time>20-01-21 21:36:27:069</time></pt><pt><x>474</x><y>313</y><time>20-01-21 21:36:27:275</time></pt><pt><x>475</x><y>315</y><time>20-01-21 21:36:27:532</time></pt><pt><x>478</x><y>316</y><time>20-01-21 21:36:27:768</time></pt><pt><x>481</x><y>316</y><time>20-01-21 21:36:27:967</time></pt><pt><x>484</x><y>316</y><time>20-01-21 21:36:28:170</time></pt><pt><x>486</x><y>316</y><time>20-01-21 21:36:28:399</time></pt><pt><x>489</x><y>316</y><time>20-01-21 21:36:28:602</time></pt><pt><x>491</x><y>316</y><time>20-01-21 21:36:28:751</time></pt><pt><x>494</x><y>316</y><time>20-01-21 21:36:28:955</time></pt><pt><x>496</x><y>314</y><time>20-01-21 21:36:29:124</time></pt><pt><x>499</x><y>313</y><time>20-01-21 21:36:29:257</time></pt><pt><x>501</x><y>312</y><time>20-01-21 21:36:29:413</time></pt><pt><x>499</x><y>307</y><time>20-01-21 21:36:29:765</time></pt><pt><x>499</x><y>306</y><time>20-01-21 21:36:29:986</time></pt><pt><x>496</x><y>303</y><time>20-01-21 21:36:30:277</time></pt><pt><x>494</x><y>302</y><time>20-01-21 21:36:30:517</time></pt><pt><x>492</x><y>300</y><time>20-01-21 21:36:30:734</time></pt><pt><x>491</x><y>298</y><time>20-01-21 21:36:30:884</time></pt><pt><x>491</x><y>294</y><time>20-01-21 21:36:31:103</time></pt><pt><x>491</x><y>292</y><time>20-01-21 21:36:31:277</time></pt><pt><x>492</x><y>290</y><time>20-01-21 21:36:31:472</time></pt><pt><x>493</x><y>288</y><time>20-01-21 21:36:31:662</time></pt><pt><x>494</x><y>286</y><time>20-01-21 21:36:31:805</time></pt><pt><x>493</x><y>280</y><time>20-01-21 21:36:32:659</time></pt><pt><x>492</x><y>276</y><time>20-01-21 21:36:32:866</time></pt><pt><x>493</x><y>274</y><time>20-01-21 21:36:33:023</time></pt><pt><x>494</x><y>272</y><time>20-01-21 21:36:33:179</time></pt><pt><x>494</x><y>269</y><time>20-01-21 21:36:33:360</time></pt><pt><x>493</x><y>266</y><time>20-01-21 21:36:33:579</time></pt><pt><x>494</x><y>265</y><time>20-01-21 21:36:33:753</time></pt><pt><x>498</x><y>250</y><time>20-01-21 21:36:34:849</time></pt><pt><x>497</x><y>247</y><time>20-01-21 21:36:35:068</time></pt><pt><x>496</x><y>244</y><time>20-01-21 21:36:35:232</time></pt><pt><x>495</x><y>241</y><time>20-01-21 21:36:35:413</time></pt><pt><x>495</x><y>238</y><time>20-01-21 21:36:35:534</time></pt><pt><x>495</x><y>234</y><time>20-01-21 21:36:35:805</time></pt><pt><x>497</x><y>223</y><time>20-01-21 21:36:36:877</time></pt><pt><x>499</x><y>218</y><time>20-01-21 21:36:37:067</time></pt><pt><x>500</x><y>213</y><time>20-01-21 21:36:37:302</time></pt><pt><x>501</x><y>207</y><time>20-01-21 21:36:37:608</time></pt><pt><x>503</x><y>193</y><time>20-01-21 21:36:38:586</time></pt><pt><x>503</x><y>189</y><time>20-01-21 21:36:38:804</time></pt><pt><x>504</x><y>184</y><time>20-01-21 21:36:39:000</time></pt><pt><x>504</x><y>180</y><time>20-01-21 21:36:39:197</time></pt><pt><x>506</x><y>160</y><time>20-01-21 21:36:40:126</time></pt><pt><x>506</x><y>153</y><time>20-01-21 21:36:40:345</time></pt><pt><x>505</x><y>149</y><time>20-01-21 21:36:40:536</time></pt><pt><x>505</x><y>146</y><time>20-01-21 21:36:40:660</time></pt><pt><x>505</x><y>144</y><time>20-01-21 21:36:40:872</time></pt><pt><x>504</x><y>141</y><time>20-01-21 21:36:41:393</time></pt><pt><x>505</x><y>138</y><time>20-01-21 21:36:41:574</time></pt><pt><x>505</x><y>134</y><time>20-01-21 21:36:41:761</time></pt><pt><x>505</x><y>133</y><time>20-01-21 21:36:41:959</time></pt><pt><x>504</x><y>130</y><time>20-01-21 21:36:42:186</time></pt><pt><x>503</x><y>127</y><time>20-01-21 21:36:42:462</time></pt><pt><x>503</x><y>125</y><time>20-01-21 21:36:42:690</time></pt><pt><x>503</x><y>120</y><time>20-01-21 21:36:43:628</time></pt><pt><x>503</x><y>116</y><time>20-01-21 21:36:43:805</time></pt><pt><x>503</x><y>115</y><time>20-01-21 21:36:44:018</time></pt><pt><x>506</x><y>117</y><time>20-01-21 21:36:44:240</time></pt><pt><x>506</x><y>119</y><time>20-01-21 21:36:44:422</time></pt><pt><x>507</x><y>122</y><time>20-01-21 21:36:44:592</time></pt><pt><x>508</x><y>125</y><time>20-01-21 21:36:44:782</time></pt><pt><x>510</x><y>128</y><time>20-01-21 21:36:44:946</time></pt><pt><x>511</x><y>132</y><time>20-01-21 21:36:45:114</time></pt><pt><x>512</x><y>134</y><time>20-01-21 21:36:45:300</time></pt><pt><x>522</x><y>158</y><time>20-01-21 21:36:47:628</time></pt><pt><x>526</x><y>167</y><time>20-01-21 21:36:48:675</time></pt><pt><x>528</x><y>171</y><time>20-01-21 21:36:48:896</time></pt><pt><x>528</x><y>174</y><time>20-01-21 21:36:49:070</time></pt><pt><x>528</x><y>177</y><time>20-01-21 21:36:49:226</time></pt><pt><x>527</x><y>178</y><time>20-01-21 21:36:49:382</time></pt><pt><x>527</x><y>182</y><time>20-01-21 21:36:49:540</time></pt><pt><x>528</x><y>185</y><time>20-01-21 21:36:49:706</time></pt><pt><x>529</x><y>187</y><time>20-01-21 21:36:49:903</time></pt><pt><x>530</x><y>189</y><time>20-01-21 21:36:50:098</time></pt><pt><x>530</x><y>191</y><time>20-01-21 21:36:50:264</time></pt><pt><x>530</x><y>192</y><time>20-01-21 21:36:50:484</time></pt><pt><x>534</x><y>192</y><time>20-01-21 21:36:50:663</time></pt><pt><x>537</x><y>191</y><time>20-01-21 21:36:50:853</time></pt><pt><x>539</x><y>190</y><time>20-01-21 21:36:51:041</time></pt><pt><x>539</x><y>186</y><time>20-01-21 21:36:51:207</time></pt><pt><x>540</x><y>184</y><time>20-01-21 21:36:51:342</time></pt><pt><x>540</x><y>181</y><time>20-01-21 21:36:51:497</time></pt><pt><x>539</x><y>178</y><time>20-01-21 21:36:51:664</time></pt><pt><x>537</x><y>175</y><time>20-01-21 21:36:51:822</time></pt><pt><x>538</x><y>173</y><time>20-01-21 21:36:52:026</time></pt><pt><x>538</x><y>168</y><time>20-01-21 21:36:52:213</time></pt><pt><x>537</x><y>165</y><time>20-01-21 21:36:52:387</time></pt><pt><x>534</x><y>140</y><time>20-01-21 21:36:53:324</time></pt><pt><x>530</x><y>130</y><time>20-01-21 21:36:53:599</time></pt><pt><x>529</x><y>122</y><time>20-01-21 21:36:54:259</time></pt><pt><x>519</x><y>87</y><time>20-01-21 21:36:55:431</time></pt><pt><x>514</x><y>78</y><time>20-01-21 21:36:55:769</time></pt><pt><x>511</x><y>75</y><time>20-01-21 21:36:56:051</time></pt><pt><x>504</x><y>71</y><time>20-01-21 21:36:56:478</time></pt><pt><x>497</x><y>70</y><time>20-01-21 21:36:56:888</time></pt><pt><x>492</x><y>68</y><time>20-01-21 21:36:57:309</time></pt><pt><x>492</x><y>66</y><time>20-01-21 21:36:57:649</time></pt><pt><x>493</x><y>64</y><time>20-01-21 21:36:57:972</time></pt><pt><x>497</x><y>55</y><time>20-01-21 21:36:59:043</time></pt><pt><x>497</x><y>51</y><time>20-01-21 21:36:59:402</time></pt><pt><x>498</x><y>48</y><time>20-01-21 21:36:59:600</time></pt><pt><x>500</x><y>45</y><time>20-01-21 21:36:59:811</time></pt><pt><x>501</x><y>43</y><time>20-01-21 21:37:00:007</time></pt><pt><x>501</x><y>38</y><time>20-01-21 21:37:00:538</time></pt><pt><x>500</x><y>35</y><time>20-01-21 21:37:00:732</time></pt><pt><x>497</x><y>31</y><time>20-01-21 21:37:00:927</time></pt><pt><x>494</x><y>29</y><time>20-01-21 21:37:01:123</time></pt><pt><x>492</x><y>28</y><time>20-01-21 21:37:01:329</time></pt><pt><x>488</x><y>27</y><time>20-01-21 21:37:01:532</time></pt><pt><x>486</x><y>26</y><time>20-01-21 21:37:01:721</time></pt><pt><x>484</x><y>26</y><time>20-01-21 21:37:01:880</time></pt><pt><x>481</x><y>28</y><time>20-01-21 21:37:05:042</time></pt><pt><x>480</x><y>29</y><time>20-01-21 21:37:05:401</time></pt><closed_date>20-01-21 21:37:05:924</closed_date></polygon></object><object><name>person</name><deleted>0</deleted><verified>0</verified><occluded>no</occluded><attributes></attributes><parts><hasparts></hasparts><ispartof></ispartof></parts><date>20-01-21 21:38:12:513</date><id>1</id><polygon><username>7hao</username><pt><x>254</x><y>86</y><time>20-01-21 21:37:15:985</time></pt><pt><x>249</x><y>87</y><time>20-01-21 21:37:16:233</time></pt><pt><x>247</x><y>88</y><time>20-01-21 21:37:16:448</time></pt><pt><x>244</x><y>89</y><time>20-01-21 21:37:16:626</time></pt><pt><x>242</x><y>90</y><time>20-01-21 21:37:16:792</time></pt><pt><x>240</x><y>92</y><time>20-01-21 21:37:16:940</time></pt><pt><x>240</x><y>95</y><time>20-01-21 21:37:17:132</time></pt><pt><x>240</x><y>100</y><time>20-01-21 21:37:17:334</time></pt><pt><x>239</x><y>103</y><time>20-01-21 21:37:17:507</time></pt><pt><x>239</x><y>106</y><time>20-01-21 21:37:17:687</time></pt><pt><x>240</x><y>110</y><time>20-01-21 21:37:17:900</time></pt><pt><x>240</x><y>112</y><time>20-01-21 21:37:18:066</time></pt><pt><x>239</x><y>114</y><time>20-01-21 21:37:18:270</time></pt><pt><x>237</x><y>116</y><time>20-01-21 21:37:18:443</time></pt><pt><x>235</x><y>120</y><time>20-01-21 21:37:19:481</time></pt><pt><x>235</x><y>121</y><time>20-01-21 21:37:19:637</time></pt><pt><x>232</x><y>122</y><time>20-01-21 21:37:19:858</time></pt><pt><x>229</x><y>123</y><time>20-01-21 21:37:20:040</time></pt><pt><x>226</x><y>124</y><time>20-01-21 21:37:20:213</time></pt><pt><x>225</x><y>126</y><time>20-01-21 21:37:20:370</time></pt><pt><x>224</x><y>129</y><time>20-01-21 21:37:20:536</time></pt><pt><x>222</x><y>133</y><time>20-01-21 21:37:20:716</time></pt><pt><x>222</x><y>136</y><time>20-01-21 21:37:20:887</time></pt><pt><x>215</x><y>161</y><time>20-01-21 21:37:21:903</time></pt><pt><x>214</x><y>165</y><time>20-01-21 21:37:22:101</time></pt><pt><x>213</x><y>169</y><time>20-01-21 21:37:22:275</time></pt><pt><x>210</x><y>175</y><time>20-01-21 21:37:22:502</time></pt><pt><x>207</x><y>178</y><time>20-01-21 21:37:22:767</time></pt><pt><x>207</x><y>181</y><time>20-01-21 21:37:22:957</time></pt><pt><x>207</x><y>184</y><time>20-01-21 21:37:23:170</time></pt><pt><x>205</x><y>186</y><time>20-01-21 21:37:23:375</time></pt><pt><x>202</x><y>193</y><time>20-01-21 21:37:24:294</time></pt><pt><x>203</x><y>196</y><time>20-01-21 21:37:24:470</time></pt><pt><x>204</x><y>200</y><time>20-01-21 21:37:24:664</time></pt><pt><x>205</x><y>202</y><time>20-01-21 21:37:24:845</time></pt><pt><x>208</x><y>200</y><time>20-01-21 21:37:25:041</time></pt><pt><x>210</x><y>198</y><time>20-01-21 21:37:25:222</time></pt><pt><x>210</x><y>196</y><time>20-01-21 21:37:25:397</time></pt><pt><x>210</x><y>194</y><time>20-01-21 21:37:25:537</time></pt><pt><x>209</x><y>191</y><time>20-01-21 21:37:25:780</time></pt><pt><x>210</x><y>189</y><time>20-01-21 21:37:25:970</time></pt><pt><x>211</x><y>186</y><time>20-01-21 21:37:26:128</time></pt><pt><x>215</x><y>183</y><time>20-01-21 21:37:26:292</time></pt><pt><x>217</x><y>180</y><time>20-01-21 21:37:26:450</time></pt><pt><x>219</x><y>177</y><time>20-01-21 21:37:26:638</time></pt><pt><x>222</x><y>172</y><time>20-01-21 21:37:26:993</time></pt><pt><x>224</x><y>174</y><time>20-01-21 21:37:27:338</time></pt><pt><x>222</x><y>177</y><time>20-01-21 21:37:27:505</time></pt><pt><x>222</x><y>180</y><time>20-01-21 21:37:27:652</time></pt><pt><x>223</x><y>182</y><time>20-01-21 21:37:27:809</time></pt><pt><x>222</x><y>185</y><time>20-01-21 21:37:27:959</time></pt><pt><x>220</x><y>187</y><time>20-01-21 21:37:28:107</time></pt><pt><x>220</x><y>190</y><time>20-01-21 21:37:28:242</time></pt><pt><x>219</x><y>192</y><time>20-01-21 21:37:28:392</time></pt><pt><x>219</x><y>194</y><time>20-01-21 21:37:28:503</time></pt><pt><x>219</x><y>197</y><time>20-01-21 21:37:28:636</time></pt><pt><x>221</x><y>199</y><time>20-01-21 21:37:28:855</time></pt><pt><x>222</x><y>207</y><time>20-01-21 21:37:30:013</time></pt><pt><x>221</x><y>212</y><time>20-01-21 21:37:30:208</time></pt><pt><x>221</x><y>218</y><time>20-01-21 21:37:30:416</time></pt><pt><x>223</x><y>239</y><time>20-01-21 21:37:31:396</time></pt><pt><x>222</x><y>244</y><time>20-01-21 21:37:31:631</time></pt><pt><x>222</x><y>249</y><time>20-01-21 21:37:31:821</time></pt><pt><x>221</x><y>257</y><time>20-01-21 21:37:32:214</time></pt><pt><x>222</x><y>261</y><time>20-01-21 21:37:32:500</time></pt><pt><x>224</x><y>264</y><time>20-01-21 21:37:32:726</time></pt><pt><x>224</x><y>267</y><time>20-01-21 21:37:32:908</time></pt><pt><x>224</x><y>276</y><time>20-01-21 21:37:33:921</time></pt><pt><x>222</x><y>279</y><time>20-01-21 21:37:34:133</time></pt><pt><x>221</x><y>281</y><time>20-01-21 21:37:34:317</time></pt><pt><x>219</x><y>283</y><time>20-01-21 21:37:34:520</time></pt><pt><x>216</x><y>284</y><time>20-01-21 21:37:34:718</time></pt><pt><x>214</x><y>284</y><time>20-01-21 21:37:34:911</time></pt><pt><x>211</x><y>286</y><time>20-01-21 21:37:35:274</time></pt><pt><x>211</x><y>289</y><time>20-01-21 21:37:35:509</time></pt><pt><x>215</x><y>291</y><time>20-01-21 21:37:35:770</time></pt><pt><x>221</x><y>291</y><time>20-01-21 21:37:36:075</time></pt><pt><x>228</x><y>291</y><time>20-01-21 21:37:36:351</time></pt><pt><x>239</x><y>291</y><time>20-01-21 21:37:36:722</time></pt><pt><x>243</x><y>289</y><time>20-01-21 21:37:37:068</time></pt><pt><x>241</x><y>286</y><time>20-01-21 21:37:37:330</time></pt><pt><x>240</x><y>284</y><time>20-01-21 21:37:37:491</time></pt><pt><x>241</x><y>281</y><time>20-01-21 21:37:37:674</time></pt><pt><x>242</x><y>280</y><time>20-01-21 21:37:37:837</time></pt><pt><x>242</x><y>277</y><time>20-01-21 21:37:38:036</time></pt><pt><x>241</x><y>273</y><time>20-01-21 21:37:38:199</time></pt><pt><x>242</x><y>259</y><time>20-01-21 21:37:39:310</time></pt><pt><x>243</x><y>254</y><time>20-01-21 21:37:39:588</time></pt><pt><x>242</x><y>250</y><time>20-01-21 21:37:39:931</time></pt><pt><x>242</x><y>246</y><time>20-01-21 21:37:40:098</time></pt><pt><x>243</x><y>244</y><time>20-01-21 21:37:40:246</time></pt><pt><x>243</x><y>240</y><time>20-01-21 21:37:40:451</time></pt><pt><x>242</x><y>237</y><time>20-01-21 21:37:40:637</time></pt><pt><x>242</x><y>234</y><time>20-01-21 21:37:40:812</time></pt><pt><x>242</x><y>232</y><time>20-01-21 21:37:40:991</time></pt><pt><x>244</x><y>233</y><time>20-01-21 21:37:41:260</time></pt><pt><x>246</x><y>235</y><time>20-01-21 21:37:41:472</time></pt><pt><x>248</x><y>239</y><time>20-01-21 21:37:41:661</time></pt><pt><x>250</x><y>242</y><time>20-01-21 21:37:41:858</time></pt><pt><x>251</x><y>245</y><time>20-01-21 21:37:42:016</time></pt><pt><x>253</x><y>248</y><time>20-01-21 21:37:42:213</time></pt><pt><x>253</x><y>252</y><time>20-01-21 21:37:42:424</time></pt><pt><x>254</x><y>258</y><time>20-01-21 21:37:42:684</time></pt><pt><x>255</x><y>262</y><time>20-01-21 21:37:42:990</time></pt><pt><x>256</x><y>264</y><time>20-01-21 21:37:43:266</time></pt><pt><x>257</x><y>268</y><time>20-01-21 21:37:43:519</time></pt><pt><x>257</x><y>272</y><time>20-01-21 21:37:43:912</time></pt><pt><x>260</x><y>276</y><time>20-01-21 21:37:44:888</time></pt><pt><x>263</x><y>279</y><time>20-01-21 21:37:45:106</time></pt><pt><x>265</x><y>282</y><time>20-01-21 21:37:45:273</time></pt><pt><x>267</x><y>287</y><time>20-01-21 21:37:45:510</time></pt><pt><x>270</x><y>289</y><time>20-01-21 21:37:45:729</time></pt><pt><x>274</x><y>288</y><time>20-01-21 21:37:45:939</time></pt><pt><x>276</x><y>287</y><time>20-01-21 21:37:46:160</time></pt><pt><x>278</x><y>284</y><time>20-01-21 21:37:46:395</time></pt><pt><x>278</x><y>280</y><time>20-01-21 21:37:46:599</time></pt><pt><x>277</x><y>277</y><time>20-01-21 21:37:46:781</time></pt><pt><x>275</x><y>275</y><time>20-01-21 21:37:47:020</time></pt><pt><x>273</x><y>273</y><time>20-01-21 21:37:47:229</time></pt><pt><x>273</x><y>271</y><time>20-01-21 21:37:47:411</time></pt><pt><x>273</x><y>268</y><time>20-01-21 21:37:47:600</time></pt><pt><x>271</x><y>263</y><time>20-01-21 21:37:47:811</time></pt><pt><x>267</x><y>253</y><time>20-01-21 21:37:48:983</time></pt><pt><x>267</x><y>249</y><time>20-01-21 21:37:49:165</time></pt><pt><x>267</x><y>245</y><time>20-01-21 21:37:49:354</time></pt><pt><x>267</x><y>240</y><time>20-01-21 21:37:49:559</time></pt><pt><x>266</x><y>236</y><time>20-01-21 21:37:49:770</time></pt><pt><x>264</x><y>224</y><time>20-01-21 21:37:50:833</time></pt><pt><x>263</x><y>221</y><time>20-01-21 21:37:51:044</time></pt><pt><x>264</x><y>218</y><time>20-01-21 21:37:51:217</time></pt><pt><x>264</x><y>214</y><time>20-01-21 21:37:51:446</time></pt><pt><x>263</x><y>208</y><time>20-01-21 21:37:52:570</time></pt><pt><x>263</x><y>204</y><time>20-01-21 21:37:52:800</time></pt><pt><x>264</x><y>201</y><time>20-01-21 21:37:53:011</time></pt><pt><x>264</x><y>200</y><time>20-01-21 21:37:53:176</time></pt><pt><x>263</x><y>188</y><time>20-01-21 21:37:54:213</time></pt><pt><x>264</x><y>186</y><time>20-01-21 21:37:54:405</time></pt><pt><x>266</x><y>184</y><time>20-01-21 21:37:54:591</time></pt><pt><x>267</x><y>182</y><time>20-01-21 21:37:54:765</time></pt><pt><x>266</x><y>177</y><time>20-01-21 21:37:55:190</time></pt><pt><x>267</x><y>175</y><time>20-01-21 21:37:55:474</time></pt><pt><x>267</x><y>174</y><time>20-01-21 21:37:55:677</time></pt><pt><x>268</x><y>173</y><time>20-01-21 21:37:55:881</time></pt><pt><x>268</x><y>174</y><time>20-01-21 21:37:56:125</time></pt><pt><x>269</x><y>176</y><time>20-01-21 21:37:56:291</time></pt><pt><x>269</x><y>178</y><time>20-01-21 21:37:56:448</time></pt><pt><x>269</x><y>181</y><time>20-01-21 21:37:56:645</time></pt><pt><x>269</x><y>183</y><time>20-01-21 21:37:56:810</time></pt><pt><x>270</x><y>186</y><time>20-01-21 21:37:56:968</time></pt><pt><x>270</x><y>188</y><time>20-01-21 21:37:57:123</time></pt><pt><x>269</x><y>190</y><time>20-01-21 21:37:57:281</time></pt><pt><x>269</x><y>192</y><time>20-01-21 21:37:57:431</time></pt><pt><x>268</x><y>194</y><time>20-01-21 21:37:57:603</time></pt><pt><x>268</x><y>196</y><time>20-01-21 21:37:57:753</time></pt><pt><x>269</x><y>198</y><time>20-01-21 21:37:57:921</time></pt><pt><x>270</x><y>199</y><time>20-01-21 21:37:58:148</time></pt><pt><x>273</x><y>198</y><time>20-01-21 21:37:58:369</time></pt><pt><x>274</x><y>197</y><time>20-01-21 21:37:58:582</time></pt><pt><x>276</x><y>196</y><time>20-01-21 21:37:58:744</time></pt><pt><x>278</x><y>195</y><time>20-01-21 21:37:58:927</time></pt><pt><x>278</x><y>193</y><time>20-01-21 21:37:59:097</time></pt><pt><x>279</x><y>191</y><time>20-01-21 21:37:59:264</time></pt><pt><x>279</x><y>188</y><time>20-01-21 21:37:59:422</time></pt><pt><x>279</x><y>187</y><time>20-01-21 21:37:59:604</time></pt><pt><x>280</x><y>184</y><time>20-01-21 21:37:59:891</time></pt><pt><x>280</x><y>180</y><time>20-01-21 21:38:00:106</time></pt><pt><x>280</x><y>177</y><time>20-01-21 21:38:00:498</time></pt><pt><x>278</x><y>160</y><time>20-01-21 21:38:01:520</time></pt><pt><x>276</x><y>149</y><time>20-01-21 21:38:01:906</time></pt><pt><x>274</x><y>143</y><time>20-01-21 21:38:02:244</time></pt><pt><x>271</x><y>129</y><time>20-01-21 21:38:03:297</time></pt><pt><x>270</x><y>125</y><time>20-01-21 21:38:03:542</time></pt><pt><x>269</x><y>121</y><time>20-01-21 21:38:03:753</time></pt><pt><x>269</x><y>118</y><time>20-01-21 21:38:03:945</time></pt><pt><x>267</x><y>117</y><time>20-01-21 21:38:04:149</time></pt><pt><x>262</x><y>116</y><time>20-01-21 21:38:04:321</time></pt><pt><x>259</x><y>116</y><time>20-01-21 21:38:04:526</time></pt><pt><x>256</x><y>117</y><time>20-01-21 21:38:04:707</time></pt><pt><x>256</x><y>115</y><time>20-01-21 21:38:04:959</time></pt><pt><x>257</x><y>114</y><time>20-01-21 21:38:05:138</time></pt><pt><x>257</x><y>113</y><time>20-01-21 21:38:05:327</time></pt><pt><x>258</x><y>112</y><time>20-01-21 21:38:05:572</time></pt><pt><x>260</x><y>111</y><time>20-01-21 21:38:05:783</time></pt><pt><x>261</x><y>109</y><time>20-01-21 21:38:05:978</time></pt><pt><x>262</x><y>107</y><time>20-01-21 21:38:06:190</time></pt><pt><x>262</x><y>105</y><time>20-01-21 21:38:06:410</time></pt><pt><x>261</x><y>104</y><time>20-01-21 21:38:06:586</time></pt><pt><x>260</x><y>103</y><time>20-01-21 21:38:06:773</time></pt><pt><x>263</x><y>100</y><time>20-01-21 21:38:08:378</time></pt><pt><x>263</x><y>96</y><time>20-01-21 21:38:08:608</time></pt><pt><x>262</x><y>93</y><time>20-01-21 21:38:08:827</time></pt><pt><x>261</x><y>91</y><time>20-01-21 21:38:09:007</time></pt><pt><x>259</x><y>89</y><time>20-01-21 21:38:09:204</time></pt><pt><x>257</x><y>88</y><time>20-01-21 21:38:09:393</time></pt><pt><x>256</x><y>87</y><time>20-01-21 21:38:09:621</time></pt><closed_date>20-01-21 21:38:09:905</closed_date></polygon></object><object><name>person</name><deleted>0</deleted><verified>0</verified><occluded>no</occluded><attributes></attributes><parts><hasparts></hasparts><ispartof></ispartof></parts><date>20-01-21 21:39:03:940</date><id>2</id><polygon><username>7hao</username><pt><x>425</x><y>135</y><time>20-01-21 21:38:19:777</time></pt><pt><x>423</x><y>137</y><time>20-01-21 21:38:20:116</time></pt><pt><x>423</x><y>138</y><time>20-01-21 21:38:20:321</time></pt><pt><x>423</x><y>140</y><time>20-01-21 21:38:20:491</time></pt><pt><x>423</x><y>142</y><time>20-01-21 21:38:20:665</time></pt><pt><x>423</x><y>143</y><time>20-01-21 21:38:20:845</time></pt><pt><x>423</x><y>146</y><time>20-01-21 21:38:21:027</time></pt><pt><x>422</x><y>148</y><time>20-01-21 21:38:21:217</time></pt><pt><x>422</x><y>149</y><time>20-01-21 21:38:21:382</time></pt><pt><x>422</x><y>169</y><time>20-01-21 21:38:22:562</time></pt><pt><x>422</x><y>175</y><time>20-01-21 21:38:22:883</time></pt><pt><x>422</x><y>180</y><time>20-01-21 21:38:23:197</time></pt><pt><x>423</x><y>182</y><time>20-01-21 21:38:23:483</time></pt><pt><x>423</x><y>184</y><time>20-01-21 21:38:23:751</time></pt><pt><x>423</x><y>186</y><time>20-01-21 21:38:23:929</time></pt><pt><x>422</x><y>187</y><time>20-01-21 21:38:24:109</time></pt><pt><x>422</x><y>190</y><time>20-01-21 21:38:24:317</time></pt><pt><x>425</x><y>197</y><time>20-01-21 21:38:25:407</time></pt><pt><x>426</x><y>200</y><time>20-01-21 21:38:25:613</time></pt><pt><x>428</x><y>203</y><time>20-01-21 21:38:25:818</time></pt><pt><x>430</x><y>205</y><time>20-01-21 21:38:26:013</time></pt><pt><x>431</x><y>208</y><time>20-01-21 21:38:26:258</time></pt><pt><x>431</x><y>211</y><time>20-01-21 21:38:26:456</time></pt><pt><x>431</x><y>214</y><time>20-01-21 21:38:26:645</time></pt><pt><x>431</x><y>216</y><time>20-01-21 21:38:26:832</time></pt><pt><x>431</x><y>219</y><time>20-01-21 21:38:27:028</time></pt><pt><x>431</x><y>227</y><time>20-01-21 21:38:27:981</time></pt><pt><x>430</x><y>231</y><time>20-01-21 21:38:28:223</time></pt><pt><x>429</x><y>235</y><time>20-01-21 21:38:28:389</time></pt><pt><x>428</x><y>240</y><time>20-01-21 21:38:28:634</time></pt><pt><x>428</x><y>244</y><time>20-01-21 21:38:28:847</time></pt><pt><x>428</x><y>248</y><time>20-01-21 21:38:29:217</time></pt><pt><x>428</x><y>250</y><time>20-01-21 21:38:29:428</time></pt><pt><x>426</x><y>253</y><time>20-01-21 21:38:30:985</time></pt><pt><x>423</x><y>255</y><time>20-01-21 21:38:31:174</time></pt><pt><x>420</x><y>259</y><time>20-01-21 21:38:31:552</time></pt><pt><x>417</x><y>260</y><time>20-01-21 21:38:31:755</time></pt><pt><x>416</x><y>262</y><time>20-01-21 21:38:31:937</time></pt><pt><x>416</x><y>265</y><time>20-01-21 21:38:32:133</time></pt><pt><x>418</x><y>267</y><time>20-01-21 21:38:32:323</time></pt><pt><x>421</x><y>270</y><time>20-01-21 21:38:32:519</time></pt><pt><x>422</x><y>271</y><time>20-01-21 21:38:32:724</time></pt><pt><x>423</x><y>273</y><time>20-01-21 21:38:32:951</time></pt><pt><x>423</x><y>275</y><time>20-01-21 21:38:33:147</time></pt><pt><x>425</x><y>277</y><time>20-01-21 21:38:33:359</time></pt><pt><x>427</x><y>277</y><time>20-01-21 21:38:33:595</time></pt><pt><x>429</x><y>277</y><time>20-01-21 21:38:33:981</time></pt><pt><x>430</x><y>274</y><time>20-01-21 21:38:34:774</time></pt><pt><x>430</x><y>272</y><time>20-01-21 21:38:35:432</time></pt><pt><x>431</x><y>270</y><time>20-01-21 21:38:35:918</time></pt><pt><x>431</x><y>267</y><time>20-01-21 21:38:36:373</time></pt><pt><x>431</x><y>264</y><time>20-01-21 21:38:36:757</time></pt><pt><x>431</x><y>262</y><time>20-01-21 21:38:37:214</time></pt><pt><x>431</x><y>260</y><time>20-01-21 21:38:37:671</time></pt><pt><x>433</x><y>257</y><time>20-01-21 21:38:38:104</time></pt><pt><x>436</x><y>245</y><time>20-01-21 21:38:39:707</time></pt><pt><x>437</x><y>237</y><time>20-01-21 21:38:41:375</time></pt><pt><x>438</x><y>234</y><time>20-01-21 21:38:42:184</time></pt><pt><x>439</x><y>231</y><time>20-01-21 21:38:42:713</time></pt><pt><x>440</x><y>228</y><time>20-01-21 21:38:43:231</time></pt><pt><x>440</x><y>225</y><time>20-01-21 21:38:43:681</time></pt><pt><x>441</x><y>222</y><time>20-01-21 21:38:44:764</time></pt><pt><x>442</x><y>210</y><time>20-01-21 21:38:46:356</time></pt><pt><x>442</x><y>205</y><time>20-01-21 21:38:47:385</time></pt><pt><x>443</x><y>201</y><time>20-01-21 21:38:48:045</time></pt><pt><x>443</x><y>198</y><time>20-01-21 21:38:48:604</time></pt><pt><x>442</x><y>195</y><time>20-01-21 21:38:49:265</time></pt><pt><x>442</x><y>193</y><time>20-01-21 21:38:49:769</time></pt><pt><x>442</x><y>174</y><time>20-01-21 21:38:51:484</time></pt><pt><x>440</x><y>171</y><time>20-01-21 21:38:52:372</time></pt><pt><x>436</x><y>163</y><time>20-01-21 21:38:53:545</time></pt><pt><x>434</x><y>157</y><time>20-01-21 21:38:54:663</time></pt><pt><x>433</x><y>154</y><time>20-01-21 21:38:55:591</time></pt><pt><x>432</x><y>141</y><time>20-01-21 21:38:57:683</time></pt><pt><x>432</x><y>136</y><time>20-01-21 21:38:58:784</time></pt><pt><x>432</x><y>132</y><time>20-01-21 21:38:59:326</time></pt><pt><x>432</x><y>130</y><time>20-01-21 21:38:59:672</time></pt><pt><x>431</x><y>129</y><time>20-01-21 21:38:59:940</time></pt><pt><x>429</x><y>129</y><time>20-01-21 21:39:00:128</time></pt><pt><x>428</x><y>130</y><time>20-01-21 21:39:00:351</time></pt><pt><x>426</x><y>132</y><time>20-01-21 21:39:00:555</time></pt><pt><x>425</x><y>133</y><time>20-01-21 21:39:00:804</time></pt><closed_date>20-01-21 21:39:01:308</closed_date></polygon></object></annotation>