<annotation><filename>frame0041.jpg</filename><folder>users/lab605//7hao/human_20210119_4</folder><source><submittedBy>lab605</submittedBy></source><imagesize><nrows>480</nrows><ncols>640</ncols></imagesize><object><name>person</name><deleted>0</deleted><verified>0</verified><occluded>no</occluded><attributes></attributes><parts><hasparts></hasparts><ispartof></ispartof></parts><date>25-01-21 20:02:50:266</date><id>0</id><polygon><username>7hao</username><pt><x>346</x><y>71</y><time>25-01-21 20:01:37:016</time></pt><pt><x>342</x><y>69</y><time>25-01-21 20:01:37:369</time></pt><pt><x>337</x><y>68</y><time>25-01-21 20:01:37:675</time></pt><pt><x>332</x><y>68</y><time>25-01-21 20:01:37:983</time></pt><pt><x>328</x><y>70</y><time>25-01-21 20:01:38:187</time></pt><pt><x>325</x><y>73</y><time>25-01-21 20:01:38:509</time></pt><pt><x>323</x><y>77</y><time>25-01-21 20:01:38:801</time></pt><pt><x>323</x><y>80</y><time>25-01-21 20:01:38:990</time></pt><pt><x>321</x><y>81</y><time>25-01-21 20:01:39:633</time></pt><pt><x>321</x><y>84</y><time>25-01-21 20:01:39:823</time></pt><pt><x>322</x><y>85</y><time>25-01-21 20:01:39:996</time></pt><pt><x>322</x><y>88</y><time>25-01-21 20:01:40:292</time></pt><pt><x>322</x><y>91</y><time>25-01-21 20:01:40:499</time></pt><pt><x>323</x><y>97</y><time>25-01-21 20:01:41:048</time></pt><pt><x>327</x><y>100</y><time>25-01-21 20:01:41:386</time></pt><pt><x>328</x><y>100</y><time>25-01-21 20:01:41:630</time></pt><pt><x>329</x><y>100</y><time>25-01-21 20:01:44:824</time></pt><pt><x>329</x><y>103</y><time>25-01-21 20:01:45:114</time></pt><pt><x>329</x><y>105</y><time>25-01-21 20:01:45:311</time></pt><pt><x>329</x><y>107</y><time>25-01-21 20:01:45:688</time></pt><pt><x>329</x><y>109</y><time>25-01-21 20:01:45:861</time></pt><pt><x>327</x><y>112</y><time>25-01-21 20:01:46:261</time></pt><pt><x>323</x><y>119</y><time>25-01-21 20:01:46:843</time></pt><pt><x>321</x><y>132</y><time>25-01-21 20:01:48:543</time></pt><pt><x>322</x><y>140</y><time>25-01-21 20:01:48:897</time></pt><pt><x>323</x><y>145</y><time>25-01-21 20:01:49:134</time></pt><pt><x>324</x><y>148</y><time>25-01-21 20:01:49:533</time></pt><pt><x>323</x><y>153</y><time>25-01-21 20:01:50:005</time></pt><pt><x>320</x><y>163</y><time>25-01-21 20:01:51:687</time></pt><pt><x>319</x><y>168</y><time>25-01-21 20:01:52:096</time></pt><pt><x>317</x><y>174</y><time>25-01-21 20:01:52:444</time></pt><pt><x>316</x><y>182</y><time>25-01-21 20:01:52:838</time></pt><pt><x>314</x><y>189</y><time>25-01-21 20:01:54:243</time></pt><pt><x>313</x><y>192</y><time>25-01-21 20:01:54:399</time></pt><pt><x>316</x><y>196</y><time>25-01-21 20:01:54:573</time></pt><pt><x>317</x><y>198</y><time>25-01-21 20:01:54:795</time></pt><pt><x>320</x><y>198</y><time>25-01-21 20:01:55:155</time></pt><pt><x>321</x><y>198</y><time>25-01-21 20:01:55:343</time></pt><pt><x>323</x><y>200</y><time>25-01-21 20:01:55:509</time></pt><pt><x>324</x><y>204</y><time>25-01-21 20:01:55:910</time></pt><pt><x>324</x><y>208</y><time>25-01-21 20:01:56:399</time></pt><pt><x>324</x><y>218</y><time>25-01-21 20:01:57:601</time></pt><pt><x>325</x><y>222</y><time>25-01-21 20:01:57:883</time></pt><pt><x>326</x><y>227</y><time>25-01-21 20:01:58:175</time></pt><pt><x>332</x><y>244</y><time>25-01-21 20:01:59:723</time></pt><pt><x>334</x><y>247</y><time>25-01-21 20:02:00:053</time></pt><pt><x>335</x><y>250</y><time>25-01-21 20:02:00:233</time></pt><pt><x>335</x><y>253</y><time>25-01-21 20:02:00:462</time></pt><pt><x>336</x><y>257</y><time>25-01-21 20:02:01:177</time></pt><pt><x>336</x><y>259</y><time>25-01-21 20:02:01:376</time></pt><pt><x>337</x><y>260</y><time>25-01-21 20:02:01:555</time></pt><pt><x>337</x><y>262</y><time>25-01-21 20:02:01:735</time></pt><pt><x>337</x><y>265</y><time>25-01-21 20:02:01:910</time></pt><pt><x>337</x><y>266</y><time>25-01-21 20:02:02:081</time></pt><pt><x>337</x><y>268</y><time>25-01-21 20:02:02:285</time></pt><pt><x>337</x><y>270</y><time>25-01-21 20:02:02:468</time></pt><pt><x>336</x><y>273</y><time>25-01-21 20:02:02:806</time></pt><pt><x>333</x><y>276</y><time>25-01-21 20:02:03:167</time></pt><pt><x>330</x><y>279</y><time>25-01-21 20:02:03:749</time></pt><pt><x>326</x><y>280</y><time>25-01-21 20:02:04:173</time></pt><pt><x>322</x><y>280</y><time>25-01-21 20:02:04:535</time></pt><pt><x>320</x><y>280</y><time>25-01-21 20:02:04:865</time></pt><pt><x>320</x><y>282</y><time>25-01-21 20:02:05:227</time></pt><pt><x>322</x><y>284</y><time>25-01-21 20:02:05:574</time></pt><pt><x>326</x><y>285</y><time>25-01-21 20:02:07:073</time></pt><pt><x>327</x><y>285</y><time>25-01-21 20:02:13:057</time></pt><pt><x>329</x><y>286</y><time>25-01-21 20:02:13:317</time></pt><pt><x>330</x><y>287</y><time>25-01-21 20:02:13:717</time></pt><pt><x>332</x><y>288</y><time>25-01-21 20:02:13:931</time></pt><pt><x>337</x><y>288</y><time>25-01-21 20:02:14:315</time></pt><pt><x>344</x><y>287</y><time>25-01-21 20:02:14:819</time></pt><pt><x>351</x><y>285</y><time>25-01-21 20:02:15:251</time></pt><pt><x>360</x><y>280</y><time>25-01-21 20:02:17:743</time></pt><pt><x>361</x><y>277</y><time>25-01-21 20:02:20:433</time></pt><pt><x>361</x><y>275</y><time>25-01-21 20:02:20:613</time></pt><pt><x>360</x><y>271</y><time>25-01-21 20:02:20:809</time></pt><pt><x>358</x><y>265</y><time>25-01-21 20:02:21:109</time></pt><pt><x>353</x><y>248</y><time>25-01-21 20:02:23:059</time></pt><pt><x>350</x><y>237</y><time>25-01-21 20:02:23:373</time></pt><pt><x>347</x><y>228</y><time>25-01-21 20:02:23:735</time></pt><pt><x>346</x><y>221</y><time>25-01-21 20:02:23:978</time></pt><pt><x>346</x><y>213</y><time>25-01-21 20:02:24:339</time></pt><pt><x>347</x><y>207</y><time>25-01-21 20:02:25:126</time></pt><pt><x>351</x><y>201</y><time>25-01-21 20:02:25:597</time></pt><pt><x>357</x><y>185</y><time>25-01-21 20:02:26:863</time></pt><pt><x>360</x><y>175</y><time>25-01-21 20:02:27:406</time></pt><pt><x>361</x><y>167</y><time>25-01-21 20:02:28:011</time></pt><pt><x>361</x><y>137</y><time>25-01-21 20:02:29:553</time></pt><pt><x>361</x><y>128</y><time>25-01-21 20:02:30:071</time></pt><pt><x>360</x><y>113</y><time>25-01-21 20:02:31:605</time></pt><pt><x>358</x><y>108</y><time>25-01-21 20:02:31:975</time></pt><pt><x>355</x><y>105</y><time>25-01-21 20:02:32:258</time></pt><pt><x>352</x><y>103</y><time>25-01-21 20:02:32:501</time></pt><pt><x>345</x><y>101</y><time>25-01-21 20:02:32:863</time></pt><pt><x>343</x><y>100</y><time>25-01-21 20:02:33:351</time></pt><pt><x>342</x><y>98</y><time>25-01-21 20:02:33:657</time></pt><pt><x>342</x><y>96</y><time>25-01-21 20:02:33:910</time></pt><pt><x>344</x><y>94</y><time>25-01-21 20:02:34:145</time></pt><pt><x>346</x><y>92</y><time>25-01-21 20:02:34:373</time></pt><pt><x>349</x><y>90</y><time>25-01-21 20:02:39:467</time></pt><pt><x>350</x><y>84</y><time>25-01-21 20:02:41:094</time></pt><pt><x>350</x><y>81</y><time>25-01-21 20:02:41:614</time></pt><pt><x>350</x><y>79</y><time>25-01-21 20:02:41:866</time></pt><pt><x>349</x><y>76</y><time>25-01-21 20:02:42:187</time></pt><pt><x>348</x><y>74</y><time>25-01-21 20:02:42:525</time></pt><pt><x>347</x><y>72</y><time>25-01-21 20:02:42:864</time></pt><closed_date>25-01-21 20:02:43:278</closed_date></polygon></object><object><name>person</name><deleted>0</deleted><verified>0</verified><occluded>no</occluded><attributes></attributes><parts><hasparts></hasparts><ispartof></ispartof></parts><date>25-01-21 20:04:40:739</date><id>1</id><polygon><username>7hao</username><pt><x>502</x><y>5</y><time>25-01-21 20:03:05:471</time></pt><pt><x>495</x><y>8</y><time>25-01-21 20:03:05:970</time></pt><pt><x>485</x><y>18</y><time>25-01-21 20:03:06:669</time></pt><pt><x>482</x><y>23</y><time>25-01-21 20:03:07:063</time></pt><pt><x>480</x><y>30</y><time>25-01-21 20:03:07:417</time></pt><pt><x>480</x><y>39</y><time>25-01-21 20:03:07:935</time></pt><pt><x>481</x><y>42</y><time>25-01-21 20:03:08:541</time></pt><pt><x>477</x><y>49</y><time>25-01-21 20:03:10:524</time></pt><pt><x>476</x><y>58</y><time>25-01-21 20:03:11:017</time></pt><pt><x>475</x><y>72</y><time>25-01-21 20:03:11:546</time></pt><pt><x>476</x><y>99</y><time>25-01-21 20:03:13:196</time></pt><pt><x>477</x><y>113</y><time>25-01-21 20:03:13:675</time></pt><pt><x>477</x><y>123</y><time>25-01-21 20:03:14:037</time></pt><pt><x>478</x><y>132</y><time>25-01-21 20:03:14:360</time></pt><pt><x>479</x><y>135</y><time>25-01-21 20:03:14:595</time></pt><pt><x>479</x><y>140</y><time>25-01-21 20:03:15:006</time></pt><pt><x>479</x><y>143</y><time>25-01-21 20:03:15:359</time></pt><pt><x>480</x><y>147</y><time>25-01-21 20:03:15:735</time></pt><pt><x>482</x><y>151</y><time>25-01-21 20:03:16:065</time></pt><pt><x>483</x><y>155</y><time>25-01-21 20:03:16:389</time></pt><pt><x>484</x><y>160</y><time>25-01-21 20:03:16:853</time></pt><pt><x>486</x><y>164</y><time>25-01-21 20:03:17:221</time></pt><pt><x>491</x><y>179</y><time>25-01-21 20:03:21:917</time></pt><pt><x>495</x><y>191</y><time>25-01-21 20:03:22:256</time></pt><pt><x>498</x><y>202</y><time>25-01-21 20:03:22:562</time></pt><pt><x>500</x><y>210</y><time>25-01-21 20:03:22:854</time></pt><pt><x>500</x><y>219</y><time>25-01-21 20:03:23:073</time></pt><pt><x>499</x><y>227</y><time>25-01-21 20:03:24:379</time></pt><pt><x>495</x><y>229</y><time>25-01-21 20:03:24:669</time></pt><pt><x>494</x><y>231</y><time>25-01-21 20:03:24:820</time></pt><pt><x>493</x><y>235</y><time>25-01-21 20:03:25:158</time></pt><pt><x>493</x><y>239</y><time>25-01-21 20:03:25:362</time></pt><pt><x>490</x><y>242</y><time>25-01-21 20:03:26:691</time></pt><pt><x>486</x><y>250</y><time>25-01-21 20:03:26:974</time></pt><pt><x>483</x><y>258</y><time>25-01-21 20:03:27:296</time></pt><pt><x>478</x><y>267</y><time>25-01-21 20:03:27:610</time></pt><pt><x>476</x><y>273</y><time>25-01-21 20:03:27:824</time></pt><pt><x>476</x><y>278</y><time>25-01-21 20:03:28:004</time></pt><pt><x>474</x><y>281</y><time>25-01-21 20:03:28:192</time></pt><pt><x>471</x><y>282</y><time>25-01-21 20:03:28:382</time></pt><pt><x>468</x><y>283</y><time>25-01-21 20:03:28:537</time></pt><pt><x>467</x><y>289</y><time>25-01-21 20:03:32:298</time></pt><pt><x>467</x><y>294</y><time>25-01-21 20:03:32:438</time></pt><pt><x>463</x><y>299</y><time>25-01-21 20:03:32:636</time></pt><pt><x>461</x><y>301</y><time>25-01-21 20:03:32:778</time></pt><pt><x>462</x><y>307</y><time>25-01-21 20:03:32:998</time></pt><pt><x>468</x><y>311</y><time>25-01-21 20:03:33:202</time></pt><pt><x>478</x><y>317</y><time>25-01-21 20:03:33:476</time></pt><pt><x>484</x><y>318</y><time>25-01-21 20:03:33:783</time></pt><pt><x>484</x><y>314</y><time>25-01-21 20:03:34:113</time></pt><pt><x>483</x><y>311</y><time>25-01-21 20:03:34:303</time></pt><pt><x>483</x><y>306</y><time>25-01-21 20:03:34:521</time></pt><pt><x>485</x><y>301</y><time>25-01-21 20:03:34:741</time></pt><pt><x>487</x><y>294</y><time>25-01-21 20:03:34:962</time></pt><pt><x>488</x><y>289</y><time>25-01-21 20:03:35:396</time></pt><pt><x>499</x><y>277</y><time>25-01-21 20:03:36:472</time></pt><pt><x>501</x><y>279</y><time>25-01-21 20:03:38:902</time></pt><pt><x>502</x><y>299</y><time>25-01-21 20:03:40:020</time></pt><pt><x>501</x><y>309</y><time>25-01-21 20:03:40:358</time></pt><pt><x>501</x><y>313</y><time>25-01-21 20:03:40:537</time></pt><pt><x>502</x><y>316</y><time>25-01-21 20:03:40:773</time></pt><pt><x>504</x><y>319</y><time>25-01-21 20:03:41:254</time></pt><pt><x>507</x><y>321</y><time>25-01-21 20:03:41:709</time></pt><pt><x>507</x><y>324</y><time>25-01-21 20:03:48:047</time></pt><pt><x>506</x><y>328</y><time>25-01-21 20:03:48:457</time></pt><pt><x>507</x><y>330</y><time>25-01-21 20:03:48:583</time></pt><pt><x>511</x><y>332</y><time>25-01-21 20:03:48:771</time></pt><pt><x>519</x><y>333</y><time>25-01-21 20:03:49:015</time></pt><pt><x>529</x><y>334</y><time>25-01-21 20:03:49:306</time></pt><pt><x>537</x><y>335</y><time>25-01-21 20:03:49:534</time></pt><pt><x>545</x><y>335</y><time>25-01-21 20:03:49:777</time></pt><pt><x>556</x><y>335</y><time>25-01-21 20:03:50:099</time></pt><pt><x>567</x><y>334</y><time>25-01-21 20:03:53:363</time></pt><pt><x>571</x><y>332</y><time>25-01-21 20:03:53:787</time></pt><pt><x>571</x><y>328</y><time>25-01-21 20:03:54:149</time></pt><pt><x>568</x><y>324</y><time>25-01-21 20:03:54:605</time></pt><pt><x>564</x><y>323</y><time>25-01-21 20:03:54:922</time></pt><pt><x>558</x><y>322</y><time>25-01-21 20:03:55:211</time></pt><pt><x>553</x><y>321</y><time>25-01-21 20:03:55:493</time></pt><pt><x>549</x><y>315</y><time>25-01-21 20:03:56:257</time></pt><pt><x>544</x><y>311</y><time>25-01-21 20:03:56:713</time></pt><pt><x>541</x><y>307</y><time>25-01-21 20:03:57:011</time></pt><pt><x>540</x><y>303</y><time>25-01-21 20:03:57:247</time></pt><pt><x>540</x><y>287</y><time>25-01-21 20:03:59:128</time></pt><pt><x>539</x><y>282</y><time>25-01-21 20:04:02:335</time></pt><pt><x>539</x><y>272</y><time>25-01-21 20:04:02:738</time></pt><pt><x>539</x><y>262</y><time>25-01-21 20:04:03:106</time></pt><pt><x>542</x><y>250</y><time>25-01-21 20:04:03:679</time></pt><pt><x>543</x><y>243</y><time>25-01-21 20:04:04:245</time></pt><pt><x>546</x><y>222</y><time>25-01-21 20:04:06:015</time></pt><pt><x>546</x><y>208</y><time>25-01-21 20:04:06:503</time></pt><pt><x>544</x><y>175</y><time>25-01-21 20:04:18:408</time></pt><pt><x>543</x><y>164</y><time>25-01-21 20:04:18:799</time></pt><pt><x>544</x><y>156</y><time>25-01-21 20:04:19:129</time></pt><pt><x>545</x><y>151</y><time>25-01-21 20:04:19:381</time></pt><pt><x>545</x><y>141</y><time>25-01-21 20:04:20:631</time></pt><pt><x>544</x><y>138</y><time>25-01-21 20:04:20:851</time></pt><pt><x>545</x><y>135</y><time>25-01-21 20:04:21:034</time></pt><pt><x>550</x><y>132</y><time>25-01-21 20:04:21:254</time></pt><pt><x>558</x><y>132</y><time>25-01-21 20:04:22:967</time></pt><pt><x>558</x><y>123</y><time>25-01-21 20:04:23:218</time></pt><pt><x>551</x><y>104</y><time>25-01-21 20:04:23:737</time></pt><pt><x>544</x><y>89</y><time>25-01-21 20:04:24:271</time></pt><pt><x>543</x><y>72</y><time>25-01-21 20:04:26:685</time></pt><pt><x>541</x><y>44</y><time>25-01-21 20:04:27:589</time></pt><pt><x>539</x><y>26</y><time>25-01-21 20:04:29:470</time></pt><pt><x>535</x><y>19</y><time>25-01-21 20:04:29:838</time></pt><pt><x>534</x><y>16</y><time>25-01-21 20:04:30:081</time></pt><pt><x>536</x><y>13</y><time>25-01-21 20:04:30:284</time></pt><pt><x>539</x><y>11</y><time>25-01-21 20:04:30:639</time></pt><pt><x>540</x><y>6</y><time>25-01-21 20:04:30:978</time></pt><pt><x>539</x><y>2</y><time>25-01-21 20:04:31:433</time></pt><pt><x>538</x><y>0</y><time>25-01-21 20:04:32:723</time></pt><pt><x>498</x><y>0</y><time>25-01-21 20:04:34:831</time></pt><pt><x>499</x><y>2</y><time>25-01-21 20:04:35:703</time></pt><pt><x>500</x><y>3</y><time>25-01-21 20:04:35:931</time></pt><pt><x>501</x><y>4</y><time>25-01-21 20:04:36:237</time></pt><closed_date>25-01-21 20:04:36:678</closed_date></polygon></object><object><name>person</name><deleted>0</deleted><verified>0</verified><occluded>no</occluded><attributes></attributes><parts><hasparts></hasparts><ispartof></ispartof></parts><date>25-01-21 20:06:07:183</date><id>2</id><polygon><username>7hao</username><pt><x>556</x><y>78</y><time>25-01-21 20:04:53:404</time></pt><pt><x>562</x><y>80</y><time>25-01-21 20:04:53:765</time></pt><pt><x>565</x><y>82</y><time>25-01-21 20:04:54:056</time></pt><pt><x>568</x><y>86</y><time>25-01-21 20:04:54:310</time></pt><pt><x>570</x><y>92</y><time>25-01-21 20:04:54:575</time></pt><pt><x>572</x><y>103</y><time>25-01-21 20:04:55:873</time></pt><pt><x>573</x><y>112</y><time>25-01-21 20:04:56:211</time></pt><pt><x>573</x><y>123</y><time>25-01-21 20:04:56:667</time></pt><pt><x>570</x><y>139</y><time>25-01-21 20:04:58:601</time></pt><pt><x>567</x><y>148</y><time>25-01-21 20:04:59:113</time></pt><pt><x>563</x><y>154</y><time>25-01-21 20:04:59:655</time></pt><pt><x>559</x><y>158</y><time>25-01-21 20:04:59:953</time></pt><pt><x>559</x><y>161</y><time>25-01-21 20:05:00:228</time></pt><pt><x>559</x><y>164</y><time>25-01-21 20:05:00:449</time></pt><pt><x>560</x><y>167</y><time>25-01-21 20:05:00:716</time></pt><pt><x>560</x><y>171</y><time>25-01-21 20:05:00:929</time></pt><pt><x>558</x><y>178</y><time>25-01-21 20:05:01:378</time></pt><pt><x>554</x><y>194</y><time>25-01-21 20:05:06:157</time></pt><pt><x>553</x><y>198</y><time>25-01-21 20:05:06:449</time></pt><pt><x>552</x><y>201</y><time>25-01-21 20:05:06:621</time></pt><pt><x>553</x><y>205</y><time>25-01-21 20:05:06:827</time></pt><pt><x>551</x><y>206</y><time>25-01-21 20:05:07:047</time></pt><pt><x>548</x><y>207</y><time>25-01-21 20:05:10:719</time></pt><pt><x>547</x><y>206</y><time>25-01-21 20:05:11:024</time></pt><pt><x>547</x><y>201</y><time>25-01-21 20:05:14:037</time></pt><pt><x>545</x><y>178</y><time>25-01-21 20:05:15:995</time></pt><pt><x>544</x><y>164</y><time>25-01-21 20:05:33:077</time></pt><pt><x>545</x><y>157</y><time>25-01-21 20:05:35:181</time></pt><pt><x>546</x><y>152</y><time>25-01-21 20:05:36:007</time></pt><pt><x>547</x><y>146</y><time>25-01-21 20:05:36:645</time></pt><pt><x>546</x><y>141</y><time>25-01-21 20:05:37:313</time></pt><pt><x>545</x><y>138</y><time>25-01-21 20:05:37:989</time></pt><pt><x>546</x><y>136</y><time>25-01-21 20:05:38:359</time></pt><pt><x>549</x><y>134</y><time>25-01-21 20:05:41:826</time></pt><pt><x>551</x><y>133</y><time>25-01-21 20:05:42:386</time></pt><pt><x>557</x><y>133</y><time>25-01-21 20:05:43:124</time></pt><pt><x>559</x><y>133</y><time>25-01-21 20:05:43:997</time></pt><pt><x>560</x><y>129</y><time>25-01-21 20:05:45:019</time></pt><pt><x>559</x><y>125</y><time>25-01-21 20:05:45:687</time></pt><pt><x>559</x><y>120</y><time>25-01-21 20:05:47:692</time></pt><pt><x>555</x><y>112</y><time>25-01-21 20:05:48:699</time></pt><pt><x>545</x><y>89</y><time>25-01-21 20:05:50:553</time></pt><pt><x>545</x><y>81</y><time>25-01-21 20:05:51:657</time></pt><pt><x>544</x><y>70</y><time>25-01-21 20:05:54:070</time></pt><pt><x>542</x><y>44</y><time>25-01-21 20:05:56:349</time></pt><pt><x>546</x><y>46</y><time>25-01-21 20:05:59:960</time></pt><pt><x>547</x><y>49</y><time>25-01-21 20:06:00:306</time></pt><pt><x>548</x><y>52</y><time>25-01-21 20:06:00:510</time></pt><pt><x>548</x><y>56</y><time>25-01-21 20:06:00:786</time></pt><pt><x>547</x><y>59</y><time>25-01-21 20:06:00:965</time></pt><pt><x>546</x><y>62</y><time>25-01-21 20:06:01:243</time></pt><pt><x>545</x><y>66</y><time>25-01-21 20:06:01:610</time></pt><pt><x>546</x><y>69</y><time>25-01-21 20:06:01:996</time></pt><pt><x>547</x><y>73</y><time>25-01-21 20:06:02:507</time></pt><pt><x>550</x><y>73</y><time>25-01-21 20:06:02:859</time></pt><pt><x>553</x><y>73</y><time>25-01-21 20:06:03:200</time></pt><pt><x>555</x><y>75</y><time>25-01-21 20:06:03:543</time></pt><pt><x>555</x><y>77</y><time>25-01-21 20:06:03:929</time></pt><closed_date>25-01-21 20:06:04:307</closed_date></polygon></object><object><name>person</name><deleted>0</deleted><verified>0</verified><occluded>no</occluded><attributes></attributes><parts><hasparts></hasparts><ispartof></ispartof></parts><date>25-01-21 20:06:41:498</date><id>3</id><polygon><username>7hao</username><pt><x>541</x><y>288</y><time>25-01-21 20:06:22:061</time></pt><pt><x>560</x><y>288</y><time>25-01-21 20:06:23:378</time></pt><pt><x>561</x><y>284</y><time>25-01-21 20:06:23:887</time></pt><pt><x>560</x><y>280</y><time>25-01-21 20:06:24:274</time></pt><pt><x>559</x><y>275</y><time>25-01-21 20:06:24:636</time></pt><pt><x>555</x><y>269</y><time>25-01-21 20:06:24:949</time></pt><pt><x>554</x><y>259</y><time>25-01-21 20:06:25:743</time></pt><pt><x>552</x><y>249</y><time>25-01-21 20:06:26:286</time></pt><pt><x>552</x><y>240</y><time>25-01-21 20:06:26:742</time></pt><pt><x>552</x><y>235</y><time>25-01-21 20:06:27:103</time></pt><pt><x>549</x><y>229</y><time>25-01-21 20:06:27:504</time></pt><pt><x>547</x><y>223</y><time>25-01-21 20:06:28:394</time></pt><pt><x>541</x><y>261</y><time>25-01-21 20:06:29:839</time></pt><pt><x>541</x><y>264</y><time>25-01-21 20:06:30:532</time></pt><pt><x>543</x><y>266</y><time>25-01-21 20:06:30:737</time></pt><pt><x>543</x><y>269</y><time>25-01-21 20:06:30:894</time></pt><pt><x>543</x><y>271</y><time>25-01-21 20:06:31:033</time></pt><pt><x>541</x><y>273</y><time>25-01-21 20:06:31:497</time></pt><pt><x>540</x><y>274</y><time>25-01-21 20:06:31:851</time></pt><pt><x>540</x><y>278</y><time>25-01-21 20:06:35:947</time></pt><pt><x>540</x><y>282</y><time>25-01-21 20:06:36:451</time></pt><pt><x>541</x><y>286</y><time>25-01-21 20:06:37:213</time></pt><closed_date>25-01-21 20:06:37:851</closed_date></polygon></object></annotation>