<annotation><filename>frame0056.jpg</filename><folder>users/lab605//7hao/human_20210119_4</folder><source><submittedBy>lab605</submittedBy></source><imagesize><nrows>480</nrows><ncols>640</ncols></imagesize><object><name>person</name><deleted>0</deleted><verified>0</verified><occluded>no</occluded><attributes></attributes><parts><hasparts></hasparts><ispartof></ispartof></parts><date>25-01-21 21:28:49:921</date><id>0</id><polygon><username>7hao</username><pt><x>355</x><y>85</y><time>25-01-21 21:28:06:472</time></pt><pt><x>356</x><y>84</y><time>25-01-21 21:28:06:736</time></pt><pt><x>356</x><y>82</y><time>25-01-21 21:28:06:891</time></pt><pt><x>355</x><y>79</y><time>25-01-21 21:28:07:191</time></pt><pt><x>351</x><y>74</y><time>25-01-21 21:28:07:897</time></pt><pt><x>345</x><y>71</y><time>25-01-21 21:28:08:198</time></pt><pt><x>343</x><y>69</y><time>25-01-21 21:28:08:442</time></pt><pt><x>338</x><y>69</y><time>25-01-21 21:28:08:669</time></pt><pt><x>334</x><y>70</y><time>25-01-21 21:28:08:858</time></pt><pt><x>332</x><y>71</y><time>25-01-21 21:28:09:032</time></pt><pt><x>330</x><y>73</y><time>25-01-21 21:28:09:212</time></pt><pt><x>329</x><y>75</y><time>25-01-21 21:28:09:368</time></pt><pt><x>328</x><y>77</y><time>25-01-21 21:28:09:534</time></pt><pt><x>327</x><y>78</y><time>25-01-21 21:28:09:721</time></pt><pt><x>325</x><y>81</y><time>25-01-21 21:28:09:950</time></pt><pt><x>323</x><y>84</y><time>25-01-21 21:28:10:132</time></pt><pt><x>323</x><y>87</y><time>25-01-21 21:28:10:288</time></pt><pt><x>324</x><y>90</y><time>25-01-21 21:28:10:461</time></pt><pt><x>325</x><y>92</y><time>25-01-21 21:28:10:658</time></pt><pt><x>327</x><y>94</y><time>25-01-21 21:28:10:854</time></pt><pt><x>329</x><y>97</y><time>25-01-21 21:28:11:081</time></pt><pt><x>330</x><y>98</y><time>25-01-21 21:28:11:255</time></pt><pt><x>329</x><y>100</y><time>25-01-21 21:28:11:404</time></pt><pt><x>327</x><y>101</y><time>25-01-21 21:28:11:602</time></pt><pt><x>324</x><y>103</y><time>25-01-21 21:28:11:822</time></pt><pt><x>320</x><y>109</y><time>25-01-21 21:28:12:143</time></pt><pt><x>318</x><y>112</y><time>25-01-21 21:28:12:426</time></pt><pt><x>313</x><y>124</y><time>25-01-21 21:28:15:059</time></pt><pt><x>312</x><y>129</y><time>25-01-21 21:28:15:304</time></pt><pt><x>311</x><y>137</y><time>25-01-21 21:28:15:602</time></pt><pt><x>310</x><y>149</y><time>25-01-21 21:28:16:035</time></pt><pt><x>310</x><y>158</y><time>25-01-21 21:28:16:380</time></pt><pt><x>309</x><y>168</y><time>25-01-21 21:28:17:466</time></pt><pt><x>308</x><y>174</y><time>25-01-21 21:28:17:653</time></pt><pt><x>308</x><y>181</y><time>25-01-21 21:28:17:881</time></pt><pt><x>308</x><y>185</y><time>25-01-21 21:28:18:072</time></pt><pt><x>309</x><y>189</y><time>25-01-21 21:28:18:259</time></pt><pt><x>311</x><y>192</y><time>25-01-21 21:28:18:448</time></pt><pt><x>312</x><y>195</y><time>25-01-21 21:28:18:785</time></pt><pt><x>313</x><y>198</y><time>25-01-21 21:28:19:037</time></pt><pt><x>316</x><y>215</y><time>25-01-21 21:28:20:381</time></pt><pt><x>316</x><y>221</y><time>25-01-21 21:28:20:660</time></pt><pt><x>313</x><y>239</y><time>25-01-21 21:28:21:876</time></pt><pt><x>311</x><y>246</y><time>25-01-21 21:28:22:119</time></pt><pt><x>311</x><y>251</y><time>25-01-21 21:28:22:284</time></pt><pt><x>311</x><y>260</y><time>25-01-21 21:28:22:506</time></pt><pt><x>311</x><y>275</y><time>25-01-21 21:28:23:840</time></pt><pt><x>311</x><y>278</y><time>25-01-21 21:28:24:006</time></pt><pt><x>310</x><y>282</y><time>25-01-21 21:28:24:177</time></pt><pt><x>309</x><y>284</y><time>25-01-21 21:28:24:335</time></pt><pt><x>308</x><y>286</y><time>25-01-21 21:28:24:494</time></pt><pt><x>307</x><y>288</y><time>25-01-21 21:28:24:633</time></pt><pt><x>307</x><y>293</y><time>25-01-21 21:28:24:941</time></pt><pt><x>310</x><y>294</y><time>25-01-21 21:28:25:114</time></pt><pt><x>315</x><y>294</y><time>25-01-21 21:28:25:272</time></pt><pt><x>320</x><y>294</y><time>25-01-21 21:28:25:460</time></pt><pt><x>324</x><y>293</y><time>25-01-21 21:28:25:656</time></pt><pt><x>327</x><y>294</y><time>25-01-21 21:28:25:855</time></pt><pt><x>330</x><y>295</y><time>25-01-21 21:28:26:049</time></pt><pt><x>336</x><y>296</y><time>25-01-21 21:28:26:261</time></pt><pt><x>342</x><y>296</y><time>25-01-21 21:28:26:506</time></pt><pt><x>345</x><y>296</y><time>25-01-21 21:28:26:760</time></pt><pt><x>353</x><y>296</y><time>25-01-21 21:28:29:304</time></pt><pt><x>356</x><y>294</y><time>25-01-21 21:28:29:571</time></pt><pt><x>357</x><y>293</y><time>25-01-21 21:28:29:735</time></pt><pt><x>358</x><y>291</y><time>25-01-21 21:28:29:996</time></pt><pt><x>355</x><y>290</y><time>25-01-21 21:28:30:168</time></pt><pt><x>352</x><y>289</y><time>25-01-21 21:28:30:357</time></pt><pt><x>346</x><y>289</y><time>25-01-21 21:28:30:562</time></pt><pt><x>344</x><y>288</y><time>25-01-21 21:28:30:743</time></pt><pt><x>340</x><y>283</y><time>25-01-21 21:28:30:932</time></pt><pt><x>338</x><y>278</y><time>25-01-21 21:28:31:120</time></pt><pt><x>337</x><y>273</y><time>25-01-21 21:28:31:308</time></pt><pt><x>339</x><y>267</y><time>25-01-21 21:28:31:514</time></pt><pt><x>344</x><y>253</y><time>25-01-21 21:28:31:945</time></pt><pt><x>349</x><y>243</y><time>25-01-21 21:28:32:519</time></pt><pt><x>353</x><y>234</y><time>25-01-21 21:28:33:565</time></pt><pt><x>353</x><y>231</y><time>25-01-21 21:28:33:761</time></pt><pt><x>353</x><y>224</y><time>25-01-21 21:28:33:936</time></pt><pt><x>352</x><y>213</y><time>25-01-21 21:28:34:328</time></pt><pt><x>353</x><y>205</y><time>25-01-21 21:28:34:720</time></pt><pt><x>352</x><y>196</y><time>25-01-21 21:28:36:009</time></pt><pt><x>352</x><y>193</y><time>25-01-21 21:28:36:191</time></pt><pt><x>352</x><y>190</y><time>25-01-21 21:28:36:332</time></pt><pt><x>352</x><y>186</y><time>25-01-21 21:28:36:506</time></pt><pt><x>350</x><y>182</y><time>25-01-21 21:28:36:655</time></pt><pt><x>349</x><y>179</y><time>25-01-21 21:28:36:819</time></pt><pt><x>347</x><y>175</y><time>25-01-21 21:28:37:000</time></pt><pt><x>347</x><y>171</y><time>25-01-21 21:28:37:157</time></pt><pt><x>348</x><y>164</y><time>25-01-21 21:28:37:442</time></pt><pt><x>347</x><y>142</y><time>25-01-21 21:28:38:619</time></pt><pt><x>348</x><y>131</y><time>25-01-21 21:28:39:013</time></pt><pt><x>346</x><y>123</y><time>25-01-21 21:28:40:271</time></pt><pt><x>344</x><y>117</y><time>25-01-21 21:28:40:499</time></pt><pt><x>343</x><y>113</y><time>25-01-21 21:28:40:656</time></pt><pt><x>343</x><y>107</y><time>25-01-21 21:28:40:931</time></pt><pt><x>344</x><y>106</y><time>25-01-21 21:28:41:128</time></pt><pt><x>346</x><y>105</y><time>25-01-21 21:28:41:269</time></pt><pt><x>348</x><y>105</y><time>25-01-21 21:28:41:449</time></pt><pt><x>350</x><y>104</y><time>25-01-21 21:28:41:640</time></pt><pt><x>352</x><y>102</y><time>25-01-21 21:28:42:230</time></pt><pt><x>352</x><y>100</y><time>25-01-21 21:28:42:401</time></pt><pt><x>353</x><y>98</y><time>25-01-21 21:28:42:552</time></pt><pt><x>353</x><y>96</y><time>25-01-21 21:28:42:763</time></pt><pt><x>354</x><y>95</y><time>25-01-21 21:28:42:953</time></pt><pt><x>355</x><y>92</y><time>25-01-21 21:28:43:329</time></pt><pt><x>355</x><y>92</y><time>25-01-21 21:28:43:493</time></pt><pt><x>354</x><y>90</y><time>25-01-21 21:28:43:675</time></pt><pt><x>354</x><y>88</y><time>25-01-21 21:28:43:879</time></pt><pt><x>354</x><y>87</y><time>25-01-21 21:28:44:123</time></pt><closed_date>25-01-21 21:28:44:522</closed_date></polygon></object><object><name>person</name><deleted>0</deleted><verified>0</verified><occluded>no</occluded><attributes></attributes><parts><hasparts></hasparts><ispartof></ispartof></parts><date>25-01-21 21:30:29:233</date><id>1</id><polygon><username>7hao</username><pt><x>429</x><y>24</y><time>25-01-21 21:28:54:915</time></pt><pt><x>429</x><y>21</y><time>25-01-21 21:28:55:210</time></pt><pt><x>430</x><y>18</y><time>25-01-21 21:28:55:429</time></pt><pt><x>434</x><y>13</y><time>25-01-21 21:28:56:061</time></pt><pt><x>435</x><y>9</y><time>25-01-21 21:28:56:500</time></pt><pt><x>435</x><y>6</y><time>25-01-21 21:28:59:423</time></pt><pt><x>435</x><y>3</y><time>25-01-21 21:28:59:847</time></pt><pt><x>435</x><y>1</y><time>25-01-21 21:29:00:225</time></pt><pt><x>435</x><y>0</y><time>25-01-21 21:29:08:198</time></pt><pt><x>398</x><y>0</y><time>25-01-21 21:29:09:786</time></pt><pt><x>397</x><y>1</y><time>25-01-21 21:29:10:173</time></pt><pt><x>397</x><y>2</y><time>25-01-21 21:29:10:328</time></pt><pt><x>397</x><y>3</y><time>25-01-21 21:29:10:485</time></pt><pt><x>397</x><y>3</y><time>25-01-21 21:29:10:644</time></pt><pt><x>398</x><y>5</y><time>25-01-21 21:29:11:508</time></pt><pt><x>399</x><y>6</y><time>25-01-21 21:29:11:680</time></pt><pt><x>399</x><y>8</y><time>25-01-21 21:29:11:830</time></pt><pt><x>399</x><y>11</y><time>25-01-21 21:29:11:988</time></pt><pt><x>397</x><y>13</y><time>25-01-21 21:29:12:217</time></pt><pt><x>397</x><y>15</y><time>25-01-21 21:29:12:372</time></pt><pt><x>397</x><y>18</y><time>25-01-21 21:29:12:529</time></pt><pt><x>397</x><y>20</y><time>25-01-21 21:29:12:681</time></pt><pt><x>397</x><y>22</y><time>25-01-21 21:29:12:845</time></pt><pt><x>396</x><y>24</y><time>25-01-21 21:29:13:120</time></pt><pt><x>396</x><y>26</y><time>25-01-21 21:29:13:276</time></pt><pt><x>397</x><y>28</y><time>25-01-21 21:29:13:434</time></pt><pt><x>399</x><y>31</y><time>25-01-21 21:29:13:576</time></pt><pt><x>399</x><y>34</y><time>25-01-21 21:29:13:740</time></pt><pt><x>399</x><y>37</y><time>25-01-21 21:29:13:881</time></pt><pt><x>400</x><y>39</y><time>25-01-21 21:29:14:023</time></pt><pt><x>404</x><y>39</y><time>25-01-21 21:29:14:196</time></pt><pt><x>407</x><y>39</y><time>25-01-21 21:29:14:362</time></pt><pt><x>409</x><y>39</y><time>25-01-21 21:29:14:517</time></pt><pt><x>409</x><y>40</y><time>25-01-21 21:29:14:661</time></pt><pt><x>409</x><y>41</y><time>25-01-21 21:29:14:810</time></pt><pt><x>406</x><y>43</y><time>25-01-21 21:29:15:046</time></pt><pt><x>405</x><y>46</y><time>25-01-21 21:29:15:203</time></pt><pt><x>404</x><y>48</y><time>25-01-21 21:29:15:335</time></pt><pt><x>403</x><y>51</y><time>25-01-21 21:29:15:485</time></pt><pt><x>402</x><y>61</y><time>25-01-21 21:29:16:642</time></pt><pt><x>398</x><y>71</y><time>25-01-21 21:29:17:010</time></pt><pt><x>397</x><y>79</y><time>25-01-21 21:29:17:238</time></pt><pt><x>397</x><y>93</y><time>25-01-21 21:29:20:682</time></pt><pt><x>397</x><y>96</y><time>25-01-21 21:29:20:865</time></pt><pt><x>397</x><y>98</y><time>25-01-21 21:29:21:012</time></pt><pt><x>396</x><y>100</y><time>25-01-21 21:29:21:170</time></pt><pt><x>395</x><y>102</y><time>25-01-21 21:29:21:382</time></pt><pt><x>393</x><y>114</y><time>25-01-21 21:29:24:024</time></pt><pt><x>392</x><y>119</y><time>25-01-21 21:29:24:203</time></pt><pt><x>392</x><y>121</y><time>25-01-21 21:29:24:361</time></pt><pt><x>390</x><y>125</y><time>25-01-21 21:29:24:534</time></pt><pt><x>390</x><y>128</y><time>25-01-21 21:29:24:629</time></pt><pt><x>389</x><y>131</y><time>25-01-21 21:29:24:770</time></pt><pt><x>389</x><y>136</y><time>25-01-21 21:29:25:030</time></pt><pt><x>389</x><y>139</y><time>25-01-21 21:29:25:203</time></pt><pt><x>391</x><y>145</y><time>25-01-21 21:29:25:494</time></pt><pt><x>392</x><y>148</y><time>25-01-21 21:29:25:644</time></pt><pt><x>392</x><y>152</y><time>25-01-21 21:29:25:879</time></pt><pt><x>393</x><y>154</y><time>25-01-21 21:29:26:036</time></pt><pt><x>391</x><y>159</y><time>25-01-21 21:29:27:403</time></pt><pt><x>390</x><y>163</y><time>25-01-21 21:29:27:562</time></pt><pt><x>390</x><y>167</y><time>25-01-21 21:29:27:703</time></pt><pt><x>392</x><y>173</y><time>25-01-21 21:29:27:860</time></pt><pt><x>396</x><y>191</y><time>25-01-21 21:29:29:024</time></pt><pt><x>397</x><y>195</y><time>25-01-21 21:29:29:190</time></pt><pt><x>398</x><y>199</y><time>25-01-21 21:29:29:329</time></pt><pt><x>399</x><y>203</y><time>25-01-21 21:29:29:479</time></pt><pt><x>400</x><y>206</y><time>25-01-21 21:29:29:646</time></pt><pt><x>400</x><y>212</y><time>25-01-21 21:29:29:834</time></pt><pt><x>400</x><y>215</y><time>25-01-21 21:29:29:984</time></pt><pt><x>401</x><y>225</y><time>25-01-21 21:29:31:117</time></pt><pt><x>403</x><y>228</y><time>25-01-21 21:29:31:273</time></pt><pt><x>405</x><y>232</y><time>25-01-21 21:29:31:414</time></pt><pt><x>406</x><y>239</y><time>25-01-21 21:29:31:712</time></pt><pt><x>406</x><y>243</y><time>25-01-21 21:29:31:886</time></pt><pt><x>405</x><y>248</y><time>25-01-21 21:29:32:067</time></pt><pt><x>406</x><y>267</y><time>25-01-21 21:29:33:222</time></pt><pt><x>406</x><y>273</y><time>25-01-21 21:29:33:425</time></pt><pt><x>406</x><y>277</y><time>25-01-21 21:29:33:567</time></pt><pt><x>405</x><y>282</y><time>25-01-21 21:29:33:717</time></pt><pt><x>404</x><y>287</y><time>25-01-21 21:29:33:874</time></pt><pt><x>403</x><y>290</y><time>25-01-21 21:29:34:016</time></pt><pt><x>400</x><y>294</y><time>25-01-21 21:29:34:292</time></pt><pt><x>399</x><y>295</y><time>25-01-21 21:29:34:441</time></pt><pt><x>397</x><y>297</y><time>25-01-21 21:29:34:629</time></pt><pt><x>392</x><y>302</y><time>25-01-21 21:29:35:724</time></pt><pt><x>388</x><y>304</y><time>25-01-21 21:29:35:880</time></pt><pt><x>384</x><y>306</y><time>25-01-21 21:29:36:030</time></pt><pt><x>379</x><y>309</y><time>25-01-21 21:29:36:422</time></pt><pt><x>376</x><y>310</y><time>25-01-21 21:29:36:605</time></pt><pt><x>373</x><y>310</y><time>25-01-21 21:29:38:781</time></pt><pt><x>372</x><y>311</y><time>25-01-21 21:29:38:916</time></pt><pt><x>371</x><y>312</y><time>25-01-21 21:29:39:080</time></pt><pt><x>371</x><y>315</y><time>25-01-21 21:29:39:450</time></pt><pt><x>372</x><y>317</y><time>25-01-21 21:29:39:614</time></pt><pt><x>375</x><y>320</y><time>25-01-21 21:29:39:787</time></pt><pt><x>379</x><y>320</y><time>25-01-21 21:29:39:984</time></pt><pt><x>402</x><y>319</y><time>25-01-21 21:29:40:721</time></pt><pt><x>423</x><y>318</y><time>25-01-21 21:29:42:586</time></pt><pt><x>424</x><y>315</y><time>25-01-21 21:29:42:883</time></pt><pt><x>423</x><y>313</y><time>25-01-21 21:29:43:042</time></pt><pt><x>423</x><y>310</y><time>25-01-21 21:29:43:184</time></pt><pt><x>423</x><y>306</y><time>25-01-21 21:29:43:373</time></pt><pt><x>422</x><y>303</y><time>25-01-21 21:29:43:623</time></pt><pt><x>421</x><y>300</y><time>25-01-21 21:29:43:788</time></pt><pt><x>419</x><y>298</y><time>25-01-21 21:29:43:954</time></pt><pt><x>418</x><y>297</y><time>25-01-21 21:29:44:063</time></pt><pt><x>418</x><y>291</y><time>25-01-21 21:29:44:268</time></pt><pt><x>420</x><y>281</y><time>25-01-21 21:29:44:685</time></pt><pt><x>423</x><y>272</y><time>25-01-21 21:29:45:322</time></pt><pt><x>425</x><y>257</y><time>25-01-21 21:29:46:612</time></pt><pt><x>427</x><y>251</y><time>25-01-21 21:29:46:933</time></pt><pt><x>428</x><y>250</y><time>25-01-21 21:29:47:163</time></pt><pt><x>431</x><y>253</y><time>25-01-21 21:29:47:342</time></pt><pt><x>433</x><y>255</y><time>25-01-21 21:29:47:570</time></pt><pt><x>443</x><y>262</y><time>25-01-21 21:29:48:066</time></pt><pt><x>447</x><y>265</y><time>25-01-21 21:29:48:420</time></pt><pt><x>451</x><y>269</y><time>25-01-21 21:29:48:717</time></pt><pt><x>453</x><y>271</y><time>25-01-21 21:29:48:922</time></pt><pt><x>455</x><y>274</y><time>25-01-21 21:29:49:112</time></pt><pt><x>460</x><y>280</y><time>25-01-21 21:29:52:712</time></pt><pt><x>460</x><y>283</y><time>25-01-21 21:29:52:924</time></pt><pt><x>458</x><y>285</y><time>25-01-21 21:29:53:082</time></pt><pt><x>455</x><y>299</y><time>25-01-21 21:29:54:897</time></pt><pt><x>454</x><y>300</y><time>25-01-21 21:29:55:346</time></pt><pt><x>451</x><y>303</y><time>25-01-21 21:29:55:522</time></pt><pt><x>448</x><y>305</y><time>25-01-21 21:29:55:810</time></pt><pt><x>447</x><y>306</y><time>25-01-21 21:29:55:984</time></pt><pt><x>447</x><y>308</y><time>25-01-21 21:29:56:180</time></pt><pt><x>450</x><y>310</y><time>25-01-21 21:29:56:343</time></pt><pt><x>455</x><y>310</y><time>25-01-21 21:29:56:517</time></pt><pt><x>459</x><y>310</y><time>25-01-21 21:29:56:740</time></pt><pt><x>463</x><y>309</y><time>25-01-21 21:29:56:957</time></pt><pt><x>471</x><y>305</y><time>25-01-21 21:29:57:338</time></pt><pt><x>476</x><y>299</y><time>25-01-21 21:29:57:689</time></pt><pt><x>481</x><y>296</y><time>25-01-21 21:29:57:982</time></pt><pt><x>484</x><y>293</y><time>25-01-21 21:29:58:224</time></pt><pt><x>490</x><y>290</y><time>25-01-21 21:30:00:764</time></pt><pt><x>491</x><y>287</y><time>25-01-21 21:30:00:975</time></pt><pt><x>491</x><y>284</y><time>25-01-21 21:30:01:148</time></pt><pt><x>489</x><y>281</y><time>25-01-21 21:30:01:354</time></pt><pt><x>484</x><y>278</y><time>25-01-21 21:30:01:525</time></pt><pt><x>480</x><y>276</y><time>25-01-21 21:30:01:714</time></pt><pt><x>477</x><y>273</y><time>25-01-21 21:30:01:888</time></pt><pt><x>470</x><y>268</y><time>25-01-21 21:30:02:132</time></pt><pt><x>464</x><y>262</y><time>25-01-21 21:30:02:486</time></pt><pt><x>457</x><y>253</y><time>25-01-21 21:30:03:184</time></pt><pt><x>452</x><y>243</y><time>25-01-21 21:30:06:936</time></pt><pt><x>448</x><y>236</y><time>25-01-21 21:30:07:171</time></pt><pt><x>437</x><y>225</y><time>25-01-21 21:30:08:240</time></pt><pt><x>432</x><y>222</y><time>25-01-21 21:30:08:555</time></pt><pt><x>429</x><y>219</y><time>25-01-21 21:30:08:783</time></pt><pt><x>428</x><y>216</y><time>25-01-21 21:30:08:979</time></pt><pt><x>429</x><y>211</y><time>25-01-21 21:30:09:231</time></pt><pt><x>429</x><y>208</y><time>25-01-21 21:30:09:466</time></pt><pt><x>430</x><y>206</y><time>25-01-21 21:30:10:803</time></pt><pt><x>430</x><y>203</y><time>25-01-21 21:30:10:945</time></pt><pt><x>430</x><y>198</y><time>25-01-21 21:30:11:151</time></pt><pt><x>430</x><y>190</y><time>25-01-21 21:30:11:455</time></pt><pt><x>436</x><y>176</y><time>25-01-21 21:30:13:029</time></pt><pt><x>441</x><y>163</y><time>25-01-21 21:30:13:463</time></pt><pt><x>445</x><y>153</y><time>25-01-21 21:30:13:792</time></pt><pt><x>446</x><y>148</y><time>25-01-21 21:30:14:004</time></pt><pt><x>447</x><y>142</y><time>25-01-21 21:30:14:200</time></pt><pt><x>447</x><y>139</y><time>25-01-21 21:30:14:349</time></pt><pt><x>447</x><y>136</y><time>25-01-21 21:30:14:837</time></pt><pt><x>448</x><y>134</y><time>25-01-21 21:30:15:034</time></pt><pt><x>450</x><y>132</y><time>25-01-21 21:30:15:237</time></pt><pt><x>451</x><y>129</y><time>25-01-21 21:30:15:411</time></pt><pt><x>451</x><y>127</y><time>25-01-21 21:30:15:576</time></pt><pt><x>450</x><y>125</y><time>25-01-21 21:30:15:733</time></pt><pt><x>449</x><y>108</y><time>25-01-21 21:30:17:048</time></pt><pt><x>449</x><y>98</y><time>25-01-21 21:30:17:361</time></pt><pt><x>451</x><y>79</y><time>25-01-21 21:30:18:917</time></pt><pt><x>451</x><y>57</y><time>25-01-21 21:30:19:421</time></pt><pt><x>451</x><y>45</y><time>25-01-21 21:30:20:773</time></pt><pt><x>447</x><y>40</y><time>25-01-21 21:30:20:985</time></pt><pt><x>444</x><y>37</y><time>25-01-21 21:30:21:143</time></pt><pt><x>443</x><y>35</y><time>25-01-21 21:30:21:347</time></pt><pt><x>446</x><y>34</y><time>25-01-21 21:30:21:505</time></pt><pt><x>449</x><y>34</y><time>25-01-21 21:30:21:741</time></pt><pt><x>449</x><y>31</y><time>25-01-21 21:30:21:914</time></pt><pt><x>446</x><y>28</y><time>25-01-21 21:30:22:085</time></pt><pt><x>440</x><y>26</y><time>25-01-21 21:30:23:077</time></pt><pt><x>434</x><y>26</y><time>25-01-21 21:30:23:367</time></pt><pt><x>433</x><y>26</y><time>25-01-21 21:30:23:620</time></pt><pt><x>431</x><y>25</y><time>25-01-21 21:30:23:856</time></pt><closed_date>25-01-21 21:30:24:320</closed_date></polygon></object></annotation>