<annotation><filename>frame0028.jpg</filename><folder>users/lab605//7hao/human_20210119_4</folder><source><submittedBy>lab605</submittedBy></source><imagesize><nrows>480</nrows><ncols>640</ncols></imagesize><object><name>person</name><deleted>0</deleted><verified>0</verified><occluded>no</occluded><attributes></attributes><parts><hasparts></hasparts><ispartof></ispartof></parts><date>23-01-21 10:15:39:268</date><id>0</id><polygon><username>7hao</username><pt><x>589</x><y>83</y><time>23-01-21 10:14:48:949</time></pt><pt><x>584</x><y>82</y><time>23-01-21 10:14:49:338</time></pt><pt><x>580</x><y>83</y><time>23-01-21 10:14:49:928</time></pt><pt><x>576</x><y>85</y><time>23-01-21 10:14:50:226</time></pt><pt><x>574</x><y>87</y><time>23-01-21 10:14:50:398</time></pt><pt><x>572</x><y>90</y><time>23-01-21 10:14:50:565</time></pt><pt><x>572</x><y>92</y><time>23-01-21 10:14:50:736</time></pt><pt><x>573</x><y>94</y><time>23-01-21 10:14:50:863</time></pt><pt><x>574</x><y>100</y><time>23-01-21 10:14:51:132</time></pt><pt><x>574</x><y>105</y><time>23-01-21 10:14:51:295</time></pt><pt><x>574</x><y>107</y><time>23-01-21 10:14:51:463</time></pt><pt><x>575</x><y>111</y><time>23-01-21 10:14:51:688</time></pt><pt><x>574</x><y>112</y><time>23-01-21 10:14:51:876</time></pt><pt><x>572</x><y>114</y><time>23-01-21 10:14:52:010</time></pt><pt><x>562</x><y>119</y><time>23-01-21 10:14:52:341</time></pt><pt><x>557</x><y>124</y><time>23-01-21 10:14:52:646</time></pt><pt><x>554</x><y>132</y><time>23-01-21 10:14:53:591</time></pt><pt><x>551</x><y>150</y><time>23-01-21 10:14:54:698</time></pt><pt><x>552</x><y>158</y><time>23-01-21 10:14:54:935</time></pt><pt><x>552</x><y>166</y><time>23-01-21 10:14:55:139</time></pt><pt><x>554</x><y>179</y><time>23-01-21 10:14:56:278</time></pt><pt><x>555</x><y>184</y><time>23-01-21 10:14:56:491</time></pt><pt><x>557</x><y>185</y><time>23-01-21 10:14:56:670</time></pt><pt><x>558</x><y>188</y><time>23-01-21 10:14:56:829</time></pt><pt><x>560</x><y>192</y><time>23-01-21 10:14:56:993</time></pt><pt><x>561</x><y>196</y><time>23-01-21 10:14:57:220</time></pt><pt><x>561</x><y>200</y><time>23-01-21 10:14:57:424</time></pt><pt><x>563</x><y>208</y><time>23-01-21 10:14:58:572</time></pt><pt><x>564</x><y>215</y><time>23-01-21 10:14:58:722</time></pt><pt><x>564</x><y>219</y><time>23-01-21 10:14:58:918</time></pt><pt><x>564</x><y>220</y><time>23-01-21 10:14:59:102</time></pt><pt><x>565</x><y>223</y><time>23-01-21 10:14:59:281</time></pt><pt><x>564</x><y>226</y><time>23-01-21 10:14:59:446</time></pt><pt><x>561</x><y>233</y><time>23-01-21 10:15:00:075</time></pt><pt><x>560</x><y>235</y><time>23-01-21 10:15:00:263</time></pt><pt><x>560</x><y>241</y><time>23-01-21 10:15:01:316</time></pt><pt><x>560</x><y>245</y><time>23-01-21 10:15:01:506</time></pt><pt><x>560</x><y>249</y><time>23-01-21 10:15:01:669</time></pt><pt><x>560</x><y>254</y><time>23-01-21 10:15:01:818</time></pt><pt><x>560</x><y>258</y><time>23-01-21 10:15:02:040</time></pt><pt><x>560</x><y>262</y><time>23-01-21 10:15:02:252</time></pt><pt><x>560</x><y>269</y><time>23-01-21 10:15:02:621</time></pt><pt><x>559</x><y>272</y><time>23-01-21 10:15:02:881</time></pt><pt><x>558</x><y>273</y><time>23-01-21 10:15:03:061</time></pt><pt><x>558</x><y>274</y><time>23-01-21 10:15:03:311</time></pt><pt><x>557</x><y>276</y><time>23-01-21 10:15:03:602</time></pt><pt><x>557</x><y>276</y><time>23-01-21 10:15:03:814</time></pt><pt><x>558</x><y>278</y><time>23-01-21 10:15:05:064</time></pt><pt><x>560</x><y>281</y><time>23-01-21 10:15:05:262</time></pt><pt><x>566</x><y>281</y><time>23-01-21 10:15:05:647</time></pt><pt><x>570</x><y>282</y><time>23-01-21 10:15:05:851</time></pt><pt><x>573</x><y>282</y><time>23-01-21 10:15:06:032</time></pt><pt><x>574</x><y>281</y><time>23-01-21 10:15:06:253</time></pt><pt><x>574</x><y>278</y><time>23-01-21 10:15:06:472</time></pt><pt><x>573</x><y>277</y><time>23-01-21 10:15:06:628</time></pt><pt><x>572</x><y>274</y><time>23-01-21 10:15:06:810</time></pt><pt><x>571</x><y>271</y><time>23-01-21 10:15:06:982</time></pt><pt><x>570</x><y>261</y><time>23-01-21 10:15:07:989</time></pt><pt><x>570</x><y>258</y><time>23-01-21 10:15:08:155</time></pt><pt><x>570</x><y>253</y><time>23-01-21 10:15:08:359</time></pt><pt><x>572</x><y>248</y><time>23-01-21 10:15:08:587</time></pt><pt><x>573</x><y>244</y><time>23-01-21 10:15:08:775</time></pt><pt><x>574</x><y>241</y><time>23-01-21 10:15:08:932</time></pt><pt><x>575</x><y>238</y><time>23-01-21 10:15:09:128</time></pt><pt><x>574</x><y>235</y><time>23-01-21 10:15:09:340</time></pt><pt><x>580</x><y>219</y><time>23-01-21 10:15:10:447</time></pt><pt><x>581</x><y>217</y><time>23-01-21 10:15:10:826</time></pt><pt><x>582</x><y>214</y><time>23-01-21 10:15:10:984</time></pt><pt><x>583</x><y>211</y><time>23-01-21 10:15:11:133</time></pt><pt><x>583</x><y>206</y><time>23-01-21 10:15:11:352</time></pt><pt><x>584</x><y>204</y><time>23-01-21 10:15:11:550</time></pt><pt><x>586</x><y>203</y><time>23-01-21 10:15:11:684</time></pt><pt><x>590</x><y>207</y><time>23-01-21 10:15:12:036</time></pt><pt><x>591</x><y>210</y><time>23-01-21 10:15:12:219</time></pt><pt><x>592</x><y>212</y><time>23-01-21 10:15:12:360</time></pt><pt><x>593</x><y>215</y><time>23-01-21 10:15:12:508</time></pt><pt><x>594</x><y>217</y><time>23-01-21 10:15:12:651</time></pt><pt><x>597</x><y>223</y><time>23-01-21 10:15:12:920</time></pt><pt><x>599</x><y>229</y><time>23-01-21 10:15:13:272</time></pt><pt><x>601</x><y>232</y><time>23-01-21 10:15:13:476</time></pt><pt><x>603</x><y>235</y><time>23-01-21 10:15:13:667</time></pt><pt><x>603</x><y>246</y><time>23-01-21 10:15:15:160</time></pt><pt><x>605</x><y>248</y><time>23-01-21 10:15:15:379</time></pt><pt><x>607</x><y>249</y><time>23-01-21 10:15:15:504</time></pt><pt><x>609</x><y>253</y><time>23-01-21 10:15:15:661</time></pt><pt><x>612</x><y>260</y><time>23-01-21 10:15:16:038</time></pt><pt><x>612</x><y>262</y><time>23-01-21 10:15:16:196</time></pt><pt><x>613</x><y>266</y><time>23-01-21 10:15:16:376</time></pt><pt><x>614</x><y>269</y><time>23-01-21 10:15:16:543</time></pt><pt><x>615</x><y>271</y><time>23-01-21 10:15:16:713</time></pt><pt><x>615</x><y>275</y><time>23-01-21 10:15:16:935</time></pt><pt><x>614</x><y>277</y><time>23-01-21 10:15:17:172</time></pt><pt><x>614</x><y>279</y><time>23-01-21 10:15:17:320</time></pt><pt><x>614</x><y>282</y><time>23-01-21 10:15:17:532</time></pt><pt><x>614</x><y>283</y><time>23-01-21 10:15:17:746</time></pt><pt><x>617</x><y>285</y><time>23-01-21 10:15:18:052</time></pt><pt><x>622</x><y>285</y><time>23-01-21 10:15:18:241</time></pt><pt><x>628</x><y>285</y><time>23-01-21 10:15:18:445</time></pt><pt><x>632</x><y>284</y><time>23-01-21 10:15:18:657</time></pt><pt><x>635</x><y>283</y><time>23-01-21 10:15:18:853</time></pt><pt><x>635</x><y>280</y><time>23-01-21 10:15:19:058</time></pt><pt><x>635</x><y>278</y><time>23-01-21 10:15:19:356</time></pt><pt><x>633</x><y>275</y><time>23-01-21 10:15:19:536</time></pt><pt><x>631</x><y>273</y><time>23-01-21 10:15:19:765</time></pt><pt><x>630</x><y>271</y><time>23-01-21 10:15:19:922</time></pt><pt><x>625</x><y>268</y><time>23-01-21 10:15:20:345</time></pt><pt><x>623</x><y>266</y><time>23-01-21 10:15:20:536</time></pt><pt><x>622</x><y>263</y><time>23-01-21 10:15:20:772</time></pt><pt><x>622</x><y>260</y><time>23-01-21 10:15:21:014</time></pt><pt><x>622</x><y>256</y><time>23-01-21 10:15:21:217</time></pt><pt><x>618</x><y>237</y><time>23-01-21 10:15:22:226</time></pt><pt><x>615</x><y>231</y><time>23-01-21 10:15:22:422</time></pt><pt><x>613</x><y>223</y><time>23-01-21 10:15:22:779</time></pt><pt><x>613</x><y>220</y><time>23-01-21 10:15:22:981</time></pt><pt><x>613</x><y>217</y><time>23-01-21 10:15:23:185</time></pt><pt><x>613</x><y>215</y><time>23-01-21 10:15:23:373</time></pt><pt><x>614</x><y>212</y><time>23-01-21 10:15:23:577</time></pt><pt><x>614</x><y>204</y><time>23-01-21 10:15:24:614</time></pt><pt><x>613</x><y>201</y><time>23-01-21 10:15:24:771</time></pt><pt><x>613</x><y>198</y><time>23-01-21 10:15:24:970</time></pt><pt><x>614</x><y>195</y><time>23-01-21 10:15:25:125</time></pt><pt><x>614</x><y>191</y><time>23-01-21 10:15:25:306</time></pt><pt><x>614</x><y>189</y><time>23-01-21 10:15:25:479</time></pt><pt><x>614</x><y>186</y><time>23-01-21 10:15:25:677</time></pt><pt><x>613</x><y>184</y><time>23-01-21 10:15:25:888</time></pt><pt><x>614</x><y>181</y><time>23-01-21 10:15:26:068</time></pt><pt><x>615</x><y>180</y><time>23-01-21 10:15:26:250</time></pt><pt><x>616</x><y>178</y><time>23-01-21 10:15:26:430</time></pt><pt><x>616</x><y>177</y><time>23-01-21 10:15:26:587</time></pt><pt><x>616</x><y>176</y><time>23-01-21 10:15:26:751</time></pt><pt><x>617</x><y>167</y><time>23-01-21 10:15:27:807</time></pt><pt><x>617</x><y>161</y><time>23-01-21 10:15:28:050</time></pt><pt><x>617</x><y>155</y><time>23-01-21 10:15:28:272</time></pt><pt><x>615</x><y>140</y><time>23-01-21 10:15:29:293</time></pt><pt><x>615</x><y>134</y><time>23-01-21 10:15:29:504</time></pt><pt><x>613</x><y>128</y><time>23-01-21 10:15:29:677</time></pt><pt><x>613</x><y>124</y><time>23-01-21 10:15:29:851</time></pt><pt><x>612</x><y>120</y><time>23-01-21 10:15:30:054</time></pt><pt><x>609</x><y>118</y><time>23-01-21 10:15:30:276</time></pt><pt><x>600</x><y>115</y><time>23-01-21 10:15:30:630</time></pt><pt><x>598</x><y>114</y><time>23-01-21 10:15:30:905</time></pt><pt><x>597</x><y>113</y><time>23-01-21 10:15:31:390</time></pt><pt><x>596</x><y>111</y><time>23-01-21 10:15:31:601</time></pt><pt><x>594</x><y>110</y><time>23-01-21 10:15:31:799</time></pt><pt><x>594</x><y>110</y><time>23-01-21 10:15:32:015</time></pt><pt><x>593</x><y>107</y><time>23-01-21 10:15:32:281</time></pt><pt><x>594</x><y>105</y><time>23-01-21 10:15:34:009</time></pt><pt><x>595</x><y>103</y><time>23-01-21 10:15:34:183</time></pt><pt><x>597</x><y>100</y><time>23-01-21 10:15:34:364</time></pt><pt><x>598</x><y>97</y><time>23-01-21 10:15:34:537</time></pt><pt><x>597</x><y>94</y><time>23-01-21 10:15:34:702</time></pt><pt><x>597</x><y>88</y><time>23-01-21 10:15:35:086</time></pt><pt><x>595</x><y>86</y><time>23-01-21 10:15:35:323</time></pt><pt><x>592</x><y>85</y><time>23-01-21 10:15:35:588</time></pt><closed_date>23-01-21 10:15:36:085</closed_date></polygon></object><object><name>person</name><deleted>0</deleted><verified>0</verified><occluded>no</occluded><attributes></attributes><parts><hasparts></hasparts><ispartof></ispartof></parts><date>23-01-21 10:16:35:811</date><id>1</id><polygon><username>7hao</username><pt><x>490</x><y>77</y><time>23-01-21 10:15:44:409</time></pt><pt><x>484</x><y>71</y><time>23-01-21 10:15:44:731</time></pt><pt><x>477</x><y>70</y><time>23-01-21 10:15:45:053</time></pt><pt><x>472</x><y>71</y><time>23-01-21 10:15:45:274</time></pt><pt><x>467</x><y>75</y><time>23-01-21 10:15:45:486</time></pt><pt><x>465</x><y>77</y><time>23-01-21 10:15:45:644</time></pt><pt><x>462</x><y>82</y><time>23-01-21 10:15:45:840</time></pt><pt><x>461</x><y>85</y><time>23-01-21 10:15:46:030</time></pt><pt><x>461</x><y>89</y><time>23-01-21 10:15:46:210</time></pt><pt><x>462</x><y>94</y><time>23-01-21 10:15:46:401</time></pt><pt><x>464</x><y>97</y><time>23-01-21 10:15:46:593</time></pt><pt><x>466</x><y>99</y><time>23-01-21 10:15:46:744</time></pt><pt><x>467</x><y>101</y><time>23-01-21 10:15:46:924</time></pt><pt><x>467</x><y>104</y><time>23-01-21 10:15:47:115</time></pt><pt><x>462</x><y>105</y><time>23-01-21 10:15:47:364</time></pt><pt><x>458</x><y>107</y><time>23-01-21 10:15:47:530</time></pt><pt><x>453</x><y>109</y><time>23-01-21 10:15:47:718</time></pt><pt><x>449</x><y>121</y><time>23-01-21 10:15:49:196</time></pt><pt><x>441</x><y>141</y><time>23-01-21 10:15:50:056</time></pt><pt><x>436</x><y>161</y><time>23-01-21 10:15:51:240</time></pt><pt><x>435</x><y>170</y><time>23-01-21 10:15:51:494</time></pt><pt><x>435</x><y>173</y><time>23-01-21 10:15:51:664</time></pt><pt><x>435</x><y>177</y><time>23-01-21 10:15:51:822</time></pt><pt><x>435</x><y>179</y><time>23-01-21 10:15:51:982</time></pt><pt><x>433</x><y>183</y><time>23-01-21 10:15:56:286</time></pt><pt><x>433</x><y>184</y><time>23-01-21 10:15:56:413</time></pt><pt><x>434</x><y>188</y><time>23-01-21 10:15:56:624</time></pt><pt><x>435</x><y>190</y><time>23-01-21 10:15:56:830</time></pt><pt><x>437</x><y>191</y><time>23-01-21 10:15:57:028</time></pt><pt><x>439</x><y>191</y><time>23-01-21 10:15:57:231</time></pt><pt><x>442</x><y>189</y><time>23-01-21 10:15:57:436</time></pt><pt><x>442</x><y>187</y><time>23-01-21 10:15:57:610</time></pt><pt><x>442</x><y>184</y><time>23-01-21 10:15:57:796</time></pt><pt><x>443</x><y>180</y><time>23-01-21 10:15:58:141</time></pt><pt><x>445</x><y>177</y><time>23-01-21 10:15:58:434</time></pt><pt><x>448</x><y>172</y><time>23-01-21 10:15:58:709</time></pt><pt><x>458</x><y>145</y><time>23-01-21 10:15:59:531</time></pt><pt><x>458</x><y>156</y><time>23-01-21 10:16:00:036</time></pt><pt><x>458</x><y>162</y><time>23-01-21 10:16:00:479</time></pt><pt><x>457</x><y>164</y><time>23-01-21 10:16:00:652</time></pt><pt><x>456</x><y>166</y><time>23-01-21 10:16:00:774</time></pt><pt><x>457</x><y>168</y><time>23-01-21 10:16:00:933</time></pt><pt><x>459</x><y>172</y><time>23-01-21 10:16:01:177</time></pt><pt><x>459</x><y>178</y><time>23-01-21 10:16:01:375</time></pt><pt><x>458</x><y>183</y><time>23-01-21 10:16:01:539</time></pt><pt><x>458</x><y>188</y><time>23-01-21 10:16:01:844</time></pt><pt><x>459</x><y>189</y><time>23-01-21 10:16:01:938</time></pt><pt><x>461</x><y>194</y><time>23-01-21 10:16:02:228</time></pt><pt><x>461</x><y>197</y><time>23-01-21 10:16:02:397</time></pt><pt><x>465</x><y>217</y><time>23-01-21 10:16:03:841</time></pt><pt><x>468</x><y>228</y><time>23-01-21 10:16:04:186</time></pt><pt><x>472</x><y>238</y><time>23-01-21 10:16:04:594</time></pt><pt><x>476</x><y>264</y><time>23-01-21 10:16:05:971</time></pt><pt><x>475</x><y>271</y><time>23-01-21 10:16:06:374</time></pt><pt><x>474</x><y>275</y><time>23-01-21 10:16:06:576</time></pt><pt><x>473</x><y>276</y><time>23-01-21 10:16:06:804</time></pt><pt><x>468</x><y>276</y><time>23-01-21 10:16:06:984</time></pt><pt><x>465</x><y>276</y><time>23-01-21 10:16:07:127</time></pt><pt><x>463</x><y>278</y><time>23-01-21 10:16:07:388</time></pt><pt><x>463</x><y>282</y><time>23-01-21 10:16:07:638</time></pt><pt><x>468</x><y>286</y><time>23-01-21 10:16:08:006</time></pt><pt><x>471</x><y>288</y><time>23-01-21 10:16:08:304</time></pt><pt><x>474</x><y>289</y><time>23-01-21 10:16:08:526</time></pt><pt><x>476</x><y>290</y><time>23-01-21 10:16:08:707</time></pt><pt><x>476</x><y>291</y><time>23-01-21 10:16:08:987</time></pt><pt><x>475</x><y>293</y><time>23-01-21 10:16:09:351</time></pt><pt><x>477</x><y>295</y><time>23-01-21 10:16:10:347</time></pt><pt><x>480</x><y>296</y><time>23-01-21 10:16:10:543</time></pt><pt><x>483</x><y>296</y><time>23-01-21 10:16:10:718</time></pt><pt><x>487</x><y>297</y><time>23-01-21 10:16:10:932</time></pt><pt><x>492</x><y>297</y><time>23-01-21 10:16:11:112</time></pt><pt><x>497</x><y>297</y><time>23-01-21 10:16:11:346</time></pt><pt><x>497</x><y>292</y><time>23-01-21 10:16:11:739</time></pt><pt><x>496</x><y>288</y><time>23-01-21 10:16:11:976</time></pt><pt><x>496</x><y>285</y><time>23-01-21 10:16:12:134</time></pt><pt><x>494</x><y>282</y><time>23-01-21 10:16:12:351</time></pt><pt><x>494</x><y>280</y><time>23-01-21 10:16:12:611</time></pt><pt><x>495</x><y>279</y><time>23-01-21 10:16:12:746</time></pt><pt><x>497</x><y>277</y><time>23-01-21 10:16:13:012</time></pt><pt><x>497</x><y>275</y><time>23-01-21 10:16:13:163</time></pt><pt><x>497</x><y>270</y><time>23-01-21 10:16:13:476</time></pt><pt><x>495</x><y>255</y><time>23-01-21 10:16:14:490</time></pt><pt><x>493</x><y>251</y><time>23-01-21 10:16:14:665</time></pt><pt><x>494</x><y>239</y><time>23-01-21 10:16:15:284</time></pt><pt><x>498</x><y>220</y><time>23-01-21 10:16:16:297</time></pt><pt><x>498</x><y>210</y><time>23-01-21 10:16:16:667</time></pt><pt><x>498</x><y>206</y><time>23-01-21 10:16:16:906</time></pt><pt><x>500</x><y>201</y><time>23-01-21 10:16:17:101</time></pt><pt><x>503</x><y>183</y><time>23-01-21 10:16:18:092</time></pt><pt><x>503</x><y>177</y><time>23-01-21 10:16:18:326</time></pt><pt><x>504</x><y>174</y><time>23-01-21 10:16:18:492</time></pt><pt><x>504</x><y>170</y><time>23-01-21 10:16:18:792</time></pt><pt><x>505</x><y>167</y><time>23-01-21 10:16:19:144</time></pt><pt><x>505</x><y>165</y><time>23-01-21 10:16:19:318</time></pt><pt><x>506</x><y>162</y><time>23-01-21 10:16:19:752</time></pt><pt><x>508</x><y>170</y><time>23-01-21 10:16:20:426</time></pt><pt><x>508</x><y>175</y><time>23-01-21 10:16:20:640</time></pt><pt><x>509</x><y>179</y><time>23-01-21 10:16:20:818</time></pt><pt><x>510</x><y>184</y><time>23-01-21 10:16:21:054</time></pt><pt><x>511</x><y>188</y><time>23-01-21 10:16:21:220</time></pt><pt><x>510</x><y>190</y><time>23-01-21 10:16:21:393</time></pt><pt><x>509</x><y>194</y><time>23-01-21 10:16:21:582</time></pt><pt><x>509</x><y>199</y><time>23-01-21 10:16:21:762</time></pt><pt><x>509</x><y>203</y><time>23-01-21 10:16:21:960</time></pt><pt><x>511</x><y>205</y><time>23-01-21 10:16:22:202</time></pt><pt><x>515</x><y>205</y><time>23-01-21 10:16:22:425</time></pt><pt><x>518</x><y>204</y><time>23-01-21 10:16:22:610</time></pt><pt><x>521</x><y>202</y><time>23-01-21 10:16:22:809</time></pt><pt><x>520</x><y>198</y><time>23-01-21 10:16:23:015</time></pt><pt><x>520</x><y>191</y><time>23-01-21 10:16:23:366</time></pt><pt><x>519</x><y>187</y><time>23-01-21 10:16:23:530</time></pt><pt><x>519</x><y>184</y><time>23-01-21 10:16:23:775</time></pt><pt><x>519</x><y>165</y><time>23-01-21 10:16:25:174</time></pt><pt><x>518</x><y>142</y><time>23-01-21 10:16:26:327</time></pt><pt><x>517</x><y>133</y><time>23-01-21 10:16:26:628</time></pt><pt><x>515</x><y>127</y><time>23-01-21 10:16:26:840</time></pt><pt><x>514</x><y>121</y><time>23-01-21 10:16:27:084</time></pt><pt><x>511</x><y>114</y><time>23-01-21 10:16:28:107</time></pt><pt><x>505</x><y>109</y><time>23-01-21 10:16:28:388</time></pt><pt><x>497</x><y>104</y><time>23-01-21 10:16:28:632</time></pt><pt><x>493</x><y>103</y><time>23-01-21 10:16:28:869</time></pt><pt><x>489</x><y>102</y><time>23-01-21 10:16:29:096</time></pt><pt><x>488</x><y>100</y><time>23-01-21 10:16:29:331</time></pt><pt><x>488</x><y>98</y><time>23-01-21 10:16:29:562</time></pt><pt><x>489</x><y>97</y><time>23-01-21 10:16:29:702</time></pt><pt><x>492</x><y>93</y><time>23-01-21 10:16:30:126</time></pt><pt><x>494</x><y>90</y><time>23-01-21 10:16:30:723</time></pt><pt><x>495</x><y>87</y><time>23-01-21 10:16:30:921</time></pt><pt><x>494</x><y>82</y><time>23-01-21 10:16:31:266</time></pt><pt><x>493</x><y>80</y><time>23-01-21 10:16:31:523</time></pt><pt><x>492</x><y>79</y><time>23-01-21 10:16:31:808</time></pt><closed_date>23-01-21 10:16:32:476</closed_date></polygon></object><object><name>person</name><deleted>0</deleted><verified>0</verified><occluded>no</occluded><attributes></attributes><parts><hasparts></hasparts><ispartof></ispartof></parts><date>23-01-21 10:17:55:892</date><id>2</id><polygon><username>7hao</username><pt><x>332</x><y>46</y><time>23-01-21 10:16:40:383</time></pt><pt><x>330</x><y>40</y><time>23-01-21 10:16:40:629</time></pt><pt><x>328</x><y>36</y><time>23-01-21 10:16:40:889</time></pt><pt><x>325</x><y>32</y><time>23-01-21 10:16:41:117</time></pt><pt><x>321</x><y>29</y><time>23-01-21 10:16:41:337</time></pt><pt><x>315</x><y>27</y><time>23-01-21 10:16:41:564</time></pt><pt><x>309</x><y>26</y><time>23-01-21 10:16:41:792</time></pt><pt><x>302</x><y>28</y><time>23-01-21 10:16:42:028</time></pt><pt><x>298</x><y>31</y><time>23-01-21 10:16:42:200</time></pt><pt><x>295</x><y>37</y><time>23-01-21 10:16:42:415</time></pt><pt><x>295</x><y>45</y><time>23-01-21 10:16:42:816</time></pt><pt><x>295</x><y>51</y><time>23-01-21 10:16:43:075</time></pt><pt><x>298</x><y>55</y><time>23-01-21 10:16:43:524</time></pt><pt><x>300</x><y>58</y><time>23-01-21 10:16:44:853</time></pt><pt><x>299</x><y>60</y><time>23-01-21 10:16:45:046</time></pt><pt><x>297</x><y>62</y><time>23-01-21 10:16:45:212</time></pt><pt><x>293</x><y>63</y><time>23-01-21 10:16:45:376</time></pt><pt><x>287</x><y>68</y><time>23-01-21 10:16:45:874</time></pt><pt><x>285</x><y>70</y><time>23-01-21 10:16:46:084</time></pt><pt><x>281</x><y>73</y><time>23-01-21 10:16:46:241</time></pt><pt><x>275</x><y>83</y><time>23-01-21 10:16:49:898</time></pt><pt><x>275</x><y>86</y><time>23-01-21 10:16:50:116</time></pt><pt><x>275</x><y>91</y><time>23-01-21 10:16:50:272</time></pt><pt><x>275</x><y>98</y><time>23-01-21 10:16:50:484</time></pt><pt><x>275</x><y>106</y><time>23-01-21 10:16:50:722</time></pt><pt><x>274</x><y>112</y><time>23-01-21 10:16:50:974</time></pt><pt><x>273</x><y>118</y><time>23-01-21 10:16:51:208</time></pt><pt><x>272</x><y>126</y><time>23-01-21 10:16:51:710</time></pt><pt><x>272</x><y>130</y><time>23-01-21 10:16:52:050</time></pt><pt><x>274</x><y>132</y><time>23-01-21 10:16:52:292</time></pt><pt><x>275</x><y>135</y><time>23-01-21 10:16:59:901</time></pt><pt><x>275</x><y>140</y><time>23-01-21 10:17:00:074</time></pt><pt><x>275</x><y>147</y><time>23-01-21 10:17:00:280</time></pt><pt><x>276</x><y>154</y><time>23-01-21 10:17:00:498</time></pt><pt><x>276</x><y>160</y><time>23-01-21 10:17:00:703</time></pt><pt><x>276</x><y>164</y><time>23-01-21 10:17:00:868</time></pt><pt><x>275</x><y>168</y><time>23-01-21 10:17:01:073</time></pt><pt><x>276</x><y>173</y><time>23-01-21 10:17:01:992</time></pt><pt><x>277</x><y>177</y><time>23-01-21 10:17:02:164</time></pt><pt><x>279</x><y>182</y><time>23-01-21 10:17:02:344</time></pt><pt><x>282</x><y>187</y><time>23-01-21 10:17:02:534</time></pt><pt><x>283</x><y>192</y><time>23-01-21 10:17:02:808</time></pt><pt><x>288</x><y>205</y><time>23-01-21 10:17:04:658</time></pt><pt><x>289</x><y>209</y><time>23-01-21 10:17:04:836</time></pt><pt><x>290</x><y>213</y><time>23-01-21 10:17:04:988</time></pt><pt><x>290</x><y>218</y><time>23-01-21 10:17:05:161</time></pt><pt><x>290</x><y>220</y><time>23-01-21 10:17:05:278</time></pt><pt><x>289</x><y>224</y><time>23-01-21 10:17:05:412</time></pt><pt><x>288</x><y>227</y><time>23-01-21 10:17:05:560</time></pt><pt><x>285</x><y>232</y><time>23-01-21 10:17:05:969</time></pt><pt><x>283</x><y>234</y><time>23-01-21 10:17:06:119</time></pt><pt><x>281</x><y>241</y><time>23-01-21 10:17:07:463</time></pt><pt><x>280</x><y>247</y><time>23-01-21 10:17:07:635</time></pt><pt><x>280</x><y>251</y><time>23-01-21 10:17:07:784</time></pt><pt><x>280</x><y>255</y><time>23-01-21 10:17:07:952</time></pt><pt><x>277</x><y>263</y><time>23-01-21 10:17:08:248</time></pt><pt><x>276</x><y>268</y><time>23-01-21 10:17:08:446</time></pt><pt><x>272</x><y>281</y><time>23-01-21 10:17:09:616</time></pt><pt><x>271</x><y>285</y><time>23-01-21 10:17:09:805</time></pt><pt><x>269</x><y>287</y><time>23-01-21 10:17:10:089</time></pt><pt><x>269</x><y>292</y><time>23-01-21 10:17:10:260</time></pt><pt><x>270</x><y>295</y><time>23-01-21 10:17:10:420</time></pt><pt><x>269</x><y>297</y><time>23-01-21 10:17:10:542</time></pt><pt><x>268</x><y>298</y><time>23-01-21 10:17:10:662</time></pt><pt><x>266</x><y>300</y><time>23-01-21 10:17:10:834</time></pt><pt><x>264</x><y>304</y><time>23-01-21 10:17:11:031</time></pt><pt><x>264</x><y>308</y><time>23-01-21 10:17:11:283</time></pt><pt><x>265</x><y>310</y><time>23-01-21 10:17:11:510</time></pt><pt><x>275</x><y>312</y><time>23-01-21 10:17:11:792</time></pt><pt><x>310</x><y>311</y><time>23-01-21 10:17:12:634</time></pt><pt><x>311</x><y>306</y><time>23-01-21 10:17:13:230</time></pt><pt><x>308</x><y>303</y><time>23-01-21 10:17:13:640</time></pt><pt><x>304</x><y>302</y><time>23-01-21 10:17:13:844</time></pt><pt><x>299</x><y>301</y><time>23-01-21 10:17:14:026</time></pt><pt><x>297</x><y>301</y><time>23-01-21 10:17:14:205</time></pt><pt><x>295</x><y>297</y><time>23-01-21 10:17:14:436</time></pt><pt><x>295</x><y>294</y><time>23-01-21 10:17:14:590</time></pt><pt><x>294</x><y>292</y><time>23-01-21 10:17:14:811</time></pt><pt><x>295</x><y>291</y><time>23-01-21 10:17:14:993</time></pt><pt><x>298</x><y>288</y><time>23-01-21 10:17:15:165</time></pt><pt><x>299</x><y>287</y><time>23-01-21 10:17:15:363</time></pt><pt><x>300</x><y>285</y><time>23-01-21 10:17:15:558</time></pt><pt><x>301</x><y>281</y><time>23-01-21 10:17:15:756</time></pt><pt><x>301</x><y>278</y><time>23-01-21 10:17:15:928</time></pt><pt><x>302</x><y>272</y><time>23-01-21 10:17:16:861</time></pt><pt><x>303</x><y>270</y><time>23-01-21 10:17:17:029</time></pt><pt><x>305</x><y>268</y><time>23-01-21 10:17:17:199</time></pt><pt><x>307</x><y>269</y><time>23-01-21 10:17:20:604</time></pt><pt><x>308</x><y>274</y><time>23-01-21 10:17:20:959</time></pt><pt><x>312</x><y>288</y><time>23-01-21 10:17:25:242</time></pt><pt><x>313</x><y>297</y><time>23-01-21 10:17:25:540</time></pt><pt><x>316</x><y>304</y><time>23-01-21 10:17:25:871</time></pt><pt><x>317</x><y>306</y><time>23-01-21 10:17:26:129</time></pt><pt><x>321</x><y>308</y><time>23-01-21 10:17:26:318</time></pt><pt><x>322</x><y>310</y><time>23-01-21 10:17:26:562</time></pt><pt><x>322</x><y>312</y><time>23-01-21 10:17:26:749</time></pt><pt><x>323</x><y>314</y><time>23-01-21 10:17:26:971</time></pt><pt><x>328</x><y>318</y><time>23-01-21 10:17:27:963</time></pt><pt><x>333</x><y>319</y><time>23-01-21 10:17:28:158</time></pt><pt><x>341</x><y>318</y><time>23-01-21 10:17:28:322</time></pt><pt><x>345</x><y>315</y><time>23-01-21 10:17:28:480</time></pt><pt><x>351</x><y>314</y><time>23-01-21 10:17:28:654</time></pt><pt><x>354</x><y>311</y><time>23-01-21 10:17:28:857</time></pt><pt><x>352</x><y>307</y><time>23-01-21 10:17:29:022</time></pt><pt><x>346</x><y>304</y><time>23-01-21 10:17:29:258</time></pt><pt><x>338</x><y>301</y><time>23-01-21 10:17:29:481</time></pt><pt><x>334</x><y>300</y><time>23-01-21 10:17:29:652</time></pt><pt><x>332</x><y>295</y><time>23-01-21 10:17:29:824</time></pt><pt><x>329</x><y>285</y><time>23-01-21 10:17:30:108</time></pt><pt><x>326</x><y>281</y><time>23-01-21 10:17:30:320</time></pt><pt><x>324</x><y>253</y><time>23-01-21 10:17:31:406</time></pt><pt><x>322</x><y>242</y><time>23-01-21 10:17:31:591</time></pt><pt><x>324</x><y>229</y><time>23-01-21 10:17:32:122</time></pt><pt><x>322</x><y>218</y><time>23-01-21 10:17:33:557</time></pt><pt><x>321</x><y>215</y><time>23-01-21 10:17:33:842</time></pt><pt><x>323</x><y>206</y><time>23-01-21 10:17:34:172</time></pt><pt><x>324</x><y>201</y><time>23-01-21 10:17:34:352</time></pt><pt><x>324</x><y>197</y><time>23-01-21 10:17:34:555</time></pt><pt><x>323</x><y>180</y><time>23-01-21 10:17:35:430</time></pt><pt><x>323</x><y>175</y><time>23-01-21 10:17:35:649</time></pt><pt><x>323</x><y>171</y><time>23-01-21 10:17:35:932</time></pt><pt><x>326</x><y>168</y><time>23-01-21 10:17:36:116</time></pt><pt><x>330</x><y>164</y><time>23-01-21 10:17:36:489</time></pt><pt><x>331</x><y>161</y><time>23-01-21 10:17:36:679</time></pt><pt><x>332</x><y>161</y><time>23-01-21 10:17:36:811</time></pt><pt><x>337</x><y>164</y><time>23-01-21 10:17:36:995</time></pt><pt><x>340</x><y>167</y><time>23-01-21 10:17:37:252</time></pt><pt><x>343</x><y>171</y><time>23-01-21 10:17:37:442</time></pt><pt><x>345</x><y>173</y><time>23-01-21 10:17:37:605</time></pt><pt><x>348</x><y>178</y><time>23-01-21 10:17:37:810</time></pt><pt><x>352</x><y>181</y><time>23-01-21 10:17:42:914</time></pt><pt><x>354</x><y>180</y><time>23-01-21 10:17:43:086</time></pt><pt><x>357</x><y>179</y><time>23-01-21 10:17:43:250</time></pt><pt><x>358</x><y>177</y><time>23-01-21 10:17:43:441</time></pt><pt><x>358</x><y>173</y><time>23-01-21 10:17:43:644</time></pt><pt><x>355</x><y>169</y><time>23-01-21 10:17:43:848</time></pt><pt><x>353</x><y>168</y><time>23-01-21 10:17:44:013</time></pt><pt><x>346</x><y>159</y><time>23-01-21 10:17:44:296</time></pt><pt><x>334</x><y>138</y><time>23-01-21 10:17:45:398</time></pt><pt><x>331</x><y>133</y><time>23-01-21 10:17:45:579</time></pt><pt><x>331</x><y>126</y><time>23-01-21 10:17:45:814</time></pt><pt><x>331</x><y>122</y><time>23-01-21 10:17:46:026</time></pt><pt><x>331</x><y>119</y><time>23-01-21 10:17:46:213</time></pt><pt><x>329</x><y>95</y><time>23-01-21 10:17:47:316</time></pt><pt><x>327</x><y>87</y><time>23-01-21 10:17:47:614</time></pt><pt><x>327</x><y>84</y><time>23-01-21 10:17:47:805</time></pt><pt><x>325</x><y>81</y><time>23-01-21 10:17:48:014</time></pt><pt><x>321</x><y>78</y><time>23-01-21 10:17:48:259</time></pt><pt><x>319</x><y>77</y><time>23-01-21 10:17:48:486</time></pt><pt><x>319</x><y>75</y><time>23-01-21 10:17:48:682</time></pt><pt><x>319</x><y>73</y><time>23-01-21 10:17:48:887</time></pt><pt><x>321</x><y>71</y><time>23-01-21 10:17:49:077</time></pt><pt><x>323</x><y>69</y><time>23-01-21 10:17:49:279</time></pt><pt><x>326</x><y>68</y><time>23-01-21 10:17:49:507</time></pt><pt><x>327</x><y>68</y><time>23-01-21 10:17:49:993</time></pt><pt><x>328</x><y>67</y><time>23-01-21 10:17:50:272</time></pt><pt><x>329</x><y>65</y><time>23-01-21 10:17:50:678</time></pt><pt><x>331</x><y>58</y><time>23-01-21 10:17:51:970</time></pt><pt><x>331</x><y>55</y><time>23-01-21 10:17:52:150</time></pt><pt><x>332</x><y>53</y><time>23-01-21 10:17:52:330</time></pt><pt><x>332</x><y>50</y><time>23-01-21 10:17:52:526</time></pt><pt><x>332</x><y>49</y><time>23-01-21 10:17:52:705</time></pt><pt><x>332</x><y>47</y><time>23-01-21 10:17:52:880</time></pt><closed_date>23-01-21 10:17:53:335</closed_date></polygon></object></annotation>