<annotation><filename>frame0064.jpg</filename><folder>users/lab605//7hao/human_20210119_4</folder><source><submittedBy>lab605</submittedBy></source><imagesize><nrows>480</nrows><ncols>640</ncols></imagesize><object><name>person</name><deleted>0</deleted><verified>0</verified><occluded>no</occluded><attributes></attributes><parts><hasparts></hasparts><ispartof></ispartof></parts><date>26-01-21 13:56:56:637</date><id>0</id><polygon><username>7hao</username><pt><x>275</x><y>0</y><time>26-01-21 13:54:38:873</time></pt><pt><x>275</x><y>4</y><time>26-01-21 13:54:39:267</time></pt><pt><x>276</x><y>7</y><time>26-01-21 13:54:39:614</time></pt><pt><x>276</x><y>9</y><time>26-01-21 13:54:40:101</time></pt><pt><x>273</x><y>10</y><time>26-01-21 13:54:40:446</time></pt><pt><x>272</x><y>12</y><time>26-01-21 13:54:40:659</time></pt><pt><x>272</x><y>17</y><time>26-01-21 13:54:40:982</time></pt><pt><x>275</x><y>20</y><time>26-01-21 13:54:41:273</time></pt><pt><x>277</x><y>21</y><time>26-01-21 13:54:41:471</time></pt><pt><x>277</x><y>22</y><time>26-01-21 13:54:41:745</time></pt><pt><x>273</x><y>24</y><time>26-01-21 13:54:41:964</time></pt><pt><x>272</x><y>25</y><time>26-01-21 13:54:42:134</time></pt><pt><x>271</x><y>28</y><time>26-01-21 13:54:42:351</time></pt><pt><x>271</x><y>30</y><time>26-01-21 13:54:42:547</time></pt><pt><x>268</x><y>31</y><time>26-01-21 13:54:47:047</time></pt><pt><x>262</x><y>32</y><time>26-01-21 13:54:47:432</time></pt><pt><x>256</x><y>35</y><time>26-01-21 13:54:47:873</time></pt><pt><x>251</x><y>37</y><time>26-01-21 13:54:48:298</time></pt><pt><x>248</x><y>43</y><time>26-01-21 13:54:48:744</time></pt><pt><x>245</x><y>55</y><time>26-01-21 13:54:49:274</time></pt><pt><x>241</x><y>71</y><time>26-01-21 13:54:50:648</time></pt><pt><x>241</x><y>79</y><time>26-01-21 13:54:51:074</time></pt><pt><x>239</x><y>93</y><time>26-01-21 13:54:51:821</time></pt><pt><x>238</x><y>106</y><time>26-01-21 13:54:53:338</time></pt><pt><x>238</x><y>116</y><time>26-01-21 13:54:53:787</time></pt><pt><x>238</x><y>131</y><time>26-01-21 13:54:54:551</time></pt><pt><x>238</x><y>142</y><time>26-01-21 13:54:55:321</time></pt><pt><x>241</x><y>147</y><time>26-01-21 13:54:56:477</time></pt><pt><x>241</x><y>151</y><time>26-01-21 13:54:56:815</time></pt><pt><x>241</x><y>156</y><time>26-01-21 13:54:57:201</time></pt><pt><x>241</x><y>161</y><time>26-01-21 13:54:57:595</time></pt><pt><x>241</x><y>164</y><time>26-01-21 13:54:57:807</time></pt><pt><x>241</x><y>167</y><time>26-01-21 13:54:58:012</time></pt><pt><x>242</x><y>170</y><time>26-01-21 13:54:58:290</time></pt><pt><x>243</x><y>176</y><time>26-01-21 13:54:59:630</time></pt><pt><x>242</x><y>179</y><time>26-01-21 13:54:59:853</time></pt><pt><x>240</x><y>188</y><time>26-01-21 13:55:00:576</time></pt><pt><x>237</x><y>195</y><time>26-01-21 13:55:00:899</time></pt><pt><x>237</x><y>198</y><time>26-01-21 13:55:01:113</time></pt><pt><x>238</x><y>201</y><time>26-01-21 13:55:01:332</time></pt><pt><x>236</x><y>210</y><time>26-01-21 13:55:01:781</time></pt><pt><x>233</x><y>217</y><time>26-01-21 13:55:03:399</time></pt><pt><x>233</x><y>220</y><time>26-01-21 13:55:03:674</time></pt><pt><x>234</x><y>223</y><time>26-01-21 13:55:03:886</time></pt><pt><x>236</x><y>227</y><time>26-01-21 13:55:09:518</time></pt><pt><x>237</x><y>236</y><time>26-01-21 13:55:15:993</time></pt><pt><x>238</x><y>244</y><time>26-01-21 13:55:16:412</time></pt><pt><x>240</x><y>249</y><time>26-01-21 13:55:16:759</time></pt><pt><x>244</x><y>262</y><time>26-01-21 13:55:19:442</time></pt><pt><x>248</x><y>273</y><time>26-01-21 13:55:19:918</time></pt><pt><x>251</x><y>283</y><time>26-01-21 13:55:21:002</time></pt><pt><x>252</x><y>290</y><time>26-01-21 13:55:28:060</time></pt><pt><x>249</x><y>293</y><time>26-01-21 13:55:28:235</time></pt><pt><x>243</x><y>298</y><time>26-01-21 13:55:28:664</time></pt><pt><x>235</x><y>303</y><time>26-01-21 13:55:29:091</time></pt><pt><x>224</x><y>308</y><time>26-01-21 13:55:29:611</time></pt><pt><x>216</x><y>310</y><time>26-01-21 13:55:29:971</time></pt><pt><x>215</x><y>311</y><time>26-01-21 13:55:30:123</time></pt><pt><x>214</x><y>317</y><time>26-01-21 13:55:30:356</time></pt><pt><x>218</x><y>318</y><time>26-01-21 13:55:30:592</time></pt><pt><x>230</x><y>320</y><time>26-01-21 13:55:31:035</time></pt><pt><x>246</x><y>319</y><time>26-01-21 13:55:31:483</time></pt><pt><x>265</x><y>315</y><time>26-01-21 13:55:32:010</time></pt><pt><x>274</x><y>312</y><time>26-01-21 13:55:32:551</time></pt><pt><x>278</x><y>308</y><time>26-01-21 13:55:33:063</time></pt><pt><x>277</x><y>301</y><time>26-01-21 13:55:33:395</time></pt><pt><x>276</x><y>298</y><time>26-01-21 13:55:33:519</time></pt><pt><x>272</x><y>292</y><time>26-01-21 13:55:33:841</time></pt><pt><x>266</x><y>288</y><time>26-01-21 13:55:34:974</time></pt><pt><x>262</x><y>283</y><time>26-01-21 13:55:38:010</time></pt><pt><x>260</x><y>273</y><time>26-01-21 13:55:38:490</time></pt><pt><x>261</x><y>257</y><time>26-01-21 13:55:39:304</time></pt><pt><x>261</x><y>244</y><time>26-01-21 13:55:39:789</time></pt><pt><x>261</x><y>235</y><time>26-01-21 13:55:41:007</time></pt><pt><x>258</x><y>228</y><time>26-01-21 13:55:41:339</time></pt><pt><x>258</x><y>224</y><time>26-01-21 13:55:41:552</time></pt><pt><x>260</x><y>215</y><time>26-01-21 13:55:43:816</time></pt><pt><x>263</x><y>207</y><time>26-01-21 13:55:44:382</time></pt><pt><x>266</x><y>205</y><time>26-01-21 13:55:44:689</time></pt><pt><x>271</x><y>205</y><time>26-01-21 13:55:45:115</time></pt><pt><x>273</x><y>204</y><time>26-01-21 13:55:45:516</time></pt><pt><x>277</x><y>196</y><time>26-01-21 13:55:45:995</time></pt><pt><x>282</x><y>188</y><time>26-01-21 13:55:46:656</time></pt><pt><x>283</x><y>189</y><time>26-01-21 13:55:46:970</time></pt><pt><x>283</x><y>192</y><time>26-01-21 13:55:47:169</time></pt><pt><x>283</x><y>198</y><time>26-01-21 13:55:47:538</time></pt><pt><x>283</x><y>201</y><time>26-01-21 13:55:47:717</time></pt><pt><x>283</x><y>203</y><time>26-01-21 13:55:47:936</time></pt><pt><x>284</x><y>204</y><time>26-01-21 13:55:48:079</time></pt><pt><x>284</x><y>209</y><time>26-01-21 13:55:48:475</time></pt><pt><x>285</x><y>219</y><time>26-01-21 13:55:48:961</time></pt><pt><x>288</x><y>225</y><time>26-01-21 13:55:49:291</time></pt><pt><x>290</x><y>231</y><time>26-01-21 13:55:49:701</time></pt><pt><x>291</x><y>243</y><time>26-01-21 13:55:51:477</time></pt><pt><x>293</x><y>260</y><time>26-01-21 13:55:52:407</time></pt><pt><x>295</x><y>273</y><time>26-01-21 13:55:53:876</time></pt><pt><x>296</x><y>287</y><time>26-01-21 13:55:54:819</time></pt><pt><x>294</x><y>296</y><time>26-01-21 13:55:55:599</time></pt><pt><x>291</x><y>299</y><time>26-01-21 13:56:13:708</time></pt><pt><x>290</x><y>302</y><time>26-01-21 13:56:14:267</time></pt><pt><x>287</x><y>305</y><time>26-01-21 13:56:14:919</time></pt><pt><x>283</x><y>306</y><time>26-01-21 13:56:15:367</time></pt><pt><x>281</x><y>307</y><time>26-01-21 13:56:15:548</time></pt><pt><x>279</x><y>310</y><time>26-01-21 13:56:15:901</time></pt><pt><x>280</x><y>314</y><time>26-01-21 13:56:16:320</time></pt><pt><x>286</x><y>317</y><time>26-01-21 13:56:17:584</time></pt><pt><x>292</x><y>317</y><time>26-01-21 13:56:18:010</time></pt><pt><x>296</x><y>318</y><time>26-01-21 13:56:18:347</time></pt><pt><x>299</x><y>319</y><time>26-01-21 13:56:18:630</time></pt><pt><x>304</x><y>320</y><time>26-01-21 13:56:18:952</time></pt><pt><x>310</x><y>320</y><time>26-01-21 13:56:19:341</time></pt><pt><x>314</x><y>319</y><time>26-01-21 13:56:19:761</time></pt><pt><x>315</x><y>317</y><time>26-01-21 13:56:19:936</time></pt><pt><x>314</x><y>314</y><time>26-01-21 13:56:20:140</time></pt><pt><x>313</x><y>308</y><time>26-01-21 13:56:20:865</time></pt><pt><x>312</x><y>304</y><time>26-01-21 13:56:21:234</time></pt><pt><x>311</x><y>302</y><time>26-01-21 13:56:21:500</time></pt><pt><x>309</x><y>300</y><time>26-01-21 13:56:21:690</time></pt><pt><x>308</x><y>297</y><time>26-01-21 13:56:21:913</time></pt><pt><x>308</x><y>292</y><time>26-01-21 13:56:22:398</time></pt><pt><x>309</x><y>282</y><time>26-01-21 13:56:23:758</time></pt><pt><x>311</x><y>272</y><time>26-01-21 13:56:24:222</time></pt><pt><x>313</x><y>264</y><time>26-01-21 13:56:24:954</time></pt><pt><x>314</x><y>247</y><time>26-01-21 13:56:26:150</time></pt><pt><x>313</x><y>239</y><time>26-01-21 13:56:26:575</time></pt><pt><x>310</x><y>229</y><time>26-01-21 13:56:27:234</time></pt><pt><x>308</x><y>223</y><time>26-01-21 13:56:27:832</time></pt><pt><x>308</x><y>217</y><time>26-01-21 13:56:28:225</time></pt><pt><x>309</x><y>207</y><time>26-01-21 13:56:29:067</time></pt><pt><x>311</x><y>208</y><time>26-01-21 13:56:29:460</time></pt><pt><x>313</x><y>206</y><time>26-01-21 13:56:30:278</time></pt><pt><x>313</x><y>204</y><time>26-01-21 13:56:30:556</time></pt><pt><x>312</x><y>196</y><time>26-01-21 13:56:31:859</time></pt><pt><x>315</x><y>181</y><time>26-01-21 13:56:33:449</time></pt><pt><x>318</x><y>169</y><time>26-01-21 13:56:34:030</time></pt><pt><x>321</x><y>157</y><time>26-01-21 13:56:34:693</time></pt><pt><x>320</x><y>149</y><time>26-01-21 13:56:35:942</time></pt><pt><x>322</x><y>144</y><time>26-01-21 13:56:36:202</time></pt><pt><x>326</x><y>138</y><time>26-01-21 13:56:36:650</time></pt><pt><x>330</x><y>122</y><time>26-01-21 13:56:38:238</time></pt><pt><x>332</x><y>110</y><time>26-01-21 13:56:38:694</time></pt><pt><x>333</x><y>93</y><time>26-01-21 13:56:39:672</time></pt><pt><x>333</x><y>80</y><time>26-01-21 13:56:40:183</time></pt><pt><x>331</x><y>68</y><time>26-01-21 13:56:41:888</time></pt><pt><x>328</x><y>59</y><time>26-01-21 13:56:42:361</time></pt><pt><x>320</x><y>47</y><time>26-01-21 13:56:42:935</time></pt><pt><x>318</x><y>43</y><time>26-01-21 13:56:45:146</time></pt><pt><x>314</x><y>33</y><time>26-01-21 13:56:46:012</time></pt><pt><x>312</x><y>30</y><time>26-01-21 13:56:46:310</time></pt><pt><x>306</x><y>27</y><time>26-01-21 13:56:46:710</time></pt><pt><x>304</x><y>25</y><time>26-01-21 13:56:46:972</time></pt><pt><x>305</x><y>22</y><time>26-01-21 13:56:47:356</time></pt><pt><x>308</x><y>18</y><time>26-01-21 13:56:47:695</time></pt><pt><x>308</x><y>14</y><time>26-01-21 13:56:48:269</time></pt><pt><x>308</x><y>12</y><time>26-01-21 13:56:48:505</time></pt><pt><x>309</x><y>9</y><time>26-01-21 13:56:48:817</time></pt><pt><x>310</x><y>5</y><time>26-01-21 13:56:50:510</time></pt><pt><x>309</x><y>1</y><time>26-01-21 13:56:50:801</time></pt><pt><x>308</x><y>0</y><time>26-01-21 13:56:51:390</time></pt><closed_date>26-01-21 13:56:53:269</closed_date></polygon></object><object><name>person</name><deleted>0</deleted><verified>0</verified><occluded>no</occluded><attributes></attributes><parts><hasparts></hasparts><ispartof></ispartof></parts><date>26-01-21 13:58:16:606</date><id>1</id><polygon><username>7hao</username><pt><x>398</x><y>75</y><time>26-01-21 13:57:01:414</time></pt><pt><x>393</x><y>73</y><time>26-01-21 13:57:01:821</time></pt><pt><x>388</x><y>72</y><time>26-01-21 13:57:02:066</time></pt><pt><x>384</x><y>72</y><time>26-01-21 13:57:02:246</time></pt><pt><x>379</x><y>74</y><time>26-01-21 13:57:02:615</time></pt><pt><x>374</x><y>79</y><time>26-01-21 13:57:03:072</time></pt><pt><x>372</x><y>83</y><time>26-01-21 13:57:03:370</time></pt><pt><x>372</x><y>86</y><time>26-01-21 13:57:03:577</time></pt><pt><x>373</x><y>90</y><time>26-01-21 13:57:03:873</time></pt><pt><x>374</x><y>92</y><time>26-01-21 13:57:04:049</time></pt><pt><x>374</x><y>94</y><time>26-01-21 13:57:04:243</time></pt><pt><x>376</x><y>96</y><time>26-01-21 13:57:04:519</time></pt><pt><x>378</x><y>98</y><time>26-01-21 13:57:04:685</time></pt><pt><x>379</x><y>99</y><time>26-01-21 13:57:04:967</time></pt><pt><x>378</x><y>102</y><time>26-01-21 13:57:05:140</time></pt><pt><x>377</x><y>105</y><time>26-01-21 13:57:05:445</time></pt><pt><x>372</x><y>107</y><time>26-01-21 13:57:05:815</time></pt><pt><x>365</x><y>109</y><time>26-01-21 13:57:06:288</time></pt><pt><x>361</x><y>112</y><time>26-01-21 13:57:06:632</time></pt><pt><x>357</x><y>120</y><time>26-01-21 13:57:07:190</time></pt><pt><x>355</x><y>130</y><time>26-01-21 13:57:07:812</time></pt><pt><x>354</x><y>148</y><time>26-01-21 13:57:09:025</time></pt><pt><x>354</x><y>159</y><time>26-01-21 13:57:09:425</time></pt><pt><x>355</x><y>163</y><time>26-01-21 13:57:09:765</time></pt><pt><x>356</x><y>168</y><time>26-01-21 13:57:10:149</time></pt><pt><x>356</x><y>180</y><time>26-01-21 13:57:17:438</time></pt><pt><x>357</x><y>188</y><time>26-01-21 13:57:20:565</time></pt><pt><x>358</x><y>198</y><time>26-01-21 13:57:21:048</time></pt><pt><x>359</x><y>203</y><time>26-01-21 13:57:23:494</time></pt><pt><x>360</x><y>210</y><time>26-01-21 13:57:24:014</time></pt><pt><x>361</x><y>219</y><time>26-01-21 13:57:24:508</time></pt><pt><x>362</x><y>227</y><time>26-01-21 13:57:25:791</time></pt><pt><x>363</x><y>230</y><time>26-01-21 13:57:25:990</time></pt><pt><x>364</x><y>233</y><time>26-01-21 13:57:26:338</time></pt><pt><x>363</x><y>240</y><time>26-01-21 13:57:26:838</time></pt><pt><x>359</x><y>251</y><time>26-01-21 13:57:27:640</time></pt><pt><x>355</x><y>265</y><time>26-01-21 13:57:29:002</time></pt><pt><x>355</x><y>270</y><time>26-01-21 13:57:29:381</time></pt><pt><x>353</x><y>278</y><time>26-01-21 13:57:30:119</time></pt><pt><x>353</x><y>282</y><time>26-01-21 13:57:30:564</time></pt><pt><x>351</x><y>283</y><time>26-01-21 13:57:30:857</time></pt><pt><x>350</x><y>284</y><time>26-01-21 13:57:31:212</time></pt><pt><x>348</x><y>289</y><time>26-01-21 13:57:31:602</time></pt><pt><x>346</x><y>292</y><time>26-01-21 13:57:32:051</time></pt><pt><x>345</x><y>294</y><time>26-01-21 13:57:32:227</time></pt><pt><x>347</x><y>296</y><time>26-01-21 13:57:32:461</time></pt><pt><x>354</x><y>298</y><time>26-01-21 13:57:32:908</time></pt><pt><x>365</x><y>298</y><time>26-01-21 13:57:33:445</time></pt><pt><x>374</x><y>298</y><time>26-01-21 13:57:33:962</time></pt><pt><x>382</x><y>298</y><time>26-01-21 13:57:34:378</time></pt><pt><x>384</x><y>297</y><time>26-01-21 13:57:34:733</time></pt><pt><x>384</x><y>295</y><time>26-01-21 13:57:34:977</time></pt><pt><x>383</x><y>294</y><time>26-01-21 13:57:35:371</time></pt><pt><x>380</x><y>293</y><time>26-01-21 13:57:35:660</time></pt><pt><x>372</x><y>291</y><time>26-01-21 13:57:36:283</time></pt><pt><x>366</x><y>285</y><time>26-01-21 13:57:36:958</time></pt><pt><x>366</x><y>282</y><time>26-01-21 13:57:37:282</time></pt><pt><x>366</x><y>278</y><time>26-01-21 13:57:37:573</time></pt><pt><x>368</x><y>275</y><time>26-01-21 13:57:37:943</time></pt><pt><x>369</x><y>270</y><time>26-01-21 13:57:38:290</time></pt><pt><x>370</x><y>265</y><time>26-01-21 13:57:38:664</time></pt><pt><x>375</x><y>253</y><time>26-01-21 13:57:40:231</time></pt><pt><x>379</x><y>245</y><time>26-01-21 13:57:41:244</time></pt><pt><x>379</x><y>243</y><time>26-01-21 13:57:41:566</time></pt><pt><x>382</x><y>238</y><time>26-01-21 13:57:41:986</time></pt><pt><x>384</x><y>231</y><time>26-01-21 13:57:42:604</time></pt><pt><x>385</x><y>236</y><time>26-01-21 13:57:43:015</time></pt><pt><x>386</x><y>241</y><time>26-01-21 13:57:43:423</time></pt><pt><x>387</x><y>253</y><time>26-01-21 13:57:44:219</time></pt><pt><x>388</x><y>265</y><time>26-01-21 13:57:44:785</time></pt><pt><x>389</x><y>271</y><time>26-01-21 13:57:45:161</time></pt><pt><x>391</x><y>278</y><time>26-01-21 13:57:45:594</time></pt><pt><x>392</x><y>283</y><time>26-01-21 13:57:45:986</time></pt><pt><x>393</x><y>288</y><time>26-01-21 13:57:47:127</time></pt><pt><x>392</x><y>292</y><time>26-01-21 13:57:47:405</time></pt><pt><x>391</x><y>295</y><time>26-01-21 13:57:47:750</time></pt><pt><x>395</x><y>295</y><time>26-01-21 13:57:47:985</time></pt><pt><x>396</x><y>296</y><time>26-01-21 13:57:48:213</time></pt><pt><x>399</x><y>297</y><time>26-01-21 13:57:48:473</time></pt><pt><x>403</x><y>298</y><time>26-01-21 13:57:48:708</time></pt><pt><x>411</x><y>297</y><time>26-01-21 13:57:49:092</time></pt><pt><x>412</x><y>294</y><time>26-01-21 13:57:49:424</time></pt><pt><x>411</x><y>292</y><time>26-01-21 13:57:49:650</time></pt><pt><x>406</x><y>287</y><time>26-01-21 13:57:49:990</time></pt><pt><x>403</x><y>283</y><time>26-01-21 13:57:50:297</time></pt><pt><x>402</x><y>280</y><time>26-01-21 13:57:50:540</time></pt><pt><x>403</x><y>277</y><time>26-01-21 13:57:50:730</time></pt><pt><x>404</x><y>272</y><time>26-01-21 13:57:51:074</time></pt><pt><x>404</x><y>256</y><time>26-01-21 13:57:51:884</time></pt><pt><x>402</x><y>234</y><time>26-01-21 13:57:55:652</time></pt><pt><x>401</x><y>215</y><time>26-01-21 13:57:57:052</time></pt><pt><x>401</x><y>202</y><time>26-01-21 13:57:59:264</time></pt><pt><x>403</x><y>190</y><time>26-01-21 13:58:03:728</time></pt><pt><x>405</x><y>185</y><time>26-01-21 13:58:03:958</time></pt><pt><x>405</x><y>172</y><time>26-01-21 13:58:04:618</time></pt><pt><x>407</x><y>150</y><time>26-01-21 13:58:05:761</time></pt><pt><x>406</x><y>141</y><time>26-01-21 13:58:06:365</time></pt><pt><x>408</x><y>131</y><time>26-01-21 13:58:06:788</time></pt><pt><x>409</x><y>123</y><time>26-01-21 13:58:07:388</time></pt><pt><x>406</x><y>118</y><time>26-01-21 13:58:07:663</time></pt><pt><x>399</x><y>112</y><time>26-01-21 13:58:08:151</time></pt><pt><x>396</x><y>110</y><time>26-01-21 13:58:08:620</time></pt><pt><x>395</x><y>109</y><time>26-01-21 13:58:08:816</time></pt><pt><x>397</x><y>105</y><time>26-01-21 13:58:10:203</time></pt><pt><x>402</x><y>96</y><time>26-01-21 13:58:11:123</time></pt><pt><x>402</x><y>92</y><time>26-01-21 13:58:11:429</time></pt><pt><x>401</x><y>89</y><time>26-01-21 13:58:11:626</time></pt><pt><x>400</x><y>87</y><time>26-01-21 13:58:11:886</time></pt><pt><x>400</x><y>85</y><time>26-01-21 13:58:12:091</time></pt><pt><x>400</x><y>81</y><time>26-01-21 13:58:12:399</time></pt><pt><x>401</x><y>78</y><time>26-01-21 13:58:12:774</time></pt><pt><x>399</x><y>76</y><time>26-01-21 13:58:13:350</time></pt><closed_date>26-01-21 13:58:13:834</closed_date></polygon></object></annotation>