<annotation><filename>frame0084.jpg</filename><folder>users/lab605//7hao/human_20210119_4</folder><source><submittedBy>lab605</submittedBy></source><imagesize><nrows>480</nrows><ncols>640</ncols></imagesize><object><name>person</name><deleted>0</deleted><verified>0</verified><occluded>no</occluded><attributes></attributes><parts><hasparts></hasparts><ispartof></ispartof></parts><date>26-01-21 15:16:03:104</date><id>0</id><polygon><username>7hao</username><pt><x>156</x><y>0</y><time>26-01-21 15:14:59:742</time></pt><pt><x>151</x><y>3</y><time>26-01-21 15:15:00:316</time></pt><pt><x>143</x><y>6</y><time>26-01-21 15:15:00:929</time></pt><pt><x>139</x><y>7</y><time>26-01-21 15:15:01:424</time></pt><pt><x>135</x><y>10</y><time>26-01-21 15:15:01:777</time></pt><pt><x>125</x><y>25</y><time>26-01-21 15:15:02:722</time></pt><pt><x>123</x><y>40</y><time>26-01-21 15:15:03:202</time></pt><pt><x>118</x><y>68</y><time>26-01-21 15:15:14:846</time></pt><pt><x>118</x><y>81</y><time>26-01-21 15:15:15:335</time></pt><pt><x>118</x><y>92</y><time>26-01-21 15:15:15:860</time></pt><pt><x>121</x><y>103</y><time>26-01-21 15:15:16:936</time></pt><pt><x>125</x><y>113</y><time>26-01-21 15:15:17:306</time></pt><pt><x>127</x><y>118</y><time>26-01-21 15:15:17:644</time></pt><pt><x>127</x><y>122</y><time>26-01-21 15:15:17:834</time></pt><pt><x>127</x><y>126</y><time>26-01-21 15:15:18:069</time></pt><pt><x>129</x><y>131</y><time>26-01-21 15:15:18:407</time></pt><pt><x>131</x><y>133</y><time>26-01-21 15:15:18:643</time></pt><pt><x>133</x><y>136</y><time>26-01-21 15:15:18:981</time></pt><pt><x>133</x><y>137</y><time>26-01-21 15:15:19:195</time></pt><pt><x>135</x><y>141</y><time>26-01-21 15:15:19:568</time></pt><pt><x>140</x><y>161</y><time>26-01-21 15:15:21:063</time></pt><pt><x>143</x><y>181</y><time>26-01-21 15:15:21:997</time></pt><pt><x>143</x><y>195</y><time>26-01-21 15:15:23:026</time></pt><pt><x>145</x><y>199</y><time>26-01-21 15:15:23:374</time></pt><pt><x>148</x><y>201</y><time>26-01-21 15:15:23:678</time></pt><pt><x>150</x><y>202</y><time>26-01-21 15:15:23:853</time></pt><pt><x>151</x><y>207</y><time>26-01-21 15:15:24:095</time></pt><pt><x>152</x><y>221</y><time>26-01-21 15:15:25:321</time></pt><pt><x>151</x><y>232</y><time>26-01-21 15:15:25:684</time></pt><pt><x>150</x><y>242</y><time>26-01-21 15:15:26:058</time></pt><pt><x>153</x><y>264</y><time>26-01-21 15:15:27:373</time></pt><pt><x>156</x><y>272</y><time>26-01-21 15:15:27:726</time></pt><pt><x>158</x><y>281</y><time>26-01-21 15:15:28:143</time></pt><pt><x>160</x><y>288</y><time>26-01-21 15:15:28:559</time></pt><pt><x>161</x><y>292</y><time>26-01-21 15:15:28:900</time></pt><pt><x>161</x><y>297</y><time>26-01-21 15:15:29:243</time></pt><pt><x>159</x><y>306</y><time>26-01-21 15:15:31:002</time></pt><pt><x>159</x><y>311</y><time>26-01-21 15:15:31:356</time></pt><pt><x>157</x><y>314</y><time>26-01-21 15:15:31:680</time></pt><pt><x>155</x><y>317</y><time>26-01-21 15:15:31:961</time></pt><pt><x>152</x><y>320</y><time>26-01-21 15:15:32:175</time></pt><pt><x>151</x><y>329</y><time>26-01-21 15:15:32:543</time></pt><pt><x>152</x><y>341</y><time>26-01-21 15:15:33:195</time></pt><pt><x>156</x><y>345</y><time>26-01-21 15:15:33:495</time></pt><pt><x>168</x><y>344</y><time>26-01-21 15:15:33:855</time></pt><pt><x>192</x><y>340</y><time>26-01-21 15:15:34:509</time></pt><pt><x>200</x><y>337</y><time>26-01-21 15:15:34:978</time></pt><pt><x>200</x><y>332</y><time>26-01-21 15:15:35:325</time></pt><pt><x>198</x><y>328</y><time>26-01-21 15:15:35:543</time></pt><pt><x>190</x><y>323</y><time>26-01-21 15:15:35:920</time></pt><pt><x>186</x><y>315</y><time>26-01-21 15:15:38:475</time></pt><pt><x>182</x><y>309</y><time>26-01-21 15:15:38:804</time></pt><pt><x>180</x><y>307</y><time>26-01-21 15:15:39:009</time></pt><pt><x>178</x><y>300</y><time>26-01-21 15:15:39:262</time></pt><pt><x>184</x><y>287</y><time>26-01-21 15:15:39:810</time></pt><pt><x>189</x><y>271</y><time>26-01-21 15:15:40:471</time></pt><pt><x>194</x><y>244</y><time>26-01-21 15:15:41:437</time></pt><pt><x>193</x><y>232</y><time>26-01-21 15:15:41:816</time></pt><pt><x>194</x><y>224</y><time>26-01-21 15:15:42:057</time></pt><pt><x>196</x><y>218</y><time>26-01-21 15:15:42:261</time></pt><pt><x>199</x><y>212</y><time>26-01-21 15:15:42:578</time></pt><pt><x>202</x><y>211</y><time>26-01-21 15:15:42:812</time></pt><pt><x>207</x><y>210</y><time>26-01-21 15:15:43:088</time></pt><pt><x>210</x><y>207</y><time>26-01-21 15:15:43:428</time></pt><pt><x>211</x><y>199</y><time>26-01-21 15:15:43:793</time></pt><pt><x>221</x><y>176</y><time>26-01-21 15:15:44:965</time></pt><pt><x>226</x><y>161</y><time>26-01-21 15:15:45:499</time></pt><pt><x>231</x><y>148</y><time>26-01-21 15:15:46:576</time></pt><pt><x>232</x><y>145</y><time>26-01-21 15:15:46:835</time></pt><pt><x>233</x><y>143</y><time>26-01-21 15:15:47:026</time></pt><pt><x>236</x><y>142</y><time>26-01-21 15:15:47:173</time></pt><pt><x>237</x><y>139</y><time>26-01-21 15:15:47:379</time></pt><pt><x>237</x><y>136</y><time>26-01-21 15:15:47:541</time></pt><pt><x>236</x><y>134</y><time>26-01-21 15:15:47:691</time></pt><pt><x>238</x><y>131</y><time>26-01-21 15:15:47:887</time></pt><pt><x>240</x><y>125</y><time>26-01-21 15:15:48:149</time></pt><pt><x>242</x><y>118</y><time>26-01-21 15:15:48:516</time></pt><pt><x>241</x><y>72</y><time>26-01-21 15:15:49:647</time></pt><pt><x>240</x><y>54</y><time>26-01-21 15:15:50:410</time></pt><pt><x>237</x><y>36</y><time>26-01-21 15:15:51:518</time></pt><pt><x>232</x><y>23</y><time>26-01-21 15:15:55:902</time></pt><pt><x>226</x><y>17</y><time>26-01-21 15:15:56:421</time></pt><pt><x>220</x><y>12</y><time>26-01-21 15:15:56:751</time></pt><pt><x>217</x><y>10</y><time>26-01-21 15:15:57:009</time></pt><pt><x>216</x><y>7</y><time>26-01-21 15:15:57:184</time></pt><pt><x>214</x><y>5</y><time>26-01-21 15:15:57:405</time></pt><pt><x>212</x><y>4</y><time>26-01-21 15:15:57:616</time></pt><pt><x>212</x><y>2</y><time>26-01-21 15:15:58:031</time></pt><pt><x>212</x><y>0</y><time>26-01-21 15:15:58:284</time></pt><closed_date>26-01-21 15:15:59:756</closed_date></polygon></object><object><name>person</name><deleted>0</deleted><verified>0</verified><occluded>no</occluded><attributes></attributes><parts><hasparts></hasparts><ispartof></ispartof></parts><date>26-01-21 15:17:02:551</date><id>1</id><polygon><username>7hao</username><pt><x>399</x><y>47</y><time>26-01-21 15:16:06:287</time></pt><pt><x>393</x><y>43</y><time>26-01-21 15:16:06:691</time></pt><pt><x>386</x><y>41</y><time>26-01-21 15:16:07:030</time></pt><pt><x>380</x><y>41</y><time>26-01-21 15:16:07:289</time></pt><pt><x>375</x><y>43</y><time>26-01-21 15:16:07:549</time></pt><pt><x>370</x><y>45</y><time>26-01-21 15:16:07:973</time></pt><pt><x>369</x><y>47</y><time>26-01-21 15:16:08:443</time></pt><pt><x>369</x><y>50</y><time>26-01-21 15:16:08:710</time></pt><pt><x>369</x><y>53</y><time>26-01-21 15:16:08:972</time></pt><pt><x>369</x><y>54</y><time>26-01-21 15:16:09:177</time></pt><pt><x>368</x><y>56</y><time>26-01-21 15:16:09:358</time></pt><pt><x>369</x><y>60</y><time>26-01-21 15:16:09:623</time></pt><pt><x>369</x><y>62</y><time>26-01-21 15:16:09:803</time></pt><pt><x>368</x><y>63</y><time>26-01-21 15:16:09:953</time></pt><pt><x>368</x><y>65</y><time>26-01-21 15:16:10:141</time></pt><pt><x>369</x><y>69</y><time>26-01-21 15:16:10:386</time></pt><pt><x>373</x><y>73</y><time>26-01-21 15:16:10:636</time></pt><pt><x>376</x><y>75</y><time>26-01-21 15:16:10:866</time></pt><pt><x>379</x><y>77</y><time>26-01-21 15:16:11:023</time></pt><pt><x>378</x><y>83</y><time>26-01-21 15:16:11:431</time></pt><pt><x>371</x><y>86</y><time>26-01-21 15:16:12:293</time></pt><pt><x>357</x><y>88</y><time>26-01-21 15:16:13:001</time></pt><pt><x>355</x><y>88</y><time>26-01-21 15:16:13:323</time></pt><pt><x>354</x><y>87</y><time>26-01-21 15:16:13:614</time></pt><pt><x>355</x><y>84</y><time>26-01-21 15:16:13:779</time></pt><pt><x>357</x><y>82</y><time>26-01-21 15:16:14:045</time></pt><pt><x>359</x><y>78</y><time>26-01-21 15:16:14:220</time></pt><pt><x>360</x><y>72</y><time>26-01-21 15:16:14:558</time></pt><pt><x>363</x><y>69</y><time>26-01-21 15:16:14:848</time></pt><pt><x>366</x><y>66</y><time>26-01-21 15:16:15:091</time></pt><pt><x>367</x><y>62</y><time>26-01-21 15:16:15:469</time></pt><pt><x>367</x><y>60</y><time>26-01-21 15:16:15:845</time></pt><pt><x>367</x><y>56</y><time>26-01-21 15:16:16:199</time></pt><pt><x>367</x><y>54</y><time>26-01-21 15:16:16:492</time></pt><pt><x>367</x><y>52</y><time>26-01-21 15:16:16:719</time></pt><pt><x>367</x><y>49</y><time>26-01-21 15:16:17:411</time></pt><pt><x>364</x><y>49</y><time>26-01-21 15:16:17:662</time></pt><pt><x>361</x><y>50</y><time>26-01-21 15:16:17:866</time></pt><pt><x>358</x><y>56</y><time>26-01-21 15:16:18:101</time></pt><pt><x>357</x><y>60</y><time>26-01-21 15:16:18:418</time></pt><pt><x>355</x><y>64</y><time>26-01-21 15:16:18:571</time></pt><pt><x>351</x><y>69</y><time>26-01-21 15:16:18:761</time></pt><pt><x>347</x><y>75</y><time>26-01-21 15:16:19:055</time></pt><pt><x>341</x><y>84</y><time>26-01-21 15:16:19:352</time></pt><pt><x>335</x><y>96</y><time>26-01-21 15:16:19:695</time></pt><pt><x>335</x><y>103</y><time>26-01-21 15:16:19:941</time></pt><pt><x>339</x><y>106</y><time>26-01-21 15:16:20:231</time></pt><pt><x>347</x><y>108</y><time>26-01-21 15:16:20:506</time></pt><pt><x>357</x><y>110</y><time>26-01-21 15:16:20:843</time></pt><pt><x>360</x><y>110</y><time>26-01-21 15:16:20:983</time></pt><pt><x>362</x><y>115</y><time>26-01-21 15:16:22:445</time></pt><pt><x>363</x><y>121</y><time>26-01-21 15:16:22:754</time></pt><pt><x>361</x><y>135</y><time>26-01-21 15:16:23:129</time></pt><pt><x>361</x><y>158</y><time>26-01-21 15:16:23:592</time></pt><pt><x>360</x><y>165</y><time>26-01-21 15:16:23:884</time></pt><pt><x>360</x><y>169</y><time>26-01-21 15:16:24:080</time></pt><pt><x>360</x><y>175</y><time>26-01-21 15:16:24:466</time></pt><pt><x>358</x><y>196</y><time>26-01-21 15:16:25:615</time></pt><pt><x>358</x><y>213</y><time>26-01-21 15:16:25:904</time></pt><pt><x>360</x><y>222</y><time>26-01-21 15:16:26:084</time></pt><pt><x>362</x><y>230</y><time>26-01-21 15:16:26:336</time></pt><pt><x>363</x><y>233</y><time>26-01-21 15:16:26:523</time></pt><pt><x>361</x><y>241</y><time>26-01-21 15:16:26:713</time></pt><pt><x>357</x><y>251</y><time>26-01-21 15:16:27:932</time></pt><pt><x>358</x><y>258</y><time>26-01-21 15:16:28:105</time></pt><pt><x>358</x><y>266</y><time>26-01-21 15:16:28:261</time></pt><pt><x>358</x><y>275</y><time>26-01-21 15:16:28:586</time></pt><pt><x>358</x><y>279</y><time>26-01-21 15:16:28:763</time></pt><pt><x>357</x><y>282</y><time>26-01-21 15:16:28:938</time></pt><pt><x>358</x><y>284</y><time>26-01-21 15:16:29:078</time></pt><pt><x>358</x><y>287</y><time>26-01-21 15:16:29:281</time></pt><pt><x>356</x><y>297</y><time>26-01-21 15:16:30:288</time></pt><pt><x>354</x><y>302</y><time>26-01-21 15:16:30:486</time></pt><pt><x>351</x><y>305</y><time>26-01-21 15:16:30:641</time></pt><pt><x>350</x><y>309</y><time>26-01-21 15:16:30:845</time></pt><pt><x>353</x><y>312</y><time>26-01-21 15:16:31:020</time></pt><pt><x>363</x><y>311</y><time>26-01-21 15:16:31:366</time></pt><pt><x>368</x><y>310</y><time>26-01-21 15:16:31:679</time></pt><pt><x>370</x><y>308</y><time>26-01-21 15:16:31:851</time></pt><pt><x>371</x><y>307</y><time>26-01-21 15:16:32:056</time></pt><pt><x>371</x><y>304</y><time>26-01-21 15:16:32:214</time></pt><pt><x>371</x><y>296</y><time>26-01-21 15:16:32:417</time></pt><pt><x>375</x><y>280</y><time>26-01-21 15:16:32:852</time></pt><pt><x>376</x><y>263</y><time>26-01-21 15:16:33:337</time></pt><pt><x>380</x><y>245</y><time>26-01-21 15:16:34:303</time></pt><pt><x>382</x><y>235</y><time>26-01-21 15:16:34:593</time></pt><pt><x>383</x><y>230</y><time>26-01-21 15:16:34:736</time></pt><pt><x>384</x><y>222</y><time>26-01-21 15:16:35:065</time></pt><pt><x>386</x><y>250</y><time>26-01-21 15:16:35:758</time></pt><pt><x>386</x><y>270</y><time>26-01-21 15:16:36:214</time></pt><pt><x>386</x><y>283</y><time>26-01-21 15:16:36:473</time></pt><pt><x>387</x><y>287</y><time>26-01-21 15:16:36:654</time></pt><pt><x>389</x><y>295</y><time>26-01-21 15:16:37:030</time></pt><pt><x>388</x><y>300</y><time>26-01-21 15:16:37:274</time></pt><pt><x>388</x><y>304</y><time>26-01-21 15:16:38:703</time></pt><pt><x>390</x><y>307</y><time>26-01-21 15:16:38:925</time></pt><pt><x>393</x><y>307</y><time>26-01-21 15:16:39:091</time></pt><pt><x>397</x><y>309</y><time>26-01-21 15:16:39:326</time></pt><pt><x>401</x><y>311</y><time>26-01-21 15:16:39:489</time></pt><pt><x>411</x><y>311</y><time>26-01-21 15:16:39:836</time></pt><pt><x>413</x><y>307</y><time>26-01-21 15:16:40:206</time></pt><pt><x>412</x><y>303</y><time>26-01-21 15:16:40:379</time></pt><pt><x>408</x><y>299</y><time>26-01-21 15:16:40:630</time></pt><pt><x>403</x><y>293</y><time>26-01-21 15:16:40:895</time></pt><pt><x>401</x><y>289</y><time>26-01-21 15:16:41:087</time></pt><pt><x>402</x><y>284</y><time>26-01-21 15:16:41:289</time></pt><pt><x>404</x><y>278</y><time>26-01-21 15:16:41:485</time></pt><pt><x>404</x><y>264</y><time>26-01-21 15:16:41:847</time></pt><pt><x>408</x><y>227</y><time>26-01-21 15:16:42:829</time></pt><pt><x>409</x><y>210</y><time>26-01-21 15:16:43:205</time></pt><pt><x>412</x><y>197</y><time>26-01-21 15:16:43:652</time></pt><pt><x>415</x><y>182</y><time>26-01-21 15:16:44:997</time></pt><pt><x>414</x><y>176</y><time>26-01-21 15:16:45:328</time></pt><pt><x>413</x><y>172</y><time>26-01-21 15:16:45:494</time></pt><pt><x>414</x><y>163</y><time>26-01-21 15:16:46:076</time></pt><pt><x>414</x><y>157</y><time>26-01-21 15:16:46:271</time></pt><pt><x>414</x><y>153</y><time>26-01-21 15:16:46:443</time></pt><pt><x>414</x><y>145</y><time>26-01-21 15:16:46:875</time></pt><pt><x>415</x><y>143</y><time>26-01-21 15:16:47:223</time></pt><pt><x>417</x><y>154</y><time>26-01-21 15:16:47:680</time></pt><pt><x>418</x><y>168</y><time>26-01-21 15:16:48:150</time></pt><pt><x>418</x><y>173</y><time>26-01-21 15:16:48:399</time></pt><pt><x>419</x><y>177</y><time>26-01-21 15:16:48:567</time></pt><pt><x>418</x><y>180</y><time>26-01-21 15:16:48:810</time></pt><pt><x>416</x><y>183</y><time>26-01-21 15:16:49:177</time></pt><pt><x>416</x><y>187</y><time>26-01-21 15:16:49:501</time></pt><pt><x>416</x><y>193</y><time>26-01-21 15:16:49:870</time></pt><pt><x>417</x><y>195</y><time>26-01-21 15:16:50:066</time></pt><pt><x>419</x><y>196</y><time>26-01-21 15:16:50:427</time></pt><pt><x>424</x><y>195</y><time>26-01-21 15:16:50:673</time></pt><pt><x>427</x><y>192</y><time>26-01-21 15:16:50:890</time></pt><pt><x>427</x><y>184</y><time>26-01-21 15:16:51:141</time></pt><pt><x>428</x><y>179</y><time>26-01-21 15:16:51:330</time></pt><pt><x>429</x><y>174</y><time>26-01-21 15:16:51:535</time></pt><pt><x>431</x><y>166</y><time>26-01-21 15:16:51:866</time></pt><pt><x>430</x><y>154</y><time>26-01-21 15:16:52:228</time></pt><pt><x>429</x><y>123</y><time>26-01-21 15:16:53:530</time></pt><pt><x>425</x><y>104</y><time>26-01-21 15:16:53:995</time></pt><pt><x>422</x><y>92</y><time>26-01-21 15:16:55:016</time></pt><pt><x>418</x><y>89</y><time>26-01-21 15:16:55:277</time></pt><pt><x>409</x><y>86</y><time>26-01-21 15:16:55:639</time></pt><pt><x>400</x><y>83</y><time>26-01-21 15:16:56:085</time></pt><pt><x>398</x><y>81</y><time>26-01-21 15:16:56:336</time></pt><pt><x>398</x><y>77</y><time>26-01-21 15:16:56:541</time></pt><pt><x>401</x><y>71</y><time>26-01-21 15:16:56:886</time></pt><pt><x>400</x><y>64</y><time>26-01-21 15:16:57:544</time></pt><pt><x>399</x><y>58</y><time>26-01-21 15:16:57:822</time></pt><pt><x>399</x><y>54</y><time>26-01-21 15:16:58:177</time></pt><pt><x>399</x><y>51</y><time>26-01-21 15:16:59:825</time></pt><closed_date>26-01-21 15:17:00:115</closed_date></polygon></object><object><name>person</name><deleted>0</deleted><verified>0</verified><occluded>no</occluded><attributes></attributes><parts><hasparts></hasparts><ispartof></ispartof></parts><date>26-01-21 15:21:45:854</date><id>2</id><polygon><username>7hao</username><pt><x>579</x><y>0</y><time>26-01-21 15:20:24:675</time></pt><pt><x>581</x><y>2</y><time>26-01-21 15:20:25:736</time></pt><pt><x>581</x><y>4</y><time>26-01-21 15:20:26:174</time></pt><pt><x>580</x><y>5</y><time>26-01-21 15:20:26:435</time></pt><pt><x>576</x><y>6</y><time>26-01-21 15:20:26:630</time></pt><pt><x>575</x><y>7</y><time>26-01-21 15:20:26:819</time></pt><pt><x>574</x><y>8</y><time>26-01-21 15:20:27:006</time></pt><pt><x>573</x><y>10</y><time>26-01-21 15:20:27:198</time></pt><pt><x>572</x><y>12</y><time>26-01-21 15:20:27:353</time></pt><pt><x>572</x><y>16</y><time>26-01-21 15:20:27:528</time></pt><pt><x>572</x><y>19</y><time>26-01-21 15:20:27:715</time></pt><pt><x>571</x><y>20</y><time>26-01-21 15:20:27:937</time></pt><pt><x>566</x><y>22</y><time>26-01-21 15:20:28:195</time></pt><pt><x>561</x><y>23</y><time>26-01-21 15:20:28:478</time></pt><pt><x>555</x><y>27</y><time>26-01-21 15:20:28:790</time></pt><pt><x>549</x><y>38</y><time>26-01-21 15:20:29:295</time></pt><pt><x>545</x><y>49</y><time>26-01-21 15:20:29:773</time></pt><pt><x>542</x><y>61</y><time>26-01-21 15:20:30:159</time></pt><pt><x>536</x><y>74</y><time>26-01-21 15:20:31:402</time></pt><pt><x>533</x><y>84</y><time>26-01-21 15:20:31:716</time></pt><pt><x>525</x><y>92</y><time>26-01-21 15:20:32:179</time></pt><pt><x>522</x><y>97</y><time>26-01-21 15:20:32:413</time></pt><pt><x>518</x><y>106</y><time>26-01-21 15:20:32:855</time></pt><pt><x>509</x><y>116</y><time>26-01-21 15:20:33:619</time></pt><pt><x>507</x><y>121</y><time>26-01-21 15:20:33:949</time></pt><pt><x>506</x><y>127</y><time>26-01-21 15:20:34:632</time></pt><pt><x>502</x><y>128</y><time>26-01-21 15:20:34:967</time></pt><pt><x>497</x><y>135</y><time>26-01-21 15:20:40:014</time></pt><pt><x>497</x><y>138</y><time>26-01-21 15:20:40:320</time></pt><pt><x>498</x><y>144</y><time>26-01-21 15:20:40:501</time></pt><pt><x>501</x><y>149</y><time>26-01-21 15:20:40:783</time></pt><pt><x>506</x><y>151</y><time>26-01-21 15:20:41:123</time></pt><pt><x>510</x><y>151</y><time>26-01-21 15:20:41:333</time></pt><pt><x>513</x><y>148</y><time>26-01-21 15:20:41:680</time></pt><pt><x>509</x><y>147</y><time>26-01-21 15:20:41:930</time></pt><pt><x>509</x><y>145</y><time>26-01-21 15:20:42:120</time></pt><pt><x>514</x><y>139</y><time>26-01-21 15:20:42:575</time></pt><pt><x>518</x><y>134</y><time>26-01-21 15:20:42:913</time></pt><pt><x>527</x><y>128</y><time>26-01-21 15:20:43:180</time></pt><pt><x>538</x><y>119</y><time>26-01-21 15:20:43:618</time></pt><pt><x>549</x><y>106</y><time>26-01-21 15:20:44:270</time></pt><pt><x>553</x><y>101</y><time>26-01-21 15:20:44:593</time></pt><pt><x>554</x><y>98</y><time>26-01-21 15:20:44:844</time></pt><pt><x>554</x><y>103</y><time>26-01-21 15:20:45:231</time></pt><pt><x>552</x><y>116</y><time>26-01-21 15:20:45:656</time></pt><pt><x>552</x><y>119</y><time>26-01-21 15:20:45:819</time></pt><pt><x>552</x><y>123</y><time>26-01-21 15:20:45:977</time></pt><pt><x>554</x><y>127</y><time>26-01-21 15:20:46:127</time></pt><pt><x>557</x><y>137</y><time>26-01-21 15:20:46:433</time></pt><pt><x>556</x><y>155</y><time>26-01-21 15:20:47:675</time></pt><pt><x>556</x><y>160</y><time>26-01-21 15:20:47:822</time></pt><pt><x>556</x><y>166</y><time>26-01-21 15:20:47:965</time></pt><pt><x>557</x><y>172</y><time>26-01-21 15:20:48:129</time></pt><pt><x>560</x><y>177</y><time>26-01-21 15:20:48:295</time></pt><pt><x>562</x><y>184</y><time>26-01-21 15:20:48:585</time></pt><pt><x>562</x><y>190</y><time>26-01-21 15:20:48:743</time></pt><pt><x>563</x><y>205</y><time>26-01-21 15:20:49:175</time></pt><pt><x>562</x><y>210</y><time>26-01-21 15:20:49:411</time></pt><pt><x>565</x><y>217</y><time>26-01-21 15:20:49:916</time></pt><pt><x>573</x><y>239</y><time>26-01-21 15:20:51:205</time></pt><pt><x>575</x><y>249</y><time>26-01-21 15:20:51:485</time></pt><pt><x>576</x><y>255</y><time>26-01-21 15:20:51:651</time></pt><pt><x>576</x><y>261</y><time>26-01-21 15:20:51:895</time></pt><pt><x>575</x><y>268</y><time>26-01-21 15:20:52:069</time></pt><pt><x>573</x><y>275</y><time>26-01-21 15:20:52:397</time></pt><pt><x>568</x><y>296</y><time>26-01-21 15:20:53:591</time></pt><pt><x>568</x><y>301</y><time>26-01-21 15:20:53:787</time></pt><pt><x>567</x><y>306</y><time>26-01-21 15:20:53:946</time></pt><pt><x>563</x><y>313</y><time>26-01-21 15:20:54:195</time></pt><pt><x>557</x><y>320</y><time>26-01-21 15:20:54:447</time></pt><pt><x>552</x><y>327</y><time>26-01-21 15:20:54:731</time></pt><pt><x>551</x><y>331</y><time>26-01-21 15:20:54:887</time></pt><pt><x>550</x><y>336</y><time>26-01-21 15:20:55:140</time></pt><pt><x>546</x><y>338</y><time>26-01-21 15:20:55:312</time></pt><pt><x>543</x><y>342</y><time>26-01-21 15:20:55:627</time></pt><pt><x>545</x><y>348</y><time>26-01-21 15:20:55:817</time></pt><pt><x>555</x><y>350</y><time>26-01-21 15:20:56:334</time></pt><pt><x>564</x><y>355</y><time>26-01-21 15:20:56:695</time></pt><pt><x>570</x><y>359</y><time>26-01-21 15:20:56:907</time></pt><pt><x>573</x><y>360</y><time>26-01-21 15:20:57:071</time></pt><pt><x>578</x><y>359</y><time>26-01-21 15:20:57:338</time></pt><pt><x>582</x><y>349</y><time>26-01-21 15:20:57:653</time></pt><pt><x>584</x><y>341</y><time>26-01-21 15:21:01:376</time></pt><pt><x>587</x><y>337</y><time>26-01-21 15:21:01:677</time></pt><pt><x>589</x><y>334</y><time>26-01-21 15:21:01:860</time></pt><pt><x>589</x><y>330</y><time>26-01-21 15:21:02:032</time></pt><pt><x>588</x><y>328</y><time>26-01-21 15:21:02:189</time></pt><pt><x>587</x><y>324</y><time>26-01-21 15:21:02:392</time></pt><pt><x>589</x><y>319</y><time>26-01-21 15:21:02:581</time></pt><pt><x>594</x><y>312</y><time>26-01-21 15:21:03:217</time></pt><pt><x>596</x><y>308</y><time>26-01-21 15:21:03:445</time></pt><pt><x>597</x><y>306</y><time>26-01-21 15:21:03:649</time></pt><pt><x>599</x><y>306</y><time>26-01-21 15:21:03:878</time></pt><pt><x>602</x><y>309</y><time>26-01-21 15:21:04:057</time></pt><pt><x>605</x><y>311</y><time>26-01-21 15:21:04:277</time></pt><pt><x>608</x><y>313</y><time>26-01-21 15:21:04:520</time></pt><pt><x>612</x><y>316</y><time>26-01-21 15:21:14:714</time></pt><pt><x>612</x><y>318</y><time>26-01-21 15:21:15:234</time></pt><pt><x>607</x><y>321</y><time>26-01-21 15:21:15:549</time></pt><pt><x>604</x><y>324</y><time>26-01-21 15:21:15:908</time></pt><pt><x>602</x><y>326</y><time>26-01-21 15:21:16:109</time></pt><pt><x>599</x><y>328</y><time>26-01-21 15:21:16:388</time></pt><pt><x>598</x><y>330</y><time>26-01-21 15:21:16:553</time></pt><pt><x>594</x><y>332</y><time>26-01-21 15:21:16:788</time></pt><pt><x>591</x><y>332</y><time>26-01-21 15:21:17:089</time></pt><pt><x>590</x><y>334</y><time>26-01-21 15:21:17:668</time></pt><pt><x>588</x><y>338</y><time>26-01-21 15:21:18:360</time></pt><pt><x>586</x><y>341</y><time>26-01-21 15:21:18:926</time></pt><pt><x>585</x><y>342</y><time>26-01-21 15:21:19:233</time></pt><pt><x>586</x><y>344</y><time>26-01-21 15:21:19:555</time></pt><pt><x>589</x><y>345</y><time>26-01-21 15:21:19:752</time></pt><pt><x>605</x><y>345</y><time>26-01-21 15:21:20:450</time></pt><pt><x>618</x><y>344</y><time>26-01-21 15:21:20:812</time></pt><pt><x>628</x><y>344</y><time>26-01-21 15:21:21:090</time></pt><pt><x>633</x><y>344</y><time>26-01-21 15:21:21:276</time></pt><pt><x>638</x><y>345</y><time>26-01-21 15:21:23:296</time></pt><pt><x>639</x><y>345</y><time>26-01-21 15:21:25:378</time></pt><pt><x>639</x><y>345</y><time>26-01-21 15:21:26:228</time></pt><pt><x>640</x><y>303</y><time>26-01-21 15:21:27:439</time></pt><pt><x>633</x><y>294</y><time>26-01-21 15:21:28:372</time></pt><pt><x>630</x><y>287</y><time>26-01-21 15:21:28:804</time></pt><pt><x>628</x><y>281</y><time>26-01-21 15:21:29:025</time></pt><pt><x>626</x><y>271</y><time>26-01-21 15:21:29:513</time></pt><pt><x>620</x><y>252</y><time>26-01-21 15:21:31:077</time></pt><pt><x>618</x><y>250</y><time>26-01-21 15:21:31:323</time></pt><pt><x>617</x><y>248</y><time>26-01-21 15:21:31:462</time></pt><pt><x>619</x><y>241</y><time>26-01-21 15:21:31:738</time></pt><pt><x>622</x><y>227</y><time>26-01-21 15:21:32:211</time></pt><pt><x>626</x><y>189</y><time>26-01-21 15:21:33:520</time></pt><pt><x>628</x><y>180</y><time>26-01-21 15:21:33:772</time></pt><pt><x>633</x><y>167</y><time>26-01-21 15:21:34:149</time></pt><pt><x>636</x><y>157</y><time>26-01-21 15:21:34:558</time></pt><pt><x>637</x><y>150</y><time>26-01-21 15:21:34:866</time></pt><pt><x>639</x><y>143</y><time>26-01-21 15:21:35:251</time></pt><pt><x>639</x><y>135</y><time>26-01-21 15:21:36:799</time></pt><pt><x>640</x><y>131</y><time>26-01-21 15:21:37:159</time></pt><pt><x>640</x><y>0</y><time>26-01-21 15:21:41:595</time></pt><closed_date>26-01-21 15:21:43:088</closed_date></polygon></object></annotation>