<annotation><filename>frame0060.jpg</filename><folder>users/lab605//7hao/human_20210119_4</folder><source><submittedBy>lab605</submittedBy></source><imagesize><nrows>480</nrows><ncols>640</ncols></imagesize><object><name>person</name><deleted>0</deleted><verified>0</verified><occluded>no</occluded><attributes></attributes><parts><hasparts></hasparts><ispartof></ispartof></parts><date>25-01-21 21:39:44:021</date><id>0</id><polygon><username>7hao</username><pt><x>359</x><y>23</y><time>25-01-21 21:38:55:840</time></pt><pt><x>359</x><y>18</y><time>25-01-21 21:38:56:099</time></pt><pt><x>360</x><y>14</y><time>25-01-21 21:38:56:261</time></pt><pt><x>360</x><y>12</y><time>25-01-21 21:38:56:443</time></pt><pt><x>360</x><y>7</y><time>25-01-21 21:38:56:672</time></pt><pt><x>363</x><y>3</y><time>25-01-21 21:38:56:875</time></pt><pt><x>364</x><y>1</y><time>25-01-21 21:38:57:103</time></pt><pt><x>327</x><y>1</y><time>25-01-21 21:38:58:361</time></pt><pt><x>326</x><y>5</y><time>25-01-21 21:38:58:668</time></pt><pt><x>326</x><y>11</y><time>25-01-21 21:38:58:834</time></pt><pt><x>326</x><y>15</y><time>25-01-21 21:38:58:986</time></pt><pt><x>325</x><y>18</y><time>25-01-21 21:38:59:140</time></pt><pt><x>325</x><y>20</y><time>25-01-21 21:38:59:283</time></pt><pt><x>325</x><y>26</y><time>25-01-21 21:38:59:454</time></pt><pt><x>325</x><y>30</y><time>25-01-21 21:38:59:613</time></pt><pt><x>325</x><y>34</y><time>25-01-21 21:38:59:778</time></pt><pt><x>324</x><y>37</y><time>25-01-21 21:38:59:935</time></pt><pt><x>319</x><y>41</y><time>25-01-21 21:39:00:092</time></pt><pt><x>315</x><y>43</y><time>25-01-21 21:39:00:251</time></pt><pt><x>312</x><y>63</y><time>25-01-21 21:39:03:025</time></pt><pt><x>313</x><y>126</y><time>25-01-21 21:39:08:739</time></pt><pt><x>313</x><y>138</y><time>25-01-21 21:39:09:045</time></pt><pt><x>314</x><y>146</y><time>25-01-21 21:39:09:236</time></pt><pt><x>315</x><y>152</y><time>25-01-21 21:39:09:425</time></pt><pt><x>318</x><y>159</y><time>25-01-21 21:39:09:612</time></pt><pt><x>320</x><y>165</y><time>25-01-21 21:39:09:795</time></pt><pt><x>325</x><y>181</y><time>25-01-21 21:39:10:996</time></pt><pt><x>327</x><y>189</y><time>25-01-21 21:39:11:186</time></pt><pt><x>327</x><y>199</y><time>25-01-21 21:39:12:218</time></pt><pt><x>325</x><y>207</y><time>25-01-21 21:39:12:420</time></pt><pt><x>322</x><y>213</y><time>25-01-21 21:39:12:577</time></pt><pt><x>322</x><y>223</y><time>25-01-21 21:39:12:742</time></pt><pt><x>325</x><y>231</y><time>25-01-21 21:39:12:892</time></pt><pt><x>324</x><y>241</y><time>25-01-21 21:39:17:405</time></pt><pt><x>323</x><y>248</y><time>25-01-21 21:39:17:663</time></pt><pt><x>320</x><y>257</y><time>25-01-21 21:39:17:971</time></pt><pt><x>317</x><y>263</y><time>25-01-21 21:39:18:134</time></pt><pt><x>317</x><y>273</y><time>25-01-21 21:39:18:450</time></pt><pt><x>316</x><y>279</y><time>25-01-21 21:39:18:655</time></pt><pt><x>312</x><y>286</y><time>25-01-21 21:39:18:891</time></pt><pt><x>309</x><y>290</y><time>25-01-21 21:39:19:079</time></pt><pt><x>301</x><y>295</y><time>25-01-21 21:39:19:408</time></pt><pt><x>300</x><y>299</y><time>25-01-21 21:39:19:577</time></pt><pt><x>298</x><y>302</y><time>25-01-21 21:39:19:739</time></pt><pt><x>293</x><y>303</y><time>25-01-21 21:39:19:938</time></pt><pt><x>290</x><y>305</y><time>25-01-21 21:39:20:170</time></pt><pt><x>289</x><y>310</y><time>25-01-21 21:39:20:369</time></pt><pt><x>294</x><y>313</y><time>25-01-21 21:39:20:559</time></pt><pt><x>304</x><y>314</y><time>25-01-21 21:39:20:761</time></pt><pt><x>310</x><y>316</y><time>25-01-21 21:39:20:975</time></pt><pt><x>315</x><y>317</y><time>25-01-21 21:39:21:148</time></pt><pt><x>321</x><y>316</y><time>25-01-21 21:39:21:360</time></pt><pt><x>323</x><y>313</y><time>25-01-21 21:39:21:574</time></pt><pt><x>323</x><y>307</y><time>25-01-21 21:39:21:746</time></pt><pt><x>321</x><y>301</y><time>25-01-21 21:39:21:924</time></pt><pt><x>320</x><y>294</y><time>25-01-21 21:39:22:115</time></pt><pt><x>323</x><y>287</y><time>25-01-21 21:39:22:338</time></pt><pt><x>326</x><y>282</y><time>25-01-21 21:39:22:563</time></pt><pt><x>330</x><y>273</y><time>25-01-21 21:39:22:821</time></pt><pt><x>337</x><y>262</y><time>25-01-21 21:39:23:183</time></pt><pt><x>342</x><y>250</y><time>25-01-21 21:39:23:483</time></pt><pt><x>344</x><y>237</y><time>25-01-21 21:39:23:749</time></pt><pt><x>344</x><y>229</y><time>25-01-21 21:39:23:993</time></pt><pt><x>345</x><y>223</y><time>25-01-21 21:39:24:253</time></pt><pt><x>348</x><y>222</y><time>25-01-21 21:39:24:521</time></pt><pt><x>353</x><y>226</y><time>25-01-21 21:39:24:709</time></pt><pt><x>357</x><y>230</y><time>25-01-21 21:39:24:882</time></pt><pt><x>361</x><y>238</y><time>25-01-21 21:39:25:081</time></pt><pt><x>365</x><y>244</y><time>25-01-21 21:39:25:253</time></pt><pt><x>370</x><y>255</y><time>25-01-21 21:39:25:472</time></pt><pt><x>372</x><y>264</y><time>25-01-21 21:39:25:679</time></pt><pt><x>378</x><y>275</y><time>25-01-21 21:39:25:881</time></pt><pt><x>383</x><y>284</y><time>25-01-21 21:39:26:085</time></pt><pt><x>387</x><y>293</y><time>25-01-21 21:39:26:354</time></pt><pt><x>385</x><y>303</y><time>25-01-21 21:39:26:560</time></pt><pt><x>380</x><y>310</y><time>25-01-21 21:39:26:762</time></pt><pt><x>374</x><y>314</y><time>25-01-21 21:39:26:943</time></pt><pt><x>362</x><y>320</y><time>25-01-21 21:39:27:311</time></pt><pt><x>360</x><y>324</y><time>25-01-21 21:39:27:534</time></pt><pt><x>364</x><y>326</y><time>25-01-21 21:39:27:707</time></pt><pt><x>377</x><y>326</y><time>25-01-21 21:39:27:901</time></pt><pt><x>387</x><y>325</y><time>25-01-21 21:39:28:122</time></pt><pt><x>402</x><y>323</y><time>25-01-21 21:39:30:709</time></pt><pt><x>408</x><y>320</y><time>25-01-21 21:39:30:905</time></pt><pt><x>413</x><y>318</y><time>25-01-21 21:39:31:087</time></pt><pt><x>417</x><y>316</y><time>25-01-21 21:39:31:284</time></pt><pt><x>416</x><y>308</y><time>25-01-21 21:39:31:457</time></pt><pt><x>413</x><y>301</y><time>25-01-21 21:39:31:624</time></pt><pt><x>407</x><y>293</y><time>25-01-21 21:39:31:817</time></pt><pt><x>399</x><y>281</y><time>25-01-21 21:39:32:038</time></pt><pt><x>394</x><y>262</y><time>25-01-21 21:39:32:748</time></pt><pt><x>390</x><y>251</y><time>25-01-21 21:39:32:981</time></pt><pt><x>387</x><y>240</y><time>25-01-21 21:39:33:188</time></pt><pt><x>387</x><y>232</y><time>25-01-21 21:39:34:280</time></pt><pt><x>382</x><y>224</y><time>25-01-21 21:39:34:447</time></pt><pt><x>377</x><y>218</y><time>25-01-21 21:39:34:610</time></pt><pt><x>373</x><y>209</y><time>25-01-21 21:39:34:807</time></pt><pt><x>372</x><y>197</y><time>25-01-21 21:39:34:972</time></pt><pt><x>372</x><y>185</y><time>25-01-21 21:39:35:163</time></pt><pt><x>371</x><y>175</y><time>25-01-21 21:39:35:483</time></pt><pt><x>374</x><y>168</y><time>25-01-21 21:39:35:743</time></pt><pt><x>377</x><y>162</y><time>25-01-21 21:39:35:947</time></pt><pt><x>381</x><y>147</y><time>25-01-21 21:39:36:978</time></pt><pt><x>381</x><y>136</y><time>25-01-21 21:39:37:133</time></pt><pt><x>380</x><y>129</y><time>25-01-21 21:39:37:318</time></pt><pt><x>380</x><y>119</y><time>25-01-21 21:39:37:480</time></pt><pt><x>380</x><y>109</y><time>25-01-21 21:39:37:647</time></pt><pt><x>380</x><y>98</y><time>25-01-21 21:39:37:841</time></pt><pt><x>380</x><y>90</y><time>25-01-21 21:39:38:079</time></pt><pt><x>381</x><y>83</y><time>25-01-21 21:39:38:252</time></pt><pt><x>381</x><y>67</y><time>25-01-21 21:39:38:642</time></pt><pt><x>381</x><y>61</y><time>25-01-21 21:39:38:927</time></pt><pt><x>379</x><y>55</y><time>25-01-21 21:39:39:099</time></pt><pt><x>378</x><y>47</y><time>25-01-21 21:39:40:384</time></pt><pt><x>375</x><y>42</y><time>25-01-21 21:39:40:635</time></pt><pt><x>372</x><y>36</y><time>25-01-21 21:39:40:768</time></pt><pt><x>369</x><y>29</y><time>25-01-21 21:39:40:963</time></pt><pt><x>366</x><y>27</y><time>25-01-21 21:39:41:152</time></pt><pt><x>361</x><y>24</y><time>25-01-21 21:39:41:396</time></pt><closed_date>25-01-21 21:39:41:764</closed_date></polygon></object><object><name>person</name><deleted>0</deleted><verified>0</verified><occluded>no</occluded><attributes></attributes><parts><hasparts></hasparts><ispartof></ispartof></parts><date>25-01-21 21:39:54:685</date><id>1</id><polygon><username>7hao</username><pt><x>314</x><y>267</y><time>25-01-21 21:39:48:406</time></pt><pt><x>310</x><y>269</y><time>25-01-21 21:39:48:694</time></pt><pt><x>307</x><y>271</y><time>25-01-21 21:39:49:041</time></pt><pt><x>306</x><y>273</y><time>25-01-21 21:39:49:269</time></pt><pt><x>308</x><y>280</y><time>25-01-21 21:39:49:600</time></pt><pt><x>310</x><y>283</y><time>25-01-21 21:39:49:882</time></pt><pt><x>310</x><y>285</y><time>25-01-21 21:39:50:276</time></pt><pt><x>313</x><y>282</y><time>25-01-21 21:39:50:809</time></pt><pt><x>315</x><y>277</y><time>25-01-21 21:39:51:346</time></pt><pt><x>316</x><y>271</y><time>25-01-21 21:39:51:888</time></pt><closed_date>25-01-21 21:39:52:429</closed_date></polygon></object><object><name>person</name><deleted>0</deleted><verified>0</verified><occluded>no</occluded><attributes></attributes><parts><hasparts></hasparts><ispartof></ispartof></parts><date>25-01-21 21:40:02:445</date><id>2</id><polygon><username>7hao</username><pt><x>323</x><y>296</y><time>25-01-21 21:39:56:436</time></pt><pt><x>327</x><y>296</y><time>25-01-21 21:39:56:829</time></pt><pt><x>331</x><y>296</y><time>25-01-21 21:39:57:573</time></pt><pt><x>332</x><y>293</y><time>25-01-21 21:39:57:857</time></pt><pt><x>330</x><y>291</y><time>25-01-21 21:39:58:061</time></pt><pt><x>330</x><y>288</y><time>25-01-21 21:39:58:280</time></pt><pt><x>328</x><y>284</y><time>25-01-21 21:39:58:587</time></pt><pt><x>325</x><y>286</y><time>25-01-21 21:39:59:384</time></pt><pt><x>323</x><y>290</y><time>25-01-21 21:39:59:847</time></pt><pt><x>322</x><y>293</y><time>25-01-21 21:40:00:271</time></pt><closed_date>25-01-21 21:40:00:617</closed_date></polygon></object><object><name>person</name><deleted>0</deleted><verified>0</verified><occluded>no</occluded><attributes></attributes><parts><hasparts></hasparts><ispartof></ispartof></parts><date>25-01-21 21:40:19:793</date><id>3</id><polygon><username>7hao</username><pt><x>345</x><y>248</y><time>25-01-21 21:40:05:630</time></pt><pt><x>350</x><y>240</y><time>25-01-21 21:40:06:042</time></pt><pt><x>354</x><y>235</y><time>25-01-21 21:40:06:516</time></pt><pt><x>354</x><y>231</y><time>25-01-21 21:40:08:905</time></pt><pt><x>352</x><y>228</y><time>25-01-21 21:40:09:309</time></pt><pt><x>351</x><y>226</y><time>25-01-21 21:40:13:223</time></pt><pt><x>348</x><y>225</y><time>25-01-21 21:40:13:631</time></pt><pt><x>346</x><y>227</y><time>25-01-21 21:40:14:050</time></pt><pt><x>346</x><y>232</y><time>25-01-21 21:40:14:505</time></pt><pt><x>345</x><y>237</y><time>25-01-21 21:40:15:023</time></pt><pt><x>345</x><y>243</y><time>25-01-21 21:40:15:654</time></pt><pt><x>345</x><y>246</y><time>25-01-21 21:40:16:037</time></pt><closed_date>25-01-21 21:40:17:729</closed_date></polygon></object><object><name>person</name><deleted>0</deleted><verified>0</verified><occluded>no</occluded><attributes></attributes><parts><hasparts></hasparts><ispartof></ispartof></parts><date>25-01-21 21:40:36:694</date><id>4</id><polygon><username>7hao</username><pt><x>357</x><y>236</y><time>25-01-21 21:40:24:312</time></pt><pt><x>355</x><y>261</y><time>25-01-21 21:40:25:232</time></pt><pt><x>355</x><y>271</y><time>25-01-21 21:40:25:805</time></pt><pt><x>356</x><y>278</y><time>25-01-21 21:40:25:972</time></pt><pt><x>356</x><y>284</y><time>25-01-21 21:40:26:134</time></pt><pt><x>354</x><y>289</y><time>25-01-21 21:40:26:310</time></pt><pt><x>353</x><y>293</y><time>25-01-21 21:40:26:506</time></pt><pt><x>359</x><y>296</y><time>25-01-21 21:40:26:718</time></pt><pt><x>369</x><y>296</y><time>25-01-21 21:40:26:922</time></pt><pt><x>384</x><y>296</y><time>25-01-21 21:40:27:686</time></pt><pt><x>385</x><y>294</y><time>25-01-21 21:40:28:189</time></pt><pt><x>384</x><y>291</y><time>25-01-21 21:40:28:667</time></pt><pt><x>379</x><y>290</y><time>25-01-21 21:40:29:037</time></pt><pt><x>375</x><y>287</y><time>25-01-21 21:40:29:329</time></pt><pt><x>372</x><y>284</y><time>25-01-21 21:40:29:550</time></pt><pt><x>371</x><y>281</y><time>25-01-21 21:40:29:786</time></pt><pt><x>371</x><y>275</y><time>25-01-21 21:40:30:013</time></pt><pt><x>371</x><y>267</y><time>25-01-21 21:40:30:446</time></pt><pt><x>369</x><y>261</y><time>25-01-21 21:40:31:264</time></pt><pt><x>368</x><y>255</y><time>25-01-21 21:40:31:917</time></pt><pt><x>365</x><y>248</y><time>25-01-21 21:40:32:640</time></pt><pt><x>362</x><y>241</y><time>25-01-21 21:40:33:325</time></pt><closed_date>25-01-21 21:40:34:118</closed_date></polygon></object><object><name>person</name><deleted>0</deleted><verified>0</verified><occluded>no</occluded><attributes></attributes><parts><hasparts></hasparts><ispartof></ispartof></parts><date>25-01-21 21:41:02:930</date><id>5</id><polygon><username>7hao</username><pt><x>374</x><y>181</y><time>25-01-21 21:40:41:406</time></pt><pt><x>376</x><y>185</y><time>25-01-21 21:40:41:730</time></pt><pt><x>376</x><y>189</y><time>25-01-21 21:40:41:991</time></pt><pt><x>377</x><y>194</y><time>25-01-21 21:40:42:185</time></pt><pt><x>377</x><y>198</y><time>25-01-21 21:40:42:335</time></pt><pt><x>379</x><y>201</y><time>25-01-21 21:40:42:523</time></pt><pt><x>386</x><y>202</y><time>25-01-21 21:40:42:793</time></pt><pt><x>388</x><y>199</y><time>25-01-21 21:40:43:020</time></pt><pt><x>388</x><y>192</y><time>25-01-21 21:40:43:216</time></pt><pt><x>387</x><y>188</y><time>25-01-21 21:40:43:407</time></pt><pt><x>386</x><y>185</y><time>25-01-21 21:40:43:561</time></pt><pt><x>383</x><y>176</y><time>25-01-21 21:40:43:813</time></pt><pt><x>382</x><y>169</y><time>25-01-21 21:40:44:075</time></pt><pt><x>380</x><y>162</y><time>25-01-21 21:40:44:497</time></pt><pt><x>379</x><y>160</y><time>25-01-21 21:40:51:291</time></pt><pt><x>378</x><y>165</y><time>25-01-21 21:40:51:905</time></pt><pt><x>376</x><y>169</y><time>25-01-21 21:40:54:791</time></pt><pt><x>373</x><y>175</y><time>25-01-21 21:40:59:935</time></pt><pt><x>373</x><y>178</y><time>25-01-21 21:41:00:477</time></pt><closed_date>25-01-21 21:41:00:870</closed_date></polygon></object></annotation>