<annotation><filename>frame0075.jpg</filename><folder>users/lab605//7hao/human_20210119_4</folder><source><submittedBy>lab605</submittedBy></source><imagesize><nrows>480</nrows><ncols>640</ncols></imagesize><object><name>person</name><deleted>0</deleted><verified>0</verified><occluded>no</occluded><attributes></attributes><parts><hasparts></hasparts><ispartof></ispartof></parts><date>26-01-21 14:39:30:991</date><id>0</id><polygon><username>7hao</username><pt><x>147</x><y>0</y><time>26-01-21 14:37:51:018</time></pt><pt><x>146</x><y>2</y><time>26-01-21 14:37:51:496</time></pt><pt><x>145</x><y>4</y><time>26-01-21 14:37:51:731</time></pt><pt><x>145</x><y>6</y><time>26-01-21 14:37:51:888</time></pt><pt><x>145</x><y>8</y><time>26-01-21 14:37:52:148</time></pt><pt><x>145</x><y>10</y><time>26-01-21 14:37:52:398</time></pt><pt><x>139</x><y>13</y><time>26-01-21 14:37:52:825</time></pt><pt><x>130</x><y>19</y><time>26-01-21 14:37:53:288</time></pt><pt><x>124</x><y>23</y><time>26-01-21 14:37:53:672</time></pt><pt><x>121</x><y>31</y><time>26-01-21 14:37:54:096</time></pt><pt><x>118</x><y>41</y><time>26-01-21 14:37:54:598</time></pt><pt><x>116</x><y>71</y><time>26-01-21 14:37:55:912</time></pt><pt><x>116</x><y>89</y><time>26-01-21 14:38:00:093</time></pt><pt><x>117</x><y>99</y><time>26-01-21 14:38:00:635</time></pt><pt><x>119</x><y>105</y><time>26-01-21 14:38:01:041</time></pt><pt><x>122</x><y>113</y><time>26-01-21 14:38:01:531</time></pt><pt><x>127</x><y>123</y><time>26-01-21 14:38:02:142</time></pt><pt><x>128</x><y>129</y><time>26-01-21 14:38:02:590</time></pt><pt><x>130</x><y>135</y><time>26-01-21 14:38:04:061</time></pt><pt><x>132</x><y>140</y><time>26-01-21 14:38:04:532</time></pt><pt><x>134</x><y>141</y><time>26-01-21 14:38:04:916</time></pt><pt><x>136</x><y>146</y><time>26-01-21 14:38:05:216</time></pt><pt><x>136</x><y>151</y><time>26-01-21 14:38:05:694</time></pt><pt><x>137</x><y>161</y><time>26-01-21 14:38:06:883</time></pt><pt><x>137</x><y>166</y><time>26-01-21 14:38:07:196</time></pt><pt><x>138</x><y>171</y><time>26-01-21 14:38:07:543</time></pt><pt><x>139</x><y>174</y><time>26-01-21 14:38:07:747</time></pt><pt><x>140</x><y>181</y><time>26-01-21 14:38:08:438</time></pt><pt><x>140</x><y>194</y><time>26-01-21 14:38:10:662</time></pt><pt><x>141</x><y>197</y><time>26-01-21 14:38:10:946</time></pt><pt><x>141</x><y>198</y><time>26-01-21 14:38:11:124</time></pt><pt><x>143</x><y>200</y><time>26-01-21 14:38:11:344</time></pt><pt><x>144</x><y>202</y><time>26-01-21 14:38:11:676</time></pt><pt><x>145</x><y>211</y><time>26-01-21 14:38:12:131</time></pt><pt><x>144</x><y>218</y><time>26-01-21 14:38:12:524</time></pt><pt><x>143</x><y>226</y><time>26-01-21 14:38:13:059</time></pt><pt><x>140</x><y>240</y><time>26-01-21 14:38:14:034</time></pt><pt><x>139</x><y>248</y><time>26-01-21 14:38:14:394</time></pt><pt><x>139</x><y>257</y><time>26-01-21 14:38:14:794</time></pt><pt><x>139</x><y>266</y><time>26-01-21 14:38:15:260</time></pt><pt><x>142</x><y>280</y><time>26-01-21 14:38:16:980</time></pt><pt><x>143</x><y>288</y><time>26-01-21 14:38:17:388</time></pt><pt><x>144</x><y>297</y><time>26-01-21 14:38:17:796</time></pt><pt><x>144</x><y>305</y><time>26-01-21 14:38:18:262</time></pt><pt><x>142</x><y>309</y><time>26-01-21 14:38:18:584</time></pt><pt><x>138</x><y>317</y><time>26-01-21 14:38:19:283</time></pt><pt><x>136</x><y>319</y><time>26-01-21 14:38:19:792</time></pt><pt><x>133</x><y>321</y><time>26-01-21 14:38:20:256</time></pt><pt><x>133</x><y>324</y><time>26-01-21 14:38:20:556</time></pt><pt><x>136</x><y>328</y><time>26-01-21 14:38:20:979</time></pt><pt><x>139</x><y>329</y><time>26-01-21 14:38:21:310</time></pt><pt><x>142</x><y>331</y><time>26-01-21 14:38:21:616</time></pt><pt><x>150</x><y>332</y><time>26-01-21 14:38:21:992</time></pt><pt><x>156</x><y>332</y><time>26-01-21 14:38:22:370</time></pt><pt><x>158</x><y>330</y><time>26-01-21 14:38:22:778</time></pt><pt><x>159</x><y>319</y><time>26-01-21 14:38:25:511</time></pt><pt><x>160</x><y>314</y><time>26-01-21 14:38:25:858</time></pt><pt><x>160</x><y>310</y><time>26-01-21 14:38:26:088</time></pt><pt><x>159</x><y>304</y><time>26-01-21 14:38:26:331</time></pt><pt><x>157</x><y>295</y><time>26-01-21 14:38:27:092</time></pt><pt><x>158</x><y>280</y><time>26-01-21 14:38:27:643</time></pt><pt><x>164</x><y>263</y><time>26-01-21 14:38:28:719</time></pt><pt><x>166</x><y>253</y><time>26-01-21 14:38:29:128</time></pt><pt><x>166</x><y>244</y><time>26-01-21 14:38:29:544</time></pt><pt><x>166</x><y>232</y><time>26-01-21 14:38:30:614</time></pt><pt><x>168</x><y>226</y><time>26-01-21 14:38:30:872</time></pt><pt><x>170</x><y>220</y><time>26-01-21 14:38:31:156</time></pt><pt><x>171</x><y>214</y><time>26-01-21 14:38:31:539</time></pt><pt><x>172</x><y>202</y><time>26-01-21 14:38:34:716</time></pt><pt><x>172</x><y>199</y><time>26-01-21 14:38:35:085</time></pt><pt><x>173</x><y>196</y><time>26-01-21 14:38:35:300</time></pt><pt><x>174</x><y>194</y><time>26-01-21 14:38:35:494</time></pt><pt><x>175</x><y>186</y><time>26-01-21 14:38:37:726</time></pt><pt><x>176</x><y>187</y><time>26-01-21 14:38:38:086</time></pt><pt><x>176</x><y>190</y><time>26-01-21 14:38:38:314</time></pt><pt><x>176</x><y>197</y><time>26-01-21 14:38:38:818</time></pt><pt><x>176</x><y>208</y><time>26-01-21 14:38:39:454</time></pt><pt><x>175</x><y>218</y><time>26-01-21 14:38:39:841</time></pt><pt><x>176</x><y>221</y><time>26-01-21 14:38:40:084</time></pt><pt><x>177</x><y>227</y><time>26-01-21 14:38:40:477</time></pt><pt><x>178</x><y>234</y><time>26-01-21 14:38:40:908</time></pt><pt><x>175</x><y>247</y><time>26-01-21 14:38:42:159</time></pt><pt><x>174</x><y>260</y><time>26-01-21 14:38:42:621</time></pt><pt><x>175</x><y>264</y><time>26-01-21 14:38:43:134</time></pt><pt><x>177</x><y>287</y><time>26-01-21 14:38:44:383</time></pt><pt><x>176</x><y>303</y><time>26-01-21 14:38:47:163</time></pt><pt><x>175</x><y>308</y><time>26-01-21 14:38:47:728</time></pt><pt><x>173</x><y>311</y><time>26-01-21 14:38:47:972</time></pt><pt><x>172</x><y>313</y><time>26-01-21 14:38:48:130</time></pt><pt><x>171</x><y>319</y><time>26-01-21 14:38:48:381</time></pt><pt><x>171</x><y>328</y><time>26-01-21 14:38:48:766</time></pt><pt><x>171</x><y>332</y><time>26-01-21 14:38:49:072</time></pt><pt><x>173</x><y>333</y><time>26-01-21 14:38:49:316</time></pt><pt><x>187</x><y>332</y><time>26-01-21 14:38:49:747</time></pt><pt><x>213</x><y>327</y><time>26-01-21 14:38:50:901</time></pt><pt><x>213</x><y>322</y><time>26-01-21 14:38:51:225</time></pt><pt><x>211</x><y>318</y><time>26-01-21 14:38:51:500</time></pt><pt><x>207</x><y>315</y><time>26-01-21 14:38:51:879</time></pt><pt><x>200</x><y>313</y><time>26-01-21 14:38:53:905</time></pt><pt><x>195</x><y>308</y><time>26-01-21 14:38:54:330</time></pt><pt><x>192</x><y>303</y><time>26-01-21 14:38:55:122</time></pt><pt><x>193</x><y>296</y><time>26-01-21 14:38:55:554</time></pt><pt><x>196</x><y>287</y><time>26-01-21 14:38:56:082</time></pt><pt><x>201</x><y>260</y><time>26-01-21 14:38:57:291</time></pt><pt><x>202</x><y>248</y><time>26-01-21 14:38:57:833</time></pt><pt><x>201</x><y>233</y><time>26-01-21 14:38:58:967</time></pt><pt><x>200</x><y>225</y><time>26-01-21 14:38:59:295</time></pt><pt><x>202</x><y>216</y><time>26-01-21 14:38:59:663</time></pt><pt><x>204</x><y>208</y><time>26-01-21 14:39:00:371</time></pt><pt><x>205</x><y>206</y><time>26-01-21 14:39:06:163</time></pt><pt><x>211</x><y>205</y><time>26-01-21 14:39:06:563</time></pt><pt><x>214</x><y>205</y><time>26-01-21 14:39:07:247</time></pt><pt><x>215</x><y>201</y><time>26-01-21 14:39:07:654</time></pt><pt><x>216</x><y>196</y><time>26-01-21 14:39:08:050</time></pt><pt><x>221</x><y>173</y><time>26-01-21 14:39:09:117</time></pt><pt><x>223</x><y>164</y><time>26-01-21 14:39:09:621</time></pt><pt><x>226</x><y>150</y><time>26-01-21 14:39:10:815</time></pt><pt><x>227</x><y>147</y><time>26-01-21 14:39:11:161</time></pt><pt><x>229</x><y>140</y><time>26-01-21 14:39:11:515</time></pt><pt><x>230</x><y>138</y><time>26-01-21 14:39:11:774</time></pt><pt><x>231</x><y>135</y><time>26-01-21 14:39:11:923</time></pt><pt><x>231</x><y>133</y><time>26-01-21 14:39:12:087</time></pt><pt><x>231</x><y>131</y><time>26-01-21 14:39:12:262</time></pt><pt><x>232</x><y>127</y><time>26-01-21 14:39:12:529</time></pt><pt><x>233</x><y>124</y><time>26-01-21 14:39:12:763</time></pt><pt><x>233</x><y>114</y><time>26-01-21 14:39:13:628</time></pt><pt><x>233</x><y>104</y><time>26-01-21 14:39:14:720</time></pt><pt><x>232</x><y>92</y><time>26-01-21 14:39:15:231</time></pt><pt><x>229</x><y>68</y><time>26-01-21 14:39:16:401</time></pt><pt><x>228</x><y>59</y><time>26-01-21 14:39:16:833</time></pt><pt><x>226</x><y>46</y><time>26-01-21 14:39:17:565</time></pt><pt><x>222</x><y>35</y><time>26-01-21 14:39:18:335</time></pt><pt><x>219</x><y>25</y><time>26-01-21 14:39:19:105</time></pt><pt><x>213</x><y>19</y><time>26-01-21 14:39:19:750</time></pt><pt><x>204</x><y>14</y><time>26-01-21 14:39:21:179</time></pt><pt><x>203</x><y>11</y><time>26-01-21 14:39:21:501</time></pt><pt><x>200</x><y>9</y><time>26-01-21 14:39:21:831</time></pt><pt><x>198</x><y>8</y><time>26-01-21 14:39:22:052</time></pt><pt><x>197</x><y>7</y><time>26-01-21 14:39:22:263</time></pt><pt><x>197</x><y>5</y><time>26-01-21 14:39:22:540</time></pt><pt><x>195</x><y>3</y><time>26-01-21 14:39:25:839</time></pt><pt><x>194</x><y>1</y><time>26-01-21 14:39:26:185</time></pt><pt><x>193</x><y>0</y><time>26-01-21 14:39:26:679</time></pt><pt><x>193</x><y>0</y><time>26-01-21 14:39:27:191</time></pt><closed_date>26-01-21 14:39:28:380</closed_date></polygon></object><object><name>person</name><deleted>0</deleted><verified>0</verified><occluded>no</occluded><attributes></attributes><parts><hasparts></hasparts><ispartof></ispartof></parts><date>26-01-21 14:40:54:173</date><id>1</id><polygon><username>7hao</username><pt><x>394</x><y>58</y><time>26-01-21 14:39:35:925</time></pt><pt><x>388</x><y>56</y><time>26-01-21 14:39:36:394</time></pt><pt><x>380</x><y>56</y><time>26-01-21 14:39:36:842</time></pt><pt><x>373</x><y>57</y><time>26-01-21 14:39:37:315</time></pt><pt><x>367</x><y>63</y><time>26-01-21 14:39:37:823</time></pt><pt><x>365</x><y>68</y><time>26-01-21 14:39:38:186</time></pt><pt><x>365</x><y>71</y><time>26-01-21 14:39:38:485</time></pt><pt><x>366</x><y>75</y><time>26-01-21 14:39:38:797</time></pt><pt><x>368</x><y>78</y><time>26-01-21 14:39:39:160</time></pt><pt><x>368</x><y>81</y><time>26-01-21 14:39:39:449</time></pt><pt><x>370</x><y>82</y><time>26-01-21 14:39:39:661</time></pt><pt><x>371</x><y>84</y><time>26-01-21 14:39:39:889</time></pt><pt><x>371</x><y>86</y><time>26-01-21 14:39:40:149</time></pt><pt><x>368</x><y>87</y><time>26-01-21 14:39:40:409</time></pt><pt><x>367</x><y>94</y><time>26-01-21 14:39:41:013</time></pt><pt><x>365</x><y>98</y><time>26-01-21 14:39:41:548</time></pt><pt><x>359</x><y>100</y><time>26-01-21 14:39:42:037</time></pt><pt><x>354</x><y>101</y><time>26-01-21 14:39:42:444</time></pt><pt><x>351</x><y>110</y><time>26-01-21 14:39:42:948</time></pt><pt><x>346</x><y>124</y><time>26-01-21 14:39:44:487</time></pt><pt><x>343</x><y>129</y><time>26-01-21 14:39:45:413</time></pt><pt><x>344</x><y>133</y><time>26-01-21 14:39:45:721</time></pt><pt><x>346</x><y>137</y><time>26-01-21 14:39:46:091</time></pt><pt><x>349</x><y>141</y><time>26-01-21 14:39:46:467</time></pt><pt><x>354</x><y>141</y><time>26-01-21 14:39:46:752</time></pt><pt><x>358</x><y>140</y><time>26-01-21 14:39:47:025</time></pt><pt><x>359</x><y>139</y><time>26-01-21 14:39:47:253</time></pt><pt><x>360</x><y>138</y><time>26-01-21 14:39:48:590</time></pt><pt><x>360</x><y>148</y><time>26-01-21 14:39:49:288</time></pt><pt><x>358</x><y>155</y><time>26-01-21 14:39:49:674</time></pt><pt><x>358</x><y>167</y><time>26-01-21 14:39:50:781</time></pt><pt><x>358</x><y>171</y><time>26-01-21 14:39:51:009</time></pt><pt><x>358</x><y>175</y><time>26-01-21 14:39:51:189</time></pt><pt><x>358</x><y>178</y><time>26-01-21 14:39:51:442</time></pt><pt><x>357</x><y>182</y><time>26-01-21 14:39:51:656</time></pt><pt><x>357</x><y>185</y><time>26-01-21 14:39:51:821</time></pt><pt><x>357</x><y>191</y><time>26-01-21 14:39:52:163</time></pt><pt><x>356</x><y>213</y><time>26-01-21 14:39:53:249</time></pt><pt><x>358</x><y>221</y><time>26-01-21 14:39:53:556</time></pt><pt><x>358</x><y>226</y><time>26-01-21 14:39:53:727</time></pt><pt><x>359</x><y>232</y><time>26-01-21 14:39:54:082</time></pt><pt><x>359</x><y>236</y><time>26-01-21 14:39:54:302</time></pt><pt><x>358</x><y>241</y><time>26-01-21 14:39:54:436</time></pt><pt><x>357</x><y>245</y><time>26-01-21 14:39:54:758</time></pt><pt><x>355</x><y>251</y><time>26-01-21 14:39:55:952</time></pt><pt><x>355</x><y>254</y><time>26-01-21 14:39:56:111</time></pt><pt><x>356</x><y>258</y><time>26-01-21 14:39:56:273</time></pt><pt><x>356</x><y>265</y><time>26-01-21 14:39:57:344</time></pt><pt><x>356</x><y>272</y><time>26-01-21 14:39:57:918</time></pt><pt><x>355</x><y>275</y><time>26-01-21 14:39:58:224</time></pt><pt><x>354</x><y>278</y><time>26-01-21 14:39:58:388</time></pt><pt><x>354</x><y>279</y><time>26-01-21 14:39:58:555</time></pt><pt><x>355</x><y>283</y><time>26-01-21 14:39:59:810</time></pt><pt><x>355</x><y>286</y><time>26-01-21 14:40:00:132</time></pt><pt><x>355</x><y>288</y><time>26-01-21 14:40:00:298</time></pt><pt><x>354</x><y>292</y><time>26-01-21 14:40:00:551</time></pt><pt><x>352</x><y>296</y><time>26-01-21 14:40:00:874</time></pt><pt><x>350</x><y>298</y><time>26-01-21 14:40:01:108</time></pt><pt><x>348</x><y>300</y><time>26-01-21 14:40:01:452</time></pt><pt><x>348</x><y>302</y><time>26-01-21 14:40:01:651</time></pt><pt><x>348</x><y>304</y><time>26-01-21 14:40:01:845</time></pt><pt><x>350</x><y>305</y><time>26-01-21 14:40:02:168</time></pt><pt><x>364</x><y>305</y><time>26-01-21 14:40:02:788</time></pt><pt><x>364</x><y>303</y><time>26-01-21 14:40:03:136</time></pt><pt><x>366</x><y>303</y><time>26-01-21 14:40:03:332</time></pt><pt><x>366</x><y>303</y><time>26-01-21 14:40:03:488</time></pt><pt><x>367</x><y>301</y><time>26-01-21 14:40:03:809</time></pt><pt><x>367</x><y>297</y><time>26-01-21 14:40:04:126</time></pt><pt><x>367</x><y>291</y><time>26-01-21 14:40:04:438</time></pt><pt><x>369</x><y>283</y><time>26-01-21 14:40:04:832</time></pt><pt><x>371</x><y>272</y><time>26-01-21 14:40:05:357</time></pt><pt><x>374</x><y>259</y><time>26-01-21 14:40:06:922</time></pt><pt><x>374</x><y>253</y><time>26-01-21 14:40:07:298</time></pt><pt><x>375</x><y>247</y><time>26-01-21 14:40:07:542</time></pt><pt><x>377</x><y>238</y><time>26-01-21 14:40:07:961</time></pt><pt><x>379</x><y>228</y><time>26-01-21 14:40:08:469</time></pt><pt><x>381</x><y>217</y><time>26-01-21 14:40:09:207</time></pt><pt><x>381</x><y>234</y><time>26-01-21 14:40:09:827</time></pt><pt><x>382</x><y>239</y><time>26-01-21 14:40:10:130</time></pt><pt><x>381</x><y>254</y><time>26-01-21 14:40:10:883</time></pt><pt><x>382</x><y>272</y><time>26-01-21 14:40:12:153</time></pt><pt><x>383</x><y>282</y><time>26-01-21 14:40:12:667</time></pt><pt><x>385</x><y>286</y><time>26-01-21 14:40:12:963</time></pt><pt><x>385</x><y>289</y><time>26-01-21 14:40:13:293</time></pt><pt><x>384</x><y>293</y><time>26-01-21 14:40:13:474</time></pt><pt><x>383</x><y>298</y><time>26-01-21 14:40:13:788</time></pt><pt><x>383</x><y>301</y><time>26-01-21 14:40:14:040</time></pt><pt><x>385</x><y>302</y><time>26-01-21 14:40:14:456</time></pt><pt><x>388</x><y>302</y><time>26-01-21 14:40:14:703</time></pt><pt><x>389</x><y>303</y><time>26-01-21 14:40:14:931</time></pt><pt><x>390</x><y>304</y><time>26-01-21 14:40:15:156</time></pt><pt><x>396</x><y>305</y><time>26-01-21 14:40:15:477</time></pt><pt><x>402</x><y>305</y><time>26-01-21 14:40:15:886</time></pt><pt><x>405</x><y>305</y><time>26-01-21 14:40:16:304</time></pt><pt><x>405</x><y>300</y><time>26-01-21 14:40:16:561</time></pt><pt><x>403</x><y>297</y><time>26-01-21 14:40:16:968</time></pt><pt><x>397</x><y>291</y><time>26-01-21 14:40:17:428</time></pt><pt><x>396</x><y>284</y><time>26-01-21 14:40:20:146</time></pt><pt><x>397</x><y>282</y><time>26-01-21 14:40:20:781</time></pt><pt><x>398</x><y>280</y><time>26-01-21 14:40:21:018</time></pt><pt><x>399</x><y>274</y><time>26-01-21 14:40:21:451</time></pt><pt><x>399</x><y>267</y><time>26-01-21 14:40:22:126</time></pt><pt><x>401</x><y>252</y><time>26-01-21 14:40:23:265</time></pt><pt><x>401</x><y>245</y><time>26-01-21 14:40:23:602</time></pt><pt><x>401</x><y>243</y><time>26-01-21 14:40:23:853</time></pt><pt><x>400</x><y>240</y><time>26-01-21 14:40:24:057</time></pt><pt><x>401</x><y>236</y><time>26-01-21 14:40:24:302</time></pt><pt><x>403</x><y>218</y><time>26-01-21 14:40:25:559</time></pt><pt><x>407</x><y>198</y><time>26-01-21 14:40:28:656</time></pt><pt><x>409</x><y>185</y><time>26-01-21 14:40:29:833</time></pt><pt><x>409</x><y>178</y><time>26-01-21 14:40:30:187</time></pt><pt><x>408</x><y>175</y><time>26-01-21 14:40:30:479</time></pt><pt><x>408</x><y>171</y><time>26-01-21 14:40:30:693</time></pt><pt><x>407</x><y>166</y><time>26-01-21 14:40:31:445</time></pt><pt><x>409</x><y>165</y><time>26-01-21 14:40:31:699</time></pt><pt><x>411</x><y>168</y><time>26-01-21 14:40:32:057</time></pt><pt><x>412</x><y>172</y><time>26-01-21 14:40:32:356</time></pt><pt><x>412</x><y>177</y><time>26-01-21 14:40:32:570</time></pt><pt><x>412</x><y>183</y><time>26-01-21 14:40:32:860</time></pt><pt><x>412</x><y>187</y><time>26-01-21 14:40:33:125</time></pt><pt><x>411</x><y>189</y><time>26-01-21 14:40:33:324</time></pt><pt><x>411</x><y>192</y><time>26-01-21 14:40:33:528</time></pt><pt><x>410</x><y>195</y><time>26-01-21 14:40:33:707</time></pt><pt><x>410</x><y>199</y><time>26-01-21 14:40:33:962</time></pt><pt><x>413</x><y>204</y><time>26-01-21 14:40:34:401</time></pt><pt><x>417</x><y>204</y><time>26-01-21 14:40:37:024</time></pt><pt><x>420</x><y>201</y><time>26-01-21 14:40:37:597</time></pt><pt><x>422</x><y>198</y><time>26-01-21 14:40:38:031</time></pt><pt><x>422</x><y>193</y><time>26-01-21 14:40:38:298</time></pt><pt><x>422</x><y>189</y><time>26-01-21 14:40:38:526</time></pt><pt><x>421</x><y>183</y><time>26-01-21 14:40:38:776</time></pt><pt><x>423</x><y>180</y><time>26-01-21 14:40:39:013</time></pt><pt><x>424</x><y>172</y><time>26-01-21 14:40:39:443</time></pt><pt><x>424</x><y>163</y><time>26-01-21 14:40:40:111</time></pt><pt><x>422</x><y>147</y><time>26-01-21 14:40:41:190</time></pt><pt><x>421</x><y>133</y><time>26-01-21 14:40:41:725</time></pt><pt><x>417</x><y>114</y><time>26-01-21 14:40:42:807</time></pt><pt><x>416</x><y>106</y><time>26-01-21 14:40:44:246</time></pt><pt><x>414</x><y>103</y><time>26-01-21 14:40:44:624</time></pt><pt><x>407</x><y>99</y><time>26-01-21 14:40:45:214</time></pt><pt><x>399</x><y>96</y><time>26-01-21 14:40:45:897</time></pt><pt><x>393</x><y>95</y><time>26-01-21 14:40:46:298</time></pt><pt><x>393</x><y>93</y><time>26-01-21 14:40:46:517</time></pt><pt><x>394</x><y>90</y><time>26-01-21 14:40:46:761</time></pt><pt><x>396</x><y>85</y><time>26-01-21 14:40:47:493</time></pt><pt><x>397</x><y>82</y><time>26-01-21 14:40:47:790</time></pt><pt><x>398</x><y>75</y><time>26-01-21 14:40:48:492</time></pt><pt><x>397</x><y>71</y><time>26-01-21 14:40:48:898</time></pt><pt><x>397</x><y>67</y><time>26-01-21 14:40:49:472</time></pt><pt><x>397</x><y>64</y><time>26-01-21 14:40:49:817</time></pt><pt><x>395</x><y>61</y><time>26-01-21 14:40:50:305</time></pt><pt><x>394</x><y>59</y><time>26-01-21 14:40:50:759</time></pt><closed_date>26-01-21 14:40:51:199</closed_date></polygon></object><object><name>person</name><deleted>0</deleted><verified>0</verified><occluded>no</occluded><attributes></attributes><parts><hasparts></hasparts><ispartof></ispartof></parts><date>26-01-21 14:42:02:978</date><id>2</id><polygon><username>7hao</username><pt><x>640</x><y>52</y><time>26-01-21 14:41:01:248</time></pt><pt><x>634</x><y>53</y><time>26-01-21 14:41:02:197</time></pt><pt><x>628</x><y>56</y><time>26-01-21 14:41:02:690</time></pt><pt><x>623</x><y>62</y><time>26-01-21 14:41:03:146</time></pt><pt><x>619</x><y>69</y><time>26-01-21 14:41:03:672</time></pt><pt><x>617</x><y>75</y><time>26-01-21 14:41:04:111</time></pt><pt><x>611</x><y>85</y><time>26-01-21 14:41:04:930</time></pt><pt><x>602</x><y>99</y><time>26-01-21 14:41:06:846</time></pt><pt><x>600</x><y>107</y><time>26-01-21 14:41:07:302</time></pt><pt><x>598</x><y>114</y><time>26-01-21 14:41:07:640</time></pt><pt><x>598</x><y>124</y><time>26-01-21 14:41:15:247</time></pt><pt><x>599</x><y>127</y><time>26-01-21 14:41:15:484</time></pt><pt><x>598</x><y>129</y><time>26-01-21 14:41:15:648</time></pt><pt><x>597</x><y>134</y><time>26-01-21 14:41:15:980</time></pt><pt><x>599</x><y>138</y><time>26-01-21 14:41:16:191</time></pt><pt><x>601</x><y>142</y><time>26-01-21 14:41:17:085</time></pt><pt><x>607</x><y>142</y><time>26-01-21 14:41:17:362</time></pt><pt><x>613</x><y>141</y><time>26-01-21 14:41:17:644</time></pt><pt><x>616</x><y>136</y><time>26-01-21 14:41:17:942</time></pt><pt><x>616</x><y>133</y><time>26-01-21 14:41:18:148</time></pt><pt><x>613</x><y>128</y><time>26-01-21 14:41:18:390</time></pt><pt><x>613</x><y>126</y><time>26-01-21 14:41:18:547</time></pt><pt><x>615</x><y>120</y><time>26-01-21 14:41:18:853</time></pt><pt><x>620</x><y>114</y><time>26-01-21 14:41:19:570</time></pt><pt><x>622</x><y>110</y><time>26-01-21 14:41:19:961</time></pt><pt><x>623</x><y>109</y><time>26-01-21 14:41:20:331</time></pt><pt><x>624</x><y>111</y><time>26-01-21 14:41:20:694</time></pt><pt><x>623</x><y>116</y><time>26-01-21 14:41:21:142</time></pt><pt><x>620</x><y>124</y><time>26-01-21 14:41:21:496</time></pt><pt><x>620</x><y>135</y><time>26-01-21 14:41:22:110</time></pt><pt><x>619</x><y>145</y><time>26-01-21 14:41:22:564</time></pt><pt><x>619</x><y>148</y><time>26-01-21 14:41:22:863</time></pt><pt><x>620</x><y>150</y><time>26-01-21 14:41:23:160</time></pt><pt><x>621</x><y>153</y><time>26-01-21 14:41:23:491</time></pt><pt><x>617</x><y>156</y><time>26-01-21 14:41:23:877</time></pt><pt><x>617</x><y>159</y><time>26-01-21 14:41:24:120</time></pt><pt><x>616</x><y>161</y><time>26-01-21 14:41:24:418</time></pt><pt><x>612</x><y>166</y><time>26-01-21 14:41:24:789</time></pt><pt><x>611</x><y>168</y><time>26-01-21 14:41:25:078</time></pt><pt><x>611</x><y>171</y><time>26-01-21 14:41:25:400</time></pt><pt><x>612</x><y>174</y><time>26-01-21 14:41:25:816</time></pt><pt><x>614</x><y>177</y><time>26-01-21 14:41:27:248</time></pt><pt><x>613</x><y>180</y><time>26-01-21 14:41:27:474</time></pt><pt><x>610</x><y>185</y><time>26-01-21 14:41:27:953</time></pt><pt><x>608</x><y>194</y><time>26-01-21 14:41:28:456</time></pt><pt><x>604</x><y>209</y><time>26-01-21 14:41:29:659</time></pt><pt><x>604</x><y>221</y><time>26-01-21 14:41:30:162</time></pt><pt><x>603</x><y>235</y><time>26-01-21 14:41:30:704</time></pt><pt><x>605</x><y>244</y><time>26-01-21 14:41:31:168</time></pt><pt><x>606</x><y>264</y><time>26-01-21 14:41:32:880</time></pt><pt><x>607</x><y>271</y><time>26-01-21 14:41:33:202</time></pt><pt><x>609</x><y>279</y><time>26-01-21 14:41:33:626</time></pt><pt><x>613</x><y>292</y><time>26-01-21 14:41:34:749</time></pt><pt><x>614</x><y>297</y><time>26-01-21 14:41:35:190</time></pt><pt><x>614</x><y>302</y><time>26-01-21 14:41:35:544</time></pt><pt><x>611</x><y>305</y><time>26-01-21 14:41:35:922</time></pt><pt><x>605</x><y>307</y><time>26-01-21 14:41:36:416</time></pt><pt><x>602</x><y>310</y><time>26-01-21 14:41:36:762</time></pt><pt><x>599</x><y>314</y><time>26-01-21 14:41:37:251</time></pt><pt><x>600</x><y>318</y><time>26-01-21 14:41:37:533</time></pt><pt><x>603</x><y>320</y><time>26-01-21 14:41:37:886</time></pt><pt><x>609</x><y>321</y><time>26-01-21 14:41:38:215</time></pt><pt><x>617</x><y>320</y><time>26-01-21 14:41:38:573</time></pt><pt><x>625</x><y>317</y><time>26-01-21 14:41:42:505</time></pt><pt><x>629</x><y>315</y><time>26-01-21 14:41:42:884</time></pt><pt><x>635</x><y>314</y><time>26-01-21 14:41:43:308</time></pt><pt><x>639</x><y>313</y><time>26-01-21 14:41:43:850</time></pt><pt><x>640</x><y>313</y><time>26-01-21 14:41:44:290</time></pt><pt><x>639</x><y>279</y><time>26-01-21 14:41:49:430</time></pt><pt><x>639</x><y>272</y><time>26-01-21 14:41:50:641</time></pt><pt><x>640</x><y>267</y><time>26-01-21 14:41:51:220</time></pt><pt><x>639</x><y>262</y><time>26-01-21 14:41:52:330</time></pt><pt><x>637</x><y>257</y><time>26-01-21 14:41:52:809</time></pt><pt><x>638</x><y>255</y><time>26-01-21 14:41:53:114</time></pt><pt><x>639</x><y>254</y><time>26-01-21 14:41:53:500</time></pt><pt><x>640</x><y>253</y><time>26-01-21 14:41:53:900</time></pt><pt><x>640</x><y>232</y><time>26-01-21 14:41:56:046</time></pt><pt><x>637</x><y>230</y><time>26-01-21 14:41:56:409</time></pt><pt><x>637</x><y>228</y><time>26-01-21 14:41:56:629</time></pt><pt><x>638</x><y>224</y><time>26-01-21 14:41:56:958</time></pt><pt><x>639</x><y>222</y><time>26-01-21 14:41:57:280</time></pt><pt><x>640</x><y>220</y><time>26-01-21 14:41:57:735</time></pt><closed_date>26-01-21 14:42:00:509</closed_date></polygon></object></annotation>