<annotation><filename>frame0094.jpg</filename><folder>users/lab605//7hao/human_20210119_4</folder><source><submittedBy>lab605</submittedBy></source><imagesize><nrows>480</nrows><ncols>640</ncols></imagesize><object><name>person</name><deleted>0</deleted><verified>0</verified><occluded>no</occluded><attributes></attributes><parts><hasparts></hasparts><ispartof></ispartof></parts><date>27-01-21 21:26:47:560</date><id>0</id><polygon><username>7hao</username><pt><x>231</x><y>0</y><time>27-01-21 21:23:42:434</time></pt><pt><x>231</x><y>4</y><time>27-01-21 21:23:53:435</time></pt><pt><x>231</x><y>9</y><time>27-01-21 21:23:54:283</time></pt><pt><x>231</x><y>13</y><time>27-01-21 21:23:54:686</time></pt><pt><x>229</x><y>15</y><time>27-01-21 21:23:56:638</time></pt><pt><x>224</x><y>15</y><time>27-01-21 21:23:57:261</time></pt><pt><x>218</x><y>15</y><time>27-01-21 21:23:57:786</time></pt><pt><x>214</x><y>15</y><time>27-01-21 21:23:58:146</time></pt><pt><x>211</x><y>18</y><time>27-01-21 21:23:58:486</time></pt><pt><x>209</x><y>21</y><time>27-01-21 21:23:58:799</time></pt><pt><x>209</x><y>23</y><time>27-01-21 21:23:59:066</time></pt><pt><x>210</x><y>26</y><time>27-01-21 21:23:59:421</time></pt><pt><x>207</x><y>28</y><time>27-01-21 21:23:59:765</time></pt><pt><x>201</x><y>32</y><time>27-01-21 21:24:00:261</time></pt><pt><x>195</x><y>37</y><time>27-01-21 21:24:00:848</time></pt><pt><x>191</x><y>41</y><time>27-01-21 21:24:01:390</time></pt><pt><x>189</x><y>49</y><time>27-01-21 21:24:14:909</time></pt><pt><x>186</x><y>57</y><time>27-01-21 21:24:15:594</time></pt><pt><x>186</x><y>66</y><time>27-01-21 21:24:16:118</time></pt><pt><x>186</x><y>88</y><time>27-01-21 21:24:17:342</time></pt><pt><x>186</x><y>100</y><time>27-01-21 21:24:17:799</time></pt><pt><x>189</x><y>112</y><time>27-01-21 21:24:18:365</time></pt><pt><x>192</x><y>121</y><time>27-01-21 21:24:18:842</time></pt><pt><x>196</x><y>127</y><time>27-01-21 21:24:19:274</time></pt><pt><x>199</x><y>135</y><time>27-01-21 21:24:19:802</time></pt><pt><x>202</x><y>138</y><time>27-01-21 21:24:20:166</time></pt><pt><x>203</x><y>141</y><time>27-01-21 21:24:20:541</time></pt><pt><x>203</x><y>147</y><time>27-01-21 21:24:22:597</time></pt><pt><x>203</x><y>151</y><time>27-01-21 21:24:30:829</time></pt><pt><x>204</x><y>153</y><time>27-01-21 21:24:31:078</time></pt><pt><x>204</x><y>154</y><time>27-01-21 21:24:31:229</time></pt><pt><x>205</x><y>157</y><time>27-01-21 21:24:31:376</time></pt><pt><x>205</x><y>159</y><time>27-01-21 21:24:31:542</time></pt><pt><x>205</x><y>165</y><time>27-01-21 21:24:31:943</time></pt><pt><x>206</x><y>175</y><time>27-01-21 21:24:35:477</time></pt><pt><x>205</x><y>188</y><time>27-01-21 21:24:45:012</time></pt><pt><x>204</x><y>192</y><time>27-01-21 21:24:45:373</time></pt><pt><x>204</x><y>195</y><time>27-01-21 21:24:47:078</time></pt><pt><x>205</x><y>197</y><time>27-01-21 21:24:47:446</time></pt><pt><x>207</x><y>198</y><time>27-01-21 21:24:47:769</time></pt><pt><x>209</x><y>199</y><time>27-01-21 21:24:48:005</time></pt><pt><x>210</x><y>202</y><time>27-01-21 21:24:48:375</time></pt><pt><x>210</x><y>205</y><time>27-01-21 21:24:48:546</time></pt><pt><x>210</x><y>211</y><time>27-01-21 21:24:49:230</time></pt><pt><x>208</x><y>214</y><time>27-01-21 21:24:49:538</time></pt><pt><x>205</x><y>218</y><time>27-01-21 21:24:50:196</time></pt><pt><x>199</x><y>228</y><time>27-01-21 21:24:51:358</time></pt><pt><x>194</x><y>237</y><time>27-01-21 21:24:51:742</time></pt><pt><x>192</x><y>252</y><time>27-01-21 21:24:52:631</time></pt><pt><x>192</x><y>259</y><time>27-01-21 21:24:52:998</time></pt><pt><x>191</x><y>270</y><time>27-01-21 21:24:54:530</time></pt><pt><x>189</x><y>272</y><time>27-01-21 21:24:54:821</time></pt><pt><x>186</x><y>273</y><time>27-01-21 21:24:54:994</time></pt><pt><x>182</x><y>275</y><time>27-01-21 21:24:55:159</time></pt><pt><x>180</x><y>278</y><time>27-01-21 21:24:55:362</time></pt><pt><x>179</x><y>285</y><time>27-01-21 21:24:55:827</time></pt><pt><x>179</x><y>294</y><time>27-01-21 21:24:56:251</time></pt><pt><x>180</x><y>299</y><time>27-01-21 21:24:56:606</time></pt><pt><x>182</x><y>306</y><time>27-01-21 21:24:57:469</time></pt><pt><x>189</x><y>311</y><time>27-01-21 21:25:02:596</time></pt><pt><x>194</x><y>312</y><time>27-01-21 21:25:03:037</time></pt><pt><x>200</x><y>312</y><time>27-01-21 21:25:03:412</time></pt><pt><x>204</x><y>310</y><time>27-01-21 21:25:03:734</time></pt><pt><x>203</x><y>305</y><time>27-01-21 21:25:04:125</time></pt><pt><x>202</x><y>297</y><time>27-01-21 21:25:04:505</time></pt><pt><x>202</x><y>289</y><time>27-01-21 21:25:04:771</time></pt><pt><x>202</x><y>283</y><time>27-01-21 21:25:04:982</time></pt><pt><x>202</x><y>280</y><time>27-01-21 21:25:05:227</time></pt><pt><x>202</x><y>271</y><time>27-01-21 21:25:12:327</time></pt><pt><x>203</x><y>261</y><time>27-01-21 21:25:12:750</time></pt><pt><x>209</x><y>253</y><time>27-01-21 21:25:13:293</time></pt><pt><x>217</x><y>242</y><time>27-01-21 21:25:14:100</time></pt><pt><x>223</x><y>229</y><time>27-01-21 21:25:15:506</time></pt><pt><x>226</x><y>221</y><time>27-01-21 21:25:15:938</time></pt><pt><x>229</x><y>217</y><time>27-01-21 21:25:16:238</time></pt><pt><x>231</x><y>214</y><time>27-01-21 21:25:16:544</time></pt><pt><x>232</x><y>212</y><time>27-01-21 21:25:17:950</time></pt><pt><x>234</x><y>215</y><time>27-01-21 21:25:18:186</time></pt><pt><x>234</x><y>218</y><time>27-01-21 21:25:18:342</time></pt><pt><x>234</x><y>221</y><time>27-01-21 21:25:18:681</time></pt><pt><x>231</x><y>232</y><time>27-01-21 21:25:19:472</time></pt><pt><x>229</x><y>237</y><time>27-01-21 21:25:19:834</time></pt><pt><x>227</x><y>241</y><time>27-01-21 21:25:20:157</time></pt><pt><x>226</x><y>249</y><time>27-01-21 21:25:32:624</time></pt><pt><x>226</x><y>259</y><time>27-01-21 21:25:33:344</time></pt><pt><x>226</x><y>271</y><time>27-01-21 21:25:34:186</time></pt><pt><x>224</x><y>281</y><time>27-01-21 21:25:35:551</time></pt><pt><x>221</x><y>290</y><time>27-01-21 21:25:35:985</time></pt><pt><x>220</x><y>294</y><time>27-01-21 21:25:36:241</time></pt><pt><x>219</x><y>295</y><time>27-01-21 21:25:36:447</time></pt><pt><x>217</x><y>296</y><time>27-01-21 21:25:36:650</time></pt><pt><x>215</x><y>298</y><time>27-01-21 21:25:36:967</time></pt><pt><x>215</x><y>303</y><time>27-01-21 21:25:37:303</time></pt><pt><x>215</x><y>309</y><time>27-01-21 21:25:37:680</time></pt><pt><x>214</x><y>311</y><time>27-01-21 21:25:37:852</time></pt><pt><x>214</x><y>312</y><time>27-01-21 21:25:38:010</time></pt><pt><x>215</x><y>313</y><time>27-01-21 21:25:38:185</time></pt><pt><x>218</x><y>314</y><time>27-01-21 21:25:38:435</time></pt><pt><x>241</x><y>314</y><time>27-01-21 21:25:39:361</time></pt><pt><x>256</x><y>312</y><time>27-01-21 21:25:39:926</time></pt><pt><x>258</x><y>309</y><time>27-01-21 21:25:40:469</time></pt><pt><x>257</x><y>307</y><time>27-01-21 21:25:40:757</time></pt><pt><x>254</x><y>305</y><time>27-01-21 21:25:41:190</time></pt><pt><x>248</x><y>303</y><time>27-01-21 21:25:41:536</time></pt><pt><x>246</x><y>301</y><time>27-01-21 21:25:41:717</time></pt><pt><x>245</x><y>298</y><time>27-01-21 21:25:41:906</time></pt><pt><x>244</x><y>295</y><time>27-01-21 21:25:42:103</time></pt><pt><x>241</x><y>293</y><time>27-01-21 21:25:42:306</time></pt><pt><x>238</x><y>292</y><time>27-01-21 21:25:42:588</time></pt><pt><x>236</x><y>290</y><time>27-01-21 21:25:42:746</time></pt><pt><x>236</x><y>286</y><time>27-01-21 21:25:42:975</time></pt><pt><x>240</x><y>277</y><time>27-01-21 21:25:43:554</time></pt><pt><x>247</x><y>261</y><time>27-01-21 21:25:46:736</time></pt><pt><x>251</x><y>249</y><time>27-01-21 21:25:47:303</time></pt><pt><x>253</x><y>238</y><time>27-01-21 21:25:47:797</time></pt><pt><x>253</x><y>232</y><time>27-01-21 21:25:48:291</time></pt><pt><x>253</x><y>224</y><time>27-01-21 21:25:48:926</time></pt><pt><x>258</x><y>209</y><time>27-01-21 21:25:51:236</time></pt><pt><x>260</x><y>205</y><time>27-01-21 21:25:51:676</time></pt><pt><x>261</x><y>203</y><time>27-01-21 21:25:51:912</time></pt><pt><x>265</x><y>203</y><time>27-01-21 21:25:52:178</time></pt><pt><x>267</x><y>202</y><time>27-01-21 21:25:52:509</time></pt><pt><x>268</x><y>199</y><time>27-01-21 21:25:52:854</time></pt><pt><x>275</x><y>178</y><time>27-01-21 21:25:54:574</time></pt><pt><x>276</x><y>171</y><time>27-01-21 21:25:54:929</time></pt><pt><x>276</x><y>167</y><time>27-01-21 21:25:55:242</time></pt><pt><x>277</x><y>166</y><time>27-01-21 21:25:55:455</time></pt><pt><x>279</x><y>162</y><time>27-01-21 21:25:55:666</time></pt><pt><x>279</x><y>160</y><time>27-01-21 21:25:55:941</time></pt><pt><x>279</x><y>157</y><time>27-01-21 21:25:56:138</time></pt><pt><x>280</x><y>154</y><time>27-01-21 21:25:56:343</time></pt><pt><x>281</x><y>152</y><time>27-01-21 21:25:56:548</time></pt><pt><x>283</x><y>146</y><time>27-01-21 21:25:56:964</time></pt><pt><x>286</x><y>142</y><time>27-01-21 21:25:57:615</time></pt><pt><x>286</x><y>139</y><time>27-01-21 21:25:57:881</time></pt><pt><x>285</x><y>138</y><time>27-01-21 21:25:58:084</time></pt><pt><x>285</x><y>136</y><time>27-01-21 21:25:58:274</time></pt><pt><x>286</x><y>133</y><time>27-01-21 21:25:58:455</time></pt><pt><x>287</x><y>130</y><time>27-01-21 21:25:58:737</time></pt><pt><x>288</x><y>125</y><time>27-01-21 21:25:59:239</time></pt><pt><x>287</x><y>108</y><time>27-01-21 21:26:00:912</time></pt><pt><x>286</x><y>94</y><time>27-01-21 21:26:01:713</time></pt><pt><x>284</x><y>79</y><time>27-01-21 21:26:02:648</time></pt><pt><x>280</x><y>81</y><time>27-01-21 21:26:03:080</time></pt><pt><x>277</x><y>82</y><time>27-01-21 21:26:03:354</time></pt><pt><x>273</x><y>83</y><time>27-01-21 21:26:03:653</time></pt><pt><x>271</x><y>83</y><time>27-01-21 21:26:03:851</time></pt><pt><x>268</x><y>84</y><time>27-01-21 21:26:04:025</time></pt><pt><x>266</x><y>87</y><time>27-01-21 21:26:04:314</time></pt><pt><x>264</x><y>89</y><time>27-01-21 21:26:04:504</time></pt><pt><x>261</x><y>90</y><time>27-01-21 21:26:04:707</time></pt><pt><x>258</x><y>91</y><time>27-01-21 21:26:04:886</time></pt><pt><x>256</x><y>92</y><time>27-01-21 21:26:05:045</time></pt><pt><x>253</x><y>96</y><time>27-01-21 21:26:05:241</time></pt><pt><x>250</x><y>101</y><time>27-01-21 21:26:09:851</time></pt><pt><x>245</x><y>103</y><time>27-01-21 21:26:10:300</time></pt><pt><x>242</x><y>105</y><time>27-01-21 21:26:10:529</time></pt><pt><x>238</x><y>102</y><time>27-01-21 21:26:10:872</time></pt><pt><x>234</x><y>98</y><time>27-01-21 21:26:11:305</time></pt><pt><x>234</x><y>95</y><time>27-01-21 21:26:11:522</time></pt><pt><x>239</x><y>81</y><time>27-01-21 21:26:12:386</time></pt><pt><x>241</x><y>77</y><time>27-01-21 21:26:12:797</time></pt><pt><x>244</x><y>74</y><time>27-01-21 21:26:13:012</time></pt><pt><x>250</x><y>71</y><time>27-01-21 21:26:13:283</time></pt><pt><x>253</x><y>69</y><time>27-01-21 21:26:13:581</time></pt><pt><x>255</x><y>68</y><time>27-01-21 21:26:13:771</time></pt><pt><x>258</x><y>66</y><time>27-01-21 21:26:15:520</time></pt><pt><x>258</x><y>62</y><time>27-01-21 21:26:15:797</time></pt><pt><x>259</x><y>61</y><time>27-01-21 21:26:15:952</time></pt><pt><x>261</x><y>58</y><time>27-01-21 21:26:16:181</time></pt><pt><x>266</x><y>55</y><time>27-01-21 21:26:16:512</time></pt><pt><x>269</x><y>52</y><time>27-01-21 21:26:17:830</time></pt><pt><x>270</x><y>50</y><time>27-01-21 21:26:18:027</time></pt><pt><x>272</x><y>49</y><time>27-01-21 21:26:18:215</time></pt><pt><x>276</x><y>47</y><time>27-01-21 21:26:18:538</time></pt><pt><x>276</x><y>44</y><time>27-01-21 21:26:18:842</time></pt><pt><x>273</x><y>38</y><time>27-01-21 21:26:19:221</time></pt><pt><x>270</x><y>33</y><time>27-01-21 21:26:19:598</time></pt><pt><x>265</x><y>31</y><time>27-01-21 21:26:19:943</time></pt><pt><x>261</x><y>30</y><time>27-01-21 21:26:20:219</time></pt><pt><x>261</x><y>28</y><time>27-01-21 21:26:20:448</time></pt><pt><x>263</x><y>26</y><time>27-01-21 21:26:20:665</time></pt><pt><x>264</x><y>25</y><time>27-01-21 21:26:20:822</time></pt><pt><x>266</x><y>21</y><time>27-01-21 21:26:35:984</time></pt><pt><x>266</x><y>16</y><time>27-01-21 21:26:36:470</time></pt><pt><x>267</x><y>16</y><time>27-01-21 21:26:36:841</time></pt><pt><x>268</x><y>18</y><time>27-01-21 21:26:37:061</time></pt><pt><x>270</x><y>19</y><time>27-01-21 21:26:39:204</time></pt><pt><x>272</x><y>15</y><time>27-01-21 21:26:39:527</time></pt><pt><x>273</x><y>12</y><time>27-01-21 21:26:39:771</time></pt><pt><x>273</x><y>7</y><time>27-01-21 21:26:40:187</time></pt><pt><x>270</x><y>2</y><time>27-01-21 21:26:40:720</time></pt><pt><x>270</x><y>1</y><time>27-01-21 21:26:41:198</time></pt><pt><x>269</x><y>0</y><time>27-01-21 21:26:41:678</time></pt><pt><x>269</x><y>0</y><time>27-01-21 21:26:42:314</time></pt><closed_date>27-01-21 21:26:44:053</closed_date></polygon></object><object><name>person</name><deleted>0</deleted><verified>0</verified><occluded>no</occluded><attributes></attributes><parts><hasparts></hasparts><ispartof></ispartof></parts><date>27-01-21 21:30:58:359</date><id>1</id><polygon><username>7hao</username><pt><x>311</x><y>0</y><time>27-01-21 21:26:58:953</time></pt><pt><x>310</x><y>4</y><time>27-01-21 21:26:59:393</time></pt><pt><x>308</x><y>9</y><time>27-01-21 21:26:59:760</time></pt><pt><x>304</x><y>15</y><time>27-01-21 21:27:00:202</time></pt><pt><x>301</x><y>20</y><time>27-01-21 21:27:00:601</time></pt><pt><x>298</x><y>25</y><time>27-01-21 21:27:01:098</time></pt><pt><x>288</x><y>37</y><time>27-01-21 21:27:03:633</time></pt><pt><x>282</x><y>42</y><time>27-01-21 21:27:03:978</time></pt><pt><x>278</x><y>45</y><time>27-01-21 21:27:04:302</time></pt><pt><x>277</x><y>47</y><time>27-01-21 21:27:08:084</time></pt><pt><x>275</x><y>49</y><time>27-01-21 21:27:08:666</time></pt><pt><x>271</x><y>51</y><time>27-01-21 21:27:09:710</time></pt><pt><x>269</x><y>53</y><time>27-01-21 21:27:10:207</time></pt><pt><x>264</x><y>58</y><time>27-01-21 21:27:11:030</time></pt><pt><x>261</x><y>61</y><time>27-01-21 21:27:11:693</time></pt><pt><x>259</x><y>64</y><time>27-01-21 21:27:12:083</time></pt><pt><x>259</x><y>66</y><time>27-01-21 21:27:12:459</time></pt><pt><x>257</x><y>68</y><time>27-01-21 21:27:13:064</time></pt><pt><x>255</x><y>69</y><time>27-01-21 21:27:13:661</time></pt><pt><x>246</x><y>74</y><time>27-01-21 21:27:18:805</time></pt><pt><x>244</x><y>76</y><time>27-01-21 21:27:19:356</time></pt><pt><x>241</x><y>79</y><time>27-01-21 21:27:20:008</time></pt><pt><x>238</x><y>86</y><time>27-01-21 21:27:23:039</time></pt><pt><x>237</x><y>90</y><time>27-01-21 21:27:24:168</time></pt><pt><x>236</x><y>93</y><time>27-01-21 21:27:24:893</time></pt><pt><x>236</x><y>96</y><time>27-01-21 21:27:25:317</time></pt><pt><x>237</x><y>99</y><time>27-01-21 21:27:25:669</time></pt><pt><x>239</x><y>102</y><time>27-01-21 21:27:32:394</time></pt><pt><x>242</x><y>103</y><time>27-01-21 21:27:33:022</time></pt><pt><x>246</x><y>102</y><time>27-01-21 21:27:34:128</time></pt><pt><x>250</x><y>100</y><time>27-01-21 21:27:34:828</time></pt><pt><x>252</x><y>96</y><time>27-01-21 21:27:35:600</time></pt><pt><x>255</x><y>92</y><time>27-01-21 21:27:36:618</time></pt><pt><x>256</x><y>91</y><time>27-01-21 21:27:37:568</time></pt><pt><x>258</x><y>90</y><time>27-01-21 21:27:38:190</time></pt><pt><x>262</x><y>89</y><time>27-01-21 21:27:38:856</time></pt><pt><x>265</x><y>87</y><time>27-01-21 21:27:39:414</time></pt><pt><x>266</x><y>84</y><time>27-01-21 21:27:40:051</time></pt><pt><x>268</x><y>83</y><time>27-01-21 21:27:40:886</time></pt><pt><x>270</x><y>82</y><time>27-01-21 21:27:41:528</time></pt><pt><x>274</x><y>82</y><time>27-01-21 21:27:42:070</time></pt><pt><x>277</x><y>81</y><time>27-01-21 21:27:42:736</time></pt><pt><x>284</x><y>78</y><time>27-01-21 21:27:44:323</time></pt><pt><x>292</x><y>75</y><time>27-01-21 21:27:55:133</time></pt><pt><x>303</x><y>69</y><time>27-01-21 21:27:55:893</time></pt><pt><x>309</x><y>64</y><time>27-01-21 21:27:56:341</time></pt><pt><x>311</x><y>65</y><time>27-01-21 21:27:56:561</time></pt><pt><x>312</x><y>71</y><time>27-01-21 21:27:56:717</time></pt><pt><x>312</x><y>81</y><time>27-01-21 21:27:57:072</time></pt><pt><x>312</x><y>85</y><time>27-01-21 21:27:57:238</time></pt><pt><x>312</x><y>89</y><time>27-01-21 21:27:57:385</time></pt><pt><x>314</x><y>92</y><time>27-01-21 21:27:57:565</time></pt><pt><x>317</x><y>94</y><time>27-01-21 21:27:57:731</time></pt><pt><x>321</x><y>99</y><time>27-01-21 21:28:02:254</time></pt><pt><x>323</x><y>102</y><time>27-01-21 21:28:02:395</time></pt><pt><x>325</x><y>106</y><time>27-01-21 21:28:02:561</time></pt><pt><x>325</x><y>113</y><time>27-01-21 21:28:02:724</time></pt><pt><x>323</x><y>117</y><time>27-01-21 21:28:02:867</time></pt><pt><x>319</x><y>126</y><time>27-01-21 21:28:03:127</time></pt><pt><x>316</x><y>138</y><time>27-01-21 21:28:03:669</time></pt><pt><x>311</x><y>161</y><time>27-01-21 21:28:04:748</time></pt><pt><x>310</x><y>171</y><time>27-01-21 21:28:04:901</time></pt><pt><x>310</x><y>176</y><time>27-01-21 21:28:05:042</time></pt><pt><x>308</x><y>180</y><time>27-01-21 21:28:05:183</time></pt><pt><x>302</x><y>182</y><time>27-01-21 21:28:05:325</time></pt><pt><x>300</x><y>185</y><time>27-01-21 21:28:05:444</time></pt><pt><x>300</x><y>190</y><time>27-01-21 21:28:05:585</time></pt><pt><x>304</x><y>210</y><time>27-01-21 21:28:06:692</time></pt><pt><x>307</x><y>217</y><time>27-01-21 21:28:06:833</time></pt><pt><x>310</x><y>228</y><time>27-01-21 21:28:06:989</time></pt><pt><x>313</x><y>236</y><time>27-01-21 21:28:07:131</time></pt><pt><x>314</x><y>242</y><time>27-01-21 21:28:07:281</time></pt><pt><x>316</x><y>250</y><time>27-01-21 21:28:07:461</time></pt><pt><x>317</x><y>257</y><time>27-01-21 21:28:07:625</time></pt><pt><x>318</x><y>277</y><time>27-01-21 21:28:08:726</time></pt><pt><x>319</x><y>285</y><time>27-01-21 21:28:08:883</time></pt><pt><x>319</x><y>292</y><time>27-01-21 21:28:09:031</time></pt><pt><x>318</x><y>296</y><time>27-01-21 21:28:09:158</time></pt><pt><x>317</x><y>304</y><time>27-01-21 21:28:09:299</time></pt><pt><x>311</x><y>326</y><time>27-01-21 21:28:10:632</time></pt><pt><x>308</x><y>342</y><time>27-01-21 21:28:11:081</time></pt><pt><x>304</x><y>352</y><time>27-01-21 21:28:11:521</time></pt><pt><x>301</x><y>357</y><time>27-01-21 21:28:11:758</time></pt><pt><x>301</x><y>359</y><time>27-01-21 21:28:11:937</time></pt><pt><x>302</x><y>369</y><time>27-01-21 21:28:12:354</time></pt><pt><x>304</x><y>378</y><time>27-01-21 21:28:12:777</time></pt><pt><x>295</x><y>387</y><time>27-01-21 21:28:14:742</time></pt><pt><x>290</x><y>391</y><time>27-01-21 21:28:15:111</time></pt><pt><x>287</x><y>393</y><time>27-01-21 21:28:15:283</time></pt><pt><x>285</x><y>395</y><time>27-01-21 21:28:15:410</time></pt><pt><x>284</x><y>398</y><time>27-01-21 21:28:15:549</time></pt><pt><x>284</x><y>402</y><time>27-01-21 21:28:15:715</time></pt><pt><x>286</x><y>405</y><time>27-01-21 21:28:15:903</time></pt><pt><x>290</x><y>406</y><time>27-01-21 21:28:16:131</time></pt><pt><x>304</x><y>408</y><time>27-01-21 21:28:16:539</time></pt><pt><x>320</x><y>408</y><time>27-01-21 21:28:17:012</time></pt><pt><x>332</x><y>404</y><time>27-01-21 21:28:17:403</time></pt><pt><x>337</x><y>401</y><time>27-01-21 21:28:17:765</time></pt><pt><x>355</x><y>395</y><time>27-01-21 21:28:20:231</time></pt><pt><x>358</x><y>392</y><time>27-01-21 21:28:20:514</time></pt><pt><x>358</x><y>385</y><time>27-01-21 21:28:20:888</time></pt><pt><x>357</x><y>374</y><time>27-01-21 21:28:21:345</time></pt><pt><x>356</x><y>368</y><time>27-01-21 21:28:22:986</time></pt><pt><x>356</x><y>364</y><time>27-01-21 21:28:23:223</time></pt><pt><x>357</x><y>361</y><time>27-01-21 21:28:23:395</time></pt><pt><x>359</x><y>356</y><time>27-01-21 21:28:23:599</time></pt><pt><x>359</x><y>353</y><time>27-01-21 21:28:23:779</time></pt><pt><x>359</x><y>349</y><time>27-01-21 21:28:24:125</time></pt><pt><x>361</x><y>344</y><time>27-01-21 21:28:24:331</time></pt><pt><x>362</x><y>338</y><time>27-01-21 21:28:24:801</time></pt><pt><x>361</x><y>324</y><time>27-01-21 21:30:12:417</time></pt><pt><x>362</x><y>320</y><time>27-01-21 21:30:12:814</time></pt><pt><x>364</x><y>315</y><time>27-01-21 21:30:13:181</time></pt><pt><x>364</x><y>312</y><time>27-01-21 21:30:13:426</time></pt><pt><x>366</x><y>312</y><time>27-01-21 21:30:13:794</time></pt><pt><x>371</x><y>316</y><time>27-01-21 21:30:14:509</time></pt><pt><x>380</x><y>328</y><time>27-01-21 21:30:15:186</time></pt><pt><x>390</x><y>340</y><time>27-01-21 21:30:15:866</time></pt><pt><x>392</x><y>347</y><time>27-01-21 21:30:19:466</time></pt><pt><x>390</x><y>352</y><time>27-01-21 21:30:19:686</time></pt><pt><x>388</x><y>356</y><time>27-01-21 21:30:19:850</time></pt><pt><x>386</x><y>358</y><time>27-01-21 21:30:19:975</time></pt><pt><x>383</x><y>361</y><time>27-01-21 21:30:20:118</time></pt><pt><x>380</x><y>365</y><time>27-01-21 21:30:20:267</time></pt><pt><x>380</x><y>369</y><time>27-01-21 21:30:20:463</time></pt><pt><x>383</x><y>373</y><time>27-01-21 21:30:23:030</time></pt><pt><x>390</x><y>373</y><time>27-01-21 21:30:23:315</time></pt><pt><x>405</x><y>369</y><time>27-01-21 21:30:24:165</time></pt><pt><x>417</x><y>356</y><time>27-01-21 21:30:24:766</time></pt><pt><x>423</x><y>353</y><time>27-01-21 21:30:25:411</time></pt><pt><x>440</x><y>338</y><time>27-01-21 21:30:27:406</time></pt><pt><x>443</x><y>328</y><time>27-01-21 21:30:27:952</time></pt><pt><x>443</x><y>323</y><time>27-01-21 21:30:28:128</time></pt><pt><x>440</x><y>317</y><time>27-01-21 21:30:28:348</time></pt><pt><x>434</x><y>314</y><time>27-01-21 21:30:28:504</time></pt><pt><x>432</x><y>312</y><time>27-01-21 21:30:28:663</time></pt><pt><x>430</x><y>307</y><time>27-01-21 21:30:28:820</time></pt><pt><x>424</x><y>296</y><time>27-01-21 21:30:29:127</time></pt><pt><x>417</x><y>288</y><time>27-01-21 21:30:29:825</time></pt><pt><x>412</x><y>284</y><time>27-01-21 21:30:30:109</time></pt><pt><x>389</x><y>252</y><time>27-01-21 21:30:34:429</time></pt><pt><x>384</x><y>245</y><time>27-01-21 21:30:34:702</time></pt><pt><x>384</x><y>240</y><time>27-01-21 21:30:34:853</time></pt><pt><x>387</x><y>229</y><time>27-01-21 21:30:35:200</time></pt><pt><x>399</x><y>162</y><time>27-01-21 21:30:37:592</time></pt><pt><x>401</x><y>147</y><time>27-01-21 21:30:38:150</time></pt><pt><x>406</x><y>132</y><time>27-01-21 21:30:38:716</time></pt><pt><x>411</x><y>134</y><time>27-01-21 21:30:40:564</time></pt><pt><x>415</x><y>136</y><time>27-01-21 21:30:40:728</time></pt><pt><x>422</x><y>138</y><time>27-01-21 21:30:40:885</time></pt><pt><x>437</x><y>135</y><time>27-01-21 21:30:41:097</time></pt><pt><x>442</x><y>127</y><time>27-01-21 21:30:41:482</time></pt><pt><x>444</x><y>121</y><time>27-01-21 21:30:41:717</time></pt><pt><x>443</x><y>115</y><time>27-01-21 21:30:41:900</time></pt><pt><x>443</x><y>103</y><time>27-01-21 21:30:44:012</time></pt><pt><x>446</x><y>98</y><time>27-01-21 21:30:44:169</time></pt><pt><x>450</x><y>90</y><time>27-01-21 21:30:44:325</time></pt><pt><x>451</x><y>68</y><time>27-01-21 21:30:44:781</time></pt><pt><x>449</x><y>44</y><time>27-01-21 21:30:45:788</time></pt><pt><x>450</x><y>34</y><time>27-01-21 21:30:45:958</time></pt><pt><x>449</x><y>24</y><time>27-01-21 21:30:46:139</time></pt><pt><x>446</x><y>7</y><time>27-01-21 21:30:47:592</time></pt><pt><x>445</x><y>0</y><time>27-01-21 21:30:49:675</time></pt><pt><x>444</x><y>0</y><time>27-01-21 21:30:51:040</time></pt><closed_date>27-01-21 21:30:54:253</closed_date></polygon></object><object><name>person</name><deleted>0</deleted><verified>0</verified><occluded>no</occluded><attributes></attributes><parts><hasparts></hasparts><ispartof></ispartof></parts><date>27-01-21 21:32:34:758</date><id>2</id><polygon><username>7hao</username><pt><x>440</x><y>132</y><time>27-01-21 21:31:37:502</time></pt><pt><x>440</x><y>141</y><time>27-01-21 21:31:38:017</time></pt><pt><x>441</x><y>159</y><time>27-01-21 21:31:42:037</time></pt><pt><x>439</x><y>165</y><time>27-01-21 21:31:42:571</time></pt><pt><x>438</x><y>167</y><time>27-01-21 21:31:42:901</time></pt><pt><x>438</x><y>169</y><time>27-01-21 21:31:43:051</time></pt><pt><x>438</x><y>172</y><time>27-01-21 21:31:43:222</time></pt><pt><x>438</x><y>177</y><time>27-01-21 21:31:43:507</time></pt><pt><x>436</x><y>185</y><time>27-01-21 21:31:43:891</time></pt><pt><x>433</x><y>191</y><time>27-01-21 21:31:44:912</time></pt><pt><x>429</x><y>192</y><time>27-01-21 21:31:45:304</time></pt><pt><x>427</x><y>191</y><time>27-01-21 21:31:45:532</time></pt><pt><x>426</x><y>189</y><time>27-01-21 21:31:45:721</time></pt><pt><x>426</x><y>184</y><time>27-01-21 21:31:45:924</time></pt><pt><x>427</x><y>179</y><time>27-01-21 21:31:46:216</time></pt><pt><x>427</x><y>175</y><time>27-01-21 21:31:46:476</time></pt><pt><x>427</x><y>172</y><time>27-01-21 21:31:46:718</time></pt><pt><x>428</x><y>169</y><time>27-01-21 21:31:46:907</time></pt><pt><x>429</x><y>164</y><time>27-01-21 21:31:47:104</time></pt><pt><x>427</x><y>161</y><time>27-01-21 21:31:47:315</time></pt><pt><x>426</x><y>157</y><time>27-01-21 21:31:47:494</time></pt><pt><x>425</x><y>152</y><time>27-01-21 21:31:47:747</time></pt><pt><x>424</x><y>149</y><time>27-01-21 21:31:47:960</time></pt><pt><x>423</x><y>148</y><time>27-01-21 21:31:48:166</time></pt><pt><x>421</x><y>150</y><time>27-01-21 21:31:48:337</time></pt><pt><x>420</x><y>152</y><time>27-01-21 21:31:48:501</time></pt><pt><x>422</x><y>162</y><time>27-01-21 21:31:48:980</time></pt><pt><x>423</x><y>170</y><time>27-01-21 21:31:49:334</time></pt><pt><x>422</x><y>175</y><time>27-01-21 21:31:49:631</time></pt><pt><x>421</x><y>177</y><time>27-01-21 21:31:49:805</time></pt><pt><x>421</x><y>182</y><time>27-01-21 21:31:50:111</time></pt><pt><x>420</x><y>190</y><time>27-01-21 21:31:50:527</time></pt><pt><x>418</x><y>202</y><time>27-01-21 21:31:51:109</time></pt><pt><x>416</x><y>212</y><time>27-01-21 21:31:51:791</time></pt><pt><x>414</x><y>228</y><time>27-01-21 21:31:53:363</time></pt><pt><x>412</x><y>232</y><time>27-01-21 21:31:53:661</time></pt><pt><x>412</x><y>236</y><time>27-01-21 21:31:54:007</time></pt><pt><x>412</x><y>239</y><time>27-01-21 21:31:54:147</time></pt><pt><x>413</x><y>242</y><time>27-01-21 21:31:54:313</time></pt><pt><x>413</x><y>248</y><time>27-01-21 21:31:54:603</time></pt><pt><x>411</x><y>264</y><time>27-01-21 21:31:55:845</time></pt><pt><x>410</x><y>272</y><time>27-01-21 21:31:56:221</time></pt><pt><x>410</x><y>280</y><time>27-01-21 21:31:57:054</time></pt><pt><x>390</x><y>252</y><time>27-01-21 21:32:03:115</time></pt><pt><x>390</x><y>247</y><time>27-01-21 21:32:03:831</time></pt><pt><x>390</x><y>237</y><time>27-01-21 21:32:04:545</time></pt><pt><x>389</x><y>227</y><time>27-01-21 21:32:06:155</time></pt><pt><x>389</x><y>222</y><time>27-01-21 21:32:09:398</time></pt><pt><x>391</x><y>211</y><time>27-01-21 21:32:15:570</time></pt><pt><x>402</x><y>151</y><time>27-01-21 21:32:21:336</time></pt><pt><x>402</x><y>147</y><time>27-01-21 21:32:22:890</time></pt><pt><x>407</x><y>134</y><time>27-01-21 21:32:26:730</time></pt><pt><x>412</x><y>136</y><time>27-01-21 21:32:27:430</time></pt><pt><x>417</x><y>138</y><time>27-01-21 21:32:28:005</time></pt><pt><x>423</x><y>139</y><time>27-01-21 21:32:28:491</time></pt><pt><x>427</x><y>138</y><time>27-01-21 21:32:29:064</time></pt><pt><x>434</x><y>137</y><time>27-01-21 21:32:29:990</time></pt><pt><x>439</x><y>135</y><time>27-01-21 21:32:30:752</time></pt><closed_date>27-01-21 21:32:31:413</closed_date></polygon></object></annotation>