<annotation><filename>frame0024.jpg</filename><folder>users/lab605//7hao/human_20210119_4</folder><source><submittedBy>lab605</submittedBy></source><imagesize><nrows>480</nrows><ncols>640</ncols></imagesize><object><name>person</name><deleted>0</deleted><verified>0</verified><occluded>no</occluded><attributes></attributes><parts><hasparts></hasparts><ispartof></ispartof></parts><date>22-01-21 15:28:33:458</date><id>0</id><polygon><username>7hao</username><pt><x>487</x><y>66</y><time>22-01-21 15:26:42:450</time></pt><pt><x>480</x><y>70</y><time>22-01-21 15:26:46:814</time></pt><pt><x>477</x><y>73</y><time>22-01-21 15:26:47:101</time></pt><pt><x>475</x><y>77</y><time>22-01-21 15:26:47:311</time></pt><pt><x>475</x><y>80</y><time>22-01-21 15:26:47:499</time></pt><pt><x>475</x><y>85</y><time>22-01-21 15:26:47:743</time></pt><pt><x>476</x><y>89</y><time>22-01-21 15:26:47:987</time></pt><pt><x>478</x><y>92</y><time>22-01-21 15:26:48:207</time></pt><pt><x>479</x><y>95</y><time>22-01-21 15:26:48:413</time></pt><pt><x>480</x><y>98</y><time>22-01-21 15:26:48:703</time></pt><pt><x>477</x><y>100</y><time>22-01-21 15:26:48:979</time></pt><pt><x>469</x><y>105</y><time>22-01-21 15:26:50:002</time></pt><pt><x>464</x><y>107</y><time>22-01-21 15:26:50:544</time></pt><pt><x>462</x><y>110</y><time>22-01-21 15:26:50:953</time></pt><pt><x>458</x><y>126</y><time>22-01-21 15:26:54:352</time></pt><pt><x>457</x><y>134</y><time>22-01-21 15:26:54:863</time></pt><pt><x>456</x><y>142</y><time>22-01-21 15:26:55:666</time></pt><pt><x>455</x><y>152</y><time>22-01-21 15:26:56:247</time></pt><pt><x>455</x><y>170</y><time>22-01-21 15:26:57:726</time></pt><pt><x>456</x><y>179</y><time>22-01-21 15:26:58:051</time></pt><pt><x>457</x><y>187</y><time>22-01-21 15:26:58:331</time></pt><pt><x>458</x><y>189</y><time>22-01-21 15:26:58:623</time></pt><pt><x>459</x><y>192</y><time>22-01-21 15:26:58:923</time></pt><pt><x>459</x><y>196</y><time>22-01-21 15:26:59:262</time></pt><pt><x>459</x><y>199</y><time>22-01-21 15:26:59:551</time></pt><pt><x>463</x><y>204</y><time>22-01-21 15:27:00:801</time></pt><pt><x>467</x><y>206</y><time>22-01-21 15:27:01:077</time></pt><pt><x>469</x><y>205</y><time>22-01-21 15:27:01:328</time></pt><pt><x>470</x><y>213</y><time>22-01-21 15:27:01:793</time></pt><pt><x>471</x><y>221</y><time>22-01-21 15:27:02:185</time></pt><pt><x>472</x><y>229</y><time>22-01-21 15:27:02:579</time></pt><pt><x>473</x><y>233</y><time>22-01-21 15:27:02:934</time></pt><pt><x>473</x><y>249</y><time>22-01-21 15:27:04:525</time></pt><pt><x>473</x><y>262</y><time>22-01-21 15:27:05:318</time></pt><pt><x>473</x><y>269</y><time>22-01-21 15:27:06:655</time></pt><pt><x>473</x><y>271</y><time>22-01-21 15:27:06:913</time></pt><pt><x>473</x><y>274</y><time>22-01-21 15:27:07:103</time></pt><pt><x>474</x><y>277</y><time>22-01-21 15:27:07:307</time></pt><pt><x>475</x><y>279</y><time>22-01-21 15:27:07:450</time></pt><pt><x>475</x><y>282</y><time>22-01-21 15:27:07:645</time></pt><pt><x>472</x><y>287</y><time>22-01-21 15:27:08:126</time></pt><pt><x>468</x><y>289</y><time>22-01-21 15:27:08:463</time></pt><pt><x>467</x><y>291</y><time>22-01-21 15:27:08:715</time></pt><pt><x>467</x><y>293</y><time>22-01-21 15:27:09:101</time></pt><pt><x>468</x><y>295</y><time>22-01-21 15:27:09:383</time></pt><pt><x>471</x><y>296</y><time>22-01-21 15:27:09:692</time></pt><pt><x>474</x><y>296</y><time>22-01-21 15:27:10:007</time></pt><pt><x>476</x><y>297</y><time>22-01-21 15:27:10:257</time></pt><pt><x>482</x><y>297</y><time>22-01-21 15:27:11:815</time></pt><pt><x>485</x><y>297</y><time>22-01-21 15:27:12:112</time></pt><pt><x>487</x><y>297</y><time>22-01-21 15:27:12:397</time></pt><pt><x>487</x><y>295</y><time>22-01-21 15:27:12:625</time></pt><pt><x>487</x><y>292</y><time>22-01-21 15:27:12:837</time></pt><pt><x>487</x><y>289</y><time>22-01-21 15:27:13:072</time></pt><pt><x>486</x><y>285</y><time>22-01-21 15:27:13:261</time></pt><pt><x>486</x><y>284</y><time>22-01-21 15:27:13:442</time></pt><pt><x>487</x><y>281</y><time>22-01-21 15:27:13:656</time></pt><pt><x>487</x><y>279</y><time>22-01-21 15:27:13:835</time></pt><pt><x>488</x><y>276</y><time>22-01-21 15:27:14:010</time></pt><pt><x>489</x><y>273</y><time>22-01-21 15:27:14:221</time></pt><pt><x>490</x><y>255</y><time>22-01-21 15:27:15:306</time></pt><pt><x>490</x><y>245</y><time>22-01-21 15:27:15:645</time></pt><pt><x>491</x><y>239</y><time>22-01-21 15:27:15:905</time></pt><pt><x>492</x><y>236</y><time>22-01-21 15:27:16:092</time></pt><pt><x>493</x><y>222</y><time>22-01-21 15:27:17:195</time></pt><pt><x>493</x><y>216</y><time>22-01-21 15:27:17:534</time></pt><pt><x>494</x><y>212</y><time>22-01-21 15:27:17:730</time></pt><pt><x>494</x><y>209</y><time>22-01-21 15:27:17:958</time></pt><pt><x>495</x><y>207</y><time>22-01-21 15:27:18:197</time></pt><pt><x>497</x><y>213</y><time>22-01-21 15:27:18:925</time></pt><pt><x>500</x><y>217</y><time>22-01-21 15:27:19:272</time></pt><pt><x>501</x><y>221</y><time>22-01-21 15:27:19:610</time></pt><pt><x>506</x><y>233</y><time>22-01-21 15:27:24:716</time></pt><pt><x>507</x><y>239</y><time>22-01-21 15:27:25:056</time></pt><pt><x>509</x><y>245</y><time>22-01-21 15:27:25:738</time></pt><pt><x>510</x><y>250</y><time>22-01-21 15:27:26:093</time></pt><pt><x>511</x><y>255</y><time>22-01-21 15:27:26:360</time></pt><pt><x>513</x><y>263</y><time>22-01-21 15:27:27:510</time></pt><pt><x>517</x><y>272</y><time>22-01-21 15:27:27:830</time></pt><pt><x>519</x><y>277</y><time>22-01-21 15:27:28:075</time></pt><pt><x>521</x><y>280</y><time>22-01-21 15:27:28:295</time></pt><pt><x>520</x><y>285</y><time>22-01-21 15:27:29:891</time></pt><pt><x>520</x><y>289</y><time>22-01-21 15:27:30:162</time></pt><pt><x>519</x><y>292</y><time>22-01-21 15:27:30:349</time></pt><pt><x>518</x><y>296</y><time>22-01-21 15:27:30:624</time></pt><pt><x>518</x><y>298</y><time>22-01-21 15:27:30:869</time></pt><pt><x>517</x><y>299</y><time>22-01-21 15:27:31:048</time></pt><pt><x>519</x><y>301</y><time>22-01-21 15:27:31:307</time></pt><pt><x>527</x><y>304</y><time>22-01-21 15:27:34:351</time></pt><pt><x>530</x><y>304</y><time>22-01-21 15:27:34:548</time></pt><pt><x>532</x><y>303</y><time>22-01-21 15:27:34:776</time></pt><pt><x>534</x><y>302</y><time>22-01-21 15:27:34:998</time></pt><pt><x>535</x><y>300</y><time>22-01-21 15:27:35:217</time></pt><pt><x>534</x><y>296</y><time>22-01-21 15:27:35:382</time></pt><pt><x>535</x><y>291</y><time>22-01-21 15:27:35:571</time></pt><pt><x>534</x><y>288</y><time>22-01-21 15:27:35:751</time></pt><pt><x>533</x><y>283</y><time>22-01-21 15:27:35:979</time></pt><pt><x>532</x><y>280</y><time>22-01-21 15:27:36:162</time></pt><pt><x>531</x><y>277</y><time>22-01-21 15:27:36:325</time></pt><pt><x>532</x><y>273</y><time>22-01-21 15:27:36:562</time></pt><pt><x>532</x><y>271</y><time>22-01-21 15:27:36:751</time></pt><pt><x>531</x><y>255</y><time>22-01-21 15:27:37:908</time></pt><pt><x>530</x><y>248</y><time>22-01-21 15:27:38:190</time></pt><pt><x>529</x><y>243</y><time>22-01-21 15:27:38:379</time></pt><pt><x>525</x><y>222</y><time>22-01-21 15:27:39:968</time></pt><pt><x>524</x><y>218</y><time>22-01-21 15:27:40:190</time></pt><pt><x>524</x><y>213</y><time>22-01-21 15:27:40:361</time></pt><pt><x>524</x><y>208</y><time>22-01-21 15:27:40:605</time></pt><pt><x>523</x><y>205</y><time>22-01-21 15:27:40:793</time></pt><pt><x>523</x><y>202</y><time>22-01-21 15:27:40:951</time></pt><pt><x>524</x><y>189</y><time>22-01-21 15:27:42:099</time></pt><pt><x>526</x><y>178</y><time>22-01-21 15:27:43:131</time></pt><pt><x>529</x><y>175</y><time>22-01-21 15:27:43:319</time></pt><pt><x>530</x><y>166</y><time>22-01-21 15:27:43:682</time></pt><pt><x>531</x><y>156</y><time>22-01-21 15:27:44:068</time></pt><pt><x>531</x><y>129</y><time>22-01-21 15:27:44:987</time></pt><pt><x>529</x><y>119</y><time>22-01-21 15:27:45:333</time></pt><pt><x>526</x><y>113</y><time>22-01-21 15:27:45:609</time></pt><pt><x>523</x><y>106</y><time>22-01-21 15:27:46:050</time></pt><pt><x>518</x><y>102</y><time>22-01-21 15:27:46:364</time></pt><pt><x>513</x><y>100</y><time>22-01-21 15:27:46:710</time></pt><pt><x>505</x><y>98</y><time>22-01-21 15:27:47:126</time></pt><pt><x>503</x><y>98</y><time>22-01-21 15:27:57:148</time></pt><pt><x>500</x><y>97</y><time>22-01-21 15:28:20:345</time></pt><pt><x>500</x><y>94</y><time>22-01-21 15:28:20:715</time></pt><pt><x>502</x><y>90</y><time>22-01-21 15:28:21:014</time></pt><pt><x>505</x><y>86</y><time>22-01-21 15:28:21:494</time></pt><pt><x>506</x><y>80</y><time>22-01-21 15:28:21:958</time></pt><pt><x>507</x><y>75</y><time>22-01-21 15:28:22:391</time></pt><pt><x>503</x><y>70</y><time>22-01-21 15:28:22:893</time></pt><pt><x>500</x><y>68</y><time>22-01-21 15:28:23:429</time></pt><pt><x>497</x><y>65</y><time>22-01-21 15:28:24:704</time></pt><pt><x>492</x><y>65</y><time>22-01-21 15:28:25:026</time></pt><pt><x>489</x><y>65</y><time>22-01-21 15:28:25:245</time></pt><closed_date>22-01-21 15:28:27:817</closed_date></polygon></object><object><name>person</name><deleted>0</deleted><verified>0</verified><occluded>no</occluded><attributes></attributes><parts><hasparts></hasparts><ispartof></ispartof></parts><date>22-01-21 15:29:53:664</date><id>1</id><polygon><username>7hao</username><pt><x>272</x><y>47</y><time>22-01-21 15:28:38:327</time></pt><pt><x>267</x><y>46</y><time>22-01-21 15:28:38:682</time></pt><pt><x>262</x><y>46</y><time>22-01-21 15:28:39:044</time></pt><pt><x>259</x><y>47</y><time>22-01-21 15:28:39:219</time></pt><pt><x>256</x><y>49</y><time>22-01-21 15:28:39:447</time></pt><pt><x>253</x><y>52</y><time>22-01-21 15:28:39:657</time></pt><pt><x>251</x><y>55</y><time>22-01-21 15:28:39:849</time></pt><pt><x>251</x><y>63</y><time>22-01-21 15:28:40:287</time></pt><pt><x>251</x><y>67</y><time>22-01-21 15:28:40:579</time></pt><pt><x>252</x><y>71</y><time>22-01-21 15:28:40:767</time></pt><pt><x>253</x><y>73</y><time>22-01-21 15:28:40:979</time></pt><pt><x>253</x><y>75</y><time>22-01-21 15:28:41:222</time></pt><pt><x>252</x><y>77</y><time>22-01-21 15:28:41:435</time></pt><pt><x>249</x><y>79</y><time>22-01-21 15:28:41:711</time></pt><pt><x>245</x><y>81</y><time>22-01-21 15:28:41:993</time></pt><pt><x>243</x><y>83</y><time>22-01-21 15:28:42:175</time></pt><pt><x>241</x><y>84</y><time>22-01-21 15:28:42:355</time></pt><pt><x>237</x><y>85</y><time>22-01-21 15:28:44:857</time></pt><pt><x>234</x><y>88</y><time>22-01-21 15:28:45:071</time></pt><pt><x>231</x><y>92</y><time>22-01-21 15:28:45:384</time></pt><pt><x>229</x><y>96</y><time>22-01-21 15:28:45:580</time></pt><pt><x>228</x><y>100</y><time>22-01-21 15:28:45:753</time></pt><pt><x>228</x><y>105</y><time>22-01-21 15:28:45:974</time></pt><pt><x>228</x><y>110</y><time>22-01-21 15:28:46:188</time></pt><pt><x>228</x><y>113</y><time>22-01-21 15:28:46:351</time></pt><pt><x>226</x><y>125</y><time>22-01-21 15:28:47:571</time></pt><pt><x>226</x><y>129</y><time>22-01-21 15:28:47:783</time></pt><pt><x>226</x><y>134</y><time>22-01-21 15:28:47:955</time></pt><pt><x>228</x><y>138</y><time>22-01-21 15:28:48:161</time></pt><pt><x>229</x><y>141</y><time>22-01-21 15:28:48:349</time></pt><pt><x>230</x><y>146</y><time>22-01-21 15:28:48:617</time></pt><pt><x>230</x><y>157</y><time>22-01-21 15:28:49:679</time></pt><pt><x>230</x><y>161</y><time>22-01-21 15:28:49:837</time></pt><pt><x>229</x><y>168</y><time>22-01-21 15:28:50:017</time></pt><pt><x>227</x><y>174</y><time>22-01-21 15:28:50:189</time></pt><pt><x>227</x><y>180</y><time>22-01-21 15:28:50:538</time></pt><pt><x>227</x><y>183</y><time>22-01-21 15:28:50:717</time></pt><pt><x>228</x><y>189</y><time>22-01-21 15:28:51:015</time></pt><pt><x>230</x><y>192</y><time>22-01-21 15:28:51:251</time></pt><pt><x>231</x><y>201</y><time>22-01-21 15:28:52:283</time></pt><pt><x>231</x><y>214</y><time>22-01-21 15:28:52:505</time></pt><pt><x>230</x><y>220</y><time>22-01-21 15:28:52:715</time></pt><pt><x>228</x><y>225</y><time>22-01-21 15:28:52:887</time></pt><pt><x>228</x><y>230</y><time>22-01-21 15:28:53:115</time></pt><pt><x>225</x><y>243</y><time>22-01-21 15:28:54:233</time></pt><pt><x>223</x><y>257</y><time>22-01-21 15:28:54:549</time></pt><pt><x>222</x><y>267</y><time>22-01-21 15:28:54:950</time></pt><pt><x>221</x><y>280</y><time>22-01-21 15:28:56:043</time></pt><pt><x>217</x><y>290</y><time>22-01-21 15:28:56:450</time></pt><pt><x>218</x><y>294</y><time>22-01-21 15:28:56:773</time></pt><pt><x>215</x><y>297</y><time>22-01-21 15:28:58:873</time></pt><pt><x>212</x><y>304</y><time>22-01-21 15:28:59:229</time></pt><pt><x>212</x><y>306</y><time>22-01-21 15:28:59:456</time></pt><pt><x>214</x><y>307</y><time>22-01-21 15:28:59:675</time></pt><pt><x>219</x><y>308</y><time>22-01-21 15:28:59:895</time></pt><pt><x>222</x><y>308</y><time>22-01-21 15:29:00:007</time></pt><pt><x>225</x><y>308</y><time>22-01-21 15:29:00:242</time></pt><pt><x>229</x><y>308</y><time>22-01-21 15:29:00:566</time></pt><pt><x>230</x><y>304</y><time>22-01-21 15:29:00:965</time></pt><pt><x>233</x><y>301</y><time>22-01-21 15:29:01:225</time></pt><pt><x>235</x><y>298</y><time>22-01-21 15:29:01:512</time></pt><pt><x>234</x><y>295</y><time>22-01-21 15:29:01:737</time></pt><pt><x>234</x><y>292</y><time>22-01-21 15:29:01:925</time></pt><pt><x>236</x><y>288</y><time>22-01-21 15:29:02:129</time></pt><pt><x>236</x><y>284</y><time>22-01-21 15:29:02:349</time></pt><pt><x>236</x><y>281</y><time>22-01-21 15:29:02:523</time></pt><pt><x>239</x><y>276</y><time>22-01-21 15:29:03:145</time></pt><pt><x>246</x><y>259</y><time>22-01-21 15:29:09:609</time></pt><pt><x>248</x><y>253</y><time>22-01-21 15:29:10:776</time></pt><pt><x>251</x><y>244</y><time>22-01-21 15:29:11:159</time></pt><pt><x>252</x><y>240</y><time>22-01-21 15:29:11:483</time></pt><pt><x>254</x><y>238</y><time>22-01-21 15:29:11:702</time></pt><pt><x>256</x><y>232</y><time>22-01-21 15:29:12:811</time></pt><pt><x>257</x><y>231</y><time>22-01-21 15:29:13:087</time></pt><pt><x>259</x><y>232</y><time>22-01-21 15:29:13:300</time></pt><pt><x>260</x><y>236</y><time>22-01-21 15:29:13:535</time></pt><pt><x>261</x><y>241</y><time>22-01-21 15:29:13:834</time></pt><pt><x>261</x><y>246</y><time>22-01-21 15:29:14:062</time></pt><pt><x>261</x><y>251</y><time>22-01-21 15:29:14:275</time></pt><pt><x>260</x><y>257</y><time>22-01-21 15:29:14:629</time></pt><pt><x>259</x><y>263</y><time>22-01-21 15:29:14:850</time></pt><pt><x>260</x><y>268</y><time>22-01-21 15:29:15:077</time></pt><pt><x>261</x><y>271</y><time>22-01-21 15:29:15:315</time></pt><pt><x>264</x><y>277</y><time>22-01-21 15:29:19:303</time></pt><pt><x>265</x><y>282</y><time>22-01-21 15:29:19:507</time></pt><pt><x>264</x><y>285</y><time>22-01-21 15:29:19:710</time></pt><pt><x>263</x><y>289</y><time>22-01-21 15:29:19:962</time></pt><pt><x>263</x><y>292</y><time>22-01-21 15:29:20:119</time></pt><pt><x>264</x><y>294</y><time>22-01-21 15:29:20:276</time></pt><pt><x>263</x><y>297</y><time>22-01-21 15:29:20:513</time></pt><pt><x>262</x><y>304</y><time>22-01-21 15:29:21:179</time></pt><pt><x>262</x><y>306</y><time>22-01-21 15:29:21:400</time></pt><pt><x>263</x><y>310</y><time>22-01-21 15:29:22:399</time></pt><pt><x>270</x><y>310</y><time>22-01-21 15:29:22:755</time></pt><pt><x>280</x><y>310</y><time>22-01-21 15:29:23:225</time></pt><pt><x>300</x><y>310</y><time>22-01-21 15:29:27:260</time></pt><pt><x>304</x><y>309</y><time>22-01-21 15:29:27:522</time></pt><pt><x>306</x><y>307</y><time>22-01-21 15:29:27:765</time></pt><pt><x>306</x><y>304</y><time>22-01-21 15:29:27:993</time></pt><pt><x>303</x><y>300</y><time>22-01-21 15:29:28:204</time></pt><pt><x>297</x><y>299</y><time>22-01-21 15:29:28:448</time></pt><pt><x>294</x><y>299</y><time>22-01-21 15:29:28:699</time></pt><pt><x>292</x><y>297</y><time>22-01-21 15:29:28:871</time></pt><pt><x>290</x><y>293</y><time>22-01-21 15:29:29:061</time></pt><pt><x>289</x><y>291</y><time>22-01-21 15:29:29:265</time></pt><pt><x>290</x><y>288</y><time>22-01-21 15:29:29:439</time></pt><pt><x>291</x><y>285</y><time>22-01-21 15:29:29:636</time></pt><pt><x>292</x><y>282</y><time>22-01-21 15:29:29:856</time></pt><pt><x>291</x><y>277</y><time>22-01-21 15:29:30:101</time></pt><pt><x>289</x><y>274</y><time>22-01-21 15:29:30:328</time></pt><pt><x>289</x><y>273</y><time>22-01-21 15:29:30:492</time></pt><pt><x>288</x><y>267</y><time>22-01-21 15:29:31:886</time></pt><pt><x>288</x><y>262</y><time>22-01-21 15:29:32:128</time></pt><pt><x>288</x><y>258</y><time>22-01-21 15:29:32:351</time></pt><pt><x>288</x><y>253</y><time>22-01-21 15:29:32:545</time></pt><pt><x>287</x><y>246</y><time>22-01-21 15:29:32:797</time></pt><pt><x>286</x><y>236</y><time>22-01-21 15:29:33:977</time></pt><pt><x>285</x><y>231</y><time>22-01-21 15:29:34:229</time></pt><pt><x>286</x><y>228</y><time>22-01-21 15:29:34:553</time></pt><pt><x>287</x><y>224</y><time>22-01-21 15:29:34:748</time></pt><pt><x>288</x><y>221</y><time>22-01-21 15:29:34:951</time></pt><pt><x>289</x><y>205</y><time>22-01-21 15:29:35:967</time></pt><pt><x>288</x><y>201</y><time>22-01-21 15:29:36:217</time></pt><pt><x>287</x><y>197</y><time>22-01-21 15:29:36:385</time></pt><pt><x>286</x><y>193</y><time>22-01-21 15:29:36:580</time></pt><pt><x>286</x><y>188</y><time>22-01-21 15:29:36:780</time></pt><pt><x>286</x><y>184</y><time>22-01-21 15:29:36:973</time></pt><pt><x>285</x><y>170</y><time>22-01-21 15:29:38:081</time></pt><pt><x>283</x><y>164</y><time>22-01-21 15:29:38:390</time></pt><pt><x>283</x><y>160</y><time>22-01-21 15:29:38:570</time></pt><pt><x>284</x><y>154</y><time>22-01-21 15:29:38:753</time></pt><pt><x>283</x><y>149</y><time>22-01-21 15:29:39:050</time></pt><pt><x>283</x><y>134</y><time>22-01-21 15:29:43:729</time></pt><pt><x>284</x><y>124</y><time>22-01-21 15:29:44:068</time></pt><pt><x>282</x><y>109</y><time>22-01-21 15:29:45:309</time></pt><pt><x>281</x><y>105</y><time>22-01-21 15:29:45:531</time></pt><pt><x>282</x><y>101</y><time>22-01-21 15:29:45:703</time></pt><pt><x>282</x><y>98</y><time>22-01-21 15:29:45:916</time></pt><pt><x>279</x><y>95</y><time>22-01-21 15:29:46:151</time></pt><pt><x>276</x><y>92</y><time>22-01-21 15:29:46:331</time></pt><pt><x>273</x><y>88</y><time>22-01-21 15:29:46:733</time></pt><pt><x>273</x><y>87</y><time>22-01-21 15:29:46:991</time></pt><pt><x>274</x><y>85</y><time>22-01-21 15:29:47:229</time></pt><pt><x>277</x><y>83</y><time>22-01-21 15:29:47:487</time></pt><pt><x>282</x><y>80</y><time>22-01-21 15:29:49:093</time></pt><pt><x>283</x><y>74</y><time>22-01-21 15:29:49:321</time></pt><pt><x>283</x><y>71</y><time>22-01-21 15:29:49:503</time></pt><pt><x>283</x><y>68</y><time>22-01-21 15:29:49:651</time></pt><pt><x>284</x><y>64</y><time>22-01-21 15:29:49:847</time></pt><pt><x>284</x><y>59</y><time>22-01-21 15:29:50:043</time></pt><pt><x>283</x><y>55</y><time>22-01-21 15:29:50:250</time></pt><pt><x>279</x><y>52</y><time>22-01-21 15:29:50:454</time></pt><pt><x>277</x><y>50</y><time>22-01-21 15:29:50:635</time></pt><pt><x>274</x><y>48</y><time>22-01-21 15:29:50:878</time></pt><closed_date>22-01-21 15:29:51:311</closed_date></polygon></object><object><name>person</name><deleted>0</deleted><verified>0</verified><occluded>no</occluded><attributes></attributes><parts><hasparts></hasparts><ispartof></ispartof></parts><date>22-01-21 15:32:39:936</date><id>2</id><polygon><username>7hao</username><pt><x>549</x><y>94</y><time>22-01-21 15:31:44:549</time></pt><pt><x>545</x><y>94</y><time>22-01-21 15:31:45:001</time></pt><pt><x>539</x><y>100</y><time>22-01-21 15:31:45:811</time></pt><pt><x>537</x><y>104</y><time>22-01-21 15:31:46:163</time></pt><pt><x>537</x><y>108</y><time>22-01-21 15:31:46:416</time></pt><pt><x>538</x><y>112</y><time>22-01-21 15:31:46:732</time></pt><pt><x>540</x><y>114</y><time>22-01-21 15:31:46:968</time></pt><pt><x>541</x><y>115</y><time>22-01-21 15:31:47:132</time></pt><pt><x>542</x><y>117</y><time>22-01-21 15:31:47:323</time></pt><pt><x>542</x><y>119</y><time>22-01-21 15:31:47:571</time></pt><pt><x>538</x><y>120</y><time>22-01-21 15:31:47:864</time></pt><pt><x>535</x><y>122</y><time>22-01-21 15:31:48:100</time></pt><pt><x>532</x><y>127</y><time>22-01-21 15:31:49:233</time></pt><pt><x>531</x><y>128</y><time>22-01-21 15:31:52:308</time></pt><pt><x>532</x><y>130</y><time>22-01-21 15:31:53:653</time></pt><pt><x>532</x><y>134</y><time>22-01-21 15:31:54:691</time></pt><pt><x>531</x><y>173</y><time>22-01-21 15:31:56:681</time></pt><pt><x>531</x><y>174</y><time>22-01-21 15:31:57:201</time></pt><pt><x>531</x><y>177</y><time>22-01-21 15:31:57:516</time></pt><pt><x>533</x><y>179</y><time>22-01-21 15:31:57:705</time></pt><pt><x>534</x><y>182</y><time>22-01-21 15:31:57:901</time></pt><pt><x>535</x><y>183</y><time>22-01-21 15:31:58:114</time></pt><pt><x>536</x><y>187</y><time>22-01-21 15:31:58:271</time></pt><pt><x>536</x><y>191</y><time>22-01-21 15:31:58:451</time></pt><pt><x>535</x><y>194</y><time>22-01-21 15:31:58:666</time></pt><pt><x>536</x><y>198</y><time>22-01-21 15:31:58:854</time></pt><pt><x>538</x><y>204</y><time>22-01-21 15:31:59:089</time></pt><pt><x>541</x><y>216</y><time>22-01-21 15:32:00:433</time></pt><pt><x>543</x><y>219</y><time>22-01-21 15:32:00:717</time></pt><pt><x>544</x><y>222</y><time>22-01-21 15:32:00:913</time></pt><pt><x>543</x><y>226</y><time>22-01-21 15:32:01:039</time></pt><pt><x>544</x><y>233</y><time>22-01-21 15:32:01:857</time></pt><pt><x>543</x><y>237</y><time>22-01-21 15:32:02:119</time></pt><pt><x>542</x><y>244</y><time>22-01-21 15:32:02:613</time></pt><pt><x>543</x><y>248</y><time>22-01-21 15:32:09:111</time></pt><pt><x>539</x><y>251</y><time>22-01-21 15:32:09:717</time></pt><pt><x>537</x><y>252</y><time>22-01-21 15:32:10:069</time></pt><pt><x>534</x><y>254</y><time>22-01-21 15:32:10:298</time></pt><pt><x>532</x><y>258</y><time>22-01-21 15:32:10:637</time></pt><pt><x>536</x><y>261</y><time>22-01-21 15:32:11:187</time></pt><pt><x>543</x><y>269</y><time>22-01-21 15:32:11:705</time></pt><pt><x>547</x><y>272</y><time>22-01-21 15:32:12:124</time></pt><pt><x>548</x><y>274</y><time>22-01-21 15:32:12:432</time></pt><pt><x>548</x><y>278</y><time>22-01-21 15:32:12:784</time></pt><pt><x>549</x><y>280</y><time>22-01-21 15:32:13:121</time></pt><pt><x>553</x><y>282</y><time>22-01-21 15:32:13:593</time></pt><pt><x>558</x><y>283</y><time>22-01-21 15:32:14:191</time></pt><pt><x>561</x><y>283</y><time>22-01-21 15:32:14:435</time></pt><pt><x>564</x><y>282</y><time>22-01-21 15:32:14:663</time></pt><pt><x>564</x><y>280</y><time>22-01-21 15:32:14:899</time></pt><pt><x>563</x><y>276</y><time>22-01-21 15:32:15:159</time></pt><pt><x>561</x><y>273</y><time>22-01-21 15:32:15:363</time></pt><pt><x>558</x><y>270</y><time>22-01-21 15:32:15:559</time></pt><pt><x>556</x><y>267</y><time>22-01-21 15:32:15:780</time></pt><pt><x>556</x><y>262</y><time>22-01-21 15:32:15:977</time></pt><pt><x>556</x><y>256</y><time>22-01-21 15:32:16:221</time></pt><pt><x>557</x><y>252</y><time>22-01-21 15:32:16:463</time></pt><pt><x>559</x><y>248</y><time>22-01-21 15:32:16:967</time></pt><pt><x>561</x><y>246</y><time>22-01-21 15:32:17:187</time></pt><pt><x>566</x><y>242</y><time>22-01-21 15:32:23:393</time></pt><pt><x>571</x><y>236</y><time>22-01-21 15:32:23:826</time></pt><pt><x>575</x><y>231</y><time>22-01-21 15:32:24:187</time></pt><pt><x>577</x><y>229</y><time>22-01-21 15:32:24:432</time></pt><pt><x>578</x><y>225</y><time>22-01-21 15:32:24:652</time></pt><pt><x>578</x><y>221</y><time>22-01-21 15:32:24:855</time></pt><pt><x>578</x><y>217</y><time>22-01-21 15:32:25:124</time></pt><pt><x>579</x><y>203</y><time>22-01-21 15:32:26:257</time></pt><pt><x>579</x><y>199</y><time>22-01-21 15:32:26:462</time></pt><pt><x>580</x><y>195</y><time>22-01-21 15:32:26:673</time></pt><pt><x>581</x><y>192</y><time>22-01-21 15:32:26:877</time></pt><pt><x>579</x><y>189</y><time>22-01-21 15:32:27:145</time></pt><pt><x>578</x><y>187</y><time>22-01-21 15:32:27:365</time></pt><pt><x>580</x><y>183</y><time>22-01-21 15:32:28:623</time></pt><pt><x>581</x><y>181</y><time>22-01-21 15:32:28:806</time></pt><pt><x>579</x><y>169</y><time>22-01-21 15:32:29:270</time></pt><pt><x>574</x><y>149</y><time>22-01-21 15:32:30:393</time></pt><pt><x>572</x><y>135</y><time>22-01-21 15:32:30:921</time></pt><pt><x>567</x><y>130</y><time>22-01-21 15:32:31:410</time></pt><pt><x>561</x><y>126</y><time>22-01-21 15:32:32:423</time></pt><pt><x>559</x><y>123</y><time>22-01-21 15:32:32:753</time></pt><pt><x>559</x><y>122</y><time>22-01-21 15:32:32:989</time></pt><pt><x>557</x><y>120</y><time>22-01-21 15:32:34:256</time></pt><pt><x>556</x><y>117</y><time>22-01-21 15:32:34:542</time></pt><pt><x>557</x><y>114</y><time>22-01-21 15:32:34:735</time></pt><pt><x>559</x><y>110</y><time>22-01-21 15:32:35:052</time></pt><pt><x>559</x><y>107</y><time>22-01-21 15:32:35:263</time></pt><pt><x>559</x><y>103</y><time>22-01-21 15:32:35:510</time></pt><pt><x>558</x><y>100</y><time>22-01-21 15:32:35:757</time></pt><pt><x>557</x><y>96</y><time>22-01-21 15:32:36:065</time></pt><pt><x>554</x><y>94</y><time>22-01-21 15:32:36:363</time></pt><pt><x>551</x><y>94</y><time>22-01-21 15:32:36:717</time></pt><closed_date>22-01-21 15:32:37:348</closed_date></polygon></object></annotation>