<annotation><filename>frame0040.jpg</filename><folder>users/lab605//7hao/human_20210119_4</folder><source><submittedBy>lab605</submittedBy></source><imagesize><nrows>480</nrows><ncols>640</ncols></imagesize><object><name>person</name><deleted>0</deleted><verified>0</verified><occluded>no</occluded><attributes></attributes><parts><hasparts></hasparts><ispartof></ispartof></parts><date>25-01-21 19:56:50:204</date><id>0</id><polygon><username>7hao</username><pt><x>355</x><y>76</y><time>25-01-21 19:55:47:853</time></pt><pt><x>354</x><y>72</y><time>25-01-21 19:55:48:116</time></pt><pt><x>352</x><y>70</y><time>25-01-21 19:55:48:429</time></pt><pt><x>348</x><y>69</y><time>25-01-21 19:55:48:751</time></pt><pt><x>341</x><y>69</y><time>25-01-21 19:55:49:090</time></pt><pt><x>335</x><y>70</y><time>25-01-21 19:55:49:376</time></pt><pt><x>332</x><y>73</y><time>25-01-21 19:55:49:618</time></pt><pt><x>330</x><y>76</y><time>25-01-21 19:55:49:877</time></pt><pt><x>330</x><y>81</y><time>25-01-21 19:55:50:170</time></pt><pt><x>330</x><y>83</y><time>25-01-21 19:55:50:522</time></pt><pt><x>329</x><y>85</y><time>25-01-21 19:55:50:726</time></pt><pt><x>329</x><y>87</y><time>25-01-21 19:55:50:955</time></pt><pt><x>329</x><y>90</y><time>25-01-21 19:55:51:170</time></pt><pt><x>329</x><y>94</y><time>25-01-21 19:55:51:450</time></pt><pt><x>331</x><y>99</y><time>25-01-21 19:55:51:704</time></pt><pt><x>334</x><y>102</y><time>25-01-21 19:55:52:002</time></pt><pt><x>337</x><y>104</y><time>25-01-21 19:55:52:340</time></pt><pt><x>338</x><y>105</y><time>25-01-21 19:55:52:505</time></pt><pt><x>337</x><y>109</y><time>25-01-21 19:55:52:825</time></pt><pt><x>335</x><y>115</y><time>25-01-21 19:55:53:159</time></pt><pt><x>333</x><y>121</y><time>25-01-21 19:55:53:567</time></pt><pt><x>332</x><y>129</y><time>25-01-21 19:55:54:099</time></pt><pt><x>332</x><y>138</y><time>25-01-21 19:55:54:637</time></pt><pt><x>333</x><y>144</y><time>25-01-21 19:55:59:465</time></pt><pt><x>333</x><y>147</y><time>25-01-21 19:55:59:630</time></pt><pt><x>333</x><y>150</y><time>25-01-21 19:55:59:803</time></pt><pt><x>331</x><y>155</y><time>25-01-21 19:56:00:110</time></pt><pt><x>331</x><y>157</y><time>25-01-21 19:56:00:291</time></pt><pt><x>331</x><y>161</y><time>25-01-21 19:56:01:235</time></pt><pt><x>331</x><y>164</y><time>25-01-21 19:56:04:183</time></pt><pt><x>329</x><y>168</y><time>25-01-21 19:56:04:431</time></pt><pt><x>327</x><y>171</y><time>25-01-21 19:56:04:593</time></pt><pt><x>326</x><y>174</y><time>25-01-21 19:56:04:814</time></pt><pt><x>326</x><y>176</y><time>25-01-21 19:56:05:042</time></pt><pt><x>324</x><y>177</y><time>25-01-21 19:56:05:232</time></pt><pt><x>321</x><y>179</y><time>25-01-21 19:56:05:422</time></pt><pt><x>319</x><y>181</y><time>25-01-21 19:56:05:631</time></pt><pt><x>318</x><y>184</y><time>25-01-21 19:56:05:799</time></pt><pt><x>319</x><y>187</y><time>25-01-21 19:56:05:971</time></pt><pt><x>321</x><y>190</y><time>25-01-21 19:56:06:222</time></pt><pt><x>326</x><y>191</y><time>25-01-21 19:56:06:433</time></pt><pt><x>328</x><y>191</y><time>25-01-21 19:56:06:654</time></pt><pt><x>329</x><y>189</y><time>25-01-21 19:56:06:859</time></pt><pt><x>330</x><y>189</y><time>25-01-21 19:56:07:057</time></pt><pt><x>331</x><y>191</y><time>25-01-21 19:56:07:228</time></pt><pt><x>331</x><y>196</y><time>25-01-21 19:56:07:597</time></pt><pt><x>333</x><y>217</y><time>25-01-21 19:56:08:731</time></pt><pt><x>333</x><y>222</y><time>25-01-21 19:56:08:976</time></pt><pt><x>333</x><y>226</y><time>25-01-21 19:56:09:140</time></pt><pt><x>333</x><y>230</y><time>25-01-21 19:56:09:332</time></pt><pt><x>334</x><y>233</y><time>25-01-21 19:56:09:519</time></pt><pt><x>335</x><y>235</y><time>25-01-21 19:56:09:705</time></pt><pt><x>336</x><y>242</y><time>25-01-21 19:56:10:005</time></pt><pt><x>337</x><y>247</y><time>25-01-21 19:56:10:390</time></pt><pt><x>338</x><y>251</y><time>25-01-21 19:56:10:572</time></pt><pt><x>338</x><y>255</y><time>25-01-21 19:56:10:785</time></pt><pt><x>339</x><y>257</y><time>25-01-21 19:56:10:989</time></pt><pt><x>339</x><y>259</y><time>25-01-21 19:56:11:148</time></pt><pt><x>339</x><y>262</y><time>25-01-21 19:56:11:389</time></pt><pt><x>339</x><y>264</y><time>25-01-21 19:56:11:625</time></pt><pt><x>339</x><y>270</y><time>25-01-21 19:56:12:907</time></pt><pt><x>337</x><y>273</y><time>25-01-21 19:56:13:189</time></pt><pt><x>334</x><y>275</y><time>25-01-21 19:56:13:433</time></pt><pt><x>329</x><y>278</y><time>25-01-21 19:56:14:024</time></pt><pt><x>326</x><y>278</y><time>25-01-21 19:56:14:402</time></pt><pt><x>324</x><y>278</y><time>25-01-21 19:56:14:607</time></pt><pt><x>322</x><y>278</y><time>25-01-21 19:56:14:802</time></pt><pt><x>321</x><y>280</y><time>25-01-21 19:56:15:008</time></pt><pt><x>323</x><y>282</y><time>25-01-21 19:56:15:219</time></pt><pt><x>327</x><y>283</y><time>25-01-21 19:56:15:504</time></pt><pt><x>334</x><y>283</y><time>25-01-21 19:56:15:800</time></pt><pt><x>342</x><y>283</y><time>25-01-21 19:56:16:061</time></pt><pt><x>349</x><y>283</y><time>25-01-21 19:56:16:368</time></pt><pt><x>354</x><y>283</y><time>25-01-21 19:56:16:974</time></pt><pt><x>355</x><y>281</y><time>25-01-21 19:56:17:383</time></pt><pt><x>354</x><y>278</y><time>25-01-21 19:56:17:743</time></pt><pt><x>353</x><y>273</y><time>25-01-21 19:56:18:061</time></pt><pt><x>352</x><y>268</y><time>25-01-21 19:56:18:390</time></pt><pt><x>352</x><y>253</y><time>25-01-21 19:56:19:041</time></pt><pt><x>352</x><y>244</y><time>25-01-21 19:56:19:615</time></pt><pt><x>361</x><y>255</y><time>25-01-21 19:56:21:063</time></pt><pt><x>366</x><y>261</y><time>25-01-21 19:56:21:443</time></pt><pt><x>368</x><y>264</y><time>25-01-21 19:56:21:709</time></pt><pt><x>369</x><y>270</y><time>25-01-21 19:56:21:890</time></pt><pt><x>367</x><y>276</y><time>25-01-21 19:56:22:152</time></pt><pt><x>359</x><y>280</y><time>25-01-21 19:56:22:560</time></pt><pt><x>357</x><y>283</y><time>25-01-21 19:56:23:078</time></pt><pt><x>357</x><y>285</y><time>25-01-21 19:56:23:367</time></pt><pt><x>360</x><y>285</y><time>25-01-21 19:56:30:779</time></pt><pt><x>365</x><y>286</y><time>25-01-21 19:56:31:110</time></pt><pt><x>369</x><y>286</y><time>25-01-21 19:56:31:372</time></pt><pt><x>381</x><y>281</y><time>25-01-21 19:56:31:942</time></pt><pt><x>389</x><y>273</y><time>25-01-21 19:56:32:383</time></pt><pt><x>390</x><y>268</y><time>25-01-21 19:56:32:698</time></pt><pt><x>388</x><y>264</y><time>25-01-21 19:56:33:036</time></pt><pt><x>381</x><y>260</y><time>25-01-21 19:56:33:624</time></pt><pt><x>377</x><y>256</y><time>25-01-21 19:56:34:144</time></pt><pt><x>369</x><y>242</y><time>25-01-21 19:56:35:285</time></pt><pt><x>359</x><y>228</y><time>25-01-21 19:56:36:559</time></pt><pt><x>354</x><y>222</y><time>25-01-21 19:56:36:906</time></pt><pt><x>352</x><y>217</y><time>25-01-21 19:56:37:124</time></pt><pt><x>354</x><y>211</y><time>25-01-21 19:56:37:362</time></pt><pt><x>359</x><y>198</y><time>25-01-21 19:56:37:887</time></pt><pt><x>366</x><y>181</y><time>25-01-21 19:56:39:146</time></pt><pt><x>368</x><y>174</y><time>25-01-21 19:56:39:404</time></pt><pt><x>368</x><y>165</y><time>25-01-21 19:56:39:806</time></pt><pt><x>367</x><y>147</y><time>25-01-21 19:56:41:256</time></pt><pt><x>366</x><y>143</y><time>25-01-21 19:56:41:530</time></pt><pt><x>366</x><y>129</y><time>25-01-21 19:56:42:254</time></pt><pt><x>366</x><y>121</y><time>25-01-21 19:56:42:567</time></pt><pt><x>364</x><y>115</y><time>25-01-21 19:56:42:867</time></pt><pt><x>360</x><y>105</y><time>25-01-21 19:56:43:619</time></pt><pt><x>354</x><y>102</y><time>25-01-21 19:56:43:975</time></pt><pt><x>351</x><y>100</y><time>25-01-21 19:56:44:218</time></pt><pt><x>351</x><y>97</y><time>25-01-21 19:56:44:471</time></pt><pt><x>354</x><y>94</y><time>25-01-21 19:56:44:919</time></pt><pt><x>357</x><y>91</y><time>25-01-21 19:56:45:195</time></pt><pt><x>358</x><y>88</y><time>25-01-21 19:56:45:532</time></pt><pt><x>358</x><y>85</y><time>25-01-21 19:56:45:855</time></pt><pt><x>358</x><y>82</y><time>25-01-21 19:56:46:209</time></pt><pt><x>357</x><y>79</y><time>25-01-21 19:56:46:555</time></pt><pt><x>356</x><y>77</y><time>25-01-21 19:56:46:877</time></pt><closed_date>25-01-21 19:56:47:243</closed_date></polygon></object><object><name>person</name><deleted>0</deleted><verified>0</verified><occluded>no</occluded><attributes></attributes><parts><hasparts></hasparts><ispartof></ispartof></parts><date>25-01-21 19:58:13:272</date><id>1</id><polygon><username>7hao</username><pt><x>484</x><y>8</y><time>25-01-21 19:56:57:227</time></pt><pt><x>478</x><y>10</y><time>25-01-21 19:56:57:646</time></pt><pt><x>473</x><y>16</y><time>25-01-21 19:56:57:993</time></pt><pt><x>470</x><y>21</y><time>25-01-21 19:56:58:309</time></pt><pt><x>467</x><y>25</y><time>25-01-21 19:56:58:628</time></pt><pt><x>465</x><y>31</y><time>25-01-21 19:56:59:008</time></pt><pt><x>464</x><y>38</y><time>25-01-21 19:57:01:262</time></pt><pt><x>465</x><y>43</y><time>25-01-21 19:57:01:524</time></pt><pt><x>467</x><y>45</y><time>25-01-21 19:57:01:697</time></pt><pt><x>467</x><y>48</y><time>25-01-21 19:57:01:988</time></pt><pt><x>464</x><y>52</y><time>25-01-21 19:57:02:206</time></pt><pt><x>462</x><y>56</y><time>25-01-21 19:57:02:536</time></pt><pt><x>461</x><y>62</y><time>25-01-21 19:57:02:773</time></pt><pt><x>463</x><y>75</y><time>25-01-21 19:57:03:252</time></pt><pt><x>463</x><y>80</y><time>25-01-21 19:57:03:582</time></pt><pt><x>463</x><y>104</y><time>25-01-21 19:57:04:753</time></pt><pt><x>462</x><y>114</y><time>25-01-21 19:57:05:062</time></pt><pt><x>462</x><y>126</y><time>25-01-21 19:57:05:392</time></pt><pt><x>463</x><y>134</y><time>25-01-21 19:57:05:630</time></pt><pt><x>465</x><y>140</y><time>25-01-21 19:57:05:841</time></pt><pt><x>465</x><y>144</y><time>25-01-21 19:57:06:274</time></pt><pt><x>465</x><y>147</y><time>25-01-21 19:57:06:478</time></pt><pt><x>465</x><y>150</y><time>25-01-21 19:57:06:658</time></pt><pt><x>468</x><y>156</y><time>25-01-21 19:57:07:059</time></pt><pt><x>469</x><y>164</y><time>25-01-21 19:57:08:263</time></pt><pt><x>472</x><y>171</y><time>25-01-21 19:57:11:221</time></pt><pt><x>473</x><y>178</y><time>25-01-21 19:57:11:456</time></pt><pt><x>473</x><y>184</y><time>25-01-21 19:57:11:612</time></pt><pt><x>478</x><y>191</y><time>25-01-21 19:57:12:070</time></pt><pt><x>478</x><y>195</y><time>25-01-21 19:57:12:360</time></pt><pt><x>478</x><y>200</y><time>25-01-21 19:57:12:511</time></pt><pt><x>478</x><y>203</y><time>25-01-21 19:57:12:660</time></pt><pt><x>480</x><y>207</y><time>25-01-21 19:57:12:903</time></pt><pt><x>479</x><y>218</y><time>25-01-21 19:57:14:058</time></pt><pt><x>477</x><y>222</y><time>25-01-21 19:57:14:216</time></pt><pt><x>473</x><y>224</y><time>25-01-21 19:57:14:390</time></pt><pt><x>470</x><y>228</y><time>25-01-21 19:57:14:690</time></pt><pt><x>466</x><y>230</y><time>25-01-21 19:57:14:855</time></pt><pt><x>463</x><y>232</y><time>25-01-21 19:57:14:993</time></pt><pt><x>461</x><y>237</y><time>25-01-21 19:57:15:152</time></pt><pt><x>460</x><y>241</y><time>25-01-21 19:57:15:405</time></pt><pt><x>457</x><y>244</y><time>25-01-21 19:57:15:573</time></pt><pt><x>455</x><y>247</y><time>25-01-21 19:57:15:712</time></pt><pt><x>447</x><y>258</y><time>25-01-21 19:57:18:093</time></pt><pt><x>442</x><y>263</y><time>25-01-21 19:57:18:282</time></pt><pt><x>440</x><y>268</y><time>25-01-21 19:57:18:432</time></pt><pt><x>440</x><y>271</y><time>25-01-21 19:57:18:587</time></pt><pt><x>438</x><y>276</y><time>25-01-21 19:57:18:848</time></pt><pt><x>435</x><y>277</y><time>25-01-21 19:57:19:013</time></pt><pt><x>434</x><y>278</y><time>25-01-21 19:57:19:162</time></pt><pt><x>433</x><y>281</y><time>25-01-21 19:57:19:303</time></pt><pt><x>431</x><y>284</y><time>25-01-21 19:57:19:465</time></pt><pt><x>429</x><y>285</y><time>25-01-21 19:57:19:628</time></pt><pt><x>424</x><y>288</y><time>25-01-21 19:57:19:926</time></pt><pt><x>418</x><y>291</y><time>25-01-21 19:57:21:719</time></pt><pt><x>417</x><y>294</y><time>25-01-21 19:57:21:910</time></pt><pt><x>418</x><y>296</y><time>25-01-21 19:57:22:079</time></pt><pt><x>421</x><y>301</y><time>25-01-21 19:57:22:356</time></pt><pt><x>425</x><y>306</y><time>25-01-21 19:57:22:554</time></pt><pt><x>433</x><y>312</y><time>25-01-21 19:57:22:866</time></pt><pt><x>440</x><y>316</y><time>25-01-21 19:57:23:126</time></pt><pt><x>446</x><y>321</y><time>25-01-21 19:57:23:449</time></pt><pt><x>449</x><y>322</y><time>25-01-21 19:57:23:826</time></pt><pt><x>450</x><y>319</y><time>25-01-21 19:57:24:080</time></pt><pt><x>450</x><y>315</y><time>25-01-21 19:57:24:249</time></pt><pt><x>449</x><y>313</y><time>25-01-21 19:57:24:533</time></pt><pt><x>448</x><y>309</y><time>25-01-21 19:57:24:699</time></pt><pt><x>448</x><y>305</y><time>25-01-21 19:57:24:914</time></pt><pt><x>455</x><y>295</y><time>25-01-21 19:57:25:464</time></pt><pt><x>464</x><y>284</y><time>25-01-21 19:57:26:029</time></pt><pt><x>491</x><y>248</y><time>25-01-21 19:57:29:984</time></pt><pt><x>492</x><y>253</y><time>25-01-21 19:57:30:400</time></pt><pt><x>493</x><y>259</y><time>25-01-21 19:57:30:693</time></pt><pt><x>500</x><y>307</y><time>25-01-21 19:57:31:934</time></pt><pt><x>499</x><y>311</y><time>25-01-21 19:57:32:155</time></pt><pt><x>499</x><y>313</y><time>25-01-21 19:57:32:320</time></pt><pt><x>501</x><y>315</y><time>25-01-21 19:57:32:523</time></pt><pt><x>503</x><y>318</y><time>25-01-21 19:57:32:720</time></pt><pt><x>504</x><y>319</y><time>25-01-21 19:57:32:888</time></pt><pt><x>505</x><y>324</y><time>25-01-21 19:57:33:073</time></pt><pt><x>505</x><y>326</y><time>25-01-21 19:57:33:232</time></pt><pt><x>506</x><y>328</y><time>25-01-21 19:57:33:421</time></pt><pt><x>510</x><y>330</y><time>25-01-21 19:57:33:609</time></pt><pt><x>515</x><y>330</y><time>25-01-21 19:57:33:781</time></pt><pt><x>520</x><y>330</y><time>25-01-21 19:57:33:956</time></pt><pt><x>526</x><y>332</y><time>25-01-21 19:57:34:295</time></pt><pt><x>529</x><y>333</y><time>25-01-21 19:57:34:497</time></pt><pt><x>558</x><y>336</y><time>25-01-21 19:57:37:895</time></pt><pt><x>566</x><y>332</y><time>25-01-21 19:57:38:279</time></pt><pt><x>569</x><y>328</y><time>25-01-21 19:57:38:593</time></pt><pt><x>569</x><y>326</y><time>25-01-21 19:57:38:775</time></pt><pt><x>568</x><y>322</y><time>25-01-21 19:57:38:950</time></pt><pt><x>566</x><y>321</y><time>25-01-21 19:57:39:147</time></pt><pt><x>562</x><y>320</y><time>25-01-21 19:57:39:350</time></pt><pt><x>557</x><y>320</y><time>25-01-21 19:57:39:530</time></pt><pt><x>552</x><y>318</y><time>25-01-21 19:57:39:773</time></pt><pt><x>549</x><y>315</y><time>25-01-21 19:57:39:964</time></pt><pt><x>546</x><y>312</y><time>25-01-21 19:57:40:154</time></pt><pt><x>542</x><y>309</y><time>25-01-21 19:57:40:332</time></pt><pt><x>539</x><y>304</y><time>25-01-21 19:57:40:561</time></pt><pt><x>538</x><y>298</y><time>25-01-21 19:57:40:758</time></pt><pt><x>533</x><y>271</y><time>25-01-21 19:57:42:220</time></pt><pt><x>533</x><y>265</y><time>25-01-21 19:57:42:552</time></pt><pt><x>533</x><y>262</y><time>25-01-21 19:57:42:716</time></pt><pt><x>532</x><y>259</y><time>25-01-21 19:57:42:911</time></pt><pt><x>532</x><y>255</y><time>25-01-21 19:57:43:077</time></pt><pt><x>533</x><y>248</y><time>25-01-21 19:57:43:315</time></pt><pt><x>536</x><y>237</y><time>25-01-21 19:57:43:904</time></pt><pt><x>538</x><y>223</y><time>25-01-21 19:57:45:140</time></pt><pt><x>538</x><y>212</y><time>25-01-21 19:57:45:569</time></pt><pt><x>538</x><y>201</y><time>25-01-21 19:57:47:929</time></pt><pt><x>538</x><y>199</y><time>25-01-21 19:57:48:112</time></pt><pt><x>537</x><y>194</y><time>25-01-21 19:57:48:300</time></pt><pt><x>530</x><y>160</y><time>25-01-21 19:57:49:267</time></pt><pt><x>527</x><y>146</y><time>25-01-21 19:57:50:596</time></pt><pt><x>527</x><y>143</y><time>25-01-21 19:57:50:763</time></pt><pt><x>527</x><y>137</y><time>25-01-21 19:57:50:993</time></pt><pt><x>528</x><y>134</y><time>25-01-21 19:57:51:154</time></pt><pt><x>531</x><y>131</y><time>25-01-21 19:57:51:360</time></pt><pt><x>534</x><y>115</y><time>25-01-21 19:57:57:621</time></pt><pt><x>534</x><y>107</y><time>25-01-21 19:57:57:966</time></pt><pt><x>534</x><y>104</y><time>25-01-21 19:57:58:124</time></pt><pt><x>531</x><y>99</y><time>25-01-21 19:57:58:328</time></pt><pt><x>529</x><y>96</y><time>25-01-21 19:57:58:486</time></pt><pt><x>527</x><y>90</y><time>25-01-21 19:57:58:681</time></pt><pt><x>526</x><y>83</y><time>25-01-21 19:57:58:911</time></pt><pt><x>524</x><y>58</y><time>25-01-21 19:58:00:261</time></pt><pt><x>520</x><y>40</y><time>25-01-21 19:58:00:994</time></pt><pt><x>516</x><y>29</y><time>25-01-21 19:58:01:420</time></pt><pt><x>513</x><y>23</y><time>25-01-21 19:58:01:734</time></pt><pt><x>513</x><y>20</y><time>25-01-21 19:58:01:898</time></pt><pt><x>516</x><y>18</y><time>25-01-21 19:58:02:135</time></pt><pt><x>519</x><y>16</y><time>25-01-21 19:58:02:394</time></pt><pt><x>520</x><y>14</y><time>25-01-21 19:58:02:600</time></pt><pt><x>521</x><y>10</y><time>25-01-21 19:58:02:757</time></pt><pt><x>521</x><y>0</y><time>25-01-21 19:58:04:487</time></pt><pt><x>479</x><y>0</y><time>25-01-21 19:58:08:733</time></pt><pt><x>481</x><y>3</y><time>25-01-21 19:58:09:332</time></pt><pt><x>481</x><y>3</y><time>25-01-21 19:58:09:488</time></pt><pt><x>482</x><y>4</y><time>25-01-21 19:58:09:662</time></pt><pt><x>483</x><y>6</y><time>25-01-21 19:58:09:991</time></pt><closed_date>25-01-21 19:58:10:415</closed_date></polygon></object><object><name>person</name><deleted>0</deleted><verified>0</verified><occluded>no</occluded><attributes></attributes><parts><hasparts></hasparts><ispartof></ispartof></parts><date>25-01-21 19:59:14:794</date><id>2</id><polygon><username>7hao</username><pt><x>548</x><y>75</y><time>25-01-21 19:58:16:941</time></pt><pt><x>552</x><y>73</y><time>25-01-21 19:58:17:269</time></pt><pt><x>556</x><y>73</y><time>25-01-21 19:58:17:552</time></pt><pt><x>558</x><y>73</y><time>25-01-21 19:58:17:725</time></pt><pt><x>559</x><y>75</y><time>25-01-21 19:58:17:889</time></pt><pt><x>561</x><y>78</y><time>25-01-21 19:58:18:189</time></pt><pt><x>563</x><y>80</y><time>25-01-21 19:58:18:384</time></pt><pt><x>566</x><y>81</y><time>25-01-21 19:58:18:563</time></pt><pt><x>570</x><y>83</y><time>25-01-21 19:58:18:856</time></pt><pt><x>572</x><y>85</y><time>25-01-21 19:58:19:044</time></pt><pt><x>574</x><y>88</y><time>25-01-21 19:58:19:212</time></pt><pt><x>577</x><y>95</y><time>25-01-21 19:58:19:525</time></pt><pt><x>577</x><y>99</y><time>25-01-21 19:58:19:728</time></pt><pt><x>578</x><y>118</y><time>25-01-21 19:58:20:829</time></pt><pt><x>578</x><y>124</y><time>25-01-21 19:58:21:112</time></pt><pt><x>578</x><y>131</y><time>25-01-21 19:58:21:371</time></pt><pt><x>575</x><y>136</y><time>25-01-21 19:58:21:619</time></pt><pt><x>572</x><y>143</y><time>25-01-21 19:58:22:120</time></pt><pt><x>571</x><y>146</y><time>25-01-21 19:58:22:277</time></pt><pt><x>570</x><y>149</y><time>25-01-21 19:58:22:473</time></pt><pt><x>568</x><y>154</y><time>25-01-21 19:58:24:028</time></pt><pt><x>567</x><y>156</y><time>25-01-21 19:58:24:162</time></pt><pt><x>566</x><y>159</y><time>25-01-21 19:58:24:320</time></pt><pt><x>566</x><y>166</y><time>25-01-21 19:58:24:597</time></pt><pt><x>566</x><y>170</y><time>25-01-21 19:58:24:768</time></pt><pt><x>564</x><y>176</y><time>25-01-21 19:58:25:043</time></pt><pt><x>564</x><y>178</y><time>25-01-21 19:58:25:210</time></pt><pt><x>561</x><y>189</y><time>25-01-21 19:58:26:442</time></pt><pt><x>560</x><y>193</y><time>25-01-21 19:58:26:594</time></pt><pt><x>560</x><y>197</y><time>25-01-21 19:58:26:750</time></pt><pt><x>560</x><y>200</y><time>25-01-21 19:58:26:883</time></pt><pt><x>560</x><y>202</y><time>25-01-21 19:58:27:025</time></pt><pt><x>559</x><y>204</y><time>25-01-21 19:58:27:302</time></pt><pt><x>557</x><y>205</y><time>25-01-21 19:58:27:499</time></pt><pt><x>556</x><y>205</y><time>25-01-21 19:58:27:646</time></pt><pt><x>555</x><y>206</y><time>25-01-21 19:58:27:803</time></pt><pt><x>554</x><y>208</y><time>25-01-21 19:58:27:993</time></pt><pt><x>553</x><y>215</y><time>25-01-21 19:58:34:025</time></pt><pt><x>554</x><y>218</y><time>25-01-21 19:58:34:263</time></pt><pt><x>555</x><y>222</y><time>25-01-21 19:58:34:417</time></pt><pt><x>556</x><y>226</y><time>25-01-21 19:58:34:592</time></pt><pt><x>556</x><y>235</y><time>25-01-21 19:58:34:813</time></pt><pt><x>556</x><y>246</y><time>25-01-21 19:58:35:599</time></pt><pt><x>554</x><y>253</y><time>25-01-21 19:58:36:077</time></pt><pt><x>553</x><y>257</y><time>25-01-21 19:58:36:257</time></pt><pt><x>554</x><y>262</y><time>25-01-21 19:58:36:535</time></pt><pt><x>555</x><y>267</y><time>25-01-21 19:58:36:738</time></pt><pt><x>556</x><y>269</y><time>25-01-21 19:58:36:904</time></pt><pt><x>558</x><y>274</y><time>25-01-21 19:58:37:147</time></pt><pt><x>559</x><y>279</y><time>25-01-21 19:58:37:430</time></pt><pt><x>560</x><y>283</y><time>25-01-21 19:58:37:651</time></pt><pt><x>560</x><y>289</y><time>25-01-21 19:58:38:161</time></pt><pt><x>558</x><y>291</y><time>25-01-21 19:58:38:427</time></pt><pt><x>538</x><y>291</y><time>25-01-21 19:58:39:797</time></pt><pt><x>535</x><y>276</y><time>25-01-21 19:58:40:888</time></pt><pt><x>538</x><y>273</y><time>25-01-21 19:58:41:487</time></pt><pt><x>540</x><y>271</y><time>25-01-21 19:58:41:700</time></pt><pt><x>543</x><y>270</y><time>25-01-21 19:58:41:884</time></pt><pt><x>544</x><y>267</y><time>25-01-21 19:58:42:102</time></pt><pt><x>543</x><y>263</y><time>25-01-21 19:58:42:257</time></pt><pt><x>541</x><y>257</y><time>25-01-21 19:58:42:508</time></pt><pt><x>539</x><y>252</y><time>25-01-21 19:58:42:699</time></pt><pt><x>536</x><y>242</y><time>25-01-21 19:58:45:143</time></pt><pt><x>539</x><y>228</y><time>25-01-21 19:58:46:860</time></pt><pt><x>539</x><y>219</y><time>25-01-21 19:58:47:739</time></pt><pt><x>539</x><y>209</y><time>25-01-21 19:58:48:564</time></pt><pt><x>539</x><y>199</y><time>25-01-21 19:58:49:264</time></pt><pt><x>537</x><y>191</y><time>25-01-21 19:58:49:960</time></pt><pt><x>535</x><y>181</y><time>25-01-21 19:58:51:057</time></pt><pt><x>528</x><y>146</y><time>25-01-21 19:58:52:978</time></pt><pt><x>528</x><y>141</y><time>25-01-21 19:58:53:620</time></pt><pt><x>529</x><y>136</y><time>25-01-21 19:58:54:734</time></pt><pt><x>531</x><y>133</y><time>25-01-21 19:58:55:181</time></pt><pt><x>533</x><y>129</y><time>25-01-21 19:58:55:688</time></pt><pt><x>535</x><y>114</y><time>25-01-21 19:58:58:167</time></pt><pt><x>535</x><y>104</y><time>25-01-21 19:58:59:165</time></pt><pt><x>533</x><y>99</y><time>25-01-21 19:59:00:549</time></pt><pt><x>530</x><y>95</y><time>25-01-21 19:59:01:180</time></pt><pt><x>528</x><y>89</y><time>25-01-21 19:59:01:753</time></pt><pt><x>528</x><y>84</y><time>25-01-21 19:59:02:194</time></pt><pt><x>529</x><y>81</y><time>25-01-21 19:59:02:421</time></pt><pt><x>531</x><y>79</y><time>25-01-21 19:59:02:712</time></pt><pt><x>531</x><y>77</y><time>25-01-21 19:59:02:911</time></pt><pt><x>529</x><y>76</y><time>25-01-21 19:59:03:199</time></pt><pt><x>528</x><y>74</y><time>25-01-21 19:59:03:443</time></pt><pt><x>526</x><y>72</y><time>25-01-21 19:59:04:270</time></pt><pt><x>525</x><y>57</y><time>25-01-21 19:59:05:772</time></pt><pt><x>523</x><y>51</y><time>25-01-21 19:59:06:944</time></pt><pt><x>523</x><y>48</y><time>25-01-21 19:59:07:982</time></pt><pt><x>528</x><y>45</y><time>25-01-21 19:59:08:225</time></pt><pt><x>530</x><y>44</y><time>25-01-21 19:59:08:396</time></pt><pt><x>534</x><y>42</y><time>25-01-21 19:59:08:702</time></pt><pt><x>538</x><y>42</y><time>25-01-21 19:59:08:910</time></pt><pt><x>544</x><y>42</y><time>25-01-21 19:59:09:200</time></pt><pt><x>545</x><y>43</y><time>25-01-21 19:59:09:366</time></pt><pt><x>548</x><y>45</y><time>25-01-21 19:59:09:522</time></pt><pt><x>550</x><y>47</y><time>25-01-21 19:59:09:729</time></pt><pt><x>552</x><y>52</y><time>25-01-21 19:59:09:950</time></pt><pt><x>552</x><y>55</y><time>25-01-21 19:59:10:119</time></pt><pt><x>552</x><y>58</y><time>25-01-21 19:59:10:301</time></pt><pt><x>551</x><y>62</y><time>25-01-21 19:59:10:465</time></pt><pt><x>550</x><y>66</y><time>25-01-21 19:59:10:697</time></pt><pt><x>549</x><y>68</y><time>25-01-21 19:59:10:931</time></pt><pt><x>549</x><y>69</y><time>25-01-21 19:59:11:072</time></pt><pt><x>549</x><y>70</y><time>25-01-21 19:59:11:235</time></pt><pt><x>549</x><y>71</y><time>25-01-21 19:59:11:458</time></pt><pt><x>549</x><y>74</y><time>25-01-21 19:59:11:733</time></pt><closed_date>25-01-21 19:59:11:961</closed_date></polygon></object></annotation>