<annotation><filename>frame0049.jpg</filename><folder>users/lab605//7hao/human_20210119_4</folder><source><submittedBy>lab605</submittedBy></source><imagesize><nrows>480</nrows><ncols>640</ncols></imagesize><object><name>person</name><deleted>0</deleted><verified>0</verified><occluded>no</occluded><attributes></attributes><parts><hasparts></hasparts><ispartof></ispartof></parts><date>25-01-21 21:02:47:206</date><id>0</id><polygon><username>7hao</username><pt><x>639</x><y>36</y><time>25-01-21 21:02:30:111</time></pt><pt><x>635</x><y>40</y><time>25-01-21 21:02:30:804</time></pt><pt><x>630</x><y>57</y><time>25-01-21 21:02:32:045</time></pt><pt><x>628</x><y>67</y><time>25-01-21 21:02:32:471</time></pt><pt><x>626</x><y>79</y><time>25-01-21 21:02:32:981</time></pt><pt><x>625</x><y>98</y><time>25-01-21 21:02:34:190</time></pt><pt><x>624</x><y>106</y><time>25-01-21 21:02:34:515</time></pt><pt><x>623</x><y>115</y><time>25-01-21 21:02:34:829</time></pt><pt><x>624</x><y>122</y><time>25-01-21 21:02:35:984</time></pt><pt><x>625</x><y>135</y><time>25-01-21 21:02:36:433</time></pt><pt><x>626</x><y>140</y><time>25-01-21 21:02:36:801</time></pt><pt><x>626</x><y>145</y><time>25-01-21 21:02:37:211</time></pt><pt><x>629</x><y>147</y><time>25-01-21 21:02:37:565</time></pt><pt><x>630</x><y>149</y><time>25-01-21 21:02:37:799</time></pt><pt><x>630</x><y>151</y><time>25-01-21 21:02:37:974</time></pt><pt><x>630</x><y>156</y><time>25-01-21 21:02:39:443</time></pt><pt><x>631</x><y>160</y><time>25-01-21 21:02:39:615</time></pt><pt><x>632</x><y>162</y><time>25-01-21 21:02:39:781</time></pt><pt><x>635</x><y>166</y><time>25-01-21 21:02:40:040</time></pt><pt><x>640</x><y>167</y><time>25-01-21 21:02:42:085</time></pt><closed_date>25-01-21 21:02:44:392</closed_date></polygon></object><object><name>person</name><deleted>0</deleted><verified>0</verified><occluded>no</occluded><attributes></attributes><parts><hasparts></hasparts><ispartof></ispartof></parts><date>25-01-21 21:04:57:548</date><id>1</id><polygon><username>7hao</username><pt><x>501</x><y>47</y><time>25-01-21 21:02:52:044</time></pt><pt><x>502</x><y>43</y><time>25-01-21 21:02:52:495</time></pt><pt><x>504</x><y>39</y><time>25-01-21 21:02:52:888</time></pt><pt><x>508</x><y>35</y><time>25-01-21 21:02:53:594</time></pt><pt><x>509</x><y>31</y><time>25-01-21 21:02:53:901</time></pt><pt><x>508</x><y>25</y><time>25-01-21 21:02:54:230</time></pt><pt><x>506</x><y>18</y><time>25-01-21 21:02:54:594</time></pt><pt><x>500</x><y>13</y><time>25-01-21 21:02:55:472</time></pt><pt><x>496</x><y>11</y><time>25-01-21 21:02:55:881</time></pt><pt><x>490</x><y>10</y><time>25-01-21 21:02:56:173</time></pt><pt><x>484</x><y>11</y><time>25-01-21 21:02:56:455</time></pt><pt><x>478</x><y>14</y><time>25-01-21 21:02:56:763</time></pt><pt><x>473</x><y>18</y><time>25-01-21 21:02:57:068</time></pt><pt><x>471</x><y>20</y><time>25-01-21 21:02:57:321</time></pt><pt><x>471</x><y>23</y><time>25-01-21 21:02:57:509</time></pt><pt><x>471</x><y>26</y><time>25-01-21 21:02:57:673</time></pt><pt><x>471</x><y>29</y><time>25-01-21 21:02:57:887</time></pt><pt><x>472</x><y>32</y><time>25-01-21 21:02:58:075</time></pt><pt><x>471</x><y>35</y><time>25-01-21 21:02:58:265</time></pt><pt><x>470</x><y>36</y><time>25-01-21 21:02:58:414</time></pt><pt><x>470</x><y>38</y><time>25-01-21 21:02:58:601</time></pt><pt><x>469</x><y>39</y><time>25-01-21 21:02:58:783</time></pt><pt><x>470</x><y>41</y><time>25-01-21 21:02:58:931</time></pt><pt><x>471</x><y>42</y><time>25-01-21 21:02:59:089</time></pt><pt><x>472</x><y>44</y><time>25-01-21 21:02:59:260</time></pt><pt><x>472</x><y>47</y><time>25-01-21 21:02:59:443</time></pt><pt><x>472</x><y>49</y><time>25-01-21 21:02:59:623</time></pt><pt><x>472</x><y>52</y><time>25-01-21 21:02:59:782</time></pt><pt><x>476</x><y>54</y><time>25-01-21 21:03:00:017</time></pt><pt><x>479</x><y>55</y><time>25-01-21 21:03:00:190</time></pt><pt><x>482</x><y>57</y><time>25-01-21 21:03:00:502</time></pt><pt><x>480</x><y>59</y><time>25-01-21 21:03:00:692</time></pt><pt><x>476</x><y>61</y><time>25-01-21 21:03:00:905</time></pt><pt><x>475</x><y>65</y><time>25-01-21 21:03:01:117</time></pt><pt><x>475</x><y>68</y><time>25-01-21 21:03:01:375</time></pt><pt><x>475</x><y>71</y><time>25-01-21 21:03:01:581</time></pt><pt><x>475</x><y>73</y><time>25-01-21 21:03:01:817</time></pt><pt><x>472</x><y>76</y><time>25-01-21 21:03:02:279</time></pt><pt><x>468</x><y>83</y><time>25-01-21 21:03:03:853</time></pt><pt><x>467</x><y>90</y><time>25-01-21 21:03:04:145</time></pt><pt><x>466</x><y>97</y><time>25-01-21 21:03:04:489</time></pt><pt><x>465</x><y>111</y><time>25-01-21 21:03:05:754</time></pt><pt><x>464</x><y>115</y><time>25-01-21 21:03:05:991</time></pt><pt><x>463</x><y>118</y><time>25-01-21 21:03:06:131</time></pt><pt><x>464</x><y>123</y><time>25-01-21 21:03:06:431</time></pt><pt><x>461</x><y>129</y><time>25-01-21 21:03:06:896</time></pt><pt><x>459</x><y>132</y><time>25-01-21 21:03:08:608</time></pt><pt><x>459</x><y>135</y><time>25-01-21 21:03:08:773</time></pt><pt><x>459</x><y>138</y><time>25-01-21 21:03:08:924</time></pt><pt><x>459</x><y>141</y><time>25-01-21 21:03:09:066</time></pt><pt><x>458</x><y>143</y><time>25-01-21 21:03:09:252</time></pt><pt><x>456</x><y>146</y><time>25-01-21 21:03:09:441</time></pt><pt><x>455</x><y>148</y><time>25-01-21 21:03:19:260</time></pt><pt><x>454</x><y>149</y><time>25-01-21 21:03:19:466</time></pt><pt><x>454</x><y>151</y><time>25-01-21 21:03:19:622</time></pt><pt><x>455</x><y>153</y><time>25-01-21 21:03:19:734</time></pt><pt><x>455</x><y>154</y><time>25-01-21 21:03:19:849</time></pt><pt><x>455</x><y>156</y><time>25-01-21 21:03:20:071</time></pt><pt><x>455</x><y>158</y><time>25-01-21 21:03:20:219</time></pt><pt><x>456</x><y>158</y><time>25-01-21 21:03:20:353</time></pt><pt><x>455</x><y>161</y><time>25-01-21 21:03:20:495</time></pt><pt><x>453</x><y>164</y><time>25-01-21 21:03:20:675</time></pt><pt><x>451</x><y>168</y><time>25-01-21 21:03:21:091</time></pt><pt><x>452</x><y>179</y><time>25-01-21 21:03:21:493</time></pt><pt><x>453</x><y>183</y><time>25-01-21 21:03:27:970</time></pt><pt><x>454</x><y>187</y><time>25-01-21 21:03:28:119</time></pt><pt><x>454</x><y>189</y><time>25-01-21 21:03:28:277</time></pt><pt><x>454</x><y>191</y><time>25-01-21 21:03:28:411</time></pt><pt><x>454</x><y>193</y><time>25-01-21 21:03:28:545</time></pt><pt><x>455</x><y>194</y><time>25-01-21 21:03:28:685</time></pt><pt><x>455</x><y>199</y><time>25-01-21 21:03:28:843</time></pt><pt><x>455</x><y>201</y><time>25-01-21 21:03:28:961</time></pt><pt><x>456</x><y>205</y><time>25-01-21 21:03:29:204</time></pt><pt><x>456</x><y>205</y><time>25-01-21 21:03:29:402</time></pt><pt><x>456</x><y>215</y><time>25-01-21 21:03:29:841</time></pt><pt><x>456</x><y>218</y><time>25-01-21 21:03:30:076</time></pt><pt><x>456</x><y>222</y><time>25-01-21 21:03:30:288</time></pt><pt><x>456</x><y>224</y><time>25-01-21 21:03:30:477</time></pt><pt><x>457</x><y>225</y><time>25-01-21 21:03:30:785</time></pt><pt><x>457</x><y>237</y><time>25-01-21 21:03:32:625</time></pt><pt><x>456</x><y>242</y><time>25-01-21 21:03:32:845</time></pt><pt><x>455</x><y>246</y><time>25-01-21 21:03:33:033</time></pt><pt><x>454</x><y>250</y><time>25-01-21 21:03:33:189</time></pt><pt><x>454</x><y>253</y><time>25-01-21 21:03:33:347</time></pt><pt><x>454</x><y>258</y><time>25-01-21 21:03:33:505</time></pt><pt><x>455</x><y>262</y><time>25-01-21 21:03:33:716</time></pt><pt><x>454</x><y>268</y><time>25-01-21 21:03:33:939</time></pt><pt><x>452</x><y>278</y><time>25-01-21 21:03:34:557</time></pt><pt><x>451</x><y>280</y><time>25-01-21 21:03:34:870</time></pt><pt><x>448</x><y>281</y><time>25-01-21 21:03:35:052</time></pt><pt><x>446</x><y>282</y><time>25-01-21 21:03:35:178</time></pt><pt><x>444</x><y>285</y><time>25-01-21 21:03:39:046</time></pt><pt><x>439</x><y>288</y><time>25-01-21 21:03:39:280</time></pt><pt><x>437</x><y>290</y><time>25-01-21 21:03:39:430</time></pt><pt><x>433</x><y>291</y><time>25-01-21 21:03:39:666</time></pt><pt><x>430</x><y>292</y><time>25-01-21 21:03:39:878</time></pt><pt><x>427</x><y>293</y><time>25-01-21 21:03:40:090</time></pt><pt><x>424</x><y>293</y><time>25-01-21 21:03:40:454</time></pt><pt><x>423</x><y>294</y><time>25-01-21 21:03:40:775</time></pt><pt><x>423</x><y>295</y><time>25-01-21 21:03:40:900</time></pt><pt><x>424</x><y>298</y><time>25-01-21 21:03:41:112</time></pt><pt><x>426</x><y>299</y><time>25-01-21 21:03:41:300</time></pt><pt><x>431</x><y>301</y><time>25-01-21 21:03:41:536</time></pt><pt><x>441</x><y>302</y><time>25-01-21 21:03:41:859</time></pt><pt><x>449</x><y>302</y><time>25-01-21 21:03:42:236</time></pt><pt><x>468</x><y>302</y><time>25-01-21 21:03:51:626</time></pt><pt><x>470</x><y>302</y><time>25-01-21 21:03:52:047</time></pt><pt><x>471</x><y>300</y><time>25-01-21 21:03:52:292</time></pt><pt><x>471</x><y>297</y><time>25-01-21 21:03:52:464</time></pt><pt><x>471</x><y>294</y><time>25-01-21 21:03:52:693</time></pt><pt><x>470</x><y>291</y><time>25-01-21 21:03:52:904</time></pt><pt><x>469</x><y>289</y><time>25-01-21 21:03:53:132</time></pt><pt><x>468</x><y>287</y><time>25-01-21 21:03:53:330</time></pt><pt><x>467</x><y>286</y><time>25-01-21 21:03:53:519</time></pt><pt><x>467</x><y>285</y><time>25-01-21 21:03:53:684</time></pt><pt><x>466</x><y>283</y><time>25-01-21 21:03:53:880</time></pt><pt><x>466</x><y>274</y><time>25-01-21 21:03:54:822</time></pt><pt><x>468</x><y>268</y><time>25-01-21 21:03:55:225</time></pt><pt><x>472</x><y>256</y><time>25-01-21 21:03:56:475</time></pt><pt><x>475</x><y>249</y><time>25-01-21 21:03:56:821</time></pt><pt><x>477</x><y>237</y><time>25-01-21 21:03:57:969</time></pt><pt><x>475</x><y>230</y><time>25-01-21 21:03:58:368</time></pt><pt><x>474</x><y>225</y><time>25-01-21 21:04:00:742</time></pt><pt><x>476</x><y>221</y><time>25-01-21 21:04:01:072</time></pt><pt><x>478</x><y>216</y><time>25-01-21 21:04:01:324</time></pt><pt><x>479</x><y>212</y><time>25-01-21 21:04:01:528</time></pt><pt><x>479</x><y>208</y><time>25-01-21 21:04:01:734</time></pt><pt><x>480</x><y>207</y><time>25-01-21 21:04:01:906</time></pt><pt><x>481</x><y>207</y><time>25-01-21 21:04:02:110</time></pt><pt><x>482</x><y>206</y><time>25-01-21 21:04:02:268</time></pt><pt><x>484</x><y>203</y><time>25-01-21 21:04:03:164</time></pt><pt><x>485</x><y>200</y><time>25-01-21 21:04:03:392</time></pt><pt><x>486</x><y>197</y><time>25-01-21 21:04:03:650</time></pt><pt><x>488</x><y>195</y><time>25-01-21 21:04:03:896</time></pt><pt><x>489</x><y>195</y><time>25-01-21 21:04:04:114</time></pt><pt><x>491</x><y>199</y><time>25-01-21 21:04:04:438</time></pt><pt><x>491</x><y>201</y><time>25-01-21 21:04:04:602</time></pt><pt><x>493</x><y>204</y><time>25-01-21 21:04:04:807</time></pt><pt><x>494</x><y>205</y><time>25-01-21 21:04:05:010</time></pt><pt><x>498</x><y>217</y><time>25-01-21 21:04:07:778</time></pt><pt><x>500</x><y>221</y><time>25-01-21 21:04:14:485</time></pt><pt><x>502</x><y>223</y><time>25-01-21 21:04:14:720</time></pt><pt><x>506</x><y>225</y><time>25-01-21 21:04:14:876</time></pt><pt><x>508</x><y>227</y><time>25-01-21 21:04:15:145</time></pt><pt><x>510</x><y>230</y><time>25-01-21 21:04:15:348</time></pt><pt><x>514</x><y>235</y><time>25-01-21 21:04:15:553</time></pt><pt><x>519</x><y>240</y><time>25-01-21 21:04:15:954</time></pt><pt><x>521</x><y>245</y><time>25-01-21 21:04:16:204</time></pt><pt><x>524</x><y>249</y><time>25-01-21 21:04:16:449</time></pt><pt><x>533</x><y>262</y><time>25-01-21 21:04:17:645</time></pt><pt><x>535</x><y>265</y><time>25-01-21 21:04:17:840</time></pt><pt><x>536</x><y>268</y><time>25-01-21 21:04:18:021</time></pt><pt><x>537</x><y>271</y><time>25-01-21 21:04:18:162</time></pt><pt><x>537</x><y>275</y><time>25-01-21 21:04:18:367</time></pt><pt><x>538</x><y>281</y><time>25-01-21 21:04:18:626</time></pt><pt><x>536</x><y>288</y><time>25-01-21 21:04:22:187</time></pt><pt><x>533</x><y>292</y><time>25-01-21 21:04:22:479</time></pt><pt><x>532</x><y>294</y><time>25-01-21 21:04:22:667</time></pt><pt><x>529</x><y>296</y><time>25-01-21 21:04:22:854</time></pt><pt><x>528</x><y>297</y><time>25-01-21 21:04:23:036</time></pt><pt><x>528</x><y>299</y><time>25-01-21 21:04:23:233</time></pt><pt><x>529</x><y>301</y><time>25-01-21 21:04:23:452</time></pt><pt><x>531</x><y>303</y><time>25-01-21 21:04:23:620</time></pt><pt><x>538</x><y>303</y><time>25-01-21 21:04:24:624</time></pt><pt><x>544</x><y>303</y><time>25-01-21 21:04:24:963</time></pt><pt><x>545</x><y>303</y><time>25-01-21 21:04:25:190</time></pt><pt><x>550</x><y>301</y><time>25-01-21 21:04:27:871</time></pt><pt><x>555</x><y>297</y><time>25-01-21 21:04:28:098</time></pt><pt><x>559</x><y>290</y><time>25-01-21 21:04:28:453</time></pt><pt><x>562</x><y>285</y><time>25-01-21 21:04:28:742</time></pt><pt><x>560</x><y>280</y><time>25-01-21 21:04:28:930</time></pt><pt><x>557</x><y>276</y><time>25-01-21 21:04:29:144</time></pt><pt><x>553</x><y>272</y><time>25-01-21 21:04:29:365</time></pt><pt><x>550</x><y>268</y><time>25-01-21 21:04:29:576</time></pt><pt><x>545</x><y>259</y><time>25-01-21 21:04:29:968</time></pt><pt><x>538</x><y>235</y><time>25-01-21 21:04:33:434</time></pt><pt><x>533</x><y>230</y><time>25-01-21 21:04:35:658</time></pt><pt><x>528</x><y>223</y><time>25-01-21 21:04:36:069</time></pt><pt><x>522</x><y>219</y><time>25-01-21 21:04:36:468</time></pt><pt><x>520</x><y>216</y><time>25-01-21 21:04:36:790</time></pt><pt><x>519</x><y>208</y><time>25-01-21 21:04:41:286</time></pt><pt><x>519</x><y>203</y><time>25-01-21 21:04:41:750</time></pt><pt><x>519</x><y>199</y><time>25-01-21 21:04:42:005</time></pt><pt><x>518</x><y>187</y><time>25-01-21 21:04:42:450</time></pt><pt><x>520</x><y>171</y><time>25-01-21 21:04:43:558</time></pt><pt><x>520</x><y>153</y><time>25-01-21 21:04:45:708</time></pt><pt><x>521</x><y>145</y><time>25-01-21 21:04:45:933</time></pt><pt><x>523</x><y>139</y><time>25-01-21 21:04:46:113</time></pt><pt><x>524</x><y>125</y><time>25-01-21 21:04:46:780</time></pt><pt><x>525</x><y>111</y><time>25-01-21 21:04:47:314</time></pt><pt><x>527</x><y>84</y><time>25-01-21 21:04:48:714</time></pt><pt><x>527</x><y>74</y><time>25-01-21 21:04:49:280</time></pt><pt><x>527</x><y>67</y><time>25-01-21 21:04:49:570</time></pt><pt><x>521</x><y>59</y><time>25-01-21 21:04:50:003</time></pt><pt><x>517</x><y>56</y><time>25-01-21 21:04:50:356</time></pt><pt><x>516</x><y>53</y><time>25-01-21 21:04:50:773</time></pt><pt><x>516</x><y>50</y><time>25-01-21 21:04:52:840</time></pt><pt><x>514</x><y>49</y><time>25-01-21 21:04:53:108</time></pt><pt><x>511</x><y>48</y><time>25-01-21 21:04:53:382</time></pt><pt><x>510</x><y>48</y><time>25-01-21 21:04:53:508</time></pt><pt><x>507</x><y>47</y><time>25-01-21 21:04:54:021</time></pt><pt><x>503</x><y>47</y><time>25-01-21 21:04:54:334</time></pt><closed_date>25-01-21 21:04:54:892</closed_date></polygon></object><object><name>person</name><deleted>0</deleted><verified>0</verified><occluded>no</occluded><attributes></attributes><parts><hasparts></hasparts><ispartof></ispartof></parts><date>25-01-21 21:07:03:193</date><id>2</id><polygon><username>7hao</username><pt><x>306</x><y>56</y><time>25-01-21 21:05:25:592</time></pt><pt><x>302</x><y>55</y><time>25-01-21 21:05:25:976</time></pt><pt><x>297</x><y>56</y><time>25-01-21 21:05:26:236</time></pt><pt><x>293</x><y>59</y><time>25-01-21 21:05:26:550</time></pt><pt><x>290</x><y>64</y><time>25-01-21 21:05:26:834</time></pt><pt><x>288</x><y>68</y><time>25-01-21 21:05:27:038</time></pt><pt><x>288</x><y>71</y><time>25-01-21 21:05:27:234</time></pt><pt><x>289</x><y>75</y><time>25-01-21 21:05:27:463</time></pt><pt><x>290</x><y>77</y><time>25-01-21 21:05:27:690</time></pt><pt><x>290</x><y>80</y><time>25-01-21 21:05:27:855</time></pt><pt><x>292</x><y>82</y><time>25-01-21 21:05:28:060</time></pt><pt><x>294</x><y>84</y><time>25-01-21 21:05:28:274</time></pt><pt><x>295</x><y>86</y><time>25-01-21 21:05:28:478</time></pt><pt><x>295</x><y>89</y><time>25-01-21 21:05:28:798</time></pt><pt><x>295</x><y>92</y><time>25-01-21 21:05:29:091</time></pt><pt><x>291</x><y>93</y><time>25-01-21 21:05:29:316</time></pt><pt><x>283</x><y>97</y><time>25-01-21 21:05:29:853</time></pt><pt><x>277</x><y>101</y><time>25-01-21 21:05:30:324</time></pt><pt><x>273</x><y>107</y><time>25-01-21 21:05:30:717</time></pt><pt><x>270</x><y>119</y><time>25-01-21 21:05:35:338</time></pt><pt><x>270</x><y>122</y><time>25-01-21 21:05:35:660</time></pt><pt><x>270</x><y>128</y><time>25-01-21 21:05:36:084</time></pt><pt><x>268</x><y>152</y><time>25-01-21 21:05:38:913</time></pt><pt><x>269</x><y>158</y><time>25-01-21 21:05:39:158</time></pt><pt><x>269</x><y>163</y><time>25-01-21 21:05:39:331</time></pt><pt><x>270</x><y>170</y><time>25-01-21 21:05:39:733</time></pt><pt><x>271</x><y>173</y><time>25-01-21 21:05:39:920</time></pt><pt><x>272</x><y>174</y><time>25-01-21 21:05:40:078</time></pt><pt><x>273</x><y>177</y><time>25-01-21 21:05:40:236</time></pt><pt><x>273</x><y>179</y><time>25-01-21 21:05:40:393</time></pt><pt><x>273</x><y>182</y><time>25-01-21 21:05:40:542</time></pt><pt><x>274</x><y>183</y><time>25-01-21 21:05:40:692</time></pt><pt><x>275</x><y>185</y><time>25-01-21 21:05:40:856</time></pt><pt><x>275</x><y>188</y><time>25-01-21 21:05:41:000</time></pt><pt><x>275</x><y>192</y><time>25-01-21 21:05:41:162</time></pt><pt><x>276</x><y>194</y><time>25-01-21 21:05:41:382</time></pt><pt><x>280</x><y>196</y><time>25-01-21 21:05:41:617</time></pt><pt><x>282</x><y>196</y><time>25-01-21 21:05:41:791</time></pt><pt><x>280</x><y>209</y><time>25-01-21 21:05:47:152</time></pt><pt><x>281</x><y>215</y><time>25-01-21 21:05:47:404</time></pt><pt><x>281</x><y>219</y><time>25-01-21 21:05:47:570</time></pt><pt><x>283</x><y>226</y><time>25-01-21 21:05:47:822</time></pt><pt><x>283</x><y>231</y><time>25-01-21 21:05:48:080</time></pt><pt><x>282</x><y>238</y><time>25-01-21 21:05:48:418</time></pt><pt><x>281</x><y>242</y><time>25-01-21 21:05:48:606</time></pt><pt><x>281</x><y>247</y><time>25-01-21 21:05:49:032</time></pt><pt><x>282</x><y>258</y><time>25-01-21 21:05:50:163</time></pt><pt><x>283</x><y>262</y><time>25-01-21 21:05:50:368</time></pt><pt><x>282</x><y>266</y><time>25-01-21 21:05:50:532</time></pt><pt><x>282</x><y>267</y><time>25-01-21 21:05:50:673</time></pt><pt><x>282</x><y>270</y><time>25-01-21 21:05:50:825</time></pt><pt><x>283</x><y>272</y><time>25-01-21 21:05:50:972</time></pt><pt><x>284</x><y>274</y><time>25-01-21 21:05:51:145</time></pt><pt><x>285</x><y>278</y><time>25-01-21 21:05:51:326</time></pt><pt><x>282</x><y>283</y><time>25-01-21 21:05:51:664</time></pt><pt><x>280</x><y>289</y><time>25-01-21 21:05:52:059</time></pt><pt><x>281</x><y>292</y><time>25-01-21 21:05:52:341</time></pt><pt><x>287</x><y>293</y><time>25-01-21 21:05:52:584</time></pt><pt><x>291</x><y>294</y><time>25-01-21 21:05:52:829</time></pt><pt><x>295</x><y>294</y><time>25-01-21 21:05:53:080</time></pt><pt><x>296</x><y>292</y><time>25-01-21 21:05:53:284</time></pt><pt><x>296</x><y>290</y><time>25-01-21 21:05:53:480</time></pt><pt><x>295</x><y>285</y><time>25-01-21 21:05:53:654</time></pt><pt><x>295</x><y>279</y><time>25-01-21 21:05:53:929</time></pt><pt><x>297</x><y>267</y><time>25-01-21 21:05:54:321</time></pt><pt><x>299</x><y>254</y><time>25-01-21 21:05:54:848</time></pt><pt><x>299</x><y>246</y><time>25-01-21 21:05:55:132</time></pt><pt><x>301</x><y>234</y><time>25-01-21 21:05:55:596</time></pt><pt><x>302</x><y>226</y><time>25-01-21 21:05:55:971</time></pt><pt><x>303</x><y>217</y><time>25-01-21 21:05:56:537</time></pt><pt><x>303</x><y>210</y><time>25-01-21 21:05:57:104</time></pt><pt><x>305</x><y>199</y><time>25-01-21 21:05:58:519</time></pt><pt><x>307</x><y>202</y><time>25-01-21 21:05:59:070</time></pt><pt><x>311</x><y>216</y><time>25-01-21 21:06:02:066</time></pt><pt><x>313</x><y>220</y><time>25-01-21 21:06:02:396</time></pt><pt><x>313</x><y>225</y><time>25-01-21 21:06:02:570</time></pt><pt><x>314</x><y>228</y><time>25-01-21 21:06:02:726</time></pt><pt><x>315</x><y>240</y><time>25-01-21 21:06:03:182</time></pt><pt><x>316</x><y>245</y><time>25-01-21 21:06:03:426</time></pt><pt><x>316</x><y>254</y><time>25-01-21 21:06:03:645</time></pt><pt><x>316</x><y>260</y><time>25-01-21 21:06:03:796</time></pt><pt><x>318</x><y>266</y><time>25-01-21 21:06:04:016</time></pt><pt><x>319</x><y>271</y><time>25-01-21 21:06:04:244</time></pt><pt><x>321</x><y>273</y><time>25-01-21 21:06:04:408</time></pt><pt><x>321</x><y>276</y><time>25-01-21 21:06:04:651</time></pt><pt><x>321</x><y>284</y><time>25-01-21 21:06:05:925</time></pt><pt><x>321</x><y>286</y><time>25-01-21 21:06:06:085</time></pt><pt><x>322</x><y>288</y><time>25-01-21 21:06:06:280</time></pt><pt><x>325</x><y>289</y><time>25-01-21 21:06:06:463</time></pt><pt><x>328</x><y>289</y><time>25-01-21 21:06:06:618</time></pt><pt><x>331</x><y>290</y><time>25-01-21 21:06:06:784</time></pt><pt><x>339</x><y>291</y><time>25-01-21 21:06:14:238</time></pt><pt><x>344</x><y>291</y><time>25-01-21 21:06:14:536</time></pt><pt><x>347</x><y>291</y><time>25-01-21 21:06:14:804</time></pt><pt><x>348</x><y>288</y><time>25-01-21 21:06:15:039</time></pt><pt><x>346</x><y>284</y><time>25-01-21 21:06:15:220</time></pt><pt><x>343</x><y>282</y><time>25-01-21 21:06:15:410</time></pt><pt><x>339</x><y>281</y><time>25-01-21 21:06:15:646</time></pt><pt><x>337</x><y>279</y><time>25-01-21 21:06:15:817</time></pt><pt><x>335</x><y>276</y><time>25-01-21 21:06:15:998</time></pt><pt><x>333</x><y>272</y><time>25-01-21 21:06:16:196</time></pt><pt><x>332</x><y>266</y><time>25-01-21 21:06:16:455</time></pt><pt><x>332</x><y>261</y><time>25-01-21 21:06:16:676</time></pt><pt><x>332</x><y>251</y><time>25-01-21 21:06:17:145</time></pt><pt><x>332</x><y>231</y><time>25-01-21 21:06:18:310</time></pt><pt><x>332</x><y>224</y><time>25-01-21 21:06:18:554</time></pt><pt><x>330</x><y>216</y><time>25-01-21 21:06:18:758</time></pt><pt><x>329</x><y>208</y><time>25-01-21 21:06:18:956</time></pt><pt><x>330</x><y>194</y><time>25-01-21 21:06:19:505</time></pt><pt><x>332</x><y>192</y><time>25-01-21 21:06:19:835</time></pt><pt><x>335</x><y>193</y><time>25-01-21 21:06:20:039</time></pt><pt><x>339</x><y>192</y><time>25-01-21 21:06:20:394</time></pt><pt><x>341</x><y>186</y><time>25-01-21 21:06:21:045</time></pt><pt><x>340</x><y>181</y><time>25-01-21 21:06:22:603</time></pt><pt><x>339</x><y>178</y><time>25-01-21 21:06:22:816</time></pt><pt><x>339</x><y>176</y><time>25-01-21 21:06:22:979</time></pt><pt><x>342</x><y>173</y><time>25-01-21 21:06:23:178</time></pt><pt><x>342</x><y>168</y><time>25-01-21 21:06:23:411</time></pt><pt><x>340</x><y>141</y><time>25-01-21 21:06:25:205</time></pt><pt><x>337</x><y>123</y><time>25-01-21 21:06:25:707</time></pt><pt><x>334</x><y>109</y><time>25-01-21 21:06:26:855</time></pt><pt><x>332</x><y>103</y><time>25-01-21 21:06:27:540</time></pt><pt><x>329</x><y>99</y><time>25-01-21 21:06:28:129</time></pt><pt><x>322</x><y>96</y><time>25-01-21 21:06:52:687</time></pt><pt><x>318</x><y>95</y><time>25-01-21 21:06:53:236</time></pt><pt><x>313</x><y>92</y><time>25-01-21 21:06:54:205</time></pt><pt><x>312</x><y>89</y><time>25-01-21 21:06:54:544</time></pt><pt><x>316</x><y>86</y><time>25-01-21 21:06:55:423</time></pt><pt><x>319</x><y>82</y><time>25-01-21 21:06:55:814</time></pt><pt><x>319</x><y>77</y><time>25-01-21 21:06:56:136</time></pt><pt><x>318</x><y>72</y><time>25-01-21 21:06:56:970</time></pt><pt><x>318</x><y>68</y><time>25-01-21 21:06:57:357</time></pt><pt><x>318</x><y>66</y><time>25-01-21 21:06:57:631</time></pt><pt><x>318</x><y>63</y><time>25-01-21 21:06:57:874</time></pt><pt><x>316</x><y>60</y><time>25-01-21 21:06:58:346</time></pt><pt><x>312</x><y>58</y><time>25-01-21 21:06:58:889</time></pt><pt><x>309</x><y>56</y><time>25-01-21 21:06:59:290</time></pt><pt><x>307</x><y>56</y><time>25-01-21 21:06:59:793</time></pt><closed_date>25-01-21 21:07:00:167</closed_date></polygon></object></annotation>