<annotation><filename>frame0055.jpg</filename><folder>users/lab605//7hao/human_20210119_4</folder><source><submittedBy>lab605</submittedBy></source><imagesize><nrows>480</nrows><ncols>640</ncols></imagesize><object><name>person</name><deleted>0</deleted><verified>0</verified><occluded>no</occluded><attributes></attributes><parts><hasparts></hasparts><ispartof></ispartof></parts><date>25-01-21 21:26:06:100</date><id>0</id><polygon><username>7hao</username><pt><x>352</x><y>80</y><time>25-01-21 21:25:14:530</time></pt><pt><x>349</x><y>75</y><time>25-01-21 21:25:14:916</time></pt><pt><x>343</x><y>70</y><time>25-01-21 21:25:18:885</time></pt><pt><x>338</x><y>68</y><time>25-01-21 21:25:19:309</time></pt><pt><x>332</x><y>68</y><time>25-01-21 21:25:19:570</time></pt><pt><x>327</x><y>71</y><time>25-01-21 21:25:19:893</time></pt><pt><x>326</x><y>73</y><time>25-01-21 21:25:20:119</time></pt><pt><x>325</x><y>75</y><time>25-01-21 21:25:20:300</time></pt><pt><x>323</x><y>78</y><time>25-01-21 21:25:20:531</time></pt><pt><x>321</x><y>80</y><time>25-01-21 21:25:20:694</time></pt><pt><x>320</x><y>82</y><time>25-01-21 21:25:20:870</time></pt><pt><x>320</x><y>86</y><time>25-01-21 21:25:21:089</time></pt><pt><x>321</x><y>90</y><time>25-01-21 21:25:21:318</time></pt><pt><x>324</x><y>94</y><time>25-01-21 21:25:21:590</time></pt><pt><x>325</x><y>95</y><time>25-01-21 21:25:21:756</time></pt><pt><x>326</x><y>98</y><time>25-01-21 21:25:21:944</time></pt><pt><x>324</x><y>100</y><time>25-01-21 21:25:22:117</time></pt><pt><x>321</x><y>103</y><time>25-01-21 21:25:22:330</time></pt><pt><x>316</x><y>108</y><time>25-01-21 21:25:22:682</time></pt><pt><x>310</x><y>115</y><time>25-01-21 21:25:23:084</time></pt><pt><x>308</x><y>126</y><time>25-01-21 21:25:23:625</time></pt><pt><x>307</x><y>136</y><time>25-01-21 21:25:24:058</time></pt><pt><x>308</x><y>151</y><time>25-01-21 21:25:25:348</time></pt><pt><x>308</x><y>157</y><time>25-01-21 21:25:25:616</time></pt><pt><x>308</x><y>161</y><time>25-01-21 21:25:25:772</time></pt><pt><x>308</x><y>177</y><time>25-01-21 21:25:31:403</time></pt><pt><x>307</x><y>182</y><time>25-01-21 21:25:31:699</time></pt><pt><x>308</x><y>185</y><time>25-01-21 21:25:31:922</time></pt><pt><x>309</x><y>189</y><time>25-01-21 21:25:32:086</time></pt><pt><x>312</x><y>195</y><time>25-01-21 21:25:32:392</time></pt><pt><x>313</x><y>201</y><time>25-01-21 21:25:32:793</time></pt><pt><x>316</x><y>220</y><time>25-01-21 21:25:34:365</time></pt><pt><x>315</x><y>232</y><time>25-01-21 21:25:34:934</time></pt><pt><x>314</x><y>245</y><time>25-01-21 21:25:36:214</time></pt><pt><x>312</x><y>255</y><time>25-01-21 21:25:36:499</time></pt><pt><x>311</x><y>261</y><time>25-01-21 21:25:36:687</time></pt><pt><x>311</x><y>268</y><time>25-01-21 21:25:36:898</time></pt><pt><x>311</x><y>273</y><time>25-01-21 21:25:37:142</time></pt><pt><x>311</x><y>279</y><time>25-01-21 21:25:38:697</time></pt><pt><x>309</x><y>281</y><time>25-01-21 21:25:38:949</time></pt><pt><x>309</x><y>283</y><time>25-01-21 21:25:39:116</time></pt><pt><x>308</x><y>286</y><time>25-01-21 21:25:39:344</time></pt><pt><x>307</x><y>288</y><time>25-01-21 21:25:39:516</time></pt><pt><x>307</x><y>291</y><time>25-01-21 21:25:39:681</time></pt><pt><x>307</x><y>293</y><time>25-01-21 21:25:39:870</time></pt><pt><x>313</x><y>295</y><time>25-01-21 21:25:40:130</time></pt><pt><x>326</x><y>298</y><time>25-01-21 21:25:40:516</time></pt><pt><x>335</x><y>298</y><time>25-01-21 21:25:40:774</time></pt><pt><x>343</x><y>296</y><time>25-01-21 21:25:41:033</time></pt><pt><x>347</x><y>293</y><time>25-01-21 21:25:41:294</time></pt><pt><x>347</x><y>291</y><time>25-01-21 21:25:41:522</time></pt><pt><x>344</x><y>290</y><time>25-01-21 21:25:41:726</time></pt><pt><x>339</x><y>287</y><time>25-01-21 21:25:42:057</time></pt><pt><x>329</x><y>283</y><time>25-01-21 21:25:42:645</time></pt><pt><x>327</x><y>280</y><time>25-01-21 21:25:42:890</time></pt><pt><x>327</x><y>277</y><time>25-01-21 21:25:43:054</time></pt><pt><x>328</x><y>267</y><time>25-01-21 21:25:43:370</time></pt><pt><x>330</x><y>261</y><time>25-01-21 21:25:43:676</time></pt><pt><x>336</x><y>240</y><time>25-01-21 21:25:44:855</time></pt><pt><x>340</x><y>233</y><time>25-01-21 21:25:45:146</time></pt><pt><x>341</x><y>229</y><time>25-01-21 21:25:45:350</time></pt><pt><x>341</x><y>221</y><time>25-01-21 21:25:45:538</time></pt><pt><x>343</x><y>204</y><time>25-01-21 21:25:48:667</time></pt><pt><x>345</x><y>201</y><time>25-01-21 21:25:50:337</time></pt><pt><x>344</x><y>196</y><time>25-01-21 21:25:50:674</time></pt><pt><x>343</x><y>193</y><time>25-01-21 21:25:50:878</time></pt><pt><x>343</x><y>192</y><time>25-01-21 21:25:51:065</time></pt><pt><x>342</x><y>190</y><time>25-01-21 21:25:51:231</time></pt><pt><x>342</x><y>179</y><time>25-01-21 21:25:53:189</time></pt><pt><x>342</x><y>175</y><time>25-01-21 21:25:53:394</time></pt><pt><x>345</x><y>167</y><time>25-01-21 21:25:53:715</time></pt><pt><x>344</x><y>139</y><time>25-01-21 21:25:55:091</time></pt><pt><x>343</x><y>128</y><time>25-01-21 21:25:56:248</time></pt><pt><x>342</x><y>124</y><time>25-01-21 21:25:56:500</time></pt><pt><x>341</x><y>120</y><time>25-01-21 21:25:56:666</time></pt><pt><x>340</x><y>116</y><time>25-01-21 21:25:56:878</time></pt><pt><x>339</x><y>113</y><time>25-01-21 21:25:57:065</time></pt><pt><x>339</x><y>111</y><time>25-01-21 21:25:57:240</time></pt><pt><x>341</x><y>108</y><time>25-01-21 21:25:57:460</time></pt><pt><x>342</x><y>105</y><time>25-01-21 21:25:57:680</time></pt><pt><x>343</x><y>104</y><time>25-01-21 21:25:57:860</time></pt><pt><x>346</x><y>104</y><time>25-01-21 21:25:58:146</time></pt><pt><x>349</x><y>101</y><time>25-01-21 21:25:58:457</time></pt><pt><x>351</x><y>97</y><time>25-01-21 21:25:58:787</time></pt><pt><x>352</x><y>90</y><time>25-01-21 21:26:00:485</time></pt><pt><x>352</x><y>88</y><time>25-01-21 21:26:00:706</time></pt><pt><x>352</x><y>85</y><time>25-01-21 21:26:01:580</time></pt><pt><x>354</x><y>83</y><time>25-01-21 21:26:01:775</time></pt><pt><x>354</x><y>82</y><time>25-01-21 21:26:01:940</time></pt><closed_date>25-01-21 21:26:02:512</closed_date></polygon></object><object><name>person</name><deleted>0</deleted><verified>0</verified><occluded>no</occluded><attributes></attributes><parts><hasparts></hasparts><ispartof></ispartof></parts><date>25-01-21 21:27:38:130</date><id>1</id><polygon><username>7hao</username><pt><x>441</x><y>32</y><time>25-01-21 21:26:14:074</time></pt><pt><x>441</x><y>29</y><time>25-01-21 21:26:14:286</time></pt><pt><x>441</x><y>27</y><time>25-01-21 21:26:14:452</time></pt><pt><x>444</x><y>24</y><time>25-01-21 21:26:14:624</time></pt><pt><x>447</x><y>13</y><time>25-01-21 21:26:15:616</time></pt><pt><x>445</x><y>7</y><time>25-01-21 21:26:15:992</time></pt><pt><x>443</x><y>4</y><time>25-01-21 21:26:16:213</time></pt><pt><x>441</x><y>0</y><time>25-01-21 21:26:16:575</time></pt><pt><x>416</x><y>0</y><time>25-01-21 21:26:18:398</time></pt><pt><x>410</x><y>3</y><time>25-01-21 21:26:19:224</time></pt><pt><x>408</x><y>6</y><time>25-01-21 21:26:19:412</time></pt><pt><x>408</x><y>9</y><time>25-01-21 21:26:19:570</time></pt><pt><x>408</x><y>11</y><time>25-01-21 21:26:19:712</time></pt><pt><x>409</x><y>14</y><time>25-01-21 21:26:19:884</time></pt><pt><x>409</x><y>19</y><time>25-01-21 21:26:20:104</time></pt><pt><x>408</x><y>22</y><time>25-01-21 21:26:20:278</time></pt><pt><x>406</x><y>25</y><time>25-01-21 21:26:20:458</time></pt><pt><x>406</x><y>29</y><time>25-01-21 21:26:22:613</time></pt><pt><x>405</x><y>31</y><time>25-01-21 21:26:22:786</time></pt><pt><x>406</x><y>33</y><time>25-01-21 21:26:22:928</time></pt><pt><x>407</x><y>35</y><time>25-01-21 21:26:23:059</time></pt><pt><x>408</x><y>38</y><time>25-01-21 21:26:23:202</time></pt><pt><x>409</x><y>40</y><time>25-01-21 21:26:23:352</time></pt><pt><x>410</x><y>43</y><time>25-01-21 21:26:23:502</time></pt><pt><x>414</x><y>43</y><time>25-01-21 21:26:23:674</time></pt><pt><x>419</x><y>44</y><time>25-01-21 21:26:24:014</time></pt><pt><x>419</x><y>45</y><time>25-01-21 21:26:24:201</time></pt><pt><x>418</x><y>47</y><time>25-01-21 21:26:24:334</time></pt><pt><x>416</x><y>50</y><time>25-01-21 21:26:24:476</time></pt><pt><x>415</x><y>52</y><time>25-01-21 21:26:24:618</time></pt><pt><x>415</x><y>56</y><time>25-01-21 21:26:24:760</time></pt><pt><x>415</x><y>59</y><time>25-01-21 21:26:24:909</time></pt><pt><x>414</x><y>62</y><time>25-01-21 21:26:25:066</time></pt><pt><x>413</x><y>65</y><time>25-01-21 21:26:25:231</time></pt><pt><x>411</x><y>68</y><time>25-01-21 21:26:25:388</time></pt><pt><x>407</x><y>87</y><time>25-01-21 21:26:26:598</time></pt><pt><x>407</x><y>100</y><time>25-01-21 21:26:26:906</time></pt><pt><x>406</x><y>110</y><time>25-01-21 21:26:27:158</time></pt><pt><x>405</x><y>118</y><time>25-01-21 21:26:27:480</time></pt><pt><x>402</x><y>135</y><time>25-01-21 21:26:28:605</time></pt><pt><x>401</x><y>144</y><time>25-01-21 21:26:28:800</time></pt><pt><x>401</x><y>149</y><time>25-01-21 21:26:28:966</time></pt><pt><x>402</x><y>152</y><time>25-01-21 21:26:29:114</time></pt><pt><x>404</x><y>157</y><time>25-01-21 21:26:29:280</time></pt><pt><x>404</x><y>162</y><time>25-01-21 21:26:29:492</time></pt><pt><x>404</x><y>166</y><time>25-01-21 21:26:29:648</time></pt><pt><x>405</x><y>170</y><time>25-01-21 21:26:29:806</time></pt><pt><x>407</x><y>180</y><time>25-01-21 21:26:30:262</time></pt><pt><x>408</x><y>186</y><time>25-01-21 21:26:30:642</time></pt><pt><x>407</x><y>200</y><time>25-01-21 21:26:31:999</time></pt><pt><x>407</x><y>204</y><time>25-01-21 21:26:32:166</time></pt><pt><x>407</x><y>209</y><time>25-01-21 21:26:32:314</time></pt><pt><x>407</x><y>215</y><time>25-01-21 21:26:32:472</time></pt><pt><x>409</x><y>221</y><time>25-01-21 21:26:32:629</time></pt><pt><x>411</x><y>226</y><time>25-01-21 21:26:32:772</time></pt><pt><x>410</x><y>232</y><time>25-01-21 21:26:32:974</time></pt><pt><x>410</x><y>240</y><time>25-01-21 21:26:33:227</time></pt><pt><x>407</x><y>258</y><time>25-01-21 21:26:34:298</time></pt><pt><x>407</x><y>264</y><time>25-01-21 21:26:34:469</time></pt><pt><x>407</x><y>272</y><time>25-01-21 21:26:34:611</time></pt><pt><x>405</x><y>285</y><time>25-01-21 21:26:34:964</time></pt><pt><x>403</x><y>289</y><time>25-01-21 21:26:35:201</time></pt><pt><x>400</x><y>292</y><time>25-01-21 21:26:35:381</time></pt><pt><x>398</x><y>294</y><time>25-01-21 21:26:35:530</time></pt><pt><x>394</x><y>297</y><time>25-01-21 21:26:35:734</time></pt><pt><x>388</x><y>303</y><time>25-01-21 21:26:36:214</time></pt><pt><x>382</x><y>305</y><time>25-01-21 21:26:36:458</time></pt><pt><x>377</x><y>308</y><time>25-01-21 21:26:38:856</time></pt><pt><x>371</x><y>309</y><time>25-01-21 21:26:39:280</time></pt><pt><x>369</x><y>311</y><time>25-01-21 21:26:39:493</time></pt><pt><x>370</x><y>314</y><time>25-01-21 21:26:39:651</time></pt><pt><x>372</x><y>317</y><time>25-01-21 21:26:39:831</time></pt><pt><x>379</x><y>318</y><time>25-01-21 21:26:40:059</time></pt><pt><x>388</x><y>318</y><time>25-01-21 21:26:40:302</time></pt><pt><x>405</x><y>318</y><time>25-01-21 21:26:40:759</time></pt><pt><x>412</x><y>317</y><time>25-01-21 21:26:41:112</time></pt><pt><x>419</x><y>317</y><time>25-01-21 21:26:44:680</time></pt><pt><x>421</x><y>316</y><time>25-01-21 21:26:45:107</time></pt><pt><x>422</x><y>314</y><time>25-01-21 21:26:45:373</time></pt><pt><x>422</x><y>309</y><time>25-01-21 21:26:45:578</time></pt><pt><x>422</x><y>305</y><time>25-01-21 21:26:45:820</time></pt><pt><x>420</x><y>300</y><time>25-01-21 21:26:46:018</time></pt><pt><x>419</x><y>298</y><time>25-01-21 21:26:46:198</time></pt><pt><x>418</x><y>293</y><time>25-01-21 21:26:46:418</time></pt><pt><x>419</x><y>284</y><time>25-01-21 21:26:46:719</time></pt><pt><x>422</x><y>275</y><time>25-01-21 21:26:47:133</time></pt><pt><x>432</x><y>251</y><time>25-01-21 21:26:48:511</time></pt><pt><x>432</x><y>242</y><time>25-01-21 21:26:48:966</time></pt><pt><x>432</x><y>232</y><time>25-01-21 21:26:49:439</time></pt><pt><x>433</x><y>230</y><time>25-01-21 21:26:52:126</time></pt><pt><x>436</x><y>233</y><time>25-01-21 21:26:52:590</time></pt><pt><x>439</x><y>236</y><time>25-01-21 21:26:52:794</time></pt><pt><x>441</x><y>240</y><time>25-01-21 21:26:52:998</time></pt><pt><x>445</x><y>247</y><time>25-01-21 21:26:53:307</time></pt><pt><x>451</x><y>255</y><time>25-01-21 21:26:53:612</time></pt><pt><x>454</x><y>262</y><time>25-01-21 21:26:53:950</time></pt><pt><x>457</x><y>266</y><time>25-01-21 21:26:54:179</time></pt><pt><x>462</x><y>272</y><time>25-01-21 21:26:54:712</time></pt><pt><x>465</x><y>277</y><time>25-01-21 21:26:55:042</time></pt><pt><x>467</x><y>279</y><time>25-01-21 21:26:55:256</time></pt><pt><x>468</x><y>285</y><time>25-01-21 21:26:56:394</time></pt><pt><x>468</x><y>290</y><time>25-01-21 21:26:56:585</time></pt><pt><x>466</x><y>292</y><time>25-01-21 21:26:56:724</time></pt><pt><x>462</x><y>295</y><time>25-01-21 21:26:56:890</time></pt><pt><x>457</x><y>300</y><time>25-01-21 21:26:57:442</time></pt><pt><x>454</x><y>301</y><time>25-01-21 21:26:57:771</time></pt><pt><x>451</x><y>302</y><time>25-01-21 21:26:57:969</time></pt><pt><x>449</x><y>303</y><time>25-01-21 21:26:58:132</time></pt><pt><x>447</x><y>304</y><time>25-01-21 21:26:58:258</time></pt><pt><x>446</x><y>306</y><time>25-01-21 21:26:58:402</time></pt><pt><x>447</x><y>309</y><time>25-01-21 21:26:58:555</time></pt><pt><x>450</x><y>310</y><time>25-01-21 21:26:58:706</time></pt><pt><x>455</x><y>310</y><time>25-01-21 21:26:58:887</time></pt><pt><x>462</x><y>310</y><time>25-01-21 21:26:59:113</time></pt><pt><x>471</x><y>308</y><time>25-01-21 21:26:59:541</time></pt><pt><x>474</x><y>307</y><time>25-01-21 21:26:59:807</time></pt><pt><x>497</x><y>301</y><time>25-01-21 21:27:02:085</time></pt><pt><x>497</x><y>298</y><time>25-01-21 21:27:02:315</time></pt><pt><x>494</x><y>291</y><time>25-01-21 21:27:02:660</time></pt><pt><x>492</x><y>288</y><time>25-01-21 21:27:02:834</time></pt><pt><x>486</x><y>282</y><time>25-01-21 21:27:03:463</time></pt><pt><x>483</x><y>279</y><time>25-01-21 21:27:03:689</time></pt><pt><x>478</x><y>272</y><time>25-01-21 21:27:03:972</time></pt><pt><x>472</x><y>257</y><time>25-01-21 21:27:04:553</time></pt><pt><x>466</x><y>241</y><time>25-01-21 21:27:05:885</time></pt><pt><x>462</x><y>232</y><time>25-01-21 21:27:06:158</time></pt><pt><x>459</x><y>228</y><time>25-01-21 21:27:06:387</time></pt><pt><x>456</x><y>225</y><time>25-01-21 21:27:06:583</time></pt><pt><x>454</x><y>223</y><time>25-01-21 21:27:06:913</time></pt><pt><x>450</x><y>217</y><time>25-01-21 21:27:14:665</time></pt><pt><x>449</x><y>214</y><time>25-01-21 21:27:14:869</time></pt><pt><x>449</x><y>211</y><time>25-01-21 21:27:15:041</time></pt><pt><x>448</x><y>207</y><time>25-01-21 21:27:15:859</time></pt><pt><x>450</x><y>207</y><time>25-01-21 21:27:16:221</time></pt><pt><x>451</x><y>207</y><time>25-01-21 21:27:16:584</time></pt><pt><x>451</x><y>203</y><time>25-01-21 21:27:16:779</time></pt><pt><x>450</x><y>201</y><time>25-01-21 21:27:16:929</time></pt><pt><x>448</x><y>192</y><time>25-01-21 21:27:17:246</time></pt><pt><x>448</x><y>185</y><time>25-01-21 21:27:17:464</time></pt><pt><x>450</x><y>176</y><time>25-01-21 21:27:17:896</time></pt><pt><x>454</x><y>166</y><time>25-01-21 21:27:18:620</time></pt><pt><x>456</x><y>160</y><time>25-01-21 21:27:18:949</time></pt><pt><x>458</x><y>154</y><time>25-01-21 21:27:19:304</time></pt><pt><x>459</x><y>147</y><time>25-01-21 21:27:19:689</time></pt><pt><x>459</x><y>141</y><time>25-01-21 21:27:20:167</time></pt><pt><x>458</x><y>137</y><time>25-01-21 21:27:20:671</time></pt><pt><x>458</x><y>134</y><time>25-01-21 21:27:25:616</time></pt><pt><x>460</x><y>133</y><time>25-01-21 21:27:25:805</time></pt><pt><x>462</x><y>132</y><time>25-01-21 21:27:25:985</time></pt><pt><x>463</x><y>130</y><time>25-01-21 21:27:26:152</time></pt><pt><x>463</x><y>127</y><time>25-01-21 21:27:26:316</time></pt><pt><x>463</x><y>117</y><time>25-01-21 21:27:26:646</time></pt><pt><x>463</x><y>106</y><time>25-01-21 21:27:27:748</time></pt><pt><x>464</x><y>93</y><time>25-01-21 21:27:28:917</time></pt><pt><x>465</x><y>71</y><time>25-01-21 21:27:29:877</time></pt><pt><x>467</x><y>63</y><time>25-01-21 21:27:30:215</time></pt><pt><x>467</x><y>59</y><time>25-01-21 21:27:30:395</time></pt><pt><x>464</x><y>52</y><time>25-01-21 21:27:30:681</time></pt><pt><x>457</x><y>44</y><time>25-01-21 21:27:31:181</time></pt><pt><x>454</x><y>42</y><time>25-01-21 21:27:32:636</time></pt><pt><x>452</x><y>39</y><time>25-01-21 21:27:32:903</time></pt><pt><x>455</x><y>39</y><time>25-01-21 21:27:33:186</time></pt><pt><x>457</x><y>40</y><time>25-01-21 21:27:33:353</time></pt><pt><x>458</x><y>40</y><time>25-01-21 21:27:33:665</time></pt><pt><x>459</x><y>38</y><time>25-01-21 21:27:33:979</time></pt><pt><x>457</x><y>36</y><time>25-01-21 21:27:34:186</time></pt><pt><x>454</x><y>34</y><time>25-01-21 21:27:34:444</time></pt><pt><x>450</x><y>33</y><time>25-01-21 21:27:34:774</time></pt><pt><x>445</x><y>32</y><time>25-01-21 21:27:35:104</time></pt><pt><x>443</x><y>32</y><time>25-01-21 21:27:35:450</time></pt><closed_date>25-01-21 21:27:35:764</closed_date></polygon></object></annotation>