<annotation><filename>frame0035.jpg</filename><folder>users/lab605//7hao/human_20210119_4</folder><source><submittedBy>lab605</submittedBy></source><imagesize><nrows>480</nrows><ncols>640</ncols></imagesize><object><name>person</name><deleted>0</deleted><verified>0</verified><occluded>no</occluded><attributes></attributes><parts><hasparts></hasparts><ispartof></ispartof></parts><date>25-01-21 16:57:32:893</date><id>0</id><polygon><username>7hao</username><pt><x>386</x><y>1</y><time>25-01-21 16:56:27:300</time></pt><pt><x>383</x><y>4</y><time>25-01-21 16:56:27:729</time></pt><pt><x>382</x><y>11</y><time>25-01-21 16:56:28:030</time></pt><pt><x>382</x><y>20</y><time>25-01-21 16:56:28:446</time></pt><pt><x>385</x><y>27</y><time>25-01-21 16:56:28:801</time></pt><pt><x>387</x><y>31</y><time>25-01-21 16:56:29:259</time></pt><pt><x>384</x><y>34</y><time>25-01-21 16:56:29:674</time></pt><pt><x>376</x><y>41</y><time>25-01-21 16:56:30:051</time></pt><pt><x>372</x><y>52</y><time>25-01-21 16:56:30:570</time></pt><pt><x>371</x><y>60</y><time>25-01-21 16:56:30:917</time></pt><pt><x>373</x><y>66</y><time>25-01-21 16:56:31:264</time></pt><pt><x>375</x><y>69</y><time>25-01-21 16:56:31:638</time></pt><pt><x>374</x><y>73</y><time>25-01-21 16:56:31:994</time></pt><pt><x>372</x><y>78</y><time>25-01-21 16:56:33:126</time></pt><pt><x>372</x><y>106</y><time>25-01-21 16:56:36:202</time></pt><pt><x>373</x><y>125</y><time>25-01-21 16:56:36:689</time></pt><pt><x>370</x><y>132</y><time>25-01-21 16:56:37:052</time></pt><pt><x>370</x><y>139</y><time>25-01-21 16:56:37:308</time></pt><pt><x>372</x><y>145</y><time>25-01-21 16:56:37:560</time></pt><pt><x>373</x><y>150</y><time>25-01-21 16:56:37:846</time></pt><pt><x>372</x><y>155</y><time>25-01-21 16:56:38:107</time></pt><pt><x>370</x><y>161</y><time>25-01-21 16:56:39:370</time></pt><pt><x>371</x><y>165</y><time>25-01-21 16:56:39:582</time></pt><pt><x>374</x><y>169</y><time>25-01-21 16:56:39:906</time></pt><pt><x>375</x><y>175</y><time>25-01-21 16:56:40:142</time></pt><pt><x>375</x><y>179</y><time>25-01-21 16:56:40:330</time></pt><pt><x>377</x><y>185</y><time>25-01-21 16:56:40:543</time></pt><pt><x>378</x><y>187</y><time>25-01-21 16:56:40:748</time></pt><pt><x>382</x><y>192</y><time>25-01-21 16:56:41:079</time></pt><pt><x>384</x><y>196</y><time>25-01-21 16:56:41:242</time></pt><pt><x>388</x><y>208</y><time>25-01-21 16:56:42:248</time></pt><pt><x>387</x><y>218</y><time>25-01-21 16:56:42:420</time></pt><pt><x>386</x><y>222</y><time>25-01-21 16:56:42:586</time></pt><pt><x>382</x><y>226</y><time>25-01-21 16:56:42:855</time></pt><pt><x>378</x><y>229</y><time>25-01-21 16:56:43:010</time></pt><pt><x>375</x><y>235</y><time>25-01-21 16:56:43:195</time></pt><pt><x>373</x><y>239</y><time>25-01-21 16:56:43:390</time></pt><pt><x>365</x><y>245</y><time>25-01-21 16:56:43:670</time></pt><pt><x>353</x><y>258</y><time>25-01-21 16:56:44:126</time></pt><pt><x>347</x><y>265</y><time>25-01-21 16:56:44:397</time></pt><pt><x>343</x><y>271</y><time>25-01-21 16:56:45:716</time></pt><pt><x>336</x><y>278</y><time>25-01-21 16:56:45:882</time></pt><pt><x>333</x><y>283</y><time>25-01-21 16:56:46:166</time></pt><pt><x>331</x><y>287</y><time>25-01-21 16:56:46:393</time></pt><pt><x>331</x><y>294</y><time>25-01-21 16:56:46:658</time></pt><pt><x>334</x><y>305</y><time>25-01-21 16:56:47:038</time></pt><pt><x>341</x><y>317</y><time>25-01-21 16:56:47:320</time></pt><pt><x>348</x><y>322</y><time>25-01-21 16:56:47:674</time></pt><pt><x>356</x><y>325</y><time>25-01-21 16:56:47:980</time></pt><pt><x>359</x><y>326</y><time>25-01-21 16:56:48:254</time></pt><pt><x>360</x><y>323</y><time>25-01-21 16:56:48:498</time></pt><pt><x>359</x><y>319</y><time>25-01-21 16:56:48:726</time></pt><pt><x>357</x><y>313</y><time>25-01-21 16:56:48:978</time></pt><pt><x>357</x><y>309</y><time>25-01-21 16:56:49:205</time></pt><pt><x>359</x><y>305</y><time>25-01-21 16:56:49:562</time></pt><pt><x>367</x><y>296</y><time>25-01-21 16:56:49:970</time></pt><pt><x>375</x><y>285</y><time>25-01-21 16:56:50:511</time></pt><pt><x>379</x><y>278</y><time>25-01-21 16:56:51:079</time></pt><pt><x>397</x><y>258</y><time>25-01-21 16:56:52:344</time></pt><pt><x>399</x><y>254</y><time>25-01-21 16:56:54:097</time></pt><pt><x>400</x><y>263</y><time>25-01-21 16:56:54:396</time></pt><pt><x>400</x><y>275</y><time>25-01-21 16:56:54:774</time></pt><pt><x>402</x><y>283</y><time>25-01-21 16:56:54:978</time></pt><pt><x>403</x><y>288</y><time>25-01-21 16:56:58:006</time></pt><pt><x>402</x><y>293</y><time>25-01-21 16:56:58:172</time></pt><pt><x>403</x><y>296</y><time>25-01-21 16:56:58:343</time></pt><pt><x>404</x><y>300</y><time>25-01-21 16:56:58:503</time></pt><pt><x>403</x><y>306</y><time>25-01-21 16:56:58:666</time></pt><pt><x>401</x><y>313</y><time>25-01-21 16:56:58:840</time></pt><pt><x>400</x><y>318</y><time>25-01-21 16:56:59:052</time></pt><pt><x>406</x><y>324</y><time>25-01-21 16:56:59:280</time></pt><pt><x>421</x><y>322</y><time>25-01-21 16:56:59:571</time></pt><pt><x>443</x><y>321</y><time>25-01-21 16:56:59:908</time></pt><pt><x>451</x><y>319</y><time>25-01-21 16:57:00:201</time></pt><pt><x>451</x><y>313</y><time>25-01-21 16:57:00:453</time></pt><pt><x>444</x><y>309</y><time>25-01-21 16:57:00:671</time></pt><pt><x>438</x><y>309</y><time>25-01-21 16:57:00:902</time></pt><pt><x>434</x><y>303</y><time>25-01-21 16:57:01:130</time></pt><pt><x>434</x><y>296</y><time>25-01-21 16:57:01:372</time></pt><pt><x>434</x><y>293</y><time>25-01-21 16:57:01:569</time></pt><pt><x>430</x><y>286</y><time>25-01-21 16:57:01:829</time></pt><pt><x>428</x><y>281</y><time>25-01-21 16:57:02:024</time></pt><pt><x>429</x><y>275</y><time>25-01-21 16:57:02:244</time></pt><pt><x>432</x><y>247</y><time>25-01-21 16:57:03:472</time></pt><pt><x>433</x><y>234</y><time>25-01-21 16:57:03:921</time></pt><pt><x>432</x><y>226</y><time>25-01-21 16:57:04:257</time></pt><pt><x>433</x><y>212</y><time>25-01-21 16:57:05:422</time></pt><pt><x>434</x><y>202</y><time>25-01-21 16:57:05:720</time></pt><pt><x>432</x><y>180</y><time>25-01-21 16:57:06:726</time></pt><pt><x>429</x><y>173</y><time>25-01-21 16:57:06:962</time></pt><pt><x>426</x><y>169</y><time>25-01-21 16:57:07:183</time></pt><pt><x>425</x><y>159</y><time>25-01-21 16:57:07:615</time></pt><pt><x>428</x><y>152</y><time>25-01-21 16:57:07:884</time></pt><pt><x>430</x><y>148</y><time>25-01-21 16:57:08:112</time></pt><pt><x>432</x><y>143</y><time>25-01-21 16:57:08:672</time></pt><pt><x>433</x><y>141</y><time>25-01-21 16:57:08:851</time></pt><pt><x>437</x><y>142</y><time>25-01-21 16:57:09:062</time></pt><pt><x>437</x><y>145</y><time>25-01-21 16:57:09:254</time></pt><pt><x>440</x><y>146</y><time>25-01-21 16:57:09:480</time></pt><pt><x>443</x><y>149</y><time>25-01-21 16:57:09:661</time></pt><pt><x>444</x><y>152</y><time>25-01-21 16:57:09:856</time></pt><pt><x>443</x><y>156</y><time>25-01-21 16:57:10:084</time></pt><pt><x>440</x><y>156</y><time>25-01-21 16:57:10:292</time></pt><pt><x>442</x><y>159</y><time>25-01-21 16:57:10:494</time></pt><pt><x>449</x><y>161</y><time>25-01-21 16:57:10:731</time></pt><pt><x>454</x><y>163</y><time>25-01-21 16:57:11:146</time></pt><pt><x>458</x><y>160</y><time>25-01-21 16:57:11:358</time></pt><pt><x>459</x><y>155</y><time>25-01-21 16:57:11:558</time></pt><pt><x>459</x><y>150</y><time>25-01-21 16:57:11:846</time></pt><pt><x>457</x><y>145</y><time>25-01-21 16:57:12:067</time></pt><pt><x>452</x><y>141</y><time>25-01-21 16:57:12:280</time></pt><pt><x>445</x><y>129</y><time>25-01-21 16:57:13:427</time></pt><pt><x>439</x><y>122</y><time>25-01-21 16:57:13:656</time></pt><pt><x>432</x><y>110</y><time>25-01-21 16:57:14:081</time></pt><pt><x>428</x><y>105</y><time>25-01-21 16:57:14:419</time></pt><pt><x>426</x><y>87</y><time>25-01-21 16:57:15:457</time></pt><pt><x>423</x><y>82</y><time>25-01-21 16:57:15:702</time></pt><pt><x>421</x><y>77</y><time>25-01-21 16:57:15:912</time></pt><pt><x>420</x><y>72</y><time>25-01-21 16:57:16:084</time></pt><pt><x>419</x><y>61</y><time>25-01-21 16:57:17:665</time></pt><pt><x>418</x><y>54</y><time>25-01-21 16:57:17:886</time></pt><pt><x>415</x><y>49</y><time>25-01-21 16:57:18:108</time></pt><pt><x>413</x><y>46</y><time>25-01-21 16:57:18:390</time></pt><pt><x>414</x><y>43</y><time>25-01-21 16:57:18:616</time></pt><pt><x>418</x><y>42</y><time>25-01-21 16:57:18:830</time></pt><pt><x>422</x><y>39</y><time>25-01-21 16:57:19:160</time></pt><pt><x>424</x><y>32</y><time>25-01-21 16:57:20:544</time></pt><pt><x>424</x><y>28</y><time>25-01-21 16:57:20:756</time></pt><pt><x>423</x><y>23</y><time>25-01-21 16:57:20:952</time></pt><pt><x>423</x><y>18</y><time>25-01-21 16:57:21:482</time></pt><pt><x>423</x><y>15</y><time>25-01-21 16:57:21:676</time></pt><pt><x>422</x><y>11</y><time>25-01-21 16:57:21:913</time></pt><pt><x>417</x><y>6</y><time>25-01-21 16:57:22:244</time></pt><pt><x>414</x><y>3</y><time>25-01-21 16:57:22:620</time></pt><pt><x>411</x><y>1</y><time>25-01-21 16:57:23:043</time></pt><pt><x>410</x><y>0</y><time>25-01-21 16:57:23:414</time></pt><pt><x>387</x><y>0</y><time>25-01-21 16:57:24:672</time></pt><closed_date>25-01-21 16:57:25:652</closed_date></polygon></object><object><name>person</name><deleted>0</deleted><verified>0</verified><occluded>no</occluded><attributes></attributes><parts><hasparts></hasparts><ispartof></ispartof></parts><date>25-01-21 16:58:11:478</date><id>1</id><polygon><username>7hao</username><pt><x>433</x><y>257</y><time>25-01-21 16:57:42:026</time></pt><pt><x>437</x><y>260</y><time>25-01-21 16:57:42:620</time></pt><pt><x>439</x><y>261</y><time>25-01-21 16:57:42:912</time></pt><pt><x>441</x><y>266</y><time>25-01-21 16:57:43:108</time></pt><pt><x>444</x><y>269</y><time>25-01-21 16:57:53:166</time></pt><pt><x>444</x><y>273</y><time>25-01-21 16:57:53:432</time></pt><pt><x>444</x><y>276</y><time>25-01-21 16:57:53:606</time></pt><pt><x>443</x><y>279</y><time>25-01-21 16:57:53:859</time></pt><pt><x>442</x><y>282</y><time>25-01-21 16:57:54:078</time></pt><pt><x>445</x><y>283</y><time>25-01-21 16:57:54:338</time></pt><pt><x>451</x><y>281</y><time>25-01-21 16:57:54:662</time></pt><pt><x>455</x><y>277</y><time>25-01-21 16:57:54:849</time></pt><pt><x>458</x><y>270</y><time>25-01-21 16:57:55:235</time></pt><pt><x>461</x><y>264</y><time>25-01-21 16:57:55:580</time></pt><pt><x>461</x><y>260</y><time>25-01-21 16:57:55:846</time></pt><pt><x>459</x><y>258</y><time>25-01-21 16:57:56:060</time></pt><pt><x>454</x><y>257</y><time>25-01-21 16:57:56:297</time></pt><pt><x>447</x><y>254</y><time>25-01-21 16:57:57:522</time></pt><pt><x>446</x><y>251</y><time>25-01-21 16:57:57:733</time></pt><pt><x>443</x><y>245</y><time>25-01-21 16:57:58:032</time></pt><pt><x>440</x><y>240</y><time>25-01-21 16:57:58:410</time></pt><pt><x>438</x><y>236</y><time>25-01-21 16:57:58:607</time></pt><pt><x>435</x><y>233</y><time>25-01-21 16:57:59:017</time></pt><pt><x>434</x><y>233</y><time>25-01-21 16:57:59:440</time></pt><pt><x>434</x><y>235</y><time>25-01-21 16:58:02:985</time></pt><pt><x>432</x><y>256</y><time>25-01-21 16:58:05:024</time></pt><closed_date>25-01-21 16:58:05:676</closed_date></polygon></object><object><name>person</name><deleted>0</deleted><verified>0</verified><occluded>no</occluded><attributes></attributes><parts><hasparts></hasparts><ispartof></ispartof></parts><date>25-01-21 16:58:34:861</date><id>2</id><polygon><username>7hao</username><pt><x>397</x><y>269</y><time>25-01-21 16:58:16:914</time></pt><pt><x>395</x><y>275</y><time>25-01-21 16:58:17:719</time></pt><pt><x>391</x><y>278</y><time>25-01-21 16:58:18:215</time></pt><pt><x>385</x><y>280</y><time>25-01-21 16:58:18:647</time></pt><pt><x>379</x><y>281</y><time>25-01-21 16:58:19:002</time></pt><pt><x>378</x><y>284</y><time>25-01-21 16:58:19:569</time></pt><pt><x>379</x><y>286</y><time>25-01-21 16:58:19:898</time></pt><pt><x>382</x><y>287</y><time>25-01-21 16:58:20:198</time></pt><pt><x>389</x><y>287</y><time>25-01-21 16:58:20:498</time></pt><pt><x>394</x><y>287</y><time>25-01-21 16:58:20:913</time></pt><pt><x>399</x><y>288</y><time>25-01-21 16:58:21:202</time></pt><pt><x>401</x><y>288</y><time>25-01-21 16:58:21:926</time></pt><pt><x>402</x><y>286</y><time>25-01-21 16:58:23:171</time></pt><pt><x>401</x><y>283</y><time>25-01-21 16:58:24:041</time></pt><pt><x>400</x><y>278</y><time>25-01-21 16:58:25:867</time></pt><pt><x>399</x><y>276</y><time>25-01-21 16:58:26:512</time></pt><pt><x>399</x><y>273</y><time>25-01-21 16:58:27:119</time></pt><pt><x>399</x><y>270</y><time>25-01-21 16:58:27:777</time></pt><pt><x>399</x><y>267</y><time>25-01-21 16:58:28:511</time></pt><pt><x>399</x><y>264</y><time>25-01-21 16:58:30:074</time></pt><pt><x>398</x><y>267</y><time>25-01-21 16:58:30:749</time></pt><closed_date>25-01-21 16:58:31:718</closed_date></polygon></object><object><name>person</name><deleted>0</deleted><verified>0</verified><occluded>no</occluded><attributes></attributes><parts><hasparts></hasparts><ispartof></ispartof></parts><date>25-01-21 16:59:48:469</date><id>3</id><polygon><username>7hao</username><pt><x>601</x><y>63</y><time>25-01-21 16:58:41:909</time></pt><pt><x>595</x><y>59</y><time>25-01-21 16:58:42:413</time></pt><pt><x>589</x><y>58</y><time>25-01-21 16:58:42:743</time></pt><pt><x>582</x><y>60</y><time>25-01-21 16:58:43:068</time></pt><pt><x>577</x><y>63</y><time>25-01-21 16:58:43:398</time></pt><pt><x>575</x><y>64</y><time>25-01-21 16:58:49:595</time></pt><pt><x>574</x><y>67</y><time>25-01-21 16:58:49:802</time></pt><pt><x>574</x><y>72</y><time>25-01-21 16:58:50:131</time></pt><pt><x>574</x><y>78</y><time>25-01-21 16:58:50:468</time></pt><pt><x>573</x><y>82</y><time>25-01-21 16:58:50:658</time></pt><pt><x>575</x><y>85</y><time>25-01-21 16:58:50:899</time></pt><pt><x>577</x><y>88</y><time>25-01-21 16:58:51:120</time></pt><pt><x>575</x><y>91</y><time>25-01-21 16:58:51:538</time></pt><pt><x>572</x><y>93</y><time>25-01-21 16:58:51:752</time></pt><pt><x>571</x><y>96</y><time>25-01-21 16:58:53:086</time></pt><pt><x>569</x><y>99</y><time>25-01-21 16:58:53:332</time></pt><pt><x>566</x><y>100</y><time>25-01-21 16:58:53:566</time></pt><pt><x>561</x><y>102</y><time>25-01-21 16:58:53:788</time></pt><pt><x>555</x><y>119</y><time>25-01-21 16:58:54:878</time></pt><pt><x>552</x><y>129</y><time>25-01-21 16:58:56:011</time></pt><pt><x>551</x><y>137</y><time>25-01-21 16:58:56:192</time></pt><pt><x>551</x><y>149</y><time>25-01-21 16:58:56:507</time></pt><pt><x>550</x><y>163</y><time>25-01-21 16:58:56:948</time></pt><pt><x>552</x><y>171</y><time>25-01-21 16:58:57:342</time></pt><pt><x>554</x><y>177</y><time>25-01-21 16:58:59:709</time></pt><pt><x>556</x><y>182</y><time>25-01-21 16:59:00:565</time></pt><pt><x>557</x><y>187</y><time>25-01-21 16:59:00:850</time></pt><pt><x>557</x><y>193</y><time>25-01-21 16:59:01:195</time></pt><pt><x>556</x><y>200</y><time>25-01-21 16:59:01:446</time></pt><pt><x>556</x><y>208</y><time>25-01-21 16:59:02:847</time></pt><pt><x>556</x><y>216</y><time>25-01-21 16:59:03:153</time></pt><pt><x>555</x><y>227</y><time>25-01-21 16:59:03:642</time></pt><pt><x>554</x><y>230</y><time>25-01-21 16:59:03:948</time></pt><pt><x>552</x><y>237</y><time>25-01-21 16:59:04:222</time></pt><pt><x>552</x><y>247</y><time>25-01-21 16:59:04:584</time></pt><pt><x>553</x><y>256</y><time>25-01-21 16:59:04:955</time></pt><pt><x>552</x><y>264</y><time>25-01-21 16:59:05:418</time></pt><pt><x>550</x><y>268</y><time>25-01-21 16:59:06:597</time></pt><pt><x>544</x><y>270</y><time>25-01-21 16:59:06:882</time></pt><pt><x>540</x><y>271</y><time>25-01-21 16:59:09:285</time></pt><pt><x>539</x><y>274</y><time>25-01-21 16:59:12:843</time></pt><pt><x>538</x><y>276</y><time>25-01-21 16:59:14:194</time></pt><pt><x>533</x><y>277</y><time>25-01-21 16:59:14:375</time></pt><pt><x>530</x><y>277</y><time>25-01-21 16:59:14:613</time></pt><pt><x>529</x><y>278</y><time>25-01-21 16:59:14:785</time></pt><pt><x>529</x><y>281</y><time>25-01-21 16:59:14:973</time></pt><pt><x>532</x><y>285</y><time>25-01-21 16:59:15:208</time></pt><pt><x>537</x><y>286</y><time>25-01-21 16:59:15:543</time></pt><pt><x>542</x><y>286</y><time>25-01-21 16:59:15:760</time></pt><pt><x>547</x><y>286</y><time>25-01-21 16:59:15:979</time></pt><pt><x>556</x><y>287</y><time>25-01-21 16:59:16:310</time></pt><pt><x>562</x><y>287</y><time>25-01-21 16:59:16:657</time></pt><pt><x>563</x><y>282</y><time>25-01-21 16:59:16:910</time></pt><pt><x>563</x><y>279</y><time>25-01-21 16:59:17:072</time></pt><pt><x>563</x><y>275</y><time>25-01-21 16:59:17:261</time></pt><pt><x>562</x><y>273</y><time>25-01-21 16:59:17:443</time></pt><pt><x>562</x><y>268</y><time>25-01-21 16:59:17:624</time></pt><pt><x>563</x><y>261</y><time>25-01-21 16:59:17:971</time></pt><pt><x>565</x><y>255</y><time>25-01-21 16:59:18:231</time></pt><pt><x>569</x><y>244</y><time>25-01-21 16:59:19:407</time></pt><pt><x>570</x><y>240</y><time>25-01-21 16:59:19:644</time></pt><pt><x>571</x><y>236</y><time>25-01-21 16:59:19:827</time></pt><pt><x>570</x><y>230</y><time>25-01-21 16:59:20:008</time></pt><pt><x>570</x><y>226</y><time>25-01-21 16:59:20:203</time></pt><pt><x>572</x><y>220</y><time>25-01-21 16:59:20:445</time></pt><pt><x>574</x><y>215</y><time>25-01-21 16:59:20:674</time></pt><pt><x>576</x><y>211</y><time>25-01-21 16:59:21:319</time></pt><pt><x>578</x><y>209</y><time>25-01-21 16:59:21:475</time></pt><pt><x>580</x><y>208</y><time>25-01-21 16:59:21:705</time></pt><pt><x>581</x><y>207</y><time>25-01-21 16:59:21:917</time></pt><pt><x>581</x><y>201</y><time>25-01-21 16:59:23:042</time></pt><pt><x>583</x><y>196</y><time>25-01-21 16:59:23:230</time></pt><pt><x>584</x><y>194</y><time>25-01-21 16:59:23:522</time></pt><pt><x>587</x><y>195</y><time>25-01-21 16:59:23:775</time></pt><pt><x>589</x><y>197</y><time>25-01-21 16:59:24:016</time></pt><pt><x>590</x><y>200</y><time>25-01-21 16:59:24:166</time></pt><pt><x>591</x><y>204</y><time>25-01-21 16:59:24:426</time></pt><pt><x>593</x><y>209</y><time>25-01-21 16:59:25:165</time></pt><pt><x>593</x><y>212</y><time>25-01-21 16:59:25:354</time></pt><pt><x>594</x><y>218</y><time>25-01-21 16:59:25:621</time></pt><pt><x>596</x><y>222</y><time>25-01-21 16:59:25:936</time></pt><pt><x>597</x><y>225</y><time>25-01-21 16:59:26:140</time></pt><pt><x>599</x><y>229</y><time>25-01-21 16:59:27:455</time></pt><pt><x>600</x><y>232</y><time>25-01-21 16:59:27:594</time></pt><pt><x>602</x><y>240</y><time>25-01-21 16:59:27:798</time></pt><pt><x>602</x><y>245</y><time>25-01-21 16:59:27:988</time></pt><pt><x>604</x><y>252</y><time>25-01-21 16:59:28:232</time></pt><pt><x>606</x><y>256</y><time>25-01-21 16:59:28:444</time></pt><pt><x>607</x><y>260</y><time>25-01-21 16:59:28:656</time></pt><pt><x>607</x><y>265</y><time>25-01-21 16:59:28:832</time></pt><pt><x>607</x><y>269</y><time>25-01-21 16:59:29:018</time></pt><pt><x>606</x><y>274</y><time>25-01-21 16:59:30:158</time></pt><pt><x>606</x><y>278</y><time>25-01-21 16:59:30:325</time></pt><pt><x>607</x><y>280</y><time>25-01-21 16:59:30:474</time></pt><pt><x>610</x><y>283</y><time>25-01-21 16:59:30:663</time></pt><pt><x>612</x><y>284</y><time>25-01-21 16:59:30:843</time></pt><pt><x>614</x><y>285</y><time>25-01-21 16:59:31:022</time></pt><pt><x>618</x><y>285</y><time>25-01-21 16:59:31:205</time></pt><pt><x>624</x><y>285</y><time>25-01-21 16:59:31:487</time></pt><pt><x>626</x><y>284</y><time>25-01-21 16:59:31:733</time></pt><pt><x>626</x><y>281</y><time>25-01-21 16:59:31:897</time></pt><pt><x>624</x><y>278</y><time>25-01-21 16:59:32:077</time></pt><pt><x>621</x><y>276</y><time>25-01-21 16:59:32:399</time></pt><pt><x>618</x><y>272</y><time>25-01-21 16:59:32:603</time></pt><pt><x>616</x><y>268</y><time>25-01-21 16:59:32:792</time></pt><pt><x>615</x><y>264</y><time>25-01-21 16:59:32:988</time></pt><pt><x>618</x><y>247</y><time>25-01-21 16:59:34:106</time></pt><pt><x>618</x><y>241</y><time>25-01-21 16:59:34:320</time></pt><pt><x>616</x><y>233</y><time>25-01-21 16:59:34:492</time></pt><pt><x>614</x><y>227</y><time>25-01-21 16:59:34:686</time></pt><pt><x>612</x><y>221</y><time>25-01-21 16:59:34:909</time></pt><pt><x>612</x><y>216</y><time>25-01-21 16:59:35:159</time></pt><pt><x>612</x><y>211</y><time>25-01-21 16:59:35:498</time></pt><pt><x>614</x><y>209</y><time>25-01-21 16:59:35:680</time></pt><pt><x>615</x><y>208</y><time>25-01-21 16:59:35:866</time></pt><pt><x>615</x><y>205</y><time>25-01-21 16:59:36:095</time></pt><pt><x>614</x><y>203</y><time>25-01-21 16:59:36:268</time></pt><pt><x>615</x><y>190</y><time>25-01-21 16:59:37:495</time></pt><pt><x>616</x><y>186</y><time>25-01-21 16:59:37:660</time></pt><pt><x>616</x><y>180</y><time>25-01-21 16:59:37:897</time></pt><pt><x>617</x><y>176</y><time>25-01-21 16:59:38:100</time></pt><pt><x>617</x><y>173</y><time>25-01-21 16:59:38:257</time></pt><pt><x>619</x><y>171</y><time>25-01-21 16:59:38:445</time></pt><pt><x>621</x><y>169</y><time>25-01-21 16:59:38:645</time></pt><pt><x>627</x><y>150</y><time>25-01-21 16:59:39:783</time></pt><pt><x>628</x><y>142</y><time>25-01-21 16:59:40:002</time></pt><pt><x>628</x><y>133</y><time>25-01-21 16:59:40:208</time></pt><pt><x>627</x><y>118</y><time>25-01-21 16:59:40:885</time></pt><pt><x>624</x><y>108</y><time>25-01-21 16:59:41:158</time></pt><pt><x>621</x><y>100</y><time>25-01-21 16:59:41:630</time></pt><pt><x>614</x><y>96</y><time>25-01-21 16:59:41:869</time></pt><pt><x>611</x><y>95</y><time>25-01-21 16:59:42:077</time></pt><pt><x>610</x><y>94</y><time>25-01-21 16:59:43:314</time></pt><pt><x>607</x><y>91</y><time>25-01-21 16:59:43:486</time></pt><pt><x>604</x><y>89</y><time>25-01-21 16:59:43:674</time></pt><pt><x>601</x><y>89</y><time>25-01-21 16:59:43:857</time></pt><pt><x>599</x><y>88</y><time>25-01-21 16:59:44:085</time></pt><pt><x>597</x><y>85</y><time>25-01-21 16:59:44:305</time></pt><pt><x>600</x><y>82</y><time>25-01-21 16:59:44:484</time></pt><pt><x>602</x><y>80</y><time>25-01-21 16:59:44:675</time></pt><pt><x>602</x><y>77</y><time>25-01-21 16:59:44:870</time></pt><pt><x>602</x><y>74</y><time>25-01-21 16:59:45:091</time></pt><pt><x>602</x><y>72</y><time>25-01-21 16:59:45:295</time></pt><pt><x>603</x><y>69</y><time>25-01-21 16:59:45:469</time></pt><pt><x>603</x><y>67</y><time>25-01-21 16:59:45:705</time></pt><pt><x>602</x><y>65</y><time>25-01-21 16:59:45:933</time></pt><closed_date>25-01-21 16:59:46:239</closed_date></polygon></object></annotation>