<annotation><filename>frame0030.jpg</filename><folder>users/lab605//7hao/human_20210119_4</folder><source><submittedBy>lab605</submittedBy></source><imagesize><nrows>480</nrows><ncols>640</ncols></imagesize><object><name>person</name><deleted>0</deleted><verified>0</verified><occluded>no</occluded><attributes></attributes><parts><hasparts></hasparts><ispartof></ispartof></parts><date>25-01-21 20:25:50:609</date><id>0</id><polygon><username>7hao</username><pt><x>345</x><y>20</y><time>25-01-21 20:25:01:829</time></pt><pt><x>341</x><y>16</y><time>25-01-21 20:25:02:563</time></pt><pt><x>333</x><y>12</y><time>25-01-21 20:25:03:027</time></pt><pt><x>323</x><y>12</y><time>25-01-21 20:25:03:751</time></pt><pt><x>316</x><y>17</y><time>25-01-21 20:25:04:293</time></pt><pt><x>313</x><y>23</y><time>25-01-21 20:25:04:679</time></pt><pt><x>312</x><y>30</y><time>25-01-21 20:25:05:071</time></pt><pt><x>314</x><y>37</y><time>25-01-21 20:25:05:363</time></pt><pt><x>315</x><y>42</y><time>25-01-21 20:25:05:733</time></pt><pt><x>317</x><y>48</y><time>25-01-21 20:25:06:047</time></pt><pt><x>316</x><y>51</y><time>25-01-21 20:25:06:353</time></pt><pt><x>311</x><y>53</y><time>25-01-21 20:25:06:699</time></pt><pt><x>307</x><y>56</y><time>25-01-21 20:25:07:061</time></pt><pt><x>305</x><y>59</y><time>25-01-21 20:25:07:414</time></pt><pt><x>304</x><y>63</y><time>25-01-21 20:25:07:785</time></pt><pt><x>300</x><y>68</y><time>25-01-21 20:25:08:225</time></pt><pt><x>298</x><y>71</y><time>25-01-21 20:25:08:507</time></pt><pt><x>296</x><y>78</y><time>25-01-21 20:25:08:800</time></pt><pt><x>298</x><y>107</y><time>25-01-21 20:25:10:199</time></pt><pt><x>298</x><y>115</y><time>25-01-21 20:25:10:443</time></pt><pt><x>298</x><y>124</y><time>25-01-21 20:25:10:757</time></pt><pt><x>298</x><y>131</y><time>25-01-21 20:25:11:104</time></pt><pt><x>298</x><y>140</y><time>25-01-21 20:25:11:377</time></pt><pt><x>299</x><y>149</y><time>25-01-21 20:25:12:706</time></pt><pt><x>300</x><y>156</y><time>25-01-21 20:25:12:919</time></pt><pt><x>298</x><y>161</y><time>25-01-21 20:25:13:085</time></pt><pt><x>298</x><y>165</y><time>25-01-21 20:25:13:289</time></pt><pt><x>298</x><y>171</y><time>25-01-21 20:25:13:557</time></pt><pt><x>300</x><y>173</y><time>25-01-21 20:25:13:855</time></pt><pt><x>300</x><y>178</y><time>25-01-21 20:25:14:241</time></pt><pt><x>303</x><y>187</y><time>25-01-21 20:25:14:807</time></pt><pt><x>304</x><y>195</y><time>25-01-21 20:25:15:349</time></pt><pt><x>308</x><y>213</y><time>25-01-21 20:25:16:504</time></pt><pt><x>310</x><y>220</y><time>25-01-21 20:25:16:717</time></pt><pt><x>310</x><y>224</y><time>25-01-21 20:25:16:875</time></pt><pt><x>310</x><y>232</y><time>25-01-21 20:25:17:111</time></pt><pt><x>309</x><y>234</y><time>25-01-21 20:25:17:299</time></pt><pt><x>304</x><y>238</y><time>25-01-21 20:25:17:495</time></pt><pt><x>300</x><y>243</y><time>25-01-21 20:25:17:811</time></pt><pt><x>298</x><y>250</y><time>25-01-21 20:25:20:587</time></pt><pt><x>291</x><y>258</y><time>25-01-21 20:25:20:824</time></pt><pt><x>287</x><y>264</y><time>25-01-21 20:25:20:995</time></pt><pt><x>282</x><y>273</y><time>25-01-21 20:25:21:309</time></pt><pt><x>280</x><y>276</y><time>25-01-21 20:25:21:633</time></pt><pt><x>278</x><y>280</y><time>25-01-21 20:25:21:813</time></pt><pt><x>272</x><y>284</y><time>25-01-21 20:25:22:090</time></pt><pt><x>269</x><y>286</y><time>25-01-21 20:25:22:263</time></pt><pt><x>267</x><y>290</y><time>25-01-21 20:25:22:459</time></pt><pt><x>268</x><y>294</y><time>25-01-21 20:25:22:663</time></pt><pt><x>274</x><y>298</y><time>25-01-21 20:25:22:953</time></pt><pt><x>283</x><y>302</y><time>25-01-21 20:25:23:284</time></pt><pt><x>291</x><y>308</y><time>25-01-21 20:25:23:755</time></pt><pt><x>299</x><y>312</y><time>25-01-21 20:25:25:109</time></pt><pt><x>303</x><y>312</y><time>25-01-21 20:25:25:359</time></pt><pt><x>305</x><y>311</y><time>25-01-21 20:25:25:611</time></pt><pt><x>307</x><y>307</y><time>25-01-21 20:25:25:902</time></pt><pt><x>304</x><y>305</y><time>25-01-21 20:25:26:116</time></pt><pt><x>300</x><y>301</y><time>25-01-21 20:25:26:392</time></pt><pt><x>299</x><y>300</y><time>25-01-21 20:25:26:563</time></pt><pt><x>299</x><y>297</y><time>25-01-21 20:25:26:744</time></pt><pt><x>316</x><y>271</y><time>25-01-21 20:25:27:962</time></pt><pt><x>318</x><y>297</y><time>25-01-21 20:25:28:481</time></pt><pt><x>319</x><y>303</y><time>25-01-21 20:25:28:671</time></pt><pt><x>324</x><y>311</y><time>25-01-21 20:25:28:867</time></pt><pt><x>328</x><y>315</y><time>25-01-21 20:25:29:089</time></pt><pt><x>330</x><y>318</y><time>25-01-21 20:25:29:466</time></pt><pt><x>333</x><y>320</y><time>25-01-21 20:25:29:685</time></pt><pt><x>351</x><y>321</y><time>25-01-21 20:25:32:981</time></pt><pt><x>363</x><y>320</y><time>25-01-21 20:25:33:640</time></pt><pt><x>365</x><y>319</y><time>25-01-21 20:25:33:815</time></pt><pt><x>366</x><y>317</y><time>25-01-21 20:25:34:027</time></pt><pt><x>365</x><y>313</y><time>25-01-21 20:25:34:185</time></pt><pt><x>360</x><y>309</y><time>25-01-21 20:25:34:365</time></pt><pt><x>356</x><y>307</y><time>25-01-21 20:25:34:538</time></pt><pt><x>353</x><y>305</y><time>25-01-21 20:25:34:729</time></pt><pt><x>349</x><y>286</y><time>25-01-21 20:25:35:356</time></pt><pt><x>345</x><y>279</y><time>25-01-21 20:25:35:567</time></pt><pt><x>342</x><y>273</y><time>25-01-21 20:25:35:819</time></pt><pt><x>340</x><y>271</y><time>25-01-21 20:25:36:040</time></pt><pt><x>338</x><y>266</y><time>25-01-21 20:25:36:237</time></pt><pt><x>339</x><y>260</y><time>25-01-21 20:25:36:425</time></pt><pt><x>342</x><y>255</y><time>25-01-21 20:25:36:653</time></pt><pt><x>349</x><y>195</y><time>25-01-21 20:25:37:722</time></pt><pt><x>349</x><y>188</y><time>25-01-21 20:25:37:903</time></pt><pt><x>345</x><y>178</y><time>25-01-21 20:25:38:085</time></pt><pt><x>344</x><y>172</y><time>25-01-21 20:25:38:249</time></pt><pt><x>346</x><y>166</y><time>25-01-21 20:25:38:414</time></pt><pt><x>349</x><y>164</y><time>25-01-21 20:25:38:627</time></pt><pt><x>353</x><y>167</y><time>25-01-21 20:25:38:785</time></pt><pt><x>354</x><y>170</y><time>25-01-21 20:25:38:957</time></pt><pt><x>357</x><y>175</y><time>25-01-21 20:25:39:139</time></pt><pt><x>359</x><y>178</y><time>25-01-21 20:25:39:295</time></pt><pt><x>361</x><y>182</y><time>25-01-21 20:25:39:493</time></pt><pt><x>365</x><y>183</y><time>25-01-21 20:25:39:681</time></pt><pt><x>367</x><y>181</y><time>25-01-21 20:25:39:878</time></pt><pt><x>367</x><y>175</y><time>25-01-21 20:25:40:051</time></pt><pt><x>366</x><y>171</y><time>25-01-21 20:25:40:216</time></pt><pt><x>363</x><y>167</y><time>25-01-21 20:25:40:405</time></pt><pt><x>361</x><y>161</y><time>25-01-21 20:25:40:593</time></pt><pt><x>352</x><y>132</y><time>25-01-21 20:25:41:811</time></pt><pt><x>350</x><y>122</y><time>25-01-21 20:25:42:001</time></pt><pt><x>350</x><y>107</y><time>25-01-21 20:25:42:330</time></pt><pt><x>349</x><y>87</y><time>25-01-21 20:25:43:328</time></pt><pt><x>345</x><y>77</y><time>25-01-21 20:25:43:519</time></pt><pt><x>342</x><y>70</y><time>25-01-21 20:25:43:690</time></pt><pt><x>340</x><y>65</y><time>25-01-21 20:25:43:894</time></pt><pt><x>339</x><y>61</y><time>25-01-21 20:25:44:093</time></pt><pt><x>347</x><y>57</y><time>25-01-21 20:25:44:390</time></pt><pt><x>349</x><y>56</y><time>25-01-21 20:25:44:604</time></pt><pt><x>349</x><y>46</y><time>25-01-21 20:25:45:146</time></pt><pt><x>351</x><y>42</y><time>25-01-21 20:25:45:318</time></pt><pt><x>352</x><y>40</y><time>25-01-21 20:25:45:492</time></pt><pt><x>352</x><y>37</y><time>25-01-21 20:25:45:656</time></pt><pt><x>350</x><y>35</y><time>25-01-21 20:25:45:884</time></pt><pt><x>349</x><y>32</y><time>25-01-21 20:25:46:073</time></pt><pt><x>348</x><y>27</y><time>25-01-21 20:25:46:287</time></pt><pt><x>347</x><y>24</y><time>25-01-21 20:25:46:515</time></pt><pt><x>346</x><y>22</y><time>25-01-21 20:25:46:773</time></pt><closed_date>25-01-21 20:25:47:077</closed_date></polygon></object><object><name>person</name><deleted>0</deleted><verified>0</verified><occluded>no</occluded><attributes></attributes><parts><hasparts></hasparts><ispartof></ispartof></parts><date>25-01-21 20:26:43:733</date><id>1</id><polygon><username>7hao</username><pt><x>469</x><y>73</y><time>25-01-21 20:25:55:674</time></pt><pt><x>461</x><y>72</y><time>25-01-21 20:25:56:078</time></pt><pt><x>456</x><y>76</y><time>25-01-21 20:25:56:337</time></pt><pt><x>454</x><y>78</y><time>25-01-21 20:25:56:511</time></pt><pt><x>449</x><y>83</y><time>25-01-21 20:25:56:747</time></pt><pt><x>447</x><y>88</y><time>25-01-21 20:25:56:935</time></pt><pt><x>446</x><y>93</y><time>25-01-21 20:25:57:093</time></pt><pt><x>448</x><y>96</y><time>25-01-21 20:25:57:273</time></pt><pt><x>450</x><y>99</y><time>25-01-21 20:25:57:477</time></pt><pt><x>451</x><y>104</y><time>25-01-21 20:25:57:822</time></pt><pt><x>448</x><y>106</y><time>25-01-21 20:25:58:053</time></pt><pt><x>444</x><y>107</y><time>25-01-21 20:25:58:209</time></pt><pt><x>442</x><y>109</y><time>25-01-21 20:25:58:375</time></pt><pt><x>441</x><y>115</y><time>25-01-21 20:25:58:697</time></pt><pt><x>440</x><y>123</y><time>25-01-21 20:25:58:957</time></pt><pt><x>434</x><y>154</y><time>25-01-21 20:26:01:213</time></pt><pt><x>434</x><y>163</y><time>25-01-21 20:26:01:425</time></pt><pt><x>433</x><y>169</y><time>25-01-21 20:26:01:591</time></pt><pt><x>432</x><y>174</y><time>25-01-21 20:26:01:747</time></pt><pt><x>431</x><y>179</y><time>25-01-21 20:26:01:897</time></pt><pt><x>432</x><y>185</y><time>25-01-21 20:26:02:117</time></pt><pt><x>432</x><y>188</y><time>25-01-21 20:26:02:401</time></pt><pt><x>432</x><y>191</y><time>25-01-21 20:26:02:573</time></pt><pt><x>432</x><y>193</y><time>25-01-21 20:26:02:731</time></pt><pt><x>435</x><y>198</y><time>25-01-21 20:26:02:911</time></pt><pt><x>438</x><y>200</y><time>25-01-21 20:26:03:163</time></pt><pt><x>440</x><y>198</y><time>25-01-21 20:26:03:375</time></pt><pt><x>440</x><y>195</y><time>25-01-21 20:26:03:533</time></pt><pt><x>439</x><y>192</y><time>25-01-21 20:26:03:713</time></pt><pt><x>439</x><y>188</y><time>25-01-21 20:26:03:927</time></pt><pt><x>440</x><y>184</y><time>25-01-21 20:26:04:123</time></pt><pt><x>442</x><y>179</y><time>25-01-21 20:26:04:358</time></pt><pt><x>443</x><y>175</y><time>25-01-21 20:26:04:587</time></pt><pt><x>445</x><y>172</y><time>25-01-21 20:26:04:806</time></pt><pt><x>445</x><y>169</y><time>25-01-21 20:26:04:995</time></pt><pt><x>446</x><y>169</y><time>25-01-21 20:26:05:209</time></pt><pt><x>447</x><y>177</y><time>25-01-21 20:26:05:601</time></pt><pt><x>446</x><y>180</y><time>25-01-21 20:26:05:939</time></pt><pt><x>445</x><y>183</y><time>25-01-21 20:26:06:105</time></pt><pt><x>444</x><y>188</y><time>25-01-21 20:26:06:318</time></pt><pt><x>443</x><y>193</y><time>25-01-21 20:26:06:467</time></pt><pt><x>444</x><y>198</y><time>25-01-21 20:26:06:655</time></pt><pt><x>443</x><y>208</y><time>25-01-21 20:26:06:891</time></pt><pt><x>442</x><y>216</y><time>25-01-21 20:26:07:143</time></pt><pt><x>443</x><y>224</y><time>25-01-21 20:26:07:363</time></pt><pt><x>445</x><y>230</y><time>25-01-21 20:26:07:575</time></pt><pt><x>450</x><y>237</y><time>25-01-21 20:26:07:859</time></pt><pt><x>461</x><y>257</y><time>25-01-21 20:26:09:117</time></pt><pt><x>469</x><y>271</y><time>25-01-21 20:26:12:874</time></pt><pt><x>469</x><y>276</y><time>25-01-21 20:26:13:126</time></pt><pt><x>468</x><y>279</y><time>25-01-21 20:26:13:285</time></pt><pt><x>464</x><y>283</y><time>25-01-21 20:26:13:575</time></pt><pt><x>461</x><y>284</y><time>25-01-21 20:26:13:899</time></pt><pt><x>459</x><y>284</y><time>25-01-21 20:26:14:127</time></pt><pt><x>457</x><y>285</y><time>25-01-21 20:26:14:511</time></pt><pt><x>457</x><y>287</y><time>25-01-21 20:26:14:677</time></pt><pt><x>459</x><y>289</y><time>25-01-21 20:26:14:921</time></pt><pt><x>463</x><y>290</y><time>25-01-21 20:26:15:149</time></pt><pt><x>467</x><y>290</y><time>25-01-21 20:26:15:353</time></pt><pt><x>471</x><y>291</y><time>25-01-21 20:26:15:690</time></pt><pt><x>472</x><y>292</y><time>25-01-21 20:26:15:983</time></pt><pt><x>474</x><y>293</y><time>25-01-21 20:26:16:211</time></pt><pt><x>478</x><y>293</y><time>25-01-21 20:26:16:415</time></pt><pt><x>482</x><y>291</y><time>25-01-21 20:26:16:667</time></pt><pt><x>484</x><y>288</y><time>25-01-21 20:26:19:553</time></pt><pt><x>486</x><y>286</y><time>25-01-21 20:26:19:867</time></pt><pt><x>487</x><y>284</y><time>25-01-21 20:26:20:079</time></pt><pt><x>488</x><y>279</y><time>25-01-21 20:26:20:347</time></pt><pt><x>490</x><y>274</y><time>25-01-21 20:26:20:599</time></pt><pt><x>490</x><y>270</y><time>25-01-21 20:26:20:882</time></pt><pt><x>486</x><y>267</y><time>25-01-21 20:26:21:097</time></pt><pt><x>484</x><y>265</y><time>25-01-21 20:26:21:331</time></pt><pt><x>482</x><y>262</y><time>25-01-21 20:26:21:535</time></pt><pt><x>482</x><y>257</y><time>25-01-21 20:26:21:763</time></pt><pt><x>482</x><y>249</y><time>25-01-21 20:26:22:110</time></pt><pt><x>480</x><y>227</y><time>25-01-21 20:26:23:202</time></pt><pt><x>480</x><y>224</y><time>25-01-21 20:26:23:368</time></pt><pt><x>480</x><y>217</y><time>25-01-21 20:26:23:562</time></pt><pt><x>482</x><y>210</y><time>25-01-21 20:26:23:815</time></pt><pt><x>484</x><y>201</y><time>25-01-21 20:26:24:169</time></pt><pt><x>487</x><y>179</y><time>25-01-21 20:26:25:342</time></pt><pt><x>488</x><y>174</y><time>25-01-21 20:26:25:625</time></pt><pt><x>488</x><y>169</y><time>25-01-21 20:26:25:853</time></pt><pt><x>488</x><y>166</y><time>25-01-21 20:26:26:128</time></pt><pt><x>488</x><y>161</y><time>25-01-21 20:26:26:395</time></pt><pt><x>489</x><y>159</y><time>25-01-21 20:26:26:766</time></pt><pt><x>490</x><y>160</y><time>25-01-21 20:26:27:040</time></pt><pt><x>492</x><y>164</y><time>25-01-21 20:26:27:269</time></pt><pt><x>493</x><y>169</y><time>25-01-21 20:26:27:576</time></pt><pt><x>494</x><y>175</y><time>25-01-21 20:26:27:779</time></pt><pt><x>495</x><y>178</y><time>25-01-21 20:26:27:955</time></pt><pt><x>497</x><y>184</y><time>25-01-21 20:26:28:165</time></pt><pt><x>497</x><y>188</y><time>25-01-21 20:26:28:369</time></pt><pt><x>496</x><y>192</y><time>25-01-21 20:26:28:528</time></pt><pt><x>496</x><y>196</y><time>25-01-21 20:26:28:691</time></pt><pt><x>497</x><y>202</y><time>25-01-21 20:26:28:911</time></pt><pt><x>501</x><y>203</y><time>25-01-21 20:26:29:170</time></pt><pt><x>507</x><y>199</y><time>25-01-21 20:26:32:767</time></pt><pt><x>507</x><y>196</y><time>25-01-21 20:26:33:057</time></pt><pt><x>506</x><y>193</y><time>25-01-21 20:26:33:230</time></pt><pt><x>505</x><y>190</y><time>25-01-21 20:26:33:395</time></pt><pt><x>505</x><y>184</y><time>25-01-21 20:26:33:647</time></pt><pt><x>504</x><y>170</y><time>25-01-21 20:26:34:207</time></pt><pt><x>503</x><y>166</y><time>25-01-21 20:26:34:479</time></pt><pt><x>502</x><y>161</y><time>25-01-21 20:26:34:715</time></pt><pt><x>501</x><y>152</y><time>25-01-21 20:26:34:967</time></pt><pt><x>500</x><y>144</y><time>25-01-21 20:26:35:227</time></pt><pt><x>497</x><y>120</y><time>25-01-21 20:26:36:432</time></pt><pt><x>496</x><y>116</y><time>25-01-21 20:26:36:644</time></pt><pt><x>490</x><y>112</y><time>25-01-21 20:26:36:896</time></pt><pt><x>480</x><y>108</y><time>25-01-21 20:26:37:320</time></pt><pt><x>474</x><y>103</y><time>25-01-21 20:26:37:634</time></pt><pt><x>473</x><y>100</y><time>25-01-21 20:26:37:816</time></pt><pt><x>476</x><y>97</y><time>25-01-21 20:26:38:129</time></pt><pt><x>478</x><y>94</y><time>25-01-21 20:26:38:334</time></pt><pt><x>480</x><y>91</y><time>25-01-21 20:26:38:552</time></pt><pt><x>479</x><y>87</y><time>25-01-21 20:26:38:805</time></pt><pt><x>478</x><y>83</y><time>25-01-21 20:26:39:058</time></pt><pt><x>476</x><y>80</y><time>25-01-21 20:26:39:320</time></pt><pt><x>474</x><y>78</y><time>25-01-21 20:26:39:585</time></pt><pt><x>472</x><y>75</y><time>25-01-21 20:26:39:907</time></pt><closed_date>25-01-21 20:26:40:379</closed_date></polygon></object><object><name>person</name><deleted>0</deleted><verified>0</verified><occluded>no</occluded><attributes></attributes><parts><hasparts></hasparts><ispartof></ispartof></parts><date>25-01-21 20:27:40:317</date><id>2</id><polygon><username>7hao</username><pt><x>608</x><y>73</y><time>25-01-21 20:26:52:466</time></pt><pt><x>604</x><y>71</y><time>25-01-21 20:26:52:957</time></pt><pt><x>599</x><y>72</y><time>25-01-21 20:26:53:202</time></pt><pt><x>595</x><y>74</y><time>25-01-21 20:26:53:388</time></pt><pt><x>592</x><y>76</y><time>25-01-21 20:26:53:657</time></pt><pt><x>589</x><y>80</y><time>25-01-21 20:26:54:027</time></pt><pt><x>589</x><y>83</y><time>25-01-21 20:26:54:249</time></pt><pt><x>590</x><y>89</y><time>25-01-21 20:26:54:584</time></pt><pt><x>590</x><y>92</y><time>25-01-21 20:26:54:799</time></pt><pt><x>590</x><y>96</y><time>25-01-21 20:26:54:964</time></pt><pt><x>591</x><y>98</y><time>25-01-21 20:26:55:111</time></pt><pt><x>591</x><y>100</y><time>25-01-21 20:26:55:354</time></pt><pt><x>589</x><y>101</y><time>25-01-21 20:26:55:553</time></pt><pt><x>587</x><y>101</y><time>25-01-21 20:26:55:709</time></pt><pt><x>586</x><y>103</y><time>25-01-21 20:26:55:946</time></pt><pt><x>585</x><y>103</y><time>25-01-21 20:26:56:078</time></pt><pt><x>584</x><y>105</y><time>25-01-21 20:26:56:292</time></pt><pt><x>581</x><y>107</y><time>25-01-21 20:26:56:536</time></pt><pt><x>577</x><y>110</y><time>25-01-21 20:26:56:731</time></pt><pt><x>572</x><y>114</y><time>25-01-21 20:26:57:076</time></pt><pt><x>567</x><y>120</y><time>25-01-21 20:26:57:305</time></pt><pt><x>564</x><y>137</y><time>25-01-21 20:26:57:850</time></pt><pt><x>563</x><y>167</y><time>25-01-21 20:26:59:241</time></pt><pt><x>565</x><y>173</y><time>25-01-21 20:26:59:454</time></pt><pt><x>567</x><y>175</y><time>25-01-21 20:26:59:650</time></pt><pt><x>569</x><y>177</y><time>25-01-21 20:26:59:886</time></pt><pt><x>570</x><y>180</y><time>25-01-21 20:27:00:043</time></pt><pt><x>570</x><y>182</y><time>25-01-21 20:27:00:207</time></pt><pt><x>570</x><y>185</y><time>25-01-21 20:27:00:374</time></pt><pt><x>571</x><y>188</y><time>25-01-21 20:27:00:561</time></pt><pt><x>572</x><y>193</y><time>25-01-21 20:27:00:893</time></pt><pt><x>572</x><y>197</y><time>25-01-21 20:27:01:257</time></pt><pt><x>571</x><y>210</y><time>25-01-21 20:27:02:529</time></pt><pt><x>569</x><y>211</y><time>25-01-21 20:27:02:725</time></pt><pt><x>569</x><y>214</y><time>25-01-21 20:27:02:893</time></pt><pt><x>570</x><y>214</y><time>25-01-21 20:27:03:136</time></pt><pt><x>571</x><y>216</y><time>25-01-21 20:27:03:317</time></pt><pt><x>571</x><y>219</y><time>25-01-21 20:27:03:488</time></pt><pt><x>570</x><y>223</y><time>25-01-21 20:27:03:701</time></pt><pt><x>568</x><y>227</y><time>25-01-21 20:27:04:057</time></pt><pt><x>566</x><y>230</y><time>25-01-21 20:27:04:270</time></pt><pt><x>565</x><y>233</y><time>25-01-21 20:27:04:441</time></pt><pt><x>563</x><y>242</y><time>25-01-21 20:27:04:684</time></pt><pt><x>563</x><y>251</y><time>25-01-21 20:27:04:999</time></pt><pt><x>562</x><y>257</y><time>25-01-21 20:27:05:391</time></pt><pt><x>559</x><y>259</y><time>25-01-21 20:27:07:509</time></pt><pt><x>559</x><y>263</y><time>25-01-21 20:27:07:680</time></pt><pt><x>559</x><y>269</y><time>25-01-21 20:27:07:957</time></pt><pt><x>559</x><y>272</y><time>25-01-21 20:27:08:143</time></pt><pt><x>560</x><y>276</y><time>25-01-21 20:27:08:365</time></pt><pt><x>562</x><y>278</y><time>25-01-21 20:27:08:555</time></pt><pt><x>566</x><y>280</y><time>25-01-21 20:27:08:825</time></pt><pt><x>571</x><y>280</y><time>25-01-21 20:27:09:089</time></pt><pt><x>572</x><y>277</y><time>25-01-21 20:27:09:324</time></pt><pt><x>572</x><y>273</y><time>25-01-21 20:27:09:506</time></pt><pt><x>571</x><y>269</y><time>25-01-21 20:27:09:755</time></pt><pt><x>571</x><y>263</y><time>25-01-21 20:27:09:987</time></pt><pt><x>572</x><y>261</y><time>25-01-21 20:27:10:174</time></pt><pt><x>571</x><y>256</y><time>25-01-21 20:27:10:412</time></pt><pt><x>571</x><y>254</y><time>25-01-21 20:27:10:597</time></pt><pt><x>574</x><y>248</y><time>25-01-21 20:27:10:849</time></pt><pt><x>579</x><y>240</y><time>25-01-21 20:27:11:244</time></pt><pt><x>581</x><y>233</y><time>25-01-21 20:27:11:912</time></pt><pt><x>583</x><y>228</y><time>25-01-21 20:27:12:274</time></pt><pt><x>586</x><y>225</y><time>25-01-21 20:27:12:461</time></pt><pt><x>588</x><y>219</y><time>25-01-21 20:27:12:774</time></pt><pt><x>590</x><y>214</y><time>25-01-21 20:27:13:177</time></pt><pt><x>591</x><y>213</y><time>25-01-21 20:27:13:475</time></pt><pt><x>592</x><y>211</y><time>25-01-21 20:27:13:759</time></pt><pt><x>594</x><y>205</y><time>25-01-21 20:27:14:405</time></pt><pt><x>598</x><y>198</y><time>25-01-21 20:27:14:829</time></pt><pt><x>601</x><y>199</y><time>25-01-21 20:27:15:120</time></pt><pt><x>601</x><y>203</y><time>25-01-21 20:27:15:358</time></pt><pt><x>602</x><y>205</y><time>25-01-21 20:27:15:547</time></pt><pt><x>603</x><y>208</y><time>25-01-21 20:27:15:772</time></pt><pt><x>604</x><y>211</y><time>25-01-21 20:27:15:946</time></pt><pt><x>604</x><y>215</y><time>25-01-21 20:27:16:166</time></pt><pt><x>604</x><y>219</y><time>25-01-21 20:27:16:355</time></pt><pt><x>605</x><y>223</y><time>25-01-21 20:27:16:535</time></pt><pt><x>608</x><y>228</y><time>25-01-21 20:27:16:716</time></pt><pt><x>608</x><y>235</y><time>25-01-21 20:27:16:968</time></pt><pt><x>608</x><y>239</y><time>25-01-21 20:27:17:173</time></pt><pt><x>607</x><y>245</y><time>25-01-21 20:27:17:399</time></pt><pt><x>610</x><y>252</y><time>25-01-21 20:27:17:614</time></pt><pt><x>611</x><y>256</y><time>25-01-21 20:27:17:879</time></pt><pt><x>612</x><y>263</y><time>25-01-21 20:27:18:101</time></pt><pt><x>612</x><y>266</y><time>25-01-21 20:27:18:312</time></pt><pt><x>612</x><y>271</y><time>25-01-21 20:27:18:536</time></pt><pt><x>611</x><y>275</y><time>25-01-21 20:27:18:737</time></pt><pt><x>611</x><y>283</y><time>25-01-21 20:27:19:791</time></pt><pt><x>612</x><y>284</y><time>25-01-21 20:27:19:955</time></pt><pt><x>615</x><y>285</y><time>25-01-21 20:27:20:161</time></pt><pt><x>620</x><y>286</y><time>25-01-21 20:27:20:470</time></pt><pt><x>622</x><y>286</y><time>25-01-21 20:27:20:774</time></pt><pt><x>629</x><y>286</y><time>25-01-21 20:27:23:346</time></pt><pt><x>631</x><y>285</y><time>25-01-21 20:27:23:691</time></pt><pt><x>631</x><y>283</y><time>25-01-21 20:27:23:864</time></pt><pt><x>627</x><y>278</y><time>25-01-21 20:27:24:195</time></pt><pt><x>625</x><y>274</y><time>25-01-21 20:27:24:469</time></pt><pt><x>620</x><y>268</y><time>25-01-21 20:27:24:799</time></pt><pt><x>620</x><y>264</y><time>25-01-21 20:27:25:035</time></pt><pt><x>621</x><y>257</y><time>25-01-21 20:27:25:211</time></pt><pt><x>622</x><y>249</y><time>25-01-21 20:27:25:509</time></pt><pt><x>623</x><y>229</y><time>25-01-21 20:27:26:663</time></pt><pt><x>621</x><y>225</y><time>25-01-21 20:27:27:004</time></pt><pt><x>621</x><y>222</y><time>25-01-21 20:27:27:191</time></pt><pt><x>621</x><y>216</y><time>25-01-21 20:27:27:397</time></pt><pt><x>621</x><y>211</y><time>25-01-21 20:27:27:553</time></pt><pt><x>623</x><y>210</y><time>25-01-21 20:27:27:733</time></pt><pt><x>626</x><y>209</y><time>25-01-21 20:27:27:921</time></pt><pt><x>627</x><y>207</y><time>25-01-21 20:27:28:096</time></pt><pt><x>627</x><y>202</y><time>25-01-21 20:27:28:278</time></pt><pt><x>627</x><y>197</y><time>25-01-21 20:27:28:458</time></pt><pt><x>627</x><y>193</y><time>25-01-21 20:27:28:669</time></pt><pt><x>628</x><y>184</y><time>25-01-21 20:27:29:700</time></pt><pt><x>628</x><y>180</y><time>25-01-21 20:27:29:849</time></pt><pt><x>629</x><y>176</y><time>25-01-21 20:27:30:037</time></pt><pt><x>631</x><y>172</y><time>25-01-21 20:27:30:209</time></pt><pt><x>633</x><y>166</y><time>25-01-21 20:27:30:399</time></pt><pt><x>634</x><y>149</y><time>25-01-21 20:27:31:649</time></pt><pt><x>633</x><y>141</y><time>25-01-21 20:27:31:895</time></pt><pt><x>632</x><y>136</y><time>25-01-21 20:27:32:037</time></pt><pt><x>631</x><y>129</y><time>25-01-21 20:27:32:319</time></pt><pt><x>630</x><y>121</y><time>25-01-21 20:27:32:594</time></pt><pt><x>628</x><y>113</y><time>25-01-21 20:27:33:152</time></pt><pt><x>619</x><y>108</y><time>25-01-21 20:27:33:490</time></pt><pt><x>615</x><y>106</y><time>25-01-21 20:27:33:749</time></pt><pt><x>611</x><y>103</y><time>25-01-21 20:27:34:119</time></pt><pt><x>609</x><y>102</y><time>25-01-21 20:27:34:300</time></pt><pt><x>609</x><y>98</y><time>25-01-21 20:27:34:496</time></pt><pt><x>610</x><y>95</y><time>25-01-21 20:27:34:692</time></pt><pt><x>613</x><y>93</y><time>25-01-21 20:27:34:889</time></pt><pt><x>614</x><y>90</y><time>25-01-21 20:27:35:101</time></pt><pt><x>614</x><y>85</y><time>25-01-21 20:27:36:383</time></pt><pt><x>614</x><y>83</y><time>25-01-21 20:27:36:533</time></pt><pt><x>614</x><y>80</y><time>25-01-21 20:27:36:681</time></pt><pt><x>613</x><y>77</y><time>25-01-21 20:27:36:855</time></pt><pt><x>611</x><y>75</y><time>25-01-21 20:27:37:022</time></pt><closed_date>25-01-21 20:27:37:461</closed_date></polygon></object></annotation>