<annotation><filename>frame0043.jpg</filename><folder>users/lab605//7hao/human_20210119_4</folder><source><submittedBy>lab605</submittedBy></source><imagesize><nrows>480</nrows><ncols>640</ncols></imagesize><object><name>person</name><deleted>0</deleted><verified>0</verified><occluded>no</occluded><attributes></attributes><parts><hasparts></hasparts><ispartof></ispartof></parts><date>25-01-21 20:34:05:612</date><id>0</id><polygon><username>7hao</username><pt><x>335</x><y>69</y><time>25-01-21 20:32:47:379</time></pt><pt><x>329</x><y>66</y><time>25-01-21 20:32:47:847</time></pt><pt><x>326</x><y>65</y><time>25-01-21 20:32:48:230</time></pt><pt><x>321</x><y>66</y><time>25-01-21 20:32:48:555</time></pt><pt><x>315</x><y>70</y><time>25-01-21 20:32:49:231</time></pt><pt><x>312</x><y>75</y><time>25-01-21 20:32:49:655</time></pt><pt><x>312</x><y>77</y><time>25-01-21 20:32:49:985</time></pt><pt><x>313</x><y>80</y><time>25-01-21 20:32:50:221</time></pt><pt><x>313</x><y>83</y><time>25-01-21 20:32:50:559</time></pt><pt><x>313</x><y>87</y><time>25-01-21 20:32:50:832</time></pt><pt><x>315</x><y>93</y><time>25-01-21 20:32:51:077</time></pt><pt><x>316</x><y>96</y><time>25-01-21 20:32:51:439</time></pt><pt><x>317</x><y>101</y><time>25-01-21 20:32:51:691</time></pt><pt><x>316</x><y>105</y><time>25-01-21 20:32:52:045</time></pt><pt><x>314</x><y>107</y><time>25-01-21 20:32:52:407</time></pt><pt><x>307</x><y>111</y><time>25-01-21 20:32:52:901</time></pt><pt><x>302</x><y>117</y><time>25-01-21 20:32:53:357</time></pt><pt><x>301</x><y>124</y><time>25-01-21 20:32:53:844</time></pt><pt><x>296</x><y>135</y><time>25-01-21 20:32:55:245</time></pt><pt><x>292</x><y>145</y><time>25-01-21 20:32:55:850</time></pt><pt><x>282</x><y>158</y><time>25-01-21 20:32:59:536</time></pt><pt><x>276</x><y>168</y><time>25-01-21 20:33:00:253</time></pt><pt><x>273</x><y>171</y><time>25-01-21 20:33:00:740</time></pt><pt><x>269</x><y>174</y><time>25-01-21 20:33:03:294</time></pt><pt><x>266</x><y>176</y><time>25-01-21 20:33:03:604</time></pt><pt><x>265</x><y>178</y><time>25-01-21 20:33:03:775</time></pt><pt><x>264</x><y>181</y><time>25-01-21 20:33:03:978</time></pt><pt><x>265</x><y>184</y><time>25-01-21 20:33:04:231</time></pt><pt><x>268</x><y>185</y><time>25-01-21 20:33:04:451</time></pt><pt><x>271</x><y>186</y><time>25-01-21 20:33:04:686</time></pt><pt><x>273</x><y>184</y><time>25-01-21 20:33:04:899</time></pt><pt><x>275</x><y>182</y><time>25-01-21 20:33:05:142</time></pt><pt><x>278</x><y>180</y><time>25-01-21 20:33:05:371</time></pt><pt><x>283</x><y>174</y><time>25-01-21 20:33:05:771</time></pt><pt><x>293</x><y>166</y><time>25-01-21 20:33:06:417</time></pt><pt><x>301</x><y>153</y><time>25-01-21 20:33:07:139</time></pt><pt><x>306</x><y>146</y><time>25-01-21 20:33:10:677</time></pt><pt><x>308</x><y>148</y><time>25-01-21 20:33:11:376</time></pt><pt><x>308</x><y>153</y><time>25-01-21 20:33:11:699</time></pt><pt><x>307</x><y>159</y><time>25-01-21 20:33:12:029</time></pt><pt><x>305</x><y>169</y><time>25-01-21 20:33:12:526</time></pt><pt><x>305</x><y>173</y><time>25-01-21 20:33:12:839</time></pt><pt><x>305</x><y>175</y><time>25-01-21 20:33:13:067</time></pt><pt><x>302</x><y>179</y><time>25-01-21 20:33:13:632</time></pt><pt><x>300</x><y>198</y><time>25-01-21 20:33:15:083</time></pt><pt><x>300</x><y>206</y><time>25-01-21 20:33:15:449</time></pt><pt><x>301</x><y>218</y><time>25-01-21 20:33:15:985</time></pt><pt><x>302</x><y>229</y><time>25-01-21 20:33:17:422</time></pt><pt><x>304</x><y>233</y><time>25-01-21 20:33:17:698</time></pt><pt><x>308</x><y>238</y><time>25-01-21 20:33:18:021</time></pt><pt><x>311</x><y>243</y><time>25-01-21 20:33:18:329</time></pt><pt><x>313</x><y>246</y><time>25-01-21 20:33:18:665</time></pt><pt><x>314</x><y>248</y><time>25-01-21 20:33:18:941</time></pt><pt><x>315</x><y>250</y><time>25-01-21 20:33:19:184</time></pt><pt><x>315</x><y>265</y><time>25-01-21 20:33:22:471</time></pt><pt><x>316</x><y>267</y><time>25-01-21 20:33:22:777</time></pt><pt><x>316</x><y>269</y><time>25-01-21 20:33:22:957</time></pt><pt><x>315</x><y>272</y><time>25-01-21 20:33:23:141</time></pt><pt><x>313</x><y>275</y><time>25-01-21 20:33:23:413</time></pt><pt><x>313</x><y>277</y><time>25-01-21 20:33:23:571</time></pt><pt><x>310</x><y>282</y><time>25-01-21 20:33:24:002</time></pt><pt><x>308</x><y>285</y><time>25-01-21 20:33:24:397</time></pt><pt><x>307</x><y>287</y><time>25-01-21 20:33:24:608</time></pt><pt><x>307</x><y>289</y><time>25-01-21 20:33:24:995</time></pt><pt><x>311</x><y>290</y><time>25-01-21 20:33:25:724</time></pt><pt><x>315</x><y>290</y><time>25-01-21 20:33:26:038</time></pt><pt><x>321</x><y>289</y><time>25-01-21 20:33:26:363</time></pt><pt><x>324</x><y>288</y><time>25-01-21 20:33:26:629</time></pt><pt><x>327</x><y>288</y><time>25-01-21 20:33:26:959</time></pt><pt><x>327</x><y>286</y><time>25-01-21 20:33:27:164</time></pt><pt><x>328</x><y>286</y><time>25-01-21 20:33:27:344</time></pt><pt><x>330</x><y>285</y><time>25-01-21 20:33:27:627</time></pt><pt><x>336</x><y>282</y><time>25-01-21 20:33:32:989</time></pt><pt><x>347</x><y>272</y><time>25-01-21 20:33:33:618</time></pt><pt><x>350</x><y>269</y><time>25-01-21 20:33:33:956</time></pt><pt><x>349</x><y>266</y><time>25-01-21 20:33:34:178</time></pt><pt><x>345</x><y>264</y><time>25-01-21 20:33:34:405</time></pt><pt><x>340</x><y>260</y><time>25-01-21 20:33:34:923</time></pt><pt><x>335</x><y>255</y><time>25-01-21 20:33:35:370</time></pt><pt><x>332</x><y>248</y><time>25-01-21 20:33:35:781</time></pt><pt><x>332</x><y>237</y><time>25-01-21 20:33:37:650</time></pt><pt><x>334</x><y>226</y><time>25-01-21 20:33:38:091</time></pt><pt><x>337</x><y>213</y><time>25-01-21 20:33:39:074</time></pt><pt><x>339</x><y>204</y><time>25-01-21 20:33:39:657</time></pt><pt><x>346</x><y>178</y><time>25-01-21 20:33:40:937</time></pt><pt><x>346</x><y>173</y><time>25-01-21 20:33:41:246</time></pt><pt><x>347</x><y>169</y><time>25-01-21 20:33:41:481</time></pt><pt><x>347</x><y>162</y><time>25-01-21 20:33:42:093</time></pt><pt><x>347</x><y>160</y><time>25-01-21 20:33:42:289</time></pt><pt><x>346</x><y>157</y><time>25-01-21 20:33:42:465</time></pt><pt><x>346</x><y>154</y><time>25-01-21 20:33:42:634</time></pt><pt><x>347</x><y>149</y><time>25-01-21 20:33:43:131</time></pt><pt><x>348</x><y>149</y><time>25-01-21 20:33:43:531</time></pt><pt><x>349</x><y>151</y><time>25-01-21 20:33:43:721</time></pt><pt><x>349</x><y>155</y><time>25-01-21 20:33:43:933</time></pt><pt><x>350</x><y>160</y><time>25-01-21 20:33:44:168</time></pt><pt><x>350</x><y>163</y><time>25-01-21 20:33:44:365</time></pt><pt><x>351</x><y>168</y><time>25-01-21 20:33:44:601</time></pt><pt><x>352</x><y>173</y><time>25-01-21 20:33:44:820</time></pt><pt><x>353</x><y>176</y><time>25-01-21 20:33:45:089</time></pt><pt><x>353</x><y>178</y><time>25-01-21 20:33:45:293</time></pt><pt><x>353</x><y>180</y><time>25-01-21 20:33:45:449</time></pt><pt><x>352</x><y>182</y><time>25-01-21 20:33:45:647</time></pt><pt><x>353</x><y>185</y><time>25-01-21 20:33:45:843</time></pt><pt><x>354</x><y>189</y><time>25-01-21 20:33:46:055</time></pt><pt><x>356</x><y>192</y><time>25-01-21 20:33:46:369</time></pt><pt><x>361</x><y>192</y><time>25-01-21 20:33:46:902</time></pt><pt><x>364</x><y>190</y><time>25-01-21 20:33:47:219</time></pt><pt><x>364</x><y>187</y><time>25-01-21 20:33:47:414</time></pt><pt><x>364</x><y>184</y><time>25-01-21 20:33:47:611</time></pt><pt><x>364</x><y>180</y><time>25-01-21 20:33:47:792</time></pt><pt><x>364</x><y>175</y><time>25-01-21 20:33:48:058</time></pt><pt><x>363</x><y>166</y><time>25-01-21 20:33:48:452</time></pt><pt><x>362</x><y>152</y><time>25-01-21 20:33:54:361</time></pt><pt><x>361</x><y>143</y><time>25-01-21 20:33:54:916</time></pt><pt><x>354</x><y>114</y><time>25-01-21 20:33:56:095</time></pt><pt><x>349</x><y>104</y><time>25-01-21 20:33:56:551</time></pt><pt><x>345</x><y>102</y><time>25-01-21 20:33:56:834</time></pt><pt><x>341</x><y>101</y><time>25-01-21 20:33:57:101</time></pt><pt><x>336</x><y>99</y><time>25-01-21 20:33:57:305</time></pt><pt><x>334</x><y>99</y><time>25-01-21 20:33:57:541</time></pt><pt><x>332</x><y>99</y><time>25-01-21 20:33:57:769</time></pt><pt><x>331</x><y>98</y><time>25-01-21 20:33:57:982</time></pt><pt><x>331</x><y>96</y><time>25-01-21 20:33:58:177</time></pt><pt><x>333</x><y>93</y><time>25-01-21 20:33:58:375</time></pt><pt><x>334</x><y>92</y><time>25-01-21 20:33:58:578</time></pt><pt><x>337</x><y>90</y><time>25-01-21 20:33:59:288</time></pt><pt><x>339</x><y>88</y><time>25-01-21 20:33:59:492</time></pt><pt><x>339</x><y>86</y><time>25-01-21 20:33:59:650</time></pt><pt><x>341</x><y>83</y><time>25-01-21 20:33:59:971</time></pt><pt><x>341</x><y>82</y><time>25-01-21 20:34:00:221</time></pt><pt><x>341</x><y>78</y><time>25-01-21 20:34:00:599</time></pt><pt><x>340</x><y>75</y><time>25-01-21 20:34:00:962</time></pt><pt><x>338</x><y>73</y><time>25-01-21 20:34:01:283</time></pt><pt><x>337</x><y>71</y><time>25-01-21 20:34:01:613</time></pt><pt><x>336</x><y>70</y><time>25-01-21 20:34:01:991</time></pt><closed_date>25-01-21 20:34:02:608</closed_date></polygon></object><object><name>person</name><deleted>0</deleted><verified>0</verified><occluded>no</occluded><attributes></attributes><parts><hasparts></hasparts><ispartof></ispartof></parts><date>25-01-21 20:35:32:925</date><id>1</id><polygon><username>7hao</username><pt><x>535</x><y>3</y><time>25-01-21 20:34:17:954</time></pt><pt><x>524</x><y>10</y><time>25-01-21 20:34:18:521</time></pt><pt><x>517</x><y>20</y><time>25-01-21 20:34:18:897</time></pt><pt><x>513</x><y>28</y><time>25-01-21 20:34:19:410</time></pt><pt><x>512</x><y>33</y><time>25-01-21 20:34:19:417</time></pt><pt><x>509</x><y>44</y><time>25-01-21 20:34:19:831</time></pt><pt><x>507</x><y>49</y><time>25-01-21 20:34:20:093</time></pt><pt><x>507</x><y>54</y><time>25-01-21 20:34:20:281</time></pt><pt><x>504</x><y>64</y><time>25-01-21 20:34:20:936</time></pt><pt><x>503</x><y>84</y><time>25-01-21 20:34:22:090</time></pt><pt><x>500</x><y>96</y><time>25-01-21 20:34:22:475</time></pt><pt><x>498</x><y>104</y><time>25-01-21 20:34:24:669</time></pt><pt><x>498</x><y>109</y><time>25-01-21 20:34:24:844</time></pt><pt><x>498</x><y>113</y><time>25-01-21 20:34:25:000</time></pt><pt><x>497</x><y>125</y><time>25-01-21 20:34:25:305</time></pt><pt><x>498</x><y>140</y><time>25-01-21 20:34:25:762</time></pt><pt><x>499</x><y>148</y><time>25-01-21 20:34:26:053</time></pt><pt><x>500</x><y>150</y><time>25-01-21 20:34:26:305</time></pt><pt><x>501</x><y>152</y><time>25-01-21 20:34:26:526</time></pt><pt><x>502</x><y>156</y><time>25-01-21 20:34:26:745</time></pt><pt><x>502</x><y>159</y><time>25-01-21 20:34:26:942</time></pt><pt><x>501</x><y>162</y><time>25-01-21 20:34:27:129</time></pt><pt><x>502</x><y>165</y><time>25-01-21 20:34:27:343</time></pt><pt><x>506</x><y>171</y><time>25-01-21 20:34:27:634</time></pt><pt><x>513</x><y>175</y><time>25-01-21 20:34:28:028</time></pt><pt><x>521</x><y>169</y><time>25-01-21 20:34:31:257</time></pt><pt><x>521</x><y>163</y><time>25-01-21 20:34:31:525</time></pt><pt><x>519</x><y>160</y><time>25-01-21 20:34:31:793</time></pt><pt><x>517</x><y>156</y><time>25-01-21 20:34:31:973</time></pt><pt><x>517</x><y>151</y><time>25-01-21 20:34:32:178</time></pt><pt><x>517</x><y>148</y><time>25-01-21 20:34:32:327</time></pt><pt><x>522</x><y>148</y><time>25-01-21 20:34:32:532</time></pt><pt><x>524</x><y>152</y><time>25-01-21 20:34:32:698</time></pt><pt><x>527</x><y>161</y><time>25-01-21 20:34:32:957</time></pt><pt><x>527</x><y>172</y><time>25-01-21 20:34:33:137</time></pt><pt><x>531</x><y>183</y><time>25-01-21 20:34:33:451</time></pt><pt><x>534</x><y>196</y><time>25-01-21 20:34:33:782</time></pt><pt><x>537</x><y>206</y><time>25-01-21 20:34:33:995</time></pt><pt><x>537</x><y>216</y><time>25-01-21 20:34:34:229</time></pt><pt><x>531</x><y>226</y><time>25-01-21 20:34:34:545</time></pt><pt><x>529</x><y>232</y><time>25-01-21 20:34:34:749</time></pt><pt><x>526</x><y>242</y><time>25-01-21 20:34:35:189</time></pt><pt><x>522</x><y>268</y><time>25-01-21 20:34:36:313</time></pt><pt><x>519</x><y>279</y><time>25-01-21 20:34:36:535</time></pt><pt><x>515</x><y>301</y><time>25-01-21 20:34:36:919</time></pt><pt><x>512</x><y>307</y><time>25-01-21 20:34:37:209</time></pt><pt><x>510</x><y>312</y><time>25-01-21 20:34:37:430</time></pt><pt><x>510</x><y>314</y><time>25-01-21 20:34:37:579</time></pt><pt><x>513</x><y>321</y><time>25-01-21 20:34:38:303</time></pt><pt><x>513</x><y>326</y><time>25-01-21 20:34:38:531</time></pt><pt><x>513</x><y>333</y><time>25-01-21 20:34:38:893</time></pt><pt><x>520</x><y>336</y><time>25-01-21 20:34:39:216</time></pt><pt><x>563</x><y>341</y><time>25-01-21 20:34:40:049</time></pt><pt><x>574</x><y>341</y><time>25-01-21 20:34:40:607</time></pt><pt><x>578</x><y>338</y><time>25-01-21 20:34:40:921</time></pt><pt><x>579</x><y>334</y><time>25-01-21 20:34:41:283</time></pt><pt><x>575</x><y>329</y><time>25-01-21 20:34:41:541</time></pt><pt><x>567</x><y>326</y><time>25-01-21 20:34:41:849</time></pt><pt><x>555</x><y>319</y><time>25-01-21 20:34:42:351</time></pt><pt><x>550</x><y>309</y><time>25-01-21 20:34:42:635</time></pt><pt><x>550</x><y>305</y><time>25-01-21 20:34:42:831</time></pt><pt><x>553</x><y>299</y><time>25-01-21 20:34:43:247</time></pt><pt><x>556</x><y>295</y><time>25-01-21 20:34:43:492</time></pt><pt><x>558</x><y>287</y><time>25-01-21 20:34:43:799</time></pt><pt><x>560</x><y>280</y><time>25-01-21 20:34:44:036</time></pt><pt><x>562</x><y>275</y><time>25-01-21 20:34:44:365</time></pt><pt><x>565</x><y>280</y><time>25-01-21 20:34:44:687</time></pt><pt><x>568</x><y>287</y><time>25-01-21 20:34:45:111</time></pt><pt><x>572</x><y>295</y><time>25-01-21 20:34:45:433</time></pt><pt><x>574</x><y>303</y><time>25-01-21 20:34:45:645</time></pt><pt><x>574</x><y>307</y><time>25-01-21 20:34:45:853</time></pt><pt><x>578</x><y>313</y><time>25-01-21 20:34:46:032</time></pt><pt><x>580</x><y>316</y><time>25-01-21 20:34:46:245</time></pt><pt><x>582</x><y>319</y><time>25-01-21 20:34:51:881</time></pt><pt><x>583</x><y>324</y><time>25-01-21 20:34:52:158</time></pt><pt><x>583</x><y>328</y><time>25-01-21 20:34:52:305</time></pt><pt><x>584</x><y>332</y><time>25-01-21 20:34:52:510</time></pt><pt><x>593</x><y>333</y><time>25-01-21 20:34:52:747</time></pt><pt><x>596</x><y>326</y><time>25-01-21 20:34:52:974</time></pt><pt><x>600</x><y>322</y><time>25-01-21 20:34:53:123</time></pt><pt><x>607</x><y>319</y><time>25-01-21 20:34:53:288</time></pt><pt><x>601</x><y>302</y><time>25-01-21 20:34:53:752</time></pt><pt><x>593</x><y>289</y><time>25-01-21 20:34:54:098</time></pt><pt><x>588</x><y>284</y><time>25-01-21 20:34:54:348</time></pt><pt><x>585</x><y>274</y><time>25-01-21 20:34:54:592</time></pt><pt><x>585</x><y>267</y><time>25-01-21 20:34:55:206</time></pt><pt><x>582</x><y>260</y><time>25-01-21 20:34:55:538</time></pt><pt><x>578</x><y>245</y><time>25-01-21 20:34:55:914</time></pt><pt><x>578</x><y>235</y><time>25-01-21 20:34:56:229</time></pt><pt><x>578</x><y>222</y><time>25-01-21 20:34:56:677</time></pt><pt><x>581</x><y>200</y><time>25-01-21 20:34:57:872</time></pt><pt><x>579</x><y>175</y><time>25-01-21 20:34:58:304</time></pt><pt><x>580</x><y>159</y><time>25-01-21 20:34:58:650</time></pt><pt><x>584</x><y>145</y><time>25-01-21 20:34:59:082</time></pt><pt><x>585</x><y>133</y><time>25-01-21 20:35:01:780</time></pt><pt><x>586</x><y>128</y><time>25-01-21 20:35:02:024</time></pt><pt><x>587</x><y>121</y><time>25-01-21 20:35:02:204</time></pt><pt><x>589</x><y>112</y><time>25-01-21 20:35:02:457</time></pt><pt><x>591</x><y>106</y><time>25-01-21 20:35:02:677</time></pt><pt><x>591</x><y>101</y><time>25-01-21 20:35:02:865</time></pt><pt><x>587</x><y>93</y><time>25-01-21 20:35:03:054</time></pt><pt><x>585</x><y>86</y><time>25-01-21 20:35:03:274</time></pt><pt><x>586</x><y>83</y><time>25-01-21 20:35:03:479</time></pt><pt><x>590</x><y>81</y><time>25-01-21 20:35:03:642</time></pt><pt><x>594</x><y>87</y><time>25-01-21 20:35:03:918</time></pt><pt><x>599</x><y>92</y><time>25-01-21 20:35:04:131</time></pt><pt><x>605</x><y>97</y><time>25-01-21 20:35:04:319</time></pt><pt><x>616</x><y>105</y><time>25-01-21 20:35:04:634</time></pt><pt><x>625</x><y>111</y><time>25-01-21 20:35:04:925</time></pt><pt><x>629</x><y>116</y><time>25-01-21 20:35:05:254</time></pt><pt><x>633</x><y>118</y><time>25-01-21 20:35:05:428</time></pt><pt><x>635</x><y>121</y><time>25-01-21 20:35:05:578</time></pt><pt><x>639</x><y>125</y><time>25-01-21 20:35:08:462</time></pt><pt><x>640</x><y>125</y><time>25-01-21 20:35:10:012</time></pt><pt><x>639</x><y>95</y><time>25-01-21 20:35:16:641</time></pt><pt><x>635</x><y>89</y><time>25-01-21 20:35:17:324</time></pt><pt><x>627</x><y>84</y><time>25-01-21 20:35:17:633</time></pt><pt><x>619</x><y>73</y><time>25-01-21 20:35:17:947</time></pt><pt><x>614</x><y>64</y><time>25-01-21 20:35:18:472</time></pt><pt><x>613</x><y>62</y><time>25-01-21 20:35:18:819</time></pt><pt><x>606</x><y>54</y><time>25-01-21 20:35:20:272</time></pt><pt><x>599</x><y>43</y><time>25-01-21 20:35:20:658</time></pt><pt><x>593</x><y>26</y><time>25-01-21 20:35:20:989</time></pt><pt><x>587</x><y>14</y><time>25-01-21 20:35:21:649</time></pt><pt><x>582</x><y>9</y><time>25-01-21 20:35:22:058</time></pt><pt><x>575</x><y>5</y><time>25-01-21 20:35:22:514</time></pt><pt><x>574</x><y>4</y><time>25-01-21 20:35:23:434</time></pt><pt><x>574</x><y>1</y><time>25-01-21 20:35:23:842</time></pt><pt><x>574</x><y>1</y><time>25-01-21 20:35:24:244</time></pt><pt><x>536</x><y>0</y><time>25-01-21 20:35:26:886</time></pt><closed_date>25-01-21 20:35:27:417</closed_date></polygon></object><object><name>person</name><deleted>0</deleted><verified>0</verified><occluded>no</occluded><attributes></attributes><parts><hasparts></hasparts><ispartof></ispartof></parts><date>25-01-21 20:37:46:740</date><id>2</id><polygon><username>7hao</username><pt><x>513</x><y>296</y><time>25-01-21 20:35:54:078</time></pt><pt><x>506</x><y>296</y><time>25-01-21 20:35:54:646</time></pt><pt><x>501</x><y>296</y><time>25-01-21 20:35:55:103</time></pt><pt><x>495</x><y>294</y><time>25-01-21 20:35:55:606</time></pt><pt><x>493</x><y>292</y><time>25-01-21 20:35:56:149</time></pt><pt><x>494</x><y>290</y><time>25-01-21 20:35:56:385</time></pt><pt><x>497</x><y>288</y><time>25-01-21 20:35:56:620</time></pt><pt><x>499</x><y>287</y><time>25-01-21 20:35:56:850</time></pt><pt><x>501</x><y>285</y><time>25-01-21 20:35:57:076</time></pt><pt><x>504</x><y>281</y><time>25-01-21 20:35:57:390</time></pt><pt><x>508</x><y>277</y><time>25-01-21 20:35:57:736</time></pt><pt><x>510</x><y>274</y><time>25-01-21 20:35:57:989</time></pt><pt><x>512</x><y>270</y><time>25-01-21 20:35:58:351</time></pt><pt><x>515</x><y>264</y><time>25-01-21 20:35:58:820</time></pt><pt><x>516</x><y>258</y><time>25-01-21 20:35:59:262</time></pt><pt><x>516</x><y>249</y><time>25-01-21 20:35:59:807</time></pt><pt><x>518</x><y>231</y><time>25-01-21 20:36:01:110</time></pt><pt><x>518</x><y>225</y><time>25-01-21 20:36:01:427</time></pt><pt><x>516</x><y>221</y><time>25-01-21 20:36:01:669</time></pt><pt><x>515</x><y>217</y><time>25-01-21 20:36:01:858</time></pt><pt><x>514</x><y>214</y><time>25-01-21 20:36:02:030</time></pt><pt><x>512</x><y>212</y><time>25-01-21 20:36:03:900</time></pt><pt><x>507</x><y>211</y><time>25-01-21 20:36:04:097</time></pt><pt><x>504</x><y>208</y><time>25-01-21 20:36:04:774</time></pt><pt><x>501</x><y>199</y><time>25-01-21 20:36:05:142</time></pt><pt><x>495</x><y>186</y><time>25-01-21 20:36:05:497</time></pt><pt><x>493</x><y>179</y><time>25-01-21 20:36:05:756</time></pt><pt><x>492</x><y>174</y><time>25-01-21 20:36:06:480</time></pt><pt><x>493</x><y>172</y><time>25-01-21 20:36:21:290</time></pt><pt><x>491</x><y>166</y><time>25-01-21 20:36:21:564</time></pt><pt><x>490</x><y>162</y><time>25-01-21 20:36:21:812</time></pt><pt><x>489</x><y>157</y><time>25-01-21 20:36:22:107</time></pt><pt><x>490</x><y>150</y><time>25-01-21 20:36:22:654</time></pt><pt><x>491</x><y>137</y><time>25-01-21 20:36:24:006</time></pt><pt><x>493</x><y>120</y><time>25-01-21 20:36:24:926</time></pt><pt><x>493</x><y>114</y><time>25-01-21 20:36:25:542</time></pt><pt><x>495</x><y>104</y><time>25-01-21 20:36:27:301</time></pt><pt><x>497</x><y>95</y><time>25-01-21 20:36:30:714</time></pt><pt><x>499</x><y>89</y><time>25-01-21 20:36:31:453</time></pt><pt><x>501</x><y>86</y><time>25-01-21 20:36:31:995</time></pt><pt><x>502</x><y>86</y><time>25-01-21 20:36:32:531</time></pt><pt><x>499</x><y>96</y><time>25-01-21 20:36:36:784</time></pt><pt><x>498</x><y>100</y><time>25-01-21 20:36:37:664</time></pt><pt><x>497</x><y>103</y><time>25-01-21 20:36:38:325</time></pt><pt><x>497</x><y>106</y><time>25-01-21 20:36:38:962</time></pt><pt><x>497</x><y>111</y><time>25-01-21 20:36:39:716</time></pt><pt><x>497</x><y>115</y><time>25-01-21 20:36:40:376</time></pt><pt><x>496</x><y>123</y><time>25-01-21 20:36:42:004</time></pt><pt><x>496</x><y>126</y><time>25-01-21 20:36:42:619</time></pt><pt><x>497</x><y>132</y><time>25-01-21 20:36:43:648</time></pt><pt><x>497</x><y>143</y><time>25-01-21 20:36:45:126</time></pt><pt><x>498</x><y>148</y><time>25-01-21 20:36:46:039</time></pt><pt><x>499</x><y>150</y><time>25-01-21 20:36:46:902</time></pt><pt><x>501</x><y>154</y><time>25-01-21 20:36:47:659</time></pt><pt><x>501</x><y>157</y><time>25-01-21 20:36:48:311</time></pt><pt><x>501</x><y>159</y><time>25-01-21 20:36:49:027</time></pt><pt><x>500</x><y>161</y><time>25-01-21 20:36:49:544</time></pt><pt><x>500</x><y>163</y><time>25-01-21 20:36:49:968</time></pt><pt><x>501</x><y>165</y><time>25-01-21 20:36:50:403</time></pt><pt><x>505</x><y>171</y><time>25-01-21 20:36:54:898</time></pt><pt><x>506</x><y>172</y><time>25-01-21 20:36:56:824</time></pt><pt><x>512</x><y>176</y><time>25-01-21 20:36:57:886</time></pt><pt><x>513</x><y>176</y><time>25-01-21 20:36:58:318</time></pt><pt><x>515</x><y>175</y><time>25-01-21 20:36:58:838</time></pt><pt><x>518</x><y>173</y><time>25-01-21 20:37:02:902</time></pt><pt><x>520</x><y>171</y><time>25-01-21 20:37:03:523</time></pt><pt><x>522</x><y>170</y><time>25-01-21 20:37:04:152</time></pt><pt><x>522</x><y>167</y><time>25-01-21 20:37:04:718</time></pt><pt><x>522</x><y>164</y><time>25-01-21 20:37:05:772</time></pt><pt><x>521</x><y>162</y><time>25-01-21 20:37:06:441</time></pt><pt><x>518</x><y>156</y><time>25-01-21 20:37:07:737</time></pt><pt><x>518</x><y>153</y><time>25-01-21 20:37:08:664</time></pt><pt><x>518</x><y>150</y><time>25-01-21 20:37:09:340</time></pt><pt><x>518</x><y>149</y><time>25-01-21 20:37:09:820</time></pt><pt><x>521</x><y>149</y><time>25-01-21 20:37:10:834</time></pt><pt><x>522</x><y>150</y><time>25-01-21 20:37:14:930</time></pt><pt><x>523</x><y>152</y><time>25-01-21 20:37:15:700</time></pt><pt><x>526</x><y>161</y><time>25-01-21 20:37:17:951</time></pt><pt><x>526</x><y>165</y><time>25-01-21 20:37:19:208</time></pt><pt><x>526</x><y>170</y><time>25-01-21 20:37:20:032</time></pt><pt><x>526</x><y>173</y><time>25-01-21 20:37:21:071</time></pt><pt><x>536</x><y>206</y><time>25-01-21 20:37:26:048</time></pt><pt><x>536</x><y>216</y><time>25-01-21 20:37:27:934</time></pt><pt><x>535</x><y>218</y><time>25-01-21 20:37:28:831</time></pt><pt><x>530</x><y>225</y><time>25-01-21 20:37:30:672</time></pt><pt><x>525</x><y>242</y><time>25-01-21 20:37:35:349</time></pt><pt><x>522</x><y>263</y><time>25-01-21 20:37:37:470</time></pt><pt><x>518</x><y>280</y><time>25-01-21 20:37:39:272</time></pt><pt><x>516</x><y>291</y><time>25-01-21 20:37:40:711</time></pt><pt><x>515</x><y>296</y><time>25-01-21 20:37:42:212</time></pt><closed_date>25-01-21 20:37:43:468</closed_date></polygon></object></annotation>