<annotation><filename>frame0045.jpg</filename><folder>users/lab605//7hao/human_20210119_4</folder><source><submittedBy>lab605</submittedBy></source><imagesize><nrows>480</nrows><ncols>640</ncols></imagesize><object><name>person</name><deleted>0</deleted><verified>0</verified><occluded>no</occluded><attributes></attributes><parts><hasparts></hasparts><ispartof></ispartof></parts><date>25-01-21 20:44:37:619</date><id>0</id><polygon><username>7hao</username><pt><x>331</x><y>64</y><time>25-01-21 20:43:00:770</time></pt><pt><x>326</x><y>62</y><time>25-01-21 20:43:01:386</time></pt><pt><x>322</x><y>61</y><time>25-01-21 20:43:01:741</time></pt><pt><x>317</x><y>62</y><time>25-01-21 20:43:02:039</time></pt><pt><x>313</x><y>64</y><time>25-01-21 20:43:02:370</time></pt><pt><x>310</x><y>67</y><time>25-01-21 20:43:02:753</time></pt><pt><x>308</x><y>70</y><time>25-01-21 20:43:03:098</time></pt><pt><x>308</x><y>73</y><time>25-01-21 20:43:03:326</time></pt><pt><x>308</x><y>75</y><time>25-01-21 20:43:03:539</time></pt><pt><x>308</x><y>77</y><time>25-01-21 20:43:03:766</time></pt><pt><x>308</x><y>84</y><time>25-01-21 20:43:04:319</time></pt><pt><x>309</x><y>86</y><time>25-01-21 20:43:04:569</time></pt><pt><x>310</x><y>89</y><time>25-01-21 20:43:04:772</time></pt><pt><x>310</x><y>92</y><time>25-01-21 20:43:05:072</time></pt><pt><x>310</x><y>95</y><time>25-01-21 20:43:06:016</time></pt><pt><x>309</x><y>97</y><time>25-01-21 20:43:06:307</time></pt><pt><x>305</x><y>99</y><time>25-01-21 20:43:06:764</time></pt><pt><x>302</x><y>101</y><time>25-01-21 20:43:17:084</time></pt><pt><x>298</x><y>103</y><time>25-01-21 20:43:17:319</time></pt><pt><x>295</x><y>105</y><time>25-01-21 20:43:17:539</time></pt><pt><x>294</x><y>108</y><time>25-01-21 20:43:17:782</time></pt><pt><x>290</x><y>117</y><time>25-01-21 20:43:18:223</time></pt><pt><x>287</x><y>128</y><time>25-01-21 20:43:18:750</time></pt><pt><x>282</x><y>145</y><time>25-01-21 20:43:20:572</time></pt><pt><x>281</x><y>154</y><time>25-01-21 20:43:20:897</time></pt><pt><x>278</x><y>163</y><time>25-01-21 20:43:21:218</time></pt><pt><x>277</x><y>169</y><time>25-01-21 20:43:21:477</time></pt><pt><x>277</x><y>171</y><time>25-01-21 20:43:21:753</time></pt><pt><x>276</x><y>174</y><time>25-01-21 20:43:21:973</time></pt><pt><x>275</x><y>176</y><time>25-01-21 20:43:22:224</time></pt><pt><x>276</x><y>185</y><time>25-01-21 20:43:23:537</time></pt><pt><x>278</x><y>187</y><time>25-01-21 20:43:23:834</time></pt><pt><x>281</x><y>187</y><time>25-01-21 20:43:24:048</time></pt><pt><x>284</x><y>185</y><time>25-01-21 20:43:24:220</time></pt><pt><x>284</x><y>184</y><time>25-01-21 20:43:24:448</time></pt><pt><x>285</x><y>180</y><time>25-01-21 20:43:24:660</time></pt><pt><x>285</x><y>176</y><time>25-01-21 20:43:24:849</time></pt><pt><x>285</x><y>173</y><time>25-01-21 20:43:25:100</time></pt><pt><x>287</x><y>168</y><time>25-01-21 20:43:25:479</time></pt><pt><x>299</x><y>141</y><time>25-01-21 20:43:27:176</time></pt><pt><x>299</x><y>153</y><time>25-01-21 20:43:27:837</time></pt><pt><x>299</x><y>156</y><time>25-01-21 20:43:28:041</time></pt><pt><x>298</x><y>159</y><time>25-01-21 20:43:28:223</time></pt><pt><x>297</x><y>162</y><time>25-01-21 20:43:28:354</time></pt><pt><x>295</x><y>168</y><time>25-01-21 20:43:28:826</time></pt><pt><x>295</x><y>170</y><time>25-01-21 20:43:29:022</time></pt><pt><x>294</x><y>172</y><time>25-01-21 20:43:29:221</time></pt><pt><x>293</x><y>174</y><time>25-01-21 20:43:29:418</time></pt><pt><x>291</x><y>185</y><time>25-01-21 20:43:31:020</time></pt><pt><x>291</x><y>188</y><time>25-01-21 20:43:31:184</time></pt><pt><x>291</x><y>191</y><time>25-01-21 20:43:31:358</time></pt><pt><x>290</x><y>195</y><time>25-01-21 20:43:31:740</time></pt><pt><x>287</x><y>207</y><time>25-01-21 20:43:40:807</time></pt><pt><x>287</x><y>214</y><time>25-01-21 20:43:41:160</time></pt><pt><x>287</x><y>221</y><time>25-01-21 20:43:41:482</time></pt><pt><x>288</x><y>234</y><time>25-01-21 20:43:41:874</time></pt><pt><x>288</x><y>241</y><time>25-01-21 20:43:42:142</time></pt><pt><x>289</x><y>248</y><time>25-01-21 20:43:42:551</time></pt><pt><x>290</x><y>252</y><time>25-01-21 20:43:42:881</time></pt><pt><x>291</x><y>262</y><time>25-01-21 20:43:44:029</time></pt><pt><x>292</x><y>268</y><time>25-01-21 20:43:44:280</time></pt><pt><x>291</x><y>273</y><time>25-01-21 20:43:44:484</time></pt><pt><x>289</x><y>277</y><time>25-01-21 20:43:44:751</time></pt><pt><x>286</x><y>280</y><time>25-01-21 20:43:45:035</time></pt><pt><x>281</x><y>281</y><time>25-01-21 20:43:45:421</time></pt><pt><x>279</x><y>284</y><time>25-01-21 20:43:45:655</time></pt><pt><x>280</x><y>286</y><time>25-01-21 20:43:45:877</time></pt><pt><x>285</x><y>288</y><time>25-01-21 20:43:46:159</time></pt><pt><x>291</x><y>288</y><time>25-01-21 20:43:52:840</time></pt><pt><x>298</x><y>286</y><time>25-01-21 20:43:53:162</time></pt><pt><x>306</x><y>282</y><time>25-01-21 20:43:53:502</time></pt><pt><x>308</x><y>279</y><time>25-01-21 20:43:53:752</time></pt><pt><x>307</x><y>275</y><time>25-01-21 20:43:53:957</time></pt><pt><x>304</x><y>269</y><time>25-01-21 20:43:54:131</time></pt><pt><x>303</x><y>266</y><time>25-01-21 20:43:54:318</time></pt><pt><x>304</x><y>256</y><time>25-01-21 20:43:54:807</time></pt><pt><x>305</x><y>246</y><time>25-01-21 20:43:55:372</time></pt><pt><x>304</x><y>229</y><time>25-01-21 20:43:56:655</time></pt><pt><x>305</x><y>227</y><time>25-01-21 20:43:56:810</time></pt><pt><x>306</x><y>224</y><time>25-01-21 20:43:57:006</time></pt><pt><x>307</x><y>220</y><time>25-01-21 20:43:57:196</time></pt><pt><x>307</x><y>215</y><time>25-01-21 20:43:57:409</time></pt><pt><x>308</x><y>210</y><time>25-01-21 20:43:58:092</time></pt><pt><x>309</x><y>206</y><time>25-01-21 20:43:58:312</time></pt><pt><x>311</x><y>202</y><time>25-01-21 20:43:58:548</time></pt><pt><x>313</x><y>200</y><time>25-01-21 20:43:58:879</time></pt><pt><x>315</x><y>200</y><time>25-01-21 20:43:59:224</time></pt><pt><x>315</x><y>203</y><time>25-01-21 20:43:59:420</time></pt><pt><x>316</x><y>206</y><time>25-01-21 20:43:59:680</time></pt><pt><x>315</x><y>212</y><time>25-01-21 20:43:59:971</time></pt><pt><x>315</x><y>222</y><time>25-01-21 20:44:00:638</time></pt><pt><x>315</x><y>225</y><time>25-01-21 20:44:00:829</time></pt><pt><x>316</x><y>228</y><time>25-01-21 20:44:00:985</time></pt><pt><x>317</x><y>231</y><time>25-01-21 20:44:01:197</time></pt><pt><x>317</x><y>242</y><time>25-01-21 20:44:01:803</time></pt><pt><x>317</x><y>257</y><time>25-01-21 20:44:03:020</time></pt><pt><x>318</x><y>265</y><time>25-01-21 20:44:03:326</time></pt><pt><x>318</x><y>269</y><time>25-01-21 20:44:03:502</time></pt><pt><x>319</x><y>274</y><time>25-01-21 20:44:03:744</time></pt><pt><x>319</x><y>276</y><time>25-01-21 20:44:03:998</time></pt><pt><x>318</x><y>280</y><time>25-01-21 20:44:04:208</time></pt><pt><x>316</x><y>283</y><time>25-01-21 20:44:04:507</time></pt><pt><x>313</x><y>287</y><time>25-01-21 20:44:08:523</time></pt><pt><x>313</x><y>289</y><time>25-01-21 20:44:08:712</time></pt><pt><x>313</x><y>291</y><time>25-01-21 20:44:08:885</time></pt><pt><x>317</x><y>291</y><time>25-01-21 20:44:09:198</time></pt><pt><x>323</x><y>290</y><time>25-01-21 20:44:09:576</time></pt><pt><x>327</x><y>290</y><time>25-01-21 20:44:09:789</time></pt><pt><x>330</x><y>289</y><time>25-01-21 20:44:10:048</time></pt><pt><x>332</x><y>288</y><time>25-01-21 20:44:10:252</time></pt><pt><x>333</x><y>286</y><time>25-01-21 20:44:10:440</time></pt><pt><x>332</x><y>282</y><time>25-01-21 20:44:10:646</time></pt><pt><x>331</x><y>277</y><time>25-01-21 20:44:10:858</time></pt><pt><x>330</x><y>273</y><time>25-01-21 20:44:11:038</time></pt><pt><x>331</x><y>270</y><time>25-01-21 20:44:11:227</time></pt><pt><x>332</x><y>264</y><time>25-01-21 20:44:11:489</time></pt><pt><x>334</x><y>248</y><time>25-01-21 20:44:12:650</time></pt><pt><x>335</x><y>237</y><time>25-01-21 20:44:13:020</time></pt><pt><x>335</x><y>228</y><time>25-01-21 20:44:13:892</time></pt><pt><x>339</x><y>211</y><time>25-01-21 20:44:14:953</time></pt><pt><x>340</x><y>181</y><time>25-01-21 20:44:16:078</time></pt><pt><x>341</x><y>174</y><time>25-01-21 20:44:16:337</time></pt><pt><x>341</x><y>169</y><time>25-01-21 20:44:16:565</time></pt><pt><x>342</x><y>161</y><time>25-01-21 20:44:16:902</time></pt><pt><x>342</x><y>147</y><time>25-01-21 20:44:17:813</time></pt><pt><x>343</x><y>147</y><time>25-01-21 20:44:18:128</time></pt><pt><x>343</x><y>151</y><time>25-01-21 20:44:18:742</time></pt><pt><x>344</x><y>163</y><time>25-01-21 20:44:19:489</time></pt><pt><x>345</x><y>169</y><time>25-01-21 20:44:19:797</time></pt><pt><x>345</x><y>174</y><time>25-01-21 20:44:20:054</time></pt><pt><x>345</x><y>177</y><time>25-01-21 20:44:20:314</time></pt><pt><x>344</x><y>181</y><time>25-01-21 20:44:20:526</time></pt><pt><x>342</x><y>189</y><time>25-01-21 20:44:21:007</time></pt><pt><x>343</x><y>194</y><time>25-01-21 20:44:21:290</time></pt><pt><x>350</x><y>197</y><time>25-01-21 20:44:25:409</time></pt><pt><x>354</x><y>196</y><time>25-01-21 20:44:25:687</time></pt><pt><x>355</x><y>193</y><time>25-01-21 20:44:25:832</time></pt><pt><x>356</x><y>188</y><time>25-01-21 20:44:26:132</time></pt><pt><x>355</x><y>180</y><time>25-01-21 20:44:26:425</time></pt><pt><x>356</x><y>169</y><time>25-01-21 20:44:26:912</time></pt><pt><x>358</x><y>155</y><time>25-01-21 20:44:28:104</time></pt><pt><x>357</x><y>147</y><time>25-01-21 20:44:28:379</time></pt><pt><x>355</x><y>135</y><time>25-01-21 20:44:28:890</time></pt><pt><x>350</x><y>112</y><time>25-01-21 20:44:30:103</time></pt><pt><x>348</x><y>106</y><time>25-01-21 20:44:30:400</time></pt><pt><x>346</x><y>104</y><time>25-01-21 20:44:30:620</time></pt><pt><x>336</x><y>98</y><time>25-01-21 20:44:31:484</time></pt><pt><x>332</x><y>97</y><time>25-01-21 20:44:31:777</time></pt><pt><x>329</x><y>96</y><time>25-01-21 20:44:32:066</time></pt><pt><x>328</x><y>94</y><time>25-01-21 20:44:32:278</time></pt><pt><x>329</x><y>92</y><time>25-01-21 20:44:32:491</time></pt><pt><x>332</x><y>89</y><time>25-01-21 20:44:32:735</time></pt><pt><x>335</x><y>84</y><time>25-01-21 20:44:33:191</time></pt><pt><x>337</x><y>81</y><time>25-01-21 20:44:33:520</time></pt><pt><x>336</x><y>73</y><time>25-01-21 20:44:34:550</time></pt><pt><x>335</x><y>68</y><time>25-01-21 20:44:34:786</time></pt><pt><x>333</x><y>65</y><time>25-01-21 20:44:35:124</time></pt><closed_date>25-01-21 20:44:35:562</closed_date></polygon></object><object><name>person</name><deleted>0</deleted><verified>0</verified><occluded>no</occluded><attributes></attributes><parts><hasparts></hasparts><ispartof></ispartof></parts><date>25-01-21 20:46:01:286</date><id>1</id><polygon><username>7hao</username><pt><x>568</x><y>7</y><time>25-01-21 20:45:05:080</time></pt><pt><x>557</x><y>18</y><time>25-01-21 20:45:05:857</time></pt><pt><x>553</x><y>28</y><time>25-01-21 20:45:06:165</time></pt><pt><x>550</x><y>45</y><time>25-01-21 20:45:06:565</time></pt><pt><x>547</x><y>59</y><time>25-01-21 20:45:06:918</time></pt><pt><x>545</x><y>71</y><time>25-01-21 20:45:07:194</time></pt><pt><x>541</x><y>88</y><time>25-01-21 20:45:07:429</time></pt><pt><x>540</x><y>106</y><time>25-01-21 20:45:07:925</time></pt><pt><x>538</x><y>116</y><time>25-01-21 20:45:08:223</time></pt><pt><x>537</x><y>132</y><time>25-01-21 20:45:08:711</time></pt><pt><x>534</x><y>157</y><time>25-01-21 20:45:09:465</time></pt><pt><x>532</x><y>170</y><time>25-01-21 20:45:11:101</time></pt><pt><x>538</x><y>176</y><time>25-01-21 20:45:11:398</time></pt><pt><x>546</x><y>179</y><time>25-01-21 20:45:11:667</time></pt><pt><x>550</x><y>179</y><time>25-01-21 20:45:11:879</time></pt><pt><x>552</x><y>175</y><time>25-01-21 20:45:12:066</time></pt><pt><x>552</x><y>169</y><time>25-01-21 20:45:12:254</time></pt><pt><x>551</x><y>163</y><time>25-01-21 20:45:12:429</time></pt><pt><x>551</x><y>156</y><time>25-01-21 20:45:12:616</time></pt><pt><x>552</x><y>150</y><time>25-01-21 20:45:12:805</time></pt><pt><x>555</x><y>133</y><time>25-01-21 20:45:13:142</time></pt><pt><x>557</x><y>120</y><time>25-01-21 20:45:13:489</time></pt><pt><x>560</x><y>111</y><time>25-01-21 20:45:13:858</time></pt><pt><x>561</x><y>110</y><time>25-01-21 20:45:14:087</time></pt><pt><x>563</x><y>112</y><time>25-01-21 20:45:14:275</time></pt><pt><x>563</x><y>115</y><time>25-01-21 20:45:14:457</time></pt><pt><x>564</x><y>122</y><time>25-01-21 20:45:14:677</time></pt><pt><x>563</x><y>132</y><time>25-01-21 20:45:14:913</time></pt><pt><x>568</x><y>163</y><time>25-01-21 20:45:16:523</time></pt><pt><x>574</x><y>178</y><time>25-01-21 20:45:16:965</time></pt><pt><x>577</x><y>189</y><time>25-01-21 20:45:17:255</time></pt><pt><x>580</x><y>200</y><time>25-01-21 20:45:18:033</time></pt><pt><x>582</x><y>211</y><time>25-01-21 20:45:18:339</time></pt><pt><x>584</x><y>217</y><time>25-01-21 20:45:18:583</time></pt><pt><x>590</x><y>231</y><time>25-01-21 20:45:20:297</time></pt><pt><x>591</x><y>235</y><time>25-01-21 20:45:20:509</time></pt><pt><x>590</x><y>243</y><time>25-01-21 20:45:20:660</time></pt><pt><x>584</x><y>253</y><time>25-01-21 20:45:20:973</time></pt><pt><x>578</x><y>262</y><time>25-01-21 20:45:21:169</time></pt><pt><x>569</x><y>274</y><time>25-01-21 20:45:21:389</time></pt><pt><x>563</x><y>280</y><time>25-01-21 20:45:21:609</time></pt><pt><x>557</x><y>282</y><time>25-01-21 20:45:21:815</time></pt><pt><x>554</x><y>286</y><time>25-01-21 20:45:21:986</time></pt><pt><x>551</x><y>291</y><time>25-01-21 20:45:22:097</time></pt><pt><x>545</x><y>298</y><time>25-01-21 20:45:22:304</time></pt><pt><x>545</x><y>305</y><time>25-01-21 20:45:22:529</time></pt><pt><x>549</x><y>310</y><time>25-01-21 20:45:22:725</time></pt><pt><x>558</x><y>317</y><time>25-01-21 20:45:23:017</time></pt><pt><x>576</x><y>334</y><time>25-01-21 20:45:23:629</time></pt><pt><x>589</x><y>340</y><time>25-01-21 20:45:23:991</time></pt><pt><x>595</x><y>345</y><time>25-01-21 20:45:25:578</time></pt><pt><x>597</x><y>340</y><time>25-01-21 20:45:25:799</time></pt><pt><x>597</x><y>334</y><time>25-01-21 20:45:25:956</time></pt><pt><x>592</x><y>328</y><time>25-01-21 20:45:26:223</time></pt><pt><x>589</x><y>324</y><time>25-01-21 20:45:26:420</time></pt><pt><x>586</x><y>318</y><time>25-01-21 20:45:26:601</time></pt><pt><x>590</x><y>308</y><time>25-01-21 20:45:26:814</time></pt><pt><x>597</x><y>298</y><time>25-01-21 20:45:27:167</time></pt><pt><x>600</x><y>298</y><time>25-01-21 20:45:27:371</time></pt><pt><x>602</x><y>302</y><time>25-01-21 20:45:27:544</time></pt><pt><x>601</x><y>307</y><time>25-01-21 20:45:27:701</time></pt><pt><x>601</x><y>309</y><time>25-01-21 20:45:27:836</time></pt><pt><x>601</x><y>313</y><time>25-01-21 20:45:27:969</time></pt><pt><x>603</x><y>317</y><time>25-01-21 20:45:28:111</time></pt><pt><x>603</x><y>319</y><time>25-01-21 20:45:28:259</time></pt><pt><x>605</x><y>319</y><time>25-01-21 20:45:34:139</time></pt><pt><x>607</x><y>325</y><time>25-01-21 20:45:34:305</time></pt><pt><x>607</x><y>330</y><time>25-01-21 20:45:34:461</time></pt><pt><x>610</x><y>335</y><time>25-01-21 20:45:34:659</time></pt><pt><x>620</x><y>336</y><time>25-01-21 20:45:34:909</time></pt><pt><x>630</x><y>333</y><time>25-01-21 20:45:35:203</time></pt><pt><x>633</x><y>328</y><time>25-01-21 20:45:35:413</time></pt><pt><x>634</x><y>319</y><time>25-01-21 20:45:35:624</time></pt><pt><x>630</x><y>302</y><time>25-01-21 20:45:36:048</time></pt><pt><x>623</x><y>287</y><time>25-01-21 20:45:36:428</time></pt><pt><x>621</x><y>280</y><time>25-01-21 20:45:36:622</time></pt><pt><x>623</x><y>267</y><time>25-01-21 20:45:37:015</time></pt><pt><x>629</x><y>258</y><time>25-01-21 20:45:37:433</time></pt><pt><x>635</x><y>255</y><time>25-01-21 20:45:37:739</time></pt><pt><x>637</x><y>255</y><time>25-01-21 20:45:38:125</time></pt><pt><x>639</x><y>255</y><time>25-01-21 20:45:41:354</time></pt><pt><x>639</x><y>138</y><time>25-01-21 20:45:44:453</time></pt><pt><x>639</x><y>132</y><time>25-01-21 20:45:44:972</time></pt><pt><x>638</x><y>130</y><time>25-01-21 20:45:45:153</time></pt><pt><x>637</x><y>126</y><time>25-01-21 20:45:45:325</time></pt><pt><x>637</x><y>121</y><time>25-01-21 20:45:45:544</time></pt><pt><x>639</x><y>118</y><time>25-01-21 20:45:45:719</time></pt><pt><x>638</x><y>114</y><time>25-01-21 20:45:45:900</time></pt><pt><x>637</x><y>111</y><time>25-01-21 20:45:46:089</time></pt><pt><x>638</x><y>109</y><time>25-01-21 20:45:46:276</time></pt><pt><x>640</x><y>105</y><time>25-01-21 20:45:47:102</time></pt><pt><x>639</x><y>25</y><time>25-01-21 20:45:49:754</time></pt><pt><x>635</x><y>14</y><time>25-01-21 20:45:52:151</time></pt><pt><x>629</x><y>7</y><time>25-01-21 20:45:52:660</time></pt><pt><x>623</x><y>4</y><time>25-01-21 20:45:53:116</time></pt><pt><x>618</x><y>3</y><time>25-01-21 20:45:53:416</time></pt><pt><x>609</x><y>3</y><time>25-01-21 20:45:53:752</time></pt><pt><x>607</x><y>2</y><time>25-01-21 20:45:54:077</time></pt><pt><x>607</x><y>1</y><time>25-01-21 20:45:54:399</time></pt><pt><x>608</x><y>0</y><time>25-01-21 20:45:55:617</time></pt><pt><x>565</x><y>0</y><time>25-01-21 20:45:57:141</time></pt><pt><x>566</x><y>2</y><time>25-01-21 20:45:57:700</time></pt><pt><x>567</x><y>4</y><time>25-01-21 20:45:57:935</time></pt><closed_date>25-01-21 20:45:58:166</closed_date></polygon></object><object><name>person</name><deleted>0</deleted><verified>0</verified><occluded>no</occluded><attributes></attributes><parts><hasparts></hasparts><ispartof></ispartof></parts><date>25-01-21 20:47:08:400</date><id>2</id><polygon><username>7hao</username><pt><x>530</x><y>22</y><time>25-01-21 20:46:07:913</time></pt><pt><x>523</x><y>20</y><time>25-01-21 20:46:08:384</time></pt><pt><x>513</x><y>23</y><time>25-01-21 20:46:08:723</time></pt><pt><x>506</x><y>29</y><time>25-01-21 20:46:09:075</time></pt><pt><x>504</x><y>34</y><time>25-01-21 20:46:09:318</time></pt><pt><x>505</x><y>37</y><time>25-01-21 20:46:09:515</time></pt><pt><x>505</x><y>43</y><time>25-01-21 20:46:09:737</time></pt><pt><x>505</x><y>49</y><time>25-01-21 20:46:10:003</time></pt><pt><x>506</x><y>54</y><time>25-01-21 20:46:10:278</time></pt><pt><x>508</x><y>58</y><time>25-01-21 20:46:10:475</time></pt><pt><x>510</x><y>62</y><time>25-01-21 20:46:10:750</time></pt><pt><x>510</x><y>63</y><time>25-01-21 20:46:10:964</time></pt><pt><x>510</x><y>65</y><time>25-01-21 20:46:11:183</time></pt><pt><x>508</x><y>67</y><time>25-01-21 20:46:11:363</time></pt><pt><x>506</x><y>68</y><time>25-01-21 20:46:11:521</time></pt><pt><x>505</x><y>72</y><time>25-01-21 20:46:11:701</time></pt><pt><x>503</x><y>75</y><time>25-01-21 20:46:16:488</time></pt><pt><x>499</x><y>80</y><time>25-01-21 20:46:16:820</time></pt><pt><x>494</x><y>89</y><time>25-01-21 20:46:17:266</time></pt><pt><x>488</x><y>122</y><time>25-01-21 20:46:18:956</time></pt><pt><x>484</x><y>140</y><time>25-01-21 20:46:21:245</time></pt><pt><x>483</x><y>150</y><time>25-01-21 20:46:21:575</time></pt><pt><x>483</x><y>155</y><time>25-01-21 20:46:21:780</time></pt><pt><x>482</x><y>161</y><time>25-01-21 20:46:22:047</time></pt><pt><x>482</x><y>163</y><time>25-01-21 20:46:22:211</time></pt><pt><x>482</x><y>170</y><time>25-01-21 20:46:22:580</time></pt><pt><x>482</x><y>196</y><time>25-01-21 20:46:24:026</time></pt><pt><x>482</x><y>208</y><time>25-01-21 20:46:24:421</time></pt><pt><x>483</x><y>212</y><time>25-01-21 20:46:24:750</time></pt><pt><x>483</x><y>219</y><time>25-01-21 20:46:24:955</time></pt><pt><x>483</x><y>223</y><time>25-01-21 20:46:25:246</time></pt><pt><x>485</x><y>226</y><time>25-01-21 20:46:25:451</time></pt><pt><x>489</x><y>229</y><time>25-01-21 20:46:27:691</time></pt><pt><x>498</x><y>235</y><time>25-01-21 20:46:28:176</time></pt><pt><x>501</x><y>240</y><time>25-01-21 20:46:28:454</time></pt><pt><x>504</x><y>244</y><time>25-01-21 20:46:28:656</time></pt><pt><x>510</x><y>247</y><time>25-01-21 20:46:28:909</time></pt><pt><x>516</x><y>251</y><time>25-01-21 20:46:29:153</time></pt><pt><x>521</x><y>255</y><time>25-01-21 20:46:34:278</time></pt><pt><x>522</x><y>261</y><time>25-01-21 20:46:34:647</time></pt><pt><x>522</x><y>269</y><time>25-01-21 20:46:35:026</time></pt><pt><x>521</x><y>274</y><time>25-01-21 20:46:35:346</time></pt><pt><x>518</x><y>278</y><time>25-01-21 20:46:35:678</time></pt><pt><x>516</x><y>285</y><time>25-01-21 20:46:37:461</time></pt><pt><x>507</x><y>290</y><time>25-01-21 20:46:37:917</time></pt><pt><x>502</x><y>293</y><time>25-01-21 20:46:38:200</time></pt><pt><x>502</x><y>296</y><time>25-01-21 20:46:38:388</time></pt><pt><x>509</x><y>298</y><time>25-01-21 20:46:38:718</time></pt><pt><x>519</x><y>298</y><time>25-01-21 20:46:38:987</time></pt><pt><x>537</x><y>297</y><time>25-01-21 20:46:39:435</time></pt><pt><x>538</x><y>291</y><time>25-01-21 20:46:39:710</time></pt><pt><x>537</x><y>286</y><time>25-01-21 20:46:39:882</time></pt><pt><x>536</x><y>282</y><time>25-01-21 20:46:40:135</time></pt><pt><x>535</x><y>277</y><time>25-01-21 20:46:40:362</time></pt><pt><x>538</x><y>272</y><time>25-01-21 20:46:40:574</time></pt><pt><x>545</x><y>267</y><time>25-01-21 20:46:40:827</time></pt><pt><x>549</x><y>261</y><time>25-01-21 20:46:41:076</time></pt><pt><x>549</x><y>257</y><time>25-01-21 20:46:41:299</time></pt><pt><x>545</x><y>254</y><time>25-01-21 20:46:41:510</time></pt><pt><x>542</x><y>251</y><time>25-01-21 20:46:41:752</time></pt><pt><x>540</x><y>248</y><time>25-01-21 20:46:42:068</time></pt><pt><x>540</x><y>241</y><time>25-01-21 20:46:42:524</time></pt><pt><x>538</x><y>224</y><time>25-01-21 20:46:46:014</time></pt><pt><x>536</x><y>217</y><time>25-01-21 20:46:46:329</time></pt><pt><x>535</x><y>214</y><time>25-01-21 20:46:46:541</time></pt><pt><x>536</x><y>206</y><time>25-01-21 20:46:46:769</time></pt><pt><x>538</x><y>198</y><time>25-01-21 20:46:46:997</time></pt><pt><x>540</x><y>187</y><time>25-01-21 20:46:47:318</time></pt><pt><x>540</x><y>181</y><time>25-01-21 20:46:47:539</time></pt><pt><x>540</x><y>178</y><time>25-01-21 20:46:47:962</time></pt><pt><x>531</x><y>172</y><time>25-01-21 20:46:48:954</time></pt><pt><x>530</x><y>168</y><time>25-01-21 20:46:50:275</time></pt><pt><x>531</x><y>160</y><time>25-01-21 20:46:51:256</time></pt><pt><x>532</x><y>156</y><time>25-01-21 20:46:52:185</time></pt><pt><x>536</x><y>116</y><time>25-01-21 20:46:54:118</time></pt><pt><x>538</x><y>109</y><time>25-01-21 20:46:54:982</time></pt><pt><x>538</x><y>103</y><time>25-01-21 20:46:55:487</time></pt><pt><x>538</x><y>96</y><time>25-01-21 20:46:55:887</time></pt><pt><x>539</x><y>89</y><time>25-01-21 20:46:56:382</time></pt><pt><x>540</x><y>83</y><time>25-01-21 20:46:56:855</time></pt><pt><x>545</x><y>65</y><time>25-01-21 20:47:00:824</time></pt><pt><x>544</x><y>61</y><time>25-01-21 20:47:01:326</time></pt><pt><x>541</x><y>59</y><time>25-01-21 20:47:01:626</time></pt><pt><x>538</x><y>59</y><time>25-01-21 20:47:02:010</time></pt><pt><x>535</x><y>59</y><time>25-01-21 20:47:02:358</time></pt><pt><x>533</x><y>57</y><time>25-01-21 20:47:02:576</time></pt><pt><x>534</x><y>54</y><time>25-01-21 20:47:02:758</time></pt><pt><x>536</x><y>49</y><time>25-01-21 20:47:03:032</time></pt><pt><x>538</x><y>44</y><time>25-01-21 20:47:03:346</time></pt><pt><x>540</x><y>39</y><time>25-01-21 20:47:03:684</time></pt><pt><x>540</x><y>36</y><time>25-01-21 20:47:03:977</time></pt><pt><x>539</x><y>31</y><time>25-01-21 20:47:04:250</time></pt><pt><x>538</x><y>28</y><time>25-01-21 20:47:04:510</time></pt><pt><x>535</x><y>25</y><time>25-01-21 20:47:04:824</time></pt><pt><x>533</x><y>24</y><time>25-01-21 20:47:05:171</time></pt><closed_date>25-01-21 20:47:05:595</closed_date></polygon></object></annotation>