<annotation><filename>frame0074.jpg</filename><folder>users/lab605//7hao/human_20210119_4</folder><source><submittedBy>lab605</submittedBy></source><imagesize><nrows>480</nrows><ncols>640</ncols></imagesize><object><name>person</name><deleted>0</deleted><verified>0</verified><occluded>no</occluded><attributes></attributes><parts><hasparts></hasparts><ispartof></ispartof></parts><date>26-01-21 14:34:06:726</date><id>0</id><polygon><username>7hao</username><pt><x>151</x><y>0</y><time>26-01-21 14:32:08:978</time></pt><pt><x>149</x><y>2</y><time>26-01-21 14:32:09:488</time></pt><pt><x>148</x><y>4</y><time>26-01-21 14:32:09:818</time></pt><pt><x>147</x><y>7</y><time>26-01-21 14:32:10:022</time></pt><pt><x>147</x><y>10</y><time>26-01-21 14:32:10:463</time></pt><pt><x>147</x><y>12</y><time>26-01-21 14:32:10:770</time></pt><pt><x>143</x><y>13</y><time>26-01-21 14:32:11:038</time></pt><pt><x>135</x><y>18</y><time>26-01-21 14:32:11:639</time></pt><pt><x>129</x><y>22</y><time>26-01-21 14:32:12:112</time></pt><pt><x>126</x><y>26</y><time>26-01-21 14:32:12:646</time></pt><pt><x>121</x><y>39</y><time>26-01-21 14:32:15:947</time></pt><pt><x>120</x><y>48</y><time>26-01-21 14:32:16:624</time></pt><pt><x>120</x><y>59</y><time>26-01-21 14:32:17:294</time></pt><pt><x>118</x><y>70</y><time>26-01-21 14:32:17:734</time></pt><pt><x>119</x><y>90</y><time>26-01-21 14:32:18:791</time></pt><pt><x>119</x><y>101</y><time>26-01-21 14:32:19:209</time></pt><pt><x>120</x><y>106</y><time>26-01-21 14:32:19:573</time></pt><pt><x>127</x><y>122</y><time>26-01-21 14:32:20:710</time></pt><pt><x>128</x><y>130</y><time>26-01-21 14:32:21:048</time></pt><pt><x>130</x><y>136</y><time>26-01-21 14:32:21:529</time></pt><pt><x>132</x><y>138</y><time>26-01-21 14:32:21:866</time></pt><pt><x>133</x><y>139</y><time>26-01-21 14:32:22:073</time></pt><pt><x>133</x><y>140</y><time>26-01-21 14:32:22:268</time></pt><pt><x>135</x><y>141</y><time>26-01-21 14:32:22:392</time></pt><pt><x>137</x><y>144</y><time>26-01-21 14:32:22:778</time></pt><pt><x>138</x><y>147</y><time>26-01-21 14:32:23:170</time></pt><pt><x>139</x><y>153</y><time>26-01-21 14:32:24:671</time></pt><pt><x>138</x><y>158</y><time>26-01-21 14:32:25:002</time></pt><pt><x>139</x><y>166</y><time>26-01-21 14:32:25:348</time></pt><pt><x>141</x><y>173</y><time>26-01-21 14:32:25:781</time></pt><pt><x>142</x><y>180</y><time>26-01-21 14:32:26:126</time></pt><pt><x>142</x><y>190</y><time>26-01-21 14:32:27:587</time></pt><pt><x>141</x><y>193</y><time>26-01-21 14:32:27:815</time></pt><pt><x>142</x><y>197</y><time>26-01-21 14:32:27:963</time></pt><pt><x>143</x><y>200</y><time>26-01-21 14:32:28:231</time></pt><pt><x>146</x><y>200</y><time>26-01-21 14:32:30:755</time></pt><pt><x>146</x><y>203</y><time>26-01-21 14:32:31:037</time></pt><pt><x>147</x><y>213</y><time>26-01-21 14:32:31:695</time></pt><pt><x>146</x><y>221</y><time>26-01-21 14:32:32:261</time></pt><pt><x>145</x><y>230</y><time>26-01-21 14:32:33:291</time></pt><pt><x>143</x><y>240</y><time>26-01-21 14:32:33:676</time></pt><pt><x>142</x><y>247</y><time>26-01-21 14:32:34:063</time></pt><pt><x>142</x><y>271</y><time>26-01-21 14:32:35:586</time></pt><pt><x>143</x><y>278</y><time>26-01-21 14:32:35:956</time></pt><pt><x>144</x><y>283</y><time>26-01-21 14:32:36:208</time></pt><pt><x>146</x><y>290</y><time>26-01-21 14:32:36:568</time></pt><pt><x>148</x><y>295</y><time>26-01-21 14:32:36:931</time></pt><pt><x>147</x><y>301</y><time>26-01-21 14:32:37:330</time></pt><pt><x>145</x><y>308</y><time>26-01-21 14:32:38:761</time></pt><pt><x>143</x><y>312</y><time>26-01-21 14:32:39:068</time></pt><pt><x>140</x><y>316</y><time>26-01-21 14:32:39:468</time></pt><pt><x>138</x><y>318</y><time>26-01-21 14:32:39:743</time></pt><pt><x>136</x><y>321</y><time>26-01-21 14:32:40:090</time></pt><pt><x>136</x><y>324</y><time>26-01-21 14:32:40:332</time></pt><pt><x>138</x><y>327</y><time>26-01-21 14:32:40:726</time></pt><pt><x>141</x><y>328</y><time>26-01-21 14:32:40:954</time></pt><pt><x>143</x><y>329</y><time>26-01-21 14:32:41:118</time></pt><pt><x>148</x><y>331</y><time>26-01-21 14:32:41:386</time></pt><pt><x>153</x><y>331</y><time>26-01-21 14:32:41:590</time></pt><pt><x>159</x><y>331</y><time>26-01-21 14:32:41:895</time></pt><pt><x>161</x><y>327</y><time>26-01-21 14:32:42:149</time></pt><pt><x>162</x><y>323</y><time>26-01-21 14:32:42:336</time></pt><pt><x>163</x><y>316</y><time>26-01-21 14:32:42:659</time></pt><pt><x>164</x><y>312</y><time>26-01-21 14:32:42:856</time></pt><pt><x>163</x><y>307</y><time>26-01-21 14:32:43:068</time></pt><pt><x>160</x><y>299</y><time>26-01-21 14:32:43:412</time></pt><pt><x>159</x><y>293</y><time>26-01-21 14:32:43:757</time></pt><pt><x>163</x><y>274</y><time>26-01-21 14:32:45:142</time></pt><pt><x>166</x><y>262</y><time>26-01-21 14:32:52:710</time></pt><pt><x>167</x><y>255</y><time>26-01-21 14:32:53:048</time></pt><pt><x>168</x><y>248</y><time>26-01-21 14:32:55:240</time></pt><pt><x>167</x><y>242</y><time>26-01-21 14:32:55:530</time></pt><pt><x>167</x><y>235</y><time>26-01-21 14:32:57:871</time></pt><pt><x>169</x><y>229</y><time>26-01-21 14:32:58:260</time></pt><pt><x>172</x><y>223</y><time>26-01-21 14:32:58:696</time></pt><pt><x>174</x><y>213</y><time>26-01-21 14:33:00:382</time></pt><pt><x>174</x><y>204</y><time>26-01-21 14:33:00:860</time></pt><pt><x>174</x><y>199</y><time>26-01-21 14:33:01:175</time></pt><pt><x>176</x><y>197</y><time>26-01-21 14:33:01:423</time></pt><pt><x>176</x><y>195</y><time>26-01-21 14:33:01:739</time></pt><pt><x>176</x><y>190</y><time>26-01-21 14:33:02:124</time></pt><pt><x>177</x><y>187</y><time>26-01-21 14:33:02:447</time></pt><pt><x>177</x><y>187</y><time>26-01-21 14:33:02:692</time></pt><pt><x>178</x><y>190</y><time>26-01-21 14:33:02:902</time></pt><pt><x>178</x><y>195</y><time>26-01-21 14:33:03:240</time></pt><pt><x>178</x><y>201</y><time>26-01-21 14:33:08:198</time></pt><pt><x>178</x><y>216</y><time>26-01-21 14:33:08:843</time></pt><pt><x>178</x><y>221</y><time>26-01-21 14:33:09:166</time></pt><pt><x>178</x><y>223</y><time>26-01-21 14:33:09:346</time></pt><pt><x>179</x><y>227</y><time>26-01-21 14:33:09:598</time></pt><pt><x>180</x><y>229</y><time>26-01-21 14:33:09:778</time></pt><pt><x>179</x><y>234</y><time>26-01-21 14:33:10:123</time></pt><pt><x>178</x><y>249</y><time>26-01-21 14:33:11:405</time></pt><pt><x>177</x><y>257</y><time>26-01-21 14:33:11:688</time></pt><pt><x>178</x><y>264</y><time>26-01-21 14:33:11:931</time></pt><pt><x>179</x><y>282</y><time>26-01-21 14:33:12:993</time></pt><pt><x>180</x><y>289</y><time>26-01-21 14:33:13:260</time></pt><pt><x>180</x><y>298</y><time>26-01-21 14:33:13:598</time></pt><pt><x>178</x><y>304</y><time>26-01-21 14:33:13:928</time></pt><pt><x>177</x><y>308</y><time>26-01-21 14:33:14:289</time></pt><pt><x>175</x><y>310</y><time>26-01-21 14:33:15:360</time></pt><pt><x>174</x><y>314</y><time>26-01-21 14:33:15:594</time></pt><pt><x>174</x><y>331</y><time>26-01-21 14:33:17:118</time></pt><pt><x>177</x><y>333</y><time>26-01-21 14:33:17:466</time></pt><pt><x>186</x><y>332</y><time>26-01-21 14:33:17:794</time></pt><pt><x>195</x><y>330</y><time>26-01-21 14:33:18:187</time></pt><pt><x>207</x><y>328</y><time>26-01-21 14:33:18:548</time></pt><pt><x>214</x><y>326</y><time>26-01-21 14:33:18:933</time></pt><pt><x>215</x><y>324</y><time>26-01-21 14:33:19:170</time></pt><pt><x>214</x><y>320</y><time>26-01-21 14:33:19:359</time></pt><pt><x>211</x><y>317</y><time>26-01-21 14:33:19:655</time></pt><pt><x>204</x><y>313</y><time>26-01-21 14:33:20:103</time></pt><pt><x>199</x><y>310</y><time>26-01-21 14:33:20:396</time></pt><pt><x>196</x><y>307</y><time>26-01-21 14:33:20:661</time></pt><pt><x>194</x><y>304</y><time>26-01-21 14:33:20:868</time></pt><pt><x>193</x><y>300</y><time>26-01-21 14:33:21:187</time></pt><pt><x>194</x><y>296</y><time>26-01-21 14:33:21:526</time></pt><pt><x>202</x><y>269</y><time>26-01-21 14:33:22:689</time></pt><pt><x>203</x><y>259</y><time>26-01-21 14:33:23:122</time></pt><pt><x>204</x><y>251</y><time>26-01-21 14:33:23:719</time></pt><pt><x>203</x><y>238</y><time>26-01-21 14:33:25:000</time></pt><pt><x>202</x><y>230</y><time>26-01-21 14:33:32:262</time></pt><pt><x>202</x><y>222</y><time>26-01-21 14:33:32:702</time></pt><pt><x>204</x><y>214</y><time>26-01-21 14:33:33:534</time></pt><pt><x>207</x><y>208</y><time>26-01-21 14:33:33:927</time></pt><pt><x>209</x><y>207</y><time>26-01-21 14:33:34:233</time></pt><pt><x>212</x><y>207</y><time>26-01-21 14:33:34:501</time></pt><pt><x>214</x><y>205</y><time>26-01-21 14:33:34:824</time></pt><pt><x>214</x><y>203</y><time>26-01-21 14:33:35:240</time></pt><pt><x>216</x><y>195</y><time>26-01-21 14:33:39:704</time></pt><pt><x>217</x><y>190</y><time>26-01-21 14:33:40:239</time></pt><pt><x>218</x><y>187</y><time>26-01-21 14:33:40:677</time></pt><pt><x>220</x><y>178</y><time>26-01-21 14:33:43:491</time></pt><pt><x>223</x><y>168</y><time>26-01-21 14:33:44:065</time></pt><pt><x>226</x><y>160</y><time>26-01-21 14:33:44:734</time></pt><pt><x>227</x><y>151</y><time>26-01-21 14:33:45:158</time></pt><pt><x>227</x><y>146</y><time>26-01-21 14:33:45:779</time></pt><pt><x>229</x><y>140</y><time>26-01-21 14:33:46:187</time></pt><pt><x>231</x><y>138</y><time>26-01-21 14:33:46:558</time></pt><pt><x>231</x><y>136</y><time>26-01-21 14:33:46:831</time></pt><pt><x>231</x><y>133</y><time>26-01-21 14:33:47:893</time></pt><pt><x>232</x><y>129</y><time>26-01-21 14:33:48:090</time></pt><pt><x>234</x><y>125</y><time>26-01-21 14:33:48:371</time></pt><pt><x>234</x><y>119</y><time>26-01-21 14:33:48:797</time></pt><pt><x>234</x><y>103</y><time>26-01-21 14:33:49:889</time></pt><pt><x>233</x><y>93</y><time>26-01-21 14:33:50:375</time></pt><pt><x>230</x><y>69</y><time>26-01-21 14:33:51:462</time></pt><pt><x>228</x><y>59</y><time>26-01-21 14:33:52:098</time></pt><pt><x>228</x><y>50</y><time>26-01-21 14:33:52:600</time></pt><pt><x>222</x><y>33</y><time>26-01-21 14:33:53:889</time></pt><pt><x>214</x><y>21</y><time>26-01-21 14:33:54:918</time></pt><pt><x>209</x><y>17</y><time>26-01-21 14:33:55:446</time></pt><pt><x>205</x><y>14</y><time>26-01-21 14:33:58:007</time></pt><pt><x>204</x><y>12</y><time>26-01-21 14:33:58:258</time></pt><pt><x>201</x><y>11</y><time>26-01-21 14:33:58:471</time></pt><pt><x>200</x><y>9</y><time>26-01-21 14:33:58:637</time></pt><pt><x>199</x><y>6</y><time>26-01-21 14:33:58:879</time></pt><pt><x>200</x><y>4</y><time>26-01-21 14:33:59:078</time></pt><pt><x>201</x><y>2</y><time>26-01-21 14:33:59:351</time></pt><pt><x>201</x><y>0</y><time>26-01-21 14:33:59:932</time></pt><closed_date>26-01-21 14:34:03:971</closed_date></polygon></object><object><name>person</name><deleted>0</deleted><verified>0</verified><occluded>no</occluded><attributes></attributes><parts><hasparts></hasparts><ispartof></ispartof></parts><date>26-01-21 14:35:20:893</date><id>1</id><polygon><username>7hao</username><pt><x>392</x><y>58</y><time>26-01-21 14:34:10:679</time></pt><pt><x>384</x><y>57</y><time>26-01-21 14:34:11:163</time></pt><pt><x>376</x><y>58</y><time>26-01-21 14:34:11:485</time></pt><pt><x>370</x><y>62</y><time>26-01-21 14:34:11:843</time></pt><pt><x>366</x><y>66</y><time>26-01-21 14:34:12:162</time></pt><pt><x>365</x><y>69</y><time>26-01-21 14:34:12:350</time></pt><pt><x>366</x><y>75</y><time>26-01-21 14:34:12:530</time></pt><pt><x>368</x><y>78</y><time>26-01-21 14:34:12:878</time></pt><pt><x>369</x><y>80</y><time>26-01-21 14:34:13:106</time></pt><pt><x>369</x><y>83</y><time>26-01-21 14:34:13:270</time></pt><pt><x>371</x><y>85</y><time>26-01-21 14:34:13:452</time></pt><pt><x>369</x><y>90</y><time>26-01-21 14:34:15:346</time></pt><pt><x>369</x><y>95</y><time>26-01-21 14:34:15:721</time></pt><pt><x>368</x><y>97</y><time>26-01-21 14:34:15:911</time></pt><pt><x>365</x><y>98</y><time>26-01-21 14:34:16:318</time></pt><pt><x>364</x><y>99</y><time>26-01-21 14:34:16:467</time></pt><pt><x>359</x><y>99</y><time>26-01-21 14:34:16:805</time></pt><pt><x>356</x><y>100</y><time>26-01-21 14:34:16:972</time></pt><pt><x>353</x><y>105</y><time>26-01-21 14:34:17:294</time></pt><pt><x>350</x><y>117</y><time>26-01-21 14:34:19:598</time></pt><pt><x>347</x><y>124</y><time>26-01-21 14:34:20:178</time></pt><pt><x>346</x><y>126</y><time>26-01-21 14:34:20:398</time></pt><pt><x>346</x><y>130</y><time>26-01-21 14:34:20:601</time></pt><pt><x>348</x><y>135</y><time>26-01-21 14:34:20:932</time></pt><pt><x>352</x><y>139</y><time>26-01-21 14:34:21:340</time></pt><pt><x>356</x><y>140</y><time>26-01-21 14:34:21:646</time></pt><pt><x>358</x><y>140</y><time>26-01-21 14:34:21:843</time></pt><pt><x>361</x><y>139</y><time>26-01-21 14:34:22:204</time></pt><pt><x>360</x><y>142</y><time>26-01-21 14:34:22:504</time></pt><pt><x>360</x><y>149</y><time>26-01-21 14:34:23:981</time></pt><pt><x>359</x><y>155</y><time>26-01-21 14:34:24:493</time></pt><pt><x>358</x><y>160</y><time>26-01-21 14:34:24:790</time></pt><pt><x>359</x><y>170</y><time>26-01-21 14:34:26:953</time></pt><pt><x>360</x><y>175</y><time>26-01-21 14:34:27:202</time></pt><pt><x>359</x><y>179</y><time>26-01-21 14:34:27:470</time></pt><pt><x>356</x><y>192</y><time>26-01-21 14:34:28:655</time></pt><pt><x>357</x><y>204</y><time>26-01-21 14:34:29:064</time></pt><pt><x>357</x><y>219</y><time>26-01-21 14:34:30:338</time></pt><pt><x>359</x><y>228</y><time>26-01-21 14:34:30:686</time></pt><pt><x>360</x><y>232</y><time>26-01-21 14:34:30:904</time></pt><pt><x>359</x><y>236</y><time>26-01-21 14:34:31:077</time></pt><pt><x>358</x><y>242</y><time>26-01-21 14:34:31:666</time></pt><pt><x>356</x><y>255</y><time>26-01-21 14:34:32:798</time></pt><pt><x>356</x><y>261</y><time>26-01-21 14:34:32:977</time></pt><pt><x>356</x><y>271</y><time>26-01-21 14:34:33:291</time></pt><pt><x>355</x><y>275</y><time>26-01-21 14:34:33:593</time></pt><pt><x>355</x><y>277</y><time>26-01-21 14:34:33:755</time></pt><pt><x>355</x><y>279</y><time>26-01-21 14:34:33:907</time></pt><pt><x>356</x><y>281</y><time>26-01-21 14:34:34:078</time></pt><pt><x>356</x><y>283</y><time>26-01-21 14:34:34:254</time></pt><pt><x>356</x><y>284</y><time>26-01-21 14:34:34:469</time></pt><pt><x>355</x><y>291</y><time>26-01-21 14:34:35:754</time></pt><pt><x>353</x><y>294</y><time>26-01-21 14:34:36:019</time></pt><pt><x>351</x><y>297</y><time>26-01-21 14:34:36:209</time></pt><pt><x>349</x><y>298</y><time>26-01-21 14:34:36:522</time></pt><pt><x>349</x><y>300</y><time>26-01-21 14:34:36:680</time></pt><pt><x>349</x><y>303</y><time>26-01-21 14:34:36:867</time></pt><pt><x>351</x><y>305</y><time>26-01-21 14:34:37:200</time></pt><pt><x>356</x><y>305</y><time>26-01-21 14:34:37:471</time></pt><pt><x>361</x><y>305</y><time>26-01-21 14:34:37:725</time></pt><pt><x>363</x><y>305</y><time>26-01-21 14:34:37:977</time></pt><pt><x>364</x><y>304</y><time>26-01-21 14:34:38:213</time></pt><pt><x>365</x><y>304</y><time>26-01-21 14:34:38:400</time></pt><pt><x>367</x><y>303</y><time>26-01-21 14:34:38:619</time></pt><pt><x>367</x><y>299</y><time>26-01-21 14:34:39:027</time></pt><pt><x>366</x><y>297</y><time>26-01-21 14:34:39:248</time></pt><pt><x>367</x><y>291</y><time>26-01-21 14:34:39:491</time></pt><pt><x>369</x><y>283</y><time>26-01-21 14:34:39:875</time></pt><pt><x>372</x><y>273</y><time>26-01-21 14:34:40:277</time></pt><pt><x>373</x><y>265</y><time>26-01-21 14:34:40:669</time></pt><pt><x>376</x><y>243</y><time>26-01-21 14:34:41:727</time></pt><pt><x>378</x><y>234</y><time>26-01-21 14:34:42:107</time></pt><pt><x>379</x><y>226</y><time>26-01-21 14:34:42:776</time></pt><pt><x>380</x><y>221</y><time>26-01-21 14:34:43:097</time></pt><pt><x>381</x><y>218</y><time>26-01-21 14:34:43:412</time></pt><pt><x>381</x><y>218</y><time>26-01-21 14:34:43:821</time></pt><pt><x>382</x><y>224</y><time>26-01-21 14:34:44:253</time></pt><pt><x>381</x><y>230</y><time>26-01-21 14:34:44:630</time></pt><pt><x>381</x><y>233</y><time>26-01-21 14:34:44:788</time></pt><pt><x>382</x><y>235</y><time>26-01-21 14:34:44:938</time></pt><pt><x>382</x><y>241</y><time>26-01-21 14:34:45:308</time></pt><pt><x>382</x><y>270</y><time>26-01-21 14:34:46:370</time></pt><pt><x>383</x><y>278</y><time>26-01-21 14:34:46:668</time></pt><pt><x>383</x><y>282</y><time>26-01-21 14:34:46:878</time></pt><pt><x>384</x><y>286</y><time>26-01-21 14:34:47:167</time></pt><pt><x>385</x><y>289</y><time>26-01-21 14:34:47:459</time></pt><pt><x>385</x><y>291</y><time>26-01-21 14:34:47:618</time></pt><pt><x>384</x><y>295</y><time>26-01-21 14:34:47:914</time></pt><pt><x>383</x><y>297</y><time>26-01-21 14:34:48:080</time></pt><pt><x>382</x><y>301</y><time>26-01-21 14:34:48:441</time></pt><pt><x>386</x><y>302</y><time>26-01-21 14:34:48:747</time></pt><pt><x>388</x><y>301</y><time>26-01-21 14:34:48:984</time></pt><pt><x>390</x><y>303</y><time>26-01-21 14:34:49:283</time></pt><pt><x>393</x><y>304</y><time>26-01-21 14:34:49:518</time></pt><pt><x>400</x><y>304</y><time>26-01-21 14:34:49:816</time></pt><pt><x>403</x><y>303</y><time>26-01-21 14:34:50:203</time></pt><pt><x>404</x><y>300</y><time>26-01-21 14:34:50:594</time></pt><pt><x>402</x><y>296</y><time>26-01-21 14:34:50:916</time></pt><pt><x>398</x><y>292</y><time>26-01-21 14:34:51:240</time></pt><pt><x>396</x><y>287</y><time>26-01-21 14:34:51:435</time></pt><pt><x>396</x><y>282</y><time>26-01-21 14:34:51:663</time></pt><pt><x>398</x><y>277</y><time>26-01-21 14:34:51:897</time></pt><pt><x>398</x><y>269</y><time>26-01-21 14:34:52:215</time></pt><pt><x>399</x><y>263</y><time>26-01-21 14:34:52:606</time></pt><pt><x>401</x><y>246</y><time>26-01-21 14:34:53:751</time></pt><pt><x>400</x><y>243</y><time>26-01-21 14:34:53:991</time></pt><pt><x>399</x><y>239</y><time>26-01-21 14:34:54:155</time></pt><pt><x>401</x><y>234</y><time>26-01-21 14:34:54:360</time></pt><pt><x>402</x><y>231</y><time>26-01-21 14:34:54:577</time></pt><pt><x>402</x><y>224</y><time>26-01-21 14:34:54:798</time></pt><pt><x>403</x><y>219</y><time>26-01-21 14:34:55:111</time></pt><pt><x>406</x><y>202</y><time>26-01-21 14:34:56:126</time></pt><pt><x>408</x><y>194</y><time>26-01-21 14:34:56:517</time></pt><pt><x>408</x><y>188</y><time>26-01-21 14:34:56:778</time></pt><pt><x>410</x><y>181</y><time>26-01-21 14:34:58:004</time></pt><pt><x>408</x><y>174</y><time>26-01-21 14:34:58:319</time></pt><pt><x>408</x><y>171</y><time>26-01-21 14:34:58:499</time></pt><pt><x>408</x><y>167</y><time>26-01-21 14:34:58:701</time></pt><pt><x>409</x><y>165</y><time>26-01-21 14:34:58:906</time></pt><pt><x>409</x><y>162</y><time>26-01-21 14:34:59:089</time></pt><pt><x>408</x><y>160</y><time>26-01-21 14:34:59:227</time></pt><pt><x>408</x><y>158</y><time>26-01-21 14:34:59:362</time></pt><pt><x>408</x><y>155</y><time>26-01-21 14:34:59:613</time></pt><pt><x>408</x><y>152</y><time>26-01-21 14:34:59:865</time></pt><pt><x>406</x><y>145</y><time>26-01-21 14:35:01:075</time></pt><pt><x>406</x><y>141</y><time>26-01-21 14:35:01:265</time></pt><pt><x>409</x><y>143</y><time>26-01-21 14:35:01:553</time></pt><pt><x>411</x><y>154</y><time>26-01-21 14:35:02:018</time></pt><pt><x>413</x><y>170</y><time>26-01-21 14:35:03:228</time></pt><pt><x>415</x><y>176</y><time>26-01-21 14:35:03:426</time></pt><pt><x>416</x><y>180</y><time>26-01-21 14:35:03:659</time></pt><pt><x>417</x><y>183</y><time>26-01-21 14:35:03:817</time></pt><pt><x>417</x><y>186</y><time>26-01-21 14:35:03:952</time></pt><pt><x>416</x><y>189</y><time>26-01-21 14:35:04:165</time></pt><pt><x>416</x><y>193</y><time>26-01-21 14:35:04:338</time></pt><pt><x>416</x><y>199</y><time>26-01-21 14:35:04:587</time></pt><pt><x>418</x><y>203</y><time>26-01-21 14:35:04:879</time></pt><pt><x>422</x><y>202</y><time>26-01-21 14:35:05:122</time></pt><pt><x>424</x><y>198</y><time>26-01-21 14:35:05:343</time></pt><pt><x>425</x><y>194</y><time>26-01-21 14:35:05:618</time></pt><pt><x>425</x><y>191</y><time>26-01-21 14:35:05:773</time></pt><pt><x>425</x><y>186</y><time>26-01-21 14:35:05:978</time></pt><pt><x>425</x><y>182</y><time>26-01-21 14:35:06:159</time></pt><pt><x>426</x><y>178</y><time>26-01-21 14:35:06:380</time></pt><pt><x>426</x><y>170</y><time>26-01-21 14:35:06:608</time></pt><pt><x>426</x><y>160</y><time>26-01-21 14:35:07:069</time></pt><pt><x>422</x><y>132</y><time>26-01-21 14:35:08:227</time></pt><pt><x>420</x><y>118</y><time>26-01-21 14:35:08:853</time></pt><pt><x>416</x><y>108</y><time>26-01-21 14:35:09:311</time></pt><pt><x>414</x><y>104</y><time>26-01-21 14:35:10:669</time></pt><pt><x>408</x><y>101</y><time>26-01-21 14:35:10:984</time></pt><pt><x>401</x><y>99</y><time>26-01-21 14:35:11:283</time></pt><pt><x>397</x><y>97</y><time>26-01-21 14:35:11:550</time></pt><pt><x>393</x><y>95</y><time>26-01-21 14:35:11:871</time></pt><pt><x>393</x><y>93</y><time>26-01-21 14:35:12:075</time></pt><pt><x>394</x><y>89</y><time>26-01-21 14:35:12:265</time></pt><pt><x>396</x><y>84</y><time>26-01-21 14:35:13:559</time></pt><pt><x>399</x><y>80</y><time>26-01-21 14:35:13:773</time></pt><pt><x>399</x><y>76</y><time>26-01-21 14:35:13:921</time></pt><pt><x>398</x><y>74</y><time>26-01-21 14:35:14:104</time></pt><pt><x>397</x><y>71</y><time>26-01-21 14:35:14:261</time></pt><pt><x>397</x><y>68</y><time>26-01-21 14:35:14:505</time></pt><pt><x>396</x><y>65</y><time>26-01-21 14:35:14:724</time></pt><pt><x>395</x><y>62</y><time>26-01-21 14:35:15:014</time></pt><pt><x>394</x><y>60</y><time>26-01-21 14:35:15:320</time></pt><closed_date>26-01-21 14:35:18:659</closed_date></polygon></object><object><name>person</name><deleted>1</deleted><verified>0</verified><occluded>no</occluded><attributes></attributes><parts><hasparts></hasparts><ispartof></ispartof></parts><date>26-01-21 14:36:07:197</date><id>2</id><polygon><username>7hao</username><pt><x>639</x><y>56</y><time>26-01-21 14:35:26:744</time></pt><pt><x>631</x><y>57</y><time>26-01-21 14:35:27:344</time></pt><pt><x>624</x><y>62</y><time>26-01-21 14:35:27:730</time></pt><pt><x>616</x><y>70</y><time>26-01-21 14:35:28:288</time></pt><pt><x>613</x><y>79</y><time>26-01-21 14:35:28:743</time></pt><pt><x>608</x><y>86</y><time>26-01-21 14:35:29:206</time></pt><pt><x>597</x><y>99</y><time>26-01-21 14:35:30:606</time></pt><pt><x>587</x><y>111</y><time>26-01-21 14:35:31:289</time></pt><pt><x>580</x><y>118</y><time>26-01-21 14:35:31:767</time></pt><pt><x>573</x><y>125</y><time>26-01-21 14:35:32:852</time></pt><pt><x>569</x><y>127</y><time>26-01-21 14:35:33:127</time></pt><pt><x>566</x><y>129</y><time>26-01-21 14:35:33:316</time></pt><pt><x>565</x><y>131</y><time>26-01-21 14:35:33:482</time></pt><pt><x>566</x><y>137</y><time>26-01-21 14:35:33:755</time></pt><pt><x>568</x><y>141</y><time>26-01-21 14:35:34:424</time></pt><pt><x>573</x><y>141</y><time>26-01-21 14:35:34:654</time></pt><pt><x>578</x><y>140</y><time>26-01-21 14:35:35:014</time></pt><pt><x>581</x><y>137</y><time>26-01-21 14:35:35:245</time></pt><pt><x>585</x><y>133</y><time>26-01-21 14:35:35:502</time></pt><pt><x>595</x><y>129</y><time>26-01-21 14:35:35:863</time></pt><pt><x>604</x><y>123</y><time>26-01-21 14:35:36:263</time></pt><pt><x>613</x><y>115</y><time>26-01-21 14:35:36:741</time></pt><pt><x>617</x><y>110</y><time>26-01-21 14:35:37:175</time></pt><pt><x>620</x><y>107</y><time>26-01-21 14:35:37:491</time></pt><pt><x>621</x><y>110</y><time>26-01-21 14:35:37:930</time></pt><pt><x>620</x><y>120</y><time>26-01-21 14:35:38:372</time></pt><pt><x>619</x><y>125</y><time>26-01-21 14:35:38:801</time></pt><pt><x>618</x><y>130</y><time>26-01-21 14:35:39:061</time></pt><pt><x>618</x><y>135</y><time>26-01-21 14:35:39:296</time></pt><pt><x>618</x><y>142</y><time>26-01-21 14:35:39:588</time></pt><pt><x>617</x><y>146</y><time>26-01-21 14:35:39:862</time></pt><pt><x>617</x><y>151</y><time>26-01-21 14:35:40:090</time></pt><pt><x>619</x><y>152</y><time>26-01-21 14:35:40:287</time></pt><pt><x>620</x><y>153</y><time>26-01-21 14:35:40:460</time></pt><pt><x>619</x><y>156</y><time>26-01-21 14:35:41:662</time></pt><pt><x>617</x><y>159</y><time>26-01-21 14:35:41:850</time></pt><pt><x>616</x><y>162</y><time>26-01-21 14:35:41:991</time></pt><pt><x>615</x><y>165</y><time>26-01-21 14:35:42:156</time></pt><pt><x>612</x><y>167</y><time>26-01-21 14:35:42:308</time></pt><pt><x>610</x><y>171</y><time>26-01-21 14:35:42:588</time></pt><pt><x>609</x><y>175</y><time>26-01-21 14:35:42:784</time></pt><pt><x>612</x><y>179</y><time>26-01-21 14:35:43:036</time></pt><pt><x>612</x><y>181</y><time>26-01-21 14:35:43:203</time></pt><pt><x>611</x><y>186</y><time>26-01-21 14:35:44:271</time></pt><pt><x>609</x><y>194</y><time>26-01-21 14:35:44:601</time></pt><pt><x>607</x><y>203</y><time>26-01-21 14:35:45:009</time></pt><pt><x>605</x><y>214</y><time>26-01-21 14:35:45:943</time></pt><pt><x>605</x><y>220</y><time>26-01-21 14:35:46:132</time></pt><pt><x>606</x><y>228</y><time>26-01-21 14:35:46:416</time></pt><pt><x>607</x><y>251</y><time>26-01-21 14:35:47:980</time></pt><pt><x>607</x><y>260</y><time>26-01-21 14:35:48:333</time></pt><pt><x>612</x><y>280</y><time>26-01-21 14:35:49:427</time></pt><pt><x>614</x><y>289</y><time>26-01-21 14:35:49:804</time></pt><pt><x>617</x><y>298</y><time>26-01-21 14:35:50:920</time></pt><pt><x>617</x><y>302</y><time>26-01-21 14:35:51:123</time></pt><pt><x>614</x><y>304</y><time>26-01-21 14:35:51:390</time></pt><pt><x>611</x><y>307</y><time>26-01-21 14:35:51:721</time></pt><pt><x>608</x><y>310</y><time>26-01-21 14:35:51:878</time></pt><pt><x>607</x><y>311</y><time>26-01-21 14:35:52:050</time></pt><pt><x>607</x><y>314</y><time>26-01-21 14:35:52:232</time></pt><pt><x>609</x><y>317</y><time>26-01-21 14:35:52:454</time></pt><pt><x>614</x><y>318</y><time>26-01-21 14:35:52:757</time></pt><pt><x>623</x><y>318</y><time>26-01-21 14:35:53:064</time></pt><pt><x>626</x><y>316</y><time>26-01-21 14:35:53:294</time></pt><pt><x>634</x><y>314</y><time>26-01-21 14:35:54:025</time></pt><pt><x>638</x><y>313</y><time>26-01-21 14:35:54:267</time></pt><pt><x>640</x><y>313</y><time>26-01-21 14:35:54:635</time></pt><pt><x>640</x><y>231</y><time>26-01-21 14:35:58:025</time></pt><pt><x>635</x><y>230</y><time>26-01-21 14:35:58:621</time></pt><pt><x>634</x><y>227</y><time>26-01-21 14:35:59:086</time></pt><pt><x>636</x><y>224</y><time>26-01-21 14:35:59:399</time></pt><pt><x>638</x><y>221</y><time>26-01-21 14:35:59:698</time></pt><pt><x>639</x><y>219</y><time>26-01-21 14:36:00:122</time></pt><pt><x>640</x><y>216</y><time>26-01-21 14:36:00:452</time></pt><closed_date>26-01-21 14:36:04:643</closed_date></polygon></object><object><name>person</name><deleted>0</deleted><verified>0</verified><occluded>no</occluded><attributes></attributes><parts><hasparts></hasparts><ispartof></ispartof></parts><date>26-01-21 14:37:22:457</date><id>3</id><polygon><username>7hao</username><pt><x>640</x><y>55</y><time>26-01-21 14:36:37:954</time></pt><pt><x>635</x><y>57</y><time>26-01-21 14:36:38:637</time></pt><pt><x>627</x><y>60</y><time>26-01-21 14:36:39:047</time></pt><pt><x>622</x><y>63</y><time>26-01-21 14:36:39:320</time></pt><pt><x>617</x><y>71</y><time>26-01-21 14:36:39:878</time></pt><pt><x>611</x><y>82</y><time>26-01-21 14:36:41:080</time></pt><pt><x>605</x><y>91</y><time>26-01-21 14:36:41:466</time></pt><pt><x>589</x><y>110</y><time>26-01-21 14:36:47:768</time></pt><pt><x>579</x><y>120</y><time>26-01-21 14:36:48:571</time></pt><pt><x>572</x><y>125</y><time>26-01-21 14:36:49:544</time></pt><pt><x>569</x><y>126</y><time>26-01-21 14:36:49:834</time></pt><pt><x>567</x><y>128</y><time>26-01-21 14:36:50:022</time></pt><pt><x>565</x><y>134</y><time>26-01-21 14:36:50:290</time></pt><pt><x>568</x><y>139</y><time>26-01-21 14:36:50:574</time></pt><pt><x>573</x><y>142</y><time>26-01-21 14:36:51:038</time></pt><pt><x>579</x><y>141</y><time>26-01-21 14:36:51:273</time></pt><pt><x>582</x><y>137</y><time>26-01-21 14:36:51:444</time></pt><pt><x>585</x><y>134</y><time>26-01-21 14:36:51:683</time></pt><pt><x>596</x><y>128</y><time>26-01-21 14:36:52:043</time></pt><pt><x>607</x><y>120</y><time>26-01-21 14:36:54:785</time></pt><pt><x>614</x><y>114</y><time>26-01-21 14:36:55:219</time></pt><pt><x>617</x><y>109</y><time>26-01-21 14:36:55:539</time></pt><pt><x>620</x><y>106</y><time>26-01-21 14:36:55:846</time></pt><pt><x>621</x><y>108</y><time>26-01-21 14:36:56:238</time></pt><pt><x>620</x><y>118</y><time>26-01-21 14:36:56:693</time></pt><pt><x>619</x><y>125</y><time>26-01-21 14:36:57:025</time></pt><pt><x>618</x><y>128</y><time>26-01-21 14:36:57:206</time></pt><pt><x>618</x><y>133</y><time>26-01-21 14:36:57:411</time></pt><pt><x>618</x><y>137</y><time>26-01-21 14:36:57:640</time></pt><pt><x>618</x><y>143</y><time>26-01-21 14:36:57:882</time></pt><pt><x>618</x><y>148</y><time>26-01-21 14:36:58:116</time></pt><pt><x>619</x><y>152</y><time>26-01-21 14:36:58:445</time></pt><pt><x>619</x><y>154</y><time>26-01-21 14:36:58:739</time></pt><pt><x>617</x><y>158</y><time>26-01-21 14:36:58:966</time></pt><pt><x>615</x><y>160</y><time>26-01-21 14:36:59:256</time></pt><pt><x>614</x><y>162</y><time>26-01-21 14:36:59:431</time></pt><pt><x>615</x><y>164</y><time>26-01-21 14:37:02:377</time></pt><pt><x>612</x><y>167</y><time>26-01-21 14:37:02:613</time></pt><pt><x>610</x><y>169</y><time>26-01-21 14:37:02:777</time></pt><pt><x>609</x><y>176</y><time>26-01-21 14:37:03:147</time></pt><pt><x>611</x><y>179</y><time>26-01-21 14:37:03:375</time></pt><pt><x>613</x><y>181</y><time>26-01-21 14:37:03:539</time></pt><pt><x>612</x><y>183</y><time>26-01-21 14:37:03:712</time></pt><pt><x>610</x><y>186</y><time>26-01-21 14:37:03:892</time></pt><pt><x>609</x><y>191</y><time>26-01-21 14:37:04:200</time></pt><pt><x>605</x><y>207</y><time>26-01-21 14:37:05:284</time></pt><pt><x>604</x><y>218</y><time>26-01-21 14:37:05:551</time></pt><pt><x>605</x><y>229</y><time>26-01-21 14:37:05:998</time></pt><pt><x>607</x><y>255</y><time>26-01-21 14:37:07:045</time></pt><pt><x>609</x><y>270</y><time>26-01-21 14:37:07:484</time></pt><pt><x>612</x><y>281</y><time>26-01-21 14:37:07:948</time></pt><pt><x>617</x><y>298</y><time>26-01-21 14:37:09:456</time></pt><pt><x>617</x><y>302</y><time>26-01-21 14:37:09:717</time></pt><pt><x>617</x><y>304</y><time>26-01-21 14:37:09:899</time></pt><pt><x>612</x><y>306</y><time>26-01-21 14:37:10:210</time></pt><pt><x>610</x><y>307</y><time>26-01-21 14:37:10:376</time></pt><pt><x>608</x><y>310</y><time>26-01-21 14:37:10:595</time></pt><pt><x>607</x><y>314</y><time>26-01-21 14:37:11:012</time></pt><pt><x>609</x><y>318</y><time>26-01-21 14:37:11:217</time></pt><pt><x>612</x><y>319</y><time>26-01-21 14:37:11:397</time></pt><pt><x>621</x><y>319</y><time>26-01-21 14:37:11:688</time></pt><pt><x>629</x><y>317</y><time>26-01-21 14:37:12:010</time></pt><pt><x>633</x><y>315</y><time>26-01-21 14:37:12:238</time></pt><pt><x>636</x><y>313</y><time>26-01-21 14:37:12:467</time></pt><pt><x>639</x><y>313</y><time>26-01-21 14:37:12:755</time></pt><pt><x>640</x><y>313</y><time>26-01-21 14:37:13:180</time></pt><pt><x>640</x><y>232</y><time>26-01-21 14:37:15:351</time></pt><pt><x>635</x><y>230</y><time>26-01-21 14:37:15:933</time></pt><pt><x>634</x><y>228</y><time>26-01-21 14:37:16:261</time></pt><pt><x>635</x><y>226</y><time>26-01-21 14:37:16:442</time></pt><pt><x>638</x><y>222</y><time>26-01-21 14:37:16:702</time></pt><pt><x>640</x><y>219</y><time>26-01-21 14:37:16:960</time></pt><closed_date>26-01-21 14:37:19:981</closed_date></polygon></object></annotation>