<annotation><filename>frame0020.jpg</filename><folder>users/lab605//7hao/human_20210119_4</folder><source><submittedBy>lab605</submittedBy></source><imagesize><nrows>480</nrows><ncols>640</ncols></imagesize><object><name>person</name><deleted>0</deleted><verified>0</verified><occluded>no</occluded><attributes></attributes><parts><hasparts></hasparts><ispartof></ispartof></parts><date>21-01-21 16:37:15:971</date><id>0</id><polygon><username>7hao</username><pt><x>489</x><y>57</y><time>21-01-21 16:35:52:576</time></pt><pt><x>485</x><y>57</y><time>21-01-21 16:35:52:978</time></pt><pt><x>481</x><y>59</y><time>21-01-21 16:35:53:285</time></pt><pt><x>478</x><y>63</y><time>21-01-21 16:35:53:687</time></pt><pt><x>477</x><y>68</y><time>21-01-21 16:35:54:185</time></pt><pt><x>477</x><y>74</y><time>21-01-21 16:35:54:569</time></pt><pt><x>478</x><y>76</y><time>21-01-21 16:35:54:835</time></pt><pt><x>479</x><y>81</y><time>21-01-21 16:35:55:189</time></pt><pt><x>480</x><y>84</y><time>21-01-21 16:35:55:464</time></pt><pt><x>482</x><y>87</y><time>21-01-21 16:35:55:743</time></pt><pt><x>483</x><y>90</y><time>21-01-21 16:35:56:071</time></pt><pt><x>475</x><y>92</y><time>21-01-21 16:35:56:558</time></pt><pt><x>468</x><y>97</y><time>21-01-21 16:35:57:165</time></pt><pt><x>461</x><y>100</y><time>21-01-21 16:35:59:981</time></pt><pt><x>459</x><y>105</y><time>21-01-21 16:36:00:233</time></pt><pt><x>456</x><y>117</y><time>21-01-21 16:36:00:813</time></pt><pt><x>455</x><y>127</y><time>21-01-21 16:36:01:285</time></pt><pt><x>453</x><y>136</y><time>21-01-21 16:36:01:845</time></pt><pt><x>453</x><y>154</y><time>21-01-21 16:36:02:923</time></pt><pt><x>454</x><y>166</y><time>21-01-21 16:36:03:356</time></pt><pt><x>456</x><y>174</y><time>21-01-21 16:36:03:843</time></pt><pt><x>460</x><y>186</y><time>21-01-21 16:36:05:068</time></pt><pt><x>460</x><y>191</y><time>21-01-21 16:36:05:463</time></pt><pt><x>462</x><y>196</y><time>21-01-21 16:36:05:851</time></pt><pt><x>464</x><y>198</y><time>21-01-21 16:36:06:447</time></pt><pt><x>466</x><y>200</y><time>21-01-21 16:36:06:817</time></pt><pt><x>465</x><y>207</y><time>21-01-21 16:36:07:187</time></pt><pt><x>464</x><y>212</y><time>21-01-21 16:36:07:525</time></pt><pt><x>462</x><y>221</y><time>21-01-21 16:36:08:782</time></pt><pt><x>464</x><y>226</y><time>21-01-21 16:36:09:075</time></pt><pt><x>466</x><y>230</y><time>21-01-21 16:36:09:429</time></pt><pt><x>462</x><y>233</y><time>21-01-21 16:36:09:711</time></pt><pt><x>463</x><y>239</y><time>21-01-21 16:36:10:175</time></pt><pt><x>461</x><y>264</y><time>21-01-21 16:36:11:662</time></pt><pt><x>463</x><y>270</y><time>21-01-21 16:36:11:963</time></pt><pt><x>462</x><y>274</y><time>21-01-21 16:36:12:197</time></pt><pt><x>460</x><y>276</y><time>21-01-21 16:36:12:441</time></pt><pt><x>460</x><y>291</y><time>21-01-21 16:36:13:661</time></pt><pt><x>459</x><y>294</y><time>21-01-21 16:36:13:943</time></pt><pt><x>461</x><y>299</y><time>21-01-21 16:36:14:251</time></pt><pt><x>464</x><y>301</y><time>21-01-21 16:36:14:612</time></pt><pt><x>470</x><y>301</y><time>21-01-21 16:36:15:045</time></pt><pt><x>474</x><y>301</y><time>21-01-21 16:36:15:438</time></pt><pt><x>476</x><y>300</y><time>21-01-21 16:36:15:824</time></pt><pt><x>477</x><y>297</y><time>21-01-21 16:36:16:098</time></pt><pt><x>475</x><y>292</y><time>21-01-21 16:36:16:468</time></pt><pt><x>474</x><y>282</y><time>21-01-21 16:36:17:058</time></pt><pt><x>475</x><y>276</y><time>21-01-21 16:36:17:477</time></pt><pt><x>475</x><y>273</y><time>21-01-21 16:36:17:807</time></pt><pt><x>476</x><y>268</y><time>21-01-21 16:36:18:185</time></pt><pt><x>477</x><y>267</y><time>21-01-21 16:36:18:405</time></pt><pt><x>481</x><y>248</y><time>21-01-21 16:36:21:143</time></pt><pt><x>482</x><y>241</y><time>21-01-21 16:36:21:591</time></pt><pt><x>483</x><y>236</y><time>21-01-21 16:36:21:881</time></pt><pt><x>486</x><y>230</y><time>21-01-21 16:36:22:275</time></pt><pt><x>490</x><y>215</y><time>21-01-21 16:36:23:384</time></pt><pt><x>490</x><y>210</y><time>21-01-21 16:36:23:699</time></pt><pt><x>491</x><y>206</y><time>21-01-21 16:36:23:974</time></pt><pt><x>492</x><y>206</y><time>21-01-21 16:36:24:462</time></pt><pt><x>493</x><y>210</y><time>21-01-21 16:36:24:777</time></pt><pt><x>494</x><y>218</y><time>21-01-21 16:36:25:225</time></pt><pt><x>496</x><y>232</y><time>21-01-21 16:36:25:871</time></pt><pt><x>497</x><y>238</y><time>21-01-21 16:36:26:287</time></pt><pt><x>499</x><y>240</y><time>21-01-21 16:36:26:659</time></pt><pt><x>499</x><y>257</y><time>21-01-21 16:36:27:987</time></pt><pt><x>499</x><y>268</y><time>21-01-21 16:36:28:379</time></pt><pt><x>501</x><y>277</y><time>21-01-21 16:36:28:885</time></pt><pt><x>503</x><y>284</y><time>21-01-21 16:36:30:236</time></pt><pt><x>503</x><y>288</y><time>21-01-21 16:36:30:550</time></pt><pt><x>502</x><y>291</y><time>21-01-21 16:36:30:762</time></pt><pt><x>501</x><y>293</y><time>21-01-21 16:36:31:015</time></pt><pt><x>500</x><y>296</y><time>21-01-21 16:36:31:235</time></pt><pt><x>501</x><y>299</y><time>21-01-21 16:36:31:503</time></pt><pt><x>502</x><y>299</y><time>21-01-21 16:36:31:998</time></pt><pt><x>504</x><y>301</y><time>21-01-21 16:36:32:258</time></pt><pt><x>506</x><y>301</y><time>21-01-21 16:36:32:502</time></pt><pt><x>510</x><y>301</y><time>21-01-21 16:36:32:848</time></pt><pt><x>516</x><y>302</y><time>21-01-21 16:36:34:611</time></pt><pt><x>517</x><y>300</y><time>21-01-21 16:36:34:900</time></pt><pt><x>517</x><y>297</y><time>21-01-21 16:36:35:201</time></pt><pt><x>516</x><y>290</y><time>21-01-21 16:36:35:640</time></pt><pt><x>515</x><y>285</y><time>21-01-21 16:36:35:979</time></pt><pt><x>515</x><y>283</y><time>21-01-21 16:36:36:246</time></pt><pt><x>516</x><y>280</y><time>21-01-21 16:36:36:467</time></pt><pt><x>516</x><y>273</y><time>21-01-21 16:36:36:914</time></pt><pt><x>517</x><y>267</y><time>21-01-21 16:36:37:946</time></pt><pt><x>518</x><y>258</y><time>21-01-21 16:36:38:315</time></pt><pt><x>519</x><y>250</y><time>21-01-21 16:36:38:740</time></pt><pt><x>518</x><y>238</y><time>21-01-21 16:36:39:677</time></pt><pt><x>519</x><y>227</y><time>21-01-21 16:36:40:101</time></pt><pt><x>520</x><y>219</y><time>21-01-21 16:36:40:564</time></pt><pt><x>522</x><y>213</y><time>21-01-21 16:36:41:878</time></pt><pt><x>524</x><y>207</y><time>21-01-21 16:36:42:390</time></pt><pt><x>522</x><y>196</y><time>21-01-21 16:36:43:578</time></pt><pt><x>521</x><y>184</y><time>21-01-21 16:36:44:144</time></pt><pt><x>519</x><y>158</y><time>21-01-21 16:36:45:324</time></pt><pt><x>520</x><y>154</y><time>21-01-21 16:36:45:732</time></pt><pt><x>522</x><y>164</y><time>21-01-21 16:36:46:631</time></pt><pt><x>524</x><y>177</y><time>21-01-21 16:36:47:968</time></pt><pt><x>524</x><y>181</y><time>21-01-21 16:36:48:267</time></pt><pt><x>524</x><y>184</y><time>21-01-21 16:36:48:486</time></pt><pt><x>523</x><y>187</y><time>21-01-21 16:36:48:950</time></pt><pt><x>523</x><y>190</y><time>21-01-21 16:36:50:862</time></pt><pt><x>523</x><y>194</y><time>21-01-21 16:36:51:540</time></pt><pt><x>524</x><y>198</y><time>21-01-21 16:36:52:011</time></pt><pt><x>525</x><y>200</y><time>21-01-21 16:36:52:531</time></pt><pt><x>528</x><y>199</y><time>21-01-21 16:36:52:885</time></pt><pt><x>531</x><y>194</y><time>21-01-21 16:36:53:293</time></pt><pt><x>531</x><y>189</y><time>21-01-21 16:36:53:695</time></pt><pt><x>531</x><y>186</y><time>21-01-21 16:36:53:977</time></pt><pt><x>533</x><y>184</y><time>21-01-21 16:36:54:260</time></pt><pt><x>533</x><y>180</y><time>21-01-21 16:36:54:692</time></pt><pt><x>534</x><y>158</y><time>21-01-21 16:36:57:124</time></pt><pt><x>534</x><y>131</y><time>21-01-21 16:36:58:210</time></pt><pt><x>531</x><y>120</y><time>21-01-21 16:36:58:801</time></pt><pt><x>528</x><y>107</y><time>21-01-21 16:36:59:595</time></pt><pt><x>525</x><y>98</y><time>21-01-21 16:37:00:152</time></pt><pt><x>517</x><y>94</y><time>21-01-21 16:37:00:681</time></pt><pt><x>509</x><y>92</y><time>21-01-21 16:37:02:354</time></pt><pt><x>498</x><y>90</y><time>21-01-21 16:37:02:898</time></pt><pt><x>499</x><y>87</y><time>21-01-21 16:37:05:882</time></pt><pt><x>502</x><y>84</y><time>21-01-21 16:37:06:289</time></pt><pt><x>504</x><y>81</y><time>21-01-21 16:37:06:689</time></pt><pt><x>507</x><y>78</y><time>21-01-21 16:37:07:106</time></pt><pt><x>508</x><y>73</y><time>21-01-21 16:37:07:592</time></pt><pt><x>509</x><y>66</y><time>21-01-21 16:37:09:032</time></pt><pt><x>507</x><y>61</y><time>21-01-21 16:37:09:395</time></pt><pt><x>503</x><y>56</y><time>21-01-21 16:37:09:749</time></pt><pt><x>499</x><y>55</y><time>21-01-21 16:37:10:095</time></pt><pt><x>495</x><y>55</y><time>21-01-21 16:37:10:393</time></pt><pt><x>492</x><y>55</y><time>21-01-21 16:37:10:717</time></pt><closed_date>21-01-21 16:37:11:356</closed_date></polygon></object><object><name>person</name><deleted>0</deleted><verified>0</verified><occluded>no</occluded><attributes></attributes><parts><hasparts></hasparts><ispartof></ispartof></parts><date>21-01-21 16:39:00:721</date><id>1</id><polygon><username>7hao</username><pt><x>243</x><y>60</y><time>21-01-21 16:37:20:922</time></pt><pt><x>238</x><y>60</y><time>21-01-21 16:37:21:313</time></pt><pt><x>232</x><y>62</y><time>21-01-21 16:37:21:825</time></pt><pt><x>227</x><y>65</y><time>21-01-21 16:37:22:257</time></pt><pt><x>226</x><y>68</y><time>21-01-21 16:37:22:579</time></pt><pt><x>226</x><y>70</y><time>21-01-21 16:37:22:783</time></pt><pt><x>225</x><y>73</y><time>21-01-21 16:37:23:018</time></pt><pt><x>226</x><y>77</y><time>21-01-21 16:37:23:383</time></pt><pt><x>226</x><y>81</y><time>21-01-21 16:37:23:800</time></pt><pt><x>227</x><y>84</y><time>21-01-21 16:37:24:201</time></pt><pt><x>228</x><y>88</y><time>21-01-21 16:37:24:515</time></pt><pt><x>227</x><y>92</y><time>21-01-21 16:37:24:963</time></pt><pt><x>221</x><y>94</y><time>21-01-21 16:37:25:536</time></pt><pt><x>218</x><y>97</y><time>21-01-21 16:37:25:993</time></pt><pt><x>217</x><y>99</y><time>21-01-21 16:37:26:330</time></pt><pt><x>214</x><y>100</y><time>21-01-21 16:37:26:740</time></pt><pt><x>210</x><y>100</y><time>21-01-21 16:37:30:374</time></pt><pt><x>206</x><y>102</y><time>21-01-21 16:37:30:777</time></pt><pt><x>201</x><y>108</y><time>21-01-21 16:37:31:146</time></pt><pt><x>199</x><y>118</y><time>21-01-21 16:37:31:601</time></pt><pt><x>194</x><y>130</y><time>21-01-21 16:37:32:287</time></pt><pt><x>190</x><y>145</y><time>21-01-21 16:37:33:639</time></pt><pt><x>186</x><y>152</y><time>21-01-21 16:37:34:111</time></pt><pt><x>180</x><y>164</y><time>21-01-21 16:37:34:906</time></pt><pt><x>179</x><y>173</y><time>21-01-21 16:37:36:267</time></pt><pt><x>177</x><y>179</y><time>21-01-21 16:37:41:121</time></pt><pt><x>176</x><y>184</y><time>21-01-21 16:37:41:521</time></pt><pt><x>176</x><y>189</y><time>21-01-21 16:37:41:796</time></pt><pt><x>181</x><y>196</y><time>21-01-21 16:37:42:185</time></pt><pt><x>183</x><y>196</y><time>21-01-21 16:37:42:590</time></pt><pt><x>184</x><y>194</y><time>21-01-21 16:37:42:954</time></pt><pt><x>186</x><y>190</y><time>21-01-21 16:37:43:371</time></pt><pt><x>187</x><y>185</y><time>21-01-21 16:37:43:669</time></pt><pt><x>188</x><y>180</y><time>21-01-21 16:37:44:031</time></pt><pt><x>190</x><y>175</y><time>21-01-21 16:37:44:425</time></pt><pt><x>193</x><y>169</y><time>21-01-21 16:37:44:865</time></pt><pt><x>205</x><y>149</y><time>21-01-21 16:37:46:460</time></pt><pt><x>204</x><y>160</y><time>21-01-21 16:37:47:124</time></pt><pt><x>204</x><y>167</y><time>21-01-21 16:37:47:485</time></pt><pt><x>204</x><y>170</y><time>21-01-21 16:37:47:734</time></pt><pt><x>204</x><y>174</y><time>21-01-21 16:37:47:987</time></pt><pt><x>203</x><y>177</y><time>21-01-21 16:37:48:333</time></pt><pt><x>203</x><y>182</y><time>21-01-21 16:37:48:954</time></pt><pt><x>205</x><y>186</y><time>21-01-21 16:37:49:309</time></pt><pt><x>205</x><y>191</y><time>21-01-21 16:37:49:702</time></pt><pt><x>205</x><y>210</y><time>21-01-21 16:37:51:282</time></pt><pt><x>205</x><y>239</y><time>21-01-21 16:37:52:385</time></pt><pt><x>205</x><y>251</y><time>21-01-21 16:37:52:903</time></pt><pt><x>208</x><y>284</y><time>21-01-21 16:37:54:083</time></pt><pt><x>208</x><y>291</y><time>21-01-21 16:37:54:444</time></pt><pt><x>207</x><y>296</y><time>21-01-21 16:37:54:720</time></pt><pt><x>206</x><y>299</y><time>21-01-21 16:37:55:059</time></pt><pt><x>204</x><y>303</y><time>21-01-21 16:37:55:372</time></pt><pt><x>205</x><y>305</y><time>21-01-21 16:37:55:776</time></pt><pt><x>218</x><y>306</y><time>21-01-21 16:37:58:598</time></pt><pt><x>221</x><y>304</y><time>21-01-21 16:37:59:040</time></pt><pt><x>223</x><y>303</y><time>21-01-21 16:37:59:360</time></pt><pt><x>225</x><y>303</y><time>21-01-21 16:37:59:816</time></pt><pt><x>226</x><y>300</y><time>21-01-21 16:38:00:210</time></pt><pt><x>225</x><y>296</y><time>21-01-21 16:38:00:776</time></pt><pt><x>223</x><y>293</y><time>21-01-21 16:38:01:216</time></pt><pt><x>224</x><y>284</y><time>21-01-21 16:38:01:872</time></pt><pt><x>226</x><y>279</y><time>21-01-21 16:38:02:444</time></pt><pt><x>227</x><y>258</y><time>21-01-21 16:38:03:656</time></pt><pt><x>224</x><y>250</y><time>21-01-21 16:38:04:089</time></pt><pt><x>224</x><y>246</y><time>21-01-21 16:38:04:451</time></pt><pt><x>226</x><y>242</y><time>21-01-21 16:38:04:867</time></pt><pt><x>226</x><y>230</y><time>21-01-21 16:38:06:181</time></pt><pt><x>227</x><y>224</y><time>21-01-21 16:38:06:605</time></pt><pt><x>229</x><y>218</y><time>21-01-21 16:38:07:069</time></pt><pt><x>229</x><y>211</y><time>21-01-21 16:38:07:918</time></pt><pt><x>230</x><y>214</y><time>21-01-21 16:38:08:383</time></pt><pt><x>231</x><y>218</y><time>21-01-21 16:38:08:793</time></pt><pt><x>230</x><y>223</y><time>21-01-21 16:38:09:177</time></pt><pt><x>229</x><y>229</y><time>21-01-21 16:38:09:587</time></pt><pt><x>229</x><y>235</y><time>21-01-21 16:38:09:925</time></pt><pt><x>232</x><y>240</y><time>21-01-21 16:38:10:216</time></pt><pt><x>232</x><y>244</y><time>21-01-21 16:38:10:665</time></pt><pt><x>231</x><y>249</y><time>21-01-21 16:38:10:971</time></pt><pt><x>231</x><y>252</y><time>21-01-21 16:38:11:199</time></pt><pt><x>231</x><y>254</y><time>21-01-21 16:38:11:435</time></pt><pt><x>230</x><y>258</y><time>21-01-21 16:38:11:847</time></pt><pt><x>228</x><y>270</y><time>21-01-21 16:38:13:126</time></pt><pt><x>227</x><y>278</y><time>21-01-21 16:38:13:897</time></pt><pt><x>226</x><y>283</y><time>21-01-21 16:38:14:874</time></pt><pt><x>225</x><y>286</y><time>21-01-21 16:38:15:589</time></pt><pt><x>228</x><y>288</y><time>21-01-21 16:38:15:996</time></pt><pt><x>233</x><y>292</y><time>21-01-21 16:38:16:477</time></pt><pt><x>237</x><y>295</y><time>21-01-21 16:38:16:863</time></pt><pt><x>239</x><y>297</y><time>21-01-21 16:38:17:210</time></pt><pt><x>245</x><y>298</y><time>21-01-21 16:38:17:608</time></pt><pt><x>251</x><y>297</y><time>21-01-21 16:38:18:096</time></pt><pt><x>252</x><y>293</y><time>21-01-21 16:38:18:923</time></pt><pt><x>248</x><y>290</y><time>21-01-21 16:38:19:418</time></pt><pt><x>245</x><y>285</y><time>21-01-21 16:38:19:877</time></pt><pt><x>247</x><y>278</y><time>21-01-21 16:38:20:354</time></pt><pt><x>250</x><y>270</y><time>21-01-21 16:38:20:850</time></pt><pt><x>251</x><y>260</y><time>21-01-21 16:38:21:502</time></pt><pt><x>252</x><y>244</y><time>21-01-21 16:38:24:782</time></pt><pt><x>253</x><y>239</y><time>21-01-21 16:38:25:160</time></pt><pt><x>257</x><y>231</y><time>21-01-21 16:38:25:633</time></pt><pt><x>259</x><y>212</y><time>21-01-21 16:38:26:930</time></pt><pt><x>259</x><y>204</y><time>21-01-21 16:38:27:458</time></pt><pt><x>257</x><y>198</y><time>21-01-21 16:38:28:314</time></pt><pt><x>259</x><y>194</y><time>21-01-21 16:38:28:708</time></pt><pt><x>258</x><y>190</y><time>21-01-21 16:38:29:117</time></pt><pt><x>255</x><y>186</y><time>21-01-21 16:38:29:604</time></pt><pt><x>255</x><y>180</y><time>21-01-21 16:38:31:100</time></pt><pt><x>255</x><y>178</y><time>21-01-21 16:38:31:424</time></pt><pt><x>256</x><y>173</y><time>21-01-21 16:38:31:927</time></pt><pt><x>257</x><y>154</y><time>21-01-21 16:38:33:114</time></pt><pt><x>257</x><y>150</y><time>21-01-21 16:38:33:608</time></pt><pt><x>260</x><y>157</y><time>21-01-21 16:38:36:968</time></pt><pt><x>263</x><y>163</y><time>21-01-21 16:38:37:393</time></pt><pt><x>265</x><y>168</y><time>21-01-21 16:38:37:701</time></pt><pt><x>268</x><y>172</y><time>21-01-21 16:38:37:983</time></pt><pt><x>270</x><y>176</y><time>21-01-21 16:38:38:315</time></pt><pt><x>272</x><y>178</y><time>21-01-21 16:38:38:706</time></pt><pt><x>271</x><y>180</y><time>21-01-21 16:38:39:141</time></pt><pt><x>271</x><y>184</y><time>21-01-21 16:38:42:270</time></pt><pt><x>272</x><y>187</y><time>21-01-21 16:38:42:570</time></pt><pt><x>272</x><y>190</y><time>21-01-21 16:38:42:823</time></pt><pt><x>274</x><y>192</y><time>21-01-21 16:38:43:122</time></pt><pt><x>277</x><y>191</y><time>21-01-21 16:38:43:405</time></pt><pt><x>279</x><y>189</y><time>21-01-21 16:38:43:750</time></pt><pt><x>282</x><y>187</y><time>21-01-21 16:38:44:064</time></pt><pt><x>282</x><y>183</y><time>21-01-21 16:38:44:317</time></pt><pt><x>281</x><y>180</y><time>21-01-21 16:38:44:679</time></pt><pt><x>280</x><y>178</y><time>21-01-21 16:38:44:952</time></pt><pt><x>280</x><y>175</y><time>21-01-21 16:38:45:220</time></pt><pt><x>280</x><y>169</y><time>21-01-21 16:38:45:582</time></pt><pt><x>270</x><y>136</y><time>21-01-21 16:38:46:770</time></pt><pt><x>265</x><y>122</y><time>21-01-21 16:38:47:414</time></pt><pt><x>264</x><y>113</y><time>21-01-21 16:38:50:366</time></pt><pt><x>261</x><y>110</y><time>21-01-21 16:38:50:916</time></pt><pt><x>261</x><y>104</y><time>21-01-21 16:38:51:852</time></pt><pt><x>257</x><y>100</y><time>21-01-21 16:38:52:222</time></pt><pt><x>251</x><y>97</y><time>21-01-21 16:38:52:592</time></pt><pt><x>246</x><y>97</y><time>21-01-21 16:38:52:954</time></pt><pt><x>244</x><y>96</y><time>21-01-21 16:38:53:285</time></pt><pt><x>248</x><y>93</y><time>21-01-21 16:38:54:717</time></pt><pt><x>250</x><y>90</y><time>21-01-21 16:38:55:124</time></pt><pt><x>252</x><y>85</y><time>21-01-21 16:38:55:582</time></pt><pt><x>253</x><y>81</y><time>21-01-21 16:38:55:974</time></pt><pt><x>253</x><y>74</y><time>21-01-21 16:38:56:454</time></pt><pt><x>252</x><y>70</y><time>21-01-21 16:38:56:991</time></pt><pt><x>251</x><y>65</y><time>21-01-21 16:38:57:470</time></pt><pt><x>248</x><y>62</y><time>21-01-21 16:38:57:895</time></pt><pt><x>245</x><y>61</y><time>21-01-21 16:38:58:312</time></pt><closed_date>21-01-21 16:38:58:674</closed_date></polygon></object><object><name>person</name><deleted>0</deleted><verified>0</verified><occluded>no</occluded><attributes></attributes><parts><hasparts></hasparts><ispartof></ispartof></parts><date>21-01-21 16:39:35:711</date><id>2</id><polygon><username>7hao</username><pt><x>547</x><y>268</y><time>21-01-21 16:39:12:348</time></pt><pt><x>543</x><y>268</y><time>21-01-21 16:39:12:844</time></pt><pt><x>540</x><y>267</y><time>21-01-21 16:39:13:262</time></pt><pt><x>536</x><y>264</y><time>21-01-21 16:39:13:703</time></pt><pt><x>533</x><y>261</y><time>21-01-21 16:39:14:166</time></pt><pt><x>528</x><y>252</y><time>21-01-21 16:39:15:802</time></pt><pt><x>526</x><y>247</y><time>21-01-21 16:39:16:196</time></pt><pt><x>525</x><y>241</y><time>21-01-21 16:39:16:698</time></pt><pt><x>523</x><y>237</y><time>21-01-21 16:39:17:093</time></pt><pt><x>523</x><y>234</y><time>21-01-21 16:39:17:479</time></pt><pt><x>523</x><y>228</y><time>21-01-21 16:39:18:753</time></pt><pt><x>523</x><y>224</y><time>21-01-21 16:39:19:070</time></pt><pt><x>523</x><y>221</y><time>21-01-21 16:39:19:401</time></pt><pt><x>521</x><y>219</y><time>21-01-21 16:39:19:831</time></pt><pt><x>520</x><y>224</y><time>21-01-21 16:39:21:270</time></pt><pt><x>519</x><y>229</y><time>21-01-21 16:39:22:152</time></pt><pt><x>519</x><y>233</y><time>21-01-21 16:39:22:772</time></pt><pt><x>519</x><y>237</y><time>21-01-21 16:39:23:504</time></pt><pt><x>519</x><y>241</y><time>21-01-21 16:39:24:403</time></pt><pt><x>519</x><y>245</y><time>21-01-21 16:39:25:078</time></pt><pt><x>520</x><y>250</y><time>21-01-21 16:39:25:840</time></pt><pt><x>520</x><y>254</y><time>21-01-21 16:39:26:471</time></pt><pt><x>523</x><y>259</y><time>21-01-21 16:39:26:974</time></pt><pt><x>526</x><y>264</y><time>21-01-21 16:39:27:422</time></pt><pt><x>526</x><y>267</y><time>21-01-21 16:39:29:028</time></pt><pt><x>526</x><y>270</y><time>21-01-21 16:39:29:375</time></pt><pt><x>524</x><y>273</y><time>21-01-21 16:39:29:689</time></pt><pt><x>526</x><y>277</y><time>21-01-21 16:39:29:949</time></pt><pt><x>528</x><y>279</y><time>21-01-21 16:39:30:278</time></pt><pt><x>533</x><y>278</y><time>21-01-21 16:39:30:664</time></pt><pt><x>538</x><y>276</y><time>21-01-21 16:39:31:042</time></pt><pt><x>544</x><y>274</y><time>21-01-21 16:39:31:381</time></pt><pt><x>547</x><y>271</y><time>21-01-21 16:39:31:828</time></pt><pt><x>549</x><y>270</y><time>21-01-21 16:39:32:340</time></pt><closed_date>21-01-21 16:39:32:758</closed_date></polygon></object><object><name>person</name><deleted>0</deleted><verified>0</verified><occluded>no</occluded><attributes></attributes><parts><hasparts></hasparts><ispartof></ispartof></parts><date>21-01-21 16:40:02:734</date><id>3</id><polygon><username>7hao</username><pt><x>491</x><y>275</y><time>21-01-21 16:39:47:995</time></pt><pt><x>492</x><y>271</y><time>21-01-21 16:39:48:516</time></pt><pt><x>493</x><y>268</y><time>21-01-21 16:39:48:903</time></pt><pt><x>494</x><y>265</y><time>21-01-21 16:39:49:312</time></pt><pt><x>496</x><y>263</y><time>21-01-21 16:39:49:720</time></pt><pt><x>496</x><y>256</y><time>21-01-21 16:39:50:594</time></pt><pt><x>496</x><y>248</y><time>21-01-21 16:39:51:672</time></pt><pt><x>497</x><y>243</y><time>21-01-21 16:39:52:294</time></pt><pt><x>498</x><y>240</y><time>21-01-21 16:39:52:860</time></pt><pt><x>498</x><y>241</y><time>21-01-21 16:39:54:316</time></pt><pt><x>498</x><y>267</y><time>21-01-21 16:39:55:880</time></pt><pt><x>498</x><y>269</y><time>21-01-21 16:39:57:054</time></pt><pt><x>498</x><y>271</y><time>21-01-21 16:39:57:518</time></pt><pt><x>499</x><y>273</y><time>21-01-21 16:39:58:006</time></pt><pt><x>500</x><y>276</y><time>21-01-21 16:39:58:752</time></pt><pt><x>498</x><y>277</y><time>21-01-21 16:39:59:374</time></pt><pt><x>495</x><y>276</y><time>21-01-21 16:39:59:760</time></pt><closed_date>21-01-21 16:40:00:366</closed_date></polygon></object><object><name>person</name><deleted>0</deleted><verified>0</verified><occluded>no</occluded><attributes></attributes><parts><hasparts></hasparts><ispartof></ispartof></parts><date>21-01-21 16:40:17:394</date><id>4</id><polygon><username>7hao</username><pt><x>517</x><y>277</y><time>21-01-21 16:40:10:296</time></pt><pt><x>519</x><y>276</y><time>21-01-21 16:40:10:648</time></pt><pt><x>521</x><y>275</y><time>21-01-21 16:40:11:010</time></pt><pt><x>521</x><y>274</y><time>21-01-21 16:40:11:319</time></pt><pt><x>520</x><y>273</y><time>21-01-21 16:40:11:586</time></pt><pt><x>518</x><y>272</y><time>21-01-21 16:40:11:941</time></pt><pt><x>517</x><y>272</y><time>21-01-21 16:40:12:348</time></pt><pt><x>517</x><y>276</y><time>21-01-21 16:40:13:096</time></pt><closed_date>21-01-21 16:40:14:805</closed_date></polygon></object></annotation>