<annotation><filename>frame0025.jpg</filename><folder>users/lab605//7hao/human_20210119_4</folder><source><submittedBy>lab605</submittedBy></source><imagesize><nrows>480</nrows><ncols>640</ncols></imagesize><object><name>person</name><deleted>0</deleted><verified>0</verified><occluded>no</occluded><attributes></attributes><parts><hasparts></hasparts><ispartof></ispartof></parts><date>22-01-21 15:37:23:050</date><id>0</id><polygon><username>7hao</username><pt><x>484</x><y>67</y><time>22-01-21 15:36:16:772</time></pt><pt><x>480</x><y>67</y><time>22-01-21 15:36:17:205</time></pt><pt><x>474</x><y>70</y><time>22-01-21 15:36:17:537</time></pt><pt><x>472</x><y>72</y><time>22-01-21 15:36:17:755</time></pt><pt><x>472</x><y>76</y><time>22-01-21 15:36:18:025</time></pt><pt><x>472</x><y>79</y><time>22-01-21 15:36:18:260</time></pt><pt><x>473</x><y>84</y><time>22-01-21 15:36:18:455</time></pt><pt><x>474</x><y>86</y><time>22-01-21 15:36:18:621</time></pt><pt><x>475</x><y>89</y><time>22-01-21 15:36:18:904</time></pt><pt><x>476</x><y>92</y><time>22-01-21 15:36:19:393</time></pt><pt><x>478</x><y>95</y><time>22-01-21 15:36:19:658</time></pt><pt><x>478</x><y>97</y><time>22-01-21 15:36:20:052</time></pt><pt><x>478</x><y>99</y><time>22-01-21 15:36:20:226</time></pt><pt><x>476</x><y>100</y><time>22-01-21 15:36:20:429</time></pt><pt><x>469</x><y>104</y><time>22-01-21 15:36:21:940</time></pt><pt><x>468</x><y>105</y><time>22-01-21 15:36:22:279</time></pt><pt><x>461</x><y>108</y><time>22-01-21 15:36:24:709</time></pt><pt><x>459</x><y>113</y><time>22-01-21 15:36:25:047</time></pt><pt><x>457</x><y>122</y><time>22-01-21 15:36:25:377</time></pt><pt><x>456</x><y>131</y><time>22-01-21 15:36:25:731</time></pt><pt><x>455</x><y>136</y><time>22-01-21 15:36:25:969</time></pt><pt><x>455</x><y>146</y><time>22-01-21 15:36:27:045</time></pt><pt><x>454</x><y>156</y><time>22-01-21 15:36:27:366</time></pt><pt><x>454</x><y>164</y><time>22-01-21 15:36:27:642</time></pt><pt><x>455</x><y>183</y><time>22-01-21 15:36:28:879</time></pt><pt><x>456</x><y>186</y><time>22-01-21 15:36:29:083</time></pt><pt><x>456</x><y>188</y><time>22-01-21 15:36:29:251</time></pt><pt><x>456</x><y>191</y><time>22-01-21 15:36:29:453</time></pt><pt><x>457</x><y>191</y><time>22-01-21 15:36:29:632</time></pt><pt><x>458</x><y>192</y><time>22-01-21 15:36:29:815</time></pt><pt><x>458</x><y>196</y><time>22-01-21 15:36:30:137</time></pt><pt><x>458</x><y>199</y><time>22-01-21 15:36:30:316</time></pt><pt><x>458</x><y>201</y><time>22-01-21 15:36:30:515</time></pt><pt><x>461</x><y>203</y><time>22-01-21 15:36:30:734</time></pt><pt><x>463</x><y>204</y><time>22-01-21 15:36:30:950</time></pt><pt><x>464</x><y>205</y><time>22-01-21 15:36:35:747</time></pt><pt><x>466</x><y>204</y><time>22-01-21 15:36:36:170</time></pt><pt><x>468</x><y>205</y><time>22-01-21 15:36:36:541</time></pt><pt><x>469</x><y>208</y><time>22-01-21 15:36:36:776</time></pt><pt><x>469</x><y>213</y><time>22-01-21 15:36:37:023</time></pt><pt><x>472</x><y>225</y><time>22-01-21 15:36:37:420</time></pt><pt><x>472</x><y>231</y><time>22-01-21 15:36:37:792</time></pt><pt><x>473</x><y>236</y><time>22-01-21 15:36:38:058</time></pt><pt><x>476</x><y>263</y><time>22-01-21 15:36:39:576</time></pt><pt><x>476</x><y>271</y><time>22-01-21 15:36:39:844</time></pt><pt><x>476</x><y>275</y><time>22-01-21 15:36:40:000</time></pt><pt><x>477</x><y>277</y><time>22-01-21 15:36:40:308</time></pt><pt><x>478</x><y>280</y><time>22-01-21 15:36:40:529</time></pt><pt><x>478</x><y>284</y><time>22-01-21 15:36:40:994</time></pt><pt><x>477</x><y>285</y><time>22-01-21 15:36:41:172</time></pt><pt><x>474</x><y>288</y><time>22-01-21 15:36:41:433</time></pt><pt><x>472</x><y>289</y><time>22-01-21 15:36:42:511</time></pt><pt><x>469</x><y>291</y><time>22-01-21 15:36:42:840</time></pt><pt><x>469</x><y>293</y><time>22-01-21 15:36:43:014</time></pt><pt><x>471</x><y>296</y><time>22-01-21 15:36:43:186</time></pt><pt><x>473</x><y>296</y><time>22-01-21 15:36:43:344</time></pt><pt><x>476</x><y>296</y><time>22-01-21 15:36:43:502</time></pt><pt><x>478</x><y>297</y><time>22-01-21 15:36:43:785</time></pt><pt><x>480</x><y>297</y><time>22-01-21 15:36:43:967</time></pt><pt><x>488</x><y>298</y><time>22-01-21 15:36:45:916</time></pt><pt><x>490</x><y>297</y><time>22-01-21 15:36:46:176</time></pt><pt><x>491</x><y>295</y><time>22-01-21 15:36:46:364</time></pt><pt><x>490</x><y>292</y><time>22-01-21 15:36:46:538</time></pt><pt><x>489</x><y>289</y><time>22-01-21 15:36:46:702</time></pt><pt><x>489</x><y>285</y><time>22-01-21 15:36:46:876</time></pt><pt><x>490</x><y>282</y><time>22-01-21 15:36:47:090</time></pt><pt><x>491</x><y>279</y><time>22-01-21 15:36:47:239</time></pt><pt><x>491</x><y>276</y><time>22-01-21 15:36:47:405</time></pt><pt><x>492</x><y>273</y><time>22-01-21 15:36:47:630</time></pt><pt><x>493</x><y>238</y><time>22-01-21 15:36:48:639</time></pt><pt><x>493</x><y>229</y><time>22-01-21 15:36:49:009</time></pt><pt><x>492</x><y>210</y><time>22-01-21 15:36:49:921</time></pt><pt><x>494</x><y>206</y><time>22-01-21 15:36:50:267</time></pt><pt><x>494</x><y>205</y><time>22-01-21 15:36:50:495</time></pt><pt><x>497</x><y>219</y><time>22-01-21 15:36:51:226</time></pt><pt><x>502</x><y>230</y><time>22-01-21 15:36:51:730</time></pt><pt><x>507</x><y>237</y><time>22-01-21 15:36:52:076</time></pt><pt><x>510</x><y>248</y><time>22-01-21 15:36:53:201</time></pt><pt><x>511</x><y>254</y><time>22-01-21 15:36:53:500</time></pt><pt><x>513</x><y>258</y><time>22-01-21 15:36:53:729</time></pt><pt><x>514</x><y>261</y><time>22-01-21 15:36:53:917</time></pt><pt><x>518</x><y>268</y><time>22-01-21 15:36:57:505</time></pt><pt><x>519</x><y>273</y><time>22-01-21 15:36:57:701</time></pt><pt><x>521</x><y>278</y><time>22-01-21 15:36:57:888</time></pt><pt><x>521</x><y>281</y><time>22-01-21 15:36:58:042</time></pt><pt><x>520</x><y>285</y><time>22-01-21 15:36:58:211</time></pt><pt><x>519</x><y>287</y><time>22-01-21 15:36:58:369</time></pt><pt><x>518</x><y>290</y><time>22-01-21 15:36:58:520</time></pt><pt><x>518</x><y>293</y><time>22-01-21 15:36:58:698</time></pt><pt><x>519</x><y>296</y><time>22-01-21 15:36:59:038</time></pt><pt><x>521</x><y>298</y><time>22-01-21 15:36:59:211</time></pt><pt><x>523</x><y>298</y><time>22-01-21 15:36:59:367</time></pt><pt><x>526</x><y>298</y><time>22-01-21 15:36:59:517</time></pt><pt><x>529</x><y>298</y><time>22-01-21 15:36:59:667</time></pt><pt><x>532</x><y>297</y><time>22-01-21 15:36:59:982</time></pt><pt><x>534</x><y>295</y><time>22-01-21 15:37:00:216</time></pt><pt><x>535</x><y>293</y><time>22-01-21 15:37:00:405</time></pt><pt><x>536</x><y>290</y><time>22-01-21 15:37:00:587</time></pt><pt><x>536</x><y>287</y><time>22-01-21 15:37:00:743</time></pt><pt><x>536</x><y>284</y><time>22-01-21 15:37:00:933</time></pt><pt><x>536</x><y>281</y><time>22-01-21 15:37:01:105</time></pt><pt><x>537</x><y>279</y><time>22-01-21 15:37:01:286</time></pt><pt><x>535</x><y>274</y><time>22-01-21 15:37:01:585</time></pt><pt><x>534</x><y>272</y><time>22-01-21 15:37:01:783</time></pt><pt><x>533</x><y>269</y><time>22-01-21 15:37:01:947</time></pt><pt><x>532</x><y>267</y><time>22-01-21 15:37:02:112</time></pt><pt><x>532</x><y>263</y><time>22-01-21 15:37:02:364</time></pt><pt><x>530</x><y>253</y><time>22-01-21 15:37:03:346</time></pt><pt><x>531</x><y>248</y><time>22-01-21 15:37:03:522</time></pt><pt><x>529</x><y>244</y><time>22-01-21 15:37:03:693</time></pt><pt><x>528</x><y>240</y><time>22-01-21 15:37:03:850</time></pt><pt><x>527</x><y>238</y><time>22-01-21 15:37:04:039</time></pt><pt><x>523</x><y>227</y><time>22-01-21 15:37:05:046</time></pt><pt><x>521</x><y>225</y><time>22-01-21 15:37:05:210</time></pt><pt><x>522</x><y>221</y><time>22-01-21 15:37:05:384</time></pt><pt><x>522</x><y>217</y><time>22-01-21 15:37:05:544</time></pt><pt><x>521</x><y>211</y><time>22-01-21 15:37:05:763</time></pt><pt><x>521</x><y>207</y><time>22-01-21 15:37:05:975</time></pt><pt><x>517</x><y>186</y><time>22-01-21 15:37:06:934</time></pt><pt><x>517</x><y>184</y><time>22-01-21 15:37:07:099</time></pt><pt><x>519</x><y>180</y><time>22-01-21 15:37:07:281</time></pt><pt><x>521</x><y>174</y><time>22-01-21 15:37:07:594</time></pt><pt><x>527</x><y>144</y><time>22-01-21 15:37:08:876</time></pt><pt><x>527</x><y>131</y><time>22-01-21 15:37:09:475</time></pt><pt><x>525</x><y>115</y><time>22-01-21 15:37:10:507</time></pt><pt><x>523</x><y>109</y><time>22-01-21 15:37:10:717</time></pt><pt><x>522</x><y>106</y><time>22-01-21 15:37:10:875</time></pt><pt><x>517</x><y>103</y><time>22-01-21 15:37:11:118</time></pt><pt><x>512</x><y>101</y><time>22-01-21 15:37:11:314</time></pt><pt><x>506</x><y>99</y><time>22-01-21 15:37:11:527</time></pt><pt><x>502</x><y>97</y><time>22-01-21 15:37:11:709</time></pt><pt><x>499</x><y>97</y><time>22-01-21 15:37:11:897</time></pt><pt><x>498</x><y>97</y><time>22-01-21 15:37:12:119</time></pt><pt><x>497</x><y>96</y><time>22-01-21 15:37:14:996</time></pt><pt><x>497</x><y>93</y><time>22-01-21 15:37:15:210</time></pt><pt><x>499</x><y>89</y><time>22-01-21 15:37:15:374</time></pt><pt><x>501</x><y>87</y><time>22-01-21 15:37:15:603</time></pt><pt><x>503</x><y>81</y><time>22-01-21 15:37:15:910</time></pt><pt><x>503</x><y>75</y><time>22-01-21 15:37:16:201</time></pt><pt><x>501</x><y>71</y><time>22-01-21 15:37:16:413</time></pt><pt><x>499</x><y>68</y><time>22-01-21 15:37:16:626</time></pt><pt><x>496</x><y>65</y><time>22-01-21 15:37:16:893</time></pt><pt><x>490</x><y>64</y><time>22-01-21 15:37:17:191</time></pt><pt><x>486</x><y>65</y><time>22-01-21 15:37:17:452</time></pt><pt><x>485</x><y>66</y><time>22-01-21 15:37:17:639</time></pt><pt><x>483</x><y>67</y><time>22-01-21 15:37:18:002</time></pt><closed_date>22-01-21 15:37:18:883</closed_date></polygon></object><object><name>person</name><deleted>0</deleted><verified>0</verified><occluded>no</occluded><attributes></attributes><parts><hasparts></hasparts><ispartof></ispartof></parts><date>22-01-21 15:39:01:477</date><id>1</id><polygon><username>7hao</username><pt><x>287</x><y>46</y><time>22-01-21 15:37:29:202</time></pt><pt><x>281</x><y>42</y><time>22-01-21 15:37:29:653</time></pt><pt><x>273</x><y>42</y><time>22-01-21 15:37:30:016</time></pt><pt><x>264</x><y>47</y><time>22-01-21 15:37:30:536</time></pt><pt><x>262</x><y>53</y><time>22-01-21 15:37:30:866</time></pt><pt><x>261</x><y>60</y><time>22-01-21 15:37:31:163</time></pt><pt><x>262</x><y>65</y><time>22-01-21 15:37:31:391</time></pt><pt><x>264</x><y>71</y><time>22-01-21 15:37:31:604</time></pt><pt><x>264</x><y>73</y><time>22-01-21 15:37:31:810</time></pt><pt><x>261</x><y>75</y><time>22-01-21 15:37:32:091</time></pt><pt><x>258</x><y>76</y><time>22-01-21 15:37:32:304</time></pt><pt><x>255</x><y>78</y><time>22-01-21 15:37:32:643</time></pt><pt><x>250</x><y>80</y><time>22-01-21 15:37:36:135</time></pt><pt><x>247</x><y>82</y><time>22-01-21 15:37:36:425</time></pt><pt><x>244</x><y>86</y><time>22-01-21 15:37:36:725</time></pt><pt><x>239</x><y>95</y><time>22-01-21 15:37:37:227</time></pt><pt><x>238</x><y>104</y><time>22-01-21 15:37:37:747</time></pt><pt><x>239</x><y>119</y><time>22-01-21 15:37:38:982</time></pt><pt><x>239</x><y>134</y><time>22-01-21 15:37:40:005</time></pt><pt><x>240</x><y>136</y><time>22-01-21 15:37:40:303</time></pt><pt><x>240</x><y>139</y><time>22-01-21 15:37:40:705</time></pt><pt><x>241</x><y>141</y><time>22-01-21 15:37:41:239</time></pt><pt><x>242</x><y>161</y><time>22-01-21 15:37:42:435</time></pt><pt><x>242</x><y>166</y><time>22-01-21 15:37:42:633</time></pt><pt><x>241</x><y>171</y><time>22-01-21 15:37:42:812</time></pt><pt><x>241</x><y>176</y><time>22-01-21 15:37:43:025</time></pt><pt><x>241</x><y>181</y><time>22-01-21 15:37:43:253</time></pt><pt><x>242</x><y>183</y><time>22-01-21 15:37:43:457</time></pt><pt><x>242</x><y>188</y><time>22-01-21 15:37:43:758</time></pt><pt><x>243</x><y>203</y><time>22-01-21 15:37:45:031</time></pt><pt><x>243</x><y>215</y><time>22-01-21 15:37:45:590</time></pt><pt><x>243</x><y>223</y><time>22-01-21 15:37:46:855</time></pt><pt><x>239</x><y>231</y><time>22-01-21 15:37:47:209</time></pt><pt><x>238</x><y>242</y><time>22-01-21 15:37:47:967</time></pt><pt><x>234</x><y>247</y><time>22-01-21 15:37:48:586</time></pt><pt><x>232</x><y>255</y><time>22-01-21 15:37:52:544</time></pt><pt><x>229</x><y>261</y><time>22-01-21 15:37:52:834</time></pt><pt><x>228</x><y>263</y><time>22-01-21 15:37:52:993</time></pt><pt><x>227</x><y>267</y><time>22-01-21 15:37:53:164</time></pt><pt><x>227</x><y>272</y><time>22-01-21 15:37:53:378</time></pt><pt><x>227</x><y>274</y><time>22-01-21 15:37:53:582</time></pt><pt><x>226</x><y>277</y><time>22-01-21 15:37:53:770</time></pt><pt><x>224</x><y>279</y><time>22-01-21 15:37:53:943</time></pt><pt><x>222</x><y>281</y><time>22-01-21 15:37:54:107</time></pt><pt><x>221</x><y>288</y><time>22-01-21 15:37:55:162</time></pt><pt><x>220</x><y>290</y><time>22-01-21 15:37:55:381</time></pt><pt><x>217</x><y>293</y><time>22-01-21 15:37:55:572</time></pt><pt><x>216</x><y>297</y><time>22-01-21 15:37:55:767</time></pt><pt><x>215</x><y>301</y><time>22-01-21 15:37:55:988</time></pt><pt><x>216</x><y>305</y><time>22-01-21 15:37:56:193</time></pt><pt><x>219</x><y>307</y><time>22-01-21 15:37:56:382</time></pt><pt><x>224</x><y>308</y><time>22-01-21 15:37:56:617</time></pt><pt><x>227</x><y>308</y><time>22-01-21 15:37:56:837</time></pt><pt><x>229</x><y>307</y><time>22-01-21 15:37:57:081</time></pt><pt><x>230</x><y>304</y><time>22-01-21 15:37:57:395</time></pt><pt><x>232</x><y>301</y><time>22-01-21 15:37:57:713</time></pt><pt><x>232</x><y>298</y><time>22-01-21 15:37:57:940</time></pt><pt><x>234</x><y>294</y><time>22-01-21 15:37:58:262</time></pt><pt><x>239</x><y>285</y><time>22-01-21 15:37:58:851</time></pt><pt><x>246</x><y>271</y><time>22-01-21 15:38:02:934</time></pt><pt><x>250</x><y>265</y><time>22-01-21 15:38:03:320</time></pt><pt><x>254</x><y>255</y><time>22-01-21 15:38:03:869</time></pt><pt><x>260</x><y>241</y><time>22-01-21 15:38:05:395</time></pt><pt><x>266</x><y>232</y><time>22-01-21 15:38:07:582</time></pt><pt><x>267</x><y>229</y><time>22-01-21 15:38:07:834</time></pt><pt><x>268</x><y>228</y><time>22-01-21 15:38:07:976</time></pt><pt><x>269</x><y>228</y><time>22-01-21 15:38:08:148</time></pt><pt><x>270</x><y>229</y><time>22-01-21 15:38:08:331</time></pt><pt><x>271</x><y>231</y><time>22-01-21 15:38:08:506</time></pt><pt><x>271</x><y>233</y><time>22-01-21 15:38:08:676</time></pt><pt><x>271</x><y>236</y><time>22-01-21 15:38:08:903</time></pt><pt><x>271</x><y>238</y><time>22-01-21 15:38:09:086</time></pt><pt><x>270</x><y>240</y><time>22-01-21 15:38:09:243</time></pt><pt><x>269</x><y>243</y><time>22-01-21 15:38:09:424</time></pt><pt><x>268</x><y>246</y><time>22-01-21 15:38:09:597</time></pt><pt><x>267</x><y>249</y><time>22-01-21 15:38:09:770</time></pt><pt><x>268</x><y>253</y><time>22-01-21 15:38:09:928</time></pt><pt><x>268</x><y>258</y><time>22-01-21 15:38:10:265</time></pt><pt><x>267</x><y>261</y><time>22-01-21 15:38:10:437</time></pt><pt><x>267</x><y>270</y><time>22-01-21 15:38:11:548</time></pt><pt><x>268</x><y>273</y><time>22-01-21 15:38:11:706</time></pt><pt><x>268</x><y>276</y><time>22-01-21 15:38:11:853</time></pt><pt><x>268</x><y>281</y><time>22-01-21 15:38:12:052</time></pt><pt><x>267</x><y>285</y><time>22-01-21 15:38:12:333</time></pt><pt><x>266</x><y>286</y><time>22-01-21 15:38:12:476</time></pt><pt><x>265</x><y>288</y><time>22-01-21 15:38:12:610</time></pt><pt><x>267</x><y>294</y><time>22-01-21 15:38:13:081</time></pt><pt><x>266</x><y>299</y><time>22-01-21 15:38:14:096</time></pt><pt><x>265</x><y>302</y><time>22-01-21 15:38:14:287</time></pt><pt><x>264</x><y>307</y><time>22-01-21 15:38:14:474</time></pt><pt><x>265</x><y>309</y><time>22-01-21 15:38:14:648</time></pt><pt><x>267</x><y>310</y><time>22-01-21 15:38:14:859</time></pt><pt><x>271</x><y>311</y><time>22-01-21 15:38:15:063</time></pt><pt><x>283</x><y>310</y><time>22-01-21 15:38:15:434</time></pt><pt><x>290</x><y>311</y><time>22-01-21 15:38:15:889</time></pt><pt><x>308</x><y>310</y><time>22-01-21 15:38:18:816</time></pt><pt><x>309</x><y>307</y><time>22-01-21 15:38:19:201</time></pt><pt><x>308</x><y>304</y><time>22-01-21 15:38:19:429</time></pt><pt><x>306</x><y>302</y><time>22-01-21 15:38:19:587</time></pt><pt><x>303</x><y>301</y><time>22-01-21 15:38:19:987</time></pt><pt><x>298</x><y>301</y><time>22-01-21 15:38:22:758</time></pt><pt><x>294</x><y>299</y><time>22-01-21 15:38:22:969</time></pt><pt><x>293</x><y>297</y><time>22-01-21 15:38:23:144</time></pt><pt><x>291</x><y>295</y><time>22-01-21 15:38:23:325</time></pt><pt><x>291</x><y>292</y><time>22-01-21 15:38:23:473</time></pt><pt><x>291</x><y>290</y><time>22-01-21 15:38:23:661</time></pt><pt><x>292</x><y>288</y><time>22-01-21 15:38:23:843</time></pt><pt><x>294</x><y>285</y><time>22-01-21 15:38:24:023</time></pt><pt><x>294</x><y>282</y><time>22-01-21 15:38:24:244</time></pt><pt><x>295</x><y>278</y><time>22-01-21 15:38:24:535</time></pt><pt><x>293</x><y>267</y><time>22-01-21 15:38:25:787</time></pt><pt><x>294</x><y>263</y><time>22-01-21 15:38:26:040</time></pt><pt><x>296</x><y>260</y><time>22-01-21 15:38:26:195</time></pt><pt><x>296</x><y>257</y><time>22-01-21 15:38:26:423</time></pt><pt><x>300</x><y>236</y><time>22-01-21 15:38:44:425</time></pt><pt><x>301</x><y>225</y><time>22-01-21 15:38:44:982</time></pt><pt><x>301</x><y>214</y><time>22-01-21 15:38:45:455</time></pt><pt><x>300</x><y>207</y><time>22-01-21 15:38:45:784</time></pt><pt><x>298</x><y>191</y><time>22-01-21 15:38:47:051</time></pt><pt><x>297</x><y>185</y><time>22-01-21 15:38:47:341</time></pt><pt><x>295</x><y>179</y><time>22-01-21 15:38:47:625</time></pt><pt><x>294</x><y>171</y><time>22-01-21 15:38:48:790</time></pt><pt><x>294</x><y>163</y><time>22-01-21 15:38:48:969</time></pt><pt><x>295</x><y>158</y><time>22-01-21 15:38:49:127</time></pt><pt><x>297</x><y>147</y><time>22-01-21 15:38:50:244</time></pt><pt><x>297</x><y>139</y><time>22-01-21 15:38:50:496</time></pt><pt><x>295</x><y>131</y><time>22-01-21 15:38:50:686</time></pt><pt><x>294</x><y>111</y><time>22-01-21 15:38:51:779</time></pt><pt><x>293</x><y>106</y><time>22-01-21 15:38:51:983</time></pt><pt><x>292</x><y>103</y><time>22-01-21 15:38:52:141</time></pt><pt><x>292</x><y>100</y><time>22-01-21 15:38:52:267</time></pt><pt><x>293</x><y>97</y><time>22-01-21 15:38:52:425</time></pt><pt><x>291</x><y>93</y><time>22-01-21 15:38:52:669</time></pt><pt><x>287</x><y>88</y><time>22-01-21 15:38:52:921</time></pt><pt><x>284</x><y>86</y><time>22-01-21 15:38:53:131</time></pt><pt><x>283</x><y>83</y><time>22-01-21 15:38:53:517</time></pt><pt><x>285</x><y>83</y><time>22-01-21 15:38:53:903</time></pt><pt><x>287</x><y>82</y><time>22-01-21 15:38:54:091</time></pt><pt><x>288</x><y>81</y><time>22-01-21 15:38:54:327</time></pt><pt><x>294</x><y>74</y><time>22-01-21 15:38:55:570</time></pt><pt><x>294</x><y>70</y><time>22-01-21 15:38:55:784</time></pt><pt><x>295</x><y>65</y><time>22-01-21 15:38:55:972</time></pt><pt><x>293</x><y>53</y><time>22-01-21 15:38:56:956</time></pt><pt><x>290</x><y>48</y><time>22-01-21 15:38:57:346</time></pt><pt><x>288</x><y>48</y><time>22-01-21 15:38:57:591</time></pt><closed_date>22-01-21 15:38:57:969</closed_date></polygon></object><object><name>person</name><deleted>0</deleted><verified>0</verified><occluded>no</occluded><attributes></attributes><parts><hasparts></hasparts><ispartof></ispartof></parts><date>22-01-21 15:39:55:331</date><id>2</id><polygon><username>7hao</username><pt><x>558</x><y>91</y><time>22-01-21 15:39:13:617</time></pt><pt><x>553</x><y>91</y><time>22-01-21 15:39:13:987</time></pt><pt><x>550</x><y>93</y><time>22-01-21 15:39:14:309</time></pt><pt><x>547</x><y>96</y><time>22-01-21 15:39:14:537</time></pt><pt><x>544</x><y>99</y><time>22-01-21 15:39:14:759</time></pt><pt><x>544</x><y>102</y><time>22-01-21 15:39:14:956</time></pt><pt><x>544</x><y>105</y><time>22-01-21 15:39:15:144</time></pt><pt><x>545</x><y>106</y><time>22-01-21 15:39:15:326</time></pt><pt><x>545</x><y>110</y><time>22-01-21 15:39:15:498</time></pt><pt><x>546</x><y>112</y><time>22-01-21 15:39:15:677</time></pt><pt><x>548</x><y>114</y><time>22-01-21 15:39:15:970</time></pt><pt><x>548</x><y>116</y><time>22-01-21 15:39:16:181</time></pt><pt><x>546</x><y>118</y><time>22-01-21 15:39:16:418</time></pt><pt><x>544</x><y>118</y><time>22-01-21 15:39:16:610</time></pt><pt><x>543</x><y>119</y><time>22-01-21 15:39:16:813</time></pt><pt><x>541</x><y>122</y><time>22-01-21 15:39:19:257</time></pt><pt><x>538</x><y>125</y><time>22-01-21 15:39:19:571</time></pt><pt><x>536</x><y>128</y><time>22-01-21 15:39:19:783</time></pt><pt><x>534</x><y>131</y><time>22-01-21 15:39:19:965</time></pt><pt><x>532</x><y>136</y><time>22-01-21 15:39:20:170</time></pt><pt><x>531</x><y>139</y><time>22-01-21 15:39:20:351</time></pt><pt><x>531</x><y>148</y><time>22-01-21 15:39:20:651</time></pt><pt><x>530</x><y>156</y><time>22-01-21 15:39:20:964</time></pt><pt><x>531</x><y>164</y><time>22-01-21 15:39:21:444</time></pt><pt><x>534</x><y>169</y><time>22-01-21 15:39:21:823</time></pt><pt><x>537</x><y>178</y><time>22-01-21 15:39:22:877</time></pt><pt><x>539</x><y>182</y><time>22-01-21 15:39:23:081</time></pt><pt><x>541</x><y>185</y><time>22-01-21 15:39:23:373</time></pt><pt><x>542</x><y>188</y><time>22-01-21 15:39:23:783</time></pt><pt><x>543</x><y>191</y><time>22-01-21 15:39:24:103</time></pt><pt><x>544</x><y>201</y><time>22-01-21 15:39:25:448</time></pt><pt><x>545</x><y>205</y><time>22-01-21 15:39:25:639</time></pt><pt><x>546</x><y>210</y><time>22-01-21 15:39:25:833</time></pt><pt><x>547</x><y>215</y><time>22-01-21 15:39:26:125</time></pt><pt><x>548</x><y>216</y><time>22-01-21 15:39:26:392</time></pt><pt><x>549</x><y>218</y><time>22-01-21 15:39:26:551</time></pt><pt><x>550</x><y>221</y><time>22-01-21 15:39:26:787</time></pt><pt><x>550</x><y>225</y><time>22-01-21 15:39:26:991</time></pt><pt><x>549</x><y>232</y><time>22-01-21 15:39:28:258</time></pt><pt><x>548</x><y>236</y><time>22-01-21 15:39:28:463</time></pt><pt><x>548</x><y>240</y><time>22-01-21 15:39:28:635</time></pt><pt><x>549</x><y>248</y><time>22-01-21 15:39:28:849</time></pt><pt><x>549</x><y>253</y><time>22-01-21 15:39:29:059</time></pt><pt><x>551</x><y>258</y><time>22-01-21 15:39:29:248</time></pt><pt><x>552</x><y>262</y><time>22-01-21 15:39:29:437</time></pt><pt><x>553</x><y>266</y><time>22-01-21 15:39:29:642</time></pt><pt><x>554</x><y>269</y><time>22-01-21 15:39:29:871</time></pt><pt><x>553</x><y>271</y><time>22-01-21 15:39:30:081</time></pt><pt><x>552</x><y>272</y><time>22-01-21 15:39:30:239</time></pt><pt><x>552</x><y>278</y><time>22-01-21 15:39:31:632</time></pt><pt><x>552</x><y>279</y><time>22-01-21 15:39:31:995</time></pt><pt><x>553</x><y>281</y><time>22-01-21 15:39:32:205</time></pt><pt><x>555</x><y>281</y><time>22-01-21 15:39:32:355</time></pt><pt><x>558</x><y>282</y><time>22-01-21 15:39:32:568</time></pt><pt><x>562</x><y>283</y><time>22-01-21 15:39:32:819</time></pt><pt><x>564</x><y>283</y><time>22-01-21 15:39:33:049</time></pt><pt><x>566</x><y>283</y><time>22-01-21 15:39:35:148</time></pt><pt><x>567</x><y>282</y><time>22-01-21 15:39:35:337</time></pt><pt><x>567</x><y>281</y><time>22-01-21 15:39:35:493</time></pt><pt><x>569</x><y>280</y><time>22-01-21 15:39:35:659</time></pt><pt><x>573</x><y>279</y><time>22-01-21 15:39:36:006</time></pt><pt><x>576</x><y>280</y><time>22-01-21 15:39:36:249</time></pt><pt><x>580</x><y>280</y><time>22-01-21 15:39:36:429</time></pt><pt><x>586</x><y>280</y><time>22-01-21 15:39:36:635</time></pt><pt><x>590</x><y>279</y><time>22-01-21 15:39:36:918</time></pt><pt><x>591</x><y>278</y><time>22-01-21 15:39:37:083</time></pt><pt><x>588</x><y>276</y><time>22-01-21 15:39:37:272</time></pt><pt><x>586</x><y>274</y><time>22-01-21 15:39:37:446</time></pt><pt><x>580</x><y>271</y><time>22-01-21 15:39:37:815</time></pt><pt><x>577</x><y>269</y><time>22-01-21 15:39:38:003</time></pt><pt><x>576</x><y>266</y><time>22-01-21 15:39:38:169</time></pt><pt><x>574</x><y>265</y><time>22-01-21 15:39:38:357</time></pt><pt><x>573</x><y>263</y><time>22-01-21 15:39:38:553</time></pt><pt><x>572</x><y>261</y><time>22-01-21 15:39:38:745</time></pt><pt><x>578</x><y>248</y><time>22-01-21 15:39:39:830</time></pt><pt><x>581</x><y>243</y><time>22-01-21 15:39:40:034</time></pt><pt><x>582</x><y>240</y><time>22-01-21 15:39:40:238</time></pt><pt><x>584</x><y>237</y><time>22-01-21 15:39:40:395</time></pt><pt><x>584</x><y>233</y><time>22-01-21 15:39:40:576</time></pt><pt><x>587</x><y>228</y><time>22-01-21 15:39:40:953</time></pt><pt><x>587</x><y>224</y><time>22-01-21 15:39:41:141</time></pt><pt><x>587</x><y>221</y><time>22-01-21 15:39:41:316</time></pt><pt><x>587</x><y>218</y><time>22-01-21 15:39:41:495</time></pt><pt><x>587</x><y>215</y><time>22-01-21 15:39:41:677</time></pt><pt><x>588</x><y>214</y><time>22-01-21 15:39:41:914</time></pt><pt><x>589</x><y>213</y><time>22-01-21 15:39:42:157</time></pt><pt><x>590</x><y>211</y><time>22-01-21 15:39:42:362</time></pt><pt><x>590</x><y>209</y><time>22-01-21 15:39:42:605</time></pt><pt><x>589</x><y>190</y><time>22-01-21 15:39:43:737</time></pt><pt><x>590</x><y>187</y><time>22-01-21 15:39:43:921</time></pt><pt><x>588</x><y>185</y><time>22-01-21 15:39:44:091</time></pt><pt><x>588</x><y>182</y><time>22-01-21 15:39:44:281</time></pt><pt><x>590</x><y>180</y><time>22-01-21 15:39:44:445</time></pt><pt><x>591</x><y>177</y><time>22-01-21 15:39:44:635</time></pt><pt><x>590</x><y>172</y><time>22-01-21 15:39:44:998</time></pt><pt><x>582</x><y>137</y><time>22-01-21 15:39:46:633</time></pt><pt><x>581</x><y>130</y><time>22-01-21 15:39:46:979</time></pt><pt><x>578</x><y>127</y><time>22-01-21 15:39:47:207</time></pt><pt><x>574</x><y>125</y><time>22-01-21 15:39:47:419</time></pt><pt><x>571</x><y>124</y><time>22-01-21 15:39:47:639</time></pt><pt><x>568</x><y>124</y><time>22-01-21 15:39:47:829</time></pt><pt><x>567</x><y>123</y><time>22-01-21 15:39:48:065</time></pt><pt><x>566</x><y>120</y><time>22-01-21 15:39:49:379</time></pt><pt><x>565</x><y>118</y><time>22-01-21 15:39:49:584</time></pt><pt><x>564</x><y>118</y><time>22-01-21 15:39:49:764</time></pt><pt><x>563</x><y>116</y><time>22-01-21 15:39:49:946</time></pt><pt><x>565</x><y>114</y><time>22-01-21 15:39:50:109</time></pt><pt><x>568</x><y>111</y><time>22-01-21 15:39:50:402</time></pt><pt><x>568</x><y>107</y><time>22-01-21 15:39:50:630</time></pt><pt><x>567</x><y>105</y><time>22-01-21 15:39:50:787</time></pt><pt><x>566</x><y>101</y><time>22-01-21 15:39:51:732</time></pt><pt><x>566</x><y>98</y><time>22-01-21 15:39:51:936</time></pt><pt><x>565</x><y>95</y><time>22-01-21 15:39:52:148</time></pt><pt><x>563</x><y>94</y><time>22-01-21 15:39:52:321</time></pt><pt><x>561</x><y>93</y><time>22-01-21 15:39:52:541</time></pt><pt><x>560</x><y>92</y><time>22-01-21 15:39:52:807</time></pt><closed_date>22-01-21 15:39:53:123</closed_date></polygon></object></annotation>