<annotation><filename>frame0047.jpg</filename><folder>users/lab605//7hao/human_20210119_4</folder><source><submittedBy>lab605</submittedBy></source><imagesize><nrows>480</nrows><ncols>640</ncols></imagesize><object><name>person</name><deleted>0</deleted><verified>0</verified><occluded>no</occluded><attributes></attributes><parts><hasparts></hasparts><ispartof></ispartof></parts><date>25-01-21 20:54:31:691</date><id>0</id><polygon><username>7hao</username><pt><x>319</x><y>61</y><time>25-01-21 20:53:23:248</time></pt><pt><x>314</x><y>58</y><time>25-01-21 20:53:23:739</time></pt><pt><x>308</x><y>58</y><time>25-01-21 20:53:24:179</time></pt><pt><x>301</x><y>60</y><time>25-01-21 20:53:24:651</time></pt><pt><x>297</x><y>65</y><time>25-01-21 20:53:26:483</time></pt><pt><x>295</x><y>67</y><time>25-01-21 20:53:26:807</time></pt><pt><x>295</x><y>70</y><time>25-01-21 20:53:26:977</time></pt><pt><x>296</x><y>73</y><time>25-01-21 20:53:27:197</time></pt><pt><x>296</x><y>75</y><time>25-01-21 20:53:27:393</time></pt><pt><x>296</x><y>77</y><time>25-01-21 20:53:27:591</time></pt><pt><x>296</x><y>79</y><time>25-01-21 20:53:27:763</time></pt><pt><x>297</x><y>83</y><time>25-01-21 20:53:28:025</time></pt><pt><x>299</x><y>84</y><time>25-01-21 20:53:28:219</time></pt><pt><x>300</x><y>86</y><time>25-01-21 20:53:28:414</time></pt><pt><x>300</x><y>92</y><time>25-01-21 20:53:28:911</time></pt><pt><x>300</x><y>94</y><time>25-01-21 20:53:29:170</time></pt><pt><x>295</x><y>96</y><time>25-01-21 20:53:29:405</time></pt><pt><x>288</x><y>98</y><time>25-01-21 20:53:30:075</time></pt><pt><x>283</x><y>102</y><time>25-01-21 20:53:34:005</time></pt><pt><x>280</x><y>105</y><time>25-01-21 20:53:34:453</time></pt><pt><x>277</x><y>111</y><time>25-01-21 20:53:34:869</time></pt><pt><x>275</x><y>120</y><time>25-01-21 20:53:35:395</time></pt><pt><x>275</x><y>128</y><time>25-01-21 20:53:35:843</time></pt><pt><x>275</x><y>134</y><time>25-01-21 20:53:36:237</time></pt><pt><x>277</x><y>164</y><time>25-01-21 20:53:37:564</time></pt><pt><x>279</x><y>170</y><time>25-01-21 20:53:37:927</time></pt><pt><x>280</x><y>172</y><time>25-01-21 20:53:38:131</time></pt><pt><x>281</x><y>174</y><time>25-01-21 20:53:38:454</time></pt><pt><x>282</x><y>175</y><time>25-01-21 20:53:38:641</time></pt><pt><x>282</x><y>178</y><time>25-01-21 20:53:38:807</time></pt><pt><x>283</x><y>183</y><time>25-01-21 20:53:39:397</time></pt><pt><x>283</x><y>188</y><time>25-01-21 20:53:39:821</time></pt><pt><x>282</x><y>226</y><time>25-01-21 20:53:41:149</time></pt><pt><x>282</x><y>233</y><time>25-01-21 20:53:41:873</time></pt><pt><x>281</x><y>235</y><time>25-01-21 20:53:42:069</time></pt><pt><x>279</x><y>237</y><time>25-01-21 20:53:42:237</time></pt><pt><x>278</x><y>239</y><time>25-01-21 20:53:42:400</time></pt><pt><x>278</x><y>243</y><time>25-01-21 20:53:42:588</time></pt><pt><x>278</x><y>246</y><time>25-01-21 20:53:42:753</time></pt><pt><x>278</x><y>250</y><time>25-01-21 20:53:42:925</time></pt><pt><x>279</x><y>254</y><time>25-01-21 20:53:43:099</time></pt><pt><x>279</x><y>259</y><time>25-01-21 20:53:44:749</time></pt><pt><x>278</x><y>262</y><time>25-01-21 20:53:44:924</time></pt><pt><x>278</x><y>264</y><time>25-01-21 20:53:45:079</time></pt><pt><x>277</x><y>265</y><time>25-01-21 20:53:45:221</time></pt><pt><x>277</x><y>268</y><time>25-01-21 20:53:45:387</time></pt><pt><x>277</x><y>270</y><time>25-01-21 20:53:45:527</time></pt><pt><x>278</x><y>273</y><time>25-01-21 20:53:45:717</time></pt><pt><x>277</x><y>278</y><time>25-01-21 20:53:46:235</time></pt><pt><x>276</x><y>281</y><time>25-01-21 20:53:46:401</time></pt><pt><x>275</x><y>283</y><time>25-01-21 20:53:46:557</time></pt><pt><x>274</x><y>286</y><time>25-01-21 20:53:46:739</time></pt><pt><x>274</x><y>289</y><time>25-01-21 20:53:46:951</time></pt><pt><x>276</x><y>290</y><time>25-01-21 20:53:47:171</time></pt><pt><x>282</x><y>291</y><time>25-01-21 20:53:47:477</time></pt><pt><x>288</x><y>292</y><time>25-01-21 20:53:47:761</time></pt><pt><x>291</x><y>289</y><time>25-01-21 20:53:48:176</time></pt><pt><x>290</x><y>285</y><time>25-01-21 20:53:48:438</time></pt><pt><x>289</x><y>281</y><time>25-01-21 20:53:48:624</time></pt><pt><x>289</x><y>277</y><time>25-01-21 20:53:48:877</time></pt><pt><x>291</x><y>267</y><time>25-01-21 20:53:49:378</time></pt><pt><x>295</x><y>253</y><time>25-01-21 20:53:50:022</time></pt><pt><x>298</x><y>239</y><time>25-01-21 20:53:51:147</time></pt><pt><x>299</x><y>230</y><time>25-01-21 20:53:51:533</time></pt><pt><x>301</x><y>222</y><time>25-01-21 20:53:52:020</time></pt><pt><x>308</x><y>196</y><time>25-01-21 20:53:53:521</time></pt><pt><x>309</x><y>198</y><time>25-01-21 20:53:53:947</time></pt><pt><x>310</x><y>201</y><time>25-01-21 20:53:54:095</time></pt><pt><x>310</x><y>203</y><time>25-01-21 20:53:54:245</time></pt><pt><x>311</x><y>211</y><time>25-01-21 20:53:54:497</time></pt><pt><x>312</x><y>217</y><time>25-01-21 20:53:54:677</time></pt><pt><x>313</x><y>222</y><time>25-01-21 20:53:54:865</time></pt><pt><x>315</x><y>228</y><time>25-01-21 20:53:55:047</time></pt><pt><x>316</x><y>231</y><time>25-01-21 20:53:55:251</time></pt><pt><x>317</x><y>234</y><time>25-01-21 20:53:55:532</time></pt><pt><x>318</x><y>236</y><time>25-01-21 20:53:55:776</time></pt><pt><x>323</x><y>263</y><time>25-01-21 20:54:01:532</time></pt><pt><x>324</x><y>269</y><time>25-01-21 20:54:01:831</time></pt><pt><x>325</x><y>272</y><time>25-01-21 20:54:01:979</time></pt><pt><x>326</x><y>276</y><time>25-01-21 20:54:02:198</time></pt><pt><x>326</x><y>278</y><time>25-01-21 20:54:02:499</time></pt><pt><x>326</x><y>281</y><time>25-01-21 20:54:02:663</time></pt><pt><x>325</x><y>283</y><time>25-01-21 20:54:02:821</time></pt><pt><x>323</x><y>285</y><time>25-01-21 20:54:03:009</time></pt><pt><x>322</x><y>286</y><time>25-01-21 20:54:03:191</time></pt><pt><x>321</x><y>288</y><time>25-01-21 20:54:03:387</time></pt><pt><x>321</x><y>289</y><time>25-01-21 20:54:03:513</time></pt><pt><x>321</x><y>291</y><time>25-01-21 20:54:03:693</time></pt><pt><x>323</x><y>293</y><time>25-01-21 20:54:03:905</time></pt><pt><x>326</x><y>293</y><time>25-01-21 20:54:04:101</time></pt><pt><x>331</x><y>293</y><time>25-01-21 20:54:04:345</time></pt><pt><x>335</x><y>292</y><time>25-01-21 20:54:04:558</time></pt><pt><x>337</x><y>292</y><time>25-01-21 20:54:04:747</time></pt><pt><x>339</x><y>291</y><time>25-01-21 20:54:04:967</time></pt><pt><x>341</x><y>290</y><time>25-01-21 20:54:05:122</time></pt><pt><x>342</x><y>290</y><time>25-01-21 20:54:05:350</time></pt><pt><x>342</x><y>287</y><time>25-01-21 20:54:05:540</time></pt><pt><x>341</x><y>283</y><time>25-01-21 20:54:05:729</time></pt><pt><x>339</x><y>280</y><time>25-01-21 20:54:05:932</time></pt><pt><x>338</x><y>276</y><time>25-01-21 20:54:06:217</time></pt><pt><x>338</x><y>273</y><time>25-01-21 20:54:06:389</time></pt><pt><x>338</x><y>269</y><time>25-01-21 20:54:06:564</time></pt><pt><x>338</x><y>264</y><time>25-01-21 20:54:06:815</time></pt><pt><x>337</x><y>257</y><time>25-01-21 20:54:07:276</time></pt><pt><x>335</x><y>212</y><time>25-01-21 20:54:08:487</time></pt><pt><x>334</x><y>207</y><time>25-01-21 20:54:08:754</time></pt><pt><x>334</x><y>204</y><time>25-01-21 20:54:08:936</time></pt><pt><x>334</x><y>199</y><time>25-01-21 20:54:09:125</time></pt><pt><x>334</x><y>193</y><time>25-01-21 20:54:09:752</time></pt><pt><x>335</x><y>191</y><time>25-01-21 20:54:10:068</time></pt><pt><x>336</x><y>190</y><time>25-01-21 20:54:10:224</time></pt><pt><x>336</x><y>187</y><time>25-01-21 20:54:10:428</time></pt><pt><x>336</x><y>183</y><time>25-01-21 20:54:10:697</time></pt><pt><x>337</x><y>178</y><time>25-01-21 20:54:11:043</time></pt><pt><x>339</x><y>174</y><time>25-01-21 20:54:11:389</time></pt><pt><x>342</x><y>170</y><time>25-01-21 20:54:11:788</time></pt><pt><x>342</x><y>168</y><time>25-01-21 20:54:12:136</time></pt><pt><x>342</x><y>146</y><time>25-01-21 20:54:13:714</time></pt><pt><x>343</x><y>132</y><time>25-01-21 20:54:14:541</time></pt><pt><x>343</x><y>119</y><time>25-01-21 20:54:15:209</time></pt><pt><x>340</x><y>107</y><time>25-01-21 20:54:15:994</time></pt><pt><x>337</x><y>102</y><time>25-01-21 20:54:16:434</time></pt><pt><x>329</x><y>98</y><time>25-01-21 20:54:17:215</time></pt><pt><x>323</x><y>96</y><time>25-01-21 20:54:24:975</time></pt><pt><x>319</x><y>94</y><time>25-01-21 20:54:25:383</time></pt><pt><x>318</x><y>92</y><time>25-01-21 20:54:25:611</time></pt><pt><x>320</x><y>89</y><time>25-01-21 20:54:25:806</time></pt><pt><x>321</x><y>86</y><time>25-01-21 20:54:26:059</time></pt><pt><x>323</x><y>85</y><time>25-01-21 20:54:26:271</time></pt><pt><x>324</x><y>79</y><time>25-01-21 20:54:26:909</time></pt><pt><x>325</x><y>75</y><time>25-01-21 20:54:27:190</time></pt><pt><x>325</x><y>74</y><time>25-01-21 20:54:27:340</time></pt><pt><x>326</x><y>71</y><time>25-01-21 20:54:27:568</time></pt><pt><x>325</x><y>69</y><time>25-01-21 20:54:27:742</time></pt><pt><x>323</x><y>65</y><time>25-01-21 20:54:27:987</time></pt><pt><x>322</x><y>63</y><time>25-01-21 20:54:28:269</time></pt><closed_date>25-01-21 20:54:28:701</closed_date></polygon></object><object><name>person</name><deleted>0</deleted><verified>0</verified><occluded>no</occluded><attributes></attributes><parts><hasparts></hasparts><ispartof></ispartof></parts><date>25-01-21 20:55:21:016</date><id>1</id><polygon><username>7hao</username><pt><x>614</x><y>3</y><time>25-01-21 20:54:50:438</time></pt><pt><x>597</x><y>20</y><time>25-01-21 20:54:51:204</time></pt><pt><x>595</x><y>26</y><time>25-01-21 20:54:51:540</time></pt><pt><x>594</x><y>31</y><time>25-01-21 20:54:51:715</time></pt><pt><x>593</x><y>35</y><time>25-01-21 20:54:51:895</time></pt><pt><x>594</x><y>38</y><time>25-01-21 20:54:52:210</time></pt><pt><x>594</x><y>42</y><time>25-01-21 20:54:52:438</time></pt><pt><x>591</x><y>47</y><time>25-01-21 20:54:52:602</time></pt><pt><x>588</x><y>54</y><time>25-01-21 20:54:52:870</time></pt><pt><x>584</x><y>76</y><time>25-01-21 20:54:53:351</time></pt><pt><x>584</x><y>101</y><time>25-01-21 20:54:54:230</time></pt><pt><x>585</x><y>110</y><time>25-01-21 20:54:54:678</time></pt><pt><x>587</x><y>114</y><time>25-01-21 20:54:54:875</time></pt><pt><x>589</x><y>122</y><time>25-01-21 20:54:55:324</time></pt><pt><x>600</x><y>142</y><time>25-01-21 20:54:56:724</time></pt><pt><x>603</x><y>146</y><time>25-01-21 20:54:57:045</time></pt><pt><x>605</x><y>147</y><time>25-01-21 20:54:57:296</time></pt><pt><x>608</x><y>152</y><time>25-01-21 20:54:57:484</time></pt><pt><x>608</x><y>159</y><time>25-01-21 20:54:57:838</time></pt><pt><x>610</x><y>169</y><time>25-01-21 20:54:58:222</time></pt><pt><x>611</x><y>177</y><time>25-01-21 20:54:58:530</time></pt><pt><x>612</x><y>180</y><time>25-01-21 20:54:58:718</time></pt><pt><x>612</x><y>186</y><time>25-01-21 20:54:58:914</time></pt><pt><x>616</x><y>221</y><time>25-01-21 20:55:01:494</time></pt><pt><x>615</x><y>236</y><time>25-01-21 20:55:01:846</time></pt><pt><x>615</x><y>249</y><time>25-01-21 20:55:02:139</time></pt><pt><x>616</x><y>262</y><time>25-01-21 20:55:02:407</time></pt><pt><x>618</x><y>279</y><time>25-01-21 20:55:02:933</time></pt><pt><x>619</x><y>287</y><time>25-01-21 20:55:03:270</time></pt><pt><x>623</x><y>302</y><time>25-01-21 20:55:04:660</time></pt><pt><x>625</x><y>305</y><time>25-01-21 20:55:04:900</time></pt><pt><x>625</x><y>309</y><time>25-01-21 20:55:05:079</time></pt><pt><x>621</x><y>311</y><time>25-01-21 20:55:05:449</time></pt><pt><x>622</x><y>319</y><time>25-01-21 20:55:05:771</time></pt><pt><x>623</x><y>321</y><time>25-01-21 20:55:05:990</time></pt><pt><x>626</x><y>322</y><time>25-01-21 20:55:06:163</time></pt><pt><x>627</x><y>325</y><time>25-01-21 20:55:06:328</time></pt><pt><x>627</x><y>329</y><time>25-01-21 20:55:06:500</time></pt><pt><x>627</x><y>336</y><time>25-01-21 20:55:06:712</time></pt><pt><x>627</x><y>338</y><time>25-01-21 20:55:06:887</time></pt><pt><x>634</x><y>340</y><time>25-01-21 20:55:07:343</time></pt><pt><x>639</x><y>340</y><time>25-01-21 20:55:07:734</time></pt><pt><x>640</x><y>340</y><time>25-01-21 20:55:08:182</time></pt><pt><x>639</x><y>0</y><time>25-01-21 20:55:12:366</time></pt><pt><x>614</x><y>0</y><time>25-01-21 20:55:14:614</time></pt><closed_date>25-01-21 20:55:15:022</closed_date></polygon></object><object><name>person</name><deleted>0</deleted><verified>0</verified><occluded>no</occluded><attributes></attributes><parts><hasparts></hasparts><ispartof></ispartof></parts><date>25-01-21 20:56:46:840</date><id>2</id><polygon><username>7hao</username><pt><x>522</x><y>51</y><time>25-01-21 20:55:27:552</time></pt><pt><x>522</x><y>47</y><time>25-01-21 20:55:31:408</time></pt><pt><x>527</x><y>40</y><time>25-01-21 20:55:32:181</time></pt><pt><x>530</x><y>36</y><time>25-01-21 20:55:32:636</time></pt><pt><x>530</x><y>31</y><time>25-01-21 20:55:33:194</time></pt><pt><x>529</x><y>23</y><time>25-01-21 20:55:33:712</time></pt><pt><x>528</x><y>20</y><time>25-01-21 20:55:34:074</time></pt><pt><x>520</x><y>14</y><time>25-01-21 20:55:34:591</time></pt><pt><x>512</x><y>13</y><time>25-01-21 20:55:35:080</time></pt><pt><x>501</x><y>16</y><time>25-01-21 20:55:35:536</time></pt><pt><x>493</x><y>23</y><time>25-01-21 20:55:35:953</time></pt><pt><x>492</x><y>26</y><time>25-01-21 20:55:36:252</time></pt><pt><x>492</x><y>29</y><time>25-01-21 20:55:36:550</time></pt><pt><x>492</x><y>32</y><time>25-01-21 20:55:36:864</time></pt><pt><x>493</x><y>37</y><time>25-01-21 20:55:38:358</time></pt><pt><x>493</x><y>38</y><time>25-01-21 20:55:38:602</time></pt><pt><x>491</x><y>41</y><time>25-01-21 20:55:38:933</time></pt><pt><x>491</x><y>42</y><time>25-01-21 20:55:39:130</time></pt><pt><x>493</x><y>43</y><time>25-01-21 20:55:39:294</time></pt><pt><x>494</x><y>46</y><time>25-01-21 20:55:39:758</time></pt><pt><x>494</x><y>49</y><time>25-01-21 20:55:39:994</time></pt><pt><x>495</x><y>52</y><time>25-01-21 20:55:40:269</time></pt><pt><x>495</x><y>53</y><time>25-01-21 20:55:40:467</time></pt><pt><x>497</x><y>55</y><time>25-01-21 20:55:40:646</time></pt><pt><x>499</x><y>57</y><time>25-01-21 20:55:41:059</time></pt><pt><x>501</x><y>57</y><time>25-01-21 20:55:41:275</time></pt><pt><x>501</x><y>60</y><time>25-01-21 20:55:41:558</time></pt><pt><x>498</x><y>62</y><time>25-01-21 20:55:41:843</time></pt><pt><x>495</x><y>67</y><time>25-01-21 20:55:42:211</time></pt><pt><x>495</x><y>71</y><time>25-01-21 20:55:42:526</time></pt><pt><x>489</x><y>79</y><time>25-01-21 20:55:48:153</time></pt><pt><x>487</x><y>85</y><time>25-01-21 20:55:48:572</time></pt><pt><x>487</x><y>92</y><time>25-01-21 20:55:48:924</time></pt><pt><x>487</x><y>99</y><time>25-01-21 20:55:49:192</time></pt><pt><x>487</x><y>104</y><time>25-01-21 20:55:49:484</time></pt><pt><x>485</x><y>109</y><time>25-01-21 20:55:49:750</time></pt><pt><x>484</x><y>113</y><time>25-01-21 20:55:49:924</time></pt><pt><x>484</x><y>118</y><time>25-01-21 20:55:50:183</time></pt><pt><x>485</x><y>121</y><time>25-01-21 20:55:50:402</time></pt><pt><x>481</x><y>138</y><time>25-01-21 20:55:51:968</time></pt><pt><x>481</x><y>142</y><time>25-01-21 20:55:52:180</time></pt><pt><x>479</x><y>146</y><time>25-01-21 20:55:52:328</time></pt><pt><x>477</x><y>149</y><time>25-01-21 20:55:52:572</time></pt><pt><x>477</x><y>153</y><time>25-01-21 20:55:52:739</time></pt><pt><x>478</x><y>156</y><time>25-01-21 20:55:52:902</time></pt><pt><x>478</x><y>160</y><time>25-01-21 20:55:53:187</time></pt><pt><x>475</x><y>164</y><time>25-01-21 20:55:53:390</time></pt><pt><x>475</x><y>166</y><time>25-01-21 20:55:53:562</time></pt><pt><x>474</x><y>176</y><time>25-01-21 20:55:53:972</time></pt><pt><x>474</x><y>184</y><time>25-01-21 20:55:54:303</time></pt><pt><x>473</x><y>194</y><time>25-01-21 20:55:55:166</time></pt><pt><x>472</x><y>197</y><time>25-01-21 20:55:55:410</time></pt><pt><x>471</x><y>199</y><time>25-01-21 20:55:55:615</time></pt><pt><x>470</x><y>204</y><time>25-01-21 20:55:57:210</time></pt><pt><x>469</x><y>207</y><time>25-01-21 20:55:57:462</time></pt><pt><x>467</x><y>211</y><time>25-01-21 20:55:57:620</time></pt><pt><x>467</x><y>215</y><time>25-01-21 20:55:57:801</time></pt><pt><x>468</x><y>224</y><time>25-01-21 20:55:58:076</time></pt><pt><x>469</x><y>228</y><time>25-01-21 20:55:58:312</time></pt><pt><x>468</x><y>232</y><time>25-01-21 20:55:58:594</time></pt><pt><x>466</x><y>236</y><time>25-01-21 20:55:58:846</time></pt><pt><x>464</x><y>244</y><time>25-01-21 20:56:02:400</time></pt><pt><x>464</x><y>255</y><time>25-01-21 20:56:02:762</time></pt><pt><x>462</x><y>265</y><time>25-01-21 20:56:03:068</time></pt><pt><x>459</x><y>273</y><time>25-01-21 20:56:03:350</time></pt><pt><x>452</x><y>278</y><time>25-01-21 20:56:03:776</time></pt><pt><x>444</x><y>280</y><time>25-01-21 20:56:04:147</time></pt><pt><x>438</x><y>282</y><time>25-01-21 20:56:04:694</time></pt><pt><x>434</x><y>282</y><time>25-01-21 20:56:05:056</time></pt><pt><x>431</x><y>284</y><time>25-01-21 20:56:07:650</time></pt><pt><x>427</x><y>284</y><time>25-01-21 20:56:07:997</time></pt><pt><x>426</x><y>287</y><time>25-01-21 20:56:08:186</time></pt><pt><x>428</x><y>289</y><time>25-01-21 20:56:08:398</time></pt><pt><x>435</x><y>292</y><time>25-01-21 20:56:08:688</time></pt><pt><x>454</x><y>296</y><time>25-01-21 20:56:09:184</time></pt><pt><x>471</x><y>297</y><time>25-01-21 20:56:09:624</time></pt><pt><x>476</x><y>297</y><time>25-01-21 20:56:09:954</time></pt><pt><x>477</x><y>293</y><time>25-01-21 20:56:10:150</time></pt><pt><x>477</x><y>288</y><time>25-01-21 20:56:10:410</time></pt><pt><x>476</x><y>283</y><time>25-01-21 20:56:10:606</time></pt><pt><x>475</x><y>277</y><time>25-01-21 20:56:10:852</time></pt><pt><x>475</x><y>267</y><time>25-01-21 20:56:11:165</time></pt><pt><x>481</x><y>255</y><time>25-01-21 20:56:11:620</time></pt><pt><x>488</x><y>241</y><time>25-01-21 20:56:12:124</time></pt><pt><x>488</x><y>230</y><time>25-01-21 20:56:12:516</time></pt><pt><x>488</x><y>219</y><time>25-01-21 20:56:12:894</time></pt><pt><x>491</x><y>213</y><time>25-01-21 20:56:13:209</time></pt><pt><x>498</x><y>206</y><time>25-01-21 20:56:13:734</time></pt><pt><x>501</x><y>206</y><time>25-01-21 20:56:14:089</time></pt><pt><x>503</x><y>203</y><time>25-01-21 20:56:14:373</time></pt><pt><x>506</x><y>198</y><time>25-01-21 20:56:14:780</time></pt><pt><x>508</x><y>193</y><time>25-01-21 20:56:18:522</time></pt><pt><x>510</x><y>203</y><time>25-01-21 20:56:19:097</time></pt><pt><x>512</x><y>208</y><time>25-01-21 20:56:19:410</time></pt><pt><x>513</x><y>211</y><time>25-01-21 20:56:19:594</time></pt><pt><x>513</x><y>214</y><time>25-01-21 20:56:19:764</time></pt><pt><x>519</x><y>223</y><time>25-01-21 20:56:20:583</time></pt><pt><x>522</x><y>229</y><time>25-01-21 20:56:20:974</time></pt><pt><x>527</x><y>241</y><time>25-01-21 20:56:21:408</time></pt><pt><x>528</x><y>252</y><time>25-01-21 20:56:21:833</time></pt><pt><x>533</x><y>261</y><time>25-01-21 20:56:25:143</time></pt><pt><x>533</x><y>266</y><time>25-01-21 20:56:25:433</time></pt><pt><x>533</x><y>271</y><time>25-01-21 20:56:25:612</time></pt><pt><x>531</x><y>276</y><time>25-01-21 20:56:25:840</time></pt><pt><x>530</x><y>284</y><time>25-01-21 20:56:26:384</time></pt><pt><x>527</x><y>287</y><time>25-01-21 20:56:26:658</time></pt><pt><x>522</x><y>292</y><time>25-01-21 20:56:27:012</time></pt><pt><x>517</x><y>293</y><time>25-01-21 20:56:27:390</time></pt><pt><x>516</x><y>296</y><time>25-01-21 20:56:27:587</time></pt><pt><x>517</x><y>298</y><time>25-01-21 20:56:27:790</time></pt><pt><x>524</x><y>300</y><time>25-01-21 20:56:28:050</time></pt><pt><x>535</x><y>300</y><time>25-01-21 20:56:28:341</time></pt><pt><x>546</x><y>299</y><time>25-01-21 20:56:28:678</time></pt><pt><x>551</x><y>296</y><time>25-01-21 20:56:29:119</time></pt><pt><x>550</x><y>290</y><time>25-01-21 20:56:29:410</time></pt><pt><x>549</x><y>286</y><time>25-01-21 20:56:29:647</time></pt><pt><x>548</x><y>282</y><time>25-01-21 20:56:29:842</time></pt><pt><x>546</x><y>277</y><time>25-01-21 20:56:30:070</time></pt><pt><x>544</x><y>267</y><time>25-01-21 20:56:30:430</time></pt><pt><x>546</x><y>250</y><time>25-01-21 20:56:30:901</time></pt><pt><x>545</x><y>233</y><time>25-01-21 20:56:31:382</time></pt><pt><x>539</x><y>218</y><time>25-01-21 20:56:32:208</time></pt><pt><x>536</x><y>214</y><time>25-01-21 20:56:32:554</time></pt><pt><x>535</x><y>208</y><time>25-01-21 20:56:32:796</time></pt><pt><x>536</x><y>199</y><time>25-01-21 20:56:33:142</time></pt><pt><x>537</x><y>179</y><time>25-01-21 20:56:34:801</time></pt><pt><x>537</x><y>173</y><time>25-01-21 20:56:35:077</time></pt><pt><x>538</x><y>168</y><time>25-01-21 20:56:35:283</time></pt><pt><x>541</x><y>159</y><time>25-01-21 20:56:35:657</time></pt><pt><x>541</x><y>154</y><time>25-01-21 20:56:35:893</time></pt><pt><x>540</x><y>149</y><time>25-01-21 20:56:36:131</time></pt><pt><x>540</x><y>147</y><time>25-01-21 20:56:36:318</time></pt><pt><x>543</x><y>142</y><time>25-01-21 20:56:36:774</time></pt><pt><x>546</x><y>115</y><time>25-01-21 20:56:38:370</time></pt><pt><x>547</x><y>97</y><time>25-01-21 20:56:39:376</time></pt><pt><x>549</x><y>83</y><time>25-01-21 20:56:40:084</time></pt><pt><x>549</x><y>72</y><time>25-01-21 20:56:40:681</time></pt><pt><x>542</x><y>64</y><time>25-01-21 20:56:41:146</time></pt><pt><x>536</x><y>58</y><time>25-01-21 20:56:41:750</time></pt><pt><x>532</x><y>54</y><time>25-01-21 20:56:42:183</time></pt><pt><x>530</x><y>51</y><time>25-01-21 20:56:42:520</time></pt><pt><x>525</x><y>50</y><time>25-01-21 20:56:42:811</time></pt><closed_date>25-01-21 20:56:43:337</closed_date></polygon></object></annotation>