<annotation><filename>frame0006.jpg</filename><folder>users/lab605//7hao/human_20210119_4</folder><source><submittedBy>lab605</submittedBy></source><imagesize><nrows>480</nrows><ncols>640</ncols></imagesize><object><name>person</name><deleted>0</deleted><verified>0</verified><occluded>no</occluded><attributes/><parts><hasparts/><ispartof/></parts><date>20-01-21 21:03:42:202</date><id>0</id><polygon><username>7hao</username><pt><x>441</x><y>20</y><time>20-01-21 21:01:46:062</time></pt><pt><x>438</x><y>18</y><time>20-01-21 21:01:46:483</time></pt><pt><x>435</x><y>18</y><time>20-01-21 21:01:46:788</time></pt><pt><x>432</x><y>18</y><time>20-01-21 21:01:47:033</time></pt><pt><x>428</x><y>19</y><time>20-01-21 21:01:47:252</time></pt><pt><x>425</x><y>20</y><time>20-01-21 21:01:47:490</time></pt><pt><x>423</x><y>23</y><time>20-01-21 21:01:47:716</time></pt><pt><x>422</x><y>25</y><time>20-01-21 21:01:47:930</time></pt><pt><x>421</x><y>29</y><time>20-01-21 21:01:48:322</time></pt><pt><x>421</x><y>33</y><time>20-01-21 21:01:48:630</time></pt><pt><x>420</x><y>39</y><time>20-01-21 21:01:48:975</time></pt><pt><x>420</x><y>42</y><time>20-01-21 21:01:49:235</time></pt><pt><x>420</x><y>46</y><time>20-01-21 21:01:49:580</time></pt><pt><x>420</x><y>48</y><time>20-01-21 21:01:49:867</time></pt><pt><x>420</x><y>52</y><time>20-01-21 21:01:50:092</time></pt><pt><x>420</x><y>55</y><time>20-01-21 21:01:50:306</time></pt><pt><x>419</x><y>58</y><time>20-01-21 21:01:50:556</time></pt><pt><x>417</x><y>59</y><time>20-01-21 21:01:50:846</time></pt><pt><x>413</x><y>60</y><time>20-01-21 21:01:51:105</time></pt><pt><x>409</x><y>62</y><time>20-01-21 21:01:51:350</time></pt><pt><x>406</x><y>64</y><time>20-01-21 21:01:51:546</time></pt><pt><x>394</x><y>89</y><time>20-01-21 21:01:53:050</time></pt><pt><x>389</x><y>100</y><time>20-01-21 21:01:53:451</time></pt><pt><x>386</x><y>107</y><time>20-01-21 21:01:53:740</time></pt><pt><x>385</x><y>111</y><time>20-01-21 21:01:53:993</time></pt><pt><x>384</x><y>116</y><time>20-01-21 21:01:54:354</time></pt><pt><x>383</x><y>120</y><time>20-01-21 21:01:54:648</time></pt><pt><x>381</x><y>125</y><time>20-01-21 21:01:54:962</time></pt><pt><x>374</x><y>146</y><time>20-01-21 21:01:56:282</time></pt><pt><x>374</x><y>150</y><time>20-01-21 21:01:56:565</time></pt><pt><x>374</x><y>153</y><time>20-01-21 21:01:56:770</time></pt><pt><x>374</x><y>157</y><time>20-01-21 21:01:56:997</time></pt><pt><x>373</x><y>159</y><time>20-01-21 21:01:57:178</time></pt><pt><x>371</x><y>163</y><time>20-01-21 21:01:57:398</time></pt><pt><x>370</x><y>164</y><time>20-01-21 21:01:57:586</time></pt><pt><x>367</x><y>166</y><time>20-01-21 21:01:57:800</time></pt><pt><x>365</x><y>168</y><time>20-01-21 21:01:57:950</time></pt><pt><x>364</x><y>170</y><time>20-01-21 21:01:58:097</time></pt><pt><x>365</x><y>174</y><time>20-01-21 21:01:58:335</time></pt><pt><x>367</x><y>179</y><time>20-01-21 21:01:58:618</time></pt><pt><x>368</x><y>182</y><time>20-01-21 21:01:58:855</time></pt><pt><x>373</x><y>184</y><time>20-01-21 21:01:59:186</time></pt><pt><x>376</x><y>183</y><time>20-01-21 21:01:59:522</time></pt><pt><x>376</x><y>182</y><time>20-01-21 21:01:59:774</time></pt><pt><x>377</x><y>179</y><time>20-01-21 21:02:00:002</time></pt><pt><x>377</x><y>175</y><time>20-01-21 21:02:00:214</time></pt><pt><x>377</x><y>173</y><time>20-01-21 21:02:00:434</time></pt><pt><x>377</x><y>171</y><time>20-01-21 21:02:00:740</time></pt><pt><x>379</x><y>168</y><time>20-01-21 21:02:00:975</time></pt><pt><x>381</x><y>164</y><time>20-01-21 21:02:01:213</time></pt><pt><x>382</x><y>161</y><time>20-01-21 21:02:01:409</time></pt><pt><x>393</x><y>144</y><time>20-01-21 21:02:02:730</time></pt><pt><x>395</x><y>140</y><time>20-01-21 21:02:03:140</time></pt><pt><x>397</x><y>138</y><time>20-01-21 21:02:03:424</time></pt><pt><x>399</x><y>134</y><time>20-01-21 21:02:03:708</time></pt><pt><x>400</x><y>132</y><time>20-01-21 21:02:03:865</time></pt><pt><x>401</x><y>130</y><time>20-01-21 21:02:04:045</time></pt><pt><x>402</x><y>128</y><time>20-01-21 21:02:04:313</time></pt><pt><x>409</x><y>113</y><time>20-01-21 21:02:05:572</time></pt><pt><x>410</x><y>110</y><time>20-01-21 21:02:05:924</time></pt><pt><x>411</x><y>107</y><time>20-01-21 21:02:06:168</time></pt><pt><x>412</x><y>106</y><time>20-01-21 21:02:06:373</time></pt><pt><x>413</x><y>110</y><time>20-01-21 21:02:06:933</time></pt><pt><x>414</x><y>114</y><time>20-01-21 21:02:07:198</time></pt><pt><x>414</x><y>117</y><time>20-01-21 21:02:07:427</time></pt><pt><x>414</x><y>122</y><time>20-01-21 21:02:07:648</time></pt><pt><x>415</x><y>127</y><time>20-01-21 21:02:08:286</time></pt><pt><x>417</x><y>133</y><time>20-01-21 21:02:11:724</time></pt><pt><x>418</x><y>138</y><time>20-01-21 21:02:12:170</time></pt><pt><x>418</x><y>143</y><time>20-01-21 21:02:12:469</time></pt><pt><x>419</x><y>145</y><time>20-01-21 21:02:12:713</time></pt><pt><x>421</x><y>148</y><time>20-01-21 21:02:12:917</time></pt><pt><x>421</x><y>151</y><time>20-01-21 21:02:13:178</time></pt><pt><x>421</x><y>154</y><time>20-01-21 21:02:13:373</time></pt><pt><x>421</x><y>156</y><time>20-01-21 21:02:13:618</time></pt><pt><x>421</x><y>159</y><time>20-01-21 21:02:13:987</time></pt><pt><x>420</x><y>161</y><time>20-01-21 21:02:14:466</time></pt><pt><x>418</x><y>166</y><time>20-01-21 21:02:31:750</time></pt><pt><x>418</x><y>169</y><time>20-01-21 21:02:32:090</time></pt><pt><x>418</x><y>173</y><time>20-01-21 21:02:32:362</time></pt><pt><x>418</x><y>176</y><time>20-01-21 21:02:32:591</time></pt><pt><x>417</x><y>178</y><time>20-01-21 21:02:32:764</time></pt><pt><x>417</x><y>181</y><time>20-01-21 21:02:32:976</time></pt><pt><x>416</x><y>197</y><time>20-01-21 21:02:34:448</time></pt><pt><x>417</x><y>203</y><time>20-01-21 21:02:34:778</time></pt><pt><x>417</x><y>209</y><time>20-01-21 21:02:35:076</time></pt><pt><x>417</x><y>212</y><time>20-01-21 21:02:35:296</time></pt><pt><x>418</x><y>217</y><time>20-01-21 21:02:35:478</time></pt><pt><x>419</x><y>221</y><time>20-01-21 21:02:35:699</time></pt><pt><x>419</x><y>225</y><time>20-01-21 21:02:35:909</time></pt><pt><x>419</x><y>229</y><time>20-01-21 21:02:36:105</time></pt><pt><x>419</x><y>232</y><time>20-01-21 21:02:36:280</time></pt><pt><x>420</x><y>235</y><time>20-01-21 21:02:36:452</time></pt><pt><x>421</x><y>239</y><time>20-01-21 21:02:36:650</time></pt><pt><x>422</x><y>242</y><time>20-01-21 21:02:36:832</time></pt><pt><x>423</x><y>244</y><time>20-01-21 21:02:37:051</time></pt><pt><x>423</x><y>247</y><time>20-01-21 21:02:37:312</time></pt><pt><x>424</x><y>250</y><time>20-01-21 21:02:37:538</time></pt><pt><x>425</x><y>256</y><time>20-01-21 21:02:38:938</time></pt><pt><x>425</x><y>262</y><time>20-01-21 21:02:39:207</time></pt><pt><x>425</x><y>265</y><time>20-01-21 21:02:39:419</time></pt><pt><x>426</x><y>271</y><time>20-01-21 21:02:39:630</time></pt><pt><x>426</x><y>274</y><time>20-01-21 21:02:39:820</time></pt><pt><x>426</x><y>278</y><time>20-01-21 21:02:40:050</time></pt><pt><x>427</x><y>286</y><time>20-01-21 21:02:40:874</time></pt><pt><x>427</x><y>290</y><time>20-01-21 21:02:41:117</time></pt><pt><x>427</x><y>293</y><time>20-01-21 21:02:41:314</time></pt><pt><x>427</x><y>297</y><time>20-01-21 21:02:41:536</time></pt><pt><x>426</x><y>300</y><time>20-01-21 21:02:41:738</time></pt><pt><x>425</x><y>303</y><time>20-01-21 21:02:41:936</time></pt><pt><x>421</x><y>305</y><time>20-01-21 21:02:42:588</time></pt><pt><x>417</x><y>306</y><time>20-01-21 21:02:42:912</time></pt><pt><x>414</x><y>308</y><time>20-01-21 21:02:43:382</time></pt><pt><x>412</x><y>309</y><time>20-01-21 21:02:43:720</time></pt><pt><x>409</x><y>310</y><time>20-01-21 21:02:43:988</time></pt><pt><x>404</x><y>312</y><time>20-01-21 21:02:45:049</time></pt><pt><x>400</x><y>311</y><time>20-01-21 21:02:45:546</time></pt><pt><x>399</x><y>314</y><time>20-01-21 21:02:45:766</time></pt><pt><x>400</x><y>317</y><time>20-01-21 21:02:45:977</time></pt><pt><x>402</x><y>319</y><time>20-01-21 21:02:46:268</time></pt><pt><x>405</x><y>319</y><time>20-01-21 21:02:46:503</time></pt><pt><x>410</x><y>320</y><time>20-01-21 21:02:46:726</time></pt><pt><x>416</x><y>320</y><time>20-01-21 21:02:46:955</time></pt><pt><x>422</x><y>320</y><time>20-01-21 21:02:47:167</time></pt><pt><x>427</x><y>321</y><time>20-01-21 21:02:47:410</time></pt><pt><x>435</x><y>321</y><time>20-01-21 21:02:47:645</time></pt><pt><x>440</x><y>321</y><time>20-01-21 21:02:47:898</time></pt><pt><x>448</x><y>321</y><time>20-01-21 21:02:48:133</time></pt><pt><x>452</x><y>318</y><time>20-01-21 21:02:48:550</time></pt><pt><x>452</x><y>315</y><time>20-01-21 21:02:48:820</time></pt><pt><x>450</x><y>313</y><time>20-01-21 21:02:49:023</time></pt><pt><x>449</x><y>311</y><time>20-01-21 21:02:49:218</time></pt><pt><x>449</x><y>307</y><time>20-01-21 21:02:49:414</time></pt><pt><x>448</x><y>304</y><time>20-01-21 21:02:49:619</time></pt><pt><x>447</x><y>302</y><time>20-01-21 21:02:49:783</time></pt><pt><x>446</x><y>300</y><time>20-01-21 21:02:50:004</time></pt><pt><x>446</x><y>298</y><time>20-01-21 21:02:50:195</time></pt><pt><x>446</x><y>295</y><time>20-01-21 21:02:50:368</time></pt><pt><x>446</x><y>293</y><time>20-01-21 21:02:50:499</time></pt><pt><x>446</x><y>292</y><time>20-01-21 21:02:50:610</time></pt><pt><x>449</x><y>265</y><time>20-01-21 21:02:51:806</time></pt><pt><x>449</x><y>260</y><time>20-01-21 21:02:52:107</time></pt><pt><x>449</x><y>254</y><time>20-01-21 21:02:52:363</time></pt><pt><x>448</x><y>249</y><time>20-01-21 21:02:52:585</time></pt><pt><x>448</x><y>245</y><time>20-01-21 21:02:52:812</time></pt><pt><x>446</x><y>227</y><time>20-01-21 21:02:53:993</time></pt><pt><x>445</x><y>223</y><time>20-01-21 21:02:54:260</time></pt><pt><x>446</x><y>218</y><time>20-01-21 21:02:54:463</time></pt><pt><x>446</x><y>215</y><time>20-01-21 21:02:54:662</time></pt><pt><x>447</x><y>212</y><time>20-01-21 21:02:54:867</time></pt><pt><x>448</x><y>208</y><time>20-01-21 21:02:55:055</time></pt><pt><x>450</x><y>206</y><time>20-01-21 21:02:55:289</time></pt><pt><x>451</x><y>206</y><time>20-01-21 21:03:01:443</time></pt><pt><x>452</x><y>209</y><time>20-01-21 21:03:01:859</time></pt><pt><x>453</x><y>211</y><time>20-01-21 21:03:02:190</time></pt><pt><x>453</x><y>215</y><time>20-01-21 21:03:02:465</time></pt><pt><x>453</x><y>219</y><time>20-01-21 21:03:02:686</time></pt><pt><x>454</x><y>222</y><time>20-01-21 21:03:02:889</time></pt><pt><x>455</x><y>226</y><time>20-01-21 21:03:03:089</time></pt><pt><x>457</x><y>230</y><time>20-01-21 21:03:03:303</time></pt><pt><x>458</x><y>233</y><time>20-01-21 21:03:03:491</time></pt><pt><x>458</x><y>236</y><time>20-01-21 21:03:03:691</time></pt><pt><x>459</x><y>238</y><time>20-01-21 21:03:04:002</time></pt><pt><x>460</x><y>242</y><time>20-01-21 21:03:04:361</time></pt><pt><x>464</x><y>267</y><time>20-01-21 21:03:05:800</time></pt><pt><x>465</x><y>273</y><time>20-01-21 21:03:06:131</time></pt><pt><x>467</x><y>278</y><time>20-01-21 21:03:06:400</time></pt><pt><x>469</x><y>282</y><time>20-01-21 21:03:06:626</time></pt><pt><x>471</x><y>286</y><time>20-01-21 21:03:06:832</time></pt><pt><x>472</x><y>289</y><time>20-01-21 21:03:07:044</time></pt><pt><x>473</x><y>292</y><time>20-01-21 21:03:07:234</time></pt><pt><x>473</x><y>296</y><time>20-01-21 21:03:07:429</time></pt><pt><x>473</x><y>300</y><time>20-01-21 21:03:07:642</time></pt><pt><x>473</x><y>302</y><time>20-01-21 21:03:07:807</time></pt><pt><x>474</x><y>307</y><time>20-01-21 21:03:08:051</time></pt><pt><x>476</x><y>312</y><time>20-01-21 21:03:08:334</time></pt><pt><x>479</x><y>313</y><time>20-01-21 21:03:08:634</time></pt><pt><x>487</x><y>312</y><time>20-01-21 21:03:09:011</time></pt><pt><x>491</x><y>310</y><time>20-01-21 21:03:09:300</time></pt><pt><x>494</x><y>309</y><time>20-01-21 21:03:09:514</time></pt><pt><x>494</x><y>306</y><time>20-01-21 21:03:09:780</time></pt><pt><x>494</x><y>302</y><time>20-01-21 21:03:09:963</time></pt><pt><x>493</x><y>301</y><time>20-01-21 21:03:10:317</time></pt><pt><x>491</x><y>298</y><time>20-01-21 21:03:10:528</time></pt><pt><x>489</x><y>296</y><time>20-01-21 21:03:10:739</time></pt><pt><x>487</x><y>294</y><time>20-01-21 21:03:10:919</time></pt><pt><x>486</x><y>291</y><time>20-01-21 21:03:11:133</time></pt><pt><x>486</x><y>287</y><time>20-01-21 21:03:11:281</time></pt><pt><x>487</x><y>285</y><time>20-01-21 21:03:11:495</time></pt><pt><x>488</x><y>282</y><time>20-01-21 21:03:11:669</time></pt><pt><x>488</x><y>279</y><time>20-01-21 21:03:11:871</time></pt><pt><x>488</x><y>277</y><time>20-01-21 21:03:12:091</time></pt><pt><x>487</x><y>262</y><time>20-01-21 21:03:14:255</time></pt><pt><x>486</x><y>256</y><time>20-01-21 21:03:14:524</time></pt><pt><x>485</x><y>251</y><time>20-01-21 21:03:14:767</time></pt><pt><x>484</x><y>248</y><time>20-01-21 21:03:14:971</time></pt><pt><x>483</x><y>244</y><time>20-01-21 21:03:15:152</time></pt><pt><x>482</x><y>241</y><time>20-01-21 21:03:15:349</time></pt><pt><x>480</x><y>238</y><time>20-01-21 21:03:15:539</time></pt><pt><x>479</x><y>236</y><time>20-01-21 21:03:15:697</time></pt><pt><x>480</x><y>230</y><time>20-01-21 21:03:16:280</time></pt><pt><x>478</x><y>203</y><time>20-01-21 21:03:18:463</time></pt><pt><x>479</x><y>196</y><time>20-01-21 21:03:18:817</time></pt><pt><x>479</x><y>192</y><time>20-01-21 21:03:19:071</time></pt><pt><x>480</x><y>188</y><time>20-01-21 21:03:19:290</time></pt><pt><x>481</x><y>193</y><time>20-01-21 21:03:21:083</time></pt><pt><x>483</x><y>192</y><time>20-01-21 21:03:21:432</time></pt><pt><x>485</x><y>191</y><time>20-01-21 21:03:21:603</time></pt><pt><x>487</x><y>189</y><time>20-01-21 21:03:21:861</time></pt><pt><x>487</x><y>186</y><time>20-01-21 21:03:22:071</time></pt><pt><x>487</x><y>183</y><time>20-01-21 21:03:22:249</time></pt><pt><x>487</x><y>179</y><time>20-01-21 21:03:22:453</time></pt><pt><x>487</x><y>176</y><time>20-01-21 21:03:22:666</time></pt><pt><x>487</x><y>174</y><time>20-01-21 21:03:22:854</time></pt><pt><x>488</x><y>168</y><time>20-01-21 21:03:24:246</time></pt><pt><x>488</x><y>164</y><time>20-01-21 21:03:24:483</time></pt><pt><x>489</x><y>161</y><time>20-01-21 21:03:24:680</time></pt><pt><x>489</x><y>157</y><time>20-01-21 21:03:24:884</time></pt><pt><x>489</x><y>154</y><time>20-01-21 21:03:25:105</time></pt><pt><x>488</x><y>129</y><time>20-01-21 21:03:26:342</time></pt><pt><x>487</x><y>120</y><time>20-01-21 21:03:26:624</time></pt><pt><x>485</x><y>103</y><time>20-01-21 21:03:26:873</time></pt><pt><x>482</x><y>97</y><time>20-01-21 21:03:27:723</time></pt><pt><x>481</x><y>90</y><time>20-01-21 21:03:28:101</time></pt><pt><x>479</x><y>83</y><time>20-01-21 21:03:28:620</time></pt><pt><x>477</x><y>77</y><time>20-01-21 21:03:28:973</time></pt><pt><x>468</x><y>69</y><time>20-01-21 21:03:30:161</time></pt><pt><x>457</x><y>63</y><time>20-01-21 21:03:30:831</time></pt><pt><x>452</x><y>60</y><time>20-01-21 21:03:31:265</time></pt><pt><x>448</x><y>59</y><time>20-01-21 21:03:31:618</time></pt><pt><x>446</x><y>58</y><time>20-01-21 21:03:31:981</time></pt><pt><x>446</x><y>57</y><time>20-01-21 21:03:32:084</time></pt><pt><x>447</x><y>55</y><time>20-01-21 21:03:32:351</time></pt><pt><x>449</x><y>54</y><time>20-01-21 21:03:32:603</time></pt><pt><x>451</x><y>51</y><time>20-01-21 21:03:32:941</time></pt><pt><x>452</x><y>49</y><time>20-01-21 21:03:33:295</time></pt><pt><x>458</x><y>39</y><time>20-01-21 21:03:36:465</time></pt><pt><x>458</x><y>35</y><time>20-01-21 21:03:36:741</time></pt><pt><x>458</x><y>32</y><time>20-01-21 21:03:36:952</time></pt><pt><x>457</x><y>29</y><time>20-01-21 21:03:37:165</time></pt><pt><x>456</x><y>27</y><time>20-01-21 21:03:37:355</time></pt><pt><x>454</x><y>23</y><time>20-01-21 21:03:37:583</time></pt><pt><x>452</x><y>21</y><time>20-01-21 21:03:37:810</time></pt><pt><x>451</x><y>20</y><time>20-01-21 21:03:38:023</time></pt><pt><x>447</x><y>20</y><time>20-01-21 21:03:38:261</time></pt><pt><x>446</x><y>20</y><time>20-01-21 21:03:38:478</time></pt><pt><x>444</x><y>20</y><time>20-01-21 21:03:38:698</time></pt><pt><x>443</x><y>20</y><time>20-01-21 21:03:38:909</time></pt><closed_date>20-01-21 21:03:39:406</closed_date></polygon></object><object><name>person</name><deleted>0</deleted><verified>0</verified><occluded>no</occluded><attributes/><parts><hasparts/><ispartof/></parts><date>20-01-21 21:04:36:461</date><id>1</id><polygon><username>7hao</username><pt><x>295</x><y>99</y><time>20-01-21 21:03:46:814</time></pt><pt><x>292</x><y>97</y><time>20-01-21 21:03:47:242</time></pt><pt><x>290</x><y>96</y><time>20-01-21 21:03:47:551</time></pt><pt><x>286</x><y>96</y><time>20-01-21 21:03:47:840</time></pt><pt><x>283</x><y>97</y><time>20-01-21 21:03:48:086</time></pt><pt><x>281</x><y>98</y><time>20-01-21 21:03:48:320</time></pt><pt><x>279</x><y>100</y><time>20-01-21 21:03:48:542</time></pt><pt><x>278</x><y>102</y><time>20-01-21 21:03:48:752</time></pt><pt><x>277</x><y>104</y><time>20-01-21 21:03:48:958</time></pt><pt><x>276</x><y>106</y><time>20-01-21 21:03:49:204</time></pt><pt><x>276</x><y>108</y><time>20-01-21 21:03:49:438</time></pt><pt><x>275</x><y>110</y><time>20-01-21 21:03:49:636</time></pt><pt><x>275</x><y>113</y><time>20-01-21 21:03:49:988</time></pt><pt><x>274</x><y>115</y><time>20-01-21 21:03:50:232</time></pt><pt><x>274</x><y>117</y><time>20-01-21 21:03:50:422</time></pt><pt><x>275</x><y>121</y><time>20-01-21 21:03:50:635</time></pt><pt><x>275</x><y>122</y><time>20-01-21 21:03:50:838</time></pt><pt><x>274</x><y>125</y><time>20-01-21 21:03:51:087</time></pt><pt><x>273</x><y>126</y><time>20-01-21 21:03:51:286</time></pt><pt><x>270</x><y>128</y><time>20-01-21 21:03:51:507</time></pt><pt><x>268</x><y>129</y><time>20-01-21 21:03:51:710</time></pt><pt><x>265</x><y>130</y><time>20-01-21 21:03:51:900</time></pt><pt><x>263</x><y>132</y><time>20-01-21 21:03:52:105</time></pt><pt><x>261</x><y>134</y><time>20-01-21 21:03:52:309</time></pt><pt><x>259</x><y>138</y><time>20-01-21 21:03:52:482</time></pt><pt><x>258</x><y>142</y><time>20-01-21 21:03:52:780</time></pt><pt><x>257</x><y>148</y><time>20-01-21 21:03:53:048</time></pt><pt><x>255</x><y>153</y><time>20-01-21 21:03:53:394</time></pt><pt><x>254</x><y>156</y><time>20-01-21 21:03:53:661</time></pt><pt><x>252</x><y>160</y><time>20-01-21 21:03:53:904</time></pt><pt><x>251</x><y>163</y><time>20-01-21 21:03:54:118</time></pt><pt><x>249</x><y>165</y><time>20-01-21 21:03:54:322</time></pt><pt><x>247</x><y>168</y><time>20-01-21 21:03:54:551</time></pt><pt><x>246</x><y>170</y><time>20-01-21 21:03:54:787</time></pt><pt><x>244</x><y>173</y><time>20-01-21 21:03:55:067</time></pt><pt><x>241</x><y>180</y><time>20-01-21 21:03:56:602</time></pt><pt><x>240</x><y>183</y><time>20-01-21 21:03:56:886</time></pt><pt><x>238</x><y>186</y><time>20-01-21 21:03:57:082</time></pt><pt><x>237</x><y>187</y><time>20-01-21 21:03:57:265</time></pt><pt><x>237</x><y>190</y><time>20-01-21 21:03:57:452</time></pt><pt><x>237</x><y>194</y><time>20-01-21 21:03:57:656</time></pt><pt><x>239</x><y>197</y><time>20-01-21 21:03:57:862</time></pt><pt><x>241</x><y>198</y><time>20-01-21 21:03:58:099</time></pt><pt><x>244</x><y>196</y><time>20-01-21 21:03:58:466</time></pt><pt><x>244</x><y>195</y><time>20-01-21 21:03:58:735</time></pt><pt><x>244</x><y>194</y><time>20-01-21 21:03:58:961</time></pt><pt><x>243</x><y>192</y><time>20-01-21 21:03:59:167</time></pt><pt><x>243</x><y>191</y><time>20-01-21 21:03:59:397</time></pt><pt><x>248</x><y>185</y><time>20-01-21 21:03:59:898</time></pt><pt><x>249</x><y>183</y><time>20-01-21 21:04:00:214</time></pt><pt><x>252</x><y>181</y><time>20-01-21 21:04:00:419</time></pt><pt><x>254</x><y>179</y><time>20-01-21 21:04:00:614</time></pt><pt><x>257</x><y>177</y><time>20-01-21 21:04:00:835</time></pt><pt><x>259</x><y>175</y><time>20-01-21 21:04:01:259</time></pt><pt><x>260</x><y>171</y><time>20-01-21 21:04:01:708</time></pt><pt><x>261</x><y>169</y><time>20-01-21 21:04:01:936</time></pt><pt><x>260</x><y>177</y><time>20-01-21 21:04:02:800</time></pt><pt><x>260</x><y>181</y><time>20-01-21 21:04:03:202</time></pt><pt><x>260</x><y>184</y><time>20-01-21 21:04:03:486</time></pt><pt><x>260</x><y>186</y><time>20-01-21 21:04:03:691</time></pt><pt><x>260</x><y>189</y><time>20-01-21 21:04:03:934</time></pt><pt><x>260</x><y>190</y><time>20-01-21 21:04:04:090</time></pt><pt><x>258</x><y>192</y><time>20-01-21 21:04:04:259</time></pt><pt><x>258</x><y>194</y><time>20-01-21 21:04:04:432</time></pt><pt><x>257</x><y>198</y><time>20-01-21 21:04:04:643</time></pt><pt><x>257</x><y>200</y><time>20-01-21 21:04:04:846</time></pt><pt><x>256</x><y>203</y><time>20-01-21 21:04:05:027</time></pt><pt><x>256</x><y>207</y><time>20-01-21 21:04:05:210</time></pt><pt><x>255</x><y>209</y><time>20-01-21 21:04:05:390</time></pt><pt><x>254</x><y>212</y><time>20-01-21 21:04:05:596</time></pt><pt><x>253</x><y>216</y><time>20-01-21 21:04:05:789</time></pt><pt><x>252</x><y>219</y><time>20-01-21 21:04:05:940</time></pt><pt><x>252</x><y>220</y><time>20-01-21 21:04:06:293</time></pt><pt><x>252</x><y>222</y><time>20-01-21 21:04:06:575</time></pt><pt><x>253</x><y>232</y><time>20-01-21 21:04:07:873</time></pt><pt><x>254</x><y>236</y><time>20-01-21 21:04:08:158</time></pt><pt><x>256</x><y>241</y><time>20-01-21 21:04:08:401</time></pt><pt><x>258</x><y>245</y><time>20-01-21 21:04:08:616</time></pt><pt><x>261</x><y>249</y><time>20-01-21 21:04:08:834</time></pt><pt><x>263</x><y>254</y><time>20-01-21 21:04:09:110</time></pt><pt><x>266</x><y>258</y><time>20-01-21 21:04:09:346</time></pt><pt><x>268</x><y>261</y><time>20-01-21 21:04:09:582</time></pt><pt><x>272</x><y>265</y><time>20-01-21 21:04:09:832</time></pt><pt><x>273</x><y>268</y><time>20-01-21 21:04:10:408</time></pt><pt><x>271</x><y>271</y><time>20-01-21 21:04:10:840</time></pt><pt><x>270</x><y>277</y><time>20-01-21 21:04:12:192</time></pt><pt><x>270</x><y>280</y><time>20-01-21 21:04:12:438</time></pt><pt><x>270</x><y>284</y><time>20-01-21 21:04:12:675</time></pt><pt><x>270</x><y>287</y><time>20-01-21 21:04:13:026</time></pt><pt><x>272</x><y>289</y><time>20-01-21 21:04:13:404</time></pt><pt><x>276</x><y>289</y><time>20-01-21 21:04:13:634</time></pt><pt><x>281</x><y>289</y><time>20-01-21 21:04:14:197</time></pt><pt><x>283</x><y>287</y><time>20-01-21 21:04:14:476</time></pt><pt><x>283</x><y>284</y><time>20-01-21 21:04:14:695</time></pt><pt><x>283</x><y>282</y><time>20-01-21 21:04:14:891</time></pt><pt><x>284</x><y>278</y><time>20-01-21 21:04:15:056</time></pt><pt><x>284</x><y>275</y><time>20-01-21 21:04:15:252</time></pt><pt><x>284</x><y>272</y><time>20-01-21 21:04:15:472</time></pt><pt><x>288</x><y>270</y><time>20-01-21 21:04:16:179</time></pt><pt><x>290</x><y>267</y><time>20-01-21 21:04:16:424</time></pt><pt><x>289</x><y>263</y><time>20-01-21 21:04:16:654</time></pt><pt><x>289</x><y>250</y><time>20-01-21 21:04:17:761</time></pt><pt><x>290</x><y>244</y><time>20-01-21 21:04:18:093</time></pt><pt><x>289</x><y>235</y><time>20-01-21 21:04:18:422</time></pt><pt><x>289</x><y>229</y><time>20-01-21 21:04:18:716</time></pt><pt><x>291</x><y>224</y><time>20-01-21 21:04:19:044</time></pt><pt><x>292</x><y>219</y><time>20-01-21 21:04:19:303</time></pt><pt><x>295</x><y>188</y><time>20-01-21 21:04:20:619</time></pt><pt><x>296</x><y>185</y><time>20-01-21 21:04:21:127</time></pt><pt><x>297</x><y>181</y><time>20-01-21 21:04:21:355</time></pt><pt><x>297</x><y>179</y><time>20-01-21 21:04:21:600</time></pt><pt><x>299</x><y>185</y><time>20-01-21 21:04:22:175</time></pt><pt><x>299</x><y>191</y><time>20-01-21 21:04:22:492</time></pt><pt><x>299</x><y>195</y><time>20-01-21 21:04:22:703</time></pt><pt><x>298</x><y>198</y><time>20-01-21 21:04:22:947</time></pt><pt><x>296</x><y>199</y><time>20-01-21 21:04:23:426</time></pt><pt><x>296</x><y>201</y><time>20-01-21 21:04:23:654</time></pt><pt><x>297</x><y>204</y><time>20-01-21 21:04:23:857</time></pt><pt><x>299</x><y>205</y><time>20-01-21 21:04:24:102</time></pt><pt><x>301</x><y>205</y><time>20-01-21 21:04:24:276</time></pt><pt><x>305</x><y>203</y><time>20-01-21 21:04:24:518</time></pt><pt><x>307</x><y>202</y><time>20-01-21 21:04:24:778</time></pt><pt><x>308</x><y>197</y><time>20-01-21 21:04:24:954</time></pt><pt><x>308</x><y>190</y><time>20-01-21 21:04:25:197</time></pt><pt><x>309</x><y>185</y><time>20-01-21 21:04:25:439</time></pt><pt><x>310</x><y>178</y><time>20-01-21 21:04:25:708</time></pt><pt><x>308</x><y>171</y><time>20-01-21 21:04:25:974</time></pt><pt><x>308</x><y>165</y><time>20-01-21 21:04:26:219</time></pt><pt><x>308</x><y>161</y><time>20-01-21 21:04:26:470</time></pt><pt><x>304</x><y>140</y><time>20-01-21 21:04:27:618</time></pt><pt><x>303</x><y>136</y><time>20-01-21 21:04:27:932</time></pt><pt><x>302</x><y>132</y><time>20-01-21 21:04:28:176</time></pt><pt><x>301</x><y>128</y><time>20-01-21 21:04:28:407</time></pt><pt><x>300</x><y>127</y><time>20-01-21 21:04:28:650</time></pt><pt><x>299</x><y>126</y><time>20-01-21 21:04:28:823</time></pt><pt><x>296</x><y>125</y><time>20-01-21 21:04:29:073</time></pt><pt><x>293</x><y>125</y><time>20-01-21 21:04:29:339</time></pt><pt><x>290</x><y>125</y><time>20-01-21 21:04:29:541</time></pt><pt><x>290</x><y>124</y><time>20-01-21 21:04:29:772</time></pt><pt><x>292</x><y>121</y><time>20-01-21 21:04:30:063</time></pt><pt><x>294</x><y>119</y><time>20-01-21 21:04:30:245</time></pt><pt><x>296</x><y>118</y><time>20-01-21 21:04:30:466</time></pt><pt><x>297</x><y>115</y><time>20-01-21 21:04:30:695</time></pt><pt><x>298</x><y>113</y><time>20-01-21 21:04:30:905</time></pt><pt><x>298</x><y>108</y><time>20-01-21 21:04:31:616</time></pt><pt><x>298</x><y>105</y><time>20-01-21 21:04:31:920</time></pt><pt><x>297</x><y>103</y><time>20-01-21 21:04:32:189</time></pt><pt><x>297</x><y>101</y><time>20-01-21 21:04:32:550</time></pt><closed_date>20-01-21 21:04:33:069</closed_date></polygon></object><object><name>person</name><deleted>0</deleted><verified>0</verified><occluded>no</occluded><attributes></attributes><parts><hasparts></hasparts><ispartof></ispartof></parts><date>20-01-21 21:08:21:795</date><id>2</id><polygon><username>7hao</username><pt><x>378</x><y>188</y><time>20-01-21 21:07:02:073</time></pt><pt><x>378</x><y>193</y><time>20-01-21 21:07:02:386</time></pt><pt><x>377</x><y>196</y><time>20-01-21 21:07:02:640</time></pt><pt><x>377</x><y>198</y><time>20-01-21 21:07:02:826</time></pt><pt><x>378</x><y>199</y><time>20-01-21 21:07:03:033</time></pt><pt><x>379</x><y>201</y><time>20-01-21 21:07:03:230</time></pt><pt><x>379</x><y>202</y><time>20-01-21 21:07:03:448</time></pt><pt><x>379</x><y>204</y><time>20-01-21 21:07:03:661</time></pt><pt><x>379</x><y>207</y><time>20-01-21 21:07:04:158</time></pt><pt><x>379</x><y>209</y><time>20-01-21 21:07:04:418</time></pt><pt><x>379</x><y>211</y><time>20-01-21 21:07:04:670</time></pt><pt><x>379</x><y>213</y><time>20-01-21 21:07:04:904</time></pt><pt><x>378</x><y>215</y><time>20-01-21 21:07:05:124</time></pt><pt><x>378</x><y>227</y><time>20-01-21 21:07:06:666</time></pt><pt><x>377</x><y>230</y><time>20-01-21 21:07:07:045</time></pt><pt><x>375</x><y>233</y><time>20-01-21 21:07:07:351</time></pt><pt><x>374</x><y>235</y><time>20-01-21 21:07:07:570</time></pt><pt><x>374</x><y>238</y><time>20-01-21 21:07:07:765</time></pt><pt><x>372</x><y>244</y><time>20-01-21 21:07:10:826</time></pt><pt><x>372</x><y>249</y><time>20-01-21 21:07:11:101</time></pt><pt><x>372</x><y>251</y><time>20-01-21 21:07:11:285</time></pt><pt><x>372</x><y>254</y><time>20-01-21 21:07:11:498</time></pt><pt><x>372</x><y>257</y><time>20-01-21 21:07:11:708</time></pt><pt><x>370</x><y>261</y><time>20-01-21 21:07:11:927</time></pt><pt><x>370</x><y>263</y><time>20-01-21 21:07:12:148</time></pt><pt><x>369</x><y>265</y><time>20-01-21 21:07:12:424</time></pt><pt><x>368</x><y>265</y><time>20-01-21 21:07:12:644</time></pt><pt><x>367</x><y>266</y><time>20-01-21 21:07:12:926</time></pt><pt><x>366</x><y>269</y><time>20-01-21 21:07:13:188</time></pt><pt><x>366</x><y>272</y><time>20-01-21 21:07:13:463</time></pt><pt><x>366</x><y>275</y><time>20-01-21 21:07:13:675</time></pt><pt><x>369</x><y>277</y><time>20-01-21 21:07:14:076</time></pt><pt><x>374</x><y>277</y><time>20-01-21 21:07:14:469</time></pt><pt><x>381</x><y>277</y><time>20-01-21 21:07:14:838</time></pt><pt><x>388</x><y>277</y><time>20-01-21 21:07:15:186</time></pt><pt><x>390</x><y>275</y><time>20-01-21 21:07:15:612</time></pt><pt><x>390</x><y>273</y><time>20-01-21 21:07:15:963</time></pt><pt><x>389</x><y>272</y><time>20-01-21 21:07:16:238</time></pt><pt><x>388</x><y>272</y><time>20-01-21 21:07:16:420</time></pt><pt><x>385</x><y>271</y><time>20-01-21 21:07:16:673</time></pt><pt><x>384</x><y>269</y><time>20-01-21 21:07:16:916</time></pt><pt><x>382</x><y>267</y><time>20-01-21 21:07:17:166</time></pt><pt><x>380</x><y>265</y><time>20-01-21 21:07:17:418</time></pt><pt><x>380</x><y>263</y><time>20-01-21 21:07:17:669</time></pt><pt><x>380</x><y>260</y><time>20-01-21 21:07:17:891</time></pt><pt><x>381</x><y>256</y><time>20-01-21 21:07:18:275</time></pt><pt><x>382</x><y>241</y><time>20-01-21 21:07:19:509</time></pt><pt><x>384</x><y>238</y><time>20-01-21 21:07:19:983</time></pt><pt><x>386</x><y>235</y><time>20-01-21 21:07:20:336</time></pt><pt><x>387</x><y>232</y><time>20-01-21 21:07:20:606</time></pt><pt><x>389</x><y>230</y><time>20-01-21 21:07:20:863</time></pt><pt><x>391</x><y>228</y><time>20-01-21 21:07:21:107</time></pt><pt><x>393</x><y>222</y><time>20-01-21 21:07:22:169</time></pt><pt><x>394</x><y>220</y><time>20-01-21 21:07:22:509</time></pt><pt><x>394</x><y>218</y><time>20-01-21 21:07:22:760</time></pt><pt><x>394</x><y>217</y><time>20-01-21 21:07:22:995</time></pt><pt><x>395</x><y>216</y><time>20-01-21 21:07:23:223</time></pt><pt><x>395</x><y>216</y><time>20-01-21 21:07:23:443</time></pt><pt><x>396</x><y>217</y><time>20-01-21 21:07:23:640</time></pt><pt><x>397</x><y>219</y><time>20-01-21 21:07:23:829</time></pt><pt><x>397</x><y>220</y><time>20-01-21 21:07:24:026</time></pt><pt><x>398</x><y>221</y><time>20-01-21 21:07:24:191</time></pt><pt><x>399</x><y>221</y><time>20-01-21 21:07:24:380</time></pt><pt><x>400</x><y>221</y><time>20-01-21 21:07:24:538</time></pt><pt><x>402</x><y>221</y><time>20-01-21 21:07:24:701</time></pt><pt><x>402</x><y>223</y><time>20-01-21 21:07:24:899</time></pt><pt><x>403</x><y>224</y><time>20-01-21 21:07:25:079</time></pt><pt><x>404</x><y>225</y><time>20-01-21 21:07:25:240</time></pt><pt><x>405</x><y>226</y><time>20-01-21 21:07:25:410</time></pt><pt><x>405</x><y>228</y><time>20-01-21 21:07:25:559</time></pt><pt><x>405</x><y>229</y><time>20-01-21 21:07:25:724</time></pt><pt><x>405</x><y>231</y><time>20-01-21 21:07:25:905</time></pt><pt><x>406</x><y>233</y><time>20-01-21 21:07:26:112</time></pt><pt><x>406</x><y>234</y><time>20-01-21 21:07:26:269</time></pt><pt><x>408</x><y>243</y><time>20-01-21 21:07:32:987</time></pt><pt><x>410</x><y>248</y><time>20-01-21 21:07:33:356</time></pt><pt><x>411</x><y>251</y><time>20-01-21 21:07:33:664</time></pt><pt><x>413</x><y>255</y><time>20-01-21 21:07:33:960</time></pt><pt><x>416</x><y>258</y><time>20-01-21 21:07:34:394</time></pt><pt><x>417</x><y>261</y><time>20-01-21 21:07:34:660</time></pt><pt><x>418</x><y>263</y><time>20-01-21 21:07:34:872</time></pt><pt><x>419</x><y>266</y><time>20-01-21 21:07:35:109</time></pt><pt><x>420</x><y>268</y><time>20-01-21 21:07:35:337</time></pt><pt><x>419</x><y>270</y><time>20-01-21 21:07:35:620</time></pt><pt><x>418</x><y>273</y><time>20-01-21 21:07:36:933</time></pt><pt><x>418</x><y>275</y><time>20-01-21 21:07:37:164</time></pt><pt><x>418</x><y>276</y><time>20-01-21 21:07:37:334</time></pt><pt><x>419</x><y>276</y><time>20-01-21 21:07:37:562</time></pt><pt><x>421</x><y>276</y><time>20-01-21 21:07:37:781</time></pt><pt><x>423</x><y>276</y><time>20-01-21 21:07:38:077</time></pt><pt><x>424</x><y>276</y><time>20-01-21 21:07:38:728</time></pt><pt><x>425</x><y>273</y><time>20-01-21 21:07:39:466</time></pt><pt><x>425</x><y>271</y><time>20-01-21 21:07:39:897</time></pt><pt><x>425</x><y>269</y><time>20-01-21 21:07:40:208</time></pt><pt><x>424</x><y>267</y><time>20-01-21 21:07:40:581</time></pt><pt><x>424</x><y>265</y><time>20-01-21 21:07:41:054</time></pt><pt><x>424</x><y>262</y><time>20-01-21 21:07:41:467</time></pt><pt><x>424</x><y>259</y><time>20-01-21 21:07:41:951</time></pt><pt><x>424</x><y>255</y><time>20-01-21 21:07:42:519</time></pt><pt><x>422</x><y>245</y><time>20-01-21 21:07:43:784</time></pt><pt><x>420</x><y>242</y><time>20-01-21 21:07:44:293</time></pt><pt><x>419</x><y>238</y><time>20-01-21 21:07:44:773</time></pt><pt><x>418</x><y>232</y><time>20-01-21 21:07:46:434</time></pt><pt><x>417</x><y>230</y><time>20-01-21 21:07:46:834</time></pt><pt><x>417</x><y>226</y><time>20-01-21 21:07:47:229</time></pt><pt><x>416</x><y>221</y><time>20-01-21 21:07:47:764</time></pt><pt><x>415</x><y>219</y><time>20-01-21 21:07:48:116</time></pt><pt><x>413</x><y>195</y><time>20-01-21 21:07:49:275</time></pt><pt><x>413</x><y>192</y><time>20-01-21 21:07:49:667</time></pt><pt><x>413</x><y>189</y><time>20-01-21 21:07:49:935</time></pt><pt><x>412</x><y>186</y><time>20-01-21 21:07:50:178</time></pt><pt><x>411</x><y>181</y><time>20-01-21 21:07:51:049</time></pt><pt><x>410</x><y>178</y><time>20-01-21 21:07:51:270</time></pt><pt><x>410</x><y>175</y><time>20-01-21 21:07:51:476</time></pt><pt><x>410</x><y>172</y><time>20-01-21 21:07:51:656</time></pt><pt><x>410</x><y>147</y><time>20-01-21 21:07:52:553</time></pt><pt><x>409</x><y>143</y><time>20-01-21 21:07:52:821</time></pt><pt><x>409</x><y>140</y><time>20-01-21 21:07:53:055</time></pt><pt><x>408</x><y>138</y><time>20-01-21 21:07:53:269</time></pt><pt><x>408</x><y>137</y><time>20-01-21 21:07:53:487</time></pt><pt><x>407</x><y>136</y><time>20-01-21 21:07:53:739</time></pt><pt><x>408</x><y>135</y><time>20-01-21 21:07:53:977</time></pt><pt><x>409</x><y>133</y><time>20-01-21 21:07:54:181</time></pt><pt><x>409</x><y>132</y><time>20-01-21 21:07:54:403</time></pt><pt><x>410</x><y>127</y><time>20-01-21 21:07:55:281</time></pt><pt><x>410</x><y>124</y><time>20-01-21 21:07:55:501</time></pt><pt><x>410</x><y>121</y><time>20-01-21 21:07:55:685</time></pt><pt><x>410</x><y>119</y><time>20-01-21 21:07:55:918</time></pt><pt><x>410</x><y>118</y><time>20-01-21 21:07:56:133</time></pt><pt><x>410</x><y>116</y><time>20-01-21 21:07:56:392</time></pt><pt><x>410</x><y>115</y><time>20-01-21 21:07:56:596</time></pt><pt><x>409</x><y>115</y><time>20-01-21 21:07:57:680</time></pt><pt><x>408</x><y>117</y><time>20-01-21 21:07:58:373</time></pt><pt><x>407</x><y>119</y><time>20-01-21 21:07:59:521</time></pt><pt><x>406</x><y>122</y><time>20-01-21 21:08:00:260</time></pt><pt><x>398</x><y>138</y><time>20-01-21 21:08:01:793</time></pt><pt><x>396</x><y>140</y><time>20-01-21 21:08:03:390</time></pt><pt><x>395</x><y>142</y><time>20-01-21 21:08:04:028</time></pt><pt><x>394</x><y>144</y><time>20-01-21 21:08:04:562</time></pt><pt><x>393</x><y>146</y><time>20-01-21 21:08:05:073</time></pt><pt><x>384</x><y>160</y><time>20-01-21 21:08:07:040</time></pt><pt><x>382</x><y>163</y><time>20-01-21 21:08:08:071</time></pt><pt><x>382</x><y>164</y><time>20-01-21 21:08:08:425</time></pt><pt><x>381</x><y>166</y><time>20-01-21 21:08:08:898</time></pt><pt><x>380</x><y>168</y><time>20-01-21 21:08:09:292</time></pt><pt><x>379</x><y>170</y><time>20-01-21 21:08:09:802</time></pt><pt><x>378</x><y>172</y><time>20-01-21 21:08:10:618</time></pt><pt><x>378</x><y>174</y><time>20-01-21 21:08:11:216</time></pt><pt><x>378</x><y>178</y><time>20-01-21 21:08:12:194</time></pt><pt><x>378</x><y>181</y><time>20-01-21 21:08:13:747</time></pt><pt><x>377</x><y>182</y><time>20-01-21 21:08:14:199</time></pt><pt><x>377</x><y>184</y><time>20-01-21 21:08:14:528</time></pt><pt><x>377</x><y>185</y><time>20-01-21 21:08:14:884</time></pt><pt><x>377</x><y>186</y><time>20-01-21 21:08:15:159</time></pt><closed_date>20-01-21 21:08:15:840</closed_date></polygon></object></annotation>