<annotation><filename>frame0095.jpg</filename><folder>users/lab605//7hao/human_20210119_4</folder><source><submittedBy>lab605</submittedBy></source><imagesize><nrows>480</nrows><ncols>640</ncols></imagesize><object><name>person</name><deleted>0</deleted><verified>0</verified><occluded>no</occluded><attributes></attributes><parts><hasparts></hasparts><ispartof></ispartof></parts><date>27-01-21 21:34:51:817</date><id>0</id><polygon><username>7hao</username><pt><x>237</x><y>0</y><time>27-01-21 21:33:05:633</time></pt><pt><x>236</x><y>4</y><time>27-01-21 21:33:06:082</time></pt><pt><x>237</x><y>10</y><time>27-01-21 21:33:06:453</time></pt><pt><x>236</x><y>12</y><time>27-01-21 21:33:06:823</time></pt><pt><x>235</x><y>15</y><time>27-01-21 21:33:07:260</time></pt><pt><x>231</x><y>15</y><time>27-01-21 21:33:07:757</time></pt><pt><x>225</x><y>16</y><time>27-01-21 21:33:08:149</time></pt><pt><x>222</x><y>16</y><time>27-01-21 21:33:08:401</time></pt><pt><x>219</x><y>17</y><time>27-01-21 21:33:08:572</time></pt><pt><x>217</x><y>20</y><time>27-01-21 21:33:08:769</time></pt><pt><x>216</x><y>22</y><time>27-01-21 21:33:08:950</time></pt><pt><x>216</x><y>25</y><time>27-01-21 21:33:09:156</time></pt><pt><x>216</x><y>27</y><time>27-01-21 21:33:09:359</time></pt><pt><x>215</x><y>28</y><time>27-01-21 21:33:09:555</time></pt><pt><x>211</x><y>31</y><time>27-01-21 21:33:10:002</time></pt><pt><x>201</x><y>37</y><time>27-01-21 21:33:10:552</time></pt><pt><x>197</x><y>44</y><time>27-01-21 21:33:10:890</time></pt><pt><x>194</x><y>55</y><time>27-01-21 21:33:11:386</time></pt><pt><x>194</x><y>64</y><time>27-01-21 21:33:11:833</time></pt><pt><x>194</x><y>88</y><time>27-01-21 21:33:13:105</time></pt><pt><x>196</x><y>105</y><time>27-01-21 21:33:13:858</time></pt><pt><x>197</x><y>112</y><time>27-01-21 21:33:14:267</time></pt><pt><x>199</x><y>118</y><time>27-01-21 21:33:14:605</time></pt><pt><x>205</x><y>130</y><time>27-01-21 21:33:23:077</time></pt><pt><x>207</x><y>134</y><time>27-01-21 21:33:23:379</time></pt><pt><x>207</x><y>136</y><time>27-01-21 21:33:23:545</time></pt><pt><x>209</x><y>138</y><time>27-01-21 21:33:23:853</time></pt><pt><x>210</x><y>139</y><time>27-01-21 21:33:24:026</time></pt><pt><x>210</x><y>143</y><time>27-01-21 21:33:24:221</time></pt><pt><x>210</x><y>148</y><time>27-01-21 21:33:24:560</time></pt><pt><x>210</x><y>151</y><time>27-01-21 21:33:24:748</time></pt><pt><x>211</x><y>153</y><time>27-01-21 21:33:24:903</time></pt><pt><x>212</x><y>156</y><time>27-01-21 21:33:25:141</time></pt><pt><x>212</x><y>160</y><time>27-01-21 21:33:25:327</time></pt><pt><x>213</x><y>178</y><time>27-01-21 21:33:26:606</time></pt><pt><x>213</x><y>189</y><time>27-01-21 21:33:27:054</time></pt><pt><x>212</x><y>195</y><time>27-01-21 21:33:27:536</time></pt><pt><x>213</x><y>197</y><time>27-01-21 21:33:27:708</time></pt><pt><x>215</x><y>198</y><time>27-01-21 21:33:27:858</time></pt><pt><x>217</x><y>199</y><time>27-01-21 21:33:28:123</time></pt><pt><x>219</x><y>202</y><time>27-01-21 21:33:28:313</time></pt><pt><x>219</x><y>205</y><time>27-01-21 21:33:28:471</time></pt><pt><x>219</x><y>211</y><time>27-01-21 21:33:28:855</time></pt><pt><x>218</x><y>218</y><time>27-01-21 21:33:29:382</time></pt><pt><x>215</x><y>223</y><time>27-01-21 21:33:29:774</time></pt><pt><x>212</x><y>233</y><time>27-01-21 21:33:33:017</time></pt><pt><x>211</x><y>247</y><time>27-01-21 21:33:35:113</time></pt><pt><x>211</x><y>255</y><time>27-01-21 21:33:35:490</time></pt><pt><x>212</x><y>260</y><time>27-01-21 21:33:35:702</time></pt><pt><x>212</x><y>265</y><time>27-01-21 21:33:35:907</time></pt><pt><x>213</x><y>272</y><time>27-01-21 21:33:36:417</time></pt><pt><x>212</x><y>280</y><time>27-01-21 21:33:36:849</time></pt><pt><x>209</x><y>288</y><time>27-01-21 21:33:38:381</time></pt><pt><x>207</x><y>291</y><time>27-01-21 21:33:38:609</time></pt><pt><x>206</x><y>297</y><time>27-01-21 21:33:38:931</time></pt><pt><x>206</x><y>300</y><time>27-01-21 21:33:39:112</time></pt><pt><x>206</x><y>305</y><time>27-01-21 21:33:39:347</time></pt><pt><x>207</x><y>308</y><time>27-01-21 21:33:39:591</time></pt><pt><x>209</x><y>309</y><time>27-01-21 21:33:39:998</time></pt><pt><x>211</x><y>309</y><time>27-01-21 21:33:40:171</time></pt><pt><x>212</x><y>309</y><time>27-01-21 21:33:40:518</time></pt><pt><x>213</x><y>311</y><time>27-01-21 21:33:40:691</time></pt><pt><x>213</x><y>312</y><time>27-01-21 21:33:40:863</time></pt><pt><x>215</x><y>314</y><time>27-01-21 21:33:41:263</time></pt><pt><x>222</x><y>314</y><time>27-01-21 21:33:41:742</time></pt><pt><x>237</x><y>315</y><time>27-01-21 21:33:42:292</time></pt><pt><x>252</x><y>314</y><time>27-01-21 21:33:42:990</time></pt><pt><x>258</x><y>312</y><time>27-01-21 21:33:44:349</time></pt><pt><x>259</x><y>309</y><time>27-01-21 21:33:44:656</time></pt><pt><x>258</x><y>308</y><time>27-01-21 21:33:44:876</time></pt><pt><x>255</x><y>305</y><time>27-01-21 21:33:45:073</time></pt><pt><x>250</x><y>304</y><time>27-01-21 21:33:45:331</time></pt><pt><x>245</x><y>301</y><time>27-01-21 21:33:45:567</time></pt><pt><x>245</x><y>300</y><time>27-01-21 21:33:45:747</time></pt><pt><x>245</x><y>299</y><time>27-01-21 21:33:45:959</time></pt><pt><x>245</x><y>297</y><time>27-01-21 21:33:46:100</time></pt><pt><x>244</x><y>294</y><time>27-01-21 21:33:46:258</time></pt><pt><x>241</x><y>292</y><time>27-01-21 21:33:46:456</time></pt><pt><x>238</x><y>291</y><time>27-01-21 21:33:46:643</time></pt><pt><x>237</x><y>289</y><time>27-01-21 21:33:46:855</time></pt><pt><x>239</x><y>283</y><time>27-01-21 21:33:47:208</time></pt><pt><x>244</x><y>274</y><time>27-01-21 21:33:47:837</time></pt><pt><x>252</x><y>258</y><time>27-01-21 21:33:49:296</time></pt><pt><x>254</x><y>248</y><time>27-01-21 21:33:49:807</time></pt><pt><x>257</x><y>236</y><time>27-01-21 21:33:50:264</time></pt><pt><x>257</x><y>228</y><time>27-01-21 21:33:50:617</time></pt><pt><x>257</x><y>223</y><time>27-01-21 21:33:50:946</time></pt><pt><x>263</x><y>208</y><time>27-01-21 21:33:54:685</time></pt><pt><x>264</x><y>201</y><time>27-01-21 21:33:56:294</time></pt><pt><x>266</x><y>196</y><time>27-01-21 21:33:56:759</time></pt><pt><x>267</x><y>184</y><time>27-01-21 21:33:57:229</time></pt><pt><x>269</x><y>173</y><time>27-01-21 21:33:57:914</time></pt><pt><x>274</x><y>167</y><time>27-01-21 21:33:58:274</time></pt><pt><x>278</x><y>162</y><time>27-01-21 21:33:58:683</time></pt><pt><x>279</x><y>156</y><time>27-01-21 21:33:59:029</time></pt><pt><x>279</x><y>151</y><time>27-01-21 21:34:01:288</time></pt><pt><x>282</x><y>150</y><time>27-01-21 21:34:01:517</time></pt><pt><x>284</x><y>142</y><time>27-01-21 21:34:01:989</time></pt><pt><x>285</x><y>134</y><time>27-01-21 21:34:02:398</time></pt><pt><x>285</x><y>132</y><time>27-01-21 21:34:02:609</time></pt><pt><x>286</x><y>129</y><time>27-01-21 21:34:02:793</time></pt><pt><x>289</x><y>128</y><time>27-01-21 21:34:02:938</time></pt><pt><x>292</x><y>124</y><time>27-01-21 21:34:03:245</time></pt><pt><x>292</x><y>117</y><time>27-01-21 21:34:03:598</time></pt><pt><x>290</x><y>81</y><time>27-01-21 21:34:04:879</time></pt><pt><x>288</x><y>75</y><time>27-01-21 21:34:05:742</time></pt><pt><x>282</x><y>79</y><time>27-01-21 21:34:06:756</time></pt><pt><x>271</x><y>88</y><time>27-01-21 21:34:10:729</time></pt><pt><x>266</x><y>88</y><time>27-01-21 21:34:14:648</time></pt><pt><x>264</x><y>89</y><time>27-01-21 21:34:15:159</time></pt><pt><x>261</x><y>94</y><time>27-01-21 21:34:15:661</time></pt><pt><x>258</x><y>98</y><time>27-01-21 21:34:16:235</time></pt><pt><x>254</x><y>98</y><time>27-01-21 21:34:16:573</time></pt><pt><x>252</x><y>99</y><time>27-01-21 21:34:16:753</time></pt><pt><x>250</x><y>102</y><time>27-01-21 21:34:17:098</time></pt><pt><x>248</x><y>108</y><time>27-01-21 21:34:17:437</time></pt><pt><x>247</x><y>112</y><time>27-01-21 21:34:17:731</time></pt><pt><x>242</x><y>117</y><time>27-01-21 21:34:18:276</time></pt><pt><x>236</x><y>117</y><time>27-01-21 21:34:18:723</time></pt><pt><x>231</x><y>114</y><time>27-01-21 21:34:20:525</time></pt><pt><x>229</x><y>109</y><time>27-01-21 21:34:20:984</time></pt><pt><x>229</x><y>104</y><time>27-01-21 21:34:21:283</time></pt><pt><x>231</x><y>95</y><time>27-01-21 21:34:21:715</time></pt><pt><x>232</x><y>89</y><time>27-01-21 21:34:25:029</time></pt><pt><x>235</x><y>88</y><time>27-01-21 21:34:25:335</time></pt><pt><x>239</x><y>87</y><time>27-01-21 21:34:25:541</time></pt><pt><x>242</x><y>84</y><time>27-01-21 21:34:25:900</time></pt><pt><x>244</x><y>81</y><time>27-01-21 21:34:26:198</time></pt><pt><x>249</x><y>74</y><time>27-01-21 21:34:26:859</time></pt><pt><x>249</x><y>69</y><time>27-01-21 21:34:27:290</time></pt><pt><x>250</x><y>66</y><time>27-01-21 21:34:27:574</time></pt><pt><x>255</x><y>61</y><time>27-01-21 21:34:28:092</time></pt><pt><x>272</x><y>40</y><time>27-01-21 21:34:36:112</time></pt><pt><x>273</x><y>40</y><time>27-01-21 21:34:36:613</time></pt><pt><x>275</x><y>37</y><time>27-01-21 21:34:36:991</time></pt><pt><x>275</x><y>35</y><time>27-01-21 21:34:37:469</time></pt><pt><x>276</x><y>34</y><time>27-01-21 21:34:37:854</time></pt><pt><x>271</x><y>30</y><time>27-01-21 21:34:38:529</time></pt><pt><x>268</x><y>28</y><time>27-01-21 21:34:38:945</time></pt><pt><x>268</x><y>25</y><time>27-01-21 21:34:39:165</time></pt><pt><x>270</x><y>20</y><time>27-01-21 21:34:40:405</time></pt><pt><x>272</x><y>19</y><time>27-01-21 21:34:41:884</time></pt><pt><x>273</x><y>19</y><time>27-01-21 21:34:42:298</time></pt><pt><x>275</x><y>18</y><time>27-01-21 21:34:42:535</time></pt><pt><x>277</x><y>15</y><time>27-01-21 21:34:43:296</time></pt><pt><x>277</x><y>9</y><time>27-01-21 21:34:43:688</time></pt><pt><x>275</x><y>5</y><time>27-01-21 21:34:44:010</time></pt><pt><x>274</x><y>3</y><time>27-01-21 21:34:44:356</time></pt><pt><x>273</x><y>1</y><time>27-01-21 21:34:44:646</time></pt><pt><x>273</x><y>0</y><time>27-01-21 21:34:45:273</time></pt><closed_date>27-01-21 21:34:47:757</closed_date></polygon></object><object><name>person</name><deleted>0</deleted><verified>0</verified><occluded>no</occluded><attributes></attributes><parts><hasparts></hasparts><ispartof></ispartof></parts><date>27-01-21 21:38:25:605</date><id>1</id><polygon><username>7hao</username><pt><x>293</x><y>0</y><time>27-01-21 21:36:27:197</time></pt><pt><x>290</x><y>5</y><time>27-01-21 21:36:27:638</time></pt><pt><x>289</x><y>9</y><time>27-01-21 21:36:27:958</time></pt><pt><x>288</x><y>15</y><time>27-01-21 21:36:28:240</time></pt><pt><x>286</x><y>19</y><time>27-01-21 21:36:28:532</time></pt><pt><x>284</x><y>24</y><time>27-01-21 21:36:28:949</time></pt><pt><x>280</x><y>29</y><time>27-01-21 21:36:29:412</time></pt><pt><x>277</x><y>33</y><time>27-01-21 21:36:29:804</time></pt><pt><x>276</x><y>36</y><time>27-01-21 21:36:30:410</time></pt><pt><x>275</x><y>39</y><time>27-01-21 21:36:31:031</time></pt><pt><x>274</x><y>41</y><time>27-01-21 21:36:31:382</time></pt><pt><x>272</x><y>43</y><time>27-01-21 21:36:31:735</time></pt><pt><x>260</x><y>56</y><time>27-01-21 21:36:34:739</time></pt><pt><x>257</x><y>61</y><time>27-01-21 21:36:35:333</time></pt><pt><x>254</x><y>66</y><time>27-01-21 21:36:35:766</time></pt><pt><x>251</x><y>68</y><time>27-01-21 21:36:36:157</time></pt><pt><x>250</x><y>72</y><time>27-01-21 21:36:36:756</time></pt><pt><x>250</x><y>75</y><time>27-01-21 21:36:37:119</time></pt><pt><x>249</x><y>77</y><time>27-01-21 21:36:37:532</time></pt><pt><x>247</x><y>80</y><time>27-01-21 21:36:37:973</time></pt><pt><x>245</x><y>82</y><time>27-01-21 21:36:40:408</time></pt><pt><x>242</x><y>86</y><time>27-01-21 21:36:40:853</time></pt><pt><x>240</x><y>88</y><time>27-01-21 21:36:41:388</time></pt><pt><x>237</x><y>89</y><time>27-01-21 21:36:41:844</time></pt><pt><x>234</x><y>90</y><time>27-01-21 21:36:42:276</time></pt><pt><x>233</x><y>91</y><time>27-01-21 21:36:42:543</time></pt><pt><x>232</x><y>95</y><time>27-01-21 21:36:42:991</time></pt><pt><x>231</x><y>103</y><time>27-01-21 21:36:43:854</time></pt><pt><x>230</x><y>107</y><time>27-01-21 21:36:44:312</time></pt><pt><x>232</x><y>111</y><time>27-01-21 21:36:44:648</time></pt><pt><x>232</x><y>113</y><time>27-01-21 21:36:45:153</time></pt><pt><x>235</x><y>115</y><time>27-01-21 21:36:45:561</time></pt><pt><x>239</x><y>116</y><time>27-01-21 21:36:45:935</time></pt><pt><x>243</x><y>114</y><time>27-01-21 21:36:46:401</time></pt><pt><x>246</x><y>112</y><time>27-01-21 21:36:46:958</time></pt><pt><x>247</x><y>108</y><time>27-01-21 21:36:47:553</time></pt><pt><x>249</x><y>101</y><time>27-01-21 21:36:48:427</time></pt><pt><x>251</x><y>97</y><time>27-01-21 21:36:51:615</time></pt><pt><x>254</x><y>97</y><time>27-01-21 21:36:52:001</time></pt><pt><x>257</x><y>96</y><time>27-01-21 21:36:52:291</time></pt><pt><x>260</x><y>93</y><time>27-01-21 21:36:52:700</time></pt><pt><x>262</x><y>90</y><time>27-01-21 21:36:53:180</time></pt><pt><x>265</x><y>87</y><time>27-01-21 21:36:53:579</time></pt><pt><x>267</x><y>87</y><time>27-01-21 21:36:53:963</time></pt><pt><x>270</x><y>86</y><time>27-01-21 21:36:54:274</time></pt><pt><x>275</x><y>83</y><time>27-01-21 21:36:54:836</time></pt><pt><x>284</x><y>76</y><time>27-01-21 21:36:55:574</time></pt><pt><x>287</x><y>74</y><time>27-01-21 21:36:56:060</time></pt><pt><x>289</x><y>74</y><time>27-01-21 21:36:56:625</time></pt><pt><x>290</x><y>77</y><time>27-01-21 21:36:57:144</time></pt><pt><x>291</x><y>82</y><time>27-01-21 21:36:57:851</time></pt><pt><x>291</x><y>86</y><time>27-01-21 21:36:58:364</time></pt><pt><x>293</x><y>116</y><time>27-01-21 21:37:02:511</time></pt><pt><x>293</x><y>123</y><time>27-01-21 21:37:03:929</time></pt><pt><x>293</x><y>125</y><time>27-01-21 21:37:04:479</time></pt><pt><x>291</x><y>127</y><time>27-01-21 21:37:04:976</time></pt><pt><x>290</x><y>129</y><time>27-01-21 21:37:05:572</time></pt><pt><x>287</x><y>130</y><time>27-01-21 21:37:06:045</time></pt><pt><x>286</x><y>131</y><time>27-01-21 21:37:06:341</time></pt><pt><x>286</x><y>134</y><time>27-01-21 21:37:06:720</time></pt><pt><x>284</x><y>146</y><time>27-01-21 21:37:10:349</time></pt><pt><x>283</x><y>149</y><time>27-01-21 21:37:10:959</time></pt><pt><x>282</x><y>151</y><time>27-01-21 21:37:11:437</time></pt><pt><x>281</x><y>152</y><time>27-01-21 21:37:11:775</time></pt><pt><x>281</x><y>153</y><time>27-01-21 21:37:12:019</time></pt><pt><x>280</x><y>157</y><time>27-01-21 21:37:13:009</time></pt><pt><x>279</x><y>162</y><time>27-01-21 21:37:13:598</time></pt><pt><x>277</x><y>165</y><time>27-01-21 21:37:14:087</time></pt><pt><x>270</x><y>174</y><time>27-01-21 21:37:15:945</time></pt><pt><x>267</x><y>196</y><time>27-01-21 21:37:19:199</time></pt><pt><x>265</x><y>202</y><time>27-01-21 21:37:22:231</time></pt><pt><x>266</x><y>229</y><time>27-01-21 21:37:31:052</time></pt><pt><x>268</x><y>241</y><time>27-01-21 21:37:31:422</time></pt><pt><x>270</x><y>248</y><time>27-01-21 21:37:31:641</time></pt><pt><x>285</x><y>268</y><time>27-01-21 21:37:32:985</time></pt><pt><x>296</x><y>283</y><time>27-01-21 21:37:33:558</time></pt><pt><x>307</x><y>297</y><time>27-01-21 21:37:34:155</time></pt><pt><x>314</x><y>306</y><time>27-01-21 21:37:38:883</time></pt><pt><x>314</x><y>316</y><time>27-01-21 21:37:39:269</time></pt><pt><x>313</x><y>338</y><time>27-01-21 21:37:39:872</time></pt><pt><x>310</x><y>348</y><time>27-01-21 21:37:40:440</time></pt><pt><x>305</x><y>357</y><time>27-01-21 21:37:40:996</time></pt><pt><x>301</x><y>360</y><time>27-01-21 21:37:41:340</time></pt><pt><x>301</x><y>363</y><time>27-01-21 21:37:41:536</time></pt><pt><x>302</x><y>374</y><time>27-01-21 21:37:42:325</time></pt><pt><x>303</x><y>383</y><time>27-01-21 21:37:43:692</time></pt><pt><x>298</x><y>388</y><time>27-01-21 21:37:44:014</time></pt><pt><x>291</x><y>393</y><time>27-01-21 21:37:44:342</time></pt><pt><x>285</x><y>397</y><time>27-01-21 21:37:44:726</time></pt><pt><x>283</x><y>403</y><time>27-01-21 21:37:44:994</time></pt><pt><x>285</x><y>410</y><time>27-01-21 21:37:45:331</time></pt><pt><x>291</x><y>412</y><time>27-01-21 21:37:45:802</time></pt><pt><x>303</x><y>413</y><time>27-01-21 21:37:46:213</time></pt><pt><x>324</x><y>412</y><time>27-01-21 21:37:46:651</time></pt><pt><x>339</x><y>405</y><time>27-01-21 21:37:47:194</time></pt><pt><x>352</x><y>400</y><time>27-01-21 21:37:50:122</time></pt><pt><x>358</x><y>397</y><time>27-01-21 21:37:50:452</time></pt><pt><x>359</x><y>391</y><time>27-01-21 21:37:50:743</time></pt><pt><x>359</x><y>384</y><time>27-01-21 21:37:51:041</time></pt><pt><x>357</x><y>373</y><time>27-01-21 21:37:51:448</time></pt><pt><x>357</x><y>364</y><time>27-01-21 21:37:51:695</time></pt><pt><x>358</x><y>359</y><time>27-01-21 21:37:51:936</time></pt><pt><x>359</x><y>349</y><time>27-01-21 21:37:57:048</time></pt><pt><x>364</x><y>336</y><time>27-01-21 21:37:57:372</time></pt><pt><x>362</x><y>278</y><time>27-01-21 21:38:04:307</time></pt><pt><x>359</x><y>262</y><time>27-01-21 21:38:04:888</time></pt><pt><x>357</x><y>244</y><time>27-01-21 21:38:06:136</time></pt><pt><x>362</x><y>225</y><time>27-01-21 21:38:06:475</time></pt><pt><x>362</x><y>213</y><time>27-01-21 21:38:06:928</time></pt><pt><x>372</x><y>165</y><time>27-01-21 21:38:09:293</time></pt><pt><x>376</x><y>149</y><time>27-01-21 21:38:09:710</time></pt><pt><x>380</x><y>140</y><time>27-01-21 21:38:10:055</time></pt><pt><x>381</x><y>138</y><time>27-01-21 21:38:10:283</time></pt><pt><x>383</x><y>134</y><time>27-01-21 21:38:11:374</time></pt><pt><x>386</x><y>128</y><time>27-01-21 21:38:11:565</time></pt><pt><x>392</x><y>119</y><time>27-01-21 21:38:11:736</time></pt><pt><x>402</x><y>106</y><time>27-01-21 21:38:12:042</time></pt><pt><x>405</x><y>97</y><time>27-01-21 21:38:12:304</time></pt><pt><x>406</x><y>84</y><time>27-01-21 21:38:12:625</time></pt><pt><x>409</x><y>56</y><time>27-01-21 21:38:13:654</time></pt><pt><x>414</x><y>43</y><time>27-01-21 21:38:13:999</time></pt><pt><x>418</x><y>25</y><time>27-01-21 21:38:17:460</time></pt><pt><x>421</x><y>12</y><time>27-01-21 21:38:17:994</time></pt><pt><x>422</x><y>5</y><time>27-01-21 21:38:18:326</time></pt><pt><x>423</x><y>0</y><time>27-01-21 21:38:18:772</time></pt><pt><x>423</x><y>0</y><time>27-01-21 21:38:19:929</time></pt><closed_date>27-01-21 21:38:23:516</closed_date></polygon></object><object><name>person</name><deleted>0</deleted><verified>0</verified><occluded>no</occluded><attributes></attributes><parts><hasparts></hasparts><ispartof></ispartof></parts><date>27-01-21 21:41:26:754</date><id>2</id><polygon><username>7hao</username><pt><x>410</x><y>59</y><time>27-01-21 21:39:12:993</time></pt><pt><x>415</x><y>62</y><time>27-01-21 21:39:13:495</time></pt><pt><x>420</x><y>65</y><time>27-01-21 21:39:13:872</time></pt><pt><x>425</x><y>67</y><time>27-01-21 21:39:14:177</time></pt><pt><x>430</x><y>69</y><time>27-01-21 21:39:14:861</time></pt><pt><x>432</x><y>73</y><time>27-01-21 21:39:15:246</time></pt><pt><x>435</x><y>83</y><time>27-01-21 21:39:15:873</time></pt><pt><x>439</x><y>95</y><time>27-01-21 21:39:17:822</time></pt><pt><x>441</x><y>119</y><time>27-01-21 21:39:22:313</time></pt><pt><x>442</x><y>131</y><time>27-01-21 21:39:23:036</time></pt><pt><x>442</x><y>140</y><time>27-01-21 21:39:23:530</time></pt><pt><x>442</x><y>145</y><time>27-01-21 21:39:23:915</time></pt><pt><x>442</x><y>151</y><time>27-01-21 21:39:24:206</time></pt><pt><x>443</x><y>160</y><time>27-01-21 21:39:25:729</time></pt><pt><x>442</x><y>163</y><time>27-01-21 21:39:26:154</time></pt><pt><x>441</x><y>165</y><time>27-01-21 21:39:26:500</time></pt><pt><x>440</x><y>167</y><time>27-01-21 21:39:26:665</time></pt><pt><x>440</x><y>170</y><time>27-01-21 21:39:27:050</time></pt><pt><x>439</x><y>178</y><time>27-01-21 21:39:28:605</time></pt><pt><x>438</x><y>186</y><time>27-01-21 21:39:29:374</time></pt><pt><x>434</x><y>189</y><time>27-01-21 21:39:29:822</time></pt><pt><x>430</x><y>190</y><time>27-01-21 21:39:30:113</time></pt><pt><x>428</x><y>189</y><time>27-01-21 21:39:30:356</time></pt><pt><x>428</x><y>185</y><time>27-01-21 21:39:30:536</time></pt><pt><x>428</x><y>178</y><time>27-01-21 21:39:30:850</time></pt><pt><x>428</x><y>172</y><time>27-01-21 21:39:31:188</time></pt><pt><x>428</x><y>169</y><time>27-01-21 21:39:31:368</time></pt><pt><x>429</x><y>165</y><time>27-01-21 21:39:31:565</time></pt><pt><x>428</x><y>159</y><time>27-01-21 21:39:31:901</time></pt><pt><x>425</x><y>145</y><time>27-01-21 21:39:32:822</time></pt><pt><x>424</x><y>145</y><time>27-01-21 21:39:33:190</time></pt><pt><x>423</x><y>146</y><time>27-01-21 21:39:33:379</time></pt><pt><x>422</x><y>147</y><time>27-01-21 21:39:33:544</time></pt><pt><x>422</x><y>153</y><time>27-01-21 21:39:34:000</time></pt><pt><x>424</x><y>163</y><time>27-01-21 21:39:34:480</time></pt><pt><x>424</x><y>174</y><time>27-01-21 21:39:35:045</time></pt><pt><x>423</x><y>186</y><time>27-01-21 21:39:35:704</time></pt><pt><x>417</x><y>207</y><time>27-01-21 21:39:37:157</time></pt><pt><x>417</x><y>220</y><time>27-01-21 21:39:37:792</time></pt><pt><x>416</x><y>229</y><time>27-01-21 21:39:38:304</time></pt><pt><x>415</x><y>233</y><time>27-01-21 21:39:38:673</time></pt><pt><x>414</x><y>234</y><time>27-01-21 21:39:38:846</time></pt><pt><x>413</x><y>237</y><time>27-01-21 21:39:39:011</time></pt><pt><x>413</x><y>239</y><time>27-01-21 21:39:39:162</time></pt><pt><x>414</x><y>241</y><time>27-01-21 21:39:39:583</time></pt><pt><x>413</x><y>261</y><time>27-01-21 21:40:04:994</time></pt><pt><x>411</x><y>270</y><time>27-01-21 21:40:05:679</time></pt><pt><x>411</x><y>279</y><time>27-01-21 21:40:06:164</time></pt><pt><x>411</x><y>284</y><time>27-01-21 21:40:06:534</time></pt><pt><x>410</x><y>285</y><time>27-01-21 21:40:06:746</time></pt><pt><x>409</x><y>287</y><time>27-01-21 21:40:06:894</time></pt><pt><x>408</x><y>289</y><time>27-01-21 21:40:07:037</time></pt><pt><x>410</x><y>296</y><time>27-01-21 21:40:08:495</time></pt><pt><x>414</x><y>304</y><time>27-01-21 21:40:09:063</time></pt><pt><x>418</x><y>307</y><time>27-01-21 21:40:09:440</time></pt><pt><x>419</x><y>309</y><time>27-01-21 21:40:09:637</time></pt><pt><x>420</x><y>312</y><time>27-01-21 21:40:09:818</time></pt><pt><x>420</x><y>314</y><time>27-01-21 21:40:10:036</time></pt><pt><x>418</x><y>316</y><time>27-01-21 21:40:10:367</time></pt><pt><x>410</x><y>316</y><time>27-01-21 21:40:10:838</time></pt><pt><x>402</x><y>315</y><time>27-01-21 21:40:11:277</time></pt><pt><x>400</x><y>313</y><time>27-01-21 21:40:11:504</time></pt><pt><x>397</x><y>313</y><time>27-01-21 21:40:11:709</time></pt><pt><x>394</x><y>311</y><time>27-01-21 21:40:11:992</time></pt><pt><x>393</x><y>308</y><time>27-01-21 21:40:12:156</time></pt><pt><x>395</x><y>302</y><time>27-01-21 21:40:12:345</time></pt><pt><x>396</x><y>297</y><time>27-01-21 21:40:12:603</time></pt><pt><x>395</x><y>295</y><time>27-01-21 21:40:12:808</time></pt><pt><x>394</x><y>294</y><time>27-01-21 21:40:12:982</time></pt><pt><x>394</x><y>290</y><time>27-01-21 21:40:13:179</time></pt><pt><x>392</x><y>286</y><time>27-01-21 21:40:15:995</time></pt><pt><x>391</x><y>280</y><time>27-01-21 21:40:16:351</time></pt><pt><x>391</x><y>271</y><time>27-01-21 21:40:16:750</time></pt><pt><x>390</x><y>229</y><time>27-01-21 21:40:17:969</time></pt><pt><x>390</x><y>228</y><time>27-01-21 21:40:18:472</time></pt><pt><x>388</x><y>229</y><time>27-01-21 21:40:18:690</time></pt><pt><x>386</x><y>232</y><time>27-01-21 21:40:18:849</time></pt><pt><x>383</x><y>246</y><time>27-01-21 21:40:19:634</time></pt><pt><x>382</x><y>254</y><time>27-01-21 21:40:21:800</time></pt><pt><x>382</x><y>260</y><time>27-01-21 21:40:22:460</time></pt><pt><x>379</x><y>276</y><time>27-01-21 21:40:27:786</time></pt><pt><x>374</x><y>299</y><time>27-01-21 21:40:33:317</time></pt><pt><x>374</x><y>301</y><time>27-01-21 21:40:33:536</time></pt><pt><x>374</x><y>304</y><time>27-01-21 21:40:33:679</time></pt><pt><x>370</x><y>317</y><time>27-01-21 21:40:35:232</time></pt><pt><x>367</x><y>320</y><time>27-01-21 21:40:35:408</time></pt><pt><x>365</x><y>324</y><time>27-01-21 21:40:36:411</time></pt><pt><x>364</x><y>319</y><time>27-01-21 21:40:37:778</time></pt><pt><x>364</x><y>314</y><time>27-01-21 21:40:38:720</time></pt><pt><x>363</x><y>278</y><time>27-01-21 21:40:40:408</time></pt><pt><x>359</x><y>250</y><time>27-01-21 21:40:47:227</time></pt><pt><x>364</x><y>233</y><time>27-01-21 21:40:48:822</time></pt><pt><x>364</x><y>229</y><time>27-01-21 21:40:49:088</time></pt><pt><x>364</x><y>226</y><time>27-01-21 21:40:49:253</time></pt><pt><x>363</x><y>222</y><time>27-01-21 21:40:49:461</time></pt><pt><x>363</x><y>219</y><time>27-01-21 21:40:49:889</time></pt><pt><x>363</x><y>213</y><time>27-01-21 21:40:50:651</time></pt><pt><x>370</x><y>181</y><time>27-01-21 21:40:53:651</time></pt><pt><x>377</x><y>150</y><time>27-01-21 21:40:57:799</time></pt><pt><x>387</x><y>128</y><time>27-01-21 21:41:06:785</time></pt><pt><x>392</x><y>121</y><time>27-01-21 21:41:18:149</time></pt><pt><x>399</x><y>111</y><time>27-01-21 21:41:19:133</time></pt><pt><x>402</x><y>107</y><time>27-01-21 21:41:19:800</time></pt><pt><x>406</x><y>98</y><time>27-01-21 21:41:20:696</time></pt><pt><x>407</x><y>91</y><time>27-01-21 21:41:21:951</time></pt><pt><x>410</x><y>62</y><time>27-01-21 21:41:23:296</time></pt><closed_date>27-01-21 21:41:24:042</closed_date></polygon></object></annotation>