<annotation><filename>frame0080.jpg</filename><folder>users/lab605//7hao/human_20210119_4</folder><source><submittedBy>lab605</submittedBy></source><imagesize><nrows>480</nrows><ncols>640</ncols></imagesize><object><name>person</name><deleted>0</deleted><verified>0</verified><occluded>no</occluded><attributes></attributes><parts><hasparts></hasparts><ispartof></ispartof></parts><date>26-01-21 14:58:19:506</date><id>0</id><polygon><username>7hao</username><pt><x>146</x><y>0</y><time>26-01-21 14:57:22:756</time></pt><pt><x>138</x><y>4</y><time>26-01-21 14:57:23:463</time></pt><pt><x>127</x><y>13</y><time>26-01-21 14:57:24:012</time></pt><pt><x>120</x><y>22</y><time>26-01-21 14:57:24:462</time></pt><pt><x>116</x><y>37</y><time>26-01-21 14:57:25:018</time></pt><pt><x>115</x><y>52</y><time>26-01-21 14:57:25:506</time></pt><pt><x>114</x><y>78</y><time>26-01-21 14:57:26:732</time></pt><pt><x>114</x><y>91</y><time>26-01-21 14:57:27:101</time></pt><pt><x>117</x><y>102</y><time>26-01-21 14:57:27:478</time></pt><pt><x>122</x><y>112</y><time>26-01-21 14:57:27:871</time></pt><pt><x>125</x><y>123</y><time>26-01-21 14:57:28:373</time></pt><pt><x>127</x><y>131</y><time>26-01-21 14:57:28:908</time></pt><pt><x>131</x><y>137</y><time>26-01-21 14:57:29:366</time></pt><pt><x>133</x><y>139</y><time>26-01-21 14:57:29:788</time></pt><pt><x>133</x><y>144</y><time>26-01-21 14:57:30:175</time></pt><pt><x>133</x><y>152</y><time>26-01-21 14:57:30:794</time></pt><pt><x>136</x><y>164</y><time>26-01-21 14:57:32:900</time></pt><pt><x>135</x><y>172</y><time>26-01-21 14:57:33:295</time></pt><pt><x>136</x><y>177</y><time>26-01-21 14:57:33:482</time></pt><pt><x>136</x><y>187</y><time>26-01-21 14:57:33:835</time></pt><pt><x>135</x><y>192</y><time>26-01-21 14:57:34:042</time></pt><pt><x>134</x><y>195</y><time>26-01-21 14:57:34:190</time></pt><pt><x>136</x><y>198</y><time>26-01-21 14:57:34:347</time></pt><pt><x>137</x><y>199</y><time>26-01-21 14:57:34:521</time></pt><pt><x>139</x><y>206</y><time>26-01-21 14:57:34:850</time></pt><pt><x>140</x><y>214</y><time>26-01-21 14:57:35:212</time></pt><pt><x>137</x><y>223</y><time>26-01-21 14:57:35:520</time></pt><pt><x>133</x><y>241</y><time>26-01-21 14:57:36:839</time></pt><pt><x>131</x><y>255</y><time>26-01-21 14:57:37:246</time></pt><pt><x>131</x><y>270</y><time>26-01-21 14:57:37:599</time></pt><pt><x>131</x><y>278</y><time>26-01-21 14:57:37:851</time></pt><pt><x>133</x><y>290</y><time>26-01-21 14:57:38:096</time></pt><pt><x>134</x><y>298</y><time>26-01-21 14:57:38:723</time></pt><pt><x>133</x><y>307</y><time>26-01-21 14:57:39:046</time></pt><pt><x>130</x><y>311</y><time>26-01-21 14:57:39:266</time></pt><pt><x>128</x><y>317</y><time>26-01-21 14:57:39:659</time></pt><pt><x>126</x><y>321</y><time>26-01-21 14:57:39:858</time></pt><pt><x>123</x><y>325</y><time>26-01-21 14:57:41:343</time></pt><pt><x>120</x><y>326</y><time>26-01-21 14:57:41:639</time></pt><pt><x>120</x><y>329</y><time>26-01-21 14:57:41:853</time></pt><pt><x>123</x><y>333</y><time>26-01-21 14:57:42:039</time></pt><pt><x>127</x><y>335</y><time>26-01-21 14:57:42:259</time></pt><pt><x>130</x><y>338</y><time>26-01-21 14:57:42:544</time></pt><pt><x>136</x><y>338</y><time>26-01-21 14:57:42:811</time></pt><pt><x>144</x><y>339</y><time>26-01-21 14:57:43:171</time></pt><pt><x>147</x><y>336</y><time>26-01-21 14:57:43:469</time></pt><pt><x>147</x><y>329</y><time>26-01-21 14:57:43:676</time></pt><pt><x>148</x><y>324</y><time>26-01-21 14:57:43:895</time></pt><pt><x>150</x><y>315</y><time>26-01-21 14:57:44:240</time></pt><pt><x>150</x><y>308</y><time>26-01-21 14:57:44:484</time></pt><pt><x>149</x><y>303</y><time>26-01-21 14:57:44:687</time></pt><pt><x>147</x><y>297</y><time>26-01-21 14:57:44:957</time></pt><pt><x>148</x><y>290</y><time>26-01-21 14:57:45:202</time></pt><pt><x>154</x><y>274</y><time>26-01-21 14:57:45:678</time></pt><pt><x>159</x><y>248</y><time>26-01-21 14:57:46:817</time></pt><pt><x>159</x><y>243</y><time>26-01-21 14:57:47:064</time></pt><pt><x>160</x><y>238</y><time>26-01-21 14:57:47:220</time></pt><pt><x>160</x><y>235</y><time>26-01-21 14:57:47:408</time></pt><pt><x>165</x><y>224</y><time>26-01-21 14:57:47:775</time></pt><pt><x>169</x><y>203</y><time>26-01-21 14:57:48:915</time></pt><pt><x>170</x><y>198</y><time>26-01-21 14:57:49:136</time></pt><pt><x>170</x><y>194</y><time>26-01-21 14:57:49:309</time></pt><pt><x>172</x><y>188</y><time>26-01-21 14:57:49:599</time></pt><pt><x>173</x><y>196</y><time>26-01-21 14:57:50:364</time></pt><pt><x>173</x><y>202</y><time>26-01-21 14:57:50:582</time></pt><pt><x>172</x><y>207</y><time>26-01-21 14:57:50:740</time></pt><pt><x>170</x><y>213</y><time>26-01-21 14:57:50:905</time></pt><pt><x>170</x><y>217</y><time>26-01-21 14:57:51:047</time></pt><pt><x>172</x><y>224</y><time>26-01-21 14:57:51:235</time></pt><pt><x>174</x><y>230</y><time>26-01-21 14:57:51:426</time></pt><pt><x>172</x><y>237</y><time>26-01-21 14:57:51:722</time></pt><pt><x>169</x><y>246</y><time>26-01-21 14:57:52:037</time></pt><pt><x>169</x><y>265</y><time>26-01-21 14:57:53:122</time></pt><pt><x>169</x><y>273</y><time>26-01-21 14:57:53:311</time></pt><pt><x>170</x><y>283</y><time>26-01-21 14:57:53:491</time></pt><pt><x>170</x><y>292</y><time>26-01-21 14:57:53:765</time></pt><pt><x>167</x><y>301</y><time>26-01-21 14:57:54:034</time></pt><pt><x>165</x><y>310</y><time>26-01-21 14:57:54:402</time></pt><pt><x>163</x><y>316</y><time>26-01-21 14:57:55:558</time></pt><pt><x>161</x><y>321</y><time>26-01-21 14:57:55:698</time></pt><pt><x>160</x><y>325</y><time>26-01-21 14:57:55:840</time></pt><pt><x>160</x><y>330</y><time>26-01-21 14:57:55:990</time></pt><pt><x>161</x><y>336</y><time>26-01-21 14:57:56:232</time></pt><pt><x>164</x><y>339</y><time>26-01-21 14:57:56:687</time></pt><pt><x>171</x><y>339</y><time>26-01-21 14:57:56:964</time></pt><pt><x>180</x><y>337</y><time>26-01-21 14:57:57:225</time></pt><pt><x>198</x><y>335</y><time>26-01-21 14:57:57:670</time></pt><pt><x>207</x><y>331</y><time>26-01-21 14:57:58:135</time></pt><pt><x>206</x><y>324</y><time>26-01-21 14:57:58:436</time></pt><pt><x>202</x><y>321</y><time>26-01-21 14:57:58:623</time></pt><pt><x>194</x><y>318</y><time>26-01-21 14:57:58:905</time></pt><pt><x>190</x><y>316</y><time>26-01-21 14:57:59:086</time></pt><pt><x>185</x><y>311</y><time>26-01-21 14:57:59:282</time></pt><pt><x>183</x><y>307</y><time>26-01-21 14:57:59:573</time></pt><pt><x>183</x><y>302</y><time>26-01-21 14:57:59:783</time></pt><pt><x>189</x><y>285</y><time>26-01-21 14:58:00:212</time></pt><pt><x>196</x><y>264</y><time>26-01-21 14:58:00:790</time></pt><pt><x>198</x><y>226</y><time>26-01-21 14:58:01:787</time></pt><pt><x>198</x><y>220</y><time>26-01-21 14:58:02:056</time></pt><pt><x>199</x><y>215</y><time>26-01-21 14:58:02:243</time></pt><pt><x>203</x><y>208</y><time>26-01-21 14:58:02:520</time></pt><pt><x>205</x><y>206</y><time>26-01-21 14:58:02:732</time></pt><pt><x>210</x><y>206</y><time>26-01-21 14:58:02:904</time></pt><pt><x>213</x><y>204</y><time>26-01-21 14:58:03:313</time></pt><pt><x>217</x><y>193</y><time>26-01-21 14:58:03:705</time></pt><pt><x>221</x><y>179</y><time>26-01-21 14:58:04:499</time></pt><pt><x>225</x><y>162</y><time>26-01-21 14:58:05:875</time></pt><pt><x>228</x><y>146</y><time>26-01-21 14:58:06:206</time></pt><pt><x>229</x><y>142</y><time>26-01-21 14:58:06:506</time></pt><pt><x>231</x><y>137</y><time>26-01-21 14:58:06:716</time></pt><pt><x>233</x><y>133</y><time>26-01-21 14:58:06:945</time></pt><pt><x>233</x><y>130</y><time>26-01-21 14:58:07:141</time></pt><pt><x>233</x><y>127</y><time>26-01-21 14:58:07:344</time></pt><pt><x>236</x><y>121</y><time>26-01-21 14:58:07:628</time></pt><pt><x>236</x><y>116</y><time>26-01-21 14:58:07:967</time></pt><pt><x>232</x><y>69</y><time>26-01-21 14:58:09:217</time></pt><pt><x>230</x><y>42</y><time>26-01-21 14:58:10:166</time></pt><pt><x>226</x><y>25</y><time>26-01-21 14:58:10:961</time></pt><pt><x>218</x><y>12</y><time>26-01-21 14:58:12:297</time></pt><pt><x>212</x><y>7</y><time>26-01-21 14:58:12:797</time></pt><pt><x>207</x><y>5</y><time>26-01-21 14:58:13:135</time></pt><pt><x>204</x><y>2</y><time>26-01-21 14:58:13:447</time></pt><pt><x>203</x><y>1</y><time>26-01-21 14:58:13:789</time></pt><pt><x>202</x><y>1</y><time>26-01-21 14:58:15:117</time></pt><closed_date>26-01-21 14:58:16:362</closed_date></polygon></object><object><name>person</name><deleted>0</deleted><verified>0</verified><occluded>no</occluded><attributes></attributes><parts><hasparts></hasparts><ispartof></ispartof></parts><date>26-01-21 14:59:50:752</date><id>1</id><polygon><username>7hao</username><pt><x>389</x><y>50</y><time>26-01-21 14:58:26:105</time></pt><pt><x>384</x><y>49</y><time>26-01-21 14:58:26:562</time></pt><pt><x>377</x><y>50</y><time>26-01-21 14:58:26:979</time></pt><pt><x>372</x><y>52</y><time>26-01-21 14:58:27:332</time></pt><pt><x>367</x><y>56</y><time>26-01-21 14:58:27:645</time></pt><pt><x>364</x><y>67</y><time>26-01-21 14:59:01:697</time></pt><pt><x>364</x><y>69</y><time>26-01-21 14:59:02:107</time></pt><pt><x>365</x><y>73</y><time>26-01-21 14:59:02:319</time></pt><pt><x>368</x><y>78</y><time>26-01-21 14:59:02:604</time></pt><pt><x>371</x><y>80</y><time>26-01-21 14:59:02:806</time></pt><pt><x>374</x><y>82</y><time>26-01-21 14:59:02:980</time></pt><pt><x>376</x><y>86</y><time>26-01-21 14:59:03:246</time></pt><pt><x>377</x><y>91</y><time>26-01-21 14:59:03:466</time></pt><pt><x>372</x><y>92</y><time>26-01-21 14:59:03:795</time></pt><pt><x>358</x><y>93</y><time>26-01-21 14:59:04:149</time></pt><pt><x>349</x><y>96</y><time>26-01-21 14:59:04:912</time></pt><pt><x>350</x><y>91</y><time>26-01-21 14:59:05:188</time></pt><pt><x>351</x><y>87</y><time>26-01-21 14:59:05:348</time></pt><pt><x>354</x><y>82</y><time>26-01-21 14:59:05:587</time></pt><pt><x>357</x><y>76</y><time>26-01-21 14:59:05:808</time></pt><pt><x>360</x><y>73</y><time>26-01-21 14:59:06:035</time></pt><pt><x>361</x><y>69</y><time>26-01-21 14:59:06:319</time></pt><pt><x>362</x><y>65</y><time>26-01-21 14:59:11:358</time></pt><pt><x>363</x><y>63</y><time>26-01-21 14:59:11:672</time></pt><pt><x>364</x><y>60</y><time>26-01-21 14:59:12:010</time></pt><pt><x>360</x><y>57</y><time>26-01-21 14:59:12:292</time></pt><pt><x>359</x><y>58</y><time>26-01-21 14:59:12:487</time></pt><pt><x>355</x><y>60</y><time>26-01-21 14:59:12:663</time></pt><pt><x>353</x><y>64</y><time>26-01-21 14:59:12:928</time></pt><pt><x>351</x><y>69</y><time>26-01-21 14:59:13:211</time></pt><pt><x>349</x><y>72</y><time>26-01-21 14:59:13:391</time></pt><pt><x>346</x><y>75</y><time>26-01-21 14:59:13:544</time></pt><pt><x>342</x><y>81</y><time>26-01-21 14:59:13:823</time></pt><pt><x>337</x><y>90</y><time>26-01-21 14:59:14:147</time></pt><pt><x>332</x><y>96</y><time>26-01-21 14:59:14:359</time></pt><pt><x>329</x><y>103</y><time>26-01-21 14:59:14:657</time></pt><pt><x>329</x><y>110</y><time>26-01-21 14:59:14:908</time></pt><pt><x>336</x><y>114</y><time>26-01-21 14:59:15:184</time></pt><pt><x>351</x><y>116</y><time>26-01-21 14:59:15:451</time></pt><pt><x>356</x><y>117</y><time>26-01-21 14:59:15:679</time></pt><pt><x>357</x><y>121</y><time>26-01-21 14:59:15:917</time></pt><pt><x>357</x><y>126</y><time>26-01-21 14:59:16:228</time></pt><pt><x>358</x><y>167</y><time>26-01-21 14:59:17:636</time></pt><pt><x>358</x><y>174</y><time>26-01-21 14:59:17:848</time></pt><pt><x>358</x><y>178</y><time>26-01-21 14:59:18:006</time></pt><pt><x>356</x><y>184</y><time>26-01-21 14:59:18:178</time></pt><pt><x>356</x><y>195</y><time>26-01-21 14:59:18:501</time></pt><pt><x>358</x><y>225</y><time>26-01-21 14:59:19:963</time></pt><pt><x>359</x><y>229</y><time>26-01-21 14:59:20:133</time></pt><pt><x>360</x><y>235</y><time>26-01-21 14:59:20:284</time></pt><pt><x>359</x><y>239</y><time>26-01-21 14:59:20:457</time></pt><pt><x>357</x><y>244</y><time>26-01-21 14:59:20:639</time></pt><pt><x>355</x><y>247</y><time>26-01-21 14:59:20:788</time></pt><pt><x>355</x><y>253</y><time>26-01-21 14:59:20:937</time></pt><pt><x>356</x><y>261</y><time>26-01-21 14:59:21:103</time></pt><pt><x>356</x><y>270</y><time>26-01-21 14:59:21:345</time></pt><pt><x>356</x><y>277</y><time>26-01-21 14:59:21:548</time></pt><pt><x>355</x><y>280</y><time>26-01-21 14:59:21:762</time></pt><pt><x>356</x><y>284</y><time>26-01-21 14:59:21:919</time></pt><pt><x>357</x><y>287</y><time>26-01-21 14:59:22:068</time></pt><pt><x>356</x><y>290</y><time>26-01-21 14:59:22:232</time></pt><pt><x>353</x><y>297</y><time>26-01-21 14:59:23:443</time></pt><pt><x>350</x><y>300</y><time>26-01-21 14:59:23:618</time></pt><pt><x>348</x><y>303</y><time>26-01-21 14:59:23:763</time></pt><pt><x>348</x><y>307</y><time>26-01-21 14:59:23:955</time></pt><pt><x>350</x><y>309</y><time>26-01-21 14:59:24:159</time></pt><pt><x>356</x><y>309</y><time>26-01-21 14:59:24:314</time></pt><pt><x>362</x><y>309</y><time>26-01-21 14:59:24:643</time></pt><pt><x>364</x><y>307</y><time>26-01-21 14:59:24:888</time></pt><pt><x>365</x><y>306</y><time>26-01-21 14:59:25:029</time></pt><pt><x>367</x><y>306</y><time>26-01-21 14:59:25:201</time></pt><pt><x>367</x><y>304</y><time>26-01-21 14:59:25:391</time></pt><pt><x>367</x><y>298</y><time>26-01-21 14:59:25:549</time></pt><pt><x>367</x><y>292</y><time>26-01-21 14:59:25:776</time></pt><pt><x>371</x><y>282</y><time>26-01-21 14:59:26:154</time></pt><pt><x>376</x><y>248</y><time>26-01-21 14:59:27:237</time></pt><pt><x>377</x><y>242</y><time>26-01-21 14:59:27:536</time></pt><pt><x>379</x><y>236</y><time>26-01-21 14:59:27:734</time></pt><pt><x>380</x><y>229</y><time>26-01-21 14:59:28:023</time></pt><pt><x>383</x><y>240</y><time>26-01-21 14:59:28:945</time></pt><pt><x>382</x><y>256</y><time>26-01-21 14:59:29:409</time></pt><pt><x>382</x><y>268</y><time>26-01-21 14:59:29:760</time></pt><pt><x>382</x><y>275</y><time>26-01-21 14:59:29:950</time></pt><pt><x>384</x><y>284</y><time>26-01-21 14:59:31:058</time></pt><pt><x>385</x><y>288</y><time>26-01-21 14:59:31:232</time></pt><pt><x>386</x><y>293</y><time>26-01-21 14:59:31:365</time></pt><pt><x>386</x><y>298</y><time>26-01-21 14:59:31:575</time></pt><pt><x>385</x><y>302</y><time>26-01-21 14:59:31:735</time></pt><pt><x>386</x><y>305</y><time>26-01-21 14:59:31:899</time></pt><pt><x>389</x><y>306</y><time>26-01-21 14:59:32:142</time></pt><pt><x>392</x><y>307</y><time>26-01-21 14:59:32:347</time></pt><pt><x>397</x><y>308</y><time>26-01-21 14:59:32:541</time></pt><pt><x>402</x><y>309</y><time>26-01-21 14:59:32:747</time></pt><pt><x>407</x><y>308</y><time>26-01-21 14:59:33:068</time></pt><pt><x>407</x><y>306</y><time>26-01-21 14:59:33:327</time></pt><pt><x>407</x><y>302</y><time>26-01-21 14:59:33:524</time></pt><pt><x>403</x><y>297</y><time>26-01-21 14:59:33:799</time></pt><pt><x>398</x><y>289</y><time>26-01-21 14:59:34:129</time></pt><pt><x>398</x><y>284</y><time>26-01-21 14:59:34:326</time></pt><pt><x>400</x><y>271</y><time>26-01-21 14:59:34:610</time></pt><pt><x>402</x><y>252</y><time>26-01-21 14:59:35:176</time></pt><pt><x>403</x><y>233</y><time>26-01-21 14:59:36:277</time></pt><pt><x>406</x><y>209</y><time>26-01-21 14:59:36:762</time></pt><pt><x>409</x><y>192</y><time>26-01-21 14:59:37:377</time></pt><pt><x>410</x><y>169</y><time>26-01-21 14:59:38:436</time></pt><pt><x>409</x><y>164</y><time>26-01-21 14:59:38:679</time></pt><pt><x>410</x><y>161</y><time>26-01-21 14:59:38:821</time></pt><pt><x>410</x><y>157</y><time>26-01-21 14:59:39:017</time></pt><pt><x>408</x><y>152</y><time>26-01-21 14:59:39:213</time></pt><pt><x>408</x><y>139</y><time>26-01-21 14:59:39:718</time></pt><pt><x>414</x><y>159</y><time>26-01-21 14:59:40:314</time></pt><pt><x>416</x><y>173</y><time>26-01-21 14:59:40:762</time></pt><pt><x>416</x><y>178</y><time>26-01-21 14:59:40:984</time></pt><pt><x>416</x><y>184</y><time>26-01-21 14:59:41:164</time></pt><pt><x>414</x><y>187</y><time>26-01-21 14:59:41:344</time></pt><pt><x>414</x><y>194</y><time>26-01-21 14:59:41:524</time></pt><pt><x>415</x><y>197</y><time>26-01-21 14:59:41:714</time></pt><pt><x>421</x><y>199</y><time>26-01-21 14:59:42:074</time></pt><pt><x>424</x><y>196</y><time>26-01-21 14:59:42:271</time></pt><pt><x>425</x><y>189</y><time>26-01-21 14:59:42:484</time></pt><pt><x>425</x><y>184</y><time>26-01-21 14:59:42:713</time></pt><pt><x>426</x><y>178</y><time>26-01-21 14:59:42:892</time></pt><pt><x>427</x><y>172</y><time>26-01-21 14:59:43:088</time></pt><pt><x>428</x><y>154</y><time>26-01-21 14:59:43:434</time></pt><pt><x>426</x><y>146</y><time>26-01-21 14:59:43:866</time></pt><pt><x>420</x><y>108</y><time>26-01-21 14:59:44:981</time></pt><pt><x>416</x><y>99</y><time>26-01-21 14:59:45:233</time></pt><pt><x>412</x><y>96</y><time>26-01-21 14:59:45:462</time></pt><pt><x>404</x><y>92</y><time>26-01-21 14:59:45:721</time></pt><pt><x>395</x><y>91</y><time>26-01-21 14:59:45:973</time></pt><pt><x>393</x><y>88</y><time>26-01-21 14:59:46:155</time></pt><pt><x>395</x><y>84</y><time>26-01-21 14:59:46:322</time></pt><pt><x>398</x><y>81</y><time>26-01-21 14:59:46:540</time></pt><pt><x>398</x><y>72</y><time>26-01-21 14:59:47:095</time></pt><pt><x>397</x><y>68</y><time>26-01-21 14:59:47:221</time></pt><pt><x>396</x><y>62</y><time>26-01-21 14:59:47:499</time></pt><pt><x>396</x><y>57</y><time>26-01-21 14:59:47:709</time></pt><pt><x>394</x><y>53</y><time>26-01-21 14:59:47:962</time></pt><pt><x>391</x><y>51</y><time>26-01-21 14:59:48:229</time></pt><closed_date>26-01-21 14:59:48:598</closed_date></polygon></object><object><name>person</name><deleted>0</deleted><verified>0</verified><occluded>no</occluded><attributes></attributes><parts><hasparts></hasparts><ispartof></ispartof></parts><date>26-01-21 15:00:32:725</date><id>2</id><polygon><username>7hao</username><pt><x>621</x><y>1</y><time>26-01-21 14:59:55:234</time></pt><pt><x>622</x><y>3</y><time>26-01-21 14:59:55:429</time></pt><pt><x>623</x><y>7</y><time>26-01-21 14:59:55:593</time></pt><pt><x>623</x><y>13</y><time>26-01-21 14:59:55:774</time></pt><pt><x>625</x><y>17</y><time>26-01-21 14:59:55:950</time></pt><pt><x>627</x><y>20</y><time>26-01-21 14:59:56:153</time></pt><pt><x>627</x><y>24</y><time>26-01-21 14:59:56:347</time></pt><pt><x>622</x><y>26</y><time>26-01-21 14:59:56:514</time></pt><pt><x>617</x><y>31</y><time>26-01-21 14:59:56:866</time></pt><pt><x>616</x><y>36</y><time>26-01-21 14:59:57:085</time></pt><pt><x>610</x><y>41</y><time>26-01-21 14:59:57:332</time></pt><pt><x>603</x><y>44</y><time>26-01-21 14:59:57:542</time></pt><pt><x>598</x><y>50</y><time>26-01-21 14:59:57:793</time></pt><pt><x>592</x><y>66</y><time>26-01-21 14:59:58:273</time></pt><pt><x>590</x><y>74</y><time>26-01-21 14:59:58:532</time></pt><pt><x>582</x><y>100</y><time>26-01-21 14:59:59:736</time></pt><pt><x>576</x><y>116</y><time>26-01-21 15:00:00:018</time></pt><pt><x>569</x><y>130</y><time>26-01-21 15:00:00:374</time></pt><pt><x>563</x><y>145</y><time>26-01-21 15:00:01:727</time></pt><pt><x>560</x><y>152</y><time>26-01-21 15:00:01:897</time></pt><pt><x>560</x><y>157</y><time>26-01-21 15:00:02:077</time></pt><pt><x>557</x><y>163</y><time>26-01-21 15:00:02:321</time></pt><pt><x>554</x><y>167</y><time>26-01-21 15:00:02:480</time></pt><pt><x>554</x><y>171</y><time>26-01-21 15:00:02:643</time></pt><pt><x>557</x><y>180</y><time>26-01-21 15:00:02:888</time></pt><pt><x>563</x><y>184</y><time>26-01-21 15:00:03:130</time></pt><pt><x>567</x><y>184</y><time>26-01-21 15:00:03:430</time></pt><pt><x>568</x><y>180</y><time>26-01-21 15:00:03:609</time></pt><pt><x>568</x><y>177</y><time>26-01-21 15:00:03:773</time></pt><pt><x>571</x><y>169</y><time>26-01-21 15:00:04:019</time></pt><pt><x>574</x><y>160</y><time>26-01-21 15:00:04:302</time></pt><pt><x>581</x><y>151</y><time>26-01-21 15:00:04:633</time></pt><pt><x>589</x><y>138</y><time>26-01-21 15:00:05:072</time></pt><pt><x>595</x><y>127</y><time>26-01-21 15:00:05:440</time></pt><pt><x>597</x><y>121</y><time>26-01-21 15:00:05:757</time></pt><pt><x>599</x><y>116</y><time>26-01-21 15:00:05:968</time></pt><pt><x>600</x><y>113</y><time>26-01-21 15:00:06:163</time></pt><pt><x>602</x><y>115</y><time>26-01-21 15:00:06:369</time></pt><pt><x>603</x><y>119</y><time>26-01-21 15:00:06:510</time></pt><pt><x>601</x><y>122</y><time>26-01-21 15:00:06:628</time></pt><pt><x>600</x><y>126</y><time>26-01-21 15:00:06:755</time></pt><pt><x>600</x><y>128</y><time>26-01-21 15:00:06:895</time></pt><pt><x>600</x><y>131</y><time>26-01-21 15:00:07:046</time></pt><pt><x>600</x><y>136</y><time>26-01-21 15:00:07:194</time></pt><pt><x>598</x><y>139</y><time>26-01-21 15:00:07:334</time></pt><pt><x>597</x><y>145</y><time>26-01-21 15:00:07:604</time></pt><pt><x>598</x><y>147</y><time>26-01-21 15:00:07:720</time></pt><pt><x>599</x><y>153</y><time>26-01-21 15:00:07:964</time></pt><pt><x>595</x><y>157</y><time>26-01-21 15:00:08:136</time></pt><pt><x>592</x><y>163</y><time>26-01-21 15:00:08:324</time></pt><pt><x>591</x><y>167</y><time>26-01-21 15:00:08:642</time></pt><pt><x>592</x><y>173</y><time>26-01-21 15:00:08:819</time></pt><pt><x>595</x><y>176</y><time>26-01-21 15:00:08:946</time></pt><pt><x>596</x><y>180</y><time>26-01-21 15:00:09:110</time></pt><pt><x>596</x><y>185</y><time>26-01-21 15:00:09:300</time></pt><pt><x>595</x><y>192</y><time>26-01-21 15:00:09:623</time></pt><pt><x>594</x><y>210</y><time>26-01-21 15:00:11:688</time></pt><pt><x>594</x><y>214</y><time>26-01-21 15:00:11:863</time></pt><pt><x>594</x><y>220</y><time>26-01-21 15:00:12:010</time></pt><pt><x>596</x><y>230</y><time>26-01-21 15:00:12:295</time></pt><pt><x>595</x><y>244</y><time>26-01-21 15:00:12:640</time></pt><pt><x>593</x><y>254</y><time>26-01-21 15:00:12:869</time></pt><pt><x>589</x><y>272</y><time>26-01-21 15:00:13:937</time></pt><pt><x>589</x><y>278</y><time>26-01-21 15:00:14:140</time></pt><pt><x>591</x><y>286</y><time>26-01-21 15:00:14:298</time></pt><pt><x>593</x><y>295</y><time>26-01-21 15:00:14:495</time></pt><pt><x>595</x><y>304</y><time>26-01-21 15:00:14:716</time></pt><pt><x>593</x><y>312</y><time>26-01-21 15:00:15:012</time></pt><pt><x>589</x><y>318</y><time>26-01-21 15:00:15:468</time></pt><pt><x>587</x><y>321</y><time>26-01-21 15:00:15:704</time></pt><pt><x>583</x><y>322</y><time>26-01-21 15:00:15:880</time></pt><pt><x>576</x><y>326</y><time>26-01-21 15:00:16:428</time></pt><pt><x>571</x><y>326</y><time>26-01-21 15:00:16:717</time></pt><pt><x>568</x><y>327</y><time>26-01-21 15:00:16:931</time></pt><pt><x>565</x><y>328</y><time>26-01-21 15:00:17:096</time></pt><pt><x>564</x><y>332</y><time>26-01-21 15:00:17:301</time></pt><pt><x>572</x><y>336</y><time>26-01-21 15:00:17:513</time></pt><pt><x>589</x><y>339</y><time>26-01-21 15:00:17:952</time></pt><pt><x>607</x><y>339</y><time>26-01-21 15:00:18:319</time></pt><pt><x>617</x><y>339</y><time>26-01-21 15:00:18:573</time></pt><pt><x>625</x><y>339</y><time>26-01-21 15:00:18:877</time></pt><pt><x>628</x><y>333</y><time>26-01-21 15:00:19:287</time></pt><pt><x>626</x><y>331</y><time>26-01-21 15:00:19:516</time></pt><pt><x>625</x><y>328</y><time>26-01-21 15:00:19:687</time></pt><pt><x>626</x><y>324</y><time>26-01-21 15:00:19:846</time></pt><pt><x>629</x><y>319</y><time>26-01-21 15:00:20:050</time></pt><pt><x>629</x><y>314</y><time>26-01-21 15:00:20:245</time></pt><pt><x>629</x><y>307</y><time>26-01-21 15:00:20:420</time></pt><pt><x>630</x><y>299</y><time>26-01-21 15:00:20:623</time></pt><pt><x>634</x><y>286</y><time>26-01-21 15:00:20:979</time></pt><pt><x>634</x><y>277</y><time>26-01-21 15:00:21:323</time></pt><pt><x>636</x><y>255</y><time>26-01-21 15:00:23:068</time></pt><pt><x>635</x><y>246</y><time>26-01-21 15:00:23:357</time></pt><pt><x>635</x><y>240</y><time>26-01-21 15:00:23:523</time></pt><pt><x>633</x><y>232</y><time>26-01-21 15:00:23:710</time></pt><pt><x>635</x><y>228</y><time>26-01-21 15:00:23:900</time></pt><pt><x>636</x><y>221</y><time>26-01-21 15:00:24:079</time></pt><pt><x>635</x><y>213</y><time>26-01-21 15:00:24:278</time></pt><pt><x>635</x><y>208</y><time>26-01-21 15:00:24:466</time></pt><pt><x>637</x><y>207</y><time>26-01-21 15:00:24:732</time></pt><pt><x>638</x><y>209</y><time>26-01-21 15:00:24:986</time></pt><pt><x>640</x><y>212</y><time>26-01-21 15:00:25:386</time></pt><pt><x>640</x><y>0</y><time>26-01-21 15:00:29:048</time></pt><closed_date>26-01-21 15:00:30:172</closed_date></polygon></object></annotation>