<annotation><filename>frame0078.jpg</filename><folder>users/lab605//7hao/human_20210119_4</folder><source><submittedBy>lab605</submittedBy></source><imagesize><nrows>480</nrows><ncols>640</ncols></imagesize><object><name>person</name><deleted>0</deleted><verified>0</verified><occluded>no</occluded><attributes></attributes><parts><hasparts></hasparts><ispartof></ispartof></parts><date>26-01-21 14:51:23:066</date><id>0</id><polygon><username>7hao</username><pt><x>143</x><y>0</y><time>26-01-21 14:50:15:950</time></pt><pt><x>143</x><y>2</y><time>26-01-21 14:50:16:323</time></pt><pt><x>143</x><y>3</y><time>26-01-21 14:50:16:669</time></pt><pt><x>138</x><y>5</y><time>26-01-21 14:50:17:170</time></pt><pt><x>127</x><y>14</y><time>26-01-21 14:50:17:888</time></pt><pt><x>121</x><y>19</y><time>26-01-21 14:50:18:302</time></pt><pt><x>116</x><y>33</y><time>26-01-21 14:50:18:859</time></pt><pt><x>115</x><y>57</y><time>26-01-21 14:50:20:030</time></pt><pt><x>114</x><y>71</y><time>26-01-21 14:50:20:470</time></pt><pt><x>113</x><y>82</y><time>26-01-21 14:50:20:872</time></pt><pt><x>117</x><y>102</y><time>26-01-21 14:50:22:059</time></pt><pt><x>121</x><y>113</y><time>26-01-21 14:50:22:522</time></pt><pt><x>123</x><y>122</y><time>26-01-21 14:50:23:090</time></pt><pt><x>125</x><y>129</y><time>26-01-21 14:50:23:520</time></pt><pt><x>127</x><y>134</y><time>26-01-21 14:50:23:716</time></pt><pt><x>131</x><y>137</y><time>26-01-21 14:50:24:023</time></pt><pt><x>133</x><y>139</y><time>26-01-21 14:50:24:228</time></pt><pt><x>134</x><y>142</y><time>26-01-21 14:50:24:408</time></pt><pt><x>133</x><y>149</y><time>26-01-21 14:50:24:872</time></pt><pt><x>135</x><y>171</y><time>26-01-21 14:50:26:246</time></pt><pt><x>137</x><y>189</y><time>26-01-21 14:50:28:926</time></pt><pt><x>137</x><y>194</y><time>26-01-21 14:50:29:247</time></pt><pt><x>138</x><y>198</y><time>26-01-21 14:50:29:570</time></pt><pt><x>139</x><y>200</y><time>26-01-21 14:50:29:719</time></pt><pt><x>140</x><y>205</y><time>26-01-21 14:50:30:050</time></pt><pt><x>140</x><y>213</y><time>26-01-21 14:50:30:544</time></pt><pt><x>137</x><y>228</y><time>26-01-21 14:50:31:703</time></pt><pt><x>134</x><y>242</y><time>26-01-21 14:50:32:196</time></pt><pt><x>133</x><y>255</y><time>26-01-21 14:50:32:714</time></pt><pt><x>134</x><y>278</y><time>26-01-21 14:50:33:926</time></pt><pt><x>135</x><y>287</y><time>26-01-21 14:50:34:262</time></pt><pt><x>136</x><y>293</y><time>26-01-21 14:50:34:578</time></pt><pt><x>137</x><y>299</y><time>26-01-21 14:50:34:962</time></pt><pt><x>135</x><y>310</y><time>26-01-21 14:50:36:477</time></pt><pt><x>134</x><y>311</y><time>26-01-21 14:50:36:768</time></pt><pt><x>132</x><y>315</y><time>26-01-21 14:50:37:090</time></pt><pt><x>132</x><y>319</y><time>26-01-21 14:50:37:451</time></pt><pt><x>126</x><y>322</y><time>26-01-21 14:50:39:125</time></pt><pt><x>126</x><y>327</y><time>26-01-21 14:50:39:456</time></pt><pt><x>131</x><y>334</y><time>26-01-21 14:50:41:665</time></pt><pt><x>138</x><y>336</y><time>26-01-21 14:50:42:042</time></pt><pt><x>147</x><y>335</y><time>26-01-21 14:50:42:404</time></pt><pt><x>152</x><y>333</y><time>26-01-21 14:50:43:094</time></pt><pt><x>152</x><y>327</y><time>26-01-21 14:50:43:353</time></pt><pt><x>153</x><y>321</y><time>26-01-21 14:50:43:558</time></pt><pt><x>154</x><y>317</y><time>26-01-21 14:50:43:785</time></pt><pt><x>154</x><y>312</y><time>26-01-21 14:50:44:007</time></pt><pt><x>153</x><y>306</y><time>26-01-21 14:50:44:250</time></pt><pt><x>151</x><y>294</y><time>26-01-21 14:50:44:926</time></pt><pt><x>153</x><y>284</y><time>26-01-21 14:50:45:296</time></pt><pt><x>156</x><y>274</y><time>26-01-21 14:50:45:749</time></pt><pt><x>161</x><y>249</y><time>26-01-21 14:50:46:787</time></pt><pt><x>161</x><y>240</y><time>26-01-21 14:50:47:109</time></pt><pt><x>161</x><y>231</y><time>26-01-21 14:50:47:528</time></pt><pt><x>163</x><y>226</y><time>26-01-21 14:50:47:777</time></pt><pt><x>166</x><y>221</y><time>26-01-21 14:50:48:101</time></pt><pt><x>169</x><y>197</y><time>26-01-21 14:50:49:216</time></pt><pt><x>172</x><y>191</y><time>26-01-21 14:50:49:830</time></pt><pt><x>172</x><y>187</y><time>26-01-21 14:50:50:199</time></pt><pt><x>173</x><y>196</y><time>26-01-21 14:50:50:993</time></pt><pt><x>172</x><y>207</y><time>26-01-21 14:50:51:708</time></pt><pt><x>171</x><y>216</y><time>26-01-21 14:50:52:015</time></pt><pt><x>171</x><y>221</y><time>26-01-21 14:50:52:242</time></pt><pt><x>173</x><y>226</y><time>26-01-21 14:50:52:418</time></pt><pt><x>173</x><y>231</y><time>26-01-21 14:50:52:644</time></pt><pt><x>173</x><y>235</y><time>26-01-21 14:50:52:842</time></pt><pt><x>172</x><y>239</y><time>26-01-21 14:50:53:006</time></pt><pt><x>171</x><y>259</y><time>26-01-21 14:50:54:050</time></pt><pt><x>170</x><y>267</y><time>26-01-21 14:50:54:302</time></pt><pt><x>171</x><y>272</y><time>26-01-21 14:50:54:450</time></pt><pt><x>172</x><y>279</y><time>26-01-21 14:50:54:694</time></pt><pt><x>171</x><y>295</y><time>26-01-21 14:50:55:715</time></pt><pt><x>170</x><y>303</y><time>26-01-21 14:50:55:976</time></pt><pt><x>169</x><y>310</y><time>26-01-21 14:50:56:164</time></pt><pt><x>167</x><y>312</y><time>26-01-21 14:50:56:352</time></pt><pt><x>165</x><y>313</y><time>26-01-21 14:50:56:518</time></pt><pt><x>164</x><y>318</y><time>26-01-21 14:50:56:692</time></pt><pt><x>164</x><y>330</y><time>26-01-21 14:50:57:103</time></pt><pt><x>164</x><y>335</y><time>26-01-21 14:50:57:432</time></pt><pt><x>171</x><y>335</y><time>26-01-21 14:50:57:752</time></pt><pt><x>181</x><y>335</y><time>26-01-21 14:50:58:168</time></pt><pt><x>192</x><y>333</y><time>26-01-21 14:50:58:506</time></pt><pt><x>206</x><y>330</y><time>26-01-21 14:50:58:985</time></pt><pt><x>209</x><y>327</y><time>26-01-21 14:50:59:292</time></pt><pt><x>209</x><y>324</y><time>26-01-21 14:50:59:504</time></pt><pt><x>206</x><y>320</y><time>26-01-21 14:50:59:761</time></pt><pt><x>200</x><y>317</y><time>26-01-21 14:50:59:992</time></pt><pt><x>196</x><y>315</y><time>26-01-21 14:51:00:203</time></pt><pt><x>193</x><y>312</y><time>26-01-21 14:51:00:384</time></pt><pt><x>188</x><y>308</y><time>26-01-21 14:51:00:684</time></pt><pt><x>186</x><y>305</y><time>26-01-21 14:51:00:917</time></pt><pt><x>186</x><y>298</y><time>26-01-21 14:51:01:318</time></pt><pt><x>190</x><y>286</y><time>26-01-21 14:51:01:706</time></pt><pt><x>195</x><y>270</y><time>26-01-21 14:51:02:160</time></pt><pt><x>198</x><y>245</y><time>26-01-21 14:51:03:236</time></pt><pt><x>198</x><y>229</y><time>26-01-21 14:51:03:659</time></pt><pt><x>198</x><y>221</y><time>26-01-21 14:51:03:982</time></pt><pt><x>199</x><y>214</y><time>26-01-21 14:51:04:336</time></pt><pt><x>202</x><y>205</y><time>26-01-21 14:51:05:012</time></pt><pt><x>208</x><y>204</y><time>26-01-21 14:51:05:280</time></pt><pt><x>212</x><y>203</y><time>26-01-21 14:51:05:538</time></pt><pt><x>213</x><y>200</y><time>26-01-21 14:51:05:765</time></pt><pt><x>219</x><y>176</y><time>26-01-21 14:51:07:313</time></pt><pt><x>224</x><y>160</y><time>26-01-21 14:51:08:620</time></pt><pt><x>225</x><y>147</y><time>26-01-21 14:51:09:107</time></pt><pt><x>225</x><y>144</y><time>26-01-21 14:51:09:428</time></pt><pt><x>227</x><y>139</y><time>26-01-21 14:51:09:618</time></pt><pt><x>229</x><y>135</y><time>26-01-21 14:51:09:846</time></pt><pt><x>230</x><y>134</y><time>26-01-21 14:51:10:036</time></pt><pt><x>231</x><y>132</y><time>26-01-21 14:51:10:196</time></pt><pt><x>231</x><y>129</y><time>26-01-21 14:51:10:387</time></pt><pt><x>231</x><y>125</y><time>26-01-21 14:51:10:670</time></pt><pt><x>232</x><y>121</y><time>26-01-21 14:51:10:884</time></pt><pt><x>233</x><y>117</y><time>26-01-21 14:51:11:111</time></pt><pt><x>233</x><y>116</y><time>26-01-21 14:51:11:354</time></pt><pt><x>232</x><y>86</y><time>26-01-21 14:51:12:713</time></pt><pt><x>229</x><y>67</y><time>26-01-21 14:51:13:397</time></pt><pt><x>227</x><y>49</y><time>26-01-21 14:51:14:152</time></pt><pt><x>222</x><y>27</y><time>26-01-21 14:51:15:385</time></pt><pt><x>217</x><y>15</y><time>26-01-21 14:51:16:037</time></pt><pt><x>210</x><y>8</y><time>26-01-21 14:51:16:563</time></pt><pt><x>204</x><y>6</y><time>26-01-21 14:51:17:232</time></pt><pt><x>202</x><y>3</y><time>26-01-21 14:51:17:594</time></pt><pt><x>199</x><y>2</y><time>26-01-21 14:51:18:033</time></pt><pt><x>198</x><y>0</y><time>26-01-21 14:51:18:387</time></pt><closed_date>26-01-21 14:51:20:215</closed_date></polygon></object><object><name>person</name><deleted>0</deleted><verified>0</verified><occluded>no</occluded><attributes></attributes><parts><hasparts></hasparts><ispartof></ispartof></parts><date>26-01-21 14:52:23:535</date><id>1</id><polygon><username>7hao</username><pt><x>393</x><y>54</y><time>26-01-21 14:51:27:513</time></pt><pt><x>387</x><y>50</y><time>26-01-21 14:51:28:268</time></pt><pt><x>380</x><y>50</y><time>26-01-21 14:51:28:597</time></pt><pt><x>372</x><y>52</y><time>26-01-21 14:51:28:881</time></pt><pt><x>367</x><y>57</y><time>26-01-21 14:51:29:258</time></pt><pt><x>364</x><y>65</y><time>26-01-21 14:51:29:612</time></pt><pt><x>365</x><y>71</y><time>26-01-21 14:51:29:926</time></pt><pt><x>367</x><y>75</y><time>26-01-21 14:51:30:225</time></pt><pt><x>369</x><y>78</y><time>26-01-21 14:51:30:484</time></pt><pt><x>372</x><y>81</y><time>26-01-21 14:51:30:712</time></pt><pt><x>374</x><y>84</y><time>26-01-21 14:51:31:020</time></pt><pt><x>376</x><y>88</y><time>26-01-21 14:51:31:435</time></pt><pt><x>376</x><y>91</y><time>26-01-21 14:51:31:741</time></pt><pt><x>374</x><y>93</y><time>26-01-21 14:51:31:994</time></pt><pt><x>364</x><y>94</y><time>26-01-21 14:51:32:440</time></pt><pt><x>354</x><y>95</y><time>26-01-21 14:51:32:793</time></pt><pt><x>349</x><y>95</y><time>26-01-21 14:51:33:220</time></pt><pt><x>348</x><y>93</y><time>26-01-21 14:51:33:502</time></pt><pt><x>349</x><y>87</y><time>26-01-21 14:51:33:775</time></pt><pt><x>352</x><y>80</y><time>26-01-21 14:51:34:187</time></pt><pt><x>357</x><y>74</y><time>26-01-21 14:51:34:610</time></pt><pt><x>359</x><y>69</y><time>26-01-21 14:51:34:877</time></pt><pt><x>359</x><y>63</y><time>26-01-21 14:51:35:186</time></pt><pt><x>358</x><y>60</y><time>26-01-21 14:51:35:457</time></pt><pt><x>354</x><y>60</y><time>26-01-21 14:51:35:733</time></pt><pt><x>350</x><y>63</y><time>26-01-21 14:51:36:039</time></pt><pt><x>349</x><y>67</y><time>26-01-21 14:51:36:308</time></pt><pt><x>349</x><y>71</y><time>26-01-21 14:51:36:487</time></pt><pt><x>348</x><y>73</y><time>26-01-21 14:51:36:747</time></pt><pt><x>345</x><y>76</y><time>26-01-21 14:51:37:039</time></pt><pt><x>340</x><y>86</y><time>26-01-21 14:51:37:477</time></pt><pt><x>334</x><y>97</y><time>26-01-21 14:51:37:995</time></pt><pt><x>331</x><y>104</y><time>26-01-21 14:51:38:341</time></pt><pt><x>331</x><y>111</y><time>26-01-21 14:51:38:743</time></pt><pt><x>335</x><y>116</y><time>26-01-21 14:51:39:077</time></pt><pt><x>344</x><y>117</y><time>26-01-21 14:51:39:339</time></pt><pt><x>353</x><y>117</y><time>26-01-21 14:51:39:748</time></pt><pt><x>357</x><y>118</y><time>26-01-21 14:51:40:039</time></pt><pt><x>358</x><y>123</y><time>26-01-21 14:51:40:378</time></pt><pt><x>359</x><y>128</y><time>26-01-21 14:51:40:792</time></pt><pt><x>359</x><y>152</y><time>26-01-21 14:51:42:191</time></pt><pt><x>358</x><y>162</y><time>26-01-21 14:51:42:578</time></pt><pt><x>358</x><y>170</y><time>26-01-21 14:51:43:146</time></pt><pt><x>356</x><y>195</y><time>26-01-21 14:51:44:306</time></pt><pt><x>357</x><y>211</y><time>26-01-21 14:51:44:731</time></pt><pt><x>358</x><y>222</y><time>26-01-21 14:51:45:021</time></pt><pt><x>360</x><y>229</y><time>26-01-21 14:51:45:383</time></pt><pt><x>358</x><y>241</y><time>26-01-21 14:51:46:507</time></pt><pt><x>356</x><y>245</y><time>26-01-21 14:51:46:754</time></pt><pt><x>355</x><y>250</y><time>26-01-21 14:51:46:924</time></pt><pt><x>355</x><y>257</y><time>26-01-21 14:51:47:120</time></pt><pt><x>355</x><y>267</y><time>26-01-21 14:51:47:427</time></pt><pt><x>355</x><y>273</y><time>26-01-21 14:51:47:624</time></pt><pt><x>355</x><y>277</y><time>26-01-21 14:51:47:830</time></pt><pt><x>354</x><y>279</y><time>26-01-21 14:51:47:983</time></pt><pt><x>355</x><y>282</y><time>26-01-21 14:51:48:143</time></pt><pt><x>356</x><y>284</y><time>26-01-21 14:51:48:291</time></pt><pt><x>356</x><y>287</y><time>26-01-21 14:51:48:511</time></pt><pt><x>354</x><y>294</y><time>26-01-21 14:51:49:713</time></pt><pt><x>352</x><y>296</y><time>26-01-21 14:51:49:973</time></pt><pt><x>349</x><y>299</y><time>26-01-21 14:51:50:123</time></pt><pt><x>349</x><y>303</y><time>26-01-21 14:51:50:288</time></pt><pt><x>349</x><y>305</y><time>26-01-21 14:51:50:499</time></pt><pt><x>352</x><y>306</y><time>26-01-21 14:51:50:776</time></pt><pt><x>355</x><y>307</y><time>26-01-21 14:51:50:949</time></pt><pt><x>361</x><y>307</y><time>26-01-21 14:51:51:159</time></pt><pt><x>363</x><y>306</y><time>26-01-21 14:51:51:371</time></pt><pt><x>364</x><y>305</y><time>26-01-21 14:51:51:551</time></pt><pt><x>367</x><y>304</y><time>26-01-21 14:51:51:702</time></pt><pt><x>368</x><y>303</y><time>26-01-21 14:51:51:915</time></pt><pt><x>368</x><y>296</y><time>26-01-21 14:51:52:110</time></pt><pt><x>367</x><y>291</y><time>26-01-21 14:51:52:330</time></pt><pt><x>370</x><y>278</y><time>26-01-21 14:51:52:922</time></pt><pt><x>374</x><y>252</y><time>26-01-21 14:51:53:964</time></pt><pt><x>377</x><y>240</y><time>26-01-21 14:51:54:383</time></pt><pt><x>380</x><y>230</y><time>26-01-21 14:51:54:836</time></pt><pt><x>382</x><y>234</y><time>26-01-21 14:51:56:332</time></pt><pt><x>382</x><y>247</y><time>26-01-21 14:51:56:864</time></pt><pt><x>381</x><y>263</y><time>26-01-21 14:51:57:389</time></pt><pt><x>382</x><y>276</y><time>26-01-21 14:51:57:838</time></pt><pt><x>383</x><y>281</y><time>26-01-21 14:51:58:066</time></pt><pt><x>384</x><y>285</y><time>26-01-21 14:51:58:272</time></pt><pt><x>384</x><y>289</y><time>26-01-21 14:51:58:444</time></pt><pt><x>385</x><y>290</y><time>26-01-21 14:51:58:578</time></pt><pt><x>385</x><y>293</y><time>26-01-21 14:51:58:741</time></pt><pt><x>384</x><y>299</y><time>26-01-21 14:51:59:976</time></pt><pt><x>384</x><y>302</y><time>26-01-21 14:52:00:172</time></pt><pt><x>386</x><y>303</y><time>26-01-21 14:52:00:364</time></pt><pt><x>389</x><y>304</y><time>26-01-21 14:52:00:574</time></pt><pt><x>391</x><y>306</y><time>26-01-21 14:52:00:738</time></pt><pt><x>395</x><y>306</y><time>26-01-21 14:52:00:904</time></pt><pt><x>403</x><y>306</y><time>26-01-21 14:52:01:280</time></pt><pt><x>406</x><y>306</y><time>26-01-21 14:52:01:720</time></pt><pt><x>406</x><y>303</y><time>26-01-21 14:52:01:939</time></pt><pt><x>406</x><y>300</y><time>26-01-21 14:52:02:081</time></pt><pt><x>400</x><y>294</y><time>26-01-21 14:52:02:459</time></pt><pt><x>397</x><y>287</y><time>26-01-21 14:52:02:828</time></pt><pt><x>397</x><y>284</y><time>26-01-21 14:52:03:017</time></pt><pt><x>399</x><y>280</y><time>26-01-21 14:52:03:221</time></pt><pt><x>400</x><y>274</y><time>26-01-21 14:52:03:434</time></pt><pt><x>400</x><y>267</y><time>26-01-21 14:52:03:921</time></pt><pt><x>402</x><y>243</y><time>26-01-21 14:52:05:054</time></pt><pt><x>401</x><y>241</y><time>26-01-21 14:52:05:226</time></pt><pt><x>403</x><y>235</y><time>26-01-21 14:52:05:414</time></pt><pt><x>404</x><y>219</y><time>26-01-21 14:52:06:027</time></pt><pt><x>406</x><y>208</y><time>26-01-21 14:52:06:483</time></pt><pt><x>409</x><y>187</y><time>26-01-21 14:52:07:551</time></pt><pt><x>410</x><y>181</y><time>26-01-21 14:52:07:805</time></pt><pt><x>410</x><y>177</y><time>26-01-21 14:52:07:976</time></pt><pt><x>409</x><y>173</y><time>26-01-21 14:52:08:133</time></pt><pt><x>408</x><y>169</y><time>26-01-21 14:52:08:322</time></pt><pt><x>408</x><y>165</y><time>26-01-21 14:52:08:526</time></pt><pt><x>409</x><y>162</y><time>26-01-21 14:52:08:707</time></pt><pt><x>411</x><y>162</y><time>26-01-21 14:52:09:354</time></pt><pt><x>412</x><y>165</y><time>26-01-21 14:52:09:509</time></pt><pt><x>413</x><y>168</y><time>26-01-21 14:52:09:674</time></pt><pt><x>413</x><y>174</y><time>26-01-21 14:52:09:935</time></pt><pt><x>414</x><y>177</y><time>26-01-21 14:52:10:115</time></pt><pt><x>414</x><y>180</y><time>26-01-21 14:52:10:264</time></pt><pt><x>413</x><y>183</y><time>26-01-21 14:52:10:436</time></pt><pt><x>413</x><y>187</y><time>26-01-21 14:52:10:618</time></pt><pt><x>413</x><y>194</y><time>26-01-21 14:52:10:868</time></pt><pt><x>413</x><y>199</y><time>26-01-21 14:52:11:144</time></pt><pt><x>419</x><y>200</y><time>26-01-21 14:52:11:452</time></pt><pt><x>422</x><y>198</y><time>26-01-21 14:52:11:637</time></pt><pt><x>423</x><y>194</y><time>26-01-21 14:52:11:796</time></pt><pt><x>423</x><y>190</y><time>26-01-21 14:52:12:000</time></pt><pt><x>423</x><y>187</y><time>26-01-21 14:52:12:167</time></pt><pt><x>423</x><y>183</y><time>26-01-21 14:52:12:403</time></pt><pt><x>425</x><y>179</y><time>26-01-21 14:52:12:605</time></pt><pt><x>426</x><y>174</y><time>26-01-21 14:52:12:785</time></pt><pt><x>425</x><y>165</y><time>26-01-21 14:52:13:032</time></pt><pt><x>424</x><y>153</y><time>26-01-21 14:52:13:587</time></pt><pt><x>421</x><y>121</y><time>26-01-21 14:52:14:876</time></pt><pt><x>418</x><y>107</y><time>26-01-21 14:52:15:568</time></pt><pt><x>416</x><y>100</y><time>26-01-21 14:52:15:884</time></pt><pt><x>412</x><y>98</y><time>26-01-21 14:52:16:118</time></pt><pt><x>403</x><y>93</y><time>26-01-21 14:52:16:825</time></pt><pt><x>398</x><y>91</y><time>26-01-21 14:52:17:099</time></pt><pt><x>394</x><y>91</y><time>26-01-21 14:52:17:327</time></pt><pt><x>394</x><y>89</y><time>26-01-21 14:52:17:531</time></pt><pt><x>395</x><y>87</y><time>26-01-21 14:52:17:714</time></pt><pt><x>397</x><y>78</y><time>26-01-21 14:52:19:221</time></pt><pt><x>397</x><y>73</y><time>26-01-21 14:52:19:457</time></pt><pt><x>397</x><y>70</y><time>26-01-21 14:52:19:615</time></pt><pt><x>397</x><y>67</y><time>26-01-21 14:52:19:797</time></pt><pt><x>396</x><y>63</y><time>26-01-21 14:52:19:992</time></pt><pt><x>397</x><y>58</y><time>26-01-21 14:52:20:503</time></pt><pt><x>395</x><y>56</y><time>26-01-21 14:52:20:896</time></pt><closed_date>26-01-21 14:52:21:265</closed_date></polygon></object><object><name>person</name><deleted>0</deleted><verified>0</verified><occluded>no</occluded><attributes></attributes><parts><hasparts></hasparts><ispartof></ispartof></parts><date>26-01-21 14:53:02:951</date><id>2</id><polygon><username>7hao</username><pt><x>639</x><y>39</y><time>26-01-21 14:52:28:041</time></pt><pt><x>631</x><y>42</y><time>26-01-21 14:52:28:434</time></pt><pt><x>623</x><y>47</y><time>26-01-21 14:52:28:739</time></pt><pt><x>618</x><y>56</y><time>26-01-21 14:52:29:094</time></pt><pt><x>612</x><y>69</y><time>26-01-21 14:52:29:557</time></pt><pt><x>608</x><y>80</y><time>26-01-21 14:52:29:937</time></pt><pt><x>602</x><y>96</y><time>26-01-21 14:52:31:083</time></pt><pt><x>599</x><y>106</y><time>26-01-21 14:52:31:395</time></pt><pt><x>595</x><y>115</y><time>26-01-21 14:52:31:774</time></pt><pt><x>591</x><y>130</y><time>26-01-21 14:52:33:480</time></pt><pt><x>589</x><y>140</y><time>26-01-21 14:52:33:825</time></pt><pt><x>587</x><y>146</y><time>26-01-21 14:52:34:291</time></pt><pt><x>587</x><y>149</y><time>26-01-21 14:52:34:501</time></pt><pt><x>585</x><y>153</y><time>26-01-21 14:52:34:879</time></pt><pt><x>583</x><y>158</y><time>26-01-21 14:52:35:295</time></pt><pt><x>582</x><y>161</y><time>26-01-21 14:52:35:446</time></pt><pt><x>583</x><y>165</y><time>26-01-21 14:52:35:648</time></pt><pt><x>591</x><y>172</y><time>26-01-21 14:52:35:940</time></pt><pt><x>595</x><y>175</y><time>26-01-21 14:52:36:347</time></pt><pt><x>598</x><y>172</y><time>26-01-21 14:52:36:576</time></pt><pt><x>599</x><y>168</y><time>26-01-21 14:52:36:741</time></pt><pt><x>600</x><y>159</y><time>26-01-21 14:52:37:077</time></pt><pt><x>602</x><y>152</y><time>26-01-21 14:52:37:361</time></pt><pt><x>604</x><y>147</y><time>26-01-21 14:52:37:582</time></pt><pt><x>610</x><y>136</y><time>26-01-21 14:52:38:241</time></pt><pt><x>615</x><y>125</y><time>26-01-21 14:52:38:681</time></pt><pt><x>618</x><y>116</y><time>26-01-21 14:52:39:073</time></pt><pt><x>621</x><y>112</y><time>26-01-21 14:52:39:403</time></pt><pt><x>622</x><y>112</y><time>26-01-21 14:52:39:688</time></pt><pt><x>621</x><y>119</y><time>26-01-21 14:52:40:143</time></pt><pt><x>621</x><y>124</y><time>26-01-21 14:52:40:475</time></pt><pt><x>620</x><y>131</y><time>26-01-21 14:52:40:695</time></pt><pt><x>618</x><y>134</y><time>26-01-21 14:52:40:882</time></pt><pt><x>617</x><y>138</y><time>26-01-21 14:52:41:102</time></pt><pt><x>617</x><y>144</y><time>26-01-21 14:52:41:314</time></pt><pt><x>618</x><y>146</y><time>26-01-21 14:52:41:491</time></pt><pt><x>618</x><y>151</y><time>26-01-21 14:52:41:699</time></pt><pt><x>612</x><y>158</y><time>26-01-21 14:52:42:060</time></pt><pt><x>608</x><y>165</y><time>26-01-21 14:52:42:509</time></pt><pt><x>609</x><y>170</y><time>26-01-21 14:52:42:690</time></pt><pt><x>611</x><y>173</y><time>26-01-21 14:52:42:846</time></pt><pt><x>612</x><y>177</y><time>26-01-21 14:52:43:030</time></pt><pt><x>611</x><y>179</y><time>26-01-21 14:52:43:224</time></pt><pt><x>609</x><y>183</y><time>26-01-21 14:52:43:599</time></pt><pt><x>608</x><y>187</y><time>26-01-21 14:52:43:797</time></pt><pt><x>605</x><y>199</y><time>26-01-21 14:52:44:968</time></pt><pt><x>606</x><y>204</y><time>26-01-21 14:52:45:143</time></pt><pt><x>607</x><y>210</y><time>26-01-21 14:52:45:291</time></pt><pt><x>607</x><y>219</y><time>26-01-21 14:52:45:576</time></pt><pt><x>601</x><y>239</y><time>26-01-21 14:52:46:628</time></pt><pt><x>596</x><y>253</y><time>26-01-21 14:52:47:043</time></pt><pt><x>590</x><y>262</y><time>26-01-21 14:52:47:427</time></pt><pt><x>589</x><y>267</y><time>26-01-21 14:52:47:615</time></pt><pt><x>588</x><y>289</y><time>26-01-21 14:52:48:897</time></pt><pt><x>588</x><y>303</y><time>26-01-21 14:52:49:172</time></pt><pt><x>587</x><y>306</y><time>26-01-21 14:52:49:384</time></pt><pt><x>583</x><y>309</y><time>26-01-21 14:52:49:645</time></pt><pt><x>575</x><y>312</y><time>26-01-21 14:52:49:958</time></pt><pt><x>570</x><y>313</y><time>26-01-21 14:52:50:196</time></pt><pt><x>564</x><y>313</y><time>26-01-21 14:52:50:491</time></pt><pt><x>559</x><y>315</y><time>26-01-21 14:52:50:682</time></pt><pt><x>559</x><y>320</y><time>26-01-21 14:52:50:895</time></pt><pt><x>562</x><y>323</y><time>26-01-21 14:52:51:184</time></pt><pt><x>589</x><y>328</y><time>26-01-21 14:52:51:725</time></pt><pt><x>607</x><y>331</y><time>26-01-21 14:52:52:174</time></pt><pt><x>615</x><y>332</y><time>26-01-21 14:52:52:371</time></pt><pt><x>621</x><y>332</y><time>26-01-21 14:52:52:693</time></pt><pt><x>621</x><y>330</y><time>26-01-21 14:52:52:905</time></pt><pt><x>620</x><y>326</y><time>26-01-21 14:52:53:117</time></pt><pt><x>619</x><y>323</y><time>26-01-21 14:52:53:354</time></pt><pt><x>620</x><y>320</y><time>26-01-21 14:52:53:575</time></pt><pt><x>623</x><y>316</y><time>26-01-21 14:52:53:807</time></pt><pt><x>625</x><y>311</y><time>26-01-21 14:52:54:043</time></pt><pt><x>625</x><y>304</y><time>26-01-21 14:52:54:263</time></pt><pt><x>627</x><y>294</y><time>26-01-21 14:52:54:602</time></pt><pt><x>632</x><y>280</y><time>26-01-21 14:52:55:028</time></pt><pt><x>636</x><y>262</y><time>26-01-21 14:52:55:529</time></pt><pt><x>638</x><y>248</y><time>26-01-21 14:52:56:128</time></pt><pt><x>639</x><y>228</y><time>26-01-21 14:52:57:714</time></pt><closed_date>26-01-21 14:53:00:545</closed_date></polygon></object></annotation>