<annotation><filename>frame0044.jpg</filename><folder>users/lab605//7hao/human_20210119_4</folder><source><submittedBy>lab605</submittedBy></source><imagesize><nrows>480</nrows><ncols>640</ncols></imagesize><object><name>person</name><deleted>0</deleted><verified>0</verified><occluded>no</occluded><attributes></attributes><parts><hasparts></hasparts><ispartof></ispartof></parts><date>25-01-21 20:39:19:316</date><id>0</id><polygon><username>7hao</username><pt><x>331</x><y>66</y><time>25-01-21 20:38:09:307</time></pt><pt><x>325</x><y>63</y><time>25-01-21 20:38:09:843</time></pt><pt><x>317</x><y>64</y><time>25-01-21 20:38:10:243</time></pt><pt><x>311</x><y>68</y><time>25-01-21 20:38:10:605</time></pt><pt><x>309</x><y>73</y><time>25-01-21 20:38:10:943</time></pt><pt><x>310</x><y>78</y><time>25-01-21 20:38:11:249</time></pt><pt><x>310</x><y>83</y><time>25-01-21 20:38:11:619</time></pt><pt><x>312</x><y>90</y><time>25-01-21 20:38:15:149</time></pt><pt><x>312</x><y>94</y><time>25-01-21 20:38:15:432</time></pt><pt><x>312</x><y>97</y><time>25-01-21 20:38:15:621</time></pt><pt><x>311</x><y>100</y><time>25-01-21 20:38:15:975</time></pt><pt><x>307</x><y>103</y><time>25-01-21 20:38:16:281</time></pt><pt><x>303</x><y>105</y><time>25-01-21 20:38:16:518</time></pt><pt><x>300</x><y>107</y><time>25-01-21 20:38:16:848</time></pt><pt><x>296</x><y>113</y><time>25-01-21 20:38:17:389</time></pt><pt><x>291</x><y>128</y><time>25-01-21 20:38:18:805</time></pt><pt><x>286</x><y>141</y><time>25-01-21 20:38:19:576</time></pt><pt><x>277</x><y>160</y><time>25-01-21 20:38:22:515</time></pt><pt><x>274</x><y>166</y><time>25-01-21 20:38:22:918</time></pt><pt><x>271</x><y>170</y><time>25-01-21 20:38:23:186</time></pt><pt><x>267</x><y>173</y><time>25-01-21 20:38:23:397</time></pt><pt><x>265</x><y>174</y><time>25-01-21 20:38:23:569</time></pt><pt><x>263</x><y>177</y><time>25-01-21 20:38:23:829</time></pt><pt><x>264</x><y>180</y><time>25-01-21 20:38:24:025</time></pt><pt><x>267</x><y>183</y><time>25-01-21 20:38:24:262</time></pt><pt><x>271</x><y>183</y><time>25-01-21 20:38:24:521</time></pt><pt><x>274</x><y>181</y><time>25-01-21 20:38:24:773</time></pt><pt><x>276</x><y>179</y><time>25-01-21 20:38:24:969</time></pt><pt><x>277</x><y>175</y><time>25-01-21 20:38:25:149</time></pt><pt><x>287</x><y>167</y><time>25-01-21 20:38:26:243</time></pt><pt><x>294</x><y>158</y><time>25-01-21 20:38:26:721</time></pt><pt><x>302</x><y>142</y><time>25-01-21 20:38:27:776</time></pt><pt><x>302</x><y>158</y><time>25-01-21 20:38:29:199</time></pt><pt><x>300</x><y>166</y><time>25-01-21 20:38:29:607</time></pt><pt><x>296</x><y>173</y><time>25-01-21 20:38:30:127</time></pt><pt><x>294</x><y>182</y><time>25-01-21 20:38:30:663</time></pt><pt><x>290</x><y>192</y><time>25-01-21 20:38:31:150</time></pt><pt><x>290</x><y>198</y><time>25-01-21 20:38:31:432</time></pt><pt><x>289</x><y>204</y><time>25-01-21 20:38:31:864</time></pt><pt><x>286</x><y>221</y><time>25-01-21 20:38:33:467</time></pt><pt><x>289</x><y>228</y><time>25-01-21 20:38:33:940</time></pt><pt><x>299</x><y>244</y><time>25-01-21 20:38:35:056</time></pt><pt><x>307</x><y>259</y><time>25-01-21 20:38:35:709</time></pt><pt><x>310</x><y>263</y><time>25-01-21 20:38:36:077</time></pt><pt><x>311</x><y>265</y><time>25-01-21 20:38:36:257</time></pt><pt><x>311</x><y>273</y><time>25-01-21 20:38:37:493</time></pt><pt><x>309</x><y>276</y><time>25-01-21 20:38:37:706</time></pt><pt><x>306</x><y>279</y><time>25-01-21 20:38:37:862</time></pt><pt><x>303</x><y>281</y><time>25-01-21 20:38:38:019</time></pt><pt><x>301</x><y>284</y><time>25-01-21 20:38:38:279</time></pt><pt><x>302</x><y>286</y><time>25-01-21 20:38:38:451</time></pt><pt><x>306</x><y>287</y><time>25-01-21 20:38:38:679</time></pt><pt><x>308</x><y>287</y><time>25-01-21 20:38:38:899</time></pt><pt><x>310</x><y>288</y><time>25-01-21 20:38:39:213</time></pt><pt><x>309</x><y>290</y><time>25-01-21 20:38:39:403</time></pt><pt><x>310</x><y>291</y><time>25-01-21 20:38:39:607</time></pt><pt><x>314</x><y>291</y><time>25-01-21 20:38:39:779</time></pt><pt><x>322</x><y>291</y><time>25-01-21 20:38:40:353</time></pt><pt><x>328</x><y>289</y><time>25-01-21 20:38:43:812</time></pt><pt><x>330</x><y>288</y><time>25-01-21 20:38:44:551</time></pt><pt><x>330</x><y>286</y><time>25-01-21 20:38:44:795</time></pt><pt><x>329</x><y>283</y><time>25-01-21 20:38:44:945</time></pt><pt><x>328</x><y>278</y><time>25-01-21 20:38:45:244</time></pt><pt><x>328</x><y>275</y><time>25-01-21 20:38:45:409</time></pt><pt><x>327</x><y>271</y><time>25-01-21 20:38:51:446</time></pt><pt><x>330</x><y>268</y><time>25-01-21 20:38:51:778</time></pt><pt><x>332</x><y>265</y><time>25-01-21 20:38:52:109</time></pt><pt><x>332</x><y>264</y><time>25-01-21 20:38:52:303</time></pt><pt><x>331</x><y>259</y><time>25-01-21 20:38:52:531</time></pt><pt><x>331</x><y>252</y><time>25-01-21 20:38:52:986</time></pt><pt><x>332</x><y>246</y><time>25-01-21 20:38:53:426</time></pt><pt><x>337</x><y>218</y><time>25-01-21 20:38:55:448</time></pt><pt><x>338</x><y>209</y><time>25-01-21 20:38:55:920</time></pt><pt><x>340</x><y>192</y><time>25-01-21 20:38:56:737</time></pt><pt><x>343</x><y>174</y><time>25-01-21 20:38:57:978</time></pt><pt><x>343</x><y>159</y><time>25-01-21 20:38:58:482</time></pt><pt><x>344</x><y>155</y><time>25-01-21 20:38:58:838</time></pt><pt><x>344</x><y>151</y><time>25-01-21 20:38:59:324</time></pt><pt><x>345</x><y>150</y><time>25-01-21 20:39:00:038</time></pt><pt><x>350</x><y>167</y><time>25-01-21 20:39:00:966</time></pt><pt><x>353</x><y>176</y><time>25-01-21 20:39:01:556</time></pt><pt><x>354</x><y>181</y><time>25-01-21 20:39:01:950</time></pt><pt><x>353</x><y>183</y><time>25-01-21 20:39:02:156</time></pt><pt><x>353</x><y>185</y><time>25-01-21 20:39:02:367</time></pt><pt><x>354</x><y>187</y><time>25-01-21 20:39:02:547</time></pt><pt><x>354</x><y>189</y><time>25-01-21 20:39:02:775</time></pt><pt><x>358</x><y>193</y><time>25-01-21 20:39:05:448</time></pt><pt><x>361</x><y>195</y><time>25-01-21 20:39:05:739</time></pt><pt><x>364</x><y>194</y><time>25-01-21 20:39:05:929</time></pt><pt><x>367</x><y>193</y><time>25-01-21 20:39:06:226</time></pt><pt><x>368</x><y>189</y><time>25-01-21 20:39:06:407</time></pt><pt><x>368</x><y>185</y><time>25-01-21 20:39:06:581</time></pt><pt><x>367</x><y>183</y><time>25-01-21 20:39:06:752</time></pt><pt><x>364</x><y>177</y><time>25-01-21 20:39:07:013</time></pt><pt><x>362</x><y>166</y><time>25-01-21 20:39:07:453</time></pt><pt><x>359</x><y>146</y><time>25-01-21 20:39:08:750</time></pt><pt><x>355</x><y>131</y><time>25-01-21 20:39:09:228</time></pt><pt><x>350</x><y>111</y><time>25-01-21 20:39:09:802</time></pt><pt><x>346</x><y>104</y><time>25-01-21 20:39:10:275</time></pt><pt><x>340</x><y>100</y><time>25-01-21 20:39:10:950</time></pt><pt><x>333</x><y>99</y><time>25-01-21 20:39:11:376</time></pt><pt><x>330</x><y>98</y><time>25-01-21 20:39:11:792</time></pt><pt><x>330</x><y>96</y><time>25-01-21 20:39:12:012</time></pt><pt><x>331</x><y>92</y><time>25-01-21 20:39:12:375</time></pt><pt><x>333</x><y>90</y><time>25-01-21 20:39:12:611</time></pt><pt><x>335</x><y>89</y><time>25-01-21 20:39:12:972</time></pt><pt><x>338</x><y>82</y><time>25-01-21 20:39:13:922</time></pt><pt><x>338</x><y>78</y><time>25-01-21 20:39:14:396</time></pt><pt><x>338</x><y>74</y><time>25-01-21 20:39:14:741</time></pt><pt><x>337</x><y>71</y><time>25-01-21 20:39:15:071</time></pt><pt><x>335</x><y>69</y><time>25-01-21 20:39:15:432</time></pt><pt><x>332</x><y>67</y><time>25-01-21 20:39:15:824</time></pt><closed_date>25-01-21 20:39:16:233</closed_date></polygon></object><object><name>person</name><deleted>0</deleted><verified>0</verified><occluded>no</occluded><attributes></attributes><parts><hasparts></hasparts><ispartof></ispartof></parts><date>25-01-21 20:40:36:409</date><id>1</id><polygon><username>7hao</username><pt><x>554</x><y>5</y><time>25-01-21 20:39:30:516</time></pt><pt><x>543</x><y>14</y><time>25-01-21 20:39:31:403</time></pt><pt><x>539</x><y>24</y><time>25-01-21 20:39:31:804</time></pt><pt><x>534</x><y>35</y><time>25-01-21 20:39:32:143</time></pt><pt><x>531</x><y>49</y><time>25-01-21 20:39:32:582</time></pt><pt><x>526</x><y>73</y><time>25-01-21 20:39:33:753</time></pt><pt><x>525</x><y>85</y><time>25-01-21 20:39:34:829</time></pt><pt><x>518</x><y>121</y><time>25-01-21 20:39:37:902</time></pt><pt><x>515</x><y>137</y><time>25-01-21 20:39:38:273</time></pt><pt><x>513</x><y>149</y><time>25-01-21 20:39:38:501</time></pt><pt><x>512</x><y>157</y><time>25-01-21 20:39:38:745</time></pt><pt><x>512</x><y>162</y><time>25-01-21 20:39:38:943</time></pt><pt><x>512</x><y>169</y><time>25-01-21 20:39:39:200</time></pt><pt><x>516</x><y>175</y><time>25-01-21 20:39:39:475</time></pt><pt><x>526</x><y>180</y><time>25-01-21 20:39:40:732</time></pt><pt><x>531</x><y>177</y><time>25-01-21 20:39:41:071</time></pt><pt><x>532</x><y>174</y><time>25-01-21 20:39:41:307</time></pt><pt><x>531</x><y>168</y><time>25-01-21 20:39:41:559</time></pt><pt><x>530</x><y>161</y><time>25-01-21 20:39:41:810</time></pt><pt><x>530</x><y>153</y><time>25-01-21 20:39:42:045</time></pt><pt><x>534</x><y>134</y><time>25-01-21 20:39:42:753</time></pt><pt><x>543</x><y>110</y><time>25-01-21 20:39:43:688</time></pt><pt><x>545</x><y>142</y><time>25-01-21 20:39:44:467</time></pt><pt><x>549</x><y>155</y><time>25-01-21 20:39:44:852</time></pt><pt><x>560</x><y>190</y><time>25-01-21 20:39:46:769</time></pt><pt><x>569</x><y>214</y><time>25-01-21 20:39:47:328</time></pt><pt><x>568</x><y>224</y><time>25-01-21 20:39:47:705</time></pt><pt><x>563</x><y>233</y><time>25-01-21 20:39:48:051</time></pt><pt><x>551</x><y>249</y><time>25-01-21 20:39:48:750</time></pt><pt><x>539</x><y>279</y><time>25-01-21 20:39:51:487</time></pt><pt><x>530</x><y>295</y><time>25-01-21 20:39:52:791</time></pt><pt><x>527</x><y>299</y><time>25-01-21 20:39:53:096</time></pt><pt><x>525</x><y>301</y><time>25-01-21 20:39:53:263</time></pt><pt><x>524</x><y>304</y><time>25-01-21 20:39:53:435</time></pt><pt><x>525</x><y>309</y><time>25-01-21 20:39:53:609</time></pt><pt><x>524</x><y>312</y><time>25-01-21 20:39:53:789</time></pt><pt><x>522</x><y>316</y><time>25-01-21 20:39:53:962</time></pt><pt><x>520</x><y>322</y><time>25-01-21 20:39:54:199</time></pt><pt><x>521</x><y>327</y><time>25-01-21 20:39:54:529</time></pt><pt><x>528</x><y>331</y><time>25-01-21 20:39:54:851</time></pt><pt><x>547</x><y>339</y><time>25-01-21 20:39:57:624</time></pt><pt><x>565</x><y>342</y><time>25-01-21 20:39:58:348</time></pt><pt><x>584</x><y>342</y><time>25-01-21 20:39:58:991</time></pt><pt><x>588</x><y>339</y><time>25-01-21 20:39:59:339</time></pt><pt><x>586</x><y>333</y><time>25-01-21 20:39:59:629</time></pt><pt><x>579</x><y>329</y><time>25-01-21 20:40:00:092</time></pt><pt><x>571</x><y>328</y><time>25-01-21 20:40:00:446</time></pt><pt><x>566</x><y>321</y><time>25-01-21 20:40:00:784</time></pt><pt><x>562</x><y>312</y><time>25-01-21 20:40:01:146</time></pt><pt><x>562</x><y>306</y><time>25-01-21 20:40:01:436</time></pt><pt><x>563</x><y>303</y><time>25-01-21 20:40:01:665</time></pt><pt><x>571</x><y>297</y><time>25-01-21 20:40:01:995</time></pt><pt><x>579</x><y>288</y><time>25-01-21 20:40:02:356</time></pt><pt><x>582</x><y>282</y><time>25-01-21 20:40:02:640</time></pt><pt><x>583</x><y>278</y><time>25-01-21 20:40:02:898</time></pt><pt><x>589</x><y>292</y><time>25-01-21 20:40:03:599</time></pt><pt><x>593</x><y>300</y><time>25-01-21 20:40:03:952</time></pt><pt><x>596</x><y>303</y><time>25-01-21 20:40:04:165</time></pt><pt><x>594</x><y>308</y><time>25-01-21 20:40:04:401</time></pt><pt><x>594</x><y>310</y><time>25-01-21 20:40:04:542</time></pt><pt><x>595</x><y>315</y><time>25-01-21 20:40:04:739</time></pt><pt><x>598</x><y>319</y><time>25-01-21 20:40:05:022</time></pt><pt><x>599</x><y>322</y><time>25-01-21 20:40:05:242</time></pt><pt><x>600</x><y>331</y><time>25-01-21 20:40:05:581</time></pt><pt><x>606</x><y>334</y><time>25-01-21 20:40:06:044</time></pt><pt><x>621</x><y>334</y><time>25-01-21 20:40:08:960</time></pt><pt><x>624</x><y>329</y><time>25-01-21 20:40:09:257</time></pt><pt><x>626</x><y>322</y><time>25-01-21 20:40:09:470</time></pt><pt><x>626</x><y>312</y><time>25-01-21 20:40:09:856</time></pt><pt><x>624</x><y>303</y><time>25-01-21 20:40:10:196</time></pt><pt><x>616</x><y>293</y><time>25-01-21 20:40:10:602</time></pt><pt><x>612</x><y>283</y><time>25-01-21 20:40:10:934</time></pt><pt><x>605</x><y>249</y><time>25-01-21 20:40:12:490</time></pt><pt><x>606</x><y>235</y><time>25-01-21 20:40:12:812</time></pt><pt><x>608</x><y>220</y><time>25-01-21 20:40:13:126</time></pt><pt><x>610</x><y>210</y><time>25-01-21 20:40:13:472</time></pt><pt><x>614</x><y>204</y><time>25-01-21 20:40:13:708</time></pt><pt><x>614</x><y>193</y><time>25-01-21 20:40:14:006</time></pt><pt><x>611</x><y>182</y><time>25-01-21 20:40:14:470</time></pt><pt><x>615</x><y>155</y><time>25-01-21 20:40:16:295</time></pt><pt><x>616</x><y>146</y><time>25-01-21 20:40:16:562</time></pt><pt><x>616</x><y>143</y><time>25-01-21 20:40:16:750</time></pt><pt><x>618</x><y>140</y><time>25-01-21 20:40:16:906</time></pt><pt><x>617</x><y>136</y><time>25-01-21 20:40:17:080</time></pt><pt><x>615</x><y>133</y><time>25-01-21 20:40:17:241</time></pt><pt><x>615</x><y>129</y><time>25-01-21 20:40:17:405</time></pt><pt><x>618</x><y>123</y><time>25-01-21 20:40:17:590</time></pt><pt><x>616</x><y>117</y><time>25-01-21 20:40:18:180</time></pt><pt><x>616</x><y>112</y><time>25-01-21 20:40:18:331</time></pt><pt><x>619</x><y>109</y><time>25-01-21 20:40:18:535</time></pt><pt><x>621</x><y>106</y><time>25-01-21 20:40:18:676</time></pt><pt><x>621</x><y>102</y><time>25-01-21 20:40:18:872</time></pt><pt><x>620</x><y>99</y><time>25-01-21 20:40:19:038</time></pt><pt><x>616</x><y>94</y><time>25-01-21 20:40:19:251</time></pt><pt><x>615</x><y>89</y><time>25-01-21 20:40:19:462</time></pt><pt><x>614</x><y>85</y><time>25-01-21 20:40:19:690</time></pt><pt><x>615</x><y>85</y><time>25-01-21 20:40:19:942</time></pt><pt><x>618</x><y>86</y><time>25-01-21 20:40:20:163</time></pt><pt><x>620</x><y>87</y><time>25-01-21 20:40:20:319</time></pt><pt><x>623</x><y>90</y><time>25-01-21 20:40:20:554</time></pt><pt><x>626</x><y>93</y><time>25-01-21 20:40:20:807</time></pt><pt><x>630</x><y>97</y><time>25-01-21 20:40:21:075</time></pt><pt><x>631</x><y>99</y><time>25-01-21 20:40:21:264</time></pt><pt><x>634</x><y>101</y><time>25-01-21 20:40:21:491</time></pt><pt><x>637</x><y>103</y><time>25-01-21 20:40:21:804</time></pt><pt><x>639</x><y>106</y><time>25-01-21 20:40:22:480</time></pt><pt><x>640</x><y>106</y><time>25-01-21 20:40:23:165</time></pt><pt><x>639</x><y>60</y><time>25-01-21 20:40:25:351</time></pt><pt><x>629</x><y>44</y><time>25-01-21 20:40:27:388</time></pt><pt><x>623</x><y>33</y><time>25-01-21 20:40:27:748</time></pt><pt><x>616</x><y>22</y><time>25-01-21 20:40:28:566</time></pt><pt><x>613</x><y>14</y><time>25-01-21 20:40:28:905</time></pt><pt><x>606</x><y>8</y><time>25-01-21 20:40:29:330</time></pt><pt><x>598</x><y>5</y><time>25-01-21 20:40:29:763</time></pt><pt><x>593</x><y>5</y><time>25-01-21 20:40:30:116</time></pt><pt><x>592</x><y>3</y><time>25-01-21 20:40:30:430</time></pt><pt><x>594</x><y>1</y><time>25-01-21 20:40:30:785</time></pt><pt><x>594</x><y>0</y><time>25-01-21 20:40:31:195</time></pt><pt><x>553</x><y>0</y><time>25-01-21 20:40:32:592</time></pt><pt><x>553</x><y>3</y><time>25-01-21 20:40:33:198</time></pt><closed_date>25-01-21 20:40:33:675</closed_date></polygon></object><object><name>person</name><deleted>0</deleted><verified>0</verified><occluded>no</occluded><attributes></attributes><parts><hasparts></hasparts><ispartof></ispartof></parts><date>25-01-21 20:42:08:306</date><id>2</id><polygon><username>7hao</username><pt><x>524</x><y>25</y><time>25-01-21 20:40:42:368</time></pt><pt><x>515</x><y>27</y><time>25-01-21 20:40:42:962</time></pt><pt><x>509</x><y>32</y><time>25-01-21 20:40:43:396</time></pt><pt><x>507</x><y>35</y><time>25-01-21 20:40:43:805</time></pt><pt><x>507</x><y>38</y><time>25-01-21 20:40:44:205</time></pt><pt><x>508</x><y>40</y><time>25-01-21 20:40:44:395</time></pt><pt><x>509</x><y>45</y><time>25-01-21 20:40:44:677</time></pt><pt><x>508</x><y>52</y><time>25-01-21 20:40:45:148</time></pt><pt><x>507</x><y>55</y><time>25-01-21 20:40:45:354</time></pt><pt><x>508</x><y>57</y><time>25-01-21 20:40:45:534</time></pt><pt><x>510</x><y>62</y><time>25-01-21 20:40:45:793</time></pt><pt><x>512</x><y>65</y><time>25-01-21 20:40:46:186</time></pt><pt><x>514</x><y>66</y><time>25-01-21 20:40:46:383</time></pt><pt><x>513</x><y>68</y><time>25-01-21 20:40:46:627</time></pt><pt><x>510</x><y>69</y><time>25-01-21 20:40:46:870</time></pt><pt><x>507</x><y>71</y><time>25-01-21 20:40:47:107</time></pt><pt><x>506</x><y>76</y><time>25-01-21 20:40:48:026</time></pt><pt><x>505</x><y>78</y><time>25-01-21 20:40:48:404</time></pt><pt><x>501</x><y>80</y><time>25-01-21 20:40:48:638</time></pt><pt><x>498</x><y>83</y><time>25-01-21 20:40:48:830</time></pt><pt><x>495</x><y>91</y><time>25-01-21 20:40:49:205</time></pt><pt><x>492</x><y>103</y><time>25-01-21 20:40:49:875</time></pt><pt><x>486</x><y>129</y><time>25-01-21 20:40:52:004</time></pt><pt><x>485</x><y>140</y><time>25-01-21 20:40:52:366</time></pt><pt><x>483</x><y>146</y><time>25-01-21 20:40:52:681</time></pt><pt><x>483</x><y>150</y><time>25-01-21 20:40:52:876</time></pt><pt><x>483</x><y>155</y><time>25-01-21 20:40:53:216</time></pt><pt><x>483</x><y>157</y><time>25-01-21 20:40:53:389</time></pt><pt><x>484</x><y>159</y><time>25-01-21 20:40:53:560</time></pt><pt><x>485</x><y>162</y><time>25-01-21 20:40:53:726</time></pt><pt><x>486</x><y>165</y><time>25-01-21 20:40:53:968</time></pt><pt><x>486</x><y>169</y><time>25-01-21 20:40:54:159</time></pt><pt><x>486</x><y>172</y><time>25-01-21 20:40:54:330</time></pt><pt><x>487</x><y>177</y><time>25-01-21 20:40:54:512</time></pt><pt><x>490</x><y>200</y><time>25-01-21 20:41:00:347</time></pt><pt><x>489</x><y>205</y><time>25-01-21 20:41:00:707</time></pt><pt><x>490</x><y>207</y><time>25-01-21 20:41:00:966</time></pt><pt><x>493</x><y>208</y><time>25-01-21 20:41:01:227</time></pt><pt><x>494</x><y>213</y><time>25-01-21 20:41:01:580</time></pt><pt><x>494</x><y>218</y><time>25-01-21 20:41:01:800</time></pt><pt><x>495</x><y>222</y><time>25-01-21 20:41:01:965</time></pt><pt><x>498</x><y>227</y><time>25-01-21 20:41:02:217</time></pt><pt><x>503</x><y>231</y><time>25-01-21 20:41:02:510</time></pt><pt><x>509</x><y>237</y><time>25-01-21 20:41:02:924</time></pt><pt><x>515</x><y>243</y><time>25-01-21 20:41:03:396</time></pt><pt><x>517</x><y>246</y><time>25-01-21 20:41:03:852</time></pt><pt><x>518</x><y>250</y><time>25-01-21 20:41:05:520</time></pt><pt><x>519</x><y>258</y><time>25-01-21 20:41:09:055</time></pt><pt><x>520</x><y>261</y><time>25-01-21 20:41:09:283</time></pt><pt><x>519</x><y>266</y><time>25-01-21 20:41:09:457</time></pt><pt><x>517</x><y>274</y><time>25-01-21 20:41:11:925</time></pt><pt><x>513</x><y>276</y><time>25-01-21 20:41:12:246</time></pt><pt><x>512</x><y>278</y><time>25-01-21 20:41:12:389</time></pt><pt><x>509</x><y>285</y><time>25-01-21 20:41:12:844</time></pt><pt><x>503</x><y>288</y><time>25-01-21 20:41:13:128</time></pt><pt><x>498</x><y>291</y><time>25-01-21 20:41:13:459</time></pt><pt><x>498</x><y>295</y><time>25-01-21 20:41:13:716</time></pt><pt><x>504</x><y>297</y><time>25-01-21 20:41:14:063</time></pt><pt><x>512</x><y>297</y><time>25-01-21 20:41:14:322</time></pt><pt><x>524</x><y>297</y><time>25-01-21 20:41:14:746</time></pt><pt><x>527</x><y>296</y><time>25-01-21 20:41:15:935</time></pt><pt><x>529</x><y>294</y><time>25-01-21 20:41:16:280</time></pt><pt><x>540</x><y>274</y><time>25-01-21 20:41:21:200</time></pt><pt><x>544</x><y>264</y><time>25-01-21 20:41:22:072</time></pt><pt><x>546</x><y>254</y><time>25-01-21 20:41:22:844</time></pt><pt><x>544</x><y>251</y><time>25-01-21 20:41:23:323</time></pt><pt><x>538</x><y>248</y><time>25-01-21 20:41:23:676</time></pt><pt><x>537</x><y>245</y><time>25-01-21 20:41:23:904</time></pt><pt><x>537</x><y>238</y><time>25-01-21 20:41:24:172</time></pt><pt><x>536</x><y>228</y><time>25-01-21 20:41:24:557</time></pt><pt><x>535</x><y>218</y><time>25-01-21 20:41:24:990</time></pt><pt><x>535</x><y>210</y><time>25-01-21 20:41:25:838</time></pt><pt><x>537</x><y>202</y><time>25-01-21 20:41:26:152</time></pt><pt><x>538</x><y>196</y><time>25-01-21 20:41:26:539</time></pt><pt><x>544</x><y>172</y><time>25-01-21 20:41:28:236</time></pt><pt><x>545</x><y>163</y><time>25-01-21 20:41:28:606</time></pt><pt><x>546</x><y>155</y><time>25-01-21 20:41:29:109</time></pt><pt><x>546</x><y>149</y><time>25-01-21 20:41:29:596</time></pt><pt><x>544</x><y>144</y><time>25-01-21 20:41:30:493</time></pt><pt><x>543</x><y>126</y><time>25-01-21 20:41:41:217</time></pt><pt><x>542</x><y>115</y><time>25-01-21 20:41:43:065</time></pt><pt><x>533</x><y>146</y><time>25-01-21 20:41:44:408</time></pt><pt><x>531</x><y>156</y><time>25-01-21 20:41:45:642</time></pt><pt><x>531</x><y>162</y><time>25-01-21 20:41:46:452</time></pt><pt><x>532</x><y>169</y><time>25-01-21 20:41:47:136</time></pt><pt><x>533</x><y>176</y><time>25-01-21 20:41:47:836</time></pt><pt><x>530</x><y>180</y><time>25-01-21 20:41:48:569</time></pt><pt><x>527</x><y>181</y><time>25-01-21 20:41:49:392</time></pt><pt><x>521</x><y>181</y><time>25-01-21 20:41:50:077</time></pt><pt><x>514</x><y>176</y><time>25-01-21 20:41:50:714</time></pt><pt><x>511</x><y>170</y><time>25-01-21 20:41:51:420</time></pt><pt><x>509</x><y>161</y><time>25-01-21 20:41:52:128</time></pt><pt><x>511</x><y>151</y><time>25-01-21 20:41:52:954</time></pt><pt><x>512</x><y>140</y><time>25-01-21 20:41:53:944</time></pt><pt><x>525</x><y>73</y><time>25-01-21 20:41:56:350</time></pt><pt><x>527</x><y>61</y><time>25-01-21 20:41:58:740</time></pt><pt><x>532</x><y>36</y><time>25-01-21 20:42:01:193</time></pt><pt><x>535</x><y>29</y><time>25-01-21 20:42:02:364</time></pt><pt><x>533</x><y>27</y><time>25-01-21 20:42:02:914</time></pt><pt><x>528</x><y>24</y><time>25-01-21 20:42:03:431</time></pt><pt><x>526</x><y>24</y><time>25-01-21 20:42:04:007</time></pt><closed_date>25-01-21 20:42:04:430</closed_date></polygon></object></annotation>