<annotation><filename>frame0072.jpg</filename><folder>users/lab605//7hao/human_20210119_4</folder><source><submittedBy>lab605</submittedBy></source><imagesize><nrows>480</nrows><ncols>640</ncols></imagesize><object><name>person</name><deleted>0</deleted><verified>0</verified><occluded>no</occluded><attributes></attributes><parts><hasparts></hasparts><ispartof></ispartof></parts><date>26-01-21 14:24:38:034</date><id>0</id><polygon><username>7hao</username><pt><x>168</x><y>0</y><time>26-01-21 14:23:18:642</time></pt><pt><x>168</x><y>2</y><time>26-01-21 14:23:19:007</time></pt><pt><x>168</x><y>3</y><time>26-01-21 14:23:19:277</time></pt><pt><x>169</x><y>4</y><time>26-01-21 14:23:19:716</time></pt><pt><x>169</x><y>5</y><time>26-01-21 14:23:20:220</time></pt><pt><x>165</x><y>5</y><time>26-01-21 14:23:20:486</time></pt><pt><x>158</x><y>7</y><time>26-01-21 14:23:20:755</time></pt><pt><x>155</x><y>13</y><time>26-01-21 14:23:21:162</time></pt><pt><x>156</x><y>19</y><time>26-01-21 14:23:22:034</time></pt><pt><x>145</x><y>24</y><time>26-01-21 14:23:22:828</time></pt><pt><x>137</x><y>29</y><time>26-01-21 14:23:23:268</time></pt><pt><x>130</x><y>42</y><time>26-01-21 14:23:23:716</time></pt><pt><x>129</x><y>58</y><time>26-01-21 14:23:24:298</time></pt><pt><x>129</x><y>79</y><time>26-01-21 14:23:25:556</time></pt><pt><x>129</x><y>89</y><time>26-01-21 14:23:26:044</time></pt><pt><x>131</x><y>108</y><time>26-01-21 14:23:27:413</time></pt><pt><x>133</x><y>117</y><time>26-01-21 14:23:27:727</time></pt><pt><x>137</x><y>125</y><time>26-01-21 14:23:28:598</time></pt><pt><x>138</x><y>131</y><time>26-01-21 14:23:28:936</time></pt><pt><x>138</x><y>135</y><time>26-01-21 14:23:29:124</time></pt><pt><x>140</x><y>142</y><time>26-01-21 14:23:29:762</time></pt><pt><x>143</x><y>145</y><time>26-01-21 14:23:30:210</time></pt><pt><x>145</x><y>147</y><time>26-01-21 14:23:30:548</time></pt><pt><x>146</x><y>161</y><time>26-01-21 14:23:32:736</time></pt><pt><x>146</x><y>170</y><time>26-01-21 14:23:33:094</time></pt><pt><x>148</x><y>179</y><time>26-01-21 14:23:33:480</time></pt><pt><x>149</x><y>187</y><time>26-01-21 14:23:33:938</time></pt><pt><x>149</x><y>196</y><time>26-01-21 14:23:34:319</time></pt><pt><x>150</x><y>200</y><time>26-01-21 14:23:34:556</time></pt><pt><x>151</x><y>202</y><time>26-01-21 14:23:34:853</time></pt><pt><x>153</x><y>204</y><time>26-01-21 14:23:35:271</time></pt><pt><x>153</x><y>207</y><time>26-01-21 14:23:35:634</time></pt><pt><x>154</x><y>220</y><time>26-01-21 14:23:37:276</time></pt><pt><x>151</x><y>230</y><time>26-01-21 14:23:37:606</time></pt><pt><x>149</x><y>248</y><time>26-01-21 14:23:38:156</time></pt><pt><x>149</x><y>267</y><time>26-01-21 14:23:39:336</time></pt><pt><x>151</x><y>276</y><time>26-01-21 14:23:39:611</time></pt><pt><x>153</x><y>283</y><time>26-01-21 14:23:39:808</time></pt><pt><x>155</x><y>298</y><time>26-01-21 14:23:43:375</time></pt><pt><x>153</x><y>304</y><time>26-01-21 14:23:43:729</time></pt><pt><x>152</x><y>307</y><time>26-01-21 14:23:43:981</time></pt><pt><x>148</x><y>313</y><time>26-01-21 14:23:44:665</time></pt><pt><x>145</x><y>316</y><time>26-01-21 14:23:45:090</time></pt><pt><x>144</x><y>317</y><time>26-01-21 14:23:45:222</time></pt><pt><x>145</x><y>322</y><time>26-01-21 14:23:45:450</time></pt><pt><x>148</x><y>324</y><time>26-01-21 14:23:45:677</time></pt><pt><x>152</x><y>327</y><time>26-01-21 14:23:45:977</time></pt><pt><x>157</x><y>329</y><time>26-01-21 14:23:46:215</time></pt><pt><x>164</x><y>328</y><time>26-01-21 14:23:46:464</time></pt><pt><x>167</x><y>327</y><time>26-01-21 14:23:46:684</time></pt><pt><x>168</x><y>321</y><time>26-01-21 14:23:46:903</time></pt><pt><x>171</x><y>313</y><time>26-01-21 14:23:47:652</time></pt><pt><x>171</x><y>308</y><time>26-01-21 14:23:47:898</time></pt><pt><x>168</x><y>302</y><time>26-01-21 14:23:48:140</time></pt><pt><x>167</x><y>290</y><time>26-01-21 14:23:48:909</time></pt><pt><x>168</x><y>279</y><time>26-01-21 14:23:49:326</time></pt><pt><x>170</x><y>269</y><time>26-01-21 14:23:49:821</time></pt><pt><x>173</x><y>256</y><time>26-01-21 14:23:51:007</time></pt><pt><x>174</x><y>247</y><time>26-01-21 14:23:51:315</time></pt><pt><x>174</x><y>239</y><time>26-01-21 14:23:51:599</time></pt><pt><x>174</x><y>234</y><time>26-01-21 14:23:51:823</time></pt><pt><x>176</x><y>230</y><time>26-01-21 14:23:52:030</time></pt><pt><x>178</x><y>224</y><time>26-01-21 14:23:52:423</time></pt><pt><x>179</x><y>210</y><time>26-01-21 14:23:53:453</time></pt><pt><x>179</x><y>202</y><time>26-01-21 14:23:53:737</time></pt><pt><x>181</x><y>198</y><time>26-01-21 14:23:54:003</time></pt><pt><x>182</x><y>193</y><time>26-01-21 14:23:54:293</time></pt><pt><x>184</x><y>184</y><time>26-01-21 14:23:55:015</time></pt><pt><x>184</x><y>181</y><time>26-01-21 14:23:55:410</time></pt><pt><x>185</x><y>198</y><time>26-01-21 14:23:56:196</time></pt><pt><x>186</x><y>203</y><time>26-01-21 14:23:56:462</time></pt><pt><x>185</x><y>208</y><time>26-01-21 14:23:56:635</time></pt><pt><x>184</x><y>218</y><time>26-01-21 14:23:56:990</time></pt><pt><x>186</x><y>224</y><time>26-01-21 14:23:57:194</time></pt><pt><x>188</x><y>232</y><time>26-01-21 14:23:57:564</time></pt><pt><x>186</x><y>240</y><time>26-01-21 14:23:57:979</time></pt><pt><x>184</x><y>264</y><time>26-01-21 14:23:59:364</time></pt><pt><x>186</x><y>273</y><time>26-01-21 14:23:59:641</time></pt><pt><x>187</x><y>279</y><time>26-01-21 14:23:59:780</time></pt><pt><x>187</x><y>289</y><time>26-01-21 14:24:00:102</time></pt><pt><x>185</x><y>299</y><time>26-01-21 14:24:00:480</time></pt><pt><x>184</x><y>307</y><time>26-01-21 14:24:01:508</time></pt><pt><x>182</x><y>310</y><time>26-01-21 14:24:01:724</time></pt><pt><x>181</x><y>315</y><time>26-01-21 14:24:01:854</time></pt><pt><x>181</x><y>320</y><time>26-01-21 14:24:02:036</time></pt><pt><x>181</x><y>326</y><time>26-01-21 14:24:02:310</time></pt><pt><x>182</x><y>329</y><time>26-01-21 14:24:02:562</time></pt><pt><x>197</x><y>329</y><time>26-01-21 14:24:06:814</time></pt><pt><x>202</x><y>328</y><time>26-01-21 14:24:07:129</time></pt><pt><x>209</x><y>326</y><time>26-01-21 14:24:07:388</time></pt><pt><x>214</x><y>325</y><time>26-01-21 14:24:07:608</time></pt><pt><x>219</x><y>325</y><time>26-01-21 14:24:07:885</time></pt><pt><x>220</x><y>322</y><time>26-01-21 14:24:08:097</time></pt><pt><x>220</x><y>317</y><time>26-01-21 14:24:08:308</time></pt><pt><x>217</x><y>315</y><time>26-01-21 14:24:08:597</time></pt><pt><x>208</x><y>311</y><time>26-01-21 14:24:08:936</time></pt><pt><x>205</x><y>309</y><time>26-01-21 14:24:09:125</time></pt><pt><x>203</x><y>306</y><time>26-01-21 14:24:09:368</time></pt><pt><x>201</x><y>303</y><time>26-01-21 14:24:09:587</time></pt><pt><x>200</x><y>297</y><time>26-01-21 14:24:09:914</time></pt><pt><x>203</x><y>288</y><time>26-01-21 14:24:10:274</time></pt><pt><x>208</x><y>267</y><time>26-01-21 14:24:11:309</time></pt><pt><x>210</x><y>253</y><time>26-01-21 14:24:11:688</time></pt><pt><x>210</x><y>243</y><time>26-01-21 14:24:12:088</time></pt><pt><x>210</x><y>231</y><time>26-01-21 14:24:12:764</time></pt><pt><x>209</x><y>222</y><time>26-01-21 14:24:13:110</time></pt><pt><x>213</x><y>213</y><time>26-01-21 14:24:13:833</time></pt><pt><x>217</x><y>205</y><time>26-01-21 14:24:14:409</time></pt><pt><x>219</x><y>204</y><time>26-01-21 14:24:14:641</time></pt><pt><x>222</x><y>204</y><time>26-01-21 14:24:14:966</time></pt><pt><x>226</x><y>195</y><time>26-01-21 14:24:18:360</time></pt><pt><x>230</x><y>186</y><time>26-01-21 14:24:18:847</time></pt><pt><x>230</x><y>171</y><time>26-01-21 14:24:20:167</time></pt><pt><x>231</x><y>166</y><time>26-01-21 14:24:20:547</time></pt><pt><x>233</x><y>161</y><time>26-01-21 14:24:20:766</time></pt><pt><x>233</x><y>155</y><time>26-01-21 14:24:21:018</time></pt><pt><x>233</x><y>151</y><time>26-01-21 14:24:21:168</time></pt><pt><x>234</x><y>146</y><time>26-01-21 14:24:21:412</time></pt><pt><x>237</x><y>141</y><time>26-01-21 14:24:21:632</time></pt><pt><x>239</x><y>139</y><time>26-01-21 14:24:21:979</time></pt><pt><x>240</x><y>128</y><time>26-01-21 14:24:23:376</time></pt><pt><x>242</x><y>122</y><time>26-01-21 14:24:23:596</time></pt><pt><x>243</x><y>118</y><time>26-01-21 14:24:23:768</time></pt><pt><x>242</x><y>106</y><time>26-01-21 14:24:24:154</time></pt><pt><x>239</x><y>75</y><time>26-01-21 14:24:25:420</time></pt><pt><x>237</x><y>58</y><time>26-01-21 14:24:25:955</time></pt><pt><x>233</x><y>45</y><time>26-01-21 14:24:26:615</time></pt><pt><x>228</x><y>33</y><time>26-01-21 14:24:28:059</time></pt><pt><x>224</x><y>27</y><time>26-01-21 14:24:28:633</time></pt><pt><x>214</x><y>22</y><time>26-01-21 14:24:29:105</time></pt><pt><x>211</x><y>19</y><time>26-01-21 14:24:29:467</time></pt><pt><x>208</x><y>17</y><time>26-01-21 14:24:29:773</time></pt><pt><x>205</x><y>16</y><time>26-01-21 14:24:30:079</time></pt><pt><x>204</x><y>12</y><time>26-01-21 14:24:30:390</time></pt><pt><x>197</x><y>6</y><time>26-01-21 14:24:32:186</time></pt><pt><x>196</x><y>3</y><time>26-01-21 14:24:32:446</time></pt><pt><x>196</x><y>0</y><time>26-01-21 14:24:32:824</time></pt><closed_date>26-01-21 14:24:35:188</closed_date></polygon></object><object><name>person</name><deleted>0</deleted><verified>0</verified><occluded>no</occluded><attributes></attributes><parts><hasparts></hasparts><ispartof></ispartof></parts><date>26-01-21 14:25:41:597</date><id>1</id><polygon><username>7hao</username><pt><x>391</x><y>64</y><time>26-01-21 14:24:41:499</time></pt><pt><x>384</x><y>63</y><time>26-01-21 14:24:41:873</time></pt><pt><x>376</x><y>64</y><time>26-01-21 14:24:42:229</time></pt><pt><x>369</x><y>70</y><time>26-01-21 14:24:42:596</time></pt><pt><x>366</x><y>76</y><time>26-01-21 14:24:42:903</time></pt><pt><x>369</x><y>82</y><time>26-01-21 14:24:43:349</time></pt><pt><x>373</x><y>88</y><time>26-01-21 14:24:44:874</time></pt><pt><x>373</x><y>91</y><time>26-01-21 14:24:45:198</time></pt><pt><x>372</x><y>94</y><time>26-01-21 14:24:45:385</time></pt><pt><x>371</x><y>98</y><time>26-01-21 14:24:45:809</time></pt><pt><x>369</x><y>102</y><time>26-01-21 14:24:46:100</time></pt><pt><x>367</x><y>103</y><time>26-01-21 14:24:46:288</time></pt><pt><x>364</x><y>104</y><time>26-01-21 14:24:46:580</time></pt><pt><x>360</x><y>104</y><time>26-01-21 14:24:46:775</time></pt><pt><x>357</x><y>108</y><time>26-01-21 14:24:47:089</time></pt><pt><x>352</x><y>117</y><time>26-01-21 14:24:47:437</time></pt><pt><x>350</x><y>129</y><time>26-01-21 14:24:48:715</time></pt><pt><x>351</x><y>134</y><time>26-01-21 14:24:48:939</time></pt><pt><x>354</x><y>139</y><time>26-01-21 14:24:49:195</time></pt><pt><x>359</x><y>141</y><time>26-01-21 14:24:49:423</time></pt><pt><x>361</x><y>141</y><time>26-01-21 14:24:49:662</time></pt><pt><x>363</x><y>141</y><time>26-01-21 14:24:49:809</time></pt><pt><x>363</x><y>147</y><time>26-01-21 14:24:50:092</time></pt><pt><x>362</x><y>155</y><time>26-01-21 14:24:50:580</time></pt><pt><x>360</x><y>169</y><time>26-01-21 14:24:51:074</time></pt><pt><x>361</x><y>177</y><time>26-01-21 14:24:51:507</time></pt><pt><x>358</x><y>199</y><time>26-01-21 14:24:52:748</time></pt><pt><x>357</x><y>208</y><time>26-01-21 14:24:53:073</time></pt><pt><x>359</x><y>222</y><time>26-01-21 14:24:53:424</time></pt><pt><x>361</x><y>232</y><time>26-01-21 14:24:53:810</time></pt><pt><x>361</x><y>240</y><time>26-01-21 14:24:54:203</time></pt><pt><x>359</x><y>244</y><time>26-01-21 14:24:54:589</time></pt><pt><x>357</x><y>249</y><time>26-01-21 14:24:56:128</time></pt><pt><x>358</x><y>254</y><time>26-01-21 14:24:56:324</time></pt><pt><x>357</x><y>267</y><time>26-01-21 14:24:56:813</time></pt><pt><x>357</x><y>274</y><time>26-01-21 14:24:57:300</time></pt><pt><x>356</x><y>277</y><time>26-01-21 14:24:57:550</time></pt><pt><x>357</x><y>281</y><time>26-01-21 14:24:57:709</time></pt><pt><x>357</x><y>284</y><time>26-01-21 14:24:57:858</time></pt><pt><x>355</x><y>291</y><time>26-01-21 14:24:58:219</time></pt><pt><x>351</x><y>298</y><time>26-01-21 14:24:58:549</time></pt><pt><x>350</x><y>302</y><time>26-01-21 14:24:58:706</time></pt><pt><x>353</x><y>303</y><time>26-01-21 14:24:59:052</time></pt><pt><x>360</x><y>303</y><time>26-01-21 14:24:59:414</time></pt><pt><x>364</x><y>303</y><time>26-01-21 14:24:59:765</time></pt><pt><x>366</x><y>302</y><time>26-01-21 14:24:59:980</time></pt><pt><x>368</x><y>301</y><time>26-01-21 14:25:00:136</time></pt><pt><x>369</x><y>300</y><time>26-01-21 14:25:00:388</time></pt><pt><x>369</x><y>296</y><time>26-01-21 14:25:00:544</time></pt><pt><x>369</x><y>289</y><time>26-01-21 14:25:00:813</time></pt><pt><x>375</x><y>265</y><time>26-01-21 14:25:03:524</time></pt><pt><x>377</x><y>252</y><time>26-01-21 14:25:04:245</time></pt><pt><x>378</x><y>242</y><time>26-01-21 14:25:04:726</time></pt><pt><x>383</x><y>216</y><time>26-01-21 14:25:05:826</time></pt><pt><x>384</x><y>235</y><time>26-01-21 14:25:06:369</time></pt><pt><x>384</x><y>244</y><time>26-01-21 14:25:06:717</time></pt><pt><x>384</x><y>253</y><time>26-01-21 14:25:07:102</time></pt><pt><x>383</x><y>276</y><time>26-01-21 14:25:08:328</time></pt><pt><x>384</x><y>281</y><time>26-01-21 14:25:08:570</time></pt><pt><x>386</x><y>287</y><time>26-01-21 14:25:08:734</time></pt><pt><x>386</x><y>290</y><time>26-01-21 14:25:08:899</time></pt><pt><x>386</x><y>293</y><time>26-01-21 14:25:09:056</time></pt><pt><x>385</x><y>296</y><time>26-01-21 14:25:09:230</time></pt><pt><x>384</x><y>298</y><time>26-01-21 14:25:09:386</time></pt><pt><x>385</x><y>301</y><time>26-01-21 14:25:09:544</time></pt><pt><x>389</x><y>302</y><time>26-01-21 14:25:09:794</time></pt><pt><x>394</x><y>303</y><time>26-01-21 14:25:10:079</time></pt><pt><x>401</x><y>303</y><time>26-01-21 14:25:10:305</time></pt><pt><x>405</x><y>302</y><time>26-01-21 14:25:10:934</time></pt><pt><x>405</x><y>299</y><time>26-01-21 14:25:11:117</time></pt><pt><x>404</x><y>297</y><time>26-01-21 14:25:11:280</time></pt><pt><x>400</x><y>292</y><time>26-01-21 14:25:11:557</time></pt><pt><x>398</x><y>287</y><time>26-01-21 14:25:11:776</time></pt><pt><x>398</x><y>282</y><time>26-01-21 14:25:11:981</time></pt><pt><x>399</x><y>277</y><time>26-01-21 14:25:12:193</time></pt><pt><x>400</x><y>266</y><time>26-01-21 14:25:12:563</time></pt><pt><x>402</x><y>244</y><time>26-01-21 14:25:13:606</time></pt><pt><x>402</x><y>233</y><time>26-01-21 14:25:13:906</time></pt><pt><x>405</x><y>218</y><time>26-01-21 14:25:14:386</time></pt><pt><x>409</x><y>196</y><time>26-01-21 14:25:15:430</time></pt><pt><x>410</x><y>185</y><time>26-01-21 14:25:15:833</time></pt><pt><x>410</x><y>177</y><time>26-01-21 14:25:16:406</time></pt><pt><x>410</x><y>172</y><time>26-01-21 14:25:16:665</time></pt><pt><x>410</x><y>169</y><time>26-01-21 14:25:16:824</time></pt><pt><x>410</x><y>165</y><time>26-01-21 14:25:17:036</time></pt><pt><x>409</x><y>161</y><time>26-01-21 14:25:17:240</time></pt><pt><x>409</x><y>156</y><time>26-01-21 14:25:17:764</time></pt><pt><x>409</x><y>152</y><time>26-01-21 14:25:17:954</time></pt><pt><x>409</x><y>150</y><time>26-01-21 14:25:18:151</time></pt><pt><x>408</x><y>148</y><time>26-01-21 14:25:18:354</time></pt><pt><x>408</x><y>144</y><time>26-01-21 14:25:18:708</time></pt><pt><x>408</x><y>142</y><time>26-01-21 14:25:20:154</time></pt><pt><x>414</x><y>166</y><time>26-01-21 14:25:20:980</time></pt><pt><x>415</x><y>174</y><time>26-01-21 14:25:21:576</time></pt><pt><x>416</x><y>178</y><time>26-01-21 14:25:21:742</time></pt><pt><x>416</x><y>182</y><time>26-01-21 14:25:21:898</time></pt><pt><x>414</x><y>186</y><time>26-01-21 14:25:22:135</time></pt><pt><x>413</x><y>188</y><time>26-01-21 14:25:22:277</time></pt><pt><x>413</x><y>192</y><time>26-01-21 14:25:22:428</time></pt><pt><x>413</x><y>196</y><time>26-01-21 14:25:22:598</time></pt><pt><x>415</x><y>200</y><time>26-01-21 14:25:22:858</time></pt><pt><x>419</x><y>201</y><time>26-01-21 14:25:23:125</time></pt><pt><x>424</x><y>199</y><time>26-01-21 14:25:23:352</time></pt><pt><x>425</x><y>193</y><time>26-01-21 14:25:23:535</time></pt><pt><x>424</x><y>187</y><time>26-01-21 14:25:23:792</time></pt><pt><x>425</x><y>183</y><time>26-01-21 14:25:23:950</time></pt><pt><x>426</x><y>179</y><time>26-01-21 14:25:24:109</time></pt><pt><x>426</x><y>169</y><time>26-01-21 14:25:24:469</time></pt><pt><x>424</x><y>137</y><time>26-01-21 14:25:25:632</time></pt><pt><x>421</x><y>115</y><time>26-01-21 14:25:26:120</time></pt><pt><x>417</x><y>108</y><time>26-01-21 14:25:26:822</time></pt><pt><x>407</x><y>104</y><time>26-01-21 14:25:27:953</time></pt><pt><x>399</x><y>101</y><time>26-01-21 14:25:28:336</time></pt><pt><x>395</x><y>99</y><time>26-01-21 14:25:28:722</time></pt><pt><x>395</x><y>96</y><time>26-01-21 14:25:28:950</time></pt><pt><x>397</x><y>92</y><time>26-01-21 14:25:29:219</time></pt><pt><x>398</x><y>87</y><time>26-01-21 14:25:29:511</time></pt><pt><x>399</x><y>83</y><time>26-01-21 14:25:29:790</time></pt><pt><x>399</x><y>79</y><time>26-01-21 14:25:30:262</time></pt><pt><x>399</x><y>77</y><time>26-01-21 14:25:30:624</time></pt><pt><x>399</x><y>76</y><time>26-01-21 14:25:31:088</time></pt><pt><x>398</x><y>69</y><time>26-01-21 14:25:34:042</time></pt><pt><x>397</x><y>67</y><time>26-01-21 14:25:34:389</time></pt><pt><x>395</x><y>65</y><time>26-01-21 14:25:34:680</time></pt><closed_date>26-01-21 14:25:39:332</closed_date></polygon></object><object><name>person</name><deleted>0</deleted><verified>0</verified><occluded>no</occluded><attributes></attributes><parts><hasparts></hasparts><ispartof></ispartof></parts><date>26-01-21 14:26:26:718</date><id>2</id><polygon><username>7hao</username><pt><x>639</x><y>8</y><time>26-01-21 14:25:46:118</time></pt><pt><x>634</x><y>12</y><time>26-01-21 14:25:46:596</time></pt><pt><x>628</x><y>18</y><time>26-01-21 14:25:46:998</time></pt><pt><x>626</x><y>23</y><time>26-01-21 14:25:47:250</time></pt><pt><x>625</x><y>27</y><time>26-01-21 14:25:47:460</time></pt><pt><x>625</x><y>31</y><time>26-01-21 14:25:47:731</time></pt><pt><x>624</x><y>32</y><time>26-01-21 14:25:47:905</time></pt><pt><x>623</x><y>34</y><time>26-01-21 14:25:48:066</time></pt><pt><x>624</x><y>37</y><time>26-01-21 14:25:48:217</time></pt><pt><x>624</x><y>40</y><time>26-01-21 14:25:48:546</time></pt><pt><x>624</x><y>45</y><time>26-01-21 14:25:48:766</time></pt><pt><x>625</x><y>50</y><time>26-01-21 14:25:48:971</time></pt><pt><x>630</x><y>54</y><time>26-01-21 14:25:49:252</time></pt><pt><x>631</x><y>58</y><time>26-01-21 14:25:49:606</time></pt><pt><x>626</x><y>60</y><time>26-01-21 14:25:49:928</time></pt><pt><x>625</x><y>63</y><time>26-01-21 14:25:50:095</time></pt><pt><x>624</x><y>69</y><time>26-01-21 14:25:50:314</time></pt><pt><x>622</x><y>71</y><time>26-01-21 14:25:50:575</time></pt><pt><x>616</x><y>73</y><time>26-01-21 14:25:50:770</time></pt><pt><x>610</x><y>81</y><time>26-01-21 14:25:51:212</time></pt><pt><x>606</x><y>90</y><time>26-01-21 14:25:51:682</time></pt><pt><x>598</x><y>101</y><time>26-01-21 14:25:53:080</time></pt><pt><x>591</x><y>115</y><time>26-01-21 14:25:53:587</time></pt><pt><x>585</x><y>124</y><time>26-01-21 14:25:54:049</time></pt><pt><x>576</x><y>139</y><time>26-01-21 14:25:55:186</time></pt><pt><x>567</x><y>146</y><time>26-01-21 14:25:55:682</time></pt><pt><x>558</x><y>154</y><time>26-01-21 14:25:56:281</time></pt><pt><x>555</x><y>157</y><time>26-01-21 14:25:56:522</time></pt><pt><x>552</x><y>159</y><time>26-01-21 14:25:56:721</time></pt><pt><x>551</x><y>164</y><time>26-01-21 14:25:56:933</time></pt><pt><x>553</x><y>171</y><time>26-01-21 14:25:57:145</time></pt><pt><x>557</x><y>175</y><time>26-01-21 14:25:57:442</time></pt><pt><x>562</x><y>173</y><time>26-01-21 14:25:57:695</time></pt><pt><x>564</x><y>171</y><time>26-01-21 14:25:57:886</time></pt><pt><x>564</x><y>166</y><time>26-01-21 14:25:58:078</time></pt><pt><x>568</x><y>162</y><time>26-01-21 14:25:58:386</time></pt><pt><x>581</x><y>152</y><time>26-01-21 14:25:58:809</time></pt><pt><x>599</x><y>136</y><time>26-01-21 14:25:59:462</time></pt><pt><x>605</x><y>127</y><time>26-01-21 14:26:00:123</time></pt><pt><x>611</x><y>118</y><time>26-01-21 14:26:00:619</time></pt><pt><x>612</x><y>122</y><time>26-01-21 14:26:01:096</time></pt><pt><x>613</x><y>128</y><time>26-01-21 14:26:01:358</time></pt><pt><x>613</x><y>133</y><time>26-01-21 14:26:01:578</time></pt><pt><x>612</x><y>139</y><time>26-01-21 14:26:01:853</time></pt><pt><x>611</x><y>146</y><time>26-01-21 14:26:02:174</time></pt><pt><x>614</x><y>151</y><time>26-01-21 14:26:02:504</time></pt><pt><x>616</x><y>157</y><time>26-01-21 14:26:02:725</time></pt><pt><x>616</x><y>160</y><time>26-01-21 14:26:02:859</time></pt><pt><x>617</x><y>163</y><time>26-01-21 14:26:03:141</time></pt><pt><x>616</x><y>166</y><time>26-01-21 14:26:03:317</time></pt><pt><x>614</x><y>169</y><time>26-01-21 14:26:03:535</time></pt><pt><x>612</x><y>174</y><time>26-01-21 14:26:03:905</time></pt><pt><x>611</x><y>180</y><time>26-01-21 14:26:04:186</time></pt><pt><x>613</x><y>184</y><time>26-01-21 14:26:09:013</time></pt><pt><x>614</x><y>188</y><time>26-01-21 14:26:09:303</time></pt><pt><x>614</x><y>193</y><time>26-01-21 14:26:09:461</time></pt><pt><x>612</x><y>199</y><time>26-01-21 14:26:09:782</time></pt><pt><x>609</x><y>207</y><time>26-01-21 14:26:11:016</time></pt><pt><x>608</x><y>214</y><time>26-01-21 14:26:11:291</time></pt><pt><x>608</x><y>221</y><time>26-01-21 14:26:11:473</time></pt><pt><x>610</x><y>234</y><time>26-01-21 14:26:12:015</time></pt><pt><x>614</x><y>269</y><time>26-01-21 14:26:13:884</time></pt><pt><x>617</x><y>282</y><time>26-01-21 14:26:14:374</time></pt><pt><x>619</x><y>287</y><time>26-01-21 14:26:14:664</time></pt><pt><x>620</x><y>292</y><time>26-01-21 14:26:14:882</time></pt><pt><x>621</x><y>299</y><time>26-01-21 14:26:16:172</time></pt><pt><x>619</x><y>304</y><time>26-01-21 14:26:16:447</time></pt><pt><x>617</x><y>306</y><time>26-01-21 14:26:16:658</time></pt><pt><x>611</x><y>308</y><time>26-01-21 14:26:17:712</time></pt><pt><x>607</x><y>310</y><time>26-01-21 14:26:17:916</time></pt><pt><x>607</x><y>315</y><time>26-01-21 14:26:18:083</time></pt><pt><x>612</x><y>319</y><time>26-01-21 14:26:18:332</time></pt><pt><x>622</x><y>318</y><time>26-01-21 14:26:18:694</time></pt><pt><x>630</x><y>318</y><time>26-01-21 14:26:19:042</time></pt><pt><x>634</x><y>319</y><time>26-01-21 14:26:19:236</time></pt><pt><x>639</x><y>320</y><time>26-01-21 14:26:19:708</time></pt><pt><x>640</x><y>319</y><time>26-01-21 14:26:20:124</time></pt><closed_date>26-01-21 14:26:22:169</closed_date></polygon></object></annotation>