<annotation><filename>frame0051.jpg</filename><folder>users/lab605//7hao/human_20210119_4</folder><source><submittedBy>lab605</submittedBy></source><imagesize><nrows>480</nrows><ncols>640</ncols></imagesize><object><name>person</name><deleted>0</deleted><verified>0</verified><occluded>no</occluded><attributes></attributes><parts><hasparts></hasparts><ispartof></ispartof></parts><date>25-01-21 21:11:54:326</date><id>0</id><polygon><username>7hao</username><pt><x>326</x><y>67</y><time>25-01-21 21:10:55:885</time></pt><pt><x>323</x><y>63</y><time>25-01-21 21:10:56:284</time></pt><pt><x>320</x><y>61</y><time>25-01-21 21:10:56:559</time></pt><pt><x>318</x><y>60</y><time>25-01-21 21:10:56:732</time></pt><pt><x>316</x><y>59</y><time>25-01-21 21:10:56:936</time></pt><pt><x>312</x><y>58</y><time>25-01-21 21:10:57:188</time></pt><pt><x>307</x><y>58</y><time>25-01-21 21:10:57:385</time></pt><pt><x>301</x><y>60</y><time>25-01-21 21:10:57:573</time></pt><pt><x>296</x><y>65</y><time>25-01-21 21:10:57:841</time></pt><pt><x>295</x><y>72</y><time>25-01-21 21:10:58:076</time></pt><pt><x>296</x><y>76</y><time>25-01-21 21:10:58:264</time></pt><pt><x>297</x><y>80</y><time>25-01-21 21:10:58:447</time></pt><pt><x>298</x><y>83</y><time>25-01-21 21:10:58:618</time></pt><pt><x>299</x><y>85</y><time>25-01-21 21:10:58:783</time></pt><pt><x>301</x><y>91</y><time>25-01-21 21:10:59:310</time></pt><pt><x>302</x><y>93</y><time>25-01-21 21:10:59:506</time></pt><pt><x>300</x><y>95</y><time>25-01-21 21:10:59:718</time></pt><pt><x>296</x><y>97</y><time>25-01-21 21:10:59:924</time></pt><pt><x>290</x><y>98</y><time>25-01-21 21:11:00:128</time></pt><pt><x>285</x><y>99</y><time>25-01-21 21:11:00:349</time></pt><pt><x>278</x><y>111</y><time>25-01-21 21:11:00:812</time></pt><pt><x>275</x><y>129</y><time>25-01-21 21:11:01:558</time></pt><pt><x>274</x><y>148</y><time>25-01-21 21:11:04:845</time></pt><pt><x>274</x><y>152</y><time>25-01-21 21:11:05:040</time></pt><pt><x>275</x><y>156</y><time>25-01-21 21:11:05:191</time></pt><pt><x>277</x><y>164</y><time>25-01-21 21:11:05:489</time></pt><pt><x>278</x><y>168</y><time>25-01-21 21:11:05:623</time></pt><pt><x>279</x><y>172</y><time>25-01-21 21:11:05:780</time></pt><pt><x>280</x><y>176</y><time>25-01-21 21:11:05:936</time></pt><pt><x>281</x><y>178</y><time>25-01-21 21:11:06:298</time></pt><pt><x>283</x><y>180</y><time>25-01-21 21:11:06:441</time></pt><pt><x>283</x><y>182</y><time>25-01-21 21:11:06:598</time></pt><pt><x>283</x><y>186</y><time>25-01-21 21:11:06:754</time></pt><pt><x>284</x><y>189</y><time>25-01-21 21:11:06:912</time></pt><pt><x>284</x><y>191</y><time>25-01-21 21:11:07:054</time></pt><pt><x>285</x><y>193</y><time>25-01-21 21:11:07:210</time></pt><pt><x>285</x><y>202</y><time>25-01-21 21:11:08:642</time></pt><pt><x>285</x><y>206</y><time>25-01-21 21:11:09:002</time></pt><pt><x>286</x><y>210</y><time>25-01-21 21:11:09:209</time></pt><pt><x>287</x><y>213</y><time>25-01-21 21:11:09:381</time></pt><pt><x>287</x><y>216</y><time>25-01-21 21:11:09:657</time></pt><pt><x>287</x><y>219</y><time>25-01-21 21:11:09:836</time></pt><pt><x>287</x><y>235</y><time>25-01-21 21:11:11:009</time></pt><pt><x>286</x><y>240</y><time>25-01-21 21:11:11:204</time></pt><pt><x>286</x><y>245</y><time>25-01-21 21:11:11:362</time></pt><pt><x>286</x><y>252</y><time>25-01-21 21:11:11:669</time></pt><pt><x>288</x><y>269</y><time>25-01-21 21:11:14:986</time></pt><pt><x>288</x><y>272</y><time>25-01-21 21:11:15:252</time></pt><pt><x>289</x><y>275</y><time>25-01-21 21:11:15:386</time></pt><pt><x>289</x><y>276</y><time>25-01-21 21:11:15:513</time></pt><pt><x>290</x><y>278</y><time>25-01-21 21:11:15:666</time></pt><pt><x>290</x><y>280</y><time>25-01-21 21:11:15:811</time></pt><pt><x>288</x><y>288</y><time>25-01-21 21:11:17:234</time></pt><pt><x>287</x><y>290</y><time>25-01-21 21:11:17:430</time></pt><pt><x>286</x><y>292</y><time>25-01-21 21:11:17:572</time></pt><pt><x>286</x><y>294</y><time>25-01-21 21:11:17:720</time></pt><pt><x>287</x><y>296</y><time>25-01-21 21:11:17:895</time></pt><pt><x>290</x><y>297</y><time>25-01-21 21:11:18:090</time></pt><pt><x>296</x><y>297</y><time>25-01-21 21:11:18:295</time></pt><pt><x>302</x><y>297</y><time>25-01-21 21:11:18:742</time></pt><pt><x>302</x><y>294</y><time>25-01-21 21:11:18:924</time></pt><pt><x>302</x><y>289</y><time>25-01-21 21:11:19:104</time></pt><pt><x>301</x><y>282</y><time>25-01-21 21:11:19:404</time></pt><pt><x>301</x><y>278</y><time>25-01-21 21:11:19:618</time></pt><pt><x>301</x><y>276</y><time>25-01-21 21:11:19:718</time></pt><pt><x>303</x><y>270</y><time>25-01-21 21:11:20:071</time></pt><pt><x>304</x><y>264</y><time>25-01-21 21:11:20:416</time></pt><pt><x>305</x><y>251</y><time>25-01-21 21:11:21:519</time></pt><pt><x>307</x><y>233</y><time>25-01-21 21:11:21:998</time></pt><pt><x>308</x><y>213</y><time>25-01-21 21:11:23:029</time></pt><pt><x>308</x><y>209</y><time>25-01-21 21:11:23:256</time></pt><pt><x>308</x><y>208</y><time>25-01-21 21:11:23:586</time></pt><pt><x>311</x><y>211</y><time>25-01-21 21:11:23:832</time></pt><pt><x>312</x><y>215</y><time>25-01-21 21:11:24:003</time></pt><pt><x>313</x><y>220</y><time>25-01-21 21:11:24:293</time></pt><pt><x>314</x><y>226</y><time>25-01-21 21:11:24:490</time></pt><pt><x>313</x><y>230</y><time>25-01-21 21:11:24:694</time></pt><pt><x>311</x><y>239</y><time>25-01-21 21:11:26:055</time></pt><pt><x>310</x><y>244</y><time>25-01-21 21:11:26:250</time></pt><pt><x>310</x><y>253</y><time>25-01-21 21:11:26:454</time></pt><pt><x>310</x><y>261</y><time>25-01-21 21:11:26:770</time></pt><pt><x>309</x><y>267</y><time>25-01-21 21:11:26:967</time></pt><pt><x>309</x><y>271</y><time>25-01-21 21:11:27:147</time></pt><pt><x>308</x><y>273</y><time>25-01-21 21:11:27:320</time></pt><pt><x>307</x><y>276</y><time>25-01-21 21:11:27:493</time></pt><pt><x>306</x><y>278</y><time>25-01-21 21:11:27:651</time></pt><pt><x>305</x><y>282</y><time>25-01-21 21:11:28:978</time></pt><pt><x>305</x><y>284</y><time>25-01-21 21:11:29:129</time></pt><pt><x>306</x><y>286</y><time>25-01-21 21:11:29:295</time></pt><pt><x>309</x><y>286</y><time>25-01-21 21:11:29:474</time></pt><pt><x>313</x><y>286</y><time>25-01-21 21:11:29:646</time></pt><pt><x>317</x><y>286</y><time>25-01-21 21:11:29:812</time></pt><pt><x>319</x><y>288</y><time>25-01-21 21:11:29:984</time></pt><pt><x>322</x><y>289</y><time>25-01-21 21:11:30:158</time></pt><pt><x>327</x><y>290</y><time>25-01-21 21:11:30:418</time></pt><pt><x>335</x><y>289</y><time>25-01-21 21:11:33:074</time></pt><pt><x>337</x><y>287</y><time>25-01-21 21:11:33:350</time></pt><pt><x>338</x><y>286</y><time>25-01-21 21:11:33:570</time></pt><pt><x>338</x><y>285</y><time>25-01-21 21:11:33:727</time></pt><pt><x>336</x><y>283</y><time>25-01-21 21:11:33:901</time></pt><pt><x>331</x><y>282</y><time>25-01-21 21:11:34:113</time></pt><pt><x>328</x><y>281</y><time>25-01-21 21:11:34:332</time></pt><pt><x>327</x><y>279</y><time>25-01-21 21:11:34:552</time></pt><pt><x>323</x><y>277</y><time>25-01-21 21:11:35:184</time></pt><pt><x>322</x><y>275</y><time>25-01-21 21:11:35:348</time></pt><pt><x>321</x><y>271</y><time>25-01-21 21:11:35:512</time></pt><pt><x>322</x><y>265</y><time>25-01-21 21:11:35:716</time></pt><pt><x>323</x><y>258</y><time>25-01-21 21:11:36:032</time></pt><pt><x>328</x><y>237</y><time>25-01-21 21:11:37:132</time></pt><pt><x>329</x><y>234</y><time>25-01-21 21:11:37:282</time></pt><pt><x>331</x><y>231</y><time>25-01-21 21:11:37:446</time></pt><pt><x>332</x><y>227</y><time>25-01-21 21:11:37:628</time></pt><pt><x>332</x><y>223</y><time>25-01-21 21:11:37:792</time></pt><pt><x>332</x><y>218</y><time>25-01-21 21:11:38:014</time></pt><pt><x>331</x><y>211</y><time>25-01-21 21:11:38:444</time></pt><pt><x>333</x><y>199</y><time>25-01-21 21:11:40:528</time></pt><pt><x>333</x><y>198</y><time>25-01-21 21:11:40:702</time></pt><pt><x>333</x><y>197</y><time>25-01-21 21:11:40:890</time></pt><pt><x>336</x><y>197</y><time>25-01-21 21:11:41:165</time></pt><pt><x>339</x><y>196</y><time>25-01-21 21:11:41:401</time></pt><pt><x>340</x><y>193</y><time>25-01-21 21:11:41:557</time></pt><pt><x>340</x><y>190</y><time>25-01-21 21:11:41:717</time></pt><pt><x>340</x><y>186</y><time>25-01-21 21:11:41:911</time></pt><pt><x>339</x><y>183</y><time>25-01-21 21:11:42:109</time></pt><pt><x>339</x><y>180</y><time>25-01-21 21:11:42:274</time></pt><pt><x>340</x><y>173</y><time>25-01-21 21:11:42:644</time></pt><pt><x>340</x><y>166</y><time>25-01-21 21:11:43:255</time></pt><pt><x>338</x><y>145</y><time>25-01-21 21:11:44:883</time></pt><pt><x>338</x><y>132</y><time>25-01-21 21:11:45:733</time></pt><pt><x>335</x><y>125</y><time>25-01-21 21:11:46:048</time></pt><pt><x>335</x><y>122</y><time>25-01-21 21:11:46:213</time></pt><pt><x>335</x><y>118</y><time>25-01-21 21:11:46:388</time></pt><pt><x>335</x><y>115</y><time>25-01-21 21:11:46:536</time></pt><pt><x>335</x><y>110</y><time>25-01-21 21:11:46:717</time></pt><pt><x>334</x><y>107</y><time>25-01-21 21:11:46:873</time></pt><pt><x>331</x><y>103</y><time>25-01-21 21:11:47:078</time></pt><pt><x>324</x><y>99</y><time>25-01-21 21:11:47:346</time></pt><pt><x>321</x><y>97</y><time>25-01-21 21:11:47:550</time></pt><pt><x>319</x><y>96</y><time>25-01-21 21:11:47:753</time></pt><pt><x>319</x><y>95</y><time>25-01-21 21:11:47:952</time></pt><pt><x>320</x><y>92</y><time>25-01-21 21:11:48:141</time></pt><pt><x>322</x><y>91</y><time>25-01-21 21:11:48:352</time></pt><pt><x>323</x><y>87</y><time>25-01-21 21:11:50:143</time></pt><pt><x>325</x><y>83</y><time>25-01-21 21:11:50:436</time></pt><pt><x>326</x><y>81</y><time>25-01-21 21:11:50:599</time></pt><pt><x>326</x><y>79</y><time>25-01-21 21:11:50:749</time></pt><pt><x>326</x><y>77</y><time>25-01-21 21:11:50:930</time></pt><pt><x>326</x><y>74</y><time>25-01-21 21:11:51:136</time></pt><pt><x>326</x><y>71</y><time>25-01-21 21:11:51:291</time></pt><pt><x>326</x><y>69</y><time>25-01-21 21:11:51:481</time></pt><closed_date>25-01-21 21:11:51:893</closed_date></polygon></object><object><name>person</name><deleted>0</deleted><verified>0</verified><occluded>no</occluded><attributes></attributes><parts><hasparts></hasparts><ispartof></ispartof></parts><date>25-01-21 21:13:22:095</date><id>1</id><polygon><username>7hao</username><pt><x>482</x><y>44</y><time>25-01-21 21:12:00:599</time></pt><pt><x>482</x><y>42</y><time>25-01-21 21:12:00:832</time></pt><pt><x>483</x><y>39</y><time>25-01-21 21:12:01:052</time></pt><pt><x>486</x><y>34</y><time>25-01-21 21:12:01:931</time></pt><pt><x>488</x><y>32</y><time>25-01-21 21:12:02:208</time></pt><pt><x>488</x><y>28</y><time>25-01-21 21:12:02:404</time></pt><pt><x>488</x><y>23</y><time>25-01-21 21:12:02:657</time></pt><pt><x>486</x><y>19</y><time>25-01-21 21:12:02:932</time></pt><pt><x>483</x><y>14</y><time>25-01-21 21:12:03:222</time></pt><pt><x>478</x><y>11</y><time>25-01-21 21:12:03:508</time></pt><pt><x>473</x><y>9</y><time>25-01-21 21:12:03:788</time></pt><pt><x>465</x><y>9</y><time>25-01-21 21:12:03:984</time></pt><pt><x>451</x><y>16</y><time>25-01-21 21:12:04:489</time></pt><pt><x>449</x><y>21</y><time>25-01-21 21:12:05:188</time></pt><pt><x>448</x><y>25</y><time>25-01-21 21:12:07:633</time></pt><pt><x>448</x><y>26</y><time>25-01-21 21:12:07:797</time></pt><pt><x>449</x><y>27</y><time>25-01-21 21:12:07:940</time></pt><pt><x>450</x><y>30</y><time>25-01-21 21:12:08:090</time></pt><pt><x>450</x><y>31</y><time>25-01-21 21:12:08:200</time></pt><pt><x>450</x><y>34</y><time>25-01-21 21:12:08:364</time></pt><pt><x>448</x><y>36</y><time>25-01-21 21:12:08:608</time></pt><pt><x>447</x><y>37</y><time>25-01-21 21:12:08:766</time></pt><pt><x>447</x><y>39</y><time>25-01-21 21:12:08:916</time></pt><pt><x>449</x><y>43</y><time>25-01-21 21:12:09:198</time></pt><pt><x>450</x><y>49</y><time>25-01-21 21:12:09:492</time></pt><pt><x>451</x><y>51</y><time>25-01-21 21:12:09:653</time></pt><pt><x>454</x><y>53</y><time>25-01-21 21:12:09:834</time></pt><pt><x>458</x><y>53</y><time>25-01-21 21:12:10:008</time></pt><pt><x>461</x><y>55</y><time>25-01-21 21:12:10:206</time></pt><pt><x>462</x><y>56</y><time>25-01-21 21:12:10:433</time></pt><pt><x>462</x><y>57</y><time>25-01-21 21:12:10:620</time></pt><pt><x>460</x><y>58</y><time>25-01-21 21:12:10:786</time></pt><pt><x>457</x><y>59</y><time>25-01-21 21:12:10:952</time></pt><pt><x>455</x><y>61</y><time>25-01-21 21:12:11:217</time></pt><pt><x>455</x><y>63</y><time>25-01-21 21:12:11:368</time></pt><pt><x>454</x><y>66</y><time>25-01-21 21:12:11:534</time></pt><pt><x>455</x><y>68</y><time>25-01-21 21:12:11:689</time></pt><pt><x>455</x><y>69</y><time>25-01-21 21:12:11:824</time></pt><pt><x>454</x><y>70</y><time>25-01-21 21:12:11:958</time></pt><pt><x>451</x><y>73</y><time>25-01-21 21:12:12:232</time></pt><pt><x>450</x><y>75</y><time>25-01-21 21:12:12:406</time></pt><pt><x>448</x><y>80</y><time>25-01-21 21:12:12:712</time></pt><pt><x>447</x><y>83</y><time>25-01-21 21:12:12:925</time></pt><pt><x>447</x><y>86</y><time>25-01-21 21:12:13:168</time></pt><pt><x>444</x><y>106</y><time>25-01-21 21:12:18:579</time></pt><pt><x>443</x><y>111</y><time>25-01-21 21:12:18:862</time></pt><pt><x>442</x><y>115</y><time>25-01-21 21:12:19:026</time></pt><pt><x>442</x><y>119</y><time>25-01-21 21:12:19:168</time></pt><pt><x>442</x><y>122</y><time>25-01-21 21:12:19:323</time></pt><pt><x>441</x><y>126</y><time>25-01-21 21:12:19:482</time></pt><pt><x>439</x><y>131</y><time>25-01-21 21:12:19:695</time></pt><pt><x>438</x><y>133</y><time>25-01-21 21:12:19:868</time></pt><pt><x>438</x><y>140</y><time>25-01-21 21:12:20:102</time></pt><pt><x>438</x><y>144</y><time>25-01-21 21:12:20:326</time></pt><pt><x>434</x><y>150</y><time>25-01-21 21:12:20:684</time></pt><pt><x>433</x><y>153</y><time>25-01-21 21:12:20:968</time></pt><pt><x>435</x><y>156</y><time>25-01-21 21:12:21:148</time></pt><pt><x>436</x><y>159</y><time>25-01-21 21:12:21:338</time></pt><pt><x>436</x><y>162</y><time>25-01-21 21:12:21:604</time></pt><pt><x>435</x><y>165</y><time>25-01-21 21:12:21:809</time></pt><pt><x>435</x><y>167</y><time>25-01-21 21:12:22:153</time></pt><pt><x>433</x><y>177</y><time>25-01-21 21:12:23:529</time></pt><pt><x>434</x><y>183</y><time>25-01-21 21:12:23:758</time></pt><pt><x>439</x><y>195</y><time>25-01-21 21:12:24:670</time></pt><pt><x>440</x><y>199</y><time>25-01-21 21:12:24:868</time></pt><pt><x>443</x><y>207</y><time>25-01-21 21:12:25:326</time></pt><pt><x>445</x><y>210</y><time>25-01-21 21:12:26:684</time></pt><pt><x>446</x><y>211</y><time>25-01-21 21:12:26:864</time></pt><pt><x>448</x><y>219</y><time>25-01-21 21:12:27:031</time></pt><pt><x>450</x><y>226</y><time>25-01-21 21:12:27:368</time></pt><pt><x>453</x><y>234</y><time>25-01-21 21:12:29:159</time></pt><pt><x>454</x><y>239</y><time>25-01-21 21:12:29:404</time></pt><pt><x>454</x><y>244</y><time>25-01-21 21:12:29:552</time></pt><pt><x>454</x><y>250</y><time>25-01-21 21:12:29:828</time></pt><pt><x>454</x><y>253</y><time>25-01-21 21:12:30:031</time></pt><pt><x>455</x><y>259</y><time>25-01-21 21:12:30:215</time></pt><pt><x>456</x><y>264</y><time>25-01-21 21:12:30:394</time></pt><pt><x>457</x><y>272</y><time>25-01-21 21:12:31:810</time></pt><pt><x>458</x><y>278</y><time>25-01-21 21:12:32:154</time></pt><pt><x>459</x><y>280</y><time>25-01-21 21:12:32:336</time></pt><pt><x>458</x><y>283</y><time>25-01-21 21:12:32:509</time></pt><pt><x>456</x><y>285</y><time>25-01-21 21:12:32:674</time></pt><pt><x>454</x><y>287</y><time>25-01-21 21:12:32:956</time></pt><pt><x>452</x><y>288</y><time>25-01-21 21:12:33:099</time></pt><pt><x>450</x><y>289</y><time>25-01-21 21:12:33:265</time></pt><pt><x>448</x><y>291</y><time>25-01-21 21:12:33:420</time></pt><pt><x>448</x><y>292</y><time>25-01-21 21:12:33:578</time></pt><pt><x>446</x><y>294</y><time>25-01-21 21:12:34:859</time></pt><pt><x>442</x><y>296</y><time>25-01-21 21:12:35:024</time></pt><pt><x>438</x><y>297</y><time>25-01-21 21:12:35:214</time></pt><pt><x>435</x><y>298</y><time>25-01-21 21:12:35:386</time></pt><pt><x>432</x><y>298</y><time>25-01-21 21:12:35:574</time></pt><pt><x>431</x><y>300</y><time>25-01-21 21:12:35:740</time></pt><pt><x>432</x><y>303</y><time>25-01-21 21:12:35:912</time></pt><pt><x>435</x><y>304</y><time>25-01-21 21:12:36:070</time></pt><pt><x>439</x><y>305</y><time>25-01-21 21:12:36:234</time></pt><pt><x>448</x><y>305</y><time>25-01-21 21:12:36:454</time></pt><pt><x>460</x><y>304</y><time>25-01-21 21:12:36:698</time></pt><pt><x>472</x><y>305</y><time>25-01-21 21:12:37:148</time></pt><pt><x>477</x><y>305</y><time>25-01-21 21:12:37:375</time></pt><pt><x>480</x><y>305</y><time>25-01-21 21:12:37:555</time></pt><pt><x>480</x><y>303</y><time>25-01-21 21:12:37:743</time></pt><pt><x>480</x><y>298</y><time>25-01-21 21:12:37:926</time></pt><pt><x>479</x><y>295</y><time>25-01-21 21:12:38:100</time></pt><pt><x>477</x><y>290</y><time>25-01-21 21:12:38:310</time></pt><pt><x>475</x><y>284</y><time>25-01-21 21:12:38:664</time></pt><pt><x>473</x><y>275</y><time>25-01-21 21:12:38:953</time></pt><pt><x>472</x><y>269</y><time>25-01-21 21:12:39:417</time></pt><pt><x>475</x><y>250</y><time>25-01-21 21:12:40:724</time></pt><pt><x>475</x><y>245</y><time>25-01-21 21:12:41:022</time></pt><pt><x>474</x><y>242</y><time>25-01-21 21:12:41:172</time></pt><pt><x>474</x><y>239</y><time>25-01-21 21:12:41:392</time></pt><pt><x>475</x><y>238</y><time>25-01-21 21:12:41:571</time></pt><pt><x>476</x><y>238</y><time>25-01-21 21:12:41:792</time></pt><pt><x>478</x><y>239</y><time>25-01-21 21:12:41:950</time></pt><pt><x>482</x><y>242</y><time>25-01-21 21:12:42:178</time></pt><pt><x>488</x><y>247</y><time>25-01-21 21:12:42:548</time></pt><pt><x>495</x><y>252</y><time>25-01-21 21:12:45:316</time></pt><pt><x>502</x><y>254</y><time>25-01-21 21:12:45:527</time></pt><pt><x>503</x><y>255</y><time>25-01-21 21:12:45:684</time></pt><pt><x>506</x><y>259</y><time>25-01-21 21:12:45:884</time></pt><pt><x>508</x><y>264</y><time>25-01-21 21:12:46:070</time></pt><pt><x>509</x><y>266</y><time>25-01-21 21:12:46:243</time></pt><pt><x>509</x><y>269</y><time>25-01-21 21:12:46:417</time></pt><pt><x>509</x><y>272</y><time>25-01-21 21:12:46:572</time></pt><pt><x>509</x><y>282</y><time>25-01-21 21:12:47:728</time></pt><pt><x>509</x><y>286</y><time>25-01-21 21:12:47:878</time></pt><pt><x>509</x><y>290</y><time>25-01-21 21:12:48:044</time></pt><pt><x>507</x><y>293</y><time>25-01-21 21:12:48:216</time></pt><pt><x>506</x><y>297</y><time>25-01-21 21:12:48:398</time></pt><pt><x>506</x><y>300</y><time>25-01-21 21:12:48:601</time></pt><pt><x>507</x><y>303</y><time>25-01-21 21:12:48:774</time></pt><pt><x>510</x><y>306</y><time>25-01-21 21:12:49:836</time></pt><pt><x>515</x><y>304</y><time>25-01-21 21:12:50:024</time></pt><pt><x>520</x><y>301</y><time>25-01-21 21:12:50:236</time></pt><pt><x>530</x><y>293</y><time>25-01-21 21:12:50:875</time></pt><pt><x>534</x><y>286</y><time>25-01-21 21:12:54:647</time></pt><pt><x>537</x><y>278</y><time>25-01-21 21:12:54:993</time></pt><pt><x>539</x><y>273</y><time>25-01-21 21:12:55:213</time></pt><pt><x>540</x><y>268</y><time>25-01-21 21:12:55:434</time></pt><pt><x>538</x><y>264</y><time>25-01-21 21:12:55:630</time></pt><pt><x>536</x><y>262</y><time>25-01-21 21:12:55:906</time></pt><pt><x>531</x><y>261</y><time>25-01-21 21:12:56:109</time></pt><pt><x>528</x><y>261</y><time>25-01-21 21:12:56:299</time></pt><pt><x>524</x><y>261</y><time>25-01-21 21:12:56:488</time></pt><pt><x>520</x><y>258</y><time>25-01-21 21:12:56:684</time></pt><pt><x>514</x><y>252</y><time>25-01-21 21:12:57:062</time></pt><pt><x>510</x><y>247</y><time>25-01-21 21:12:57:424</time></pt><pt><x>509</x><y>245</y><time>25-01-21 21:12:58:239</time></pt><pt><x>503</x><y>237</y><time>25-01-21 21:13:01:276</time></pt><pt><x>494</x><y>227</y><time>25-01-21 21:13:01:627</time></pt><pt><x>488</x><y>223</y><time>25-01-21 21:13:01:993</time></pt><pt><x>482</x><y>220</y><time>25-01-21 21:13:02:289</time></pt><pt><x>478</x><y>217</y><time>25-01-21 21:13:02:555</time></pt><pt><x>477</x><y>213</y><time>25-01-21 21:13:03:192</time></pt><pt><x>478</x><y>207</y><time>25-01-21 21:13:03:459</time></pt><pt><x>479</x><y>205</y><time>25-01-21 21:13:03:735</time></pt><pt><x>481</x><y>205</y><time>25-01-21 21:13:03:964</time></pt><pt><x>483</x><y>204</y><time>25-01-21 21:13:04:184</time></pt><pt><x>484</x><y>200</y><time>25-01-21 21:13:04:398</time></pt><pt><x>484</x><y>195</y><time>25-01-21 21:13:04:640</time></pt><pt><x>487</x><y>180</y><time>25-01-21 21:13:06:383</time></pt><pt><x>493</x><y>166</y><time>25-01-21 21:13:06:864</time></pt><pt><x>494</x><y>156</y><time>25-01-21 21:13:07:311</time></pt><pt><x>495</x><y>150</y><time>25-01-21 21:13:07:617</time></pt><pt><x>498</x><y>133</y><time>25-01-21 21:13:09:066</time></pt><pt><x>500</x><y>122</y><time>25-01-21 21:13:09:678</time></pt><pt><x>503</x><y>104</y><time>25-01-21 21:13:13:399</time></pt><pt><x>506</x><y>91</y><time>25-01-21 21:13:13:854</time></pt><pt><x>508</x><y>75</y><time>25-01-21 21:13:14:694</time></pt><pt><x>506</x><y>63</y><time>25-01-21 21:13:15:260</time></pt><pt><x>504</x><y>57</y><time>25-01-21 21:13:15:589</time></pt><pt><x>499</x><y>52</y><time>25-01-21 21:13:15:920</time></pt><pt><x>497</x><y>48</y><time>25-01-21 21:13:16:219</time></pt><pt><x>494</x><y>46</y><time>25-01-21 21:13:16:480</time></pt><pt><x>489</x><y>44</y><time>25-01-21 21:13:16:738</time></pt><pt><x>485</x><y>43</y><time>25-01-21 21:13:17:006</time></pt><closed_date>25-01-21 21:13:17:438</closed_date></polygon></object></annotation>