<annotation><filename>frame0077.jpg</filename><folder>users/lab605//7hao/human_20210119_4</folder><source><submittedBy>lab605</submittedBy></source><imagesize><nrows>480</nrows><ncols>640</ncols></imagesize><object><name>person</name><deleted>0</deleted><verified>0</verified><occluded>no</occluded><attributes></attributes><parts><hasparts></hasparts><ispartof></ispartof></parts><date>26-01-21 14:47:28:500</date><id>0</id><polygon><username>7hao</username><pt><x>142</x><y>0</y><time>26-01-21 14:45:53:699</time></pt><pt><x>142</x><y>1</y><time>26-01-21 14:45:54:055</time></pt><pt><x>143</x><y>3</y><time>26-01-21 14:45:54:244</time></pt><pt><x>143</x><y>4</y><time>26-01-21 14:45:54:455</time></pt><pt><x>142</x><y>5</y><time>26-01-21 14:45:54:789</time></pt><pt><x>133</x><y>11</y><time>26-01-21 14:45:55:437</time></pt><pt><x>124</x><y>16</y><time>26-01-21 14:45:56:113</time></pt><pt><x>120</x><y>23</y><time>26-01-21 14:45:56:538</time></pt><pt><x>117</x><y>31</y><time>26-01-21 14:45:56:963</time></pt><pt><x>115</x><y>40</y><time>26-01-21 14:45:57:530</time></pt><pt><x>113</x><y>64</y><time>26-01-21 14:45:58:990</time></pt><pt><x>113</x><y>79</y><time>26-01-21 14:45:59:752</time></pt><pt><x>113</x><y>89</y><time>26-01-21 14:46:00:184</time></pt><pt><x>114</x><y>97</y><time>26-01-21 14:46:00:638</time></pt><pt><x>116</x><y>102</y><time>26-01-21 14:46:00:994</time></pt><pt><x>121</x><y>116</y><time>26-01-21 14:46:02:177</time></pt><pt><x>124</x><y>127</y><time>26-01-21 14:46:02:997</time></pt><pt><x>126</x><y>132</y><time>26-01-21 14:46:03:388</time></pt><pt><x>128</x><y>135</y><time>26-01-21 14:46:03:548</time></pt><pt><x>131</x><y>138</y><time>26-01-21 14:46:04:637</time></pt><pt><x>132</x><y>140</y><time>26-01-21 14:46:04:866</time></pt><pt><x>133</x><y>142</y><time>26-01-21 14:46:05:034</time></pt><pt><x>133</x><y>147</y><time>26-01-21 14:46:05:376</time></pt><pt><x>133</x><y>157</y><time>26-01-21 14:46:06:493</time></pt><pt><x>134</x><y>165</y><time>26-01-21 14:46:06:729</time></pt><pt><x>136</x><y>172</y><time>26-01-21 14:46:06:940</time></pt><pt><x>137</x><y>178</y><time>26-01-21 14:46:07:310</time></pt><pt><x>136</x><y>194</y><time>26-01-21 14:46:10:161</time></pt><pt><x>136</x><y>197</y><time>26-01-21 14:46:10:429</time></pt><pt><x>137</x><y>198</y><time>26-01-21 14:46:10:602</time></pt><pt><x>139</x><y>200</y><time>26-01-21 14:46:10:798</time></pt><pt><x>141</x><y>203</y><time>26-01-21 14:46:11:143</time></pt><pt><x>142</x><y>208</y><time>26-01-21 14:46:11:444</time></pt><pt><x>141</x><y>216</y><time>26-01-21 14:46:11:922</time></pt><pt><x>138</x><y>230</y><time>26-01-21 14:46:13:180</time></pt><pt><x>135</x><y>243</y><time>26-01-21 14:46:13:518</time></pt><pt><x>135</x><y>254</y><time>26-01-21 14:46:13:869</time></pt><pt><x>134</x><y>264</y><time>26-01-21 14:46:14:194</time></pt><pt><x>135</x><y>272</y><time>26-01-21 14:46:14:595</time></pt><pt><x>136</x><y>278</y><time>26-01-21 14:46:14:995</time></pt><pt><x>138</x><y>291</y><time>26-01-21 14:46:16:070</time></pt><pt><x>139</x><y>298</y><time>26-01-21 14:46:16:456</time></pt><pt><x>139</x><y>304</y><time>26-01-21 14:46:16:793</time></pt><pt><x>137</x><y>310</y><time>26-01-21 14:46:17:438</time></pt><pt><x>136</x><y>311</y><time>26-01-21 14:46:17:666</time></pt><pt><x>134</x><y>315</y><time>26-01-21 14:46:17:918</time></pt><pt><x>132</x><y>318</y><time>26-01-21 14:46:18:278</time></pt><pt><x>130</x><y>320</y><time>26-01-21 14:46:18:696</time></pt><pt><x>129</x><y>324</y><time>26-01-21 14:46:20:103</time></pt><pt><x>129</x><y>328</y><time>26-01-21 14:46:20:354</time></pt><pt><x>131</x><y>330</y><time>26-01-21 14:46:20:525</time></pt><pt><x>133</x><y>331</y><time>26-01-21 14:46:20:816</time></pt><pt><x>136</x><y>334</y><time>26-01-21 14:46:21:095</time></pt><pt><x>143</x><y>335</y><time>26-01-21 14:46:21:462</time></pt><pt><x>152</x><y>335</y><time>26-01-21 14:46:21:768</time></pt><pt><x>153</x><y>331</y><time>26-01-21 14:46:22:129</time></pt><pt><x>153</x><y>324</y><time>26-01-21 14:46:22:372</time></pt><pt><x>154</x><y>317</y><time>26-01-21 14:46:22:693</time></pt><pt><x>156</x><y>310</y><time>26-01-21 14:46:23:495</time></pt><pt><x>154</x><y>305</y><time>26-01-21 14:46:23:818</time></pt><pt><x>152</x><y>298</y><time>26-01-21 14:46:24:179</time></pt><pt><x>154</x><y>278</y><time>26-01-21 14:46:25:177</time></pt><pt><x>158</x><y>268</y><time>26-01-21 14:46:25:571</time></pt><pt><x>161</x><y>259</y><time>26-01-21 14:46:25:932</time></pt><pt><x>162</x><y>250</y><time>26-01-21 14:46:26:325</time></pt><pt><x>161</x><y>239</y><time>26-01-21 14:46:27:394</time></pt><pt><x>162</x><y>232</y><time>26-01-21 14:46:27:646</time></pt><pt><x>166</x><y>225</y><time>26-01-21 14:46:27:928</time></pt><pt><x>168</x><y>215</y><time>26-01-21 14:46:28:573</time></pt><pt><x>170</x><y>199</y><time>26-01-21 14:46:29:531</time></pt><pt><x>170</x><y>197</y><time>26-01-21 14:46:29:752</time></pt><pt><x>171</x><y>194</y><time>26-01-21 14:46:30:160</time></pt><pt><x>172</x><y>188</y><time>26-01-21 14:46:30:523</time></pt><pt><x>172</x><y>185</y><time>26-01-21 14:46:30:882</time></pt><pt><x>174</x><y>190</y><time>26-01-21 14:46:31:293</time></pt><pt><x>173</x><y>195</y><time>26-01-21 14:46:31:740</time></pt><pt><x>174</x><y>198</y><time>26-01-21 14:46:31:999</time></pt><pt><x>174</x><y>204</y><time>26-01-21 14:46:32:376</time></pt><pt><x>173</x><y>215</y><time>26-01-21 14:46:32:910</time></pt><pt><x>173</x><y>225</y><time>26-01-21 14:46:33:224</time></pt><pt><x>174</x><y>228</y><time>26-01-21 14:46:33:487</time></pt><pt><x>175</x><y>232</y><time>26-01-21 14:46:33:868</time></pt><pt><x>171</x><y>253</y><time>26-01-21 14:46:35:235</time></pt><pt><x>170</x><y>263</y><time>26-01-21 14:46:35:558</time></pt><pt><x>172</x><y>271</y><time>26-01-21 14:46:35:981</time></pt><pt><x>173</x><y>285</y><time>26-01-21 14:46:37:296</time></pt><pt><x>173</x><y>298</y><time>26-01-21 14:46:37:688</time></pt><pt><x>171</x><y>308</y><time>26-01-21 14:46:41:100</time></pt><pt><x>168</x><y>312</y><time>26-01-21 14:46:41:396</time></pt><pt><x>167</x><y>315</y><time>26-01-21 14:46:51:612</time></pt><pt><x>166</x><y>318</y><time>26-01-21 14:46:51:898</time></pt><pt><x>166</x><y>321</y><time>26-01-21 14:46:52:110</time></pt><pt><x>166</x><y>333</y><time>26-01-21 14:46:53:115</time></pt><pt><x>171</x><y>335</y><time>26-01-21 14:46:53:828</time></pt><pt><x>181</x><y>334</y><time>26-01-21 14:46:54:190</time></pt><pt><x>196</x><y>331</y><time>26-01-21 14:46:54:632</time></pt><pt><x>210</x><y>329</y><time>26-01-21 14:46:55:265</time></pt><pt><x>208</x><y>323</y><time>26-01-21 14:46:55:698</time></pt><pt><x>207</x><y>319</y><time>26-01-21 14:46:56:043</time></pt><pt><x>203</x><y>317</y><time>26-01-21 14:46:56:280</time></pt><pt><x>197</x><y>315</y><time>26-01-21 14:46:56:664</time></pt><pt><x>193</x><y>312</y><time>26-01-21 14:46:56:971</time></pt><pt><x>189</x><y>309</y><time>26-01-21 14:46:57:466</time></pt><pt><x>187</x><y>306</y><time>26-01-21 14:46:57:837</time></pt><pt><x>187</x><y>301</y><time>26-01-21 14:46:58:180</time></pt><pt><x>189</x><y>292</y><time>26-01-21 14:46:58:628</time></pt><pt><x>191</x><y>288</y><time>26-01-21 14:46:59:118</time></pt><pt><x>197</x><y>265</y><time>26-01-21 14:47:00:350</time></pt><pt><x>199</x><y>255</y><time>26-01-21 14:47:00:837</time></pt><pt><x>199</x><y>241</y><time>26-01-21 14:47:01:417</time></pt><pt><x>198</x><y>226</y><time>26-01-21 14:47:02:489</time></pt><pt><x>199</x><y>220</y><time>26-01-21 14:47:02:834</time></pt><pt><x>201</x><y>213</y><time>26-01-21 14:47:03:266</time></pt><pt><x>203</x><y>207</y><time>26-01-21 14:47:03:626</time></pt><pt><x>205</x><y>205</y><time>26-01-21 14:47:03:928</time></pt><pt><x>208</x><y>205</y><time>26-01-21 14:47:04:225</time></pt><pt><x>212</x><y>205</y><time>26-01-21 14:47:04:546</time></pt><pt><x>213</x><y>203</y><time>26-01-21 14:47:04:852</time></pt><pt><x>213</x><y>198</y><time>26-01-21 14:47:05:206</time></pt><pt><x>217</x><y>181</y><time>26-01-21 14:47:06:432</time></pt><pt><x>221</x><y>165</y><time>26-01-21 14:47:06:998</time></pt><pt><x>224</x><y>158</y><time>26-01-21 14:47:07:563</time></pt><pt><x>225</x><y>146</y><time>26-01-21 14:47:08:725</time></pt><pt><x>226</x><y>142</y><time>26-01-21 14:47:09:056</time></pt><pt><x>227</x><y>139</y><time>26-01-21 14:47:09:256</time></pt><pt><x>227</x><y>137</y><time>26-01-21 14:47:09:394</time></pt><pt><x>230</x><y>136</y><time>26-01-21 14:47:09:645</time></pt><pt><x>230</x><y>134</y><time>26-01-21 14:47:09:803</time></pt><pt><x>230</x><y>131</y><time>26-01-21 14:47:09:960</time></pt><pt><x>229</x><y>129</y><time>26-01-21 14:47:10:132</time></pt><pt><x>229</x><y>126</y><time>26-01-21 14:47:10:337</time></pt><pt><x>230</x><y>125</y><time>26-01-21 14:47:10:502</time></pt><pt><x>232</x><y>122</y><time>26-01-21 14:47:10:749</time></pt><pt><x>232</x><y>119</y><time>26-01-21 14:47:10:982</time></pt><pt><x>231</x><y>94</y><time>26-01-21 14:47:12:113</time></pt><pt><x>228</x><y>75</y><time>26-01-21 14:47:12:686</time></pt><pt><x>224</x><y>38</y><time>26-01-21 14:47:13:614</time></pt><pt><x>218</x><y>22</y><time>26-01-21 14:47:14:509</time></pt><pt><x>212</x><y>13</y><time>26-01-21 14:47:15:203</time></pt><pt><x>204</x><y>10</y><time>26-01-21 14:47:15:728</time></pt><pt><x>202</x><y>7</y><time>26-01-21 14:47:16:120</time></pt><pt><x>200</x><y>5</y><time>26-01-21 14:47:16:404</time></pt><pt><x>197</x><y>3</y><time>26-01-21 14:47:16:852</time></pt><pt><x>196</x><y>1</y><time>26-01-21 14:47:18:831</time></pt><pt><x>196</x><y>0</y><time>26-01-21 14:47:24:915</time></pt><closed_date>26-01-21 14:47:26:231</closed_date></polygon></object><object><name>person</name><deleted>0</deleted><verified>0</verified><occluded>no</occluded><attributes></attributes><parts><hasparts></hasparts><ispartof></ispartof></parts><date>26-01-21 14:48:53:929</date><id>1</id><polygon><username>7hao</username><pt><x>395</x><y>58</y><time>26-01-21 14:47:33:667</time></pt><pt><x>391</x><y>53</y><time>26-01-21 14:47:34:105</time></pt><pt><x>380</x><y>53</y><time>26-01-21 14:47:34:557</time></pt><pt><x>373</x><y>55</y><time>26-01-21 14:47:34:962</time></pt><pt><x>368</x><y>59</y><time>26-01-21 14:47:35:345</time></pt><pt><x>365</x><y>64</y><time>26-01-21 14:47:35:665</time></pt><pt><x>365</x><y>69</y><time>26-01-21 14:47:35:982</time></pt><pt><x>366</x><y>74</y><time>26-01-21 14:47:36:374</time></pt><pt><x>367</x><y>78</y><time>26-01-21 14:47:36:712</time></pt><pt><x>370</x><y>81</y><time>26-01-21 14:47:37:002</time></pt><pt><x>374</x><y>83</y><time>26-01-21 14:47:37:301</time></pt><pt><x>376</x><y>86</y><time>26-01-21 14:47:37:693</time></pt><pt><x>376</x><y>91</y><time>26-01-21 14:47:38:057</time></pt><pt><x>375</x><y>93</y><time>26-01-21 14:47:38:282</time></pt><pt><x>371</x><y>94</y><time>26-01-21 14:47:38:576</time></pt><pt><x>364</x><y>96</y><time>26-01-21 14:47:38:857</time></pt><pt><x>355</x><y>98</y><time>26-01-21 14:47:39:126</time></pt><pt><x>353</x><y>98</y><time>26-01-21 14:47:39:422</time></pt><pt><x>352</x><y>95</y><time>26-01-21 14:47:39:626</time></pt><pt><x>354</x><y>90</y><time>26-01-21 14:47:39:918</time></pt><pt><x>355</x><y>84</y><time>26-01-21 14:47:40:420</time></pt><pt><x>357</x><y>81</y><time>26-01-21 14:47:40:709</time></pt><pt><x>359</x><y>79</y><time>26-01-21 14:47:40:970</time></pt><pt><x>362</x><y>76</y><time>26-01-21 14:47:41:221</time></pt><pt><x>362</x><y>72</y><time>26-01-21 14:47:41:436</time></pt><pt><x>362</x><y>69</y><time>26-01-21 14:47:41:663</time></pt><pt><x>359</x><y>66</y><time>26-01-21 14:47:41:952</time></pt><pt><x>355</x><y>66</y><time>26-01-21 14:47:42:221</time></pt><pt><x>352</x><y>69</y><time>26-01-21 14:47:42:408</time></pt><pt><x>350</x><y>75</y><time>26-01-21 14:47:42:690</time></pt><pt><x>349</x><y>80</y><time>26-01-21 14:47:42:911</time></pt><pt><x>348</x><y>84</y><time>26-01-21 14:47:43:162</time></pt><pt><x>346</x><y>88</y><time>26-01-21 14:47:43:437</time></pt><pt><x>344</x><y>91</y><time>26-01-21 14:47:43:680</time></pt><pt><x>339</x><y>102</y><time>26-01-21 14:47:44:878</time></pt><pt><x>336</x><y>110</y><time>26-01-21 14:47:45:142</time></pt><pt><x>335</x><y>114</y><time>26-01-21 14:47:45:331</time></pt><pt><x>335</x><y>120</y><time>26-01-21 14:47:45:591</time></pt><pt><x>337</x><y>124</y><time>26-01-21 14:47:45:818</time></pt><pt><x>342</x><y>126</y><time>26-01-21 14:47:46:183</time></pt><pt><x>353</x><y>124</y><time>26-01-21 14:47:46:456</time></pt><pt><x>357</x><y>121</y><time>26-01-21 14:47:46:690</time></pt><pt><x>359</x><y>124</y><time>26-01-21 14:47:46:958</time></pt><pt><x>360</x><y>135</y><time>26-01-21 14:47:47:673</time></pt><pt><x>359</x><y>155</y><time>26-01-21 14:47:48:717</time></pt><pt><x>357</x><y>161</y><time>26-01-21 14:47:48:890</time></pt><pt><x>358</x><y>168</y><time>26-01-21 14:47:49:064</time></pt><pt><x>358</x><y>172</y><time>26-01-21 14:47:49:291</time></pt><pt><x>357</x><y>179</y><time>26-01-21 14:47:49:581</time></pt><pt><x>356</x><y>188</y><time>26-01-21 14:47:50:037</time></pt><pt><x>357</x><y>208</y><time>26-01-21 14:47:51:452</time></pt><pt><x>357</x><y>220</y><time>26-01-21 14:47:51:742</time></pt><pt><x>359</x><y>228</y><time>26-01-21 14:47:52:010</time></pt><pt><x>360</x><y>233</y><time>26-01-21 14:47:52:205</time></pt><pt><x>359</x><y>236</y><time>26-01-21 14:47:52:356</time></pt><pt><x>356</x><y>243</y><time>26-01-21 14:47:53:621</time></pt><pt><x>355</x><y>252</y><time>26-01-21 14:47:53:847</time></pt><pt><x>356</x><y>262</y><time>26-01-21 14:47:54:030</time></pt><pt><x>356</x><y>271</y><time>26-01-21 14:47:54:399</time></pt><pt><x>355</x><y>276</y><time>26-01-21 14:47:54:752</time></pt><pt><x>355</x><y>280</y><time>26-01-21 14:47:54:926</time></pt><pt><x>355</x><y>282</y><time>26-01-21 14:47:55:068</time></pt><pt><x>356</x><y>285</y><time>26-01-21 14:47:55:295</time></pt><pt><x>354</x><y>294</y><time>26-01-21 14:47:56:614</time></pt><pt><x>351</x><y>296</y><time>26-01-21 14:47:56:818</time></pt><pt><x>348</x><y>299</y><time>26-01-21 14:47:56:992</time></pt><pt><x>348</x><y>303</y><time>26-01-21 14:47:57:188</time></pt><pt><x>350</x><y>306</y><time>26-01-21 14:47:57:456</time></pt><pt><x>355</x><y>306</y><time>26-01-21 14:47:57:730</time></pt><pt><x>360</x><y>306</y><time>26-01-21 14:47:57:935</time></pt><pt><x>364</x><y>306</y><time>26-01-21 14:47:58:265</time></pt><pt><x>365</x><y>304</y><time>26-01-21 14:47:58:464</time></pt><pt><x>366</x><y>304</y><time>26-01-21 14:47:58:634</time></pt><pt><x>367</x><y>303</y><time>26-01-21 14:47:58:799</time></pt><pt><x>367</x><y>301</y><time>26-01-21 14:47:58:958</time></pt><pt><x>366</x><y>298</y><time>26-01-21 14:47:59:114</time></pt><pt><x>367</x><y>290</y><time>26-01-21 14:47:59:570</time></pt><pt><x>370</x><y>279</y><time>26-01-21 14:48:00:003</time></pt><pt><x>371</x><y>272</y><time>26-01-21 14:48:00:309</time></pt><pt><x>373</x><y>267</y><time>26-01-21 14:48:00:497</time></pt><pt><x>374</x><y>250</y><time>26-01-21 14:48:01:691</time></pt><pt><x>376</x><y>243</y><time>26-01-21 14:48:02:068</time></pt><pt><x>377</x><y>239</y><time>26-01-21 14:48:02:234</time></pt><pt><x>378</x><y>234</y><time>26-01-21 14:48:02:593</time></pt><pt><x>380</x><y>225</y><time>26-01-21 14:48:03:538</time></pt><pt><x>382</x><y>220</y><time>26-01-21 14:48:03:906</time></pt><pt><x>381</x><y>234</y><time>26-01-21 14:48:04:545</time></pt><pt><x>382</x><y>249</y><time>26-01-21 14:48:05:133</time></pt><pt><x>382</x><y>278</y><time>26-01-21 14:48:06:351</time></pt><pt><x>383</x><y>282</y><time>26-01-21 14:48:06:557</time></pt><pt><x>384</x><y>285</y><time>26-01-21 14:48:06:744</time></pt><pt><x>384</x><y>288</y><time>26-01-21 14:48:06:896</time></pt><pt><x>385</x><y>290</y><time>26-01-21 14:48:07:168</time></pt><pt><x>385</x><y>293</y><time>26-01-21 14:48:07:335</time></pt><pt><x>384</x><y>296</y><time>26-01-21 14:48:07:508</time></pt><pt><x>383</x><y>300</y><time>26-01-21 14:48:08:024</time></pt><pt><x>383</x><y>303</y><time>26-01-21 14:48:08:206</time></pt><pt><x>386</x><y>303</y><time>26-01-21 14:48:08:378</time></pt><pt><x>387</x><y>303</y><time>26-01-21 14:48:08:567</time></pt><pt><x>390</x><y>304</y><time>26-01-21 14:48:08:732</time></pt><pt><x>392</x><y>305</y><time>26-01-21 14:48:08:954</time></pt><pt><x>400</x><y>306</y><time>26-01-21 14:48:09:290</time></pt><pt><x>406</x><y>306</y><time>26-01-21 14:48:09:682</time></pt><pt><x>407</x><y>303</y><time>26-01-21 14:48:09:926</time></pt><pt><x>406</x><y>301</y><time>26-01-21 14:48:10:077</time></pt><pt><x>402</x><y>297</y><time>26-01-21 14:48:10:430</time></pt><pt><x>397</x><y>289</y><time>26-01-21 14:48:10:806</time></pt><pt><x>397</x><y>287</y><time>26-01-21 14:48:10:956</time></pt><pt><x>398</x><y>283</y><time>26-01-21 14:48:11:152</time></pt><pt><x>398</x><y>277</y><time>26-01-21 14:48:11:326</time></pt><pt><x>399</x><y>262</y><time>26-01-21 14:48:11:914</time></pt><pt><x>402</x><y>242</y><time>26-01-21 14:48:12:787</time></pt><pt><x>401</x><y>238</y><time>26-01-21 14:48:12:994</time></pt><pt><x>401</x><y>233</y><time>26-01-21 14:48:13:142</time></pt><pt><x>404</x><y>223</y><time>26-01-21 14:48:13:564</time></pt><pt><x>408</x><y>198</y><time>26-01-21 14:48:14:814</time></pt><pt><x>410</x><y>201</y><time>26-01-21 14:48:15:994</time></pt><pt><x>414</x><y>202</y><time>26-01-21 14:48:16:199</time></pt><pt><x>418</x><y>199</y><time>26-01-21 14:48:16:396</time></pt><pt><x>420</x><y>195</y><time>26-01-21 14:48:16:645</time></pt><pt><x>420</x><y>190</y><time>26-01-21 14:48:16:809</time></pt><pt><x>421</x><y>184</y><time>26-01-21 14:48:17:055</time></pt><pt><x>422</x><y>179</y><time>26-01-21 14:48:17:250</time></pt><pt><x>424</x><y>175</y><time>26-01-21 14:48:17:456</time></pt><pt><x>424</x><y>169</y><time>26-01-21 14:48:17:690</time></pt><pt><x>423</x><y>149</y><time>26-01-21 14:48:18:767</time></pt><pt><x>421</x><y>128</y><time>26-01-21 14:48:19:460</time></pt><pt><x>417</x><y>107</y><time>26-01-21 14:48:20:597</time></pt><pt><x>415</x><y>100</y><time>26-01-21 14:48:20:983</time></pt><pt><x>406</x><y>95</y><time>26-01-21 14:48:21:400</time></pt><pt><x>398</x><y>93</y><time>26-01-21 14:48:21:786</time></pt><pt><x>395</x><y>93</y><time>26-01-21 14:48:22:043</time></pt><pt><x>395</x><y>88</y><time>26-01-21 14:48:22:383</time></pt><pt><x>395</x><y>86</y><time>26-01-21 14:48:48:306</time></pt><pt><x>396</x><y>82</y><time>26-01-21 14:48:48:685</time></pt><pt><x>398</x><y>75</y><time>26-01-21 14:48:49:319</time></pt><pt><x>397</x><y>72</y><time>26-01-21 14:48:49:668</time></pt><pt><x>397</x><y>67</y><time>26-01-21 14:48:50:042</time></pt><pt><x>398</x><y>64</y><time>26-01-21 14:48:50:333</time></pt><pt><x>397</x><y>61</y><time>26-01-21 14:48:50:658</time></pt><pt><x>396</x><y>59</y><time>26-01-21 14:48:51:065</time></pt><closed_date>26-01-21 14:48:51:489</closed_date></polygon></object><object><name>person</name><deleted>0</deleted><verified>0</verified><occluded>no</occluded><attributes></attributes><parts><hasparts></hasparts><ispartof></ispartof></parts><date>26-01-21 14:49:36:171</date><id>2</id><polygon><username>7hao</username><pt><x>640</x><y>43</y><time>26-01-21 14:48:58:050</time></pt><pt><x>636</x><y>43</y><time>26-01-21 14:48:58:553</time></pt><pt><x>629</x><y>48</y><time>26-01-21 14:48:58:988</time></pt><pt><x>624</x><y>55</y><time>26-01-21 14:48:59:475</time></pt><pt><x>621</x><y>61</y><time>26-01-21 14:48:59:795</time></pt><pt><x>618</x><y>67</y><time>26-01-21 14:49:00:103</time></pt><pt><x>617</x><y>71</y><time>26-01-21 14:49:00:402</time></pt><pt><x>610</x><y>90</y><time>26-01-21 14:49:01:550</time></pt><pt><x>606</x><y>98</y><time>26-01-21 14:49:01:824</time></pt><pt><x>605</x><y>103</y><time>26-01-21 14:49:02:004</time></pt><pt><x>604</x><y>109</y><time>26-01-21 14:49:02:225</time></pt><pt><x>603</x><y>114</y><time>26-01-21 14:49:02:398</time></pt><pt><x>602</x><y>133</y><time>26-01-21 14:49:03:379</time></pt><pt><x>602</x><y>138</y><time>26-01-21 14:49:03:561</time></pt><pt><x>602</x><y>140</y><time>26-01-21 14:49:03:717</time></pt><pt><x>603</x><y>142</y><time>26-01-21 14:49:03:875</time></pt><pt><x>603</x><y>145</y><time>26-01-21 14:49:04:032</time></pt><pt><x>603</x><y>148</y><time>26-01-21 14:49:04:173</time></pt><pt><x>603</x><y>151</y><time>26-01-21 14:49:04:426</time></pt><pt><x>602</x><y>153</y><time>26-01-21 14:49:04:557</time></pt><pt><x>602</x><y>156</y><time>26-01-21 14:49:04:708</time></pt><pt><x>604</x><y>160</y><time>26-01-21 14:49:04:959</time></pt><pt><x>606</x><y>164</y><time>26-01-21 14:49:05:423</time></pt><pt><x>609</x><y>164</y><time>26-01-21 14:49:05:628</time></pt><pt><x>611</x><y>166</y><time>26-01-21 14:49:05:799</time></pt><pt><x>611</x><y>168</y><time>26-01-21 14:49:06:011</time></pt><pt><x>613</x><y>172</y><time>26-01-21 14:49:06:580</time></pt><pt><x>613</x><y>174</y><time>26-01-21 14:49:06:869</time></pt><pt><x>613</x><y>176</y><time>26-01-21 14:49:07:049</time></pt><pt><x>611</x><y>184</y><time>26-01-21 14:49:08:409</time></pt><pt><x>610</x><y>190</y><time>26-01-21 14:49:08:653</time></pt><pt><x>610</x><y>192</y><time>26-01-21 14:49:08:785</time></pt><pt><x>608</x><y>195</y><time>26-01-21 14:49:08:951</time></pt><pt><x>607</x><y>198</y><time>26-01-21 14:49:09:180</time></pt><pt><x>607</x><y>201</y><time>26-01-21 14:49:09:369</time></pt><pt><x>608</x><y>208</y><time>26-01-21 14:49:10:459</time></pt><pt><x>607</x><y>212</y><time>26-01-21 14:49:10:696</time></pt><pt><x>606</x><y>215</y><time>26-01-21 14:49:10:841</time></pt><pt><x>605</x><y>218</y><time>26-01-21 14:49:10:972</time></pt><pt><x>604</x><y>221</y><time>26-01-21 14:49:11:113</time></pt><pt><x>604</x><y>225</y><time>26-01-21 14:49:11:278</time></pt><pt><x>604</x><y>229</y><time>26-01-21 14:49:11:505</time></pt><pt><x>603</x><y>232</y><time>26-01-21 14:49:11:741</time></pt><pt><x>601</x><y>237</y><time>26-01-21 14:49:11:922</time></pt><pt><x>596</x><y>249</y><time>26-01-21 14:49:12:935</time></pt><pt><x>592</x><y>260</y><time>26-01-21 14:49:13:319</time></pt><pt><x>591</x><y>264</y><time>26-01-21 14:49:13:501</time></pt><pt><x>591</x><y>269</y><time>26-01-21 14:49:13:729</time></pt><pt><x>591</x><y>296</y><time>26-01-21 14:49:15:347</time></pt><pt><x>591</x><y>299</y><time>26-01-21 14:49:15:625</time></pt><pt><x>592</x><y>302</y><time>26-01-21 14:49:15:782</time></pt><pt><x>592</x><y>304</y><time>26-01-21 14:49:15:962</time></pt><pt><x>591</x><y>305</y><time>26-01-21 14:49:16:118</time></pt><pt><x>588</x><y>307</y><time>26-01-21 14:49:16:269</time></pt><pt><x>585</x><y>309</y><time>26-01-21 14:49:16:416</time></pt><pt><x>584</x><y>310</y><time>26-01-21 14:49:16:558</time></pt><pt><x>580</x><y>313</y><time>26-01-21 14:49:16:927</time></pt><pt><x>575</x><y>313</y><time>26-01-21 14:49:17:219</time></pt><pt><x>573</x><y>313</y><time>26-01-21 14:49:17:322</time></pt><pt><x>570</x><y>314</y><time>26-01-21 14:49:17:587</time></pt><pt><x>568</x><y>315</y><time>26-01-21 14:49:17:743</time></pt><pt><x>567</x><y>318</y><time>26-01-21 14:49:17:980</time></pt><pt><x>567</x><y>320</y><time>26-01-21 14:49:18:138</time></pt><pt><x>571</x><y>323</y><time>26-01-21 14:49:18:373</time></pt><pt><x>587</x><y>325</y><time>26-01-21 14:49:18:843</time></pt><pt><x>598</x><y>327</y><time>26-01-21 14:49:19:198</time></pt><pt><x>604</x><y>327</y><time>26-01-21 14:49:19:402</time></pt><pt><x>610</x><y>328</y><time>26-01-21 14:49:19:638</time></pt><pt><x>620</x><y>329</y><time>26-01-21 14:49:19:913</time></pt><pt><x>624</x><y>329</y><time>26-01-21 14:49:20:158</time></pt><pt><x>626</x><y>326</y><time>26-01-21 14:49:20:517</time></pt><pt><x>626</x><y>324</y><time>26-01-21 14:49:20:667</time></pt><pt><x>624</x><y>321</y><time>26-01-21 14:49:20:855</time></pt><pt><x>624</x><y>318</y><time>26-01-21 14:49:21:029</time></pt><pt><x>625</x><y>315</y><time>26-01-21 14:49:21:226</time></pt><pt><x>628</x><y>309</y><time>26-01-21 14:49:21:634</time></pt><pt><x>627</x><y>300</y><time>26-01-21 14:49:25:180</time></pt><pt><x>629</x><y>292</y><time>26-01-21 14:49:25:509</time></pt><pt><x>630</x><y>288</y><time>26-01-21 14:49:25:722</time></pt><pt><x>633</x><y>281</y><time>26-01-21 14:49:26:129</time></pt><pt><x>638</x><y>252</y><time>26-01-21 14:49:27:670</time></pt><pt><x>639</x><y>240</y><time>26-01-21 14:49:28:487</time></pt><pt><x>639</x><y>233</y><time>26-01-21 14:49:29:172</time></pt><pt><x>639</x><y>230</y><time>26-01-21 14:49:29:429</time></pt><pt><x>639</x><y>227</y><time>26-01-21 14:49:29:831</time></pt><pt><x>640</x><y>226</y><time>26-01-21 14:49:30:231</time></pt><closed_date>26-01-21 14:49:33:071</closed_date></polygon></object></annotation>