<annotation><filename>frame0050.jpg</filename><folder>users/lab605//7hao/human_20210119_4</folder><source><submittedBy>lab605</submittedBy></source><imagesize><nrows>480</nrows><ncols>640</ncols></imagesize><object><name>person</name><deleted>0</deleted><verified>0</verified><occluded>no</occluded><attributes></attributes><parts><hasparts></hasparts><ispartof></ispartof></parts><date>25-01-21 21:08:55:728</date><id>0</id><polygon><username>7hao</username><pt><x>315</x><y>58</y><time>25-01-21 21:07:51:455</time></pt><pt><x>310</x><y>56</y><time>25-01-21 21:07:51:877</time></pt><pt><x>304</x><y>56</y><time>25-01-21 21:07:52:230</time></pt><pt><x>298</x><y>58</y><time>25-01-21 21:07:52:790</time></pt><pt><x>295</x><y>61</y><time>25-01-21 21:07:53:309</time></pt><pt><x>292</x><y>65</y><time>25-01-21 21:07:53:700</time></pt><pt><x>291</x><y>68</y><time>25-01-21 21:07:53:968</time></pt><pt><x>291</x><y>71</y><time>25-01-21 21:07:54:243</time></pt><pt><x>292</x><y>78</y><time>25-01-21 21:07:54:589</time></pt><pt><x>293</x><y>82</y><time>25-01-21 21:07:54:919</time></pt><pt><x>296</x><y>85</y><time>25-01-21 21:07:55:272</time></pt><pt><x>298</x><y>87</y><time>25-01-21 21:07:55:737</time></pt><pt><x>298</x><y>90</y><time>25-01-21 21:07:55:942</time></pt><pt><x>298</x><y>92</y><time>25-01-21 21:07:56:122</time></pt><pt><x>295</x><y>94</y><time>25-01-21 21:07:56:431</time></pt><pt><x>287</x><y>97</y><time>25-01-21 21:07:56:962</time></pt><pt><x>281</x><y>100</y><time>25-01-21 21:07:57:404</time></pt><pt><x>278</x><y>102</y><time>25-01-21 21:08:00:038</time></pt><pt><x>276</x><y>106</y><time>25-01-21 21:08:00:337</time></pt><pt><x>274</x><y>113</y><time>25-01-21 21:08:00:643</time></pt><pt><x>271</x><y>124</y><time>25-01-21 21:08:01:225</time></pt><pt><x>269</x><y>143</y><time>25-01-21 21:08:02:507</time></pt><pt><x>269</x><y>151</y><time>25-01-21 21:08:02:813</time></pt><pt><x>270</x><y>156</y><time>25-01-21 21:08:03:002</time></pt><pt><x>271</x><y>166</y><time>25-01-21 21:08:03:427</time></pt><pt><x>273</x><y>174</y><time>25-01-21 21:08:03:780</time></pt><pt><x>274</x><y>177</y><time>25-01-21 21:08:04:040</time></pt><pt><x>275</x><y>180</y><time>25-01-21 21:08:04:348</time></pt><pt><x>276</x><y>182</y><time>25-01-21 21:08:04:583</time></pt><pt><x>277</x><y>192</y><time>25-01-21 21:08:06:053</time></pt><pt><x>278</x><y>194</y><time>25-01-21 21:08:06:297</time></pt><pt><x>280</x><y>197</y><time>25-01-21 21:08:06:494</time></pt><pt><x>282</x><y>197</y><time>25-01-21 21:08:06:680</time></pt><pt><x>283</x><y>199</y><time>25-01-21 21:08:07:018</time></pt><pt><x>284</x><y>202</y><time>25-01-21 21:08:07:210</time></pt><pt><x>284</x><y>206</y><time>25-01-21 21:08:07:633</time></pt><pt><x>284</x><y>226</y><time>25-01-21 21:08:09:110</time></pt><pt><x>285</x><y>232</y><time>25-01-21 21:08:09:395</time></pt><pt><x>285</x><y>235</y><time>25-01-21 21:08:09:558</time></pt><pt><x>284</x><y>240</y><time>25-01-21 21:08:09:889</time></pt><pt><x>283</x><y>244</y><time>25-01-21 21:08:10:124</time></pt><pt><x>284</x><y>249</y><time>25-01-21 21:08:10:298</time></pt><pt><x>285</x><y>255</y><time>25-01-21 21:08:10:573</time></pt><pt><x>286</x><y>260</y><time>25-01-21 21:08:10:878</time></pt><pt><x>285</x><y>268</y><time>25-01-21 21:08:12:584</time></pt><pt><x>285</x><y>270</y><time>25-01-21 21:08:12:774</time></pt><pt><x>285</x><y>272</y><time>25-01-21 21:08:12:963</time></pt><pt><x>286</x><y>273</y><time>25-01-21 21:08:13:088</time></pt><pt><x>287</x><y>277</y><time>25-01-21 21:08:13:225</time></pt><pt><x>286</x><y>280</y><time>25-01-21 21:08:13:489</time></pt><pt><x>285</x><y>284</y><time>25-01-21 21:08:13:708</time></pt><pt><x>283</x><y>289</y><time>25-01-21 21:08:15:022</time></pt><pt><x>284</x><y>294</y><time>25-01-21 21:08:15:346</time></pt><pt><x>284</x><y>295</y><time>25-01-21 21:08:15:540</time></pt><pt><x>287</x><y>296</y><time>25-01-21 21:08:15:784</time></pt><pt><x>293</x><y>296</y><time>25-01-21 21:08:15:972</time></pt><pt><x>299</x><y>296</y><time>25-01-21 21:08:16:256</time></pt><pt><x>300</x><y>294</y><time>25-01-21 21:08:16:517</time></pt><pt><x>300</x><y>291</y><time>25-01-21 21:08:16:728</time></pt><pt><x>299</x><y>286</y><time>25-01-21 21:08:16:908</time></pt><pt><x>299</x><y>282</y><time>25-01-21 21:08:17:098</time></pt><pt><x>298</x><y>277</y><time>25-01-21 21:08:17:325</time></pt><pt><x>301</x><y>269</y><time>25-01-21 21:08:17:735</time></pt><pt><x>302</x><y>250</y><time>25-01-21 21:08:20:572</time></pt><pt><x>303</x><y>237</y><time>25-01-21 21:08:21:257</time></pt><pt><x>304</x><y>233</y><time>25-01-21 21:08:21:484</time></pt><pt><x>305</x><y>228</y><time>25-01-21 21:08:21:697</time></pt><pt><x>305</x><y>224</y><time>25-01-21 21:08:21:932</time></pt><pt><x>305</x><y>214</y><time>25-01-21 21:08:22:161</time></pt><pt><x>306</x><y>205</y><time>25-01-21 21:08:22:562</time></pt><pt><x>307</x><y>203</y><time>25-01-21 21:08:22:852</time></pt><pt><x>308</x><y>204</y><time>25-01-21 21:08:23:072</time></pt><pt><x>309</x><y>207</y><time>25-01-21 21:08:23:239</time></pt><pt><x>311</x><y>211</y><time>25-01-21 21:08:23:521</time></pt><pt><x>313</x><y>217</y><time>25-01-21 21:08:23:772</time></pt><pt><x>314</x><y>221</y><time>25-01-21 21:08:23:955</time></pt><pt><x>313</x><y>225</y><time>25-01-21 21:08:24:126</time></pt><pt><x>313</x><y>231</y><time>25-01-21 21:08:24:355</time></pt><pt><x>312</x><y>241</y><time>25-01-21 21:08:24:709</time></pt><pt><x>312</x><y>249</y><time>25-01-21 21:08:24:968</time></pt><pt><x>312</x><y>256</y><time>25-01-21 21:08:25:234</time></pt><pt><x>312</x><y>262</y><time>25-01-21 21:08:25:433</time></pt><pt><x>312</x><y>266</y><time>25-01-21 21:08:25:613</time></pt><pt><x>313</x><y>270</y><time>25-01-21 21:08:25:864</time></pt><pt><x>312</x><y>275</y><time>25-01-21 21:08:26:103</time></pt><pt><x>312</x><y>277</y><time>25-01-21 21:08:26:256</time></pt><pt><x>311</x><y>279</y><time>25-01-21 21:08:27:421</time></pt><pt><x>309</x><y>284</y><time>25-01-21 21:08:27:697</time></pt><pt><x>314</x><y>287</y><time>25-01-21 21:08:32:232</time></pt><pt><x>318</x><y>288</y><time>25-01-21 21:08:32:507</time></pt><pt><x>321</x><y>289</y><time>25-01-21 21:08:32:675</time></pt><pt><x>324</x><y>290</y><time>25-01-21 21:08:32:829</time></pt><pt><x>326</x><y>290</y><time>25-01-21 21:08:32:994</time></pt><pt><x>331</x><y>291</y><time>25-01-21 21:08:33:191</time></pt><pt><x>335</x><y>290</y><time>25-01-21 21:08:33:420</time></pt><pt><x>338</x><y>289</y><time>25-01-21 21:08:33:614</time></pt><pt><x>338</x><y>285</y><time>25-01-21 21:08:33:970</time></pt><pt><x>333</x><y>282</y><time>25-01-21 21:08:34:338</time></pt><pt><x>330</x><y>280</y><time>25-01-21 21:08:34:558</time></pt><pt><x>326</x><y>274</y><time>25-01-21 21:08:34:904</time></pt><pt><x>324</x><y>269</y><time>25-01-21 21:08:35:140</time></pt><pt><x>325</x><y>261</y><time>25-01-21 21:08:35:840</time></pt><pt><x>327</x><y>252</y><time>25-01-21 21:08:36:312</time></pt><pt><x>328</x><y>248</y><time>25-01-21 21:08:36:838</time></pt><pt><x>329</x><y>237</y><time>25-01-21 21:08:38:357</time></pt><pt><x>329</x><y>235</y><time>25-01-21 21:08:38:614</time></pt><pt><x>330</x><y>233</y><time>25-01-21 21:08:38:788</time></pt><pt><x>331</x><y>230</y><time>25-01-21 21:08:38:951</time></pt><pt><x>331</x><y>225</y><time>25-01-21 21:08:39:181</time></pt><pt><x>332</x><y>217</y><time>25-01-21 21:08:39:802</time></pt><pt><x>331</x><y>199</y><time>25-01-21 21:08:41:248</time></pt><pt><x>331</x><y>195</y><time>25-01-21 21:08:41:548</time></pt><pt><x>333</x><y>194</y><time>25-01-21 21:08:41:846</time></pt><pt><x>334</x><y>195</y><time>25-01-21 21:08:42:074</time></pt><pt><x>336</x><y>195</y><time>25-01-21 21:08:42:328</time></pt><pt><x>339</x><y>190</y><time>25-01-21 21:08:42:656</time></pt><pt><x>340</x><y>187</y><time>25-01-21 21:08:43:388</time></pt><pt><x>339</x><y>184</y><time>25-01-21 21:08:43:568</time></pt><pt><x>339</x><y>182</y><time>25-01-21 21:08:43:734</time></pt><pt><x>339</x><y>180</y><time>25-01-21 21:08:43:915</time></pt><pt><x>339</x><y>178</y><time>25-01-21 21:08:44:102</time></pt><pt><x>340</x><y>176</y><time>25-01-21 21:08:44:292</time></pt><pt><x>341</x><y>174</y><time>25-01-21 21:08:44:482</time></pt><pt><x>342</x><y>170</y><time>25-01-21 21:08:44:700</time></pt><pt><x>341</x><y>166</y><time>25-01-21 21:08:44:998</time></pt><pt><x>339</x><y>139</y><time>25-01-21 21:08:46:391</time></pt><pt><x>337</x><y>126</y><time>25-01-21 21:08:46:784</time></pt><pt><x>335</x><y>119</y><time>25-01-21 21:08:47:357</time></pt><pt><x>334</x><y>114</y><time>25-01-21 21:08:47:587</time></pt><pt><x>333</x><y>109</y><time>25-01-21 21:08:47:758</time></pt><pt><x>331</x><y>105</y><time>25-01-21 21:08:47:970</time></pt><pt><x>330</x><y>101</y><time>25-01-21 21:08:48:214</time></pt><pt><x>325</x><y>98</y><time>25-01-21 21:08:48:552</time></pt><pt><x>320</x><y>97</y><time>25-01-21 21:08:48:806</time></pt><pt><x>317</x><y>95</y><time>25-01-21 21:08:49:024</time></pt><pt><x>316</x><y>94</y><time>25-01-21 21:08:49:251</time></pt><pt><x>316</x><y>92</y><time>25-01-21 21:08:49:432</time></pt><pt><x>319</x><y>86</y><time>25-01-21 21:08:50:800</time></pt><pt><x>321</x><y>81</y><time>25-01-21 21:08:51:012</time></pt><pt><x>321</x><y>77</y><time>25-01-21 21:08:51:179</time></pt><pt><x>321</x><y>74</y><time>25-01-21 21:08:51:328</time></pt><pt><x>321</x><y>72</y><time>25-01-21 21:08:51:508</time></pt><pt><x>321</x><y>69</y><time>25-01-21 21:08:51:682</time></pt><pt><x>321</x><y>67</y><time>25-01-21 21:08:51:862</time></pt><pt><x>320</x><y>63</y><time>25-01-21 21:08:52:066</time></pt><pt><x>318</x><y>61</y><time>25-01-21 21:08:52:270</time></pt><pt><x>317</x><y>59</y><time>25-01-21 21:08:52:529</time></pt><closed_date>25-01-21 21:08:52:895</closed_date></polygon></object><object><name>person</name><deleted>0</deleted><verified>0</verified><occluded>no</occluded><attributes></attributes><parts><hasparts></hasparts><ispartof></ispartof></parts><date>25-01-21 21:10:19:884</date><id>1</id><polygon><username>7hao</username><pt><x>489</x><y>45</y><time>25-01-21 21:09:01:327</time></pt><pt><x>492</x><y>38</y><time>25-01-21 21:09:01:693</time></pt><pt><x>497</x><y>33</y><time>25-01-21 21:09:02:030</time></pt><pt><x>496</x><y>22</y><time>25-01-21 21:09:03:272</time></pt><pt><x>492</x><y>17</y><time>25-01-21 21:09:04:302</time></pt><pt><x>486</x><y>12</y><time>25-01-21 21:09:04:767</time></pt><pt><x>480</x><y>10</y><time>25-01-21 21:09:05:120</time></pt><pt><x>473</x><y>10</y><time>25-01-21 21:09:05:410</time></pt><pt><x>465</x><y>13</y><time>25-01-21 21:09:05:733</time></pt><pt><x>459</x><y>17</y><time>25-01-21 21:09:06:017</time></pt><pt><x>456</x><y>23</y><time>25-01-21 21:09:06:379</time></pt><pt><x>457</x><y>25</y><time>25-01-21 21:09:06:668</time></pt><pt><x>459</x><y>26</y><time>25-01-21 21:09:06:864</time></pt><pt><x>460</x><y>28</y><time>25-01-21 21:09:07:055</time></pt><pt><x>460</x><y>30</y><time>25-01-21 21:09:07:218</time></pt><pt><x>458</x><y>33</y><time>25-01-21 21:09:07:438</time></pt><pt><x>456</x><y>37</y><time>25-01-21 21:09:07:793</time></pt><pt><x>456</x><y>38</y><time>25-01-21 21:09:07:980</time></pt><pt><x>457</x><y>40</y><time>25-01-21 21:09:08:154</time></pt><pt><x>458</x><y>41</y><time>25-01-21 21:09:08:310</time></pt><pt><x>459</x><y>44</y><time>25-01-21 21:09:08:462</time></pt><pt><x>460</x><y>46</y><time>25-01-21 21:09:08:618</time></pt><pt><x>460</x><y>47</y><time>25-01-21 21:09:08:766</time></pt><pt><x>460</x><y>50</y><time>25-01-21 21:09:08:916</time></pt><pt><x>460</x><y>53</y><time>25-01-21 21:09:09:091</time></pt><pt><x>463</x><y>54</y><time>25-01-21 21:09:09:303</time></pt><pt><x>468</x><y>54</y><time>25-01-21 21:09:09:523</time></pt><pt><x>469</x><y>58</y><time>25-01-21 21:09:10:190</time></pt><pt><x>466</x><y>59</y><time>25-01-21 21:09:10:512</time></pt><pt><x>464</x><y>61</y><time>25-01-21 21:09:10:725</time></pt><pt><x>462</x><y>65</y><time>25-01-21 21:09:10:932</time></pt><pt><x>462</x><y>68</y><time>25-01-21 21:09:11:110</time></pt><pt><x>462</x><y>72</y><time>25-01-21 21:09:11:306</time></pt><pt><x>460</x><y>74</y><time>25-01-21 21:09:11:582</time></pt><pt><x>457</x><y>79</y><time>25-01-21 21:09:11:907</time></pt><pt><x>454</x><y>85</y><time>25-01-21 21:09:12:738</time></pt><pt><x>453</x><y>96</y><time>25-01-21 21:09:16:622</time></pt><pt><x>453</x><y>105</y><time>25-01-21 21:09:17:022</time></pt><pt><x>452</x><y>110</y><time>25-01-21 21:09:17:275</time></pt><pt><x>451</x><y>112</y><time>25-01-21 21:09:17:446</time></pt><pt><x>450</x><y>116</y><time>25-01-21 21:09:17:722</time></pt><pt><x>450</x><y>119</y><time>25-01-21 21:09:17:982</time></pt><pt><x>449</x><y>122</y><time>25-01-21 21:09:18:130</time></pt><pt><x>447</x><y>126</y><time>25-01-21 21:09:18:342</time></pt><pt><x>446</x><y>129</y><time>25-01-21 21:09:18:532</time></pt><pt><x>445</x><y>133</y><time>25-01-21 21:09:18:704</time></pt><pt><x>445</x><y>135</y><time>25-01-21 21:09:18:879</time></pt><pt><x>446</x><y>138</y><time>25-01-21 21:09:19:168</time></pt><pt><x>443</x><y>144</y><time>25-01-21 21:09:20:372</time></pt><pt><x>442</x><y>146</y><time>25-01-21 21:09:20:576</time></pt><pt><x>439</x><y>150</y><time>25-01-21 21:09:20:733</time></pt><pt><x>439</x><y>152</y><time>25-01-21 21:09:20:882</time></pt><pt><x>440</x><y>153</y><time>25-01-21 21:09:21:025</time></pt><pt><x>441</x><y>157</y><time>25-01-21 21:09:21:158</time></pt><pt><x>441</x><y>159</y><time>25-01-21 21:09:21:301</time></pt><pt><x>441</x><y>161</y><time>25-01-21 21:09:21:433</time></pt><pt><x>440</x><y>165</y><time>25-01-21 21:09:21:574</time></pt><pt><x>440</x><y>166</y><time>25-01-21 21:09:21:742</time></pt><pt><x>439</x><y>171</y><time>25-01-21 21:09:21:969</time></pt><pt><x>439</x><y>176</y><time>25-01-21 21:09:22:275</time></pt><pt><x>440</x><y>179</y><time>25-01-21 21:09:22:455</time></pt><pt><x>445</x><y>197</y><time>25-01-21 21:09:23:610</time></pt><pt><x>446</x><y>205</y><time>25-01-21 21:09:23:910</time></pt><pt><x>447</x><y>206</y><time>25-01-21 21:09:24:107</time></pt><pt><x>448</x><y>207</y><time>25-01-21 21:09:24:256</time></pt><pt><x>450</x><y>211</y><time>25-01-21 21:09:24:493</time></pt><pt><x>451</x><y>215</y><time>25-01-21 21:09:24:831</time></pt><pt><x>451</x><y>219</y><time>25-01-21 21:09:25:051</time></pt><pt><x>453</x><y>229</y><time>25-01-21 21:09:26:410</time></pt><pt><x>453</x><y>232</y><time>25-01-21 21:09:26:630</time></pt><pt><x>453</x><y>235</y><time>25-01-21 21:09:26:772</time></pt><pt><x>453</x><y>242</y><time>25-01-21 21:09:27:030</time></pt><pt><x>453</x><y>247</y><time>25-01-21 21:09:27:216</time></pt><pt><x>453</x><y>251</y><time>25-01-21 21:09:27:385</time></pt><pt><x>453</x><y>255</y><time>25-01-21 21:09:27:668</time></pt><pt><x>456</x><y>271</y><time>25-01-21 21:09:29:500</time></pt><pt><x>456</x><y>276</y><time>25-01-21 21:09:29:728</time></pt><pt><x>456</x><y>278</y><time>25-01-21 21:09:29:876</time></pt><pt><x>455</x><y>281</y><time>25-01-21 21:09:30:058</time></pt><pt><x>454</x><y>283</y><time>25-01-21 21:09:30:286</time></pt><pt><x>453</x><y>284</y><time>25-01-21 21:09:30:450</time></pt><pt><x>450</x><y>286</y><time>25-01-21 21:09:30:624</time></pt><pt><x>446</x><y>288</y><time>25-01-21 21:09:30:773</time></pt><pt><x>441</x><y>292</y><time>25-01-21 21:09:31:317</time></pt><pt><x>438</x><y>294</y><time>25-01-21 21:09:31:582</time></pt><pt><x>437</x><y>295</y><time>25-01-21 21:09:31:772</time></pt><pt><x>435</x><y>295</y><time>25-01-21 21:09:31:976</time></pt><pt><x>429</x><y>296</y><time>25-01-21 21:09:34:396</time></pt><pt><x>426</x><y>298</y><time>25-01-21 21:09:34:571</time></pt><pt><x>427</x><y>301</y><time>25-01-21 21:09:34:750</time></pt><pt><x>428</x><y>302</y><time>25-01-21 21:09:34:917</time></pt><pt><x>434</x><y>303</y><time>25-01-21 21:09:35:137</time></pt><pt><x>462</x><y>303</y><time>25-01-21 21:09:35:984</time></pt><pt><x>466</x><y>304</y><time>25-01-21 21:09:36:206</time></pt><pt><x>471</x><y>304</y><time>25-01-21 21:09:36:420</time></pt><pt><x>474</x><y>304</y><time>25-01-21 21:09:36:622</time></pt><pt><x>475</x><y>302</y><time>25-01-21 21:09:36:819</time></pt><pt><x>475</x><y>297</y><time>25-01-21 21:09:36:984</time></pt><pt><x>475</x><y>293</y><time>25-01-21 21:09:37:188</time></pt><pt><x>473</x><y>289</y><time>25-01-21 21:09:37:392</time></pt><pt><x>472</x><y>287</y><time>25-01-21 21:09:37:564</time></pt><pt><x>471</x><y>282</y><time>25-01-21 21:09:37:794</time></pt><pt><x>470</x><y>275</y><time>25-01-21 21:09:38:202</time></pt><pt><x>471</x><y>266</y><time>25-01-21 21:09:38:556</time></pt><pt><x>473</x><y>259</y><time>25-01-21 21:09:38:911</time></pt><pt><x>475</x><y>238</y><time>25-01-21 21:09:40:262</time></pt><pt><x>474</x><y>231</y><time>25-01-21 21:09:40:497</time></pt><pt><x>473</x><y>228</y><time>25-01-21 21:09:40:646</time></pt><pt><x>473</x><y>224</y><time>25-01-21 21:09:40:822</time></pt><pt><x>472</x><y>221</y><time>25-01-21 21:09:41:056</time></pt><pt><x>474</x><y>220</y><time>25-01-21 21:09:41:268</time></pt><pt><x>477</x><y>226</y><time>25-01-21 21:09:43:720</time></pt><pt><x>480</x><y>229</y><time>25-01-21 21:09:43:949</time></pt><pt><x>483</x><y>231</y><time>25-01-21 21:09:44:090</time></pt><pt><x>487</x><y>233</y><time>25-01-21 21:09:44:248</time></pt><pt><x>493</x><y>237</y><time>25-01-21 21:09:44:482</time></pt><pt><x>497</x><y>239</y><time>25-01-21 21:09:44:664</time></pt><pt><x>500</x><y>244</y><time>25-01-21 21:09:44:853</time></pt><pt><x>503</x><y>246</y><time>25-01-21 21:09:45:019</time></pt><pt><x>511</x><y>251</y><time>25-01-21 21:09:50:410</time></pt><pt><x>516</x><y>254</y><time>25-01-21 21:09:50:568</time></pt><pt><x>518</x><y>256</y><time>25-01-21 21:09:50:726</time></pt><pt><x>522</x><y>261</y><time>25-01-21 21:09:50:946</time></pt><pt><x>526</x><y>265</y><time>25-01-21 21:09:51:298</time></pt><pt><x>528</x><y>268</y><time>25-01-21 21:09:51:473</time></pt><pt><x>529</x><y>271</y><time>25-01-21 21:09:51:636</time></pt><pt><x>531</x><y>283</y><time>25-01-21 21:09:52:950</time></pt><pt><x>531</x><y>288</y><time>25-01-21 21:09:53:117</time></pt><pt><x>530</x><y>294</y><time>25-01-21 21:09:53:264</time></pt><pt><x>531</x><y>302</y><time>25-01-21 21:09:53:564</time></pt><pt><x>532</x><y>304</y><time>25-01-21 21:09:53:776</time></pt><pt><x>537</x><y>304</y><time>25-01-21 21:09:55:719</time></pt><pt><x>541</x><y>302</y><time>25-01-21 21:09:55:944</time></pt><pt><x>545</x><y>298</y><time>25-01-21 21:09:56:118</time></pt><pt><x>548</x><y>294</y><time>25-01-21 21:09:56:370</time></pt><pt><x>550</x><y>290</y><time>25-01-21 21:09:56:559</time></pt><pt><x>551</x><y>285</y><time>25-01-21 21:09:56:709</time></pt><pt><x>551</x><y>282</y><time>25-01-21 21:09:56:912</time></pt><pt><x>551</x><y>277</y><time>25-01-21 21:09:57:069</time></pt><pt><x>552</x><y>272</y><time>25-01-21 21:09:57:267</time></pt><pt><x>553</x><y>266</y><time>25-01-21 21:09:57:486</time></pt><pt><x>552</x><y>262</y><time>25-01-21 21:09:58:193</time></pt><pt><x>549</x><y>260</y><time>25-01-21 21:09:58:391</time></pt><pt><x>544</x><y>260</y><time>25-01-21 21:09:58:578</time></pt><pt><x>540</x><y>259</y><time>25-01-21 21:09:58:885</time></pt><pt><x>536</x><y>257</y><time>25-01-21 21:09:59:075</time></pt><pt><x>532</x><y>253</y><time>25-01-21 21:09:59:316</time></pt><pt><x>526</x><y>244</y><time>25-01-21 21:09:59:780</time></pt><pt><x>521</x><y>236</y><time>25-01-21 21:10:01:030</time></pt><pt><x>514</x><y>228</y><time>25-01-21 21:10:01:433</time></pt><pt><x>511</x><y>226</y><time>25-01-21 21:10:01:746</time></pt><pt><x>497</x><y>219</y><time>25-01-21 21:10:04:262</time></pt><pt><x>496</x><y>213</y><time>25-01-21 21:10:04:560</time></pt><pt><x>497</x><y>207</y><time>25-01-21 21:10:04:757</time></pt><pt><x>498</x><y>199</y><time>25-01-21 21:10:05:282</time></pt><pt><x>499</x><y>178</y><time>25-01-21 21:10:06:526</time></pt><pt><x>501</x><y>170</y><time>25-01-21 21:10:06:784</time></pt><pt><x>502</x><y>166</y><time>25-01-21 21:10:06:983</time></pt><pt><x>503</x><y>162</y><time>25-01-21 21:10:07:131</time></pt><pt><x>504</x><y>155</y><time>25-01-21 21:10:07:460</time></pt><pt><x>505</x><y>146</y><time>25-01-21 21:10:09:002</time></pt><pt><x>505</x><y>143</y><time>25-01-21 21:10:09:190</time></pt><pt><x>504</x><y>141</y><time>25-01-21 21:10:09:332</time></pt><pt><x>506</x><y>138</y><time>25-01-21 21:10:09:474</time></pt><pt><x>507</x><y>127</y><time>25-01-21 21:10:09:867</time></pt><pt><x>512</x><y>110</y><time>25-01-21 21:10:11:495</time></pt><pt><x>512</x><y>99</y><time>25-01-21 21:10:11:792</time></pt><pt><x>512</x><y>95</y><time>25-01-21 21:10:12:012</time></pt><pt><x>514</x><y>85</y><time>25-01-21 21:10:12:343</time></pt><pt><x>515</x><y>77</y><time>25-01-21 21:10:13:090</time></pt><pt><x>515</x><y>69</y><time>25-01-21 21:10:13:389</time></pt><pt><x>513</x><y>60</y><time>25-01-21 21:10:14:325</time></pt><pt><x>510</x><y>56</y><time>25-01-21 21:10:14:615</time></pt><pt><x>507</x><y>53</y><time>25-01-21 21:10:14:850</time></pt><pt><x>505</x><y>49</y><time>25-01-21 21:10:15:275</time></pt><pt><x>501</x><y>47</y><time>25-01-21 21:10:15:542</time></pt><pt><x>495</x><y>45</y><time>25-01-21 21:10:16:014</time></pt><pt><x>492</x><y>45</y><time>25-01-21 21:10:16:384</time></pt><closed_date>25-01-21 21:10:16:855</closed_date></polygon></object></annotation>