<annotation><filename>frame0087.jpg</filename><folder>users/lab605//7hao/human_20210119_4</folder><source><submittedBy>lab605</submittedBy></source><imagesize><nrows>480</nrows><ncols>640</ncols></imagesize><object><name>person</name><deleted>0</deleted><verified>0</verified><occluded>no</occluded><attributes></attributes><parts><hasparts></hasparts><ispartof></ispartof></parts><date>27-01-21 20:22:50:431</date><id>0</id><polygon><username>7hao</username><pt><x>150</x><y>0</y><time>27-01-21 20:21:02:762</time></pt><pt><x>149</x><y>3</y><time>27-01-21 20:21:12:290</time></pt><pt><x>149</x><y>4</y><time>27-01-21 20:21:12:730</time></pt><pt><x>149</x><y>6</y><time>27-01-21 20:21:12:958</time></pt><pt><x>149</x><y>8</y><time>27-01-21 20:21:13:133</time></pt><pt><x>149</x><y>10</y><time>27-01-21 20:21:13:409</time></pt><pt><x>147</x><y>11</y><time>27-01-21 20:21:13:612</time></pt><pt><x>142</x><y>13</y><time>27-01-21 20:21:13:885</time></pt><pt><x>138</x><y>16</y><time>27-01-21 20:21:14:390</time></pt><pt><x>132</x><y>20</y><time>27-01-21 20:21:14:774</time></pt><pt><x>128</x><y>24</y><time>27-01-21 20:21:15:154</time></pt><pt><x>125</x><y>31</y><time>27-01-21 20:21:15:538</time></pt><pt><x>122</x><y>40</y><time>27-01-21 20:21:15:961</time></pt><pt><x>120</x><y>49</y><time>27-01-21 20:21:16:436</time></pt><pt><x>118</x><y>66</y><time>27-01-21 20:21:22:425</time></pt><pt><x>118</x><y>78</y><time>27-01-21 20:21:23:065</time></pt><pt><x>118</x><y>86</y><time>27-01-21 20:21:27:717</time></pt><pt><x>119</x><y>94</y><time>27-01-21 20:21:28:056</time></pt><pt><x>119</x><y>100</y><time>27-01-21 20:21:28:394</time></pt><pt><x>122</x><y>107</y><time>27-01-21 20:21:28:804</time></pt><pt><x>127</x><y>117</y><time>27-01-21 20:21:30:083</time></pt><pt><x>128</x><y>122</y><time>27-01-21 20:21:30:949</time></pt><pt><x>129</x><y>126</y><time>27-01-21 20:21:31:202</time></pt><pt><x>130</x><y>131</y><time>27-01-21 20:21:31:382</time></pt><pt><x>131</x><y>133</y><time>27-01-21 20:21:31:577</time></pt><pt><x>133</x><y>137</y><time>27-01-21 20:21:31:768</time></pt><pt><x>136</x><y>139</y><time>27-01-21 20:21:31:940</time></pt><pt><x>137</x><y>141</y><time>27-01-21 20:21:34:348</time></pt><pt><x>138</x><y>141</y><time>27-01-21 20:21:34:506</time></pt><pt><x>139</x><y>143</y><time>27-01-21 20:21:34:688</time></pt><pt><x>141</x><y>146</y><time>27-01-21 20:21:35:053</time></pt><pt><x>141</x><y>149</y><time>27-01-21 20:21:35:418</time></pt><pt><x>142</x><y>155</y><time>27-01-21 20:21:35:998</time></pt><pt><x>142</x><y>159</y><time>27-01-21 20:21:36:212</time></pt><pt><x>143</x><y>163</y><time>27-01-21 20:21:43:204</time></pt><pt><x>144</x><y>172</y><time>27-01-21 20:21:43:612</time></pt><pt><x>144</x><y>178</y><time>27-01-21 20:21:43:856</time></pt><pt><x>144</x><y>186</y><time>27-01-21 20:21:44:209</time></pt><pt><x>144</x><y>192</y><time>27-01-21 20:21:44:500</time></pt><pt><x>143</x><y>196</y><time>27-01-21 20:21:44:690</time></pt><pt><x>143</x><y>198</y><time>27-01-21 20:21:44:934</time></pt><pt><x>147</x><y>199</y><time>27-01-21 20:21:45:191</time></pt><pt><x>150</x><y>199</y><time>27-01-21 20:21:51:065</time></pt><pt><x>150</x><y>204</y><time>27-01-21 20:21:51:461</time></pt><pt><x>151</x><y>211</y><time>27-01-21 20:21:51:774</time></pt><pt><x>151</x><y>218</y><time>27-01-21 20:21:52:167</time></pt><pt><x>150</x><y>228</y><time>27-01-21 20:21:52:546</time></pt><pt><x>148</x><y>237</y><time>27-01-21 20:21:52:916</time></pt><pt><x>147</x><y>247</y><time>27-01-21 20:21:53:260</time></pt><pt><x>148</x><y>256</y><time>27-01-21 20:21:56:005</time></pt><pt><x>151</x><y>267</y><time>27-01-21 20:21:56:430</time></pt><pt><x>153</x><y>276</y><time>27-01-21 20:21:56:808</time></pt><pt><x>156</x><y>286</y><time>27-01-21 20:21:57:225</time></pt><pt><x>159</x><y>292</y><time>27-01-21 20:21:58:374</time></pt><pt><x>159</x><y>298</y><time>27-01-21 20:21:58:735</time></pt><pt><x>158</x><y>305</y><time>27-01-21 20:21:58:986</time></pt><pt><x>158</x><y>311</y><time>27-01-21 20:21:59:269</time></pt><pt><x>157</x><y>317</y><time>27-01-21 20:21:59:473</time></pt><pt><x>156</x><y>323</y><time>27-01-21 20:21:59:795</time></pt><pt><x>158</x><y>327</y><time>27-01-21 20:22:00:101</time></pt><pt><x>165</x><y>328</y><time>27-01-21 20:22:00:495</time></pt><pt><x>171</x><y>328</y><time>27-01-21 20:22:00:785</time></pt><pt><x>174</x><y>325</y><time>27-01-21 20:22:01:039</time></pt><pt><x>176</x><y>324</y><time>27-01-21 20:22:01:274</time></pt><pt><x>177</x><y>324</y><time>27-01-21 20:22:03:521</time></pt><pt><x>182</x><y>328</y><time>27-01-21 20:22:03:923</time></pt><pt><x>188</x><y>330</y><time>27-01-21 20:22:04:317</time></pt><pt><x>195</x><y>331</y><time>27-01-21 20:22:04:782</time></pt><pt><x>198</x><y>328</y><time>27-01-21 20:22:05:127</time></pt><pt><x>198</x><y>323</y><time>27-01-21 20:22:05:511</time></pt><pt><x>197</x><y>318</y><time>27-01-21 20:22:05:889</time></pt><pt><x>195</x><y>310</y><time>27-01-21 20:22:11:260</time></pt><pt><x>194</x><y>303</y><time>27-01-21 20:22:11:575</time></pt><pt><x>191</x><y>293</y><time>27-01-21 20:22:12:308</time></pt><pt><x>192</x><y>289</y><time>27-01-21 20:22:12:541</time></pt><pt><x>192</x><y>286</y><time>27-01-21 20:22:12:715</time></pt><pt><x>190</x><y>283</y><time>27-01-21 20:22:13:005</time></pt><pt><x>189</x><y>281</y><time>27-01-21 20:22:13:196</time></pt><pt><x>195</x><y>274</y><time>27-01-21 20:22:13:833</time></pt><pt><x>203</x><y>262</y><time>27-01-21 20:22:14:454</time></pt><pt><x>210</x><y>250</y><time>27-01-21 20:22:15:275</time></pt><pt><x>214</x><y>240</y><time>27-01-21 20:22:16:971</time></pt><pt><x>216</x><y>230</y><time>27-01-21 20:22:17:410</time></pt><pt><x>218</x><y>221</y><time>27-01-21 20:22:17:828</time></pt><pt><x>219</x><y>213</y><time>27-01-21 20:22:18:219</time></pt><pt><x>219</x><y>208</y><time>27-01-21 20:22:18:581</time></pt><pt><x>220</x><y>205</y><time>27-01-21 20:22:18:863</time></pt><pt><x>221</x><y>205</y><time>27-01-21 20:22:19:126</time></pt><pt><x>222</x><y>204</y><time>27-01-21 20:22:19:509</time></pt><pt><x>222</x><y>200</y><time>27-01-21 20:22:19:909</time></pt><pt><x>223</x><y>195</y><time>27-01-21 20:22:21:483</time></pt><pt><x>224</x><y>190</y><time>27-01-21 20:22:21:773</time></pt><pt><x>227</x><y>187</y><time>27-01-21 20:22:21:994</time></pt><pt><x>226</x><y>180</y><time>27-01-21 20:22:23:897</time></pt><pt><x>227</x><y>168</y><time>27-01-21 20:22:24:321</time></pt><pt><x>228</x><y>162</y><time>27-01-21 20:22:24:676</time></pt><pt><x>230</x><y>158</y><time>27-01-21 20:22:25:273</time></pt><pt><x>230</x><y>155</y><time>27-01-21 20:22:25:517</time></pt><pt><x>231</x><y>151</y><time>27-01-21 20:22:25:713</time></pt><pt><x>232</x><y>146</y><time>27-01-21 20:22:26:030</time></pt><pt><x>232</x><y>143</y><time>27-01-21 20:22:26:249</time></pt><pt><x>233</x><y>137</y><time>27-01-21 20:22:26:618</time></pt><pt><x>235</x><y>136</y><time>27-01-21 20:22:26:853</time></pt><pt><x>237</x><y>135</y><time>27-01-21 20:22:27:035</time></pt><pt><x>237</x><y>131</y><time>27-01-21 20:22:27:239</time></pt><pt><x>239</x><y>124</y><time>27-01-21 20:22:28:010</time></pt><pt><x>240</x><y>105</y><time>27-01-21 20:22:29:388</time></pt><pt><x>237</x><y>88</y><time>27-01-21 20:22:32:564</time></pt><pt><x>235</x><y>67</y><time>27-01-21 20:22:33:649</time></pt><pt><x>234</x><y>57</y><time>27-01-21 20:22:34:370</time></pt><pt><x>229</x><y>36</y><time>27-01-21 20:22:35:167</time></pt><pt><x>225</x><y>27</y><time>27-01-21 20:22:36:544</time></pt><pt><x>220</x><y>18</y><time>27-01-21 20:22:37:396</time></pt><pt><x>214</x><y>14</y><time>27-01-21 20:22:37:928</time></pt><pt><x>208</x><y>11</y><time>27-01-21 20:22:38:330</time></pt><pt><x>205</x><y>8</y><time>27-01-21 20:22:38:753</time></pt><pt><x>204</x><y>4</y><time>27-01-21 20:22:39:454</time></pt><pt><x>204</x><y>1</y><time>27-01-21 20:22:39:959</time></pt><pt><x>204</x><y>0</y><time>27-01-21 20:22:44:165</time></pt><closed_date>27-01-21 20:22:45:618</closed_date></polygon></object><object><name>person</name><deleted>0</deleted><verified>0</verified><occluded>no</occluded><attributes></attributes><parts><hasparts></hasparts><ispartof></ispartof></parts><date>27-01-21 20:24:16:694</date><id>1</id><polygon><username>7hao</username><pt><x>400</x><y>35</y><time>27-01-21 20:22:54:058</time></pt><pt><x>391</x><y>32</y><time>27-01-21 20:22:54:690</time></pt><pt><x>382</x><y>32</y><time>27-01-21 20:22:55:153</time></pt><pt><x>374</x><y>35</y><time>27-01-21 20:22:55:569</time></pt><pt><x>371</x><y>39</y><time>27-01-21 20:22:56:075</time></pt><pt><x>370</x><y>41</y><time>27-01-21 20:22:56:540</time></pt><pt><x>371</x><y>44</y><time>27-01-21 20:22:56:899</time></pt><pt><x>371</x><y>46</y><time>27-01-21 20:22:57:310</time></pt><pt><x>370</x><y>47</y><time>27-01-21 20:22:57:528</time></pt><pt><x>370</x><y>49</y><time>27-01-21 20:22:57:720</time></pt><pt><x>369</x><y>52</y><time>27-01-21 20:22:58:039</time></pt><pt><x>370</x><y>55</y><time>27-01-21 20:22:58:300</time></pt><pt><x>372</x><y>61</y><time>27-01-21 20:22:58:786</time></pt><pt><x>374</x><y>64</y><time>27-01-21 20:22:59:107</time></pt><pt><x>376</x><y>66</y><time>27-01-21 20:22:59:329</time></pt><pt><x>380</x><y>68</y><time>27-01-21 20:22:59:636</time></pt><pt><x>381</x><y>70</y><time>27-01-21 20:22:59:896</time></pt><pt><x>381</x><y>74</y><time>27-01-21 20:23:00:282</time></pt><pt><x>381</x><y>77</y><time>27-01-21 20:23:00:606</time></pt><pt><x>378</x><y>78</y><time>27-01-21 20:23:00:949</time></pt><pt><x>363</x><y>80</y><time>27-01-21 20:23:01:797</time></pt><pt><x>358</x><y>80</y><time>27-01-21 20:23:02:139</time></pt><pt><x>355</x><y>81</y><time>27-01-21 20:23:02:341</time></pt><pt><x>353</x><y>81</y><time>27-01-21 20:23:02:773</time></pt><pt><x>355</x><y>77</y><time>27-01-21 20:23:03:175</time></pt><pt><x>358</x><y>71</y><time>27-01-21 20:23:03:600</time></pt><pt><x>360</x><y>64</y><time>27-01-21 20:23:04:016</time></pt><pt><x>362</x><y>60</y><time>27-01-21 20:23:04:306</time></pt><pt><x>366</x><y>58</y><time>27-01-21 20:23:04:725</time></pt><pt><x>368</x><y>57</y><time>27-01-21 20:23:05:077</time></pt><pt><x>368</x><y>54</y><time>27-01-21 20:23:08:159</time></pt><pt><x>368</x><y>51</y><time>27-01-21 20:23:08:868</time></pt><pt><x>369</x><y>48</y><time>27-01-21 20:23:09:410</time></pt><pt><x>369</x><y>46</y><time>27-01-21 20:23:10:007</time></pt><pt><x>370</x><y>44</y><time>27-01-21 20:23:10:403</time></pt><pt><x>369</x><y>42</y><time>27-01-21 20:23:10:935</time></pt><pt><x>368</x><y>40</y><time>27-01-21 20:23:11:362</time></pt><pt><x>365</x><y>39</y><time>27-01-21 20:23:11:660</time></pt><pt><x>363</x><y>41</y><time>27-01-21 20:23:11:958</time></pt><pt><x>360</x><y>45</y><time>27-01-21 20:23:12:398</time></pt><pt><x>358</x><y>48</y><time>27-01-21 20:23:12:745</time></pt><pt><x>356</x><y>51</y><time>27-01-21 20:23:12:964</time></pt><pt><x>355</x><y>54</y><time>27-01-21 20:23:13:282</time></pt><pt><x>353</x><y>57</y><time>27-01-21 20:23:13:683</time></pt><pt><x>348</x><y>65</y><time>27-01-21 20:23:14:851</time></pt><pt><x>342</x><y>75</y><time>27-01-21 20:23:15:419</time></pt><pt><x>337</x><y>85</y><time>27-01-21 20:23:15:913</time></pt><pt><x>335</x><y>92</y><time>27-01-21 20:23:16:306</time></pt><pt><x>335</x><y>96</y><time>27-01-21 20:23:16:669</time></pt><pt><x>336</x><y>100</y><time>27-01-21 20:23:17:023</time></pt><pt><x>341</x><y>102</y><time>27-01-21 20:23:17:426</time></pt><pt><x>348</x><y>104</y><time>27-01-21 20:23:17:888</time></pt><pt><x>355</x><y>105</y><time>27-01-21 20:23:18:233</time></pt><pt><x>359</x><y>105</y><time>27-01-21 20:23:18:502</time></pt><pt><x>361</x><y>107</y><time>27-01-21 20:23:18:975</time></pt><pt><x>362</x><y>112</y><time>27-01-21 20:23:19:374</time></pt><pt><x>361</x><y>127</y><time>27-01-21 20:23:20:764</time></pt><pt><x>361</x><y>142</y><time>27-01-21 20:23:21:355</time></pt><pt><x>361</x><y>159</y><time>27-01-21 20:23:22:345</time></pt><pt><x>360</x><y>170</y><time>27-01-21 20:23:23:668</time></pt><pt><x>359</x><y>177</y><time>27-01-21 20:23:24:053</time></pt><pt><x>359</x><y>184</y><time>27-01-21 20:23:24:280</time></pt><pt><x>359</x><y>197</y><time>27-01-21 20:23:24:673</time></pt><pt><x>360</x><y>211</y><time>27-01-21 20:23:25:160</time></pt><pt><x>361</x><y>227</y><time>27-01-21 20:23:26:425</time></pt><pt><x>362</x><y>234</y><time>27-01-21 20:23:26:678</time></pt><pt><x>362</x><y>237</y><time>27-01-21 20:23:29:721</time></pt><pt><x>359</x><y>242</y><time>27-01-21 20:23:30:101</time></pt><pt><x>357</x><y>248</y><time>27-01-21 20:23:30:510</time></pt><pt><x>357</x><y>255</y><time>27-01-21 20:23:30:736</time></pt><pt><x>358</x><y>262</y><time>27-01-21 20:23:31:167</time></pt><pt><x>358</x><y>272</y><time>27-01-21 20:23:33:187</time></pt><pt><x>358</x><y>278</y><time>27-01-21 20:23:33:481</time></pt><pt><x>356</x><y>281</y><time>27-01-21 20:23:33:668</time></pt><pt><x>357</x><y>285</y><time>27-01-21 20:23:33:864</time></pt><pt><x>358</x><y>287</y><time>27-01-21 20:23:34:125</time></pt><pt><x>359</x><y>290</y><time>27-01-21 20:23:34:445</time></pt><pt><x>358</x><y>293</y><time>27-01-21 20:23:34:644</time></pt><pt><x>354</x><y>301</y><time>27-01-21 20:23:35:305</time></pt><pt><x>352</x><y>305</y><time>27-01-21 20:23:35:682</time></pt><pt><x>350</x><y>307</y><time>27-01-21 20:23:35:861</time></pt><pt><x>350</x><y>309</y><time>27-01-21 20:23:36:050</time></pt><pt><x>351</x><y>311</y><time>27-01-21 20:23:36:270</time></pt><pt><x>356</x><y>312</y><time>27-01-21 20:23:36:656</time></pt><pt><x>367</x><y>311</y><time>27-01-21 20:23:36:985</time></pt><pt><x>369</x><y>310</y><time>27-01-21 20:23:37:535</time></pt><pt><x>371</x><y>309</y><time>27-01-21 20:23:37:726</time></pt><pt><x>372</x><y>302</y><time>27-01-21 20:23:38:291</time></pt><pt><x>371</x><y>296</y><time>27-01-21 20:23:38:629</time></pt><pt><x>372</x><y>289</y><time>27-01-21 20:23:39:306</time></pt><pt><x>377</x><y>270</y><time>27-01-21 20:23:40:077</time></pt><pt><x>378</x><y>258</y><time>27-01-21 20:23:40:559</time></pt><pt><x>379</x><y>248</y><time>27-01-21 20:23:40:893</time></pt><pt><x>382</x><y>235</y><time>27-01-21 20:23:41:790</time></pt><pt><x>385</x><y>224</y><time>27-01-21 20:23:42:811</time></pt><pt><x>386</x><y>220</y><time>27-01-21 20:23:43:229</time></pt><pt><x>387</x><y>236</y><time>27-01-21 20:23:43:960</time></pt><pt><x>386</x><y>254</y><time>27-01-21 20:23:44:762</time></pt><pt><x>387</x><y>271</y><time>27-01-21 20:23:46:022</time></pt><pt><x>387</x><y>280</y><time>27-01-21 20:23:46:448</time></pt><pt><x>389</x><y>286</y><time>27-01-21 20:23:46:682</time></pt><pt><x>390</x><y>290</y><time>27-01-21 20:23:46:846</time></pt><pt><x>390</x><y>294</y><time>27-01-21 20:23:47:155</time></pt><pt><x>390</x><y>300</y><time>27-01-21 20:23:50:576</time></pt><pt><x>389</x><y>302</y><time>27-01-21 20:23:50:777</time></pt><pt><x>389</x><y>305</y><time>27-01-21 20:23:50:958</time></pt><pt><x>389</x><y>307</y><time>27-01-21 20:23:51:164</time></pt><pt><x>393</x><y>309</y><time>27-01-21 20:23:51:464</time></pt><pt><x>395</x><y>309</y><time>27-01-21 20:23:51:652</time></pt><pt><x>397</x><y>310</y><time>27-01-21 20:23:51:808</time></pt><pt><x>402</x><y>312</y><time>27-01-21 20:23:52:138</time></pt><pt><x>413</x><y>312</y><time>27-01-21 20:23:52:602</time></pt><pt><x>415</x><y>310</y><time>27-01-21 20:23:52:963</time></pt><pt><x>414</x><y>307</y><time>27-01-21 20:23:53:200</time></pt><pt><x>411</x><y>303</y><time>27-01-21 20:23:53:678</time></pt><pt><x>407</x><y>298</y><time>27-01-21 20:23:54:084</time></pt><pt><x>404</x><y>294</y><time>27-01-21 20:23:54:291</time></pt><pt><x>404</x><y>288</y><time>27-01-21 20:23:54:576</time></pt><pt><x>405</x><y>284</y><time>27-01-21 20:23:54:806</time></pt><pt><x>405</x><y>279</y><time>27-01-21 20:23:55:129</time></pt><pt><x>405</x><y>273</y><time>27-01-21 20:23:55:331</time></pt><pt><x>407</x><y>263</y><time>27-01-21 20:23:55:871</time></pt><pt><x>408</x><y>242</y><time>27-01-21 20:23:57:097</time></pt><pt><x>409</x><y>233</y><time>27-01-21 20:23:57:595</time></pt><pt><x>411</x><y>218</y><time>27-01-21 20:23:58:109</time></pt><pt><x>412</x><y>207</y><time>27-01-21 20:23:58:641</time></pt><pt><x>416</x><y>187</y><time>27-01-21 20:23:59:755</time></pt><pt><x>417</x><y>178</y><time>27-01-21 20:24:00:149</time></pt><pt><x>416</x><y>169</y><time>27-01-21 20:24:00:431</time></pt><pt><x>416</x><y>162</y><time>27-01-21 20:24:00:764</time></pt><pt><x>416</x><y>157</y><time>27-01-21 20:24:00:999</time></pt><pt><x>417</x><y>155</y><time>27-01-21 20:24:01:233</time></pt><pt><x>418</x><y>154</y><time>27-01-21 20:24:01:399</time></pt><pt><x>420</x><y>158</y><time>27-01-21 20:24:01:706</time></pt><pt><x>420</x><y>163</y><time>27-01-21 20:24:01:926</time></pt><pt><x>421</x><y>168</y><time>27-01-21 20:24:02:133</time></pt><pt><x>421</x><y>173</y><time>27-01-21 20:24:02:382</time></pt><pt><x>421</x><y>176</y><time>27-01-21 20:24:02:556</time></pt><pt><x>420</x><y>177</y><time>27-01-21 20:24:02:719</time></pt><pt><x>418</x><y>182</y><time>27-01-21 20:24:03:036</time></pt><pt><x>419</x><y>188</y><time>27-01-21 20:24:03:302</time></pt><pt><x>420</x><y>195</y><time>27-01-21 20:24:04:026</time></pt><pt><x>422</x><y>196</y><time>27-01-21 20:24:04:263</time></pt><pt><x>426</x><y>195</y><time>27-01-21 20:24:04:649</time></pt><pt><x>429</x><y>191</y><time>27-01-21 20:24:04:868</time></pt><pt><x>430</x><y>188</y><time>27-01-21 20:24:05:047</time></pt><pt><x>430</x><y>184</y><time>27-01-21 20:24:05:269</time></pt><pt><x>430</x><y>180</y><time>27-01-21 20:24:05:425</time></pt><pt><x>430</x><y>175</y><time>27-01-21 20:24:05:597</time></pt><pt><x>432</x><y>170</y><time>27-01-21 20:24:05:842</time></pt><pt><x>433</x><y>168</y><time>27-01-21 20:24:06:024</time></pt><pt><x>434</x><y>159</y><time>27-01-21 20:24:06:353</time></pt><pt><x>434</x><y>147</y><time>27-01-21 20:24:06:839</time></pt><pt><x>432</x><y>127</y><time>27-01-21 20:24:08:027</time></pt><pt><x>432</x><y>113</y><time>27-01-21 20:24:08:789</time></pt><pt><x>427</x><y>96</y><time>27-01-21 20:24:09:336</time></pt><pt><x>425</x><y>87</y><time>27-01-21 20:24:09:932</time></pt><pt><x>421</x><y>84</y><time>27-01-21 20:24:10:222</time></pt><pt><x>409</x><y>78</y><time>27-01-21 20:24:10:629</time></pt><pt><x>403</x><y>77</y><time>27-01-21 20:24:10:999</time></pt><pt><x>401</x><y>76</y><time>27-01-21 20:24:11:305</time></pt><pt><x>400</x><y>71</y><time>27-01-21 20:24:11:549</time></pt><pt><x>403</x><y>66</y><time>27-01-21 20:24:11:919</time></pt><pt><x>405</x><y>61</y><time>27-01-21 20:24:12:202</time></pt><pt><x>404</x><y>52</y><time>27-01-21 20:24:13:414</time></pt><pt><x>403</x><y>46</y><time>27-01-21 20:24:13:680</time></pt><pt><x>402</x><y>43</y><time>27-01-21 20:24:13:837</time></pt><pt><x>402</x><y>39</y><time>27-01-21 20:24:14:065</time></pt><pt><x>402</x><y>37</y><time>27-01-21 20:24:14:310</time></pt><closed_date>27-01-21 20:24:14:764</closed_date></polygon></object><object><name>person</name><deleted>0</deleted><verified>0</verified><occluded>no</occluded><attributes></attributes><parts><hasparts></hasparts><ispartof></ispartof></parts><date>27-01-21 20:33:32:807</date><id>2</id><polygon><username>7hao</username><pt><x>518</x><y>0</y><time>27-01-21 20:27:04:998</time></pt><pt><x>514</x><y>8</y><time>27-01-21 20:27:05:813</time></pt><pt><x>512</x><y>14</y><time>27-01-21 20:27:06:272</time></pt><pt><x>509</x><y>21</y><time>27-01-21 20:27:06:710</time></pt><pt><x>509</x><y>30</y><time>27-01-21 20:27:07:166</time></pt><pt><x>509</x><y>46</y><time>27-01-21 20:27:10:420</time></pt><pt><x>508</x><y>52</y><time>27-01-21 20:27:10:853</time></pt><pt><x>507</x><y>61</y><time>27-01-21 20:27:11:310</time></pt><pt><x>505</x><y>73</y><time>27-01-21 20:31:18:263</time></pt><pt><x>504</x><y>81</y><time>27-01-21 20:31:19:109</time></pt><pt><x>501</x><y>92</y><time>27-01-21 20:31:19:692</time></pt><pt><x>497</x><y>99</y><time>27-01-21 20:31:20:066</time></pt><pt><x>495</x><y>105</y><time>27-01-21 20:31:20:620</time></pt><pt><x>493</x><y>110</y><time>27-01-21 20:31:20:985</time></pt><pt><x>489</x><y>115</y><time>27-01-21 20:31:21:363</time></pt><pt><x>487</x><y>122</y><time>27-01-21 20:31:21:873</time></pt><pt><x>486</x><y>130</y><time>27-01-21 20:31:22:337</time></pt><pt><x>485</x><y>134</y><time>27-01-21 20:31:22:761</time></pt><pt><x>483</x><y>137</y><time>27-01-21 20:31:23:124</time></pt><pt><x>479</x><y>142</y><time>27-01-21 20:31:24:650</time></pt><pt><x>477</x><y>146</y><time>27-01-21 20:31:25:122</time></pt><pt><x>477</x><y>149</y><time>27-01-21 20:31:25:599</time></pt><pt><x>477</x><y>157</y><time>27-01-21 20:31:26:457</time></pt><pt><x>479</x><y>160</y><time>27-01-21 20:31:27:008</time></pt><pt><x>484</x><y>165</y><time>27-01-21 20:31:28:486</time></pt><pt><x>487</x><y>165</y><time>27-01-21 20:31:28:841</time></pt><pt><x>491</x><y>161</y><time>27-01-21 20:31:29:398</time></pt><pt><x>494</x><y>158</y><time>27-01-21 20:31:29:743</time></pt><pt><x>495</x><y>155</y><time>27-01-21 20:31:30:121</time></pt><pt><x>494</x><y>151</y><time>27-01-21 20:31:30:467</time></pt><pt><x>494</x><y>146</y><time>27-01-21 20:31:30:835</time></pt><pt><x>494</x><y>142</y><time>27-01-21 20:31:31:128</time></pt><pt><x>496</x><y>142</y><time>27-01-21 20:31:31:347</time></pt><pt><x>500</x><y>140</y><time>27-01-21 20:31:31:828</time></pt><pt><x>501</x><y>136</y><time>27-01-21 20:31:32:541</time></pt><pt><x>501</x><y>133</y><time>27-01-21 20:31:32:911</time></pt><pt><x>504</x><y>130</y><time>27-01-21 20:31:33:156</time></pt><pt><x>509</x><y>125</y><time>27-01-21 20:31:33:613</time></pt><pt><x>511</x><y>124</y><time>27-01-21 20:31:34:012</time></pt><pt><x>512</x><y>125</y><time>27-01-21 20:31:34:256</time></pt><pt><x>512</x><y>127</y><time>27-01-21 20:31:34:421</time></pt><pt><x>508</x><y>131</y><time>27-01-21 20:31:34:800</time></pt><pt><x>504</x><y>136</y><time>27-01-21 20:31:35:347</time></pt><pt><x>500</x><y>141</y><time>27-01-21 20:31:36:283</time></pt><pt><x>499</x><y>144</y><time>27-01-21 20:31:36:850</time></pt><pt><x>498</x><y>153</y><time>27-01-21 20:31:38:375</time></pt><pt><x>498</x><y>156</y><time>27-01-21 20:31:38:925</time></pt><pt><x>496</x><y>161</y><time>27-01-21 20:31:39:271</time></pt><pt><x>488</x><y>173</y><time>27-01-21 20:31:44:381</time></pt><pt><x>481</x><y>182</y><time>27-01-21 20:31:44:853</time></pt><pt><x>478</x><y>188</y><time>27-01-21 20:31:45:201</time></pt><pt><x>477</x><y>200</y><time>27-01-21 20:31:45:765</time></pt><pt><x>474</x><y>220</y><time>27-01-21 20:31:47:282</time></pt><pt><x>473</x><y>232</y><time>27-01-21 20:31:47:849</time></pt><pt><x>473</x><y>240</y><time>27-01-21 20:31:48:211</time></pt><pt><x>473</x><y>252</y><time>27-01-21 20:31:48:940</time></pt><pt><x>474</x><y>269</y><time>27-01-21 20:31:50:536</time></pt><pt><x>475</x><y>286</y><time>27-01-21 20:31:51:204</time></pt><pt><x>480</x><y>313</y><time>27-01-21 20:31:52:563</time></pt><pt><x>481</x><y>324</y><time>27-01-21 20:31:52:910</time></pt><pt><x>470</x><y>334</y><time>27-01-21 20:31:59:946</time></pt><pt><x>453</x><y>337</y><time>27-01-21 20:32:00:347</time></pt><pt><x>447</x><y>341</y><time>27-01-21 20:32:05:165</time></pt><pt><x>445</x><y>345</y><time>27-01-21 20:32:05:442</time></pt><pt><x>446</x><y>348</y><time>27-01-21 20:32:05:582</time></pt><pt><x>454</x><y>353</y><time>27-01-21 20:32:05:895</time></pt><pt><x>481</x><y>355</y><time>27-01-21 20:32:06:330</time></pt><pt><x>516</x><y>358</y><time>27-01-21 20:32:07:075</time></pt><pt><x>521</x><y>359</y><time>27-01-21 20:32:10:785</time></pt><pt><x>527</x><y>357</y><time>27-01-21 20:32:11:045</time></pt><pt><x>531</x><y>352</y><time>27-01-21 20:32:11:258</time></pt><pt><x>532</x><y>348</y><time>27-01-21 20:32:11:446</time></pt><pt><x>528</x><y>340</y><time>27-01-21 20:32:11:714</time></pt><pt><x>524</x><y>332</y><time>27-01-21 20:32:16:265</time></pt><pt><x>518</x><y>322</y><time>27-01-21 20:32:16:431</time></pt><pt><x>517</x><y>311</y><time>27-01-21 20:32:16:580</time></pt><pt><x>518</x><y>279</y><time>27-01-21 20:32:17:044</time></pt><pt><x>525</x><y>260</y><time>27-01-21 20:32:17:467</time></pt><pt><x>515</x><y>242</y><time>27-01-21 20:32:18:819</time></pt><pt><x>512</x><y>237</y><time>27-01-21 20:32:19:056</time></pt><pt><x>513</x><y>232</y><time>27-01-21 20:32:23:221</time></pt><pt><x>517</x><y>231</y><time>27-01-21 20:32:23:624</time></pt><pt><x>522</x><y>229</y><time>27-01-21 20:32:23:953</time></pt><pt><x>526</x><y>224</y><time>27-01-21 20:32:24:324</time></pt><pt><x>529</x><y>219</y><time>27-01-21 20:32:24:638</time></pt><pt><x>531</x><y>217</y><time>27-01-21 20:32:24:911</time></pt><pt><x>533</x><y>218</y><time>27-01-21 20:32:25:125</time></pt><pt><x>536</x><y>226</y><time>27-01-21 20:32:25:692</time></pt><pt><x>540</x><y>237</y><time>27-01-21 20:32:26:210</time></pt><pt><x>546</x><y>250</y><time>27-01-21 20:32:26:792</time></pt><pt><x>550</x><y>263</y><time>27-01-21 20:32:28:736</time></pt><pt><x>555</x><y>276</y><time>27-01-21 20:32:29:228</time></pt><pt><x>559</x><y>296</y><time>27-01-21 20:32:31:705</time></pt><pt><x>562</x><y>311</y><time>27-01-21 20:32:32:131</time></pt><pt><x>564</x><y>323</y><time>27-01-21 20:32:32:752</time></pt><pt><x>564</x><y>328</y><time>27-01-21 20:32:33:009</time></pt><pt><x>564</x><y>330</y><time>27-01-21 20:32:33:160</time></pt><pt><x>561</x><y>333</y><time>27-01-21 20:32:33:331</time></pt><pt><x>560</x><y>335</y><time>27-01-21 20:32:33:645</time></pt><pt><x>560</x><y>340</y><time>27-01-21 20:32:34:050</time></pt><pt><x>560</x><y>347</y><time>27-01-21 20:32:34:489</time></pt><pt><x>561</x><y>349</y><time>27-01-21 20:32:34:786</time></pt><pt><x>561</x><y>351</y><time>27-01-21 20:32:34:943</time></pt><pt><x>560</x><y>355</y><time>27-01-21 20:32:35:119</time></pt><pt><x>558</x><y>359</y><time>27-01-21 20:32:35:408</time></pt><pt><x>556</x><y>361</y><time>27-01-21 20:32:35:549</time></pt><pt><x>557</x><y>364</y><time>27-01-21 20:32:35:715</time></pt><pt><x>558</x><y>368</y><time>27-01-21 20:32:36:028</time></pt><pt><x>563</x><y>371</y><time>27-01-21 20:32:36:366</time></pt><pt><x>566</x><y>372</y><time>27-01-21 20:32:36:563</time></pt><pt><x>579</x><y>372</y><time>27-01-21 20:32:39:158</time></pt><pt><x>588</x><y>370</y><time>27-01-21 20:32:39:534</time></pt><pt><x>594</x><y>366</y><time>27-01-21 20:32:39:756</time></pt><pt><x>595</x><y>359</y><time>27-01-21 20:32:40:005</time></pt><pt><x>596</x><y>348</y><time>27-01-21 20:32:40:541</time></pt><pt><x>598</x><y>341</y><time>27-01-21 20:32:41:133</time></pt><pt><x>599</x><y>334</y><time>27-01-21 20:32:41:508</time></pt><pt><x>596</x><y>327</y><time>27-01-21 20:32:41:703</time></pt><pt><x>592</x><y>325</y><time>27-01-21 20:32:41:972</time></pt><pt><x>594</x><y>319</y><time>27-01-21 20:32:42:301</time></pt><pt><x>597</x><y>313</y><time>27-01-21 20:32:42:664</time></pt><pt><x>597</x><y>295</y><time>27-01-21 20:32:43:253</time></pt><pt><x>593</x><y>258</y><time>27-01-21 20:32:44:471</time></pt><pt><x>591</x><y>246</y><time>27-01-21 20:32:44:834</time></pt><pt><x>588</x><y>237</y><time>27-01-21 20:32:45:109</time></pt><pt><x>586</x><y>231</y><time>27-01-21 20:32:45:291</time></pt><pt><x>586</x><y>228</y><time>27-01-21 20:32:45:446</time></pt><pt><x>588</x><y>222</y><time>27-01-21 20:32:45:746</time></pt><pt><x>588</x><y>218</y><time>27-01-21 20:32:45:957</time></pt><pt><x>587</x><y>214</y><time>27-01-21 20:32:46:154</time></pt><pt><x>585</x><y>210</y><time>27-01-21 20:32:46:333</time></pt><pt><x>586</x><y>205</y><time>27-01-21 20:32:46:577</time></pt><pt><x>590</x><y>170</y><time>27-01-21 20:32:48:268</time></pt><pt><x>592</x><y>155</y><time>27-01-21 20:32:48:716</time></pt><pt><x>597</x><y>146</y><time>27-01-21 20:32:49:400</time></pt><pt><x>599</x><y>142</y><time>27-01-21 20:32:49:676</time></pt><pt><x>600</x><y>138</y><time>27-01-21 20:32:49:826</time></pt><pt><x>601</x><y>132</y><time>27-01-21 20:32:50:053</time></pt><pt><x>600</x><y>125</y><time>27-01-21 20:32:50:244</time></pt><pt><x>600</x><y>120</y><time>27-01-21 20:32:50:477</time></pt><pt><x>602</x><y>117</y><time>27-01-21 20:32:50:657</time></pt><pt><x>604</x><y>115</y><time>27-01-21 20:32:50:855</time></pt><pt><x>609</x><y>108</y><time>27-01-21 20:32:51:256</time></pt><pt><x>610</x><y>104</y><time>27-01-21 20:32:51:601</time></pt><pt><x>611</x><y>101</y><time>27-01-21 20:32:51:986</time></pt><pt><x>619</x><y>83</y><time>27-01-21 20:33:19:455</time></pt><pt><x>623</x><y>67</y><time>27-01-21 20:33:20:200</time></pt><pt><x>624</x><y>60</y><time>27-01-21 20:33:20:532</time></pt><pt><x>624</x><y>53</y><time>27-01-21 20:33:20:775</time></pt><pt><x>620</x><y>35</y><time>27-01-21 20:33:21:316</time></pt><pt><x>618</x><y>21</y><time>27-01-21 20:33:23:353</time></pt><pt><x>617</x><y>15</y><time>27-01-21 20:33:23:642</time></pt><pt><x>616</x><y>7</y><time>27-01-21 20:33:24:078</time></pt><pt><x>615</x><y>3</y><time>27-01-21 20:33:24:422</time></pt><pt><x>615</x><y>1</y><time>27-01-21 20:33:24:869</time></pt><pt><x>615</x><y>0</y><time>27-01-21 20:33:25:326</time></pt><pt><x>615</x><y>0</y><time>27-01-21 20:33:25:860</time></pt><closed_date>27-01-21 20:33:28:239</closed_date></polygon></object></annotation>