<annotation><filename>frame0092.jpg</filename><folder>users/lab605//7hao/human_20210119_4</folder><source><submittedBy>lab605</submittedBy></source><imagesize><nrows>480</nrows><ncols>640</ncols></imagesize><object><name>person</name><deleted>0</deleted><verified>0</verified><occluded>no</occluded><attributes></attributes><parts><hasparts></hasparts><ispartof></ispartof></parts><date>27-01-21 21:12:44:388</date><id>0</id><polygon><username>7hao</username><pt><x>209</x><y>0</y><time>27-01-21 21:11:34:332</time></pt><pt><x>209</x><y>3</y><time>27-01-21 21:11:34:702</time></pt><pt><x>211</x><y>6</y><time>27-01-21 21:11:34:985</time></pt><pt><x>212</x><y>8</y><time>27-01-21 21:11:35:175</time></pt><pt><x>212</x><y>11</y><time>27-01-21 21:11:35:433</time></pt><pt><x>212</x><y>13</y><time>27-01-21 21:11:35:598</time></pt><pt><x>208</x><y>16</y><time>27-01-21 21:11:35:902</time></pt><pt><x>201</x><y>16</y><time>27-01-21 21:11:36:469</time></pt><pt><x>194</x><y>16</y><time>27-01-21 21:11:36:845</time></pt><pt><x>191</x><y>18</y><time>27-01-21 21:11:37:027</time></pt><pt><x>189</x><y>21</y><time>27-01-21 21:11:37:301</time></pt><pt><x>188</x><y>24</y><time>27-01-21 21:11:37:473</time></pt><pt><x>188</x><y>26</y><time>27-01-21 21:11:37:640</time></pt><pt><x>188</x><y>28</y><time>27-01-21 21:11:37:804</time></pt><pt><x>187</x><y>30</y><time>27-01-21 21:11:37:977</time></pt><pt><x>179</x><y>37</y><time>27-01-21 21:11:38:540</time></pt><pt><x>173</x><y>43</y><time>27-01-21 21:11:39:170</time></pt><pt><x>170</x><y>49</y><time>27-01-21 21:11:43:004</time></pt><pt><x>168</x><y>64</y><time>27-01-21 21:11:43:497</time></pt><pt><x>167</x><y>84</y><time>27-01-21 21:11:44:009</time></pt><pt><x>169</x><y>102</y><time>27-01-21 21:11:45:156</time></pt><pt><x>169</x><y>116</y><time>27-01-21 21:11:45:463</time></pt><pt><x>172</x><y>123</y><time>27-01-21 21:11:46:105</time></pt><pt><x>176</x><y>132</y><time>27-01-21 21:11:46:452</time></pt><pt><x>178</x><y>135</y><time>27-01-21 21:11:46:631</time></pt><pt><x>178</x><y>139</y><time>27-01-21 21:11:46:789</time></pt><pt><x>180</x><y>142</y><time>27-01-21 21:11:46:940</time></pt><pt><x>181</x><y>143</y><time>27-01-21 21:11:47:089</time></pt><pt><x>181</x><y>150</y><time>27-01-21 21:11:47:341</time></pt><pt><x>181</x><y>156</y><time>27-01-21 21:11:47:536</time></pt><pt><x>179</x><y>158</y><time>27-01-21 21:11:47:708</time></pt><pt><x>179</x><y>161</y><time>27-01-21 21:11:47:881</time></pt><pt><x>181</x><y>163</y><time>27-01-21 21:11:48:021</time></pt><pt><x>182</x><y>166</y><time>27-01-21 21:11:48:182</time></pt><pt><x>182</x><y>171</y><time>27-01-21 21:11:48:350</time></pt><pt><x>181</x><y>186</y><time>27-01-21 21:11:50:535</time></pt><pt><x>180</x><y>197</y><time>27-01-21 21:11:51:006</time></pt><pt><x>179</x><y>199</y><time>27-01-21 21:11:51:288</time></pt><pt><x>181</x><y>202</y><time>27-01-21 21:11:51:564</time></pt><pt><x>181</x><y>207</y><time>27-01-21 21:11:51:855</time></pt><pt><x>180</x><y>212</y><time>27-01-21 21:11:52:013</time></pt><pt><x>176</x><y>221</y><time>27-01-21 21:11:52:499</time></pt><pt><x>170</x><y>227</y><time>27-01-21 21:11:52:822</time></pt><pt><x>165</x><y>241</y><time>27-01-21 21:11:53:450</time></pt><pt><x>163</x><y>255</y><time>27-01-21 21:11:54:753</time></pt><pt><x>160</x><y>267</y><time>27-01-21 21:11:55:075</time></pt><pt><x>157</x><y>273</y><time>27-01-21 21:11:55:296</time></pt><pt><x>154</x><y>282</y><time>27-01-21 21:11:55:704</time></pt><pt><x>152</x><y>287</y><time>27-01-21 21:11:55:907</time></pt><pt><x>149</x><y>292</y><time>27-01-21 21:11:56:095</time></pt><pt><x>148</x><y>304</y><time>27-01-21 21:11:56:583</time></pt><pt><x>148</x><y>316</y><time>27-01-21 21:11:57:275</time></pt><pt><x>148</x><y>322</y><time>27-01-21 21:11:57:573</time></pt><pt><x>152</x><y>324</y><time>27-01-21 21:11:57:795</time></pt><pt><x>159</x><y>325</y><time>27-01-21 21:11:58:115</time></pt><pt><x>170</x><y>326</y><time>27-01-21 21:11:58:475</time></pt><pt><x>171</x><y>321</y><time>27-01-21 21:11:58:820</time></pt><pt><x>171</x><y>316</y><time>27-01-21 21:11:59:057</time></pt><pt><x>171</x><y>310</y><time>27-01-21 21:11:59:338</time></pt><pt><x>172</x><y>304</y><time>27-01-21 21:11:59:551</time></pt><pt><x>171</x><y>298</y><time>27-01-21 21:11:59:888</time></pt><pt><x>170</x><y>294</y><time>27-01-21 21:12:00:060</time></pt><pt><x>169</x><y>290</y><time>27-01-21 21:12:00:227</time></pt><pt><x>169</x><y>285</y><time>27-01-21 21:12:00:510</time></pt><pt><x>171</x><y>279</y><time>27-01-21 21:12:00:675</time></pt><pt><x>178</x><y>264</y><time>27-01-21 21:12:01:152</time></pt><pt><x>187</x><y>250</y><time>27-01-21 21:12:01:632</time></pt><pt><x>192</x><y>237</y><time>27-01-21 21:12:03:070</time></pt><pt><x>198</x><y>228</y><time>27-01-21 21:12:03:584</time></pt><pt><x>206</x><y>214</y><time>27-01-21 21:12:04:152</time></pt><pt><x>210</x><y>202</y><time>27-01-21 21:12:04:924</time></pt><pt><x>214</x><y>200</y><time>27-01-21 21:12:05:205</time></pt><pt><x>213</x><y>197</y><time>27-01-21 21:12:05:396</time></pt><pt><x>213</x><y>194</y><time>27-01-21 21:12:05:576</time></pt><pt><x>215</x><y>189</y><time>27-01-21 21:12:05:912</time></pt><pt><x>218</x><y>186</y><time>27-01-21 21:12:06:163</time></pt><pt><x>219</x><y>187</y><time>27-01-21 21:12:06:353</time></pt><pt><x>220</x><y>191</y><time>27-01-21 21:12:06:533</time></pt><pt><x>220</x><y>197</y><time>27-01-21 21:12:06:795</time></pt><pt><x>220</x><y>203</y><time>27-01-21 21:12:07:086</time></pt><pt><x>222</x><y>231</y><time>27-01-21 21:12:07:788</time></pt><pt><x>220</x><y>246</y><time>27-01-21 21:12:08:205</time></pt><pt><x>219</x><y>255</y><time>27-01-21 21:12:08:489</time></pt><pt><x>221</x><y>263</y><time>27-01-21 21:12:08:739</time></pt><pt><x>224</x><y>273</y><time>27-01-21 21:12:09:267</time></pt><pt><x>223</x><y>288</y><time>27-01-21 21:12:09:761</time></pt><pt><x>221</x><y>294</y><time>27-01-21 21:12:10:120</time></pt><pt><x>219</x><y>298</y><time>27-01-21 21:12:11:670</time></pt><pt><x>217</x><y>303</y><time>27-01-21 21:12:11:857</time></pt><pt><x>217</x><y>306</y><time>27-01-21 21:12:12:023</time></pt><pt><x>217</x><y>310</y><time>27-01-21 21:12:12:275</time></pt><pt><x>217</x><y>314</y><time>27-01-21 21:12:12:519</time></pt><pt><x>222</x><y>316</y><time>27-01-21 21:12:12:874</time></pt><pt><x>234</x><y>314</y><time>27-01-21 21:12:13:328</time></pt><pt><x>243</x><y>314</y><time>27-01-21 21:12:13:875</time></pt><pt><x>258</x><y>312</y><time>27-01-21 21:12:16:453</time></pt><pt><x>260</x><y>308</y><time>27-01-21 21:12:16:788</time></pt><pt><x>260</x><y>305</y><time>27-01-21 21:12:17:000</time></pt><pt><x>258</x><y>304</y><time>27-01-21 21:12:17:236</time></pt><pt><x>252</x><y>303</y><time>27-01-21 21:12:17:480</time></pt><pt><x>250</x><y>301</y><time>27-01-21 21:12:17:724</time></pt><pt><x>248</x><y>297</y><time>27-01-21 21:12:17:921</time></pt><pt><x>246</x><y>294</y><time>27-01-21 21:12:18:076</time></pt><pt><x>243</x><y>292</y><time>27-01-21 21:12:18:280</time></pt><pt><x>241</x><y>291</y><time>27-01-21 21:12:18:527</time></pt><pt><x>236</x><y>290</y><time>27-01-21 21:12:18:854</time></pt><pt><x>237</x><y>286</y><time>27-01-21 21:12:19:145</time></pt><pt><x>241</x><y>274</y><time>27-01-21 21:12:19:760</time></pt><pt><x>245</x><y>249</y><time>27-01-21 21:12:22:735</time></pt><pt><x>244</x><y>239</y><time>27-01-21 21:12:23:142</time></pt><pt><x>245</x><y>225</y><time>27-01-21 21:12:23:538</time></pt><pt><x>248</x><y>206</y><time>27-01-21 21:12:24:572</time></pt><pt><x>253</x><y>193</y><time>27-01-21 21:12:25:162</time></pt><pt><x>256</x><y>188</y><time>27-01-21 21:12:25:538</time></pt><pt><x>259</x><y>178</y><time>27-01-21 21:12:25:994</time></pt><pt><x>264</x><y>161</y><time>27-01-21 21:12:27:438</time></pt><pt><x>266</x><y>145</y><time>27-01-21 21:12:28:114</time></pt><pt><x>267</x><y>141</y><time>27-01-21 21:12:28:318</time></pt><pt><x>268</x><y>139</y><time>27-01-21 21:12:28:476</time></pt><pt><x>267</x><y>137</y><time>27-01-21 21:12:28:641</time></pt><pt><x>267</x><y>134</y><time>27-01-21 21:12:28:799</time></pt><pt><x>268</x><y>127</y><time>27-01-21 21:12:29:174</time></pt><pt><x>267</x><y>111</y><time>27-01-21 21:12:29:976</time></pt><pt><x>264</x><y>83</y><time>27-01-21 21:12:31:617</time></pt><pt><x>261</x><y>67</y><time>27-01-21 21:12:32:458</time></pt><pt><x>257</x><y>47</y><time>27-01-21 21:12:33:174</time></pt><pt><x>253</x><y>36</y><time>27-01-21 21:12:33:926</time></pt><pt><x>248</x><y>30</y><time>27-01-21 21:12:34:289</time></pt><pt><x>243</x><y>29</y><time>27-01-21 21:12:34:627</time></pt><pt><x>242</x><y>27</y><time>27-01-21 21:12:34:868</time></pt><pt><x>245</x><y>24</y><time>27-01-21 21:12:35:262</time></pt><pt><x>249</x><y>16</y><time>27-01-21 21:12:35:638</time></pt><pt><x>250</x><y>14</y><time>27-01-21 21:12:35:952</time></pt><pt><x>252</x><y>13</y><time>27-01-21 21:12:36:173</time></pt><pt><x>255</x><y>11</y><time>27-01-21 21:12:36:418</time></pt><pt><x>254</x><y>5</y><time>27-01-21 21:12:38:375</time></pt><pt><x>252</x><y>1</y><time>27-01-21 21:12:38:704</time></pt><pt><x>251</x><y>0</y><time>27-01-21 21:12:39:714</time></pt><closed_date>27-01-21 21:12:41:184</closed_date></polygon></object><object><name>person</name><deleted>0</deleted><verified>0</verified><occluded>no</occluded><attributes></attributes><parts><hasparts></hasparts><ispartof></ispartof></parts><date>27-01-21 21:14:16:426</date><id>1</id><polygon><username>7hao</username><pt><x>375</x><y>0</y><time>27-01-21 21:12:50:967</time></pt><pt><x>371</x><y>18</y><time>27-01-21 21:12:51:693</time></pt><pt><x>366</x><y>34</y><time>27-01-21 21:12:52:190</time></pt><pt><x>353</x><y>54</y><time>27-01-21 21:12:53:739</time></pt><pt><x>343</x><y>65</y><time>27-01-21 21:12:54:402</time></pt><pt><x>334</x><y>75</y><time>27-01-21 21:12:56:650</time></pt><pt><x>329</x><y>80</y><time>27-01-21 21:12:56:941</time></pt><pt><x>322</x><y>82</y><time>27-01-21 21:12:57:128</time></pt><pt><x>318</x><y>84</y><time>27-01-21 21:12:57:279</time></pt><pt><x>313</x><y>90</y><time>27-01-21 21:12:59:296</time></pt><pt><x>306</x><y>93</y><time>27-01-21 21:12:59:541</time></pt><pt><x>300</x><y>95</y><time>27-01-21 21:12:59:705</time></pt><pt><x>297</x><y>97</y><time>27-01-21 21:12:59:846</time></pt><pt><x>296</x><y>105</y><time>27-01-21 21:13:00:051</time></pt><pt><x>295</x><y>116</y><time>27-01-21 21:13:00:318</time></pt><pt><x>300</x><y>121</y><time>27-01-21 21:13:00:475</time></pt><pt><x>308</x><y>126</y><time>27-01-21 21:13:00:688</time></pt><pt><x>315</x><y>127</y><time>27-01-21 21:13:00:914</time></pt><pt><x>319</x><y>123</y><time>27-01-21 21:13:01:070</time></pt><pt><x>322</x><y>120</y><time>27-01-21 21:13:01:271</time></pt><pt><x>325</x><y>113</y><time>27-01-21 21:13:01:416</time></pt><pt><x>326</x><y>110</y><time>27-01-21 21:13:01:629</time></pt><pt><x>335</x><y>103</y><time>27-01-21 21:13:05:910</time></pt><pt><x>344</x><y>96</y><time>27-01-21 21:13:06:153</time></pt><pt><x>355</x><y>89</y><time>27-01-21 21:13:06:352</time></pt><pt><x>367</x><y>82</y><time>27-01-21 21:13:06:634</time></pt><pt><x>372</x><y>78</y><time>27-01-21 21:13:06:828</time></pt><pt><x>376</x><y>76</y><time>27-01-21 21:13:07:168</time></pt><pt><x>376</x><y>82</y><time>27-01-21 21:13:07:341</time></pt><pt><x>377</x><y>89</y><time>27-01-21 21:13:07:496</time></pt><pt><x>378</x><y>99</y><time>27-01-21 21:13:07:749</time></pt><pt><x>379</x><y>103</y><time>27-01-21 21:13:07:913</time></pt><pt><x>382</x><y>108</y><time>27-01-21 21:13:08:087</time></pt><pt><x>385</x><y>113</y><time>27-01-21 21:13:10:638</time></pt><pt><x>386</x><y>124</y><time>27-01-21 21:13:10:780</time></pt><pt><x>386</x><y>129</y><time>27-01-21 21:13:10:928</time></pt><pt><x>386</x><y>137</y><time>27-01-21 21:13:11:081</time></pt><pt><x>385</x><y>142</y><time>27-01-21 21:13:11:228</time></pt><pt><x>385</x><y>149</y><time>27-01-21 21:13:11:377</time></pt><pt><x>387</x><y>154</y><time>27-01-21 21:13:11:527</time></pt><pt><x>388</x><y>159</y><time>27-01-21 21:13:11:690</time></pt><pt><x>386</x><y>179</y><time>27-01-21 21:13:13:546</time></pt><pt><x>379</x><y>210</y><time>27-01-21 21:13:14:221</time></pt><pt><x>376</x><y>230</y><time>27-01-21 21:13:14:596</time></pt><pt><x>382</x><y>260</y><time>27-01-21 21:13:16:254</time></pt><pt><x>379</x><y>279</y><time>27-01-21 21:13:16:899</time></pt><pt><x>373</x><y>304</y><time>27-01-21 21:13:17:314</time></pt><pt><x>368</x><y>318</y><time>27-01-21 21:13:20:730</time></pt><pt><x>368</x><y>327</y><time>27-01-21 21:13:20:934</time></pt><pt><x>362</x><y>333</y><time>27-01-21 21:13:21:508</time></pt><pt><x>359</x><y>336</y><time>27-01-21 21:13:21:651</time></pt><pt><x>356</x><y>341</y><time>27-01-21 21:13:21:792</time></pt><pt><x>352</x><y>346</y><time>27-01-21 21:13:22:109</time></pt><pt><x>344</x><y>351</y><time>27-01-21 21:13:22:111</time></pt><pt><x>338</x><y>357</y><time>27-01-21 21:13:22:262</time></pt><pt><x>334</x><y>359</y><time>27-01-21 21:13:22:601</time></pt><pt><x>326</x><y>360</y><time>27-01-21 21:13:22:772</time></pt><pt><x>323</x><y>360</y><time>27-01-21 21:13:24:604</time></pt><pt><x>315</x><y>366</y><time>27-01-21 21:13:24:910</time></pt><pt><x>315</x><y>370</y><time>27-01-21 21:13:25:058</time></pt><pt><x>318</x><y>375</y><time>27-01-21 21:13:25:224</time></pt><pt><x>333</x><y>382</y><time>27-01-21 21:13:25:421</time></pt><pt><x>346</x><y>387</y><time>27-01-21 21:13:25:650</time></pt><pt><x>365</x><y>392</y><time>27-01-21 21:13:25:954</time></pt><pt><x>381</x><y>391</y><time>27-01-21 21:13:26:152</time></pt><pt><x>385</x><y>388</y><time>27-01-21 21:13:26:331</time></pt><pt><x>382</x><y>374</y><time>27-01-21 21:13:26:653</time></pt><pt><x>383</x><y>367</y><time>27-01-21 21:13:26:818</time></pt><pt><x>386</x><y>359</y><time>27-01-21 21:13:28:546</time></pt><pt><x>388</x><y>353</y><time>27-01-21 21:13:28:711</time></pt><pt><x>388</x><y>346</y><time>27-01-21 21:13:28:852</time></pt><pt><x>397</x><y>333</y><time>27-01-21 21:13:29:135</time></pt><pt><x>404</x><y>308</y><time>27-01-21 21:13:29:613</time></pt><pt><x>408</x><y>294</y><time>27-01-21 21:13:30:816</time></pt><pt><x>411</x><y>291</y><time>27-01-21 21:13:31:113</time></pt><pt><x>414</x><y>297</y><time>27-01-21 21:13:31:280</time></pt><pt><x>415</x><y>305</y><time>27-01-21 21:13:31:444</time></pt><pt><x>415</x><y>315</y><time>27-01-21 21:13:31:760</time></pt><pt><x>416</x><y>321</y><time>27-01-21 21:13:31:924</time></pt><pt><x>418</x><y>327</y><time>27-01-21 21:13:32:113</time></pt><pt><x>422</x><y>330</y><time>27-01-21 21:13:35:051</time></pt><pt><x>424</x><y>335</y><time>27-01-21 21:13:35:278</time></pt><pt><x>424</x><y>340</y><time>27-01-21 21:13:35:450</time></pt><pt><x>421</x><y>344</y><time>27-01-21 21:13:35:772</time></pt><pt><x>416</x><y>346</y><time>27-01-21 21:13:36:039</time></pt><pt><x>414</x><y>349</y><time>27-01-21 21:13:36:189</time></pt><pt><x>406</x><y>354</y><time>27-01-21 21:13:36:518</time></pt><pt><x>398</x><y>355</y><time>27-01-21 21:13:36:723</time></pt><pt><x>393</x><y>356</y><time>27-01-21 21:13:36:902</time></pt><pt><x>392</x><y>359</y><time>27-01-21 21:13:37:070</time></pt><pt><x>389</x><y>363</y><time>27-01-21 21:13:39:033</time></pt><pt><x>389</x><y>366</y><time>27-01-21 21:13:39:215</time></pt><pt><x>394</x><y>369</y><time>27-01-21 21:13:39:378</time></pt><pt><x>400</x><y>370</y><time>27-01-21 21:13:39:543</time></pt><pt><x>419</x><y>373</y><time>27-01-21 21:13:40:265</time></pt><pt><x>425</x><y>372</y><time>27-01-21 21:13:40:548</time></pt><pt><x>437</x><y>371</y><time>27-01-21 21:13:42:432</time></pt><pt><x>446</x><y>372</y><time>27-01-21 21:13:42:702</time></pt><pt><x>456</x><y>373</y><time>27-01-21 21:13:42:934</time></pt><pt><x>473</x><y>373</y><time>27-01-21 21:13:43:562</time></pt><pt><x>473</x><y>365</y><time>27-01-21 21:13:43:924</time></pt><pt><x>471</x><y>356</y><time>27-01-21 21:13:44:295</time></pt><pt><x>470</x><y>353</y><time>27-01-21 21:13:44:491</time></pt><pt><x>470</x><y>350</y><time>27-01-21 21:13:44:678</time></pt><pt><x>474</x><y>346</y><time>27-01-21 21:13:44:844</time></pt><pt><x>474</x><y>343</y><time>27-01-21 21:13:45:062</time></pt><pt><x>469</x><y>334</y><time>27-01-21 21:13:47:451</time></pt><pt><x>465</x><y>320</y><time>27-01-21 21:13:47:931</time></pt><pt><x>461</x><y>305</y><time>27-01-21 21:13:49:202</time></pt><pt><x>455</x><y>277</y><time>27-01-21 21:13:49:887</time></pt><pt><x>447</x><y>241</y><time>27-01-21 21:13:51:072</time></pt><pt><x>444</x><y>236</y><time>27-01-21 21:13:51:318</time></pt><pt><x>445</x><y>231</y><time>27-01-21 21:13:51:480</time></pt><pt><x>446</x><y>226</y><time>27-01-21 21:13:51:638</time></pt><pt><x>444</x><y>220</y><time>27-01-21 21:13:51:796</time></pt><pt><x>443</x><y>214</y><time>27-01-21 21:13:51:990</time></pt><pt><x>441</x><y>205</y><time>27-01-21 21:13:52:486</time></pt><pt><x>442</x><y>185</y><time>27-01-21 21:13:54:700</time></pt><pt><x>447</x><y>172</y><time>27-01-21 21:13:55:597</time></pt><pt><x>454</x><y>154</y><time>27-01-21 21:13:56:138</time></pt><pt><x>457</x><y>148</y><time>27-01-21 21:13:56:501</time></pt><pt><x>462</x><y>149</y><time>27-01-21 21:13:56:750</time></pt><pt><x>467</x><y>149</y><time>27-01-21 21:13:56:940</time></pt><pt><x>477</x><y>144</y><time>27-01-21 21:13:57:654</time></pt><pt><x>486</x><y>136</y><time>27-01-21 21:13:59:628</time></pt><pt><x>489</x><y>124</y><time>27-01-21 21:14:00:041</time></pt><pt><x>489</x><y>115</y><time>27-01-21 21:14:00:372</time></pt><pt><x>491</x><y>106</y><time>27-01-21 21:14:00:710</time></pt><pt><x>499</x><y>82</y><time>27-01-21 21:14:02:603</time></pt><pt><x>504</x><y>56</y><time>27-01-21 21:14:05:822</time></pt><pt><x>505</x><y>39</y><time>27-01-21 21:14:06:231</time></pt><pt><x>500</x><y>20</y><time>27-01-21 21:14:06:756</time></pt><pt><x>499</x><y>7</y><time>27-01-21 21:14:08:126</time></pt><pt><x>498</x><y>2</y><time>27-01-21 21:14:08:697</time></pt><pt><x>498</x><y>0</y><time>27-01-21 21:14:09:090</time></pt><pt><x>498</x><y>0</y><time>27-01-21 21:14:09:734</time></pt><closed_date>27-01-21 21:14:13:244</closed_date></polygon></object><object><name>person</name><deleted>0</deleted><verified>0</verified><occluded>no</occluded><attributes></attributes><parts><hasparts></hasparts><ispartof></ispartof></parts><date>27-01-21 21:15:30:076</date><id>2</id><polygon><username>7hao</username><pt><x>359</x><y>97</y><time>27-01-21 21:14:21:832</time></pt><pt><x>361</x><y>103</y><time>27-01-21 21:14:22:294</time></pt><pt><x>361</x><y>126</y><time>27-01-21 21:14:22:993</time></pt><pt><x>361</x><y>154</y><time>27-01-21 21:14:23:778</time></pt><pt><x>360</x><y>161</y><time>27-01-21 21:14:24:287</time></pt><pt><x>359</x><y>176</y><time>27-01-21 21:14:26:440</time></pt><pt><x>358</x><y>194</y><time>27-01-21 21:14:26:982</time></pt><pt><x>360</x><y>208</y><time>27-01-21 21:14:27:327</time></pt><pt><x>362</x><y>235</y><time>27-01-21 21:14:34:206</time></pt><pt><x>361</x><y>240</y><time>27-01-21 21:14:34:528</time></pt><pt><x>359</x><y>242</y><time>27-01-21 21:14:34:686</time></pt><pt><x>358</x><y>245</y><time>27-01-21 21:14:34:827</time></pt><pt><x>358</x><y>248</y><time>27-01-21 21:14:34:975</time></pt><pt><x>358</x><y>256</y><time>27-01-21 21:14:35:283</time></pt><pt><x>358</x><y>268</y><time>27-01-21 21:14:35:760</time></pt><pt><x>358</x><y>275</y><time>27-01-21 21:14:36:120</time></pt><pt><x>358</x><y>278</y><time>27-01-21 21:14:36:287</time></pt><pt><x>357</x><y>281</y><time>27-01-21 21:14:36:422</time></pt><pt><x>358</x><y>284</y><time>27-01-21 21:14:36:592</time></pt><pt><x>359</x><y>286</y><time>27-01-21 21:14:36:751</time></pt><pt><x>359</x><y>288</y><time>27-01-21 21:14:36:899</time></pt><pt><x>358</x><y>293</y><time>27-01-21 21:14:37:198</time></pt><pt><x>357</x><y>294</y><time>27-01-21 21:14:37:338</time></pt><pt><x>357</x><y>296</y><time>27-01-21 21:14:37:465</time></pt><pt><x>354</x><y>301</y><time>27-01-21 21:14:38:830</time></pt><pt><x>353</x><y>304</y><time>27-01-21 21:14:38:989</time></pt><pt><x>351</x><y>310</y><time>27-01-21 21:14:39:336</time></pt><pt><x>351</x><y>312</y><time>27-01-21 21:14:39:492</time></pt><pt><x>353</x><y>314</y><time>27-01-21 21:14:39:663</time></pt><pt><x>357</x><y>314</y><time>27-01-21 21:14:39:842</time></pt><pt><x>365</x><y>314</y><time>27-01-21 21:14:40:205</time></pt><pt><x>369</x><y>313</y><time>27-01-21 21:14:41:172</time></pt><pt><x>372</x><y>302</y><time>27-01-21 21:14:42:207</time></pt><pt><x>371</x><y>296</y><time>27-01-21 21:14:42:662</time></pt><pt><x>377</x><y>276</y><time>27-01-21 21:14:45:728</time></pt><pt><x>379</x><y>265</y><time>27-01-21 21:14:46:363</time></pt><pt><x>379</x><y>256</y><time>27-01-21 21:14:46:976</time></pt><pt><x>375</x><y>231</y><time>27-01-21 21:14:49:702</time></pt><pt><x>375</x><y>226</y><time>27-01-21 21:14:51:688</time></pt><pt><x>376</x><y>218</y><time>27-01-21 21:15:02:044</time></pt><pt><x>385</x><y>177</y><time>27-01-21 21:15:03:374</time></pt><pt><x>387</x><y>159</y><time>27-01-21 21:15:05:203</time></pt><pt><x>383</x><y>148</y><time>27-01-21 21:15:06:852</time></pt><pt><x>384</x><y>139</y><time>27-01-21 21:15:07:653</time></pt><pt><x>385</x><y>136</y><time>27-01-21 21:15:08:134</time></pt><pt><x>384</x><y>114</y><time>27-01-21 21:15:11:248</time></pt><pt><x>378</x><y>103</y><time>27-01-21 21:15:12:349</time></pt><pt><x>376</x><y>95</y><time>27-01-21 21:15:13:606</time></pt><pt><x>374</x><y>79</y><time>27-01-21 21:15:18:750</time></pt><pt><x>347</x><y>96</y><time>27-01-21 21:15:25:173</time></pt><pt><x>352</x><y>95</y><time>27-01-21 21:15:26:468</time></pt><pt><x>356</x><y>96</y><time>27-01-21 21:15:26:839</time></pt><closed_date>27-01-21 21:15:27:435</closed_date></polygon></object><object><name>person</name><deleted>0</deleted><verified>0</verified><occluded>no</occluded><attributes></attributes><parts><hasparts></hasparts><ispartof></ispartof></parts><date>27-01-21 21:15:47:663</date><id>3</id><polygon><username>7hao</username><pt><x>408</x><y>298</y><time>27-01-21 21:15:39:010</time></pt><pt><x>403</x><y>315</y><time>27-01-21 21:15:40:215</time></pt><pt><x>413</x><y>314</y><time>27-01-21 21:15:41:792</time></pt><pt><x>414</x><y>313</y><time>27-01-21 21:15:43:394</time></pt><pt><x>414</x><y>306</y><time>27-01-21 21:15:44:400</time></pt><closed_date>27-01-21 21:15:45:524</closed_date></polygon></object></annotation>