<annotation><filename>frame0076.jpg</filename><folder>users/lab605//7hao/human_20210119_4</folder><source><submittedBy>lab605</submittedBy></source><imagesize><nrows>480</nrows><ncols>640</ncols></imagesize><object><name>person</name><deleted>0</deleted><verified>0</verified><occluded>no</occluded><attributes></attributes><parts><hasparts></hasparts><ispartof></ispartof></parts><date>26-01-21 14:43:52:798</date><id>0</id><polygon><username>7hao</username><pt><x>143</x><y>0</y><time>26-01-21 14:42:30:684</time></pt><pt><x>143</x><y>2</y><time>26-01-21 14:42:31:058</time></pt><pt><x>143</x><y>3</y><time>26-01-21 14:42:31:230</time></pt><pt><x>143</x><y>4</y><time>26-01-21 14:42:31:539</time></pt><pt><x>144</x><y>6</y><time>26-01-21 14:42:31:782</time></pt><pt><x>142</x><y>8</y><time>26-01-21 14:42:32:095</time></pt><pt><x>133</x><y>13</y><time>26-01-21 14:42:32:574</time></pt><pt><x>125</x><y>18</y><time>26-01-21 14:42:33:029</time></pt><pt><x>121</x><y>24</y><time>26-01-21 14:42:33:439</time></pt><pt><x>118</x><y>33</y><time>26-01-21 14:42:33:958</time></pt><pt><x>116</x><y>45</y><time>26-01-21 14:42:34:468</time></pt><pt><x>115</x><y>54</y><time>26-01-21 14:42:34:940</time></pt><pt><x>114</x><y>83</y><time>26-01-21 14:42:36:749</time></pt><pt><x>115</x><y>95</y><time>26-01-21 14:42:37:266</time></pt><pt><x>117</x><y>105</y><time>26-01-21 14:42:37:762</time></pt><pt><x>121</x><y>114</y><time>26-01-21 14:42:38:224</time></pt><pt><x>125</x><y>122</y><time>26-01-21 14:42:40:032</time></pt><pt><x>125</x><y>126</y><time>26-01-21 14:42:40:394</time></pt><pt><x>126</x><y>131</y><time>26-01-21 14:42:40:566</time></pt><pt><x>127</x><y>134</y><time>26-01-21 14:42:40:756</time></pt><pt><x>129</x><y>138</y><time>26-01-21 14:42:41:116</time></pt><pt><x>131</x><y>140</y><time>26-01-21 14:42:41:352</time></pt><pt><x>132</x><y>141</y><time>26-01-21 14:42:41:504</time></pt><pt><x>133</x><y>145</y><time>26-01-21 14:42:41:824</time></pt><pt><x>134</x><y>152</y><time>26-01-21 14:42:42:200</time></pt><pt><x>134</x><y>160</y><time>26-01-21 14:42:43:283</time></pt><pt><x>135</x><y>169</y><time>26-01-21 14:42:43:724</time></pt><pt><x>137</x><y>182</y><time>26-01-21 14:42:44:989</time></pt><pt><x>137</x><y>189</y><time>26-01-21 14:42:45:336</time></pt><pt><x>137</x><y>193</y><time>26-01-21 14:42:45:518</time></pt><pt><x>138</x><y>196</y><time>26-01-21 14:42:45:753</time></pt><pt><x>139</x><y>199</y><time>26-01-21 14:42:45:941</time></pt><pt><x>141</x><y>200</y><time>26-01-21 14:42:46:138</time></pt><pt><x>142</x><y>202</y><time>26-01-21 14:42:46:319</time></pt><pt><x>142</x><y>205</y><time>26-01-21 14:42:46:506</time></pt><pt><x>142</x><y>213</y><time>26-01-21 14:42:46:922</time></pt><pt><x>140</x><y>227</y><time>26-01-21 14:42:47:986</time></pt><pt><x>138</x><y>238</y><time>26-01-21 14:42:48:433</time></pt><pt><x>136</x><y>248</y><time>26-01-21 14:42:48:855</time></pt><pt><x>136</x><y>256</y><time>26-01-21 14:42:49:413</time></pt><pt><x>137</x><y>268</y><time>26-01-21 14:42:50:562</time></pt><pt><x>139</x><y>282</y><time>26-01-21 14:42:53:625</time></pt><pt><x>141</x><y>290</y><time>26-01-21 14:42:54:004</time></pt><pt><x>142</x><y>296</y><time>26-01-21 14:42:54:310</time></pt><pt><x>141</x><y>302</y><time>26-01-21 14:42:54:647</time></pt><pt><x>140</x><y>309</y><time>26-01-21 14:42:55:198</time></pt><pt><x>137</x><y>315</y><time>26-01-21 14:42:55:748</time></pt><pt><x>135</x><y>319</y><time>26-01-21 14:42:56:164</time></pt><pt><x>132</x><y>320</y><time>26-01-21 14:42:56:471</time></pt><pt><x>131</x><y>325</y><time>26-01-21 14:42:58:012</time></pt><pt><x>134</x><y>330</y><time>26-01-21 14:42:58:292</time></pt><pt><x>136</x><y>331</y><time>26-01-21 14:42:58:506</time></pt><pt><x>140</x><y>333</y><time>26-01-21 14:42:58:850</time></pt><pt><x>148</x><y>333</y><time>26-01-21 14:42:59:180</time></pt><pt><x>155</x><y>333</y><time>26-01-21 14:42:59:526</time></pt><pt><x>156</x><y>329</y><time>26-01-21 14:42:59:887</time></pt><pt><x>158</x><y>319</y><time>26-01-21 14:43:00:588</time></pt><pt><x>158</x><y>313</y><time>26-01-21 14:43:00:885</time></pt><pt><x>157</x><y>307</y><time>26-01-21 14:43:01:113</time></pt><pt><x>155</x><y>300</y><time>26-01-21 14:43:01:680</time></pt><pt><x>156</x><y>283</y><time>26-01-21 14:43:02:771</time></pt><pt><x>159</x><y>269</y><time>26-01-21 14:43:03:204</time></pt><pt><x>163</x><y>258</y><time>26-01-21 14:43:03:643</time></pt><pt><x>163</x><y>242</y><time>26-01-21 14:43:04:916</time></pt><pt><x>163</x><y>234</y><time>26-01-21 14:43:05:254</time></pt><pt><x>164</x><y>229</y><time>26-01-21 14:43:05:624</time></pt><pt><x>167</x><y>222</y><time>26-01-21 14:43:05:954</time></pt><pt><x>169</x><y>215</y><time>26-01-21 14:43:06:622</time></pt><pt><x>170</x><y>207</y><time>26-01-21 14:43:06:928</time></pt><pt><x>170</x><y>202</y><time>26-01-21 14:43:07:363</time></pt><pt><x>170</x><y>200</y><time>26-01-21 14:43:07:714</time></pt><pt><x>170</x><y>198</y><time>26-01-21 14:43:09:099</time></pt><pt><x>172</x><y>196</y><time>26-01-21 14:43:09:444</time></pt><pt><x>172</x><y>194</y><time>26-01-21 14:43:09:669</time></pt><pt><x>173</x><y>189</y><time>26-01-21 14:43:10:096</time></pt><pt><x>173</x><y>185</y><time>26-01-21 14:43:10:472</time></pt><pt><x>174</x><y>192</y><time>26-01-21 14:43:11:218</time></pt><pt><x>174</x><y>196</y><time>26-01-21 14:43:11:628</time></pt><pt><x>175</x><y>197</y><time>26-01-21 14:43:11:847</time></pt><pt><x>175</x><y>201</y><time>26-01-21 14:43:12:043</time></pt><pt><x>175</x><y>206</y><time>26-01-21 14:43:12:327</time></pt><pt><x>174</x><y>212</y><time>26-01-21 14:43:12:680</time></pt><pt><x>174</x><y>219</y><time>26-01-21 14:43:13:654</time></pt><pt><x>175</x><y>225</y><time>26-01-21 14:43:13:865</time></pt><pt><x>176</x><y>229</y><time>26-01-21 14:43:14:064</time></pt><pt><x>176</x><y>235</y><time>26-01-21 14:43:14:314</time></pt><pt><x>174</x><y>242</y><time>26-01-21 14:43:14:668</time></pt><pt><x>172</x><y>261</y><time>26-01-21 14:43:15:728</time></pt><pt><x>173</x><y>267</y><time>26-01-21 14:43:16:012</time></pt><pt><x>175</x><y>272</y><time>26-01-21 14:43:16:240</time></pt><pt><x>176</x><y>279</y><time>26-01-21 14:43:16:599</time></pt><pt><x>174</x><y>298</y><time>26-01-21 14:43:17:772</time></pt><pt><x>174</x><y>304</y><time>26-01-21 14:43:18:045</time></pt><pt><x>173</x><y>308</y><time>26-01-21 14:43:18:258</time></pt><pt><x>172</x><y>310</y><time>26-01-21 14:43:18:424</time></pt><pt><x>170</x><y>312</y><time>26-01-21 14:43:18:660</time></pt><pt><x>169</x><y>314</y><time>26-01-21 14:43:18:807</time></pt><pt><x>169</x><y>323</y><time>26-01-21 14:43:19:130</time></pt><pt><x>168</x><y>329</y><time>26-01-21 14:43:19:462</time></pt><pt><x>169</x><y>332</y><time>26-01-21 14:43:19:736</time></pt><pt><x>173</x><y>334</y><time>26-01-21 14:43:20:412</time></pt><pt><x>179</x><y>333</y><time>26-01-21 14:43:20:742</time></pt><pt><x>189</x><y>332</y><time>26-01-21 14:43:21:104</time></pt><pt><x>203</x><y>329</y><time>26-01-21 14:43:21:662</time></pt><pt><x>211</x><y>328</y><time>26-01-21 14:43:22:431</time></pt><pt><x>211</x><y>325</y><time>26-01-21 14:43:22:705</time></pt><pt><x>210</x><y>320</y><time>26-01-21 14:43:22:973</time></pt><pt><x>206</x><y>317</y><time>26-01-21 14:43:23:194</time></pt><pt><x>200</x><y>315</y><time>26-01-21 14:43:23:438</time></pt><pt><x>195</x><y>311</y><time>26-01-21 14:43:23:688</time></pt><pt><x>192</x><y>309</y><time>26-01-21 14:43:23:980</time></pt><pt><x>190</x><y>307</y><time>26-01-21 14:43:24:199</time></pt><pt><x>188</x><y>303</y><time>26-01-21 14:43:24:406</time></pt><pt><x>191</x><y>292</y><time>26-01-21 14:43:24:821</time></pt><pt><x>195</x><y>282</y><time>26-01-21 14:43:25:243</time></pt><pt><x>198</x><y>268</y><time>26-01-21 14:43:26:327</time></pt><pt><x>199</x><y>258</y><time>26-01-21 14:43:26:690</time></pt><pt><x>200</x><y>242</y><time>26-01-21 14:43:27:672</time></pt><pt><x>200</x><y>234</y><time>26-01-21 14:43:27:940</time></pt><pt><x>199</x><y>222</y><time>26-01-21 14:43:28:348</time></pt><pt><x>201</x><y>215</y><time>26-01-21 14:43:28:889</time></pt><pt><x>202</x><y>210</y><time>26-01-21 14:43:29:219</time></pt><pt><x>205</x><y>207</y><time>26-01-21 14:43:29:529</time></pt><pt><x>208</x><y>206</y><time>26-01-21 14:43:29:785</time></pt><pt><x>211</x><y>205</y><time>26-01-21 14:43:30:101</time></pt><pt><x>213</x><y>202</y><time>26-01-21 14:43:30:352</time></pt><pt><x>214</x><y>199</y><time>26-01-21 14:43:30:597</time></pt><pt><x>219</x><y>173</y><time>26-01-21 14:43:31:752</time></pt><pt><x>223</x><y>160</y><time>26-01-21 14:43:32:466</time></pt><pt><x>224</x><y>153</y><time>26-01-21 14:43:32:860</time></pt><pt><x>224</x><y>148</y><time>26-01-21 14:43:33:214</time></pt><pt><x>224</x><y>145</y><time>26-01-21 14:43:33:504</time></pt><pt><x>226</x><y>142</y><time>26-01-21 14:43:33:785</time></pt><pt><x>227</x><y>139</y><time>26-01-21 14:43:34:046</time></pt><pt><x>228</x><y>137</y><time>26-01-21 14:43:36:161</time></pt><pt><x>230</x><y>136</y><time>26-01-21 14:43:36:827</time></pt><pt><x>229</x><y>131</y><time>26-01-21 14:43:37:222</time></pt><pt><x>230</x><y>127</y><time>26-01-21 14:43:37:487</time></pt><pt><x>232</x><y>123</y><time>26-01-21 14:43:37:882</time></pt><pt><x>233</x><y>110</y><time>26-01-21 14:43:38:415</time></pt><pt><x>230</x><y>83</y><time>26-01-21 14:43:39:438</time></pt><pt><x>227</x><y>63</y><time>26-01-21 14:43:40:261</time></pt><pt><x>225</x><y>46</y><time>26-01-21 14:43:41:284</time></pt><pt><x>223</x><y>34</y><time>26-01-21 14:43:41:809</time></pt><pt><x>218</x><y>23</y><time>26-01-21 14:43:42:509</time></pt><pt><x>211</x><y>16</y><time>26-01-21 14:43:43:226</time></pt><pt><x>204</x><y>12</y><time>26-01-21 14:43:43:853</time></pt><pt><x>202</x><y>10</y><time>26-01-21 14:43:44:217</time></pt><pt><x>201</x><y>8</y><time>26-01-21 14:43:44:435</time></pt><pt><x>199</x><y>7</y><time>26-01-21 14:43:44:703</time></pt><pt><x>196</x><y>4</y><time>26-01-21 14:43:45:094</time></pt><pt><x>194</x><y>1</y><time>26-01-21 14:43:46:745</time></pt><pt><x>194</x><y>0</y><time>26-01-21 14:43:48:964</time></pt><closed_date>26-01-21 14:43:50:655</closed_date></polygon></object><object><name>person</name><deleted>0</deleted><verified>0</verified><occluded>no</occluded><attributes></attributes><parts><hasparts></hasparts><ispartof></ispartof></parts><date>26-01-21 14:44:54:165</date><id>1</id><polygon><username>7hao</username><pt><x>392</x><y>55</y><time>26-01-21 14:43:57:714</time></pt><pt><x>383</x><y>54</y><time>26-01-21 14:43:58:166</time></pt><pt><x>376</x><y>54</y><time>26-01-21 14:43:58:526</time></pt><pt><x>370</x><y>60</y><time>26-01-21 14:43:59:014</time></pt><pt><x>366</x><y>65</y><time>26-01-21 14:43:59:446</time></pt><pt><x>365</x><y>70</y><time>26-01-21 14:43:59:752</time></pt><pt><x>367</x><y>74</y><time>26-01-21 14:44:00:012</time></pt><pt><x>368</x><y>78</y><time>26-01-21 14:44:00:310</time></pt><pt><x>369</x><y>82</y><time>26-01-21 14:44:00:648</time></pt><pt><x>369</x><y>84</y><time>26-01-21 14:44:00:925</time></pt><pt><x>366</x><y>86</y><time>26-01-21 14:44:01:291</time></pt><pt><x>364</x><y>88</y><time>26-01-21 14:44:01:608</time></pt><pt><x>362</x><y>93</y><time>26-01-21 14:44:01:921</time></pt><pt><x>359</x><y>97</y><time>26-01-21 14:44:03:250</time></pt><pt><x>352</x><y>105</y><time>26-01-21 14:44:03:845</time></pt><pt><x>345</x><y>118</y><time>26-01-21 14:44:04:711</time></pt><pt><x>340</x><y>128</y><time>26-01-21 14:44:05:968</time></pt><pt><x>342</x><y>134</y><time>26-01-21 14:44:06:244</time></pt><pt><x>343</x><y>137</y><time>26-01-21 14:44:06:521</time></pt><pt><x>349</x><y>139</y><time>26-01-21 14:44:06:880</time></pt><pt><x>354</x><y>138</y><time>26-01-21 14:44:07:211</time></pt><pt><x>356</x><y>134</y><time>26-01-21 14:44:07:523</time></pt><pt><x>360</x><y>130</y><time>26-01-21 14:44:08:143</time></pt><pt><x>359</x><y>160</y><time>26-01-21 14:44:09:300</time></pt><pt><x>358</x><y>171</y><time>26-01-21 14:44:09:769</time></pt><pt><x>358</x><y>176</y><time>26-01-21 14:44:10:094</time></pt><pt><x>357</x><y>181</y><time>26-01-21 14:44:10:408</time></pt><pt><x>356</x><y>206</y><time>26-01-21 14:44:11:539</time></pt><pt><x>357</x><y>218</y><time>26-01-21 14:44:11:924</time></pt><pt><x>359</x><y>231</y><time>26-01-21 14:44:12:460</time></pt><pt><x>359</x><y>237</y><time>26-01-21 14:44:12:843</time></pt><pt><x>357</x><y>245</y><time>26-01-21 14:44:14:241</time></pt><pt><x>356</x><y>249</y><time>26-01-21 14:44:14:438</time></pt><pt><x>356</x><y>253</y><time>26-01-21 14:44:14:611</time></pt><pt><x>356</x><y>260</y><time>26-01-21 14:44:14:861</time></pt><pt><x>356</x><y>269</y><time>26-01-21 14:44:15:249</time></pt><pt><x>355</x><y>274</y><time>26-01-21 14:44:15:453</time></pt><pt><x>354</x><y>277</y><time>26-01-21 14:44:15:689</time></pt><pt><x>354</x><y>280</y><time>26-01-21 14:44:15:822</time></pt><pt><x>356</x><y>283</y><time>26-01-21 14:44:16:080</time></pt><pt><x>356</x><y>287</y><time>26-01-21 14:44:16:394</time></pt><pt><x>353</x><y>294</y><time>26-01-21 14:44:17:528</time></pt><pt><x>348</x><y>300</y><time>26-01-21 14:44:18:210</time></pt><pt><x>348</x><y>304</y><time>26-01-21 14:44:18:472</time></pt><pt><x>349</x><y>306</y><time>26-01-21 14:44:18:673</time></pt><pt><x>356</x><y>306</y><time>26-01-21 14:44:19:003</time></pt><pt><x>362</x><y>306</y><time>26-01-21 14:44:19:357</time></pt><pt><x>364</x><y>305</y><time>26-01-21 14:44:19:726</time></pt><pt><x>365</x><y>303</y><time>26-01-21 14:44:19:995</time></pt><pt><x>366</x><y>303</y><time>26-01-21 14:44:20:149</time></pt><pt><x>367</x><y>302</y><time>26-01-21 14:44:20:369</time></pt><pt><x>367</x><y>299</y><time>26-01-21 14:44:20:608</time></pt><pt><x>367</x><y>294</y><time>26-01-21 14:44:20:802</time></pt><pt><x>367</x><y>288</y><time>26-01-21 14:44:21:179</time></pt><pt><x>371</x><y>274</y><time>26-01-21 14:44:21:746</time></pt><pt><x>373</x><y>265</y><time>26-01-21 14:44:22:483</time></pt><pt><x>375</x><y>251</y><time>26-01-21 14:44:23:962</time></pt><pt><x>376</x><y>244</y><time>26-01-21 14:44:24:276</time></pt><pt><x>379</x><y>232</y><time>26-01-21 14:44:24:769</time></pt><pt><x>382</x><y>217</y><time>26-01-21 14:44:25:666</time></pt><pt><x>382</x><y>234</y><time>26-01-21 14:44:26:178</time></pt><pt><x>382</x><y>246</y><time>26-01-21 14:44:26:892</time></pt><pt><x>382</x><y>261</y><time>26-01-21 14:44:27:713</time></pt><pt><x>382</x><y>279</y><time>26-01-21 14:44:28:855</time></pt><pt><x>383</x><y>283</y><time>26-01-21 14:44:29:069</time></pt><pt><x>384</x><y>285</y><time>26-01-21 14:44:29:352</time></pt><pt><x>385</x><y>289</y><time>26-01-21 14:44:29:697</time></pt><pt><x>385</x><y>290</y><time>26-01-21 14:44:29:861</time></pt><pt><x>385</x><y>294</y><time>26-01-21 14:44:30:073</time></pt><pt><x>385</x><y>297</y><time>26-01-21 14:44:30:311</time></pt><pt><x>383</x><y>299</y><time>26-01-21 14:44:30:467</time></pt><pt><x>384</x><y>301</y><time>26-01-21 14:44:30:696</time></pt><pt><x>386</x><y>301</y><time>26-01-21 14:44:30:883</time></pt><pt><x>389</x><y>302</y><time>26-01-21 14:44:31:166</time></pt><pt><x>390</x><y>303</y><time>26-01-21 14:44:31:418</time></pt><pt><x>392</x><y>304</y><time>26-01-21 14:44:31:629</time></pt><pt><x>399</x><y>304</y><time>26-01-21 14:44:31:975</time></pt><pt><x>404</x><y>305</y><time>26-01-21 14:44:32:415</time></pt><pt><x>406</x><y>303</y><time>26-01-21 14:44:32:706</time></pt><pt><x>405</x><y>300</y><time>26-01-21 14:44:32:925</time></pt><pt><x>401</x><y>297</y><time>26-01-21 14:44:33:337</time></pt><pt><x>398</x><y>291</y><time>26-01-21 14:44:33:665</time></pt><pt><x>397</x><y>286</y><time>26-01-21 14:44:33:885</time></pt><pt><x>397</x><y>281</y><time>26-01-21 14:44:34:090</time></pt><pt><x>398</x><y>277</y><time>26-01-21 14:44:34:341</time></pt><pt><x>399</x><y>267</y><time>26-01-21 14:44:34:766</time></pt><pt><x>400</x><y>260</y><time>26-01-21 14:44:35:205</time></pt><pt><x>401</x><y>243</y><time>26-01-21 14:44:36:485</time></pt><pt><x>400</x><y>240</y><time>26-01-21 14:44:36:824</time></pt><pt><x>400</x><y>238</y><time>26-01-21 14:44:36:999</time></pt><pt><x>401</x><y>235</y><time>26-01-21 14:44:37:210</time></pt><pt><x>402</x><y>229</y><time>26-01-21 14:44:37:680</time></pt><pt><x>405</x><y>204</y><time>26-01-21 14:44:38:725</time></pt><pt><x>407</x><y>202</y><time>26-01-21 14:44:39:102</time></pt><pt><x>410</x><y>203</y><time>26-01-21 14:44:39:364</time></pt><pt><x>413</x><y>201</y><time>26-01-21 14:44:39:583</time></pt><pt><x>416</x><y>197</y><time>26-01-21 14:44:39:952</time></pt><pt><x>416</x><y>193</y><time>26-01-21 14:44:40:188</time></pt><pt><x>416</x><y>189</y><time>26-01-21 14:44:40:416</time></pt><pt><x>417</x><y>184</y><time>26-01-21 14:44:40:731</time></pt><pt><x>421</x><y>178</y><time>26-01-21 14:44:41:389</time></pt><pt><x>421</x><y>171</y><time>26-01-21 14:44:41:806</time></pt><pt><x>422</x><y>152</y><time>26-01-21 14:44:43:071</time></pt><pt><x>420</x><y>134</y><time>26-01-21 14:44:44:179</time></pt><pt><x>419</x><y>118</y><time>26-01-21 14:44:44:941</time></pt><pt><x>416</x><y>105</y><time>26-01-21 14:44:45:639</time></pt><pt><x>414</x><y>102</y><time>26-01-21 14:44:45:985</time></pt><pt><x>408</x><y>98</y><time>26-01-21 14:44:46:458</time></pt><pt><x>401</x><y>95</y><time>26-01-21 14:44:46:953</time></pt><pt><x>396</x><y>93</y><time>26-01-21 14:44:48:462</time></pt><pt><x>394</x><y>92</y><time>26-01-21 14:44:48:783</time></pt><pt><x>394</x><y>90</y><time>26-01-21 14:44:48:980</time></pt><pt><x>395</x><y>86</y><time>26-01-21 14:44:49:223</time></pt><pt><x>398</x><y>81</y><time>26-01-21 14:44:49:531</time></pt><pt><x>398</x><y>78</y><time>26-01-21 14:44:49:775</time></pt><pt><x>398</x><y>73</y><time>26-01-21 14:44:50:033</time></pt><pt><x>398</x><y>69</y><time>26-01-21 14:44:50:261</time></pt><pt><x>398</x><y>65</y><time>26-01-21 14:44:50:559</time></pt><pt><x>397</x><y>62</y><time>26-01-21 14:44:50:865</time></pt><pt><x>396</x><y>59</y><time>26-01-21 14:44:51:101</time></pt><pt><x>394</x><y>57</y><time>26-01-21 14:44:51:408</time></pt><pt><x>393</x><y>56</y><time>26-01-21 14:44:51:721</time></pt><closed_date>26-01-21 14:44:52:091</closed_date></polygon></object><object><name>person</name><deleted>0</deleted><verified>0</verified><occluded>no</occluded><attributes></attributes><parts><hasparts></hasparts><ispartof></ispartof></parts><date>26-01-21 14:45:37:046</date><id>2</id><polygon><username>7hao</username><pt><x>640</x><y>46</y><time>26-01-21 14:44:59:618</time></pt><pt><x>636</x><y>48</y><time>26-01-21 14:45:00:287</time></pt><pt><x>629</x><y>53</y><time>26-01-21 14:45:00:719</time></pt><pt><x>625</x><y>60</y><time>26-01-21 14:45:01:160</time></pt><pt><x>620</x><y>69</y><time>26-01-21 14:45:01:633</time></pt><pt><x>617</x><y>81</y><time>26-01-21 14:45:02:128</time></pt><pt><x>613</x><y>87</y><time>26-01-21 14:45:02:590</time></pt><pt><x>610</x><y>93</y><time>26-01-21 14:45:03:942</time></pt><pt><x>608</x><y>100</y><time>26-01-21 14:45:04:288</time></pt><pt><x>606</x><y>110</y><time>26-01-21 14:45:04:620</time></pt><pt><x>607</x><y>117</y><time>26-01-21 14:45:04:900</time></pt><pt><x>609</x><y>127</y><time>26-01-21 14:45:05:261</time></pt><pt><x>612</x><y>132</y><time>26-01-21 14:45:05:608</time></pt><pt><x>616</x><y>136</y><time>26-01-21 14:45:05:921</time></pt><pt><x>617</x><y>140</y><time>26-01-21 14:45:07:564</time></pt><pt><x>617</x><y>144</y><time>26-01-21 14:45:07:775</time></pt><pt><x>619</x><y>147</y><time>26-01-21 14:45:07:957</time></pt><pt><x>620</x><y>149</y><time>26-01-21 14:45:08:194</time></pt><pt><x>618</x><y>153</y><time>26-01-21 14:45:08:562</time></pt><pt><x>618</x><y>155</y><time>26-01-21 14:45:08:735</time></pt><pt><x>617</x><y>157</y><time>26-01-21 14:45:08:906</time></pt><pt><x>616</x><y>159</y><time>26-01-21 14:45:09:089</time></pt><pt><x>613</x><y>163</y><time>26-01-21 14:45:09:387</time></pt><pt><x>612</x><y>165</y><time>26-01-21 14:45:09:569</time></pt><pt><x>612</x><y>170</y><time>26-01-21 14:45:09:779</time></pt><pt><x>614</x><y>174</y><time>26-01-21 14:45:09:977</time></pt><pt><x>615</x><y>176</y><time>26-01-21 14:45:10:173</time></pt><pt><x>613</x><y>178</y><time>26-01-21 14:45:10:338</time></pt><pt><x>612</x><y>181</y><time>26-01-21 14:45:10:668</time></pt><pt><x>610</x><y>193</y><time>26-01-21 14:45:11:941</time></pt><pt><x>608</x><y>197</y><time>26-01-21 14:45:12:124</time></pt><pt><x>608</x><y>199</y><time>26-01-21 14:45:12:296</time></pt><pt><x>608</x><y>203</y><time>26-01-21 14:45:12:437</time></pt><pt><x>608</x><y>210</y><time>26-01-21 14:45:12:808</time></pt><pt><x>606</x><y>216</y><time>26-01-21 14:45:13:161</time></pt><pt><x>604</x><y>234</y><time>26-01-21 14:45:14:431</time></pt><pt><x>604</x><y>241</y><time>26-01-21 14:45:14:777</time></pt><pt><x>603</x><y>246</y><time>26-01-21 14:45:14:952</time></pt><pt><x>603</x><y>249</y><time>26-01-21 14:45:15:124</time></pt><pt><x>602</x><y>253</y><time>26-01-21 14:45:15:386</time></pt><pt><x>601</x><y>259</y><time>26-01-21 14:45:15:650</time></pt><pt><x>599</x><y>270</y><time>26-01-21 14:45:16:711</time></pt><pt><x>599</x><y>278</y><time>26-01-21 14:45:17:018</time></pt><pt><x>600</x><y>284</y><time>26-01-21 14:45:17:215</time></pt><pt><x>603</x><y>292</y><time>26-01-21 14:45:17:481</time></pt><pt><x>605</x><y>295</y><time>26-01-21 14:45:17:922</time></pt><pt><x>606</x><y>298</y><time>26-01-21 14:45:18:118</time></pt><pt><x>603</x><y>304</y><time>26-01-21 14:45:18:549</time></pt><pt><x>599</x><y>310</y><time>26-01-21 14:45:19:115</time></pt><pt><x>595</x><y>312</y><time>26-01-21 14:45:19:407</time></pt><pt><x>590</x><y>313</y><time>26-01-21 14:45:19:681</time></pt><pt><x>584</x><y>314</y><time>26-01-21 14:45:19:901</time></pt><pt><x>581</x><y>317</y><time>26-01-21 14:45:20:137</time></pt><pt><x>583</x><y>322</y><time>26-01-21 14:45:21:600</time></pt><pt><x>584</x><y>324</y><time>26-01-21 14:45:21:812</time></pt><pt><x>593</x><y>325</y><time>26-01-21 14:45:22:061</time></pt><pt><x>606</x><y>327</y><time>26-01-21 14:45:22:433</time></pt><pt><x>627</x><y>327</y><time>26-01-21 14:45:22:864</time></pt><pt><x>636</x><y>325</y><time>26-01-21 14:45:23:942</time></pt><pt><x>640</x><y>324</y><time>26-01-21 14:45:24:594</time></pt><pt><x>639</x><y>312</y><time>26-01-21 14:45:26:243</time></pt><pt><x>637</x><y>311</y><time>26-01-21 14:45:26:581</time></pt><pt><x>637</x><y>309</y><time>26-01-21 14:45:26:818</time></pt><pt><x>639</x><y>306</y><time>26-01-21 14:45:27:115</time></pt><pt><x>640</x><y>303</y><time>26-01-21 14:45:27:445</time></pt><pt><x>639</x><y>297</y><time>26-01-21 14:45:27:847</time></pt><pt><x>636</x><y>290</y><time>26-01-21 14:45:28:524</time></pt><pt><x>636</x><y>282</y><time>26-01-21 14:45:28:805</time></pt><pt><x>638</x><y>268</y><time>26-01-21 14:45:29:906</time></pt><pt><x>637</x><y>264</y><time>26-01-21 14:45:30:168</time></pt><pt><x>637</x><y>261</y><time>26-01-21 14:45:30:322</time></pt><pt><x>637</x><y>259</y><time>26-01-21 14:45:30:503</time></pt><pt><x>639</x><y>257</y><time>26-01-21 14:45:30:748</time></pt><pt><x>640</x><y>256</y><time>26-01-21 14:45:31:729</time></pt><closed_date>26-01-21 14:45:34:857</closed_date></polygon></object></annotation>