<annotation><filename>frame0097.jpg</filename><folder>users/lab605//7hao/human_20210119_4</folder><source><submittedBy>lab605</submittedBy></source><imagesize><nrows>480</nrows><ncols>640</ncols></imagesize><object><name>person</name><deleted>0</deleted><verified>0</verified><occluded>no</occluded><attributes></attributes><parts><hasparts></hasparts><ispartof></ispartof></parts><date>27-01-21 21:58:57:726</date><id>0</id><polygon><username>7hao</username><pt><x>222</x><y>0</y><time>27-01-21 21:57:55:823</time></pt><pt><x>218</x><y>9</y><time>27-01-21 21:57:56:378</time></pt><pt><x>216</x><y>16</y><time>27-01-21 21:57:56:677</time></pt><pt><x>213</x><y>23</y><time>27-01-21 21:57:56:848</time></pt><pt><x>209</x><y>28</y><time>27-01-21 21:57:57:084</time></pt><pt><x>207</x><y>29</y><time>27-01-21 21:57:57:249</time></pt><pt><x>200</x><y>32</y><time>27-01-21 21:57:57:390</time></pt><pt><x>194</x><y>35</y><time>27-01-21 21:57:57:532</time></pt><pt><x>191</x><y>38</y><time>27-01-21 21:57:57:675</time></pt><pt><x>190</x><y>44</y><time>27-01-21 21:57:57:830</time></pt><pt><x>189</x><y>54</y><time>27-01-21 21:57:58:099</time></pt><pt><x>191</x><y>63</y><time>27-01-21 21:57:58:270</time></pt><pt><x>194</x><y>66</y><time>27-01-21 21:57:58:444</time></pt><pt><x>200</x><y>70</y><time>27-01-21 21:57:58:634</time></pt><pt><x>209</x><y>72</y><time>27-01-21 21:57:58:805</time></pt><pt><x>214</x><y>73</y><time>27-01-21 21:57:58:971</time></pt><pt><x>217</x><y>77</y><time>27-01-21 21:57:59:141</time></pt><pt><x>220</x><y>82</y><time>27-01-21 21:57:59:472</time></pt><pt><x>221</x><y>86</y><time>27-01-21 21:57:59:677</time></pt><pt><x>221</x><y>90</y><time>27-01-21 21:57:59:842</time></pt><pt><x>224</x><y>94</y><time>27-01-21 21:57:59:990</time></pt><pt><x>224</x><y>103</y><time>27-01-21 21:58:00:141</time></pt><pt><x>225</x><y>109</y><time>27-01-21 21:58:00:288</time></pt><pt><x>224</x><y>120</y><time>27-01-21 21:58:00:572</time></pt><pt><x>221</x><y>123</y><time>27-01-21 21:58:00:737</time></pt><pt><x>217</x><y>128</y><time>27-01-21 21:58:00:886</time></pt><pt><x>216</x><y>135</y><time>27-01-21 21:58:01:042</time></pt><pt><x>216</x><y>141</y><time>27-01-21 21:58:01:209</time></pt><pt><x>210</x><y>159</y><time>27-01-21 21:58:03:086</time></pt><pt><x>204</x><y>167</y><time>27-01-21 21:58:03:306</time></pt><pt><x>201</x><y>170</y><time>27-01-21 21:58:03:541</time></pt><pt><x>199</x><y>177</y><time>27-01-21 21:58:03:690</time></pt><pt><x>199</x><y>185</y><time>27-01-21 21:58:03:832</time></pt><pt><x>200</x><y>192</y><time>27-01-21 21:58:03:983</time></pt><pt><x>198</x><y>197</y><time>27-01-21 21:58:04:824</time></pt><pt><x>193</x><y>202</y><time>27-01-21 21:58:04:986</time></pt><pt><x>192</x><y>206</y><time>27-01-21 21:58:05:144</time></pt><pt><x>191</x><y>211</y><time>27-01-21 21:58:05:300</time></pt><pt><x>191</x><y>216</y><time>27-01-21 21:58:05:686</time></pt><pt><x>190</x><y>221</y><time>27-01-21 21:58:05:850</time></pt><pt><x>188</x><y>224</y><time>27-01-21 21:58:06:008</time></pt><pt><x>184</x><y>237</y><time>27-01-21 21:58:10:156</time></pt><pt><x>182</x><y>257</y><time>27-01-21 21:58:10:446</time></pt><pt><x>180</x><y>269</y><time>27-01-21 21:58:10:604</time></pt><pt><x>182</x><y>282</y><time>27-01-21 21:58:10:767</time></pt><pt><x>182</x><y>294</y><time>27-01-21 21:58:10:939</time></pt><pt><x>175</x><y>302</y><time>27-01-21 21:58:11:294</time></pt><pt><x>163</x><y>312</y><time>27-01-21 21:58:11:634</time></pt><pt><x>154</x><y>325</y><time>27-01-21 21:58:14:616</time></pt><pt><x>142</x><y>340</y><time>27-01-21 21:58:15:051</time></pt><pt><x>136</x><y>350</y><time>27-01-21 21:58:15:323</time></pt><pt><x>132</x><y>362</y><time>27-01-21 21:58:19:244</time></pt><pt><x>127</x><y>361</y><time>27-01-21 21:58:19:517</time></pt><pt><x>121</x><y>361</y><time>27-01-21 21:58:19:676</time></pt><pt><x>112</x><y>363</y><time>27-01-21 21:58:19:831</time></pt><pt><x>109</x><y>367</y><time>27-01-21 21:58:20:005</time></pt><pt><x>108</x><y>375</y><time>27-01-21 21:58:20:201</time></pt><pt><x>121</x><y>390</y><time>27-01-21 21:58:21:930</time></pt><pt><x>141</x><y>404</y><time>27-01-21 21:58:22:402</time></pt><pt><x>157</x><y>413</y><time>27-01-21 21:58:22:927</time></pt><pt><x>169</x><y>414</y><time>27-01-21 21:58:23:193</time></pt><pt><x>175</x><y>412</y><time>27-01-21 21:58:23:397</time></pt><pt><x>178</x><y>406</y><time>27-01-21 21:58:23:579</time></pt><pt><x>179</x><y>401</y><time>27-01-21 21:58:23:752</time></pt><pt><x>181</x><y>396</y><time>27-01-21 21:58:23:939</time></pt><pt><x>182</x><y>391</y><time>27-01-21 21:58:24:152</time></pt><pt><x>186</x><y>387</y><time>27-01-21 21:58:24:334</time></pt><pt><x>189</x><y>384</y><time>27-01-21 21:58:24:514</time></pt><pt><x>197</x><y>364</y><time>27-01-21 21:58:24:956</time></pt><pt><x>214</x><y>322</y><time>27-01-21 21:58:25:660</time></pt><pt><x>251</x><y>230</y><time>27-01-21 21:58:27:403</time></pt><pt><x>254</x><y>231</y><time>27-01-21 21:58:27:811</time></pt><pt><x>257</x><y>233</y><time>27-01-21 21:58:27:986</time></pt><pt><x>261</x><y>241</y><time>27-01-21 21:58:28:166</time></pt><pt><x>265</x><y>257</y><time>27-01-21 21:58:28:630</time></pt><pt><x>294</x><y>329</y><time>27-01-21 21:58:31:881</time></pt><pt><x>300</x><y>335</y><time>27-01-21 21:58:32:307</time></pt><pt><x>301</x><y>343</y><time>27-01-21 21:58:32:461</time></pt><pt><x>302</x><y>351</y><time>27-01-21 21:58:32:620</time></pt><pt><x>302</x><y>362</y><time>27-01-21 21:58:32:943</time></pt><pt><x>299</x><y>366</y><time>27-01-21 21:58:33:113</time></pt><pt><x>298</x><y>369</y><time>27-01-21 21:58:33:249</time></pt><pt><x>297</x><y>371</y><time>27-01-21 21:58:33:389</time></pt><pt><x>299</x><y>377</y><time>27-01-21 21:58:33:554</time></pt><pt><x>301</x><y>387</y><time>27-01-21 21:58:33:790</time></pt><pt><x>302</x><y>392</y><time>27-01-21 21:58:33:978</time></pt><pt><x>300</x><y>398</y><time>27-01-21 21:58:34:154</time></pt><pt><x>292</x><y>403</y><time>27-01-21 21:58:34:473</time></pt><pt><x>286</x><y>407</y><time>27-01-21 21:58:34:775</time></pt><pt><x>285</x><y>411</y><time>27-01-21 21:58:34:911</time></pt><pt><x>285</x><y>415</y><time>27-01-21 21:58:35:094</time></pt><pt><x>289</x><y>424</y><time>27-01-21 21:58:35:448</time></pt><pt><x>296</x><y>425</y><time>27-01-21 21:58:35:652</time></pt><pt><x>326</x><y>424</y><time>27-01-21 21:58:35:965</time></pt><pt><x>350</x><y>409</y><time>27-01-21 21:58:36:680</time></pt><pt><x>360</x><y>402</y><time>27-01-21 21:58:37:122</time></pt><pt><x>363</x><y>394</y><time>27-01-21 21:58:37:394</time></pt><pt><x>361</x><y>385</y><time>27-01-21 21:58:37:598</time></pt><pt><x>356</x><y>367</y><time>27-01-21 21:58:37:993</time></pt><pt><x>355</x><y>358</y><time>27-01-21 21:58:38:219</time></pt><pt><x>354</x><y>354</y><time>27-01-21 21:58:38:400</time></pt><pt><x>352</x><y>349</y><time>27-01-21 21:58:38:579</time></pt><pt><x>350</x><y>346</y><time>27-01-21 21:58:38:737</time></pt><pt><x>350</x><y>340</y><time>27-01-21 21:58:38:933</time></pt><pt><x>349</x><y>327</y><time>27-01-21 21:58:39:201</time></pt><pt><x>346</x><y>320</y><time>27-01-21 21:58:39:398</time></pt><pt><x>342</x><y>311</y><time>27-01-21 21:58:39:626</time></pt><pt><x>342</x><y>302</y><time>27-01-21 21:58:39:823</time></pt><pt><x>340</x><y>293</y><time>27-01-21 21:58:40:364</time></pt><pt><x>328</x><y>251</y><time>27-01-21 21:58:44:313</time></pt><pt><x>320</x><y>238</y><time>27-01-21 21:58:44:897</time></pt><pt><x>319</x><y>234</y><time>27-01-21 21:58:45:061</time></pt><pt><x>319</x><y>227</y><time>27-01-21 21:58:45:218</time></pt><pt><x>319</x><y>216</y><time>27-01-21 21:58:45:398</time></pt><pt><x>315</x><y>196</y><time>27-01-21 21:58:45:641</time></pt><pt><x>313</x><y>188</y><time>27-01-21 21:58:45:869</time></pt><pt><x>310</x><y>147</y><time>27-01-21 21:58:47:125</time></pt><pt><x>311</x><y>135</y><time>27-01-21 21:58:47:316</time></pt><pt><x>316</x><y>128</y><time>27-01-21 21:58:47:464</time></pt><pt><x>319</x><y>121</y><time>27-01-21 21:58:47:653</time></pt><pt><x>320</x><y>107</y><time>27-01-21 21:58:47:880</time></pt><pt><x>320</x><y>95</y><time>27-01-21 21:58:48:075</time></pt><pt><x>324</x><y>51</y><time>27-01-21 21:58:49:355</time></pt><pt><x>328</x><y>20</y><time>27-01-21 21:58:49:883</time></pt><pt><x>327</x><y>2</y><time>27-01-21 21:58:50:659</time></pt><pt><x>326</x><y>0</y><time>27-01-21 21:58:53:637</time></pt><closed_date>27-01-21 21:58:55:491</closed_date></polygon></object><object><name>person</name><deleted>0</deleted><verified>0</verified><occluded>no</occluded><attributes></attributes><parts><hasparts></hasparts><ispartof></ispartof></parts><date>27-01-21 21:59:21:740</date><id>1</id><polygon><username>7hao</username><pt><x>220</x><y>312</y><time>27-01-21 21:59:01:252</time></pt><pt><x>230</x><y>315</y><time>27-01-21 21:59:01:770</time></pt><pt><x>242</x><y>316</y><time>27-01-21 21:59:02:138</time></pt><pt><x>252</x><y>314</y><time>27-01-21 21:59:02:499</time></pt><pt><x>257</x><y>311</y><time>27-01-21 21:59:02:985</time></pt><pt><x>254</x><y>307</y><time>27-01-21 21:59:03:332</time></pt><pt><x>248</x><y>305</y><time>27-01-21 21:59:03:575</time></pt><pt><x>243</x><y>299</y><time>27-01-21 21:59:03:827</time></pt><pt><x>242</x><y>297</y><time>27-01-21 21:59:04:015</time></pt><pt><x>239</x><y>292</y><time>27-01-21 21:59:04:361</time></pt><pt><x>238</x><y>289</y><time>27-01-21 21:59:04:620</time></pt><pt><x>241</x><y>283</y><time>27-01-21 21:59:04:864</time></pt><pt><x>247</x><y>273</y><time>27-01-21 21:59:05:186</time></pt><pt><x>252</x><y>266</y><time>27-01-21 21:59:05:475</time></pt><pt><x>255</x><y>259</y><time>27-01-21 21:59:05:703</time></pt><pt><x>257</x><y>256</y><time>27-01-21 21:59:06:001</time></pt><pt><x>259</x><y>261</y><time>27-01-21 21:59:06:215</time></pt><pt><x>261</x><y>267</y><time>27-01-21 21:59:06:403</time></pt><pt><x>265</x><y>276</y><time>27-01-21 21:59:06:772</time></pt><pt><x>265</x><y>281</y><time>27-01-21 21:59:06:976</time></pt><pt><x>267</x><y>289</y><time>27-01-21 21:59:07:158</time></pt><pt><x>268</x><y>297</y><time>27-01-21 21:59:07:386</time></pt><pt><x>268</x><y>300</y><time>27-01-21 21:59:07:503</time></pt><pt><x>271</x><y>304</y><time>27-01-21 21:59:07:699</time></pt><pt><x>275</x><y>305</y><time>27-01-21 21:59:07:928</time></pt><pt><x>280</x><y>303</y><time>27-01-21 21:59:08:250</time></pt><pt><x>280</x><y>301</y><time>27-01-21 21:59:08:531</time></pt><pt><x>263</x><y>257</y><time>27-01-21 21:59:10:251</time></pt><pt><x>260</x><y>247</y><time>27-01-21 21:59:11:266</time></pt><pt><x>256</x><y>237</y><time>27-01-21 21:59:11:807</time></pt><pt><x>254</x><y>234</y><time>27-01-21 21:59:12:256</time></pt><pt><x>252</x><y>232</y><time>27-01-21 21:59:12:679</time></pt><pt><x>250</x><y>238</y><time>27-01-21 21:59:15:985</time></pt><pt><x>221</x><y>309</y><time>27-01-21 21:59:18:360</time></pt><closed_date>27-01-21 21:59:19:671</closed_date></polygon></object><object><name>person</name><deleted>0</deleted><verified>0</verified><occluded>no</occluded><attributes></attributes><parts><hasparts></hasparts><ispartof></ispartof></parts><date>27-01-21 22:00:50:951</date><id>2</id><polygon><username>7hao</username><pt><x>413</x><y>24</y><time>27-01-21 21:59:28:717</time></pt><pt><x>412</x><y>15</y><time>27-01-21 21:59:29:122</time></pt><pt><x>410</x><y>9</y><time>27-01-21 21:59:29:429</time></pt><pt><x>404</x><y>5</y><time>27-01-21 21:59:29:757</time></pt><pt><x>391</x><y>3</y><time>27-01-21 21:59:39:501</time></pt><pt><x>379</x><y>8</y><time>27-01-21 21:59:39:955</time></pt><pt><x>374</x><y>15</y><time>27-01-21 21:59:40:349</time></pt><pt><x>380</x><y>18</y><time>27-01-21 21:59:41:002</time></pt><pt><x>380</x><y>22</y><time>27-01-21 21:59:41:232</time></pt><pt><x>379</x><y>26</y><time>27-01-21 21:59:41:386</time></pt><pt><x>378</x><y>33</y><time>27-01-21 21:59:41:756</time></pt><pt><x>378</x><y>37</y><time>27-01-21 21:59:41:911</time></pt><pt><x>381</x><y>40</y><time>27-01-21 21:59:42:071</time></pt><pt><x>385</x><y>44</y><time>27-01-21 21:59:42:299</time></pt><pt><x>387</x><y>49</y><time>27-01-21 21:59:42:462</time></pt><pt><x>388</x><y>52</y><time>27-01-21 21:59:42:628</time></pt><pt><x>389</x><y>55</y><time>27-01-21 21:59:42:831</time></pt><pt><x>383</x><y>56</y><time>27-01-21 21:59:43:004</time></pt><pt><x>377</x><y>58</y><time>27-01-21 21:59:43:232</time></pt><pt><x>371</x><y>59</y><time>27-01-21 21:59:43:483</time></pt><pt><x>368</x><y>56</y><time>27-01-21 21:59:43:671</time></pt><pt><x>366</x><y>53</y><time>27-01-21 21:59:43:859</time></pt><pt><x>370</x><y>46</y><time>27-01-21 21:59:44:088</time></pt><pt><x>373</x><y>42</y><time>27-01-21 21:59:44:323</time></pt><pt><x>374</x><y>39</y><time>27-01-21 21:59:44:482</time></pt><pt><x>375</x><y>35</y><time>27-01-21 21:59:44:718</time></pt><pt><x>376</x><y>30</y><time>27-01-21 21:59:44:976</time></pt><pt><x>378</x><y>23</y><time>27-01-21 21:59:45:400</time></pt><pt><x>377</x><y>19</y><time>27-01-21 21:59:50:199</time></pt><pt><x>373</x><y>15</y><time>27-01-21 21:59:50:929</time></pt><pt><x>370</x><y>16</y><time>27-01-21 21:59:51:340</time></pt><pt><x>368</x><y>20</y><time>27-01-21 21:59:51:544</time></pt><pt><x>366</x><y>24</y><time>27-01-21 21:59:51:748</time></pt><pt><x>365</x><y>27</y><time>27-01-21 21:59:51:906</time></pt><pt><x>365</x><y>32</y><time>27-01-21 21:59:52:046</time></pt><pt><x>365</x><y>35</y><time>27-01-21 21:59:52:219</time></pt><pt><x>363</x><y>40</y><time>27-01-21 21:59:52:433</time></pt><pt><x>354</x><y>50</y><time>27-01-21 21:59:52:995</time></pt><pt><x>344</x><y>61</y><time>27-01-21 21:59:53:422</time></pt><pt><x>340</x><y>67</y><time>27-01-21 21:59:53:628</time></pt><pt><x>338</x><y>72</y><time>27-01-21 21:59:53:789</time></pt><pt><x>338</x><y>76</y><time>27-01-21 21:59:53:956</time></pt><pt><x>340</x><y>81</y><time>27-01-21 21:59:54:231</time></pt><pt><x>346</x><y>84</y><time>27-01-21 21:59:54:451</time></pt><pt><x>352</x><y>86</y><time>27-01-21 21:59:54:661</time></pt><pt><x>362</x><y>87</y><time>27-01-21 21:59:54:943</time></pt><pt><x>365</x><y>88</y><time>27-01-21 21:59:55:142</time></pt><pt><x>366</x><y>91</y><time>27-01-21 21:59:55:306</time></pt><pt><x>366</x><y>115</y><time>27-01-21 21:59:55:989</time></pt><pt><x>363</x><y>138</y><time>27-01-21 21:59:57:334</time></pt><pt><x>364</x><y>173</y><time>27-01-21 22:00:20:791</time></pt><pt><x>363</x><y>196</y><time>27-01-21 22:00:21:504</time></pt><pt><x>365</x><y>215</y><time>27-01-21 22:00:21:962</time></pt><pt><x>366</x><y>225</y><time>27-01-21 22:00:22:872</time></pt><pt><x>366</x><y>229</y><time>27-01-21 22:00:23:076</time></pt><pt><x>366</x><y>232</y><time>27-01-21 22:00:25:691</time></pt><pt><x>364</x><y>239</y><time>27-01-21 22:00:25:887</time></pt><pt><x>361</x><y>244</y><time>27-01-21 22:00:26:037</time></pt><pt><x>361</x><y>259</y><time>27-01-21 22:00:26:438</time></pt><pt><x>362</x><y>273</y><time>27-01-21 22:00:26:642</time></pt><pt><x>362</x><y>280</y><time>27-01-21 22:00:26:837</time></pt><pt><x>362</x><y>286</y><time>27-01-21 22:00:27:025</time></pt><pt><x>362</x><y>289</y><time>27-01-21 22:00:27:199</time></pt><pt><x>361</x><y>295</y><time>27-01-21 22:00:27:374</time></pt><pt><x>357</x><y>306</y><time>27-01-21 22:00:27:804</time></pt><pt><x>354</x><y>314</y><time>27-01-21 22:00:28:228</time></pt><pt><x>354</x><y>317</y><time>27-01-21 22:00:28:424</time></pt><pt><x>360</x><y>319</y><time>27-01-21 22:00:28:597</time></pt><pt><x>369</x><y>319</y><time>27-01-21 22:00:28:855</time></pt><pt><x>374</x><y>317</y><time>27-01-21 22:00:29:389</time></pt><pt><x>376</x><y>315</y><time>27-01-21 22:00:29:595</time></pt><pt><x>377</x><y>310</y><time>27-01-21 22:00:29:893</time></pt><pt><x>377</x><y>306</y><time>27-01-21 22:00:30:178</time></pt><pt><x>379</x><y>292</y><time>27-01-21 22:00:30:601</time></pt><pt><x>383</x><y>271</y><time>27-01-21 22:00:31:103</time></pt><pt><x>385</x><y>255</y><time>27-01-21 22:00:31:489</time></pt><pt><x>386</x><y>247</y><time>27-01-21 22:00:31:685</time></pt><pt><x>386</x><y>238</y><time>27-01-21 22:00:31:844</time></pt><pt><x>389</x><y>226</y><time>27-01-21 22:00:32:084</time></pt><pt><x>391</x><y>217</y><time>27-01-21 22:00:32:320</time></pt><pt><x>393</x><y>212</y><time>27-01-21 22:00:32:539</time></pt><pt><x>393</x><y>228</y><time>27-01-21 22:00:32:956</time></pt><pt><x>392</x><y>242</y><time>27-01-21 22:00:33:208</time></pt><pt><x>392</x><y>260</y><time>27-01-21 22:00:33:438</time></pt><pt><x>395</x><y>277</y><time>27-01-21 22:00:33:852</time></pt><pt><x>397</x><y>288</y><time>27-01-21 22:00:34:057</time></pt><pt><x>397</x><y>297</y><time>27-01-21 22:00:34:403</time></pt><pt><x>397</x><y>302</y><time>27-01-21 22:00:34:591</time></pt><pt><x>396</x><y>308</y><time>27-01-21 22:00:34:754</time></pt><pt><x>397</x><y>312</y><time>27-01-21 22:00:34:911</time></pt><pt><x>403</x><y>315</y><time>27-01-21 22:00:35:116</time></pt><pt><x>404</x><y>315</y><time>27-01-21 22:00:35:257</time></pt><pt><x>410</x><y>317</y><time>27-01-21 22:00:35:431</time></pt><pt><x>417</x><y>317</y><time>27-01-21 22:00:35:596</time></pt><pt><x>423</x><y>317</y><time>27-01-21 22:00:35:838</time></pt><pt><x>425</x><y>314</y><time>27-01-21 22:00:36:154</time></pt><pt><x>422</x><y>309</y><time>27-01-21 22:00:36:357</time></pt><pt><x>416</x><y>303</y><time>27-01-21 22:00:36:595</time></pt><pt><x>412</x><y>296</y><time>27-01-21 22:00:36:807</time></pt><pt><x>413</x><y>287</y><time>27-01-21 22:00:36:970</time></pt><pt><x>414</x><y>281</y><time>27-01-21 22:00:37:166</time></pt><pt><x>416</x><y>273</y><time>27-01-21 22:00:37:340</time></pt><pt><x>420</x><y>247</y><time>27-01-21 22:00:37:733</time></pt><pt><x>418</x><y>235</y><time>27-01-21 22:00:38:061</time></pt><pt><x>417</x><y>233</y><time>27-01-21 22:00:38:235</time></pt><pt><x>419</x><y>225</y><time>27-01-21 22:00:38:437</time></pt><pt><x>425</x><y>192</y><time>27-01-21 22:00:39:250</time></pt><pt><x>429</x><y>167</y><time>27-01-21 22:00:39:695</time></pt><pt><x>428</x><y>155</y><time>27-01-21 22:00:40:240</time></pt><pt><x>426</x><y>147</y><time>27-01-21 22:00:40:418</time></pt><pt><x>426</x><y>143</y><time>27-01-21 22:00:40:599</time></pt><pt><x>431</x><y>140</y><time>27-01-21 22:00:40:764</time></pt><pt><x>433</x><y>146</y><time>27-01-21 22:00:41:079</time></pt><pt><x>435</x><y>156</y><time>27-01-21 22:00:41:281</time></pt><pt><x>435</x><y>163</y><time>27-01-21 22:00:41:439</time></pt><pt><x>435</x><y>174</y><time>27-01-21 22:00:41:611</time></pt><pt><x>435</x><y>179</y><time>27-01-21 22:00:41:746</time></pt><pt><x>435</x><y>183</y><time>27-01-21 22:00:41:880</time></pt><pt><x>436</x><y>186</y><time>27-01-21 22:00:42:035</time></pt><pt><x>440</x><y>189</y><time>27-01-21 22:00:42:250</time></pt><pt><x>446</x><y>186</y><time>27-01-21 22:00:42:389</time></pt><pt><x>446</x><y>179</y><time>27-01-21 22:00:42:642</time></pt><pt><x>446</x><y>171</y><time>27-01-21 22:00:42:845</time></pt><pt><x>446</x><y>166</y><time>27-01-21 22:00:43:018</time></pt><pt><x>447</x><y>162</y><time>27-01-21 22:00:43:191</time></pt><pt><x>449</x><y>156</y><time>27-01-21 22:00:43:396</time></pt><pt><x>449</x><y>139</y><time>27-01-21 22:00:43:773</time></pt><pt><x>445</x><y>93</y><time>27-01-21 22:00:45:060</time></pt><pt><x>438</x><y>69</y><time>27-01-21 22:00:45:580</time></pt><pt><x>432</x><y>62</y><time>27-01-21 22:00:45:932</time></pt><pt><x>419</x><y>58</y><time>27-01-21 22:00:46:367</time></pt><pt><x>411</x><y>53</y><time>27-01-21 22:00:47:105</time></pt><pt><x>410</x><y>46</y><time>27-01-21 22:00:47:378</time></pt><pt><x>413</x><y>39</y><time>27-01-21 22:00:47:715</time></pt><pt><x>414</x><y>34</y><time>27-01-21 22:00:47:960</time></pt><pt><x>414</x><y>30</y><time>27-01-21 22:00:48:242</time></pt><pt><x>413</x><y>29</y><time>27-01-21 22:00:48:487</time></pt><closed_date>27-01-21 22:00:48:848</closed_date></polygon></object></annotation>