<annotation><filename>frame0099.jpg</filename><folder>users/lab605//7hao/human_20210119_4</folder><source><submittedBy>lab605</submittedBy></source><imagesize><nrows>480</nrows><ncols>640</ncols></imagesize><object><name>person</name><deleted>0</deleted><verified>0</verified><occluded>no</occluded><attributes></attributes><parts><hasparts></hasparts><ispartof></ispartof></parts><date>27-01-21 22:12:38:084</date><id>0</id><polygon><username>7hao</username><pt><x>118</x><y>0</y><time>27-01-21 22:11:20:504</time></pt><pt><x>115</x><y>5</y><time>27-01-21 22:11:20:964</time></pt><pt><x>115</x><y>10</y><time>27-01-21 22:11:21:160</time></pt><pt><x>114</x><y>14</y><time>27-01-21 22:11:21:318</time></pt><pt><x>114</x><y>19</y><time>27-01-21 22:11:21:459</time></pt><pt><x>113</x><y>23</y><time>27-01-21 22:11:21:624</time></pt><pt><x>111</x><y>27</y><time>27-01-21 22:11:21:798</time></pt><pt><x>105</x><y>32</y><time>27-01-21 22:11:22:103</time></pt><pt><x>100</x><y>35</y><time>27-01-21 22:11:22:377</time></pt><pt><x>97</x><y>38</y><time>27-01-21 22:11:22:589</time></pt><pt><x>95</x><y>40</y><time>27-01-21 22:11:22:873</time></pt><pt><x>89</x><y>47</y><time>27-01-21 22:11:26:181</time></pt><pt><x>86</x><y>49</y><time>27-01-21 22:11:26:392</time></pt><pt><x>86</x><y>53</y><time>27-01-21 22:11:26:541</time></pt><pt><x>89</x><y>62</y><time>27-01-21 22:11:26:933</time></pt><pt><x>92</x><y>68</y><time>27-01-21 22:11:27:288</time></pt><pt><x>93</x><y>72</y><time>27-01-21 22:11:27:468</time></pt><pt><x>95</x><y>73</y><time>27-01-21 22:11:27:649</time></pt><pt><x>97</x><y>75</y><time>27-01-21 22:11:27:886</time></pt><pt><x>102</x><y>74</y><time>27-01-21 22:11:28:073</time></pt><pt><x>104</x><y>74</y><time>27-01-21 22:11:28:213</time></pt><pt><x>106</x><y>76</y><time>27-01-21 22:11:28:379</time></pt><pt><x>109</x><y>78</y><time>27-01-21 22:11:28:560</time></pt><pt><x>111</x><y>79</y><time>27-01-21 22:11:28:757</time></pt><pt><x>113</x><y>79</y><time>27-01-21 22:11:28:961</time></pt><pt><x>117</x><y>74</y><time>27-01-21 22:11:29:125</time></pt><pt><x>119</x><y>71</y><time>27-01-21 22:11:29:267</time></pt><pt><x>121</x><y>68</y><time>27-01-21 22:11:29:410</time></pt><pt><x>124</x><y>66</y><time>27-01-21 22:11:29:534</time></pt><pt><x>129</x><y>63</y><time>27-01-21 22:11:29:708</time></pt><pt><x>131</x><y>62</y><time>27-01-21 22:11:29:880</time></pt><pt><x>133</x><y>64</y><time>27-01-21 22:11:30:029</time></pt><pt><x>134</x><y>69</y><time>27-01-21 22:11:30:209</time></pt><pt><x>134</x><y>73</y><time>27-01-21 22:11:30:351</time></pt><pt><x>134</x><y>75</y><time>27-01-21 22:11:30:485</time></pt><pt><x>134</x><y>77</y><time>27-01-21 22:11:30:634</time></pt><pt><x>135</x><y>79</y><time>27-01-21 22:11:30:776</time></pt><pt><x>136</x><y>81</y><time>27-01-21 22:11:30:923</time></pt><pt><x>136</x><y>85</y><time>27-01-21 22:11:31:073</time></pt><pt><x>134</x><y>89</y><time>27-01-21 22:11:31:216</time></pt><pt><x>132</x><y>92</y><time>27-01-21 22:11:31:365</time></pt><pt><x>121</x><y>110</y><time>27-01-21 22:11:32:983</time></pt><pt><x>119</x><y>115</y><time>27-01-21 22:11:33:132</time></pt><pt><x>117</x><y>123</y><time>27-01-21 22:11:33:258</time></pt><pt><x>116</x><y>130</y><time>27-01-21 22:11:33:401</time></pt><pt><x>116</x><y>139</y><time>27-01-21 22:11:33:549</time></pt><pt><x>115</x><y>153</y><time>27-01-21 22:11:33:807</time></pt><pt><x>114</x><y>159</y><time>27-01-21 22:11:33:974</time></pt><pt><x>114</x><y>165</y><time>27-01-21 22:11:34:122</time></pt><pt><x>115</x><y>174</y><time>27-01-21 22:11:34:288</time></pt><pt><x>117</x><y>181</y><time>27-01-21 22:11:34:452</time></pt><pt><x>124</x><y>217</y><time>27-01-21 22:11:35:694</time></pt><pt><x>131</x><y>239</y><time>27-01-21 22:11:35:999</time></pt><pt><x>133</x><y>246</y><time>27-01-21 22:11:36:337</time></pt><pt><x>134</x><y>252</y><time>27-01-21 22:11:36:479</time></pt><pt><x>134</x><y>261</y><time>27-01-21 22:11:36:628</time></pt><pt><x>134</x><y>269</y><time>27-01-21 22:11:36:817</time></pt><pt><x>136</x><y>284</y><time>27-01-21 22:11:37:995</time></pt><pt><x>139</x><y>293</y><time>27-01-21 22:11:38:160</time></pt><pt><x>143</x><y>302</y><time>27-01-21 22:11:40:877</time></pt><pt><x>142</x><y>308</y><time>27-01-21 22:11:41:105</time></pt><pt><x>138</x><y>314</y><time>27-01-21 22:11:41:256</time></pt><pt><x>129</x><y>331</y><time>27-01-21 22:11:42:096</time></pt><pt><x>118</x><y>349</y><time>27-01-21 22:11:43:273</time></pt><pt><x>114</x><y>355</y><time>27-01-21 22:11:43:526</time></pt><pt><x>113</x><y>363</y><time>27-01-21 22:11:43:689</time></pt><pt><x>111</x><y>370</y><time>27-01-21 22:11:43:863</time></pt><pt><x>110</x><y>377</y><time>27-01-21 22:11:44:248</time></pt><pt><x>110</x><y>383</y><time>27-01-21 22:11:44:451</time></pt><pt><x>108</x><y>385</y><time>27-01-21 22:11:44:632</time></pt><pt><x>104</x><y>386</y><time>27-01-21 22:11:44:900</time></pt><pt><x>96</x><y>386</y><time>27-01-21 22:11:45:080</time></pt><pt><x>90</x><y>388</y><time>27-01-21 22:11:45:276</time></pt><pt><x>85</x><y>396</y><time>27-01-21 22:11:45:849</time></pt><pt><x>85</x><y>403</y><time>27-01-21 22:11:46:198</time></pt><pt><x>86</x><y>407</y><time>27-01-21 22:11:46:360</time></pt><pt><x>91</x><y>413</y><time>27-01-21 22:11:46:682</time></pt><pt><x>102</x><y>415</y><time>27-01-21 22:11:47:020</time></pt><pt><x>116</x><y>417</y><time>27-01-21 22:11:47:405</time></pt><pt><x>121</x><y>417</y><time>27-01-21 22:11:47:561</time></pt><pt><x>124</x><y>418</y><time>27-01-21 22:11:47:773</time></pt><pt><x>136</x><y>423</y><time>27-01-21 22:11:49:713</time></pt><pt><x>156</x><y>426</y><time>27-01-21 22:11:54:145</time></pt><pt><x>165</x><y>424</y><time>27-01-21 22:11:54:733</time></pt><pt><x>168</x><y>422</y><time>27-01-21 22:11:55:015</time></pt><pt><x>168</x><y>419</y><time>27-01-21 22:11:55:173</time></pt><pt><x>169</x><y>415</y><time>27-01-21 22:11:55:332</time></pt><pt><x>169</x><y>409</y><time>27-01-21 22:11:55:527</time></pt><pt><x>169</x><y>403</y><time>27-01-21 22:11:55:777</time></pt><pt><x>170</x><y>400</y><time>27-01-21 22:11:55:935</time></pt><pt><x>173</x><y>398</y><time>27-01-21 22:11:56:099</time></pt><pt><x>177</x><y>396</y><time>27-01-21 22:11:56:297</time></pt><pt><x>180</x><y>388</y><time>27-01-21 22:11:56:698</time></pt><pt><x>182</x><y>380</y><time>27-01-21 22:11:57:175</time></pt><pt><x>195</x><y>330</y><time>27-01-21 22:11:58:677</time></pt><pt><x>205</x><y>345</y><time>27-01-21 22:12:01:983</time></pt><pt><x>228</x><y>373</y><time>27-01-21 22:12:02:683</time></pt><pt><x>241</x><y>389</y><time>27-01-21 22:12:08:895</time></pt><pt><x>241</x><y>394</y><time>27-01-21 22:12:09:110</time></pt><pt><x>237</x><y>400</y><time>27-01-21 22:12:09:242</time></pt><pt><x>233</x><y>406</y><time>27-01-21 22:12:09:385</time></pt><pt><x>217</x><y>421</y><time>27-01-21 22:12:09:730</time></pt><pt><x>210</x><y>427</y><time>27-01-21 22:12:09:910</time></pt><pt><x>208</x><y>434</y><time>27-01-21 22:12:10:074</time></pt><pt><x>210</x><y>439</y><time>27-01-21 22:12:10:215</time></pt><pt><x>215</x><y>443</y><time>27-01-21 22:12:10:382</time></pt><pt><x>233</x><y>444</y><time>27-01-21 22:12:10:608</time></pt><pt><x>249</x><y>440</y><time>27-01-21 22:12:10:907</time></pt><pt><x>278</x><y>420</y><time>27-01-21 22:12:12:831</time></pt><pt><x>281</x><y>410</y><time>27-01-21 22:12:12:996</time></pt><pt><x>284</x><y>397</y><time>27-01-21 22:12:13:130</time></pt><pt><x>290</x><y>389</y><time>27-01-21 22:12:13:263</time></pt><pt><x>300</x><y>368</y><time>27-01-21 22:12:13:835</time></pt><pt><x>300</x><y>362</y><time>27-01-21 22:12:13:978</time></pt><pt><x>296</x><y>353</y><time>27-01-21 22:12:14:127</time></pt><pt><x>291</x><y>347</y><time>27-01-21 22:12:14:268</time></pt><pt><x>264</x><y>322</y><time>27-01-21 22:12:15:981</time></pt><pt><x>256</x><y>308</y><time>27-01-21 22:12:16:153</time></pt><pt><x>248</x><y>292</y><time>27-01-21 22:12:16:428</time></pt><pt><x>234</x><y>266</y><time>27-01-21 22:12:17:135</time></pt><pt><x>217</x><y>245</y><time>27-01-21 22:12:19:782</time></pt><pt><x>212</x><y>238</y><time>27-01-21 22:12:19:948</time></pt><pt><x>208</x><y>231</y><time>27-01-21 22:12:20:081</time></pt><pt><x>208</x><y>223</y><time>27-01-21 22:12:20:231</time></pt><pt><x>208</x><y>214</y><time>27-01-21 22:12:20:405</time></pt><pt><x>207</x><y>203</y><time>27-01-21 22:12:20:584</time></pt><pt><x>205</x><y>197</y><time>27-01-21 22:12:20:742</time></pt><pt><x>210</x><y>185</y><time>27-01-21 22:12:24:557</time></pt><pt><x>209</x><y>175</y><time>27-01-21 22:12:24:896</time></pt><pt><x>209</x><y>172</y><time>27-01-21 22:12:25:030</time></pt><pt><x>210</x><y>166</y><time>27-01-21 22:12:25:185</time></pt><pt><x>220</x><y>143</y><time>27-01-21 22:12:25:501</time></pt><pt><x>232</x><y>105</y><time>27-01-21 22:12:26:639</time></pt><pt><x>239</x><y>66</y><time>27-01-21 22:12:27:935</time></pt><pt><x>243</x><y>46</y><time>27-01-21 22:12:28:627</time></pt><pt><x>242</x><y>15</y><time>27-01-21 22:12:30:772</time></pt><pt><x>242</x><y>4</y><time>27-01-21 22:12:31:235</time></pt><pt><x>242</x><y>0</y><time>27-01-21 22:12:32:475</time></pt><closed_date>27-01-21 22:12:35:626</closed_date></polygon></object><object><name>person</name><deleted>0</deleted><verified>0</verified><occluded>no</occluded><attributes></attributes><parts><hasparts></hasparts><ispartof></ispartof></parts><date>27-01-21 22:13:51:994</date><id>1</id><polygon><username>7hao</username><pt><x>301</x><y>21</y><time>27-01-21 22:12:43:928</time></pt><pt><x>296</x><y>12</y><time>27-01-21 22:12:44:636</time></pt><pt><x>294</x><y>8</y><time>27-01-21 22:12:45:021</time></pt><pt><x>292</x><y>6</y><time>27-01-21 22:12:45:247</time></pt><pt><x>283</x><y>3</y><time>27-01-21 22:12:45:655</time></pt><pt><x>274</x><y>4</y><time>27-01-21 22:12:45:969</time></pt><pt><x>267</x><y>10</y><time>27-01-21 22:12:47:244</time></pt><pt><x>263</x><y>16</y><time>27-01-21 22:12:47:676</time></pt><pt><x>263</x><y>20</y><time>27-01-21 22:12:47:839</time></pt><pt><x>263</x><y>24</y><time>27-01-21 22:12:48:020</time></pt><pt><x>264</x><y>28</y><time>27-01-21 22:12:48:334</time></pt><pt><x>264</x><y>33</y><time>27-01-21 22:12:48:875</time></pt><pt><x>264</x><y>34</y><time>27-01-21 22:12:49:190</time></pt><pt><x>259</x><y>35</y><time>27-01-21 22:12:49:372</time></pt><pt><x>251</x><y>37</y><time>27-01-21 22:12:49:723</time></pt><pt><x>249</x><y>37</y><time>27-01-21 22:12:49:881</time></pt><pt><x>248</x><y>40</y><time>27-01-21 22:12:50:062</time></pt><pt><x>247</x><y>42</y><time>27-01-21 22:12:50:228</time></pt><pt><x>247</x><y>45</y><time>27-01-21 22:12:50:376</time></pt><pt><x>248</x><y>48</y><time>27-01-21 22:12:50:534</time></pt><pt><x>247</x><y>50</y><time>27-01-21 22:12:50:698</time></pt><pt><x>245</x><y>53</y><time>27-01-21 22:12:50:957</time></pt><pt><x>243</x><y>56</y><time>27-01-21 22:12:51:263</time></pt><pt><x>241</x><y>65</y><time>27-01-21 22:12:55:214</time></pt><pt><x>240</x><y>72</y><time>27-01-21 22:12:55:646</time></pt><pt><x>241</x><y>78</y><time>27-01-21 22:12:56:494</time></pt><pt><x>238</x><y>89</y><time>27-01-21 22:12:56:925</time></pt><pt><x>236</x><y>103</y><time>27-01-21 22:12:57:390</time></pt><pt><x>235</x><y>110</y><time>27-01-21 22:12:57:601</time></pt><pt><x>236</x><y>118</y><time>27-01-21 22:12:57:777</time></pt><pt><x>237</x><y>123</y><time>27-01-21 22:12:57:933</time></pt><pt><x>241</x><y>135</y><time>27-01-21 22:12:59:416</time></pt><pt><x>244</x><y>139</y><time>27-01-21 22:12:59:643</time></pt><pt><x>246</x><y>143</y><time>27-01-21 22:12:59:802</time></pt><pt><x>247</x><y>146</y><time>27-01-21 22:12:59:990</time></pt><pt><x>248</x><y>151</y><time>27-01-21 22:13:00:170</time></pt><pt><x>248</x><y>156</y><time>27-01-21 22:13:00:641</time></pt><pt><x>249</x><y>162</y><time>27-01-21 22:13:00:807</time></pt><pt><x>250</x><y>167</y><time>27-01-21 22:13:00:987</time></pt><pt><x>253</x><y>172</y><time>27-01-21 22:13:01:294</time></pt><pt><x>254</x><y>178</y><time>27-01-21 22:13:01:515</time></pt><pt><x>255</x><y>190</y><time>27-01-21 22:13:02:880</time></pt><pt><x>256</x><y>196</y><time>27-01-21 22:13:03:070</time></pt><pt><x>256</x><y>199</y><time>27-01-21 22:13:03:218</time></pt><pt><x>255</x><y>202</y><time>27-01-21 22:13:03:360</time></pt><pt><x>260</x><y>204</y><time>27-01-21 22:13:03:532</time></pt><pt><x>261</x><y>209</y><time>27-01-21 22:13:03:830</time></pt><pt><x>263</x><y>218</y><time>27-01-21 22:13:04:599</time></pt><pt><x>263</x><y>222</y><time>27-01-21 22:13:04:766</time></pt><pt><x>262</x><y>227</y><time>27-01-21 22:13:04:906</time></pt><pt><x>261</x><y>233</y><time>27-01-21 22:13:05:088</time></pt><pt><x>260</x><y>243</y><time>27-01-21 22:13:06:681</time></pt><pt><x>261</x><y>248</y><time>27-01-21 22:13:06:870</time></pt><pt><x>262</x><y>250</y><time>27-01-21 22:13:07:027</time></pt><pt><x>262</x><y>252</y><time>27-01-21 22:13:07:176</time></pt><pt><x>259</x><y>255</y><time>27-01-21 22:13:07:411</time></pt><pt><x>252</x><y>261</y><time>27-01-21 22:13:07:899</time></pt><pt><x>249</x><y>262</y><time>27-01-21 22:13:08:119</time></pt><pt><x>246</x><y>263</y><time>27-01-21 22:13:08:283</time></pt><pt><x>241</x><y>264</y><time>27-01-21 22:13:08:487</time></pt><pt><x>238</x><y>264</y><time>27-01-21 22:13:08:825</time></pt><pt><x>236</x><y>265</y><time>27-01-21 22:13:09:297</time></pt><pt><x>235</x><y>266</y><time>27-01-21 22:13:10:727</time></pt><pt><x>252</x><y>297</y><time>27-01-21 22:13:12:029</time></pt><pt><x>255</x><y>296</y><time>27-01-21 22:13:12:581</time></pt><pt><x>259</x><y>294</y><time>27-01-21 22:13:12:778</time></pt><pt><x>261</x><y>292</y><time>27-01-21 22:13:12:957</time></pt><pt><x>264</x><y>288</y><time>27-01-21 22:13:13:374</time></pt><pt><x>264</x><y>284</y><time>27-01-21 22:13:13:523</time></pt><pt><x>263</x><y>280</y><time>27-01-21 22:13:13:703</time></pt><pt><x>262</x><y>277</y><time>27-01-21 22:13:13:845</time></pt><pt><x>263</x><y>274</y><time>27-01-21 22:13:13:980</time></pt><pt><x>268</x><y>269</y><time>27-01-21 22:13:14:379</time></pt><pt><x>270</x><y>273</y><time>27-01-21 22:13:14:695</time></pt><pt><x>271</x><y>279</y><time>27-01-21 22:13:14:844</time></pt><pt><x>272</x><y>285</y><time>27-01-21 22:13:15:179</time></pt><pt><x>273</x><y>290</y><time>27-01-21 22:13:15:346</time></pt><pt><x>272</x><y>293</y><time>27-01-21 22:13:15:480</time></pt><pt><x>272</x><y>299</y><time>27-01-21 22:13:15:661</time></pt><pt><x>271</x><y>303</y><time>27-01-21 22:13:15:832</time></pt><pt><x>271</x><y>306</y><time>27-01-21 22:13:15:997</time></pt><pt><x>274</x><y>308</y><time>27-01-21 22:13:17:883</time></pt><pt><x>281</x><y>307</y><time>27-01-21 22:13:18:289</time></pt><pt><x>288</x><y>305</y><time>27-01-21 22:13:18:918</time></pt><pt><x>295</x><y>305</y><time>27-01-21 22:13:24:953</time></pt><pt><x>298</x><y>303</y><time>27-01-21 22:13:25:447</time></pt><pt><x>299</x><y>301</y><time>27-01-21 22:13:25:636</time></pt><pt><x>300</x><y>298</y><time>27-01-21 22:13:25:817</time></pt><pt><x>298</x><y>296</y><time>27-01-21 22:13:25:973</time></pt><pt><x>295</x><y>295</y><time>27-01-21 22:13:26:155</time></pt><pt><x>293</x><y>292</y><time>27-01-21 22:13:26:351</time></pt><pt><x>291</x><y>289</y><time>27-01-21 22:13:26:506</time></pt><pt><x>289</x><y>288</y><time>27-01-21 22:13:26:711</time></pt><pt><x>286</x><y>283</y><time>27-01-21 22:13:26:915</time></pt><pt><x>283</x><y>278</y><time>27-01-21 22:13:29:532</time></pt><pt><x>281</x><y>270</y><time>27-01-21 22:13:29:814</time></pt><pt><x>282</x><y>261</y><time>27-01-21 22:13:30:239</time></pt><pt><x>285</x><y>256</y><time>27-01-21 22:13:30:591</time></pt><pt><x>294</x><y>248</y><time>27-01-21 22:13:30:993</time></pt><pt><x>305</x><y>235</y><time>27-01-21 22:13:34:243</time></pt><pt><x>311</x><y>224</y><time>27-01-21 22:13:35:241</time></pt><pt><x>312</x><y>218</y><time>27-01-21 22:13:35:500</time></pt><pt><x>312</x><y>214</y><time>27-01-21 22:13:35:699</time></pt><pt><x>312</x><y>211</y><time>27-01-21 22:13:35:885</time></pt><pt><x>313</x><y>209</y><time>27-01-21 22:13:36:081</time></pt><pt><x>315</x><y>207</y><time>27-01-21 22:13:36:270</time></pt><pt><x>316</x><y>203</y><time>27-01-21 22:13:36:435</time></pt><pt><x>317</x><y>197</y><time>27-01-21 22:13:36:663</time></pt><pt><x>316</x><y>181</y><time>27-01-21 22:13:38:092</time></pt><pt><x>316</x><y>176</y><time>27-01-21 22:13:38:319</time></pt><pt><x>317</x><y>172</y><time>27-01-21 22:13:38:500</time></pt><pt><x>319</x><y>165</y><time>27-01-21 22:13:38:751</time></pt><pt><x>321</x><y>154</y><time>27-01-21 22:13:39:105</time></pt><pt><x>322</x><y>143</y><time>27-01-21 22:13:39:492</time></pt><pt><x>322</x><y>131</y><time>27-01-21 22:13:39:952</time></pt><pt><x>317</x><y>90</y><time>27-01-21 22:13:42:475</time></pt><pt><x>313</x><y>70</y><time>27-01-21 22:13:43:181</time></pt><pt><x>307</x><y>51</y><time>27-01-21 22:13:44:251</time></pt><pt><x>302</x><y>45</y><time>27-01-21 22:13:45:026</time></pt><pt><x>294</x><y>43</y><time>27-01-21 22:13:45:641</time></pt><pt><x>293</x><y>42</y><time>27-01-21 22:13:47:124</time></pt><pt><x>293</x><y>40</y><time>27-01-21 22:13:47:313</time></pt><pt><x>296</x><y>37</y><time>27-01-21 22:13:47:533</time></pt><pt><x>297</x><y>34</y><time>27-01-21 22:13:47:760</time></pt><pt><x>299</x><y>32</y><time>27-01-21 22:13:48:084</time></pt><pt><x>299</x><y>32</y><time>27-01-21 22:13:48:278</time></pt><pt><x>301</x><y>30</y><time>27-01-21 22:13:48:649</time></pt><pt><x>301</x><y>29</y><time>27-01-21 22:13:48:820</time></pt><pt><x>302</x><y>28</y><time>27-01-21 22:13:48:970</time></pt><pt><x>302</x><y>25</y><time>27-01-21 22:13:49:183</time></pt><closed_date>27-01-21 22:13:49:646</closed_date></polygon></object><object><name>person</name><deleted>0</deleted><verified>0</verified><occluded>no</occluded><attributes></attributes><parts><hasparts></hasparts><ispartof></ispartof></parts><date>27-01-21 22:15:47:412</date><id>2</id><polygon><username>7hao</username><pt><x>419</x><y>24</y><time>27-01-21 22:13:57:483</time></pt><pt><x>416</x><y>15</y><time>27-01-21 22:13:57:871</time></pt><pt><x>416</x><y>7</y><time>27-01-21 22:13:58:193</time></pt><pt><x>415</x><y>4</y><time>27-01-21 22:13:58:470</time></pt><pt><x>413</x><y>1</y><time>27-01-21 22:13:58:844</time></pt><pt><x>412</x><y>0</y><time>27-01-21 22:13:59:253</time></pt><pt><x>412</x><y>0</y><time>27-01-21 22:13:59:671</time></pt><pt><x>386</x><y>0</y><time>27-01-21 22:14:01:704</time></pt><pt><x>382</x><y>4</y><time>27-01-21 22:14:02:199</time></pt><pt><x>380</x><y>6</y><time>27-01-21 22:14:02:491</time></pt><pt><x>378</x><y>10</y><time>27-01-21 22:14:02:781</time></pt><pt><x>378</x><y>11</y><time>27-01-21 22:14:02:993</time></pt><pt><x>381</x><y>12</y><time>27-01-21 22:14:03:307</time></pt><pt><x>383</x><y>15</y><time>27-01-21 22:14:03:535</time></pt><pt><x>383</x><y>18</y><time>27-01-21 22:14:03:834</time></pt><pt><x>383</x><y>22</y><time>27-01-21 22:14:04:077</time></pt><pt><x>382</x><y>25</y><time>27-01-21 22:14:04:241</time></pt><pt><x>381</x><y>30</y><time>27-01-21 22:14:04:548</time></pt><pt><x>381</x><y>32</y><time>27-01-21 22:14:04:713</time></pt><pt><x>383</x><y>34</y><time>27-01-21 22:14:04:901</time></pt><pt><x>386</x><y>37</y><time>27-01-21 22:14:05:105</time></pt><pt><x>389</x><y>39</y><time>27-01-21 22:14:05:326</time></pt><pt><x>391</x><y>42</y><time>27-01-21 22:14:05:569</time></pt><pt><x>392</x><y>46</y><time>27-01-21 22:14:05:733</time></pt><pt><x>392</x><y>49</y><time>27-01-21 22:14:05:969</time></pt><pt><x>392</x><y>51</y><time>27-01-21 22:14:06:151</time></pt><pt><x>388</x><y>52</y><time>27-01-21 22:14:06:331</time></pt><pt><x>382</x><y>53</y><time>27-01-21 22:14:06:551</time></pt><pt><x>377</x><y>54</y><time>27-01-21 22:14:06:747</time></pt><pt><x>373</x><y>54</y><time>27-01-21 22:14:06:959</time></pt><pt><x>371</x><y>53</y><time>27-01-21 22:14:07:138</time></pt><pt><x>370</x><y>52</y><time>27-01-21 22:14:07:289</time></pt><pt><x>371</x><y>49</y><time>27-01-21 22:14:07:469</time></pt><pt><x>372</x><y>45</y><time>27-01-21 22:14:07:669</time></pt><pt><x>374</x><y>43</y><time>27-01-21 22:14:07:847</time></pt><pt><x>376</x><y>39</y><time>27-01-21 22:14:08:035</time></pt><pt><x>377</x><y>37</y><time>27-01-21 22:14:08:217</time></pt><pt><x>378</x><y>36</y><time>27-01-21 22:14:08:397</time></pt><pt><x>379</x><y>34</y><time>27-01-21 22:14:08:585</time></pt><pt><x>380</x><y>33</y><time>27-01-21 22:14:08:805</time></pt><pt><x>380</x><y>30</y><time>27-01-21 22:14:09:167</time></pt><pt><x>382</x><y>22</y><time>27-01-21 22:14:13:000</time></pt><pt><x>382</x><y>18</y><time>27-01-21 22:14:13:763</time></pt><pt><x>381</x><y>14</y><time>27-01-21 22:14:14:281</time></pt><pt><x>378</x><y>12</y><time>27-01-21 22:14:14:965</time></pt><pt><x>375</x><y>10</y><time>27-01-21 22:14:15:436</time></pt><pt><x>373</x><y>10</y><time>27-01-21 22:14:15:705</time></pt><pt><x>372</x><y>12</y><time>27-01-21 22:14:15:915</time></pt><pt><x>371</x><y>16</y><time>27-01-21 22:14:16:071</time></pt><pt><x>370</x><y>21</y><time>27-01-21 22:14:16:662</time></pt><pt><x>369</x><y>25</y><time>27-01-21 22:14:16:913</time></pt><pt><x>369</x><y>28</y><time>27-01-21 22:14:17:085</time></pt><pt><x>367</x><y>32</y><time>27-01-21 22:14:17:392</time></pt><pt><x>364</x><y>37</y><time>27-01-21 22:14:17:753</time></pt><pt><x>363</x><y>38</y><time>27-01-21 22:14:17:941</time></pt><pt><x>360</x><y>40</y><time>27-01-21 22:14:18:121</time></pt><pt><x>359</x><y>43</y><time>27-01-21 22:14:18:333</time></pt><pt><x>355</x><y>47</y><time>27-01-21 22:14:18:712</time></pt><pt><x>351</x><y>53</y><time>27-01-21 22:14:19:119</time></pt><pt><x>345</x><y>57</y><time>27-01-21 22:14:21:357</time></pt><pt><x>343</x><y>60</y><time>27-01-21 22:14:21:628</time></pt><pt><x>341</x><y>65</y><time>27-01-21 22:14:21:790</time></pt><pt><x>341</x><y>70</y><time>27-01-21 22:14:21:956</time></pt><pt><x>341</x><y>76</y><time>27-01-21 22:14:22:199</time></pt><pt><x>343</x><y>79</y><time>27-01-21 22:14:22:388</time></pt><pt><x>347</x><y>81</y><time>27-01-21 22:14:22:560</time></pt><pt><x>352</x><y>82</y><time>27-01-21 22:14:22:813</time></pt><pt><x>359</x><y>83</y><time>27-01-21 22:14:23:094</time></pt><pt><x>364</x><y>82</y><time>27-01-21 22:14:23:265</time></pt><pt><x>367</x><y>83</y><time>27-01-21 22:14:23:477</time></pt><pt><x>369</x><y>84</y><time>27-01-21 22:14:23:636</time></pt><pt><x>370</x><y>88</y><time>27-01-21 22:14:23:816</time></pt><pt><x>370</x><y>91</y><time>27-01-21 22:14:23:997</time></pt><pt><x>369</x><y>124</y><time>27-01-21 22:14:25:740</time></pt><pt><x>369</x><y>137</y><time>27-01-21 22:14:26:111</time></pt><pt><x>368</x><y>144</y><time>27-01-21 22:14:26:273</time></pt><pt><x>366</x><y>174</y><time>27-01-21 22:14:31:701</time></pt><pt><x>366</x><y>187</y><time>27-01-21 22:14:32:196</time></pt><pt><x>366</x><y>202</y><time>27-01-21 22:14:32:613</time></pt><pt><x>368</x><y>214</y><time>27-01-21 22:14:33:022</time></pt><pt><x>369</x><y>223</y><time>27-01-21 22:14:33:499</time></pt><pt><x>369</x><y>229</y><time>27-01-21 22:14:33:768</time></pt><pt><x>369</x><y>232</y><time>27-01-21 22:14:33:947</time></pt><pt><x>366</x><y>243</y><time>27-01-21 22:14:35:542</time></pt><pt><x>364</x><y>247</y><time>27-01-21 22:14:35:801</time></pt><pt><x>363</x><y>252</y><time>27-01-21 22:14:35:943</time></pt><pt><x>364</x><y>256</y><time>27-01-21 22:14:36:083</time></pt><pt><x>365</x><y>259</y><time>27-01-21 22:14:36:226</time></pt><pt><x>365</x><y>264</y><time>27-01-21 22:14:36:376</time></pt><pt><x>364</x><y>267</y><time>27-01-21 22:14:36:557</time></pt><pt><x>364</x><y>270</y><time>27-01-21 22:14:36:698</time></pt><pt><x>364</x><y>272</y><time>27-01-21 22:14:36:830</time></pt><pt><x>365</x><y>276</y><time>27-01-21 22:14:36:988</time></pt><pt><x>362</x><y>282</y><time>27-01-21 22:14:37:286</time></pt><pt><x>362</x><y>285</y><time>27-01-21 22:14:37:454</time></pt><pt><x>364</x><y>289</y><time>27-01-21 22:14:37:640</time></pt><pt><x>365</x><y>290</y><time>27-01-21 22:14:37:798</time></pt><pt><x>365</x><y>292</y><time>27-01-21 22:14:38:000</time></pt><pt><x>364</x><y>295</y><time>27-01-21 22:14:39:713</time></pt><pt><x>364</x><y>297</y><time>27-01-21 22:14:39:933</time></pt><pt><x>364</x><y>299</y><time>27-01-21 22:14:40:105</time></pt><pt><x>359</x><y>306</y><time>27-01-21 22:14:42:281</time></pt><pt><x>357</x><y>312</y><time>27-01-21 22:14:46:153</time></pt><pt><x>356</x><y>316</y><time>27-01-21 22:14:46:467</time></pt><pt><x>357</x><y>319</y><time>27-01-21 22:14:46:634</time></pt><pt><x>359</x><y>320</y><time>27-01-21 22:14:46:797</time></pt><pt><x>363</x><y>321</y><time>27-01-21 22:14:46:993</time></pt><pt><x>369</x><y>320</y><time>27-01-21 22:14:47:207</time></pt><pt><x>375</x><y>320</y><time>27-01-21 22:14:47:576</time></pt><pt><x>376</x><y>319</y><time>27-01-21 22:14:47:755</time></pt><pt><x>377</x><y>317</y><time>27-01-21 22:14:47:882</time></pt><pt><x>379</x><y>316</y><time>27-01-21 22:14:48:056</time></pt><pt><x>379</x><y>314</y><time>27-01-21 22:14:48:203</time></pt><pt><x>379</x><y>310</y><time>27-01-21 22:14:48:362</time></pt><pt><x>379</x><y>305</y><time>27-01-21 22:14:48:525</time></pt><pt><x>380</x><y>298</y><time>27-01-21 22:14:48:770</time></pt><pt><x>383</x><y>287</y><time>27-01-21 22:14:49:483</time></pt><pt><x>383</x><y>280</y><time>27-01-21 22:14:50:090</time></pt><pt><x>384</x><y>275</y><time>27-01-21 22:14:50:272</time></pt><pt><x>387</x><y>263</y><time>27-01-21 22:14:50:677</time></pt><pt><x>389</x><y>248</y><time>27-01-21 22:14:53:907</time></pt><pt><x>390</x><y>236</y><time>27-01-21 22:14:54:229</time></pt><pt><x>392</x><y>231</y><time>27-01-21 22:14:54:472</time></pt><pt><x>393</x><y>226</y><time>27-01-21 22:14:54:621</time></pt><pt><x>395</x><y>221</y><time>27-01-21 22:14:54:785</time></pt><pt><x>396</x><y>212</y><time>27-01-21 22:14:55:187</time></pt><pt><x>397</x><y>227</y><time>27-01-21 22:14:55:730</time></pt><pt><x>397</x><y>246</y><time>27-01-21 22:14:56:326</time></pt><pt><x>396</x><y>261</y><time>27-01-21 22:14:56:852</time></pt><pt><x>398</x><y>281</y><time>27-01-21 22:14:58:030</time></pt><pt><x>398</x><y>289</y><time>27-01-21 22:14:58:330</time></pt><pt><x>400</x><y>293</y><time>27-01-21 22:14:58:477</time></pt><pt><x>400</x><y>295</y><time>27-01-21 22:14:58:628</time></pt><pt><x>401</x><y>297</y><time>27-01-21 22:15:02:837</time></pt><pt><x>402</x><y>298</y><time>27-01-21 22:15:03:135</time></pt><pt><x>402</x><y>303</y><time>27-01-21 22:15:03:302</time></pt><pt><x>401</x><y>304</y><time>27-01-21 22:15:03:458</time></pt><pt><x>400</x><y>307</y><time>27-01-21 22:15:03:625</time></pt><pt><x>400</x><y>309</y><time>27-01-21 22:15:03:771</time></pt><pt><x>400</x><y>311</y><time>27-01-21 22:15:03:932</time></pt><pt><x>399</x><y>313</y><time>27-01-21 22:15:04:048</time></pt><pt><x>401</x><y>316</y><time>27-01-21 22:15:04:220</time></pt><pt><x>406</x><y>316</y><time>27-01-21 22:15:04:393</time></pt><pt><x>408</x><y>318</y><time>27-01-21 22:15:04:582</time></pt><pt><x>411</x><y>319</y><time>27-01-21 22:15:04:777</time></pt><pt><x>414</x><y>320</y><time>27-01-21 22:15:04:990</time></pt><pt><x>423</x><y>320</y><time>27-01-21 22:15:05:287</time></pt><pt><x>429</x><y>319</y><time>27-01-21 22:15:05:907</time></pt><pt><x>430</x><y>317</y><time>27-01-21 22:15:06:122</time></pt><pt><x>427</x><y>311</y><time>27-01-21 22:15:06:656</time></pt><pt><x>420</x><y>305</y><time>27-01-21 22:15:07:158</time></pt><pt><x>416</x><y>298</y><time>27-01-21 22:15:07:622</time></pt><pt><x>416</x><y>293</y><time>27-01-21 22:15:07:810</time></pt><pt><x>416</x><y>290</y><time>27-01-21 22:15:07:981</time></pt><pt><x>418</x><y>288</y><time>27-01-21 22:15:08:191</time></pt><pt><x>419</x><y>285</y><time>27-01-21 22:15:08:319</time></pt><pt><x>419</x><y>279</y><time>27-01-21 22:15:08:556</time></pt><pt><x>420</x><y>259</y><time>27-01-21 22:15:09:970</time></pt><pt><x>422</x><y>251</y><time>27-01-21 22:15:10:300</time></pt><pt><x>422</x><y>246</y><time>27-01-21 22:15:10:456</time></pt><pt><x>422</x><y>242</y><time>27-01-21 22:15:10:622</time></pt><pt><x>421</x><y>240</y><time>27-01-21 22:15:10:801</time></pt><pt><x>421</x><y>235</y><time>27-01-21 22:15:10:997</time></pt><pt><x>422</x><y>231</y><time>27-01-21 22:15:11:164</time></pt><pt><x>426</x><y>206</y><time>27-01-21 22:15:16:788</time></pt><pt><x>429</x><y>192</y><time>27-01-21 22:15:17:431</time></pt><pt><x>432</x><y>172</y><time>27-01-21 22:15:18:139</time></pt><pt><x>433</x><y>166</y><time>27-01-21 22:15:18:453</time></pt><pt><x>433</x><y>161</y><time>27-01-21 22:15:18:649</time></pt><pt><x>432</x><y>152</y><time>27-01-21 22:15:18:971</time></pt><pt><x>430</x><y>142</y><time>27-01-21 22:15:28:786</time></pt><pt><x>432</x><y>138</y><time>27-01-21 22:15:29:264</time></pt><pt><x>433</x><y>134</y><time>27-01-21 22:15:29:743</time></pt><pt><x>432</x><y>127</y><time>27-01-21 22:15:30:087</time></pt><pt><x>431</x><y>118</y><time>27-01-21 22:15:30:473</time></pt><pt><x>432</x><y>114</y><time>27-01-21 22:15:30:874</time></pt><pt><x>433</x><y>116</y><time>27-01-21 22:15:31:283</time></pt><pt><x>435</x><y>133</y><time>27-01-21 22:15:31:917</time></pt><pt><x>439</x><y>149</y><time>27-01-21 22:15:32:414</time></pt><pt><x>440</x><y>157</y><time>27-01-21 22:15:32:759</time></pt><pt><x>441</x><y>159</y><time>27-01-21 22:15:32:958</time></pt><pt><x>441</x><y>162</y><time>27-01-21 22:15:33:128</time></pt><pt><x>441</x><y>164</y><time>27-01-21 22:15:33:286</time></pt><pt><x>440</x><y>167</y><time>27-01-21 22:15:33:426</time></pt><pt><x>440</x><y>172</y><time>27-01-21 22:15:33:654</time></pt><pt><x>440</x><y>180</y><time>27-01-21 22:15:34:142</time></pt><pt><x>440</x><y>183</y><time>27-01-21 22:15:34:385</time></pt><pt><x>442</x><y>187</y><time>27-01-21 22:15:34:643</time></pt><pt><x>449</x><y>184</y><time>27-01-21 22:15:34:909</time></pt><pt><x>452</x><y>179</y><time>27-01-21 22:15:35:226</time></pt><pt><x>453</x><y>174</y><time>27-01-21 22:15:35:459</time></pt><pt><x>453</x><y>171</y><time>27-01-21 22:15:35:626</time></pt><pt><x>453</x><y>166</y><time>27-01-21 22:15:35:829</time></pt><pt><x>453</x><y>163</y><time>27-01-21 22:15:36:025</time></pt><pt><x>455</x><y>159</y><time>27-01-21 22:15:36:237</time></pt><pt><x>456</x><y>150</y><time>27-01-21 22:15:36:755</time></pt><pt><x>454</x><y>131</y><time>27-01-21 22:15:37:501</time></pt><pt><x>453</x><y>106</y><time>27-01-21 22:15:38:877</time></pt><pt><x>449</x><y>80</y><time>27-01-21 22:15:39:506</time></pt><pt><x>445</x><y>69</y><time>27-01-21 22:15:40:211</time></pt><pt><x>443</x><y>61</y><time>27-01-21 22:15:40:652</time></pt><pt><x>437</x><y>56</y><time>27-01-21 22:15:41:092</time></pt><pt><x>425</x><y>53</y><time>27-01-21 22:15:41:719</time></pt><pt><x>418</x><y>49</y><time>27-01-21 22:15:42:387</time></pt><pt><x>415</x><y>47</y><time>27-01-21 22:15:42:662</time></pt><pt><x>415</x><y>44</y><time>27-01-21 22:15:42:953</time></pt><pt><x>417</x><y>36</y><time>27-01-21 22:15:43:432</time></pt><pt><x>419</x><y>31</y><time>27-01-21 22:15:43:839</time></pt><pt><x>419</x><y>27</y><time>27-01-21 22:15:44:368</time></pt><closed_date>27-01-21 22:15:44:735</closed_date></polygon></object></annotation>