<annotation><filename>frame0086.jpg</filename><folder>users/lab605//7hao/human_20210119_4</folder><source><submittedBy>lab605</submittedBy></source><imagesize><nrows>480</nrows><ncols>640</ncols></imagesize><object><name>person</name><deleted>0</deleted><verified>0</verified><occluded>no</occluded><attributes></attributes><parts><hasparts></hasparts><ispartof></ispartof></parts><date>26-01-21 15:44:51:596</date><id>0</id><polygon><username>7hao</username><pt><x>151</x><y>0</y><time>26-01-21 15:44:07:400</time></pt><pt><x>151</x><y>3</y><time>26-01-21 15:44:07:927</time></pt><pt><x>151</x><y>5</y><time>26-01-21 15:44:08:627</time></pt><pt><x>147</x><y>8</y><time>26-01-21 15:44:09:233</time></pt><pt><x>139</x><y>11</y><time>26-01-21 15:44:09:869</time></pt><pt><x>128</x><y>20</y><time>26-01-21 15:44:10:492</time></pt><pt><x>124</x><y>32</y><time>26-01-21 15:44:11:041</time></pt><pt><x>122</x><y>46</y><time>26-01-21 15:44:11:623</time></pt><pt><x>119</x><y>65</y><time>26-01-21 15:44:14:304</time></pt><pt><x>119</x><y>83</y><time>26-01-21 15:44:14:777</time></pt><pt><x>119</x><y>97</y><time>26-01-21 15:44:15:223</time></pt><pt><x>122</x><y>103</y><time>26-01-21 15:44:15:603</time></pt><pt><x>126</x><y>113</y><time>26-01-21 15:44:16:011</time></pt><pt><x>129</x><y>122</y><time>26-01-21 15:44:17:514</time></pt><pt><x>130</x><y>129</y><time>26-01-21 15:44:17:810</time></pt><pt><x>133</x><y>134</y><time>26-01-21 15:44:18:117</time></pt><pt><x>137</x><y>137</y><time>26-01-21 15:44:18:481</time></pt><pt><x>138</x><y>141</y><time>26-01-21 15:44:18:660</time></pt><pt><x>139</x><y>150</y><time>26-01-21 15:44:19:075</time></pt><pt><x>141</x><y>160</y><time>26-01-21 15:44:19:518</time></pt><pt><x>143</x><y>171</y><time>26-01-21 15:44:19:877</time></pt><pt><x>142</x><y>180</y><time>26-01-21 15:44:21:265</time></pt><pt><x>141</x><y>184</y><time>26-01-21 15:44:21:475</time></pt><pt><x>141</x><y>192</y><time>26-01-21 15:44:21:742</time></pt><pt><x>143</x><y>196</y><time>26-01-21 15:44:21:986</time></pt><pt><x>148</x><y>198</y><time>26-01-21 15:44:22:432</time></pt><pt><x>152</x><y>201</y><time>26-01-21 15:44:22:778</time></pt><pt><x>152</x><y>211</y><time>26-01-21 15:44:23:109</time></pt><pt><x>152</x><y>228</y><time>26-01-21 15:44:24:196</time></pt><pt><x>150</x><y>241</y><time>26-01-21 15:44:24:525</time></pt><pt><x>150</x><y>250</y><time>26-01-21 15:44:24:754</time></pt><pt><x>153</x><y>265</y><time>26-01-21 15:44:25:163</time></pt><pt><x>156</x><y>276</y><time>26-01-21 15:44:25:555</time></pt><pt><x>159</x><y>290</y><time>26-01-21 15:44:26:869</time></pt><pt><x>159</x><y>294</y><time>26-01-21 15:44:27:145</time></pt><pt><x>156</x><y>299</y><time>26-01-21 15:44:27:339</time></pt><pt><x>153</x><y>306</y><time>26-01-21 15:44:27:633</time></pt><pt><x>152</x><y>313</y><time>26-01-21 15:44:27:907</time></pt><pt><x>154</x><y>319</y><time>26-01-21 15:44:28:127</time></pt><pt><x>157</x><y>322</y><time>26-01-21 15:44:28:409</time></pt><pt><x>163</x><y>327</y><time>26-01-21 15:44:28:701</time></pt><pt><x>165</x><y>332</y><time>26-01-21 15:44:29:010</time></pt><pt><x>170</x><y>338</y><time>26-01-21 15:44:29:462</time></pt><pt><x>176</x><y>338</y><time>26-01-21 15:44:29:809</time></pt><pt><x>185</x><y>339</y><time>26-01-21 15:44:30:155</time></pt><pt><x>194</x><y>339</y><time>26-01-21 15:44:30:510</time></pt><pt><x>196</x><y>335</y><time>26-01-21 15:44:30:858</time></pt><pt><x>195</x><y>330</y><time>26-01-21 15:44:31:053</time></pt><pt><x>188</x><y>317</y><time>26-01-21 15:44:31:469</time></pt><pt><x>184</x><y>305</y><time>26-01-21 15:44:31:821</time></pt><pt><x>181</x><y>297</y><time>26-01-21 15:44:32:191</time></pt><pt><x>183</x><y>291</y><time>26-01-21 15:44:32:396</time></pt><pt><x>190</x><y>278</y><time>26-01-21 15:44:32:812</time></pt><pt><x>198</x><y>263</y><time>26-01-21 15:44:33:276</time></pt><pt><x>203</x><y>240</y><time>26-01-21 15:44:35:054</time></pt><pt><x>203</x><y>234</y><time>26-01-21 15:44:35:375</time></pt><pt><x>203</x><y>226</y><time>26-01-21 15:44:35:572</time></pt><pt><x>205</x><y>213</y><time>26-01-21 15:44:35:903</time></pt><pt><x>208</x><y>206</y><time>26-01-21 15:44:36:218</time></pt><pt><x>215</x><y>205</y><time>26-01-21 15:44:36:587</time></pt><pt><x>218</x><y>203</y><time>26-01-21 15:44:36:832</time></pt><pt><x>219</x><y>189</y><time>26-01-21 15:44:37:216</time></pt><pt><x>226</x><y>159</y><time>26-01-21 15:44:38:514</time></pt><pt><x>230</x><y>149</y><time>26-01-21 15:44:38:810</time></pt><pt><x>232</x><y>143</y><time>26-01-21 15:44:39:001</time></pt><pt><x>233</x><y>139</y><time>26-01-21 15:44:39:188</time></pt><pt><x>236</x><y>135</y><time>26-01-21 15:44:39:362</time></pt><pt><x>238</x><y>131</y><time>26-01-21 15:44:39:562</time></pt><pt><x>238</x><y>127</y><time>26-01-21 15:44:39:733</time></pt><pt><x>240</x><y>112</y><time>26-01-21 15:44:40:212</time></pt><pt><x>239</x><y>83</y><time>26-01-21 15:44:41:343</time></pt><pt><x>237</x><y>61</y><time>26-01-21 15:44:42:116</time></pt><pt><x>232</x><y>37</y><time>26-01-21 15:44:43:018</time></pt><pt><x>227</x><y>22</y><time>26-01-21 15:44:43:458</time></pt><pt><x>216</x><y>13</y><time>26-01-21 15:44:44:181</time></pt><pt><x>210</x><y>9</y><time>26-01-21 15:44:44:526</time></pt><pt><x>207</x><y>6</y><time>26-01-21 15:44:44:889</time></pt><pt><x>207</x><y>4</y><time>26-01-21 15:44:45:141</time></pt><pt><x>207</x><y>1</y><time>26-01-21 15:44:45:424</time></pt><closed_date>26-01-21 15:44:48:215</closed_date></polygon></object><object><name>person</name><deleted>0</deleted><verified>0</verified><occluded>no</occluded><attributes></attributes><parts><hasparts></hasparts><ispartof></ispartof></parts><date>26-01-21 15:45:51:033</date><id>1</id><polygon><username>7hao</username><pt><x>402</x><y>47</y><time>26-01-21 15:44:56:106</time></pt><pt><x>402</x><y>41</y><time>26-01-21 15:44:56:448</time></pt><pt><x>396</x><y>36</y><time>26-01-21 15:44:56:856</time></pt><pt><x>389</x><y>35</y><time>26-01-21 15:44:57:143</time></pt><pt><x>379</x><y>35</y><time>26-01-21 15:44:57:393</time></pt><pt><x>372</x><y>39</y><time>26-01-21 15:44:57:685</time></pt><pt><x>370</x><y>42</y><time>26-01-21 15:44:57:963</time></pt><pt><x>371</x><y>45</y><time>26-01-21 15:44:58:228</time></pt><pt><x>372</x><y>46</y><time>26-01-21 15:44:58:598</time></pt><pt><x>371</x><y>49</y><time>26-01-21 15:44:58:830</time></pt><pt><x>370</x><y>53</y><time>26-01-21 15:44:59:136</time></pt><pt><x>370</x><y>55</y><time>26-01-21 15:44:59:356</time></pt><pt><x>370</x><y>57</y><time>26-01-21 15:44:59:547</time></pt><pt><x>370</x><y>60</y><time>26-01-21 15:44:59:689</time></pt><pt><x>372</x><y>63</y><time>26-01-21 15:44:59:862</time></pt><pt><x>378</x><y>69</y><time>26-01-21 15:45:00:429</time></pt><pt><x>381</x><y>71</y><time>26-01-21 15:45:00:695</time></pt><pt><x>381</x><y>73</y><time>26-01-21 15:45:00:850</time></pt><pt><x>382</x><y>76</y><time>26-01-21 15:45:01:054</time></pt><pt><x>378</x><y>80</y><time>26-01-21 15:45:01:356</time></pt><pt><x>371</x><y>81</y><time>26-01-21 15:45:01:685</time></pt><pt><x>360</x><y>83</y><time>26-01-21 15:45:02:017</time></pt><pt><x>357</x><y>83</y><time>26-01-21 15:45:02:320</time></pt><pt><x>357</x><y>81</y><time>26-01-21 15:45:02:532</time></pt><pt><x>359</x><y>79</y><time>26-01-21 15:45:02:761</time></pt><pt><x>360</x><y>75</y><time>26-01-21 15:45:03:068</time></pt><pt><x>360</x><y>72</y><time>26-01-21 15:45:03:251</time></pt><pt><x>361</x><y>69</y><time>26-01-21 15:45:03:439</time></pt><pt><x>363</x><y>66</y><time>26-01-21 15:45:03:626</time></pt><pt><x>365</x><y>62</y><time>26-01-21 15:45:03:870</time></pt><pt><x>366</x><y>61</y><time>26-01-21 15:45:04:106</time></pt><pt><x>368</x><y>60</y><time>26-01-21 15:45:04:320</time></pt><pt><x>369</x><y>56</y><time>26-01-21 15:45:04:658</time></pt><pt><x>369</x><y>50</y><time>26-01-21 15:45:05:183</time></pt><pt><x>370</x><y>47</y><time>26-01-21 15:45:05:663</time></pt><pt><x>370</x><y>44</y><time>26-01-21 15:45:06:102</time></pt><pt><x>368</x><y>42</y><time>26-01-21 15:45:06:527</time></pt><pt><x>364</x><y>43</y><time>26-01-21 15:45:06:982</time></pt><pt><x>360</x><y>49</y><time>26-01-21 15:45:07:260</time></pt><pt><x>357</x><y>57</y><time>26-01-21 15:45:08:358</time></pt><pt><x>351</x><y>65</y><time>26-01-21 15:45:10:866</time></pt><pt><x>345</x><y>76</y><time>26-01-21 15:45:11:481</time></pt><pt><x>339</x><y>85</y><time>26-01-21 15:45:11:906</time></pt><pt><x>336</x><y>93</y><time>26-01-21 15:45:12:293</time></pt><pt><x>336</x><y>98</y><time>26-01-21 15:45:12:518</time></pt><pt><x>345</x><y>104</y><time>26-01-21 15:45:12:848</time></pt><pt><x>353</x><y>106</y><time>26-01-21 15:45:13:186</time></pt><pt><x>359</x><y>106</y><time>26-01-21 15:45:13:414</time></pt><pt><x>363</x><y>111</y><time>26-01-21 15:45:13:610</time></pt><pt><x>363</x><y>120</y><time>26-01-21 15:45:13:990</time></pt><pt><x>361</x><y>152</y><time>26-01-21 15:45:15:568</time></pt><pt><x>361</x><y>162</y><time>26-01-21 15:45:16:008</time></pt><pt><x>361</x><y>165</y><time>26-01-21 15:45:16:311</time></pt><pt><x>361</x><y>168</y><time>26-01-21 15:45:16:472</time></pt><pt><x>360</x><y>176</y><time>26-01-21 15:45:16:741</time></pt><pt><x>359</x><y>185</y><time>26-01-21 15:45:17:071</time></pt><pt><x>360</x><y>198</y><time>26-01-21 15:45:17:410</time></pt><pt><x>360</x><y>215</y><time>26-01-21 15:45:18:674</time></pt><pt><x>362</x><y>226</y><time>26-01-21 15:45:18:982</time></pt><pt><x>362</x><y>234</y><time>26-01-21 15:45:19:163</time></pt><pt><x>362</x><y>238</y><time>26-01-21 15:45:19:406</time></pt><pt><x>357</x><y>250</y><time>26-01-21 15:45:19:751</time></pt><pt><x>357</x><y>256</y><time>26-01-21 15:45:20:036</time></pt><pt><x>359</x><y>269</y><time>26-01-21 15:45:20:406</time></pt><pt><x>357</x><y>279</y><time>26-01-21 15:45:20:993</time></pt><pt><x>357</x><y>282</y><time>26-01-21 15:45:21:169</time></pt><pt><x>358</x><y>286</y><time>26-01-21 15:45:21:333</time></pt><pt><x>358</x><y>289</y><time>26-01-21 15:45:21:576</time></pt><pt><x>358</x><y>296</y><time>26-01-21 15:45:21:764</time></pt><pt><x>355</x><y>299</y><time>26-01-21 15:45:22:357</time></pt><pt><x>353</x><y>301</y><time>26-01-21 15:45:22:597</time></pt><pt><x>351</x><y>304</y><time>26-01-21 15:45:22:730</time></pt><pt><x>351</x><y>308</y><time>26-01-21 15:45:22:992</time></pt><pt><x>353</x><y>311</y><time>26-01-21 15:45:23:305</time></pt><pt><x>358</x><y>312</y><time>26-01-21 15:45:23:508</time></pt><pt><x>365</x><y>311</y><time>26-01-21 15:45:23:817</time></pt><pt><x>369</x><y>310</y><time>26-01-21 15:45:24:098</time></pt><pt><x>370</x><y>309</y><time>26-01-21 15:45:24:281</time></pt><pt><x>372</x><y>307</y><time>26-01-21 15:45:24:501</time></pt><pt><x>372</x><y>303</y><time>26-01-21 15:45:24:704</time></pt><pt><x>371</x><y>299</y><time>26-01-21 15:45:24:893</time></pt><pt><x>372</x><y>289</y><time>26-01-21 15:45:25:254</time></pt><pt><x>375</x><y>276</y><time>26-01-21 15:45:25:641</time></pt><pt><x>379</x><y>256</y><time>26-01-21 15:45:26:268</time></pt><pt><x>379</x><y>248</y><time>26-01-21 15:45:26:569</time></pt><pt><x>381</x><y>238</y><time>26-01-21 15:45:26:843</time></pt><pt><x>384</x><y>228</y><time>26-01-21 15:45:27:189</time></pt><pt><x>385</x><y>222</y><time>26-01-21 15:45:27:526</time></pt><pt><x>387</x><y>259</y><time>26-01-21 15:45:28:486</time></pt><pt><x>387</x><y>269</y><time>26-01-21 15:45:28:824</time></pt><pt><x>387</x><y>275</y><time>26-01-21 15:45:28:982</time></pt><pt><x>389</x><y>284</y><time>26-01-21 15:45:29:217</time></pt><pt><x>390</x><y>289</y><time>26-01-21 15:45:29:407</time></pt><pt><x>389</x><y>296</y><time>26-01-21 15:45:29:618</time></pt><pt><x>389</x><y>301</y><time>26-01-21 15:45:29:830</time></pt><pt><x>389</x><y>306</y><time>26-01-21 15:45:30:170</time></pt><pt><x>392</x><y>308</y><time>26-01-21 15:45:30:423</time></pt><pt><x>395</x><y>309</y><time>26-01-21 15:45:30:593</time></pt><pt><x>399</x><y>310</y><time>26-01-21 15:45:30:828</time></pt><pt><x>405</x><y>310</y><time>26-01-21 15:45:31:049</time></pt><pt><x>410</x><y>310</y><time>26-01-21 15:45:31:435</time></pt><pt><x>413</x><y>310</y><time>26-01-21 15:45:31:811</time></pt><pt><x>414</x><y>306</y><time>26-01-21 15:45:32:055</time></pt><pt><x>412</x><y>305</y><time>26-01-21 15:45:32:282</time></pt><pt><x>409</x><y>300</y><time>26-01-21 15:45:32:607</time></pt><pt><x>405</x><y>294</y><time>26-01-21 15:45:32:881</time></pt><pt><x>404</x><y>289</y><time>26-01-21 15:45:33:039</time></pt><pt><x>405</x><y>284</y><time>26-01-21 15:45:33:251</time></pt><pt><x>406</x><y>280</y><time>26-01-21 15:45:33:448</time></pt><pt><x>406</x><y>273</y><time>26-01-21 15:45:33:643</time></pt><pt><x>408</x><y>258</y><time>26-01-21 15:45:34:014</time></pt><pt><x>408</x><y>244</y><time>26-01-21 15:45:34:421</time></pt><pt><x>408</x><y>240</y><time>26-01-21 15:45:34:643</time></pt><pt><x>407</x><y>236</y><time>26-01-21 15:45:34:823</time></pt><pt><x>410</x><y>225</y><time>26-01-21 15:45:35:388</time></pt><pt><x>417</x><y>182</y><time>26-01-21 15:45:36:552</time></pt><pt><x>417</x><y>169</y><time>26-01-21 15:45:36:944</time></pt><pt><x>417</x><y>164</y><time>26-01-21 15:45:37:141</time></pt><pt><x>416</x><y>160</y><time>26-01-21 15:45:37:365</time></pt><pt><x>416</x><y>155</y><time>26-01-21 15:45:37:567</time></pt><pt><x>417</x><y>151</y><time>26-01-21 15:45:37:770</time></pt><pt><x>416</x><y>145</y><time>26-01-21 15:45:37:974</time></pt><pt><x>415</x><y>134</y><time>26-01-21 15:45:38:360</time></pt><pt><x>415</x><y>130</y><time>26-01-21 15:45:38:698</time></pt><pt><x>421</x><y>161</y><time>26-01-21 15:45:39:461</time></pt><pt><x>421</x><y>168</y><time>26-01-21 15:45:39:887</time></pt><pt><x>421</x><y>172</y><time>26-01-21 15:45:40:050</time></pt><pt><x>421</x><y>176</y><time>26-01-21 15:45:40:231</time></pt><pt><x>420</x><y>180</y><time>26-01-21 15:45:40:482</time></pt><pt><x>420</x><y>183</y><time>26-01-21 15:45:40:633</time></pt><pt><x>420</x><y>188</y><time>26-01-21 15:45:40:805</time></pt><pt><x>420</x><y>194</y><time>26-01-21 15:45:41:032</time></pt><pt><x>423</x><y>197</y><time>26-01-21 15:45:41:324</time></pt><pt><x>428</x><y>195</y><time>26-01-21 15:45:41:631</time></pt><pt><x>430</x><y>190</y><time>26-01-21 15:45:41:826</time></pt><pt><x>430</x><y>185</y><time>26-01-21 15:45:42:063</time></pt><pt><x>431</x><y>181</y><time>26-01-21 15:45:42:283</time></pt><pt><x>432</x><y>176</y><time>26-01-21 15:45:42:449</time></pt><pt><x>433</x><y>171</y><time>26-01-21 15:45:42:677</time></pt><pt><x>433</x><y>156</y><time>26-01-21 15:45:43:079</time></pt><pt><x>431</x><y>112</y><time>26-01-21 15:45:44:492</time></pt><pt><x>427</x><y>94</y><time>26-01-21 15:45:44:916</time></pt><pt><x>424</x><y>88</y><time>26-01-21 15:45:45:224</time></pt><pt><x>417</x><y>83</y><time>26-01-21 15:45:45:576</time></pt><pt><x>408</x><y>81</y><time>26-01-21 15:45:45:979</time></pt><pt><x>402</x><y>78</y><time>26-01-21 15:45:46:230</time></pt><pt><x>401</x><y>72</y><time>26-01-21 15:45:46:592</time></pt><pt><x>403</x><y>68</y><time>26-01-21 15:45:46:882</time></pt><pt><x>404</x><y>64</y><time>26-01-21 15:45:47:150</time></pt><pt><x>403</x><y>58</y><time>26-01-21 15:45:47:499</time></pt><pt><x>403</x><y>52</y><time>26-01-21 15:45:47:881</time></pt><closed_date>26-01-21 15:45:48:415</closed_date></polygon></object><object><name>person</name><deleted>0</deleted><verified>0</verified><occluded>no</occluded><attributes></attributes><parts><hasparts></hasparts><ispartof></ispartof></parts><date>26-01-21 15:46:40:143</date><id>2</id><polygon><username>7hao</username><pt><x>538</x><y>0</y><time>26-01-21 15:45:54:456</time></pt><pt><x>537</x><y>3</y><time>26-01-21 15:45:54:808</time></pt><pt><x>533</x><y>10</y><time>26-01-21 15:45:55:382</time></pt><pt><x>528</x><y>17</y><time>26-01-21 15:45:55:737</time></pt><pt><x>525</x><y>24</y><time>26-01-21 15:45:55:988</time></pt><pt><x>524</x><y>35</y><time>26-01-21 15:45:56:380</time></pt><pt><x>521</x><y>51</y><time>26-01-21 15:45:56:838</time></pt><pt><x>518</x><y>64</y><time>26-01-21 15:45:57:316</time></pt><pt><x>512</x><y>81</y><time>26-01-21 15:45:58:607</time></pt><pt><x>504</x><y>94</y><time>26-01-21 15:45:58:985</time></pt><pt><x>495</x><y>108</y><time>26-01-21 15:45:59:552</time></pt><pt><x>488</x><y>120</y><time>26-01-21 15:45:59:951</time></pt><pt><x>487</x><y>126</y><time>26-01-21 15:46:00:170</time></pt><pt><x>484</x><y>132</y><time>26-01-21 15:46:00:471</time></pt><pt><x>478</x><y>140</y><time>26-01-21 15:46:01:538</time></pt><pt><x>477</x><y>143</y><time>26-01-21 15:46:01:822</time></pt><pt><x>476</x><y>153</y><time>26-01-21 15:46:06:242</time></pt><pt><x>480</x><y>157</y><time>26-01-21 15:46:06:668</time></pt><pt><x>484</x><y>161</y><time>26-01-21 15:46:07:140</time></pt><pt><x>488</x><y>159</y><time>26-01-21 15:46:07:437</time></pt><pt><x>489</x><y>155</y><time>26-01-21 15:46:07:667</time></pt><pt><x>492</x><y>146</y><time>26-01-21 15:46:07:995</time></pt><pt><x>495</x><y>141</y><time>26-01-21 15:46:08:333</time></pt><pt><x>500</x><y>137</y><time>26-01-21 15:46:08:568</time></pt><pt><x>503</x><y>133</y><time>26-01-21 15:46:08:812</time></pt><pt><x>508</x><y>129</y><time>26-01-21 15:46:09:056</time></pt><pt><x>517</x><y>118</y><time>26-01-21 15:46:09:630</time></pt><pt><x>524</x><y>111</y><time>26-01-21 15:46:09:977</time></pt><pt><x>526</x><y>113</y><time>26-01-21 15:46:10:212</time></pt><pt><x>527</x><y>121</y><time>26-01-21 15:46:10:494</time></pt><pt><x>528</x><y>126</y><time>26-01-21 15:46:10:677</time></pt><pt><x>530</x><y>128</y><time>26-01-21 15:46:10:850</time></pt><pt><x>530</x><y>133</y><time>26-01-21 15:46:11:038</time></pt><pt><x>524</x><y>140</y><time>26-01-21 15:46:11:329</time></pt><pt><x>520</x><y>146</y><time>26-01-21 15:46:11:598</time></pt><pt><x>519</x><y>152</y><time>26-01-21 15:46:11:810</time></pt><pt><x>519</x><y>160</y><time>26-01-21 15:46:12:163</time></pt><pt><x>519</x><y>168</y><time>26-01-21 15:46:12:391</time></pt><pt><x>504</x><y>189</y><time>26-01-21 15:46:13:742</time></pt><pt><x>501</x><y>195</y><time>26-01-21 15:46:13:948</time></pt><pt><x>501</x><y>217</y><time>26-01-21 15:46:14:410</time></pt><pt><x>502</x><y>234</y><time>26-01-21 15:46:14:853</time></pt><pt><x>503</x><y>238</y><time>26-01-21 15:46:15:026</time></pt><pt><x>510</x><y>251</y><time>26-01-21 15:46:15:401</time></pt><pt><x>539</x><y>293</y><time>26-01-21 15:46:16:991</time></pt><pt><x>547</x><y>303</y><time>26-01-21 15:46:17:350</time></pt><pt><x>553</x><y>309</y><time>26-01-21 15:46:17:525</time></pt><pt><x>555</x><y>316</y><time>26-01-21 15:46:17:728</time></pt><pt><x>552</x><y>322</y><time>26-01-21 15:46:17:948</time></pt><pt><x>547</x><y>325</y><time>26-01-21 15:46:18:154</time></pt><pt><x>539</x><y>330</y><time>26-01-21 15:46:18:388</time></pt><pt><x>536</x><y>334</y><time>26-01-21 15:46:18:547</time></pt><pt><x>536</x><y>341</y><time>26-01-21 15:46:18:766</time></pt><pt><x>539</x><y>345</y><time>26-01-21 15:46:18:987</time></pt><pt><x>546</x><y>345</y><time>26-01-21 15:46:19:248</time></pt><pt><x>553</x><y>343</y><time>26-01-21 15:46:19:482</time></pt><pt><x>557</x><y>345</y><time>26-01-21 15:46:19:711</time></pt><pt><x>558</x><y>349</y><time>26-01-21 15:46:19:923</time></pt><pt><x>555</x><y>357</y><time>26-01-21 15:46:20:221</time></pt><pt><x>553</x><y>362</y><time>26-01-21 15:46:20:411</time></pt><pt><x>555</x><y>366</y><time>26-01-21 15:46:20:599</time></pt><pt><x>562</x><y>368</y><time>26-01-21 15:46:20:859</time></pt><pt><x>577</x><y>368</y><time>26-01-21 15:46:21:156</time></pt><pt><x>589</x><y>363</y><time>26-01-21 15:46:21:510</time></pt><pt><x>591</x><y>357</y><time>26-01-21 15:46:21:754</time></pt><pt><x>591</x><y>346</y><time>26-01-21 15:46:21:966</time></pt><pt><x>594</x><y>335</y><time>26-01-21 15:46:22:297</time></pt><pt><x>594</x><y>328</y><time>26-01-21 15:46:22:524</time></pt><pt><x>591</x><y>325</y><time>26-01-21 15:46:22:730</time></pt><pt><x>592</x><y>323</y><time>26-01-21 15:46:22:919</time></pt><pt><x>604</x><y>317</y><time>26-01-21 15:46:23:378</time></pt><pt><x>606</x><y>312</y><time>26-01-21 15:46:23:649</time></pt><pt><x>599</x><y>304</y><time>26-01-21 15:46:23:987</time></pt><pt><x>597</x><y>295</y><time>26-01-21 15:46:24:209</time></pt><pt><x>598</x><y>276</y><time>26-01-21 15:46:24:720</time></pt><pt><x>598</x><y>223</y><time>26-01-21 15:46:26:042</time></pt><pt><x>603</x><y>208</y><time>26-01-21 15:46:26:384</time></pt><pt><x>604</x><y>196</y><time>26-01-21 15:46:26:692</time></pt><pt><x>604</x><y>190</y><time>26-01-21 15:46:26:834</time></pt><pt><x>605</x><y>180</y><time>26-01-21 15:46:27:092</time></pt><pt><x>608</x><y>168</y><time>26-01-21 15:46:27:392</time></pt><pt><x>613</x><y>137</y><time>26-01-21 15:46:28:688</time></pt><pt><x>613</x><y>132</y><time>26-01-21 15:46:28:885</time></pt><pt><x>623</x><y>106</y><time>26-01-21 15:46:29:626</time></pt><pt><x>632</x><y>80</y><time>26-01-21 15:46:30:820</time></pt><pt><x>634</x><y>70</y><time>26-01-21 15:46:31:118</time></pt><pt><x>634</x><y>62</y><time>26-01-21 15:46:31:386</time></pt><pt><x>634</x><y>31</y><time>26-01-21 15:46:33:376</time></pt><pt><x>634</x><y>12</y><time>26-01-21 15:46:34:390</time></pt><pt><x>633</x><y>6</y><time>26-01-21 15:46:34:720</time></pt><pt><x>632</x><y>0</y><time>26-01-21 15:46:35:091</time></pt><closed_date>26-01-21 15:46:37:716</closed_date></polygon></object></annotation>