<annotation><filename>frame0017.jpg</filename><folder>users/lab605//7hao/human_20210119_4</folder><source><submittedBy>lab605</submittedBy></source><imagesize><nrows>480</nrows><ncols>640</ncols></imagesize><object><name>person</name><deleted>0</deleted><verified>0</verified><occluded>no</occluded><attributes></attributes><parts><hasparts></hasparts><ispartof></ispartof></parts><date>21-01-21 16:08:53:011</date><id>0</id><polygon><username>7hao</username><pt><x>469</x><y>49</y><time>21-01-21 16:06:37:042</time></pt><pt><x>465</x><y>50</y><time>21-01-21 16:06:37:362</time></pt><pt><x>461</x><y>52</y><time>21-01-21 16:06:37:628</time></pt><pt><x>457</x><y>56</y><time>21-01-21 16:06:37:945</time></pt><pt><x>456</x><y>59</y><time>21-01-21 16:06:38:227</time></pt><pt><x>456</x><y>65</y><time>21-01-21 16:06:38:502</time></pt><pt><x>457</x><y>70</y><time>21-01-21 16:06:38:808</time></pt><pt><x>457</x><y>74</y><time>21-01-21 16:06:39:115</time></pt><pt><x>459</x><y>78</y><time>21-01-21 16:06:39:484</time></pt><pt><x>462</x><y>79</y><time>21-01-21 16:06:39:830</time></pt><pt><x>463</x><y>82</y><time>21-01-21 16:06:40:240</time></pt><pt><x>461</x><y>85</y><time>21-01-21 16:06:41:522</time></pt><pt><x>457</x><y>85</y><time>21-01-21 16:06:41:922</time></pt><pt><x>450</x><y>90</y><time>21-01-21 16:06:42:466</time></pt><pt><x>447</x><y>92</y><time>21-01-21 16:06:42:943</time></pt><pt><x>442</x><y>93</y><time>21-01-21 16:06:46:893</time></pt><pt><x>439</x><y>97</y><time>21-01-21 16:06:47:270</time></pt><pt><x>436</x><y>100</y><time>21-01-21 16:06:47:600</time></pt><pt><x>435</x><y>108</y><time>21-01-21 16:06:48:025</time></pt><pt><x>433</x><y>120</y><time>21-01-21 16:06:48:623</time></pt><pt><x>431</x><y>136</y><time>21-01-21 16:06:50:321</time></pt><pt><x>431</x><y>147</y><time>21-01-21 16:06:53:067</time></pt><pt><x>431</x><y>155</y><time>21-01-21 16:06:53:537</time></pt><pt><x>432</x><y>159</y><time>21-01-21 16:06:53:992</time></pt><pt><x>434</x><y>169</y><time>21-01-21 16:06:55:214</time></pt><pt><x>437</x><y>177</y><time>21-01-21 16:06:55:653</time></pt><pt><x>440</x><y>182</y><time>21-01-21 16:06:56:006</time></pt><pt><x>441</x><y>185</y><time>21-01-21 16:06:56:418</time></pt><pt><x>443</x><y>191</y><time>21-01-21 16:06:57:935</time></pt><pt><x>445</x><y>196</y><time>21-01-21 16:06:59:963</time></pt><pt><x>446</x><y>203</y><time>21-01-21 16:07:00:255</time></pt><pt><x>447</x><y>210</y><time>21-01-21 16:07:00:593</time></pt><pt><x>447</x><y>222</y><time>21-01-21 16:07:01:018</time></pt><pt><x>448</x><y>227</y><time>21-01-21 16:07:01:387</time></pt><pt><x>450</x><y>236</y><time>21-01-21 16:07:02:487</time></pt><pt><x>449</x><y>247</y><time>21-01-21 16:07:02:913</time></pt><pt><x>449</x><y>255</y><time>21-01-21 16:07:03:329</time></pt><pt><x>449</x><y>275</y><time>21-01-21 16:07:04:485</time></pt><pt><x>450</x><y>281</y><time>21-01-21 16:07:04:871</time></pt><pt><x>451</x><y>285</y><time>21-01-21 16:07:05:161</time></pt><pt><x>451</x><y>290</y><time>21-01-21 16:07:05:469</time></pt><pt><x>450</x><y>293</y><time>21-01-21 16:07:05:861</time></pt><pt><x>449</x><y>298</y><time>21-01-21 16:07:06:569</time></pt><pt><x>449</x><y>303</y><time>21-01-21 16:07:07:899</time></pt><pt><x>448</x><y>305</y><time>21-01-21 16:07:08:370</time></pt><pt><x>454</x><y>306</y><time>21-01-21 16:07:09:030</time></pt><pt><x>460</x><y>307</y><time>21-01-21 16:07:09:724</time></pt><pt><x>464</x><y>306</y><time>21-01-21 16:07:11:652</time></pt><pt><x>467</x><y>305</y><time>21-01-21 16:07:12:021</time></pt><pt><x>469</x><y>304</y><time>21-01-21 16:07:12:350</time></pt><pt><x>469</x><y>302</y><time>21-01-21 16:07:12:640</time></pt><pt><x>468</x><y>301</y><time>21-01-21 16:07:12:868</time></pt><pt><x>468</x><y>299</y><time>21-01-21 16:07:13:097</time></pt><pt><x>465</x><y>296</y><time>21-01-21 16:07:14:081</time></pt><pt><x>464</x><y>291</y><time>21-01-21 16:07:14:480</time></pt><pt><x>464</x><y>289</y><time>21-01-21 16:07:14:805</time></pt><pt><x>465</x><y>288</y><time>21-01-21 16:07:15:054</time></pt><pt><x>465</x><y>285</y><time>21-01-21 16:07:15:409</time></pt><pt><x>464</x><y>282</y><time>21-01-21 16:07:15:763</time></pt><pt><x>465</x><y>280</y><time>21-01-21 16:07:16:188</time></pt><pt><x>467</x><y>269</y><time>21-01-21 16:07:17:414</time></pt><pt><x>468</x><y>248</y><time>21-01-21 16:07:19:042</time></pt><pt><x>469</x><y>240</y><time>21-01-21 16:07:19:716</time></pt><pt><x>470</x><y>235</y><time>21-01-21 16:07:20:216</time></pt><pt><x>473</x><y>215</y><time>21-01-21 16:07:21:363</time></pt><pt><x>473</x><y>211</y><time>21-01-21 16:07:21:773</time></pt><pt><x>473</x><y>205</y><time>21-01-21 16:07:22:151</time></pt><pt><x>473</x><y>202</y><time>21-01-21 16:07:22:606</time></pt><pt><x>474</x><y>201</y><time>21-01-21 16:07:22:983</time></pt><pt><x>475</x><y>203</y><time>21-01-21 16:07:23:447</time></pt><pt><x>482</x><y>218</y><time>21-01-21 16:07:24:329</time></pt><pt><x>482</x><y>224</y><time>21-01-21 16:07:24:761</time></pt><pt><x>483</x><y>230</y><time>21-01-21 16:07:25:516</time></pt><pt><x>487</x><y>237</y><time>21-01-21 16:07:26:673</time></pt><pt><x>489</x><y>253</y><time>21-01-21 16:07:28:364</time></pt><pt><x>491</x><y>268</y><time>21-01-21 16:07:31:492</time></pt><pt><x>492</x><y>278</y><time>21-01-21 16:08:08:996</time></pt><pt><x>494</x><y>280</y><time>21-01-21 16:08:09:292</time></pt><pt><x>495</x><y>283</y><time>21-01-21 16:08:09:560</time></pt><pt><x>495</x><y>287</y><time>21-01-21 16:08:09:977</time></pt><pt><x>496</x><y>290</y><time>21-01-21 16:08:10:219</time></pt><pt><x>495</x><y>294</y><time>21-01-21 16:08:11:297</time></pt><pt><x>494</x><y>297</y><time>21-01-21 16:08:11:534</time></pt><pt><x>493</x><y>299</y><time>21-01-21 16:08:11:729</time></pt><pt><x>495</x><y>301</y><time>21-01-21 16:08:12:005</time></pt><pt><x>498</x><y>302</y><time>21-01-21 16:08:12:421</time></pt><pt><x>499</x><y>303</y><time>21-01-21 16:08:12:682</time></pt><pt><x>500</x><y>304</y><time>21-01-21 16:08:12:941</time></pt><pt><x>509</x><y>305</y><time>21-01-21 16:08:15:062</time></pt><pt><x>513</x><y>304</y><time>21-01-21 16:08:15:480</time></pt><pt><x>515</x><y>302</y><time>21-01-21 16:08:16:581</time></pt><pt><x>514</x><y>298</y><time>21-01-21 16:08:16:897</time></pt><pt><x>513</x><y>296</y><time>21-01-21 16:08:17:125</time></pt><pt><x>511</x><y>294</y><time>21-01-21 16:08:17:455</time></pt><pt><x>510</x><y>292</y><time>21-01-21 16:08:17:692</time></pt><pt><x>509</x><y>290</y><time>21-01-21 16:08:17:904</time></pt><pt><x>507</x><y>281</y><time>21-01-21 16:08:18:972</time></pt><pt><x>507</x><y>278</y><time>21-01-21 16:08:19:316</time></pt><pt><x>509</x><y>275</y><time>21-01-21 16:08:19:681</time></pt><pt><x>508</x><y>271</y><time>21-01-21 16:08:20:106</time></pt><pt><x>508</x><y>252</y><time>21-01-21 16:08:21:443</time></pt><pt><x>508</x><y>246</y><time>21-01-21 16:08:21:921</time></pt><pt><x>507</x><y>241</y><time>21-01-21 16:08:22:356</time></pt><pt><x>506</x><y>226</y><time>21-01-21 16:08:23:527</time></pt><pt><x>504</x><y>218</y><time>21-01-21 16:08:23:895</time></pt><pt><x>504</x><y>214</y><time>21-01-21 16:08:24:235</time></pt><pt><x>503</x><y>200</y><time>21-01-21 16:08:25:405</time></pt><pt><x>503</x><y>191</y><time>21-01-21 16:08:25:877</time></pt><pt><x>501</x><y>174</y><time>21-01-21 16:08:27:159</time></pt><pt><x>499</x><y>168</y><time>21-01-21 16:08:27:593</time></pt><pt><x>498</x><y>153</y><time>21-01-21 16:08:28:795</time></pt><pt><x>498</x><y>148</y><time>21-01-21 16:08:29:156</time></pt><pt><x>498</x><y>145</y><time>21-01-21 16:08:29:401</time></pt><pt><x>496</x><y>138</y><time>21-01-21 16:08:30:251</time></pt><pt><x>496</x><y>134</y><time>21-01-21 16:08:30:635</time></pt><pt><x>496</x><y>131</y><time>21-01-21 16:08:31:053</time></pt><pt><x>500</x><y>145</y><time>21-01-21 16:08:31:808</time></pt><pt><x>502</x><y>151</y><time>21-01-21 16:08:32:256</time></pt><pt><x>503</x><y>157</y><time>21-01-21 16:08:32:759</time></pt><pt><x>507</x><y>171</y><time>21-01-21 16:08:34:151</time></pt><pt><x>509</x><y>173</y><time>21-01-21 16:08:34:474</time></pt><pt><x>509</x><y>177</y><time>21-01-21 16:08:34:709</time></pt><pt><x>509</x><y>179</y><time>21-01-21 16:08:34:910</time></pt><pt><x>509</x><y>182</y><time>21-01-21 16:08:35:120</time></pt><pt><x>508</x><y>186</y><time>21-01-21 16:08:35:339</time></pt><pt><x>508</x><y>188</y><time>21-01-21 16:08:35:527</time></pt><pt><x>509</x><y>191</y><time>21-01-21 16:08:35:795</time></pt><pt><x>510</x><y>193</y><time>21-01-21 16:08:36:047</time></pt><pt><x>512</x><y>196</y><time>21-01-21 16:08:36:377</time></pt><pt><x>516</x><y>194</y><time>21-01-21 16:08:36:866</time></pt><pt><x>518</x><y>189</y><time>21-01-21 16:08:37:220</time></pt><pt><x>518</x><y>184</y><time>21-01-21 16:08:37:517</time></pt><pt><x>517</x><y>179</y><time>21-01-21 16:08:37:737</time></pt><pt><x>518</x><y>175</y><time>21-01-21 16:08:37:989</time></pt><pt><x>519</x><y>168</y><time>21-01-21 16:08:38:429</time></pt><pt><x>517</x><y>139</y><time>21-01-21 16:08:39:467</time></pt><pt><x>513</x><y>119</y><time>21-01-21 16:08:40:688</time></pt><pt><x>510</x><y>105</y><time>21-01-21 16:08:41:245</time></pt><pt><x>501</x><y>88</y><time>21-01-21 16:08:42:283</time></pt><pt><x>490</x><y>85</y><time>21-01-21 16:08:44:399</time></pt><pt><x>484</x><y>84</y><time>21-01-21 16:08:45:013</time></pt><pt><x>483</x><y>81</y><time>21-01-21 16:08:45:351</time></pt><pt><x>484</x><y>77</y><time>21-01-21 16:08:45:752</time></pt><pt><x>488</x><y>69</y><time>21-01-21 16:08:47:065</time></pt><pt><x>488</x><y>65</y><time>21-01-21 16:08:47:443</time></pt><pt><x>489</x><y>62</y><time>21-01-21 16:08:47:701</time></pt><pt><x>491</x><y>60</y><time>21-01-21 16:08:47:947</time></pt><pt><x>490</x><y>55</y><time>21-01-21 16:08:48:489</time></pt><pt><x>486</x><y>51</y><time>21-01-21 16:08:48:881</time></pt><pt><x>482</x><y>48</y><time>21-01-21 16:08:49:292</time></pt><pt><x>477</x><y>47</y><time>21-01-21 16:08:49:630</time></pt><pt><x>473</x><y>47</y><time>21-01-21 16:08:49:952</time></pt><closed_date>21-01-21 16:08:50:388</closed_date></polygon></object><object><name>person</name><deleted>0</deleted><verified>0</verified><occluded>no</occluded><attributes></attributes><parts><hasparts></hasparts><ispartof></ispartof></parts><date>21-01-21 16:10:26:913</date><id>1</id><polygon><username>7hao</username><pt><x>248</x><y>73</y><time>21-01-21 16:08:59:260</time></pt><pt><x>242</x><y>73</y><time>21-01-21 16:08:59:619</time></pt><pt><x>237</x><y>74</y><time>21-01-21 16:08:59:885</time></pt><pt><x>233</x><y>76</y><time>21-01-21 16:09:00:168</time></pt><pt><x>232</x><y>79</y><time>21-01-21 16:09:00:483</time></pt><pt><x>232</x><y>84</y><time>21-01-21 16:09:00:781</time></pt><pt><x>232</x><y>87</y><time>21-01-21 16:09:01:090</time></pt><pt><x>231</x><y>89</y><time>21-01-21 16:09:01:347</time></pt><pt><x>231</x><y>93</y><time>21-01-21 16:09:01:701</time></pt><pt><x>232</x><y>94</y><time>21-01-21 16:09:01:961</time></pt><pt><x>233</x><y>98</y><time>21-01-21 16:09:02:299</time></pt><pt><x>231</x><y>101</y><time>21-01-21 16:09:02:597</time></pt><pt><x>227</x><y>104</y><time>21-01-21 16:09:05:303</time></pt><pt><x>225</x><y>104</y><time>21-01-21 16:09:05:626</time></pt><pt><x>225</x><y>106</y><time>21-01-21 16:09:05:813</time></pt><pt><x>224</x><y>107</y><time>21-01-21 16:09:06:025</time></pt><pt><x>221</x><y>108</y><time>21-01-21 16:09:06:301</time></pt><pt><x>216</x><y>109</y><time>21-01-21 16:09:06:647</time></pt><pt><x>212</x><y>110</y><time>21-01-21 16:09:09:117</time></pt><pt><x>208</x><y>114</y><time>21-01-21 16:09:09:415</time></pt><pt><x>205</x><y>122</y><time>21-01-21 16:09:09:863</time></pt><pt><x>198</x><y>138</y><time>21-01-21 16:09:11:043</time></pt><pt><x>194</x><y>150</y><time>21-01-21 16:09:11:829</time></pt><pt><x>189</x><y>166</y><time>21-01-21 16:09:13:283</time></pt><pt><x>186</x><y>172</y><time>21-01-21 16:09:13:732</time></pt><pt><x>187</x><y>175</y><time>21-01-21 16:09:14:683</time></pt><pt><x>186</x><y>179</y><time>21-01-21 16:09:15:187</time></pt><pt><x>185</x><y>182</y><time>21-01-21 16:09:15:627</time></pt><pt><x>188</x><y>189</y><time>21-01-21 16:09:16:673</time></pt><pt><x>191</x><y>192</y><time>21-01-21 16:09:17:075</time></pt><pt><x>194</x><y>193</y><time>21-01-21 16:09:17:427</time></pt><pt><x>195</x><y>189</y><time>21-01-21 16:09:17:766</time></pt><pt><x>195</x><y>186</y><time>21-01-21 16:09:18:166</time></pt><pt><x>196</x><y>181</y><time>21-01-21 16:09:18:520</time></pt><pt><x>196</x><y>177</y><time>21-01-21 16:09:18:890</time></pt><pt><x>198</x><y>175</y><time>21-01-21 16:09:19:472</time></pt><pt><x>208</x><y>155</y><time>21-01-21 16:09:20:935</time></pt><pt><x>209</x><y>154</y><time>21-01-21 16:09:22:554</time></pt><pt><x>209</x><y>159</y><time>21-01-21 16:09:23:137</time></pt><pt><x>208</x><y>163</y><time>21-01-21 16:09:23:531</time></pt><pt><x>207</x><y>166</y><time>21-01-21 16:09:23:820</time></pt><pt><x>206</x><y>172</y><time>21-01-21 16:09:24:662</time></pt><pt><x>208</x><y>173</y><time>21-01-21 16:09:25:089</time></pt><pt><x>207</x><y>177</y><time>21-01-21 16:09:25:510</time></pt><pt><x>206</x><y>180</y><time>21-01-21 16:09:25:921</time></pt><pt><x>206</x><y>181</y><time>21-01-21 16:09:26:186</time></pt><pt><x>206</x><y>182</y><time>21-01-21 16:09:26:462</time></pt><pt><x>204</x><y>188</y><time>21-01-21 16:09:27:650</time></pt><pt><x>204</x><y>192</y><time>21-01-21 16:09:27:949</time></pt><pt><x>205</x><y>194</y><time>21-01-21 16:09:28:193</time></pt><pt><x>204</x><y>197</y><time>21-01-21 16:09:28:445</time></pt><pt><x>203</x><y>199</y><time>21-01-21 16:09:28:648</time></pt><pt><x>203</x><y>203</y><time>21-01-21 16:09:28:963</time></pt><pt><x>203</x><y>207</y><time>21-01-21 16:09:29:287</time></pt><pt><x>200</x><y>227</y><time>21-01-21 16:09:31:152</time></pt><pt><x>199</x><y>233</y><time>21-01-21 16:09:32:086</time></pt><pt><x>199</x><y>242</y><time>21-01-21 16:09:32:613</time></pt><pt><x>201</x><y>247</y><time>21-01-21 16:09:33:360</time></pt><pt><x>203</x><y>261</y><time>21-01-21 16:09:34:437</time></pt><pt><x>203</x><y>269</y><time>21-01-21 16:09:34:893</time></pt><pt><x>204</x><y>274</y><time>21-01-21 16:09:35:271</time></pt><pt><x>205</x><y>277</y><time>21-01-21 16:09:35:545</time></pt><pt><x>205</x><y>282</y><time>21-01-21 16:09:37:086</time></pt><pt><x>202</x><y>285</y><time>21-01-21 16:09:37:456</time></pt><pt><x>198</x><y>288</y><time>21-01-21 16:09:37:859</time></pt><pt><x>196</x><y>290</y><time>21-01-21 16:09:38:117</time></pt><pt><x>196</x><y>293</y><time>21-01-21 16:09:38:433</time></pt><pt><x>198</x><y>296</y><time>21-01-21 16:09:38:889</time></pt><pt><x>202</x><y>297</y><time>21-01-21 16:09:39:298</time></pt><pt><x>206</x><y>296</y><time>21-01-21 16:09:39:659</time></pt><pt><x>211</x><y>293</y><time>21-01-21 16:09:40:044</time></pt><pt><x>213</x><y>290</y><time>21-01-21 16:09:40:477</time></pt><pt><x>215</x><y>288</y><time>21-01-21 16:09:42:947</time></pt><pt><x>219</x><y>286</y><time>21-01-21 16:09:43:279</time></pt><pt><x>221</x><y>286</y><time>21-01-21 16:09:43:582</time></pt><pt><x>222</x><y>287</y><time>21-01-21 16:09:43:843</time></pt><pt><x>223</x><y>289</y><time>21-01-21 16:09:44:103</time></pt><pt><x>222</x><y>291</y><time>21-01-21 16:09:44:339</time></pt><pt><x>221</x><y>293</y><time>21-01-21 16:09:44:613</time></pt><pt><x>222</x><y>296</y><time>21-01-21 16:09:44:913</time></pt><pt><x>225</x><y>296</y><time>21-01-21 16:09:45:235</time></pt><pt><x>228</x><y>296</y><time>21-01-21 16:09:45:479</time></pt><pt><x>231</x><y>296</y><time>21-01-21 16:09:45:690</time></pt><pt><x>232</x><y>297</y><time>21-01-21 16:09:45:975</time></pt><pt><x>238</x><y>297</y><time>21-01-21 16:09:46:345</time></pt><pt><x>241</x><y>297</y><time>21-01-21 16:09:46:737</time></pt><pt><x>246</x><y>298</y><time>21-01-21 16:09:48:758</time></pt><pt><x>247</x><y>295</y><time>21-01-21 16:09:49:081</time></pt><pt><x>246</x><y>292</y><time>21-01-21 16:09:49:435</time></pt><pt><x>244</x><y>290</y><time>21-01-21 16:09:49:741</time></pt><pt><x>241</x><y>288</y><time>21-01-21 16:09:50:016</time></pt><pt><x>241</x><y>284</y><time>21-01-21 16:09:50:408</time></pt><pt><x>243</x><y>278</y><time>21-01-21 16:09:50:865</time></pt><pt><x>245</x><y>275</y><time>21-01-21 16:09:51:259</time></pt><pt><x>251</x><y>260</y><time>21-01-21 16:09:52:581</time></pt><pt><x>251</x><y>255</y><time>21-01-21 16:09:52:957</time></pt><pt><x>252</x><y>246</y><time>21-01-21 16:09:53:461</time></pt><pt><x>252</x><y>239</y><time>21-01-21 16:09:53:869</time></pt><pt><x>254</x><y>227</y><time>21-01-21 16:09:54:947</time></pt><pt><x>255</x><y>221</y><time>21-01-21 16:09:55:284</time></pt><pt><x>255</x><y>210</y><time>21-01-21 16:09:56:340</time></pt><pt><x>255</x><y>204</y><time>21-01-21 16:09:56:685</time></pt><pt><x>254</x><y>187</y><time>21-01-21 16:09:57:778</time></pt><pt><x>255</x><y>182</y><time>21-01-21 16:09:58:031</time></pt><pt><x>257</x><y>178</y><time>21-01-21 16:10:01:410</time></pt><pt><x>259</x><y>173</y><time>21-01-21 16:10:01:734</time></pt><pt><x>260</x><y>172</y><time>21-01-21 16:10:02:065</time></pt><pt><x>262</x><y>177</y><time>21-01-21 16:10:02:354</time></pt><pt><x>262</x><y>181</y><time>21-01-21 16:10:02:600</time></pt><pt><x>264</x><y>184</y><time>21-01-21 16:10:02:803</time></pt><pt><x>265</x><y>187</y><time>21-01-21 16:10:03:046</time></pt><pt><x>264</x><y>190</y><time>21-01-21 16:10:03:266</time></pt><pt><x>264</x><y>193</y><time>21-01-21 16:10:03:457</time></pt><pt><x>264</x><y>198</y><time>21-01-21 16:10:03:693</time></pt><pt><x>265</x><y>200</y><time>21-01-21 16:10:07:891</time></pt><pt><x>269</x><y>200</y><time>21-01-21 16:10:08:199</time></pt><pt><x>272</x><y>198</y><time>21-01-21 16:10:08:465</time></pt><pt><x>274</x><y>196</y><time>21-01-21 16:10:08:709</time></pt><pt><x>274</x><y>192</y><time>21-01-21 16:10:09:032</time></pt><pt><x>274</x><y>189</y><time>21-01-21 16:10:09:291</time></pt><pt><x>274</x><y>187</y><time>21-01-21 16:10:09:511</time></pt><pt><x>274</x><y>185</y><time>21-01-21 16:10:10:063</time></pt><pt><x>274</x><y>182</y><time>21-01-21 16:10:10:307</time></pt><pt><x>273</x><y>179</y><time>21-01-21 16:10:10:557</time></pt><pt><x>271</x><y>168</y><time>21-01-21 16:10:11:471</time></pt><pt><x>271</x><y>159</y><time>21-01-21 16:10:11:934</time></pt><pt><x>267</x><y>133</y><time>21-01-21 16:10:13:108</time></pt><pt><x>265</x><y>125</y><time>21-01-21 16:10:13:586</time></pt><pt><x>263</x><y>122</y><time>21-01-21 16:10:14:287</time></pt><pt><x>262</x><y>120</y><time>21-01-21 16:10:14:702</time></pt><pt><x>263</x><y>114</y><time>21-01-21 16:10:15:700</time></pt><pt><x>263</x><y>111</y><time>21-01-21 16:10:16:009</time></pt><pt><x>256</x><y>108</y><time>21-01-21 16:10:18:728</time></pt><pt><x>251</x><y>106</y><time>21-01-21 16:10:19:193</time></pt><pt><x>248</x><y>105</y><time>21-01-21 16:10:19:618</time></pt><pt><x>253</x><y>98</y><time>21-01-21 16:10:20:876</time></pt><pt><x>254</x><y>95</y><time>21-01-21 16:10:21:341</time></pt><pt><x>255</x><y>93</y><time>21-01-21 16:10:21:553</time></pt><pt><x>256</x><y>87</y><time>21-01-21 16:10:22:245</time></pt><pt><x>256</x><y>81</y><time>21-01-21 16:10:22:772</time></pt><pt><x>254</x><y>77</y><time>21-01-21 16:10:23:230</time></pt><pt><x>252</x><y>74</y><time>21-01-21 16:10:23:677</time></pt><closed_date>21-01-21 16:10:24:289</closed_date></polygon></object><object><name>person</name><deleted>0</deleted><verified>0</verified><occluded>no</occluded><attributes></attributes><parts><hasparts></hasparts><ispartof></ispartof></parts><date>21-01-21 16:11:09:473</date><id>2</id><polygon><username>7hao</username><pt><x>481</x><y>227</y><time>21-01-21 16:10:44:716</time></pt><pt><x>477</x><y>229</y><time>21-01-21 16:10:45:096</time></pt><pt><x>474</x><y>232</y><time>21-01-21 16:10:45:456</time></pt><pt><x>472</x><y>234</y><time>21-01-21 16:10:45:787</time></pt><pt><x>470</x><y>237</y><time>21-01-21 16:10:46:338</time></pt><pt><x>469</x><y>248</y><time>21-01-21 16:10:47:612</time></pt><pt><x>469</x><y>250</y><time>21-01-21 16:10:48:227</time></pt><pt><x>483</x><y>239</y><time>21-01-21 16:10:49:273</time></pt><pt><x>487</x><y>255</y><time>21-01-21 16:10:52:709</time></pt><pt><x>488</x><y>259</y><time>21-01-21 16:10:53:205</time></pt><pt><x>488</x><y>262</y><time>21-01-21 16:10:53:645</time></pt><pt><x>488</x><y>265</y><time>21-01-21 16:10:54:077</time></pt><pt><x>486</x><y>267</y><time>21-01-21 16:10:54:424</time></pt><pt><x>485</x><y>270</y><time>21-01-21 16:10:54:763</time></pt><pt><x>485</x><y>275</y><time>21-01-21 16:10:55:202</time></pt><pt><x>485</x><y>277</y><time>21-01-21 16:10:55:753</time></pt><pt><x>488</x><y>277</y><time>21-01-21 16:10:56:155</time></pt><pt><x>491</x><y>277</y><time>21-01-21 16:10:57:766</time></pt><pt><x>490</x><y>263</y><time>21-01-21 16:10:59:489</time></pt><pt><x>489</x><y>259</y><time>21-01-21 16:11:00:677</time></pt><pt><x>489</x><y>255</y><time>21-01-21 16:11:01:564</time></pt><pt><x>488</x><y>251</y><time>21-01-21 16:11:02:525</time></pt><pt><x>486</x><y>237</y><time>21-01-21 16:11:03:973</time></pt><pt><x>484</x><y>234</y><time>21-01-21 16:11:04:869</time></pt><pt><x>482</x><y>231</y><time>21-01-21 16:11:05:450</time></pt><pt><x>482</x><y>227</y><time>21-01-21 16:11:06:362</time></pt><closed_date>21-01-21 16:11:06:906</closed_date></polygon></object><object><name>person</name><deleted>0</deleted><verified>0</verified><occluded>no</occluded><attributes></attributes><parts><hasparts></hasparts><ispartof></ispartof></parts><date>21-01-21 16:11:31:519</date><id>3</id><polygon><username>7hao</username><pt><x>510</x><y>272</y><time>21-01-21 16:11:24:542</time></pt><pt><x>509</x><y>273</y><time>21-01-21 16:11:24:965</time></pt><pt><x>510</x><y>274</y><time>21-01-21 16:11:25:604</time></pt><pt><x>510</x><y>275</y><time>21-01-21 16:11:26:169</time></pt><pt><x>509</x><y>276</y><time>21-01-21 16:11:26:798</time></pt><pt><x>511</x><y>276</y><time>21-01-21 16:11:27:208</time></pt><pt><x>513</x><y>275</y><time>21-01-21 16:11:27:585</time></pt><pt><x>513</x><y>272</y><time>21-01-21 16:11:27:964</time></pt><pt><x>512</x><y>272</y><time>21-01-21 16:11:28:348</time></pt><closed_date>21-01-21 16:11:28:787</closed_date></polygon></object></annotation>