<annotation><filename>frame0070.jpg</filename><folder>users/lab605//7hao/human_20210119_4</folder><source><submittedBy>lab605</submittedBy></source><imagesize><nrows>480</nrows><ncols>640</ncols></imagesize><object><name>person</name><deleted>0</deleted><verified>0</verified><occluded>no</occluded><attributes></attributes><parts><hasparts></hasparts><ispartof></ispartof></parts><date>26-01-21 14:16:07:757</date><id>0</id><polygon><username>7hao</username><pt><x>173</x><y>0</y><time>26-01-21 14:14:40:114</time></pt><pt><x>174</x><y>2</y><time>26-01-21 14:14:40:620</time></pt><pt><x>174</x><y>4</y><time>26-01-21 14:14:40:998</time></pt><pt><x>176</x><y>7</y><time>26-01-21 14:14:41:351</time></pt><pt><x>177</x><y>9</y><time>26-01-21 14:14:41:744</time></pt><pt><x>177</x><y>10</y><time>26-01-21 14:14:41:997</time></pt><pt><x>174</x><y>11</y><time>26-01-21 14:14:42:224</time></pt><pt><x>171</x><y>11</y><time>26-01-21 14:14:42:327</time></pt><pt><x>168</x><y>13</y><time>26-01-21 14:14:42:680</time></pt><pt><x>164</x><y>18</y><time>26-01-21 14:14:42:962</time></pt><pt><x>163</x><y>21</y><time>26-01-21 14:14:43:206</time></pt><pt><x>163</x><y>23</y><time>26-01-21 14:14:43:488</time></pt><pt><x>160</x><y>25</y><time>26-01-21 14:14:43:788</time></pt><pt><x>153</x><y>29</y><time>26-01-21 14:14:44:197</time></pt><pt><x>147</x><y>33</y><time>26-01-21 14:14:44:550</time></pt><pt><x>143</x><y>38</y><time>26-01-21 14:14:44:856</time></pt><pt><x>139</x><y>47</y><time>26-01-21 14:14:45:470</time></pt><pt><x>137</x><y>54</y><time>26-01-21 14:14:45:918</time></pt><pt><x>134</x><y>73</y><time>26-01-21 14:14:49:430</time></pt><pt><x>133</x><y>84</y><time>26-01-21 14:14:49:918</time></pt><pt><x>133</x><y>102</y><time>26-01-21 14:14:50:554</time></pt><pt><x>134</x><y>111</y><time>26-01-21 14:14:51:004</time></pt><pt><x>139</x><y>123</y><time>26-01-21 14:14:51:836</time></pt><pt><x>143</x><y>133</y><time>26-01-21 14:14:53:212</time></pt><pt><x>144</x><y>136</y><time>26-01-21 14:14:53:441</time></pt><pt><x>145</x><y>140</y><time>26-01-21 14:14:53:582</time></pt><pt><x>147</x><y>145</y><time>26-01-21 14:14:53:864</time></pt><pt><x>150</x><y>149</y><time>26-01-21 14:14:54:178</time></pt><pt><x>152</x><y>152</y><time>26-01-21 14:14:54:336</time></pt><pt><x>153</x><y>157</y><time>26-01-21 14:14:54:626</time></pt><pt><x>152</x><y>167</y><time>26-01-21 14:14:55:122</time></pt><pt><x>154</x><y>170</y><time>26-01-21 14:14:56:316</time></pt><pt><x>155</x><y>174</y><time>26-01-21 14:14:56:474</time></pt><pt><x>155</x><y>182</y><time>26-01-21 14:14:56:646</time></pt><pt><x>155</x><y>189</y><time>26-01-21 14:14:56:960</time></pt><pt><x>154</x><y>196</y><time>26-01-21 14:14:57:298</time></pt><pt><x>154</x><y>199</y><time>26-01-21 14:14:57:511</time></pt><pt><x>157</x><y>201</y><time>26-01-21 14:14:57:762</time></pt><pt><x>160</x><y>201</y><time>26-01-21 14:14:57:958</time></pt><pt><x>162</x><y>203</y><time>26-01-21 14:14:58:258</time></pt><pt><x>164</x><y>209</y><time>26-01-21 14:14:58:629</time></pt><pt><x>163</x><y>216</y><time>26-01-21 14:14:59:036</time></pt><pt><x>162</x><y>231</y><time>26-01-21 14:15:02:926</time></pt><pt><x>159</x><y>239</y><time>26-01-21 14:15:03:464</time></pt><pt><x>157</x><y>252</y><time>26-01-21 14:15:05:726</time></pt><pt><x>157</x><y>263</y><time>26-01-21 14:15:06:159</time></pt><pt><x>159</x><y>275</y><time>26-01-21 14:15:08:971</time></pt><pt><x>161</x><y>283</y><time>26-01-21 14:15:09:475</time></pt><pt><x>162</x><y>293</y><time>26-01-21 14:15:10:196</time></pt><pt><x>162</x><y>301</y><time>26-01-21 14:15:11:510</time></pt><pt><x>160</x><y>304</y><time>26-01-21 14:15:11:816</time></pt><pt><x>158</x><y>307</y><time>26-01-21 14:15:11:997</time></pt><pt><x>158</x><y>309</y><time>26-01-21 14:15:12:242</time></pt><pt><x>157</x><y>311</y><time>26-01-21 14:15:12:461</time></pt><pt><x>154</x><y>314</y><time>26-01-21 14:15:12:799</time></pt><pt><x>151</x><y>316</y><time>26-01-21 14:15:13:026</time></pt><pt><x>152</x><y>320</y><time>26-01-21 14:15:13:257</time></pt><pt><x>154</x><y>323</y><time>26-01-21 14:15:13:670</time></pt><pt><x>157</x><y>324</y><time>26-01-21 14:15:13:891</time></pt><pt><x>158</x><y>325</y><time>26-01-21 14:15:14:049</time></pt><pt><x>163</x><y>326</y><time>26-01-21 14:15:14:378</time></pt><pt><x>170</x><y>326</y><time>26-01-21 14:15:14:678</time></pt><pt><x>174</x><y>325</y><time>26-01-21 14:15:14:947</time></pt><pt><x>177</x><y>320</y><time>26-01-21 14:15:15:222</time></pt><pt><x>179</x><y>312</y><time>26-01-21 14:15:15:628</time></pt><pt><x>177</x><y>305</y><time>26-01-21 14:15:15:926</time></pt><pt><x>174</x><y>296</y><time>26-01-21 14:15:16:299</time></pt><pt><x>175</x><y>287</y><time>26-01-21 14:15:16:712</time></pt><pt><x>177</x><y>272</y><time>26-01-21 14:15:17:694</time></pt><pt><x>181</x><y>263</y><time>26-01-21 14:15:18:080</time></pt><pt><x>183</x><y>251</y><time>26-01-21 14:15:18:585</time></pt><pt><x>182</x><y>242</y><time>26-01-21 14:15:19:078</time></pt><pt><x>183</x><y>232</y><time>26-01-21 14:15:20:304</time></pt><pt><x>187</x><y>226</y><time>26-01-21 14:15:20:613</time></pt><pt><x>189</x><y>218</y><time>26-01-21 14:15:20:972</time></pt><pt><x>189</x><y>209</y><time>26-01-21 14:15:21:259</time></pt><pt><x>190</x><y>203</y><time>26-01-21 14:15:21:487</time></pt><pt><x>191</x><y>200</y><time>26-01-21 14:15:22:053</time></pt><pt><x>192</x><y>193</y><time>26-01-21 14:15:22:467</time></pt><pt><x>194</x><y>184</y><time>26-01-21 14:15:23:065</time></pt><pt><x>196</x><y>177</y><time>26-01-21 14:15:23:424</time></pt><pt><x>199</x><y>176</y><time>26-01-21 14:15:23:717</time></pt><pt><x>201</x><y>180</y><time>26-01-21 14:15:24:030</time></pt><pt><x>202</x><y>187</y><time>26-01-21 14:15:24:340</time></pt><pt><x>203</x><y>192</y><time>26-01-21 14:15:24:574</time></pt><pt><x>202</x><y>196</y><time>26-01-21 14:15:24:942</time></pt><pt><x>202</x><y>198</y><time>26-01-21 14:15:25:146</time></pt><pt><x>205</x><y>201</y><time>26-01-21 14:15:25:345</time></pt><pt><x>206</x><y>205</y><time>26-01-21 14:15:25:635</time></pt><pt><x>206</x><y>215</y><time>26-01-21 14:15:25:940</time></pt><pt><x>207</x><y>222</y><time>26-01-21 14:15:26:176</time></pt><pt><x>209</x><y>229</y><time>26-01-21 14:15:26:498</time></pt><pt><x>209</x><y>236</y><time>26-01-21 14:15:26:805</time></pt><pt><x>208</x><y>243</y><time>26-01-21 14:15:27:228</time></pt><pt><x>207</x><y>258</y><time>26-01-21 14:15:28:569</time></pt><pt><x>208</x><y>264</y><time>26-01-21 14:15:28:824</time></pt><pt><x>206</x><y>291</y><time>26-01-21 14:15:33:124</time></pt><pt><x>204</x><y>299</y><time>26-01-21 14:15:33:361</time></pt><pt><x>199</x><y>306</y><time>26-01-21 14:15:33:690</time></pt><pt><x>198</x><y>315</y><time>26-01-21 14:15:33:943</time></pt><pt><x>199</x><y>320</y><time>26-01-21 14:15:34:358</time></pt><pt><x>201</x><y>325</y><time>26-01-21 14:15:35:018</time></pt><pt><x>209</x><y>326</y><time>26-01-21 14:15:35:238</time></pt><pt><x>225</x><y>322</y><time>26-01-21 14:15:35:577</time></pt><pt><x>232</x><y>318</y><time>26-01-21 14:15:35:860</time></pt><pt><x>236</x><y>315</y><time>26-01-21 14:15:36:049</time></pt><pt><x>232</x><y>308</y><time>26-01-21 14:15:36:214</time></pt><pt><x>222</x><y>300</y><time>26-01-21 14:15:36:660</time></pt><pt><x>217</x><y>296</y><time>26-01-21 14:15:36:904</time></pt><pt><x>218</x><y>290</y><time>26-01-21 14:15:37:064</time></pt><pt><x>222</x><y>276</y><time>26-01-21 14:15:37:392</time></pt><pt><x>226</x><y>264</y><time>26-01-21 14:15:37:824</time></pt><pt><x>229</x><y>246</y><time>26-01-21 14:15:38:798</time></pt><pt><x>230</x><y>238</y><time>26-01-21 14:15:39:042</time></pt><pt><x>228</x><y>231</y><time>26-01-21 14:15:39:217</time></pt><pt><x>228</x><y>223</y><time>26-01-21 14:15:39:452</time></pt><pt><x>229</x><y>212</y><time>26-01-21 14:15:39:799</time></pt><pt><x>232</x><y>195</y><time>26-01-21 14:15:40:820</time></pt><pt><x>234</x><y>191</y><time>26-01-21 14:15:41:000</time></pt><pt><x>235</x><y>182</y><time>26-01-21 14:15:45:347</time></pt><pt><x>236</x><y>174</y><time>26-01-21 14:15:46:070</time></pt><pt><x>239</x><y>164</y><time>26-01-21 14:15:46:432</time></pt><pt><x>240</x><y>154</y><time>26-01-21 14:15:47:594</time></pt><pt><x>241</x><y>146</y><time>26-01-21 14:15:47:879</time></pt><pt><x>243</x><y>144</y><time>26-01-21 14:15:48:034</time></pt><pt><x>245</x><y>141</y><time>26-01-21 14:15:48:302</time></pt><pt><x>245</x><y>137</y><time>26-01-21 14:15:48:482</time></pt><pt><x>246</x><y>134</y><time>26-01-21 14:15:48:657</time></pt><pt><x>247</x><y>130</y><time>26-01-21 14:15:48:910</time></pt><pt><x>248</x><y>125</y><time>26-01-21 14:15:49:206</time></pt><pt><x>248</x><y>119</y><time>26-01-21 14:15:49:654</time></pt><pt><x>247</x><y>91</y><time>26-01-21 14:15:50:904</time></pt><pt><x>245</x><y>76</y><time>26-01-21 14:15:51:636</time></pt><pt><x>240</x><y>51</y><time>26-01-21 14:15:54:653</time></pt><pt><x>235</x><y>39</y><time>26-01-21 14:15:55:211</time></pt><pt><x>230</x><y>31</y><time>26-01-21 14:15:55:919</time></pt><pt><x>222</x><y>27</y><time>26-01-21 14:15:56:420</time></pt><pt><x>219</x><y>25</y><time>26-01-21 14:15:56:797</time></pt><pt><x>217</x><y>23</y><time>26-01-21 14:15:57:079</time></pt><pt><x>214</x><y>21</y><time>26-01-21 14:15:57:434</time></pt><pt><x>211</x><y>18</y><time>26-01-21 14:15:57:725</time></pt><pt><x>211</x><y>16</y><time>26-01-21 14:15:57:960</time></pt><pt><x>207</x><y>12</y><time>26-01-21 14:15:59:903</time></pt><pt><x>206</x><y>10</y><time>26-01-21 14:16:00:130</time></pt><pt><x>209</x><y>4</y><time>26-01-21 14:16:00:500</time></pt><pt><x>208</x><y>1</y><time>26-01-21 14:16:01:128</time></pt><pt><x>207</x><y>0</y><time>26-01-21 14:16:03:855</time></pt><closed_date>26-01-21 14:16:05:355</closed_date></polygon></object><object><name>person</name><deleted>0</deleted><verified>0</verified><occluded>no</occluded><attributes></attributes><parts><hasparts></hasparts><ispartof></ispartof></parts><date>26-01-21 14:17:19:488</date><id>1</id><polygon><username>7hao</username><pt><x>402</x><y>74</y><time>26-01-21 14:16:29:418</time></pt><pt><x>400</x><y>69</y><time>26-01-21 14:16:30:012</time></pt><pt><x>394</x><y>66</y><time>26-01-21 14:16:30:372</time></pt><pt><x>383</x><y>66</y><time>26-01-21 14:16:31:018</time></pt><pt><x>376</x><y>70</y><time>26-01-21 14:16:31:380</time></pt><pt><x>371</x><y>76</y><time>26-01-21 14:16:31:686</time></pt><pt><x>371</x><y>81</y><time>26-01-21 14:16:32:054</time></pt><pt><x>374</x><y>87</y><time>26-01-21 14:16:32:440</time></pt><pt><x>376</x><y>92</y><time>26-01-21 14:16:32:755</time></pt><pt><x>375</x><y>96</y><time>26-01-21 14:16:33:044</time></pt><pt><x>372</x><y>101</y><time>26-01-21 14:16:33:464</time></pt><pt><x>371</x><y>104</y><time>26-01-21 14:16:34:185</time></pt><pt><x>368</x><y>106</y><time>26-01-21 14:16:34:529</time></pt><pt><x>363</x><y>107</y><time>26-01-21 14:16:34:774</time></pt><pt><x>360</x><y>110</y><time>26-01-21 14:16:34:994</time></pt><pt><x>356</x><y>120</y><time>26-01-21 14:16:35:569</time></pt><pt><x>351</x><y>131</y><time>26-01-21 14:16:36:676</time></pt><pt><x>352</x><y>137</y><time>26-01-21 14:16:36:898</time></pt><pt><x>354</x><y>142</y><time>26-01-21 14:16:37:212</time></pt><pt><x>359</x><y>142</y><time>26-01-21 14:16:37:493</time></pt><pt><x>364</x><y>141</y><time>26-01-21 14:16:38:059</time></pt><pt><x>366</x><y>141</y><time>26-01-21 14:16:38:374</time></pt><pt><x>366</x><y>146</y><time>26-01-21 14:16:38:587</time></pt><pt><x>364</x><y>160</y><time>26-01-21 14:16:39:898</time></pt><pt><x>364</x><y>169</y><time>26-01-21 14:16:40:166</time></pt><pt><x>364</x><y>174</y><time>26-01-21 14:16:40:330</time></pt><pt><x>363</x><y>179</y><time>26-01-21 14:16:40:549</time></pt><pt><x>363</x><y>185</y><time>26-01-21 14:16:40:945</time></pt><pt><x>361</x><y>210</y><time>26-01-21 14:16:42:384</time></pt><pt><x>361</x><y>217</y><time>26-01-21 14:16:42:689</time></pt><pt><x>362</x><y>223</y><time>26-01-21 14:16:42:948</time></pt><pt><x>363</x><y>229</y><time>26-01-21 14:16:43:160</time></pt><pt><x>363</x><y>237</y><time>26-01-21 14:16:46:226</time></pt><pt><x>362</x><y>243</y><time>26-01-21 14:16:46:540</time></pt><pt><x>360</x><y>247</y><time>26-01-21 14:16:46:715</time></pt><pt><x>359</x><y>252</y><time>26-01-21 14:16:46:894</time></pt><pt><x>359</x><y>259</y><time>26-01-21 14:16:47:145</time></pt><pt><x>359</x><y>265</y><time>26-01-21 14:16:47:510</time></pt><pt><x>359</x><y>272</y><time>26-01-21 14:16:49:692</time></pt><pt><x>358</x><y>276</y><time>26-01-21 14:16:49:912</time></pt><pt><x>358</x><y>278</y><time>26-01-21 14:16:50:039</time></pt><pt><x>358</x><y>280</y><time>26-01-21 14:16:50:182</time></pt><pt><x>359</x><y>284</y><time>26-01-21 14:16:50:427</time></pt><pt><x>357</x><y>289</y><time>26-01-21 14:16:50:707</time></pt><pt><x>354</x><y>296</y><time>26-01-21 14:16:51:229</time></pt><pt><x>352</x><y>299</y><time>26-01-21 14:16:51:452</time></pt><pt><x>353</x><y>301</y><time>26-01-21 14:16:51:649</time></pt><pt><x>356</x><y>303</y><time>26-01-21 14:16:51:959</time></pt><pt><x>365</x><y>302</y><time>26-01-21 14:16:52:200</time></pt><pt><x>368</x><y>301</y><time>26-01-21 14:16:52:599</time></pt><pt><x>369</x><y>300</y><time>26-01-21 14:16:52:781</time></pt><pt><x>370</x><y>300</y><time>26-01-21 14:16:52:993</time></pt><pt><x>371</x><y>298</y><time>26-01-21 14:16:53:214</time></pt><pt><x>370</x><y>296</y><time>26-01-21 14:16:53:377</time></pt><pt><x>370</x><y>291</y><time>26-01-21 14:16:53:685</time></pt><pt><x>371</x><y>287</y><time>26-01-21 14:16:53:882</time></pt><pt><x>374</x><y>278</y><time>26-01-21 14:16:54:266</time></pt><pt><x>375</x><y>267</y><time>26-01-21 14:16:54:690</time></pt><pt><x>377</x><y>256</y><time>26-01-21 14:16:55:226</time></pt><pt><x>379</x><y>247</y><time>26-01-21 14:16:55:888</time></pt><pt><x>380</x><y>236</y><time>26-01-21 14:16:56:311</time></pt><pt><x>386</x><y>215</y><time>26-01-21 14:16:57:670</time></pt><pt><x>386</x><y>235</y><time>26-01-21 14:16:58:544</time></pt><pt><x>387</x><y>244</y><time>26-01-21 14:16:58:938</time></pt><pt><x>386</x><y>251</y><time>26-01-21 14:16:59:243</time></pt><pt><x>385</x><y>261</y><time>26-01-21 14:16:59:732</time></pt><pt><x>385</x><y>276</y><time>26-01-21 14:17:00:781</time></pt><pt><x>386</x><y>280</y><time>26-01-21 14:17:00:978</time></pt><pt><x>387</x><y>286</y><time>26-01-21 14:17:01:144</time></pt><pt><x>386</x><y>292</y><time>26-01-21 14:17:01:402</time></pt><pt><x>386</x><y>295</y><time>26-01-21 14:17:01:568</time></pt><pt><x>386</x><y>299</y><time>26-01-21 14:17:01:811</time></pt><pt><x>388</x><y>300</y><time>26-01-21 14:17:02:024</time></pt><pt><x>392</x><y>300</y><time>26-01-21 14:17:02:254</time></pt><pt><x>394</x><y>301</y><time>26-01-21 14:17:02:488</time></pt><pt><x>399</x><y>302</y><time>26-01-21 14:17:02:679</time></pt><pt><x>404</x><y>301</y><time>26-01-21 14:17:02:998</time></pt><pt><x>407</x><y>298</y><time>26-01-21 14:17:03:619</time></pt><pt><x>404</x><y>296</y><time>26-01-21 14:17:03:902</time></pt><pt><x>401</x><y>293</y><time>26-01-21 14:17:04:099</time></pt><pt><x>399</x><y>288</y><time>26-01-21 14:17:04:366</time></pt><pt><x>399</x><y>282</y><time>26-01-21 14:17:04:570</time></pt><pt><x>400</x><y>279</y><time>26-01-21 14:17:04:720</time></pt><pt><x>402</x><y>270</y><time>26-01-21 14:17:05:018</time></pt><pt><x>403</x><y>257</y><time>26-01-21 14:17:05:458</time></pt><pt><x>406</x><y>234</y><time>26-01-21 14:17:06:543</time></pt><pt><x>407</x><y>220</y><time>26-01-21 14:17:06:866</time></pt><pt><x>409</x><y>207</y><time>26-01-21 14:17:07:470</time></pt><pt><x>411</x><y>195</y><time>26-01-21 14:17:08:650</time></pt><pt><x>413</x><y>189</y><time>26-01-21 14:17:09:010</time></pt><pt><x>416</x><y>183</y><time>26-01-21 14:17:09:341</time></pt><pt><x>419</x><y>173</y><time>26-01-21 14:17:09:726</time></pt><pt><x>422</x><y>163</y><time>26-01-21 14:17:10:378</time></pt><pt><x>422</x><y>141</y><time>26-01-21 14:17:11:462</time></pt><pt><x>422</x><y>126</y><time>26-01-21 14:17:12:210</time></pt><pt><x>420</x><y>115</y><time>26-01-21 14:17:12:650</time></pt><pt><x>418</x><y>109</y><time>26-01-21 14:17:13:255</time></pt><pt><x>410</x><y>106</y><time>26-01-21 14:17:13:554</time></pt><pt><x>403</x><y>103</y><time>26-01-21 14:17:14:002</time></pt><pt><x>399</x><y>103</y><time>26-01-21 14:17:14:230</time></pt><pt><x>398</x><y>101</y><time>26-01-21 14:17:14:456</time></pt><pt><x>398</x><y>98</y><time>26-01-21 14:17:14:654</time></pt><pt><x>400</x><y>94</y><time>26-01-21 14:17:14:985</time></pt><pt><x>402</x><y>86</y><time>26-01-21 14:17:16:288</time></pt><pt><x>402</x><y>79</y><time>26-01-21 14:17:16:594</time></pt><pt><x>402</x><y>76</y><time>26-01-21 14:17:16:949</time></pt><closed_date>26-01-21 14:17:17:342</closed_date></polygon></object><object><name>person</name><deleted>0</deleted><verified>0</verified><occluded>no</occluded><attributes></attributes><parts><hasparts></hasparts><ispartof></ispartof></parts><date>26-01-21 14:17:57:171</date><id>2</id><polygon><username>7hao</username><pt><x>640</x><y>13</y><time>26-01-21 14:17:23:776</time></pt><pt><x>632</x><y>15</y><time>26-01-21 14:17:24:400</time></pt><pt><x>624</x><y>21</y><time>26-01-21 14:17:24:762</time></pt><pt><x>619</x><y>26</y><time>26-01-21 14:17:25:092</time></pt><pt><x>617</x><y>33</y><time>26-01-21 14:17:25:524</time></pt><pt><x>616</x><y>39</y><time>26-01-21 14:17:25:846</time></pt><pt><x>615</x><y>44</y><time>26-01-21 14:17:31:372</time></pt><pt><x>615</x><y>48</y><time>26-01-21 14:17:31:585</time></pt><pt><x>614</x><y>51</y><time>26-01-21 14:17:31:710</time></pt><pt><x>616</x><y>57</y><time>26-01-21 14:17:32:125</time></pt><pt><x>619</x><y>65</y><time>26-01-21 14:17:32:536</time></pt><pt><x>623</x><y>65</y><time>26-01-21 14:17:32:732</time></pt><pt><x>626</x><y>65</y><time>26-01-21 14:17:32:906</time></pt><pt><x>627</x><y>68</y><time>26-01-21 14:17:33:124</time></pt><pt><x>625</x><y>70</y><time>26-01-21 14:17:33:401</time></pt><pt><x>623</x><y>78</y><time>26-01-21 14:17:33:889</time></pt><pt><x>619</x><y>95</y><time>26-01-21 14:17:35:365</time></pt><pt><x>617</x><y>104</y><time>26-01-21 14:17:35:750</time></pt><pt><x>615</x><y>125</y><time>26-01-21 14:17:36:849</time></pt><pt><x>615</x><y>129</y><time>26-01-21 14:17:37:062</time></pt><pt><x>616</x><y>133</y><time>26-01-21 14:17:37:204</time></pt><pt><x>617</x><y>137</y><time>26-01-21 14:17:37:448</time></pt><pt><x>616</x><y>141</y><time>26-01-21 14:17:37:668</time></pt><pt><x>616</x><y>149</y><time>26-01-21 14:17:37:958</time></pt><pt><x>616</x><y>158</y><time>26-01-21 14:17:38:321</time></pt><pt><x>619</x><y>162</y><time>26-01-21 14:17:38:558</time></pt><pt><x>622</x><y>165</y><time>26-01-21 14:17:38:728</time></pt><pt><x>623</x><y>167</y><time>26-01-21 14:17:38:932</time></pt><pt><x>620</x><y>171</y><time>26-01-21 14:17:40:039</time></pt><pt><x>619</x><y>176</y><time>26-01-21 14:17:40:198</time></pt><pt><x>618</x><y>180</y><time>26-01-21 14:17:40:365</time></pt><pt><x>619</x><y>184</y><time>26-01-21 14:17:40:568</time></pt><pt><x>621</x><y>187</y><time>26-01-21 14:17:40:764</time></pt><pt><x>622</x><y>190</y><time>26-01-21 14:17:40:968</time></pt><pt><x>623</x><y>195</y><time>26-01-21 14:17:41:330</time></pt><pt><x>617</x><y>206</y><time>26-01-21 14:17:42:084</time></pt><pt><x>616</x><y>217</y><time>26-01-21 14:17:43:050</time></pt><pt><x>615</x><y>229</y><time>26-01-21 14:17:43:555</time></pt><pt><x>615</x><y>241</y><time>26-01-21 14:17:44:984</time></pt><pt><x>616</x><y>253</y><time>26-01-21 14:17:45:306</time></pt><pt><x>619</x><y>262</y><time>26-01-21 14:17:45:598</time></pt><pt><x>621</x><y>269</y><time>26-01-21 14:17:45:954</time></pt><pt><x>622</x><y>272</y><time>26-01-21 14:17:46:194</time></pt><pt><x>622</x><y>276</y><time>26-01-21 14:17:46:362</time></pt><pt><x>618</x><y>285</y><time>26-01-21 14:17:46:904</time></pt><pt><x>616</x><y>295</y><time>26-01-21 14:17:47:358</time></pt><pt><x>616</x><y>302</y><time>26-01-21 14:17:47:798</time></pt><pt><x>616</x><y>306</y><time>26-01-21 14:17:48:812</time></pt><pt><x>610</x><y>307</y><time>26-01-21 14:17:49:142</time></pt><pt><x>607</x><y>308</y><time>26-01-21 14:17:49:386</time></pt><pt><x>604</x><y>310</y><time>26-01-21 14:17:49:622</time></pt><pt><x>603</x><y>314</y><time>26-01-21 14:17:49:770</time></pt><pt><x>606</x><y>315</y><time>26-01-21 14:17:49:974</time></pt><pt><x>615</x><y>316</y><time>26-01-21 14:17:50:266</time></pt><pt><x>624</x><y>317</y><time>26-01-21 14:17:50:525</time></pt><pt><x>630</x><y>318</y><time>26-01-21 14:17:50:744</time></pt><pt><x>636</x><y>319</y><time>26-01-21 14:17:51:005</time></pt><pt><x>639</x><y>319</y><time>26-01-21 14:17:51:478</time></pt><pt><x>640</x><y>319</y><time>26-01-21 14:17:52:213</time></pt><closed_date>26-01-21 14:17:54:730</closed_date></polygon></object></annotation>