<annotation><filename>frame0029.jpg</filename><folder>users/lab605//7hao/human_20210119_4</folder><source><submittedBy>lab605</submittedBy></source><imagesize><nrows>480</nrows><ncols>640</ncols></imagesize><object><name>person</name><deleted>0</deleted><verified>0</verified><occluded>no</occluded><attributes></attributes><parts><hasparts></hasparts><ispartof></ispartof></parts><date>23-01-21 10:19:57:490</date><id>0</id><polygon><username>7hao</username><pt><x>604</x><y>85</y><time>23-01-21 10:18:52:130</time></pt><pt><x>602</x><y>82</y><time>23-01-21 10:18:52:435</time></pt><pt><x>597</x><y>80</y><time>23-01-21 10:18:52:724</time></pt><pt><x>592</x><y>79</y><time>23-01-21 10:18:52:944</time></pt><pt><x>585</x><y>82</y><time>23-01-21 10:18:53:283</time></pt><pt><x>583</x><y>84</y><time>23-01-21 10:18:53:519</time></pt><pt><x>580</x><y>87</y><time>23-01-21 10:18:53:722</time></pt><pt><x>579</x><y>91</y><time>23-01-21 10:18:53:912</time></pt><pt><x>580</x><y>94</y><time>23-01-21 10:18:54:092</time></pt><pt><x>581</x><y>99</y><time>23-01-21 10:18:54:276</time></pt><pt><x>581</x><y>103</y><time>23-01-21 10:18:54:462</time></pt><pt><x>582</x><y>105</y><time>23-01-21 10:18:54:643</time></pt><pt><x>582</x><y>107</y><time>23-01-21 10:18:54:848</time></pt><pt><x>580</x><y>109</y><time>23-01-21 10:18:55:060</time></pt><pt><x>578</x><y>110</y><time>23-01-21 10:18:55:234</time></pt><pt><x>577</x><y>112</y><time>23-01-21 10:18:55:406</time></pt><pt><x>573</x><y>115</y><time>23-01-21 10:18:56:702</time></pt><pt><x>569</x><y>117</y><time>23-01-21 10:18:56:917</time></pt><pt><x>566</x><y>120</y><time>23-01-21 10:18:57:094</time></pt><pt><x>562</x><y>126</y><time>23-01-21 10:18:57:293</time></pt><pt><x>560</x><y>134</y><time>23-01-21 10:18:57:558</time></pt><pt><x>559</x><y>138</y><time>23-01-21 10:18:57:844</time></pt><pt><x>558</x><y>146</y><time>23-01-21 10:18:58:352</time></pt><pt><x>558</x><y>170</y><time>23-01-21 10:18:59:618</time></pt><pt><x>558</x><y>175</y><time>23-01-21 10:18:59:814</time></pt><pt><x>558</x><y>179</y><time>23-01-21 10:18:59:987</time></pt><pt><x>559</x><y>182</y><time>23-01-21 10:19:00:169</time></pt><pt><x>562</x><y>189</y><time>23-01-21 10:19:00:915</time></pt><pt><x>563</x><y>191</y><time>23-01-21 10:19:01:135</time></pt><pt><x>564</x><y>194</y><time>23-01-21 10:19:01:338</time></pt><pt><x>565</x><y>196</y><time>23-01-21 10:19:01:520</time></pt><pt><x>567</x><y>208</y><time>23-01-21 10:19:02:675</time></pt><pt><x>567</x><y>214</y><time>23-01-21 10:19:02:857</time></pt><pt><x>566</x><y>216</y><time>23-01-21 10:19:03:030</time></pt><pt><x>567</x><y>219</y><time>23-01-21 10:19:03:218</time></pt><pt><x>568</x><y>221</y><time>23-01-21 10:19:03:391</time></pt><pt><x>567</x><y>224</y><time>23-01-21 10:19:03:533</time></pt><pt><x>566</x><y>228</y><time>23-01-21 10:19:03:887</time></pt><pt><x>564</x><y>232</y><time>23-01-21 10:19:04:949</time></pt><pt><x>562</x><y>236</y><time>23-01-21 10:19:05:126</time></pt><pt><x>561</x><y>244</y><time>23-01-21 10:19:05:348</time></pt><pt><x>561</x><y>258</y><time>23-01-21 10:19:08:963</time></pt><pt><x>562</x><y>264</y><time>23-01-21 10:19:09:241</time></pt><pt><x>562</x><y>266</y><time>23-01-21 10:19:09:395</time></pt><pt><x>559</x><y>267</y><time>23-01-21 10:19:09:661</time></pt><pt><x>557</x><y>272</y><time>23-01-21 10:19:09:985</time></pt><pt><x>558</x><y>278</y><time>23-01-21 10:19:10:259</time></pt><pt><x>559</x><y>281</y><time>23-01-21 10:19:10:474</time></pt><pt><x>564</x><y>282</y><time>23-01-21 10:19:10:698</time></pt><pt><x>569</x><y>282</y><time>23-01-21 10:19:10:943</time></pt><pt><x>573</x><y>281</y><time>23-01-21 10:19:11:354</time></pt><pt><x>572</x><y>278</y><time>23-01-21 10:19:11:666</time></pt><pt><x>571</x><y>276</y><time>23-01-21 10:19:11:887</time></pt><pt><x>569</x><y>268</y><time>23-01-21 10:19:12:262</time></pt><pt><x>569</x><y>263</y><time>23-01-21 10:19:12:491</time></pt><pt><x>569</x><y>259</y><time>23-01-21 10:19:12:682</time></pt><pt><x>570</x><y>254</y><time>23-01-21 10:19:12:917</time></pt><pt><x>572</x><y>249</y><time>23-01-21 10:19:13:136</time></pt><pt><x>574</x><y>244</y><time>23-01-21 10:19:13:402</time></pt><pt><x>576</x><y>240</y><time>23-01-21 10:19:21:890</time></pt><pt><x>576</x><y>237</y><time>23-01-21 10:19:22:166</time></pt><pt><x>577</x><y>234</y><time>23-01-21 10:19:22:544</time></pt><pt><x>580</x><y>229</y><time>23-01-21 10:19:22:977</time></pt><pt><x>581</x><y>227</y><time>23-01-21 10:19:23:139</time></pt><pt><x>584</x><y>223</y><time>23-01-21 10:19:23:800</time></pt><pt><x>585</x><y>220</y><time>23-01-21 10:19:24:059</time></pt><pt><x>585</x><y>218</y><time>23-01-21 10:19:24:272</time></pt><pt><x>587</x><y>216</y><time>23-01-21 10:19:24:642</time></pt><pt><x>588</x><y>214</y><time>23-01-21 10:19:24:864</time></pt><pt><x>588</x><y>211</y><time>23-01-21 10:19:25:151</time></pt><pt><x>588</x><y>210</y><time>23-01-21 10:19:25:331</time></pt><pt><x>589</x><y>207</y><time>23-01-21 10:19:26:329</time></pt><pt><x>590</x><y>204</y><time>23-01-21 10:19:26:497</time></pt><pt><x>592</x><y>203</y><time>23-01-21 10:19:26:699</time></pt><pt><x>593</x><y>202</y><time>23-01-21 10:19:26:905</time></pt><pt><x>594</x><y>204</y><time>23-01-21 10:19:27:086</time></pt><pt><x>595</x><y>207</y><time>23-01-21 10:19:27:243</time></pt><pt><x>596</x><y>210</y><time>23-01-21 10:19:27:447</time></pt><pt><x>597</x><y>214</y><time>23-01-21 10:19:27:781</time></pt><pt><x>599</x><y>216</y><time>23-01-21 10:19:27:975</time></pt><pt><x>600</x><y>221</y><time>23-01-21 10:19:28:289</time></pt><pt><x>601</x><y>226</y><time>23-01-21 10:19:28:477</time></pt><pt><x>605</x><y>244</y><time>23-01-21 10:19:29:829</time></pt><pt><x>607</x><y>249</y><time>23-01-21 10:19:30:058</time></pt><pt><x>609</x><y>254</y><time>23-01-21 10:19:30:228</time></pt><pt><x>610</x><y>257</y><time>23-01-21 10:19:30:418</time></pt><pt><x>612</x><y>267</y><time>23-01-21 10:19:30:772</time></pt><pt><x>613</x><y>273</y><time>23-01-21 10:19:31:094</time></pt><pt><x>612</x><y>276</y><time>23-01-21 10:19:31:290</time></pt><pt><x>611</x><y>279</y><time>23-01-21 10:19:31:463</time></pt><pt><x>613</x><y>285</y><time>23-01-21 10:19:32:457</time></pt><pt><x>615</x><y>286</y><time>23-01-21 10:19:32:676</time></pt><pt><x>620</x><y>286</y><time>23-01-21 10:19:32:838</time></pt><pt><x>624</x><y>286</y><time>23-01-21 10:19:33:010</time></pt><pt><x>627</x><y>286</y><time>23-01-21 10:19:33:207</time></pt><pt><x>631</x><y>287</y><time>23-01-21 10:19:35:009</time></pt><pt><x>632</x><y>285</y><time>23-01-21 10:19:35:236</time></pt><pt><x>633</x><y>283</y><time>23-01-21 10:19:35:434</time></pt><pt><x>631</x><y>280</y><time>23-01-21 10:19:35:628</time></pt><pt><x>627</x><y>277</y><time>23-01-21 10:19:35:855</time></pt><pt><x>625</x><y>275</y><time>23-01-21 10:19:36:078</time></pt><pt><x>624</x><y>272</y><time>23-01-21 10:19:36:256</time></pt><pt><x>622</x><y>270</y><time>23-01-21 10:19:36:450</time></pt><pt><x>621</x><y>267</y><time>23-01-21 10:19:36:642</time></pt><pt><x>622</x><y>263</y><time>23-01-21 10:19:36:839</time></pt><pt><x>622</x><y>243</y><time>23-01-21 10:19:38:004</time></pt><pt><x>620</x><y>236</y><time>23-01-21 10:19:38:363</time></pt><pt><x>619</x><y>232</y><time>23-01-21 10:19:38:574</time></pt><pt><x>617</x><y>226</y><time>23-01-21 10:19:39:558</time></pt><pt><x>617</x><y>222</y><time>23-01-21 10:19:39:740</time></pt><pt><x>616</x><y>218</y><time>23-01-21 10:19:39:914</time></pt><pt><x>617</x><y>215</y><time>23-01-21 10:19:40:116</time></pt><pt><x>618</x><y>212</y><time>23-01-21 10:19:40:328</time></pt><pt><x>619</x><y>209</y><time>23-01-21 10:19:40:556</time></pt><pt><x>618</x><y>205</y><time>23-01-21 10:19:40:943</time></pt><pt><x>618</x><y>202</y><time>23-01-21 10:19:41:208</time></pt><pt><x>619</x><y>197</y><time>23-01-21 10:19:42:254</time></pt><pt><x>620</x><y>193</y><time>23-01-21 10:19:42:436</time></pt><pt><x>621</x><y>190</y><time>23-01-21 10:19:42:622</time></pt><pt><x>620</x><y>186</y><time>23-01-21 10:19:42:802</time></pt><pt><x>619</x><y>184</y><time>23-01-21 10:19:42:977</time></pt><pt><x>620</x><y>182</y><time>23-01-21 10:19:43:140</time></pt><pt><x>622</x><y>179</y><time>23-01-21 10:19:43:323</time></pt><pt><x>623</x><y>177</y><time>23-01-21 10:19:43:534</time></pt><pt><x>624</x><y>173</y><time>23-01-21 10:19:43:732</time></pt><pt><x>624</x><y>159</y><time>23-01-21 10:19:47:882</time></pt><pt><x>624</x><y>150</y><time>23-01-21 10:19:48:288</time></pt><pt><x>622</x><y>135</y><time>23-01-21 10:19:49:521</time></pt><pt><x>619</x><y>120</y><time>23-01-21 10:19:50:735</time></pt><pt><x>616</x><y>117</y><time>23-01-21 10:19:50:975</time></pt><pt><x>611</x><y>116</y><time>23-01-21 10:19:51:180</time></pt><pt><x>607</x><y>114</y><time>23-01-21 10:19:51:442</time></pt><pt><x>603</x><y>112</y><time>23-01-21 10:19:51:653</time></pt><pt><x>601</x><y>109</y><time>23-01-21 10:19:51:981</time></pt><pt><x>601</x><y>105</y><time>23-01-21 10:19:53:223</time></pt><pt><x>603</x><y>101</y><time>23-01-21 10:19:53:416</time></pt><pt><x>604</x><y>98</y><time>23-01-21 10:19:53:569</time></pt><pt><x>605</x><y>96</y><time>23-01-21 10:19:53:759</time></pt><pt><x>606</x><y>93</y><time>23-01-21 10:19:54:034</time></pt><pt><x>605</x><y>92</y><time>23-01-21 10:19:54:221</time></pt><pt><x>604</x><y>90</y><time>23-01-21 10:19:54:483</time></pt><pt><x>605</x><y>88</y><time>23-01-21 10:19:54:686</time></pt><closed_date>23-01-21 10:19:55:256</closed_date></polygon></object><object><name>person</name><deleted>0</deleted><verified>0</verified><occluded>no</occluded><attributes></attributes><parts><hasparts></hasparts><ispartof></ispartof></parts><date>23-01-21 10:20:50:127</date><id>1</id><polygon><username>7hao</username><pt><x>484</x><y>79</y><time>23-01-21 10:20:01:615</time></pt><pt><x>477</x><y>74</y><time>23-01-21 10:20:01:919</time></pt><pt><x>472</x><y>72</y><time>23-01-21 10:20:02:404</time></pt><pt><x>467</x><y>74</y><time>23-01-21 10:20:02:608</time></pt><pt><x>463</x><y>76</y><time>23-01-21 10:20:02:806</time></pt><pt><x>460</x><y>80</y><time>23-01-21 10:20:03:098</time></pt><pt><x>458</x><y>82</y><time>23-01-21 10:20:03:262</time></pt><pt><x>455</x><y>85</y><time>23-01-21 10:20:03:426</time></pt><pt><x>455</x><y>91</y><time>23-01-21 10:20:03:639</time></pt><pt><x>456</x><y>96</y><time>23-01-21 10:20:03:858</time></pt><pt><x>460</x><y>99</y><time>23-01-21 10:20:04:062</time></pt><pt><x>463</x><y>101</y><time>23-01-21 10:20:04:220</time></pt><pt><x>464</x><y>104</y><time>23-01-21 10:20:04:416</time></pt><pt><x>461</x><y>106</y><time>23-01-21 10:20:04:620</time></pt><pt><x>457</x><y>107</y><time>23-01-21 10:20:04:771</time></pt><pt><x>452</x><y>108</y><time>23-01-21 10:20:04:944</time></pt><pt><x>448</x><y>112</y><time>23-01-21 10:20:05:218</time></pt><pt><x>445</x><y>121</y><time>23-01-21 10:20:05:470</time></pt><pt><x>440</x><y>138</y><time>23-01-21 10:20:06:696</time></pt><pt><x>437</x><y>148</y><time>23-01-21 10:20:07:010</time></pt><pt><x>434</x><y>158</y><time>23-01-21 10:20:07:207</time></pt><pt><x>431</x><y>172</y><time>23-01-21 10:20:08:873</time></pt><pt><x>431</x><y>175</y><time>23-01-21 10:20:09:039</time></pt><pt><x>431</x><y>180</y><time>23-01-21 10:20:09:218</time></pt><pt><x>430</x><y>184</y><time>23-01-21 10:20:09:416</time></pt><pt><x>430</x><y>188</y><time>23-01-21 10:20:09:683</time></pt><pt><x>428</x><y>190</y><time>23-01-21 10:20:09:878</time></pt><pt><x>428</x><y>192</y><time>23-01-21 10:20:10:044</time></pt><pt><x>429</x><y>195</y><time>23-01-21 10:20:10:258</time></pt><pt><x>430</x><y>196</y><time>23-01-21 10:20:10:413</time></pt><pt><x>434</x><y>198</y><time>23-01-21 10:20:10:656</time></pt><pt><x>437</x><y>197</y><time>23-01-21 10:20:10:892</time></pt><pt><x>437</x><y>194</y><time>23-01-21 10:20:11:179</time></pt><pt><x>437</x><y>190</y><time>23-01-21 10:20:11:560</time></pt><pt><x>438</x><y>188</y><time>23-01-21 10:20:11:788</time></pt><pt><x>439</x><y>185</y><time>23-01-21 10:20:11:962</time></pt><pt><x>440</x><y>182</y><time>23-01-21 10:20:12:168</time></pt><pt><x>442</x><y>178</y><time>23-01-21 10:20:12:409</time></pt><pt><x>445</x><y>171</y><time>23-01-21 10:20:12:670</time></pt><pt><x>453</x><y>150</y><time>23-01-21 10:20:13:487</time></pt><pt><x>454</x><y>156</y><time>23-01-21 10:20:13:904</time></pt><pt><x>453</x><y>158</y><time>23-01-21 10:20:14:046</time></pt><pt><x>453</x><y>163</y><time>23-01-21 10:20:14:297</time></pt><pt><x>452</x><y>166</y><time>23-01-21 10:20:14:476</time></pt><pt><x>453</x><y>172</y><time>23-01-21 10:20:14:861</time></pt><pt><x>454</x><y>177</y><time>23-01-21 10:20:15:050</time></pt><pt><x>454</x><y>181</y><time>23-01-21 10:20:15:246</time></pt><pt><x>454</x><y>184</y><time>23-01-21 10:20:15:418</time></pt><pt><x>454</x><y>190</y><time>23-01-21 10:20:15:774</time></pt><pt><x>455</x><y>195</y><time>23-01-21 10:20:16:150</time></pt><pt><x>460</x><y>224</y><time>23-01-21 10:20:17:893</time></pt><pt><x>467</x><y>245</y><time>23-01-21 10:20:18:950</time></pt><pt><x>471</x><y>255</y><time>23-01-21 10:20:19:734</time></pt><pt><x>470</x><y>262</y><time>23-01-21 10:20:20:192</time></pt><pt><x>470</x><y>266</y><time>23-01-21 10:20:20:434</time></pt><pt><x>470</x><y>270</y><time>23-01-21 10:20:20:645</time></pt><pt><x>471</x><y>272</y><time>23-01-21 10:20:20:852</time></pt><pt><x>471</x><y>276</y><time>23-01-21 10:20:21:188</time></pt><pt><x>470</x><y>278</y><time>23-01-21 10:20:21:424</time></pt><pt><x>468</x><y>279</y><time>23-01-21 10:20:21:620</time></pt><pt><x>462</x><y>283</y><time>23-01-21 10:20:23:135</time></pt><pt><x>459</x><y>283</y><time>23-01-21 10:20:23:380</time></pt><pt><x>458</x><y>283</y><time>23-01-21 10:20:23:546</time></pt><pt><x>458</x><y>286</y><time>23-01-21 10:20:23:727</time></pt><pt><x>459</x><y>288</y><time>23-01-21 10:20:23:932</time></pt><pt><x>463</x><y>289</y><time>23-01-21 10:20:24:150</time></pt><pt><x>467</x><y>289</y><time>23-01-21 10:20:24:356</time></pt><pt><x>471</x><y>290</y><time>23-01-21 10:20:24:546</time></pt><pt><x>473</x><y>292</y><time>23-01-21 10:20:24:748</time></pt><pt><x>474</x><y>293</y><time>23-01-21 10:20:24:928</time></pt><pt><x>476</x><y>295</y><time>23-01-21 10:20:25:134</time></pt><pt><x>478</x><y>295</y><time>23-01-21 10:20:25:324</time></pt><pt><x>482</x><y>296</y><time>23-01-21 10:20:25:747</time></pt><pt><x>485</x><y>297</y><time>23-01-21 10:20:26:235</time></pt><pt><x>489</x><y>297</y><time>23-01-21 10:20:26:414</time></pt><pt><x>491</x><y>296</y><time>23-01-21 10:20:26:587</time></pt><pt><x>494</x><y>295</y><time>23-01-21 10:20:26:760</time></pt><pt><x>496</x><y>294</y><time>23-01-21 10:20:26:949</time></pt><pt><x>496</x><y>293</y><time>23-01-21 10:20:27:185</time></pt><pt><x>496</x><y>291</y><time>23-01-21 10:20:27:388</time></pt><pt><x>495</x><y>287</y><time>23-01-21 10:20:27:687</time></pt><pt><x>495</x><y>285</y><time>23-01-21 10:20:27:884</time></pt><pt><x>494</x><y>281</y><time>23-01-21 10:20:28:043</time></pt><pt><x>492</x><y>278</y><time>23-01-21 10:20:28:253</time></pt><pt><x>492</x><y>276</y><time>23-01-21 10:20:28:435</time></pt><pt><x>493</x><y>274</y><time>23-01-21 10:20:28:615</time></pt><pt><x>493</x><y>271</y><time>23-01-21 10:20:28:790</time></pt><pt><x>487</x><y>248</y><time>23-01-21 10:20:30:126</time></pt><pt><x>487</x><y>242</y><time>23-01-21 10:20:30:556</time></pt><pt><x>487</x><y>236</y><time>23-01-21 10:20:30:784</time></pt><pt><x>487</x><y>232</y><time>23-01-21 10:20:30:942</time></pt><pt><x>487</x><y>230</y><time>23-01-21 10:20:31:122</time></pt><pt><x>487</x><y>227</y><time>23-01-21 10:20:31:233</time></pt><pt><x>491</x><y>208</y><time>23-01-21 10:20:32:270</time></pt><pt><x>492</x><y>202</y><time>23-01-21 10:20:32:434</time></pt><pt><x>494</x><y>193</y><time>23-01-21 10:20:32:664</time></pt><pt><x>495</x><y>187</y><time>23-01-21 10:20:32:875</time></pt><pt><x>497</x><y>180</y><time>23-01-21 10:20:33:851</time></pt><pt><x>497</x><y>174</y><time>23-01-21 10:20:34:024</time></pt><pt><x>497</x><y>169</y><time>23-01-21 10:20:34:189</time></pt><pt><x>498</x><y>166</y><time>23-01-21 10:20:34:369</time></pt><pt><x>499</x><y>160</y><time>23-01-21 10:20:34:730</time></pt><pt><x>499</x><y>156</y><time>23-01-21 10:20:35:077</time></pt><pt><x>502</x><y>164</y><time>23-01-21 10:20:35:799</time></pt><pt><x>503</x><y>168</y><time>23-01-21 10:20:35:974</time></pt><pt><x>505</x><y>176</y><time>23-01-21 10:20:36:219</time></pt><pt><x>507</x><y>182</y><time>23-01-21 10:20:36:389</time></pt><pt><x>508</x><y>187</y><time>23-01-21 10:20:36:564</time></pt><pt><x>508</x><y>190</y><time>23-01-21 10:20:36:718</time></pt><pt><x>507</x><y>192</y><time>23-01-21 10:20:36:846</time></pt><pt><x>507</x><y>199</y><time>23-01-21 10:20:37:292</time></pt><pt><x>509</x><y>203</y><time>23-01-21 10:20:39:778</time></pt><pt><x>511</x><y>205</y><time>23-01-21 10:20:39:972</time></pt><pt><x>516</x><y>204</y><time>23-01-21 10:20:40:147</time></pt><pt><x>516</x><y>201</y><time>23-01-21 10:20:40:312</time></pt><pt><x>518</x><y>198</y><time>23-01-21 10:20:40:500</time></pt><pt><x>518</x><y>195</y><time>23-01-21 10:20:40:667</time></pt><pt><x>518</x><y>192</y><time>23-01-21 10:20:40:838</time></pt><pt><x>517</x><y>191</y><time>23-01-21 10:20:41:020</time></pt><pt><x>516</x><y>173</y><time>23-01-21 10:20:41:890</time></pt><pt><x>513</x><y>164</y><time>23-01-21 10:20:42:174</time></pt><pt><x>512</x><y>143</y><time>23-01-21 10:20:43:047</time></pt><pt><x>509</x><y>134</y><time>23-01-21 10:20:43:308</time></pt><pt><x>508</x><y>131</y><time>23-01-21 10:20:43:478</time></pt><pt><x>508</x><y>128</y><time>23-01-21 10:20:43:668</time></pt><pt><x>505</x><y>115</y><time>23-01-21 10:20:44:933</time></pt><pt><x>502</x><y>114</y><time>23-01-21 10:20:45:170</time></pt><pt><x>494</x><y>111</y><time>23-01-21 10:20:45:398</time></pt><pt><x>481</x><y>104</y><time>23-01-21 10:20:45:915</time></pt><pt><x>481</x><y>99</y><time>23-01-21 10:20:46:380</time></pt><pt><x>483</x><y>97</y><time>23-01-21 10:20:46:597</time></pt><pt><x>485</x><y>96</y><time>23-01-21 10:20:46:755</time></pt><pt><x>487</x><y>93</y><time>23-01-21 10:20:46:952</time></pt><pt><x>489</x><y>89</y><time>23-01-21 10:20:47:198</time></pt><pt><x>489</x><y>87</y><time>23-01-21 10:20:47:331</time></pt><pt><x>488</x><y>84</y><time>23-01-21 10:20:47:510</time></pt><pt><x>487</x><y>82</y><time>23-01-21 10:20:47:732</time></pt><closed_date>23-01-21 10:20:48:116</closed_date></polygon></object><object><name>person</name><deleted>0</deleted><verified>0</verified><occluded>no</occluded><attributes></attributes><parts><hasparts></hasparts><ispartof></ispartof></parts><date>23-01-21 10:22:12:785</date><id>2</id><polygon><username>7hao</username><pt><x>330</x><y>26</y><time>23-01-21 10:20:55:546</time></pt><pt><x>323</x><y>22</y><time>23-01-21 10:20:56:721</time></pt><pt><x>319</x><y>22</y><time>23-01-21 10:20:57:003</time></pt><pt><x>315</x><y>22</y><time>23-01-21 10:20:57:178</time></pt><pt><x>311</x><y>23</y><time>23-01-21 10:20:57:376</time></pt><pt><x>308</x><y>25</y><time>23-01-21 10:20:57:578</time></pt><pt><x>306</x><y>28</y><time>23-01-21 10:20:57:789</time></pt><pt><x>303</x><y>33</y><time>23-01-21 10:20:57:996</time></pt><pt><x>303</x><y>37</y><time>23-01-21 10:20:58:186</time></pt><pt><x>303</x><y>44</y><time>23-01-21 10:20:58:414</time></pt><pt><x>305</x><y>50</y><time>23-01-21 10:20:58:624</time></pt><pt><x>307</x><y>56</y><time>23-01-21 10:20:58:835</time></pt><pt><x>306</x><y>59</y><time>23-01-21 10:20:59:039</time></pt><pt><x>297</x><y>64</y><time>23-01-21 10:20:59:444</time></pt><pt><x>294</x><y>68</y><time>23-01-21 10:20:59:748</time></pt><pt><x>292</x><y>70</y><time>23-01-21 10:20:59:962</time></pt><pt><x>288</x><y>74</y><time>23-01-21 10:21:01:194</time></pt><pt><x>285</x><y>76</y><time>23-01-21 10:21:01:358</time></pt><pt><x>282</x><y>83</y><time>23-01-21 10:21:01:554</time></pt><pt><x>282</x><y>92</y><time>23-01-21 10:21:01:768</time></pt><pt><x>283</x><y>97</y><time>23-01-21 10:21:02:004</time></pt><pt><x>284</x><y>107</y><time>23-01-21 10:21:03:166</time></pt><pt><x>282</x><y>113</y><time>23-01-21 10:21:03:325</time></pt><pt><x>281</x><y>118</y><time>23-01-21 10:21:03:488</time></pt><pt><x>281</x><y>125</y><time>23-01-21 10:21:04:384</time></pt><pt><x>282</x><y>131</y><time>23-01-21 10:21:04:588</time></pt><pt><x>282</x><y>137</y><time>23-01-21 10:21:04:808</time></pt><pt><x>282</x><y>141</y><time>23-01-21 10:21:05:020</time></pt><pt><x>283</x><y>146</y><time>23-01-21 10:21:05:265</time></pt><pt><x>285</x><y>153</y><time>23-01-21 10:21:06:554</time></pt><pt><x>285</x><y>157</y><time>23-01-21 10:21:06:733</time></pt><pt><x>286</x><y>161</y><time>23-01-21 10:21:06:898</time></pt><pt><x>286</x><y>166</y><time>23-01-21 10:21:07:080</time></pt><pt><x>286</x><y>171</y><time>23-01-21 10:21:07:300</time></pt><pt><x>285</x><y>178</y><time>23-01-21 10:21:07:672</time></pt><pt><x>288</x><y>181</y><time>23-01-21 10:21:07:969</time></pt><pt><x>289</x><y>182</y><time>23-01-21 10:21:08:174</time></pt><pt><x>290</x><y>184</y><time>23-01-21 10:21:08:353</time></pt><pt><x>293</x><y>197</y><time>23-01-21 10:21:09:422</time></pt><pt><x>295</x><y>202</y><time>23-01-21 10:21:09:594</time></pt><pt><x>297</x><y>209</y><time>23-01-21 10:21:09:768</time></pt><pt><x>297</x><y>212</y><time>23-01-21 10:21:09:934</time></pt><pt><x>296</x><y>216</y><time>23-01-21 10:21:10:075</time></pt><pt><x>295</x><y>220</y><time>23-01-21 10:21:10:986</time></pt><pt><x>294</x><y>225</y><time>23-01-21 10:21:11:144</time></pt><pt><x>294</x><y>228</y><time>23-01-21 10:21:11:317</time></pt><pt><x>291</x><y>231</y><time>23-01-21 10:21:11:473</time></pt><pt><x>288</x><y>236</y><time>23-01-21 10:21:11:653</time></pt><pt><x>285</x><y>241</y><time>23-01-21 10:21:11:818</time></pt><pt><x>284</x><y>244</y><time>23-01-21 10:21:11:976</time></pt><pt><x>281</x><y>255</y><time>23-01-21 10:21:13:249</time></pt><pt><x>277</x><y>267</y><time>23-01-21 10:21:13:493</time></pt><pt><x>274</x><y>274</y><time>23-01-21 10:21:13:744</time></pt><pt><x>272</x><y>278</y><time>23-01-21 10:21:13:933</time></pt><pt><x>269</x><y>283</y><time>23-01-21 10:21:14:334</time></pt><pt><x>268</x><y>285</y><time>23-01-21 10:21:14:491</time></pt><pt><x>267</x><y>288</y><time>23-01-21 10:21:14:695</time></pt><pt><x>268</x><y>290</y><time>23-01-21 10:21:15:992</time></pt><pt><x>268</x><y>293</y><time>23-01-21 10:21:16:136</time></pt><pt><x>267</x><y>294</y><time>23-01-21 10:21:16:298</time></pt><pt><x>265</x><y>295</y><time>23-01-21 10:21:16:432</time></pt><pt><x>264</x><y>300</y><time>23-01-21 10:21:16:589</time></pt><pt><x>263</x><y>302</y><time>23-01-21 10:21:16:753</time></pt><pt><x>262</x><y>306</y><time>23-01-21 10:21:16:935</time></pt><pt><x>264</x><y>309</y><time>23-01-21 10:21:17:162</time></pt><pt><x>269</x><y>310</y><time>23-01-21 10:21:17:367</time></pt><pt><x>278</x><y>311</y><time>23-01-21 10:21:17:580</time></pt><pt><x>289</x><y>311</y><time>23-01-21 10:21:17:776</time></pt><pt><x>307</x><y>312</y><time>23-01-21 10:21:18:083</time></pt><pt><x>309</x><y>308</y><time>23-01-21 10:21:18:608</time></pt><pt><x>308</x><y>305</y><time>23-01-21 10:21:18:853</time></pt><pt><x>303</x><y>303</y><time>23-01-21 10:21:19:230</time></pt><pt><x>298</x><y>302</y><time>23-01-21 10:21:19:435</time></pt><pt><x>295</x><y>300</y><time>23-01-21 10:21:19:629</time></pt><pt><x>293</x><y>293</y><time>23-01-21 10:21:19:984</time></pt><pt><x>293</x><y>292</y><time>23-01-21 10:21:20:258</time></pt><pt><x>296</x><y>290</y><time>23-01-21 10:21:20:472</time></pt><pt><x>298</x><y>288</y><time>23-01-21 10:21:20:660</time></pt><pt><x>299</x><y>285</y><time>23-01-21 10:21:20:864</time></pt><pt><x>300</x><y>281</y><time>23-01-21 10:21:21:053</time></pt><pt><x>308</x><y>264</y><time>23-01-21 10:21:22:531</time></pt><pt><x>310</x><y>261</y><time>23-01-21 10:21:22:735</time></pt><pt><x>311</x><y>259</y><time>23-01-21 10:21:22:926</time></pt><pt><x>312</x><y>260</y><time>23-01-21 10:21:23:622</time></pt><pt><x>312</x><y>262</y><time>23-01-21 10:21:23:772</time></pt><pt><x>313</x><y>267</y><time>23-01-21 10:21:24:064</time></pt><pt><x>314</x><y>272</y><time>23-01-21 10:21:24:298</time></pt><pt><x>316</x><y>278</y><time>23-01-21 10:21:24:498</time></pt><pt><x>317</x><y>283</y><time>23-01-21 10:21:24:700</time></pt><pt><x>318</x><y>289</y><time>23-01-21 10:21:24:960</time></pt><pt><x>323</x><y>305</y><time>23-01-21 10:21:25:973</time></pt><pt><x>325</x><y>308</y><time>23-01-21 10:21:26:194</time></pt><pt><x>327</x><y>311</y><time>23-01-21 10:21:26:377</time></pt><pt><x>330</x><y>312</y><time>23-01-21 10:21:26:531</time></pt><pt><x>331</x><y>316</y><time>23-01-21 10:21:39:589</time></pt><pt><x>333</x><y>318</y><time>23-01-21 10:21:39:768</time></pt><pt><x>336</x><y>319</y><time>23-01-21 10:21:39:932</time></pt><pt><x>341</x><y>319</y><time>23-01-21 10:21:40:114</time></pt><pt><x>349</x><y>321</y><time>23-01-21 10:21:43:509</time></pt><pt><x>357</x><y>320</y><time>23-01-21 10:21:43:768</time></pt><pt><x>362</x><y>319</y><time>23-01-21 10:21:43:935</time></pt><pt><x>368</x><y>317</y><time>23-01-21 10:21:44:108</time></pt><pt><x>369</x><y>315</y><time>23-01-21 10:21:44:326</time></pt><pt><x>368</x><y>312</y><time>23-01-21 10:21:44:531</time></pt><pt><x>366</x><y>310</y><time>23-01-21 10:21:44:752</time></pt><pt><x>360</x><y>307</y><time>23-01-21 10:21:44:934</time></pt><pt><x>357</x><y>305</y><time>23-01-21 10:21:45:138</time></pt><pt><x>353</x><y>300</y><time>23-01-21 10:21:45:349</time></pt><pt><x>351</x><y>297</y><time>23-01-21 10:21:45:521</time></pt><pt><x>341</x><y>276</y><time>23-01-21 10:21:46:793</time></pt><pt><x>340</x><y>275</y><time>23-01-21 10:21:47:024</time></pt><pt><x>337</x><y>273</y><time>23-01-21 10:21:47:212</time></pt><pt><x>335</x><y>271</y><time>23-01-21 10:21:47:415</time></pt><pt><x>334</x><y>268</y><time>23-01-21 10:21:47:574</time></pt><pt><x>334</x><y>264</y><time>23-01-21 10:21:47:770</time></pt><pt><x>335</x><y>258</y><time>23-01-21 10:21:48:086</time></pt><pt><x>335</x><y>255</y><time>23-01-21 10:21:48:320</time></pt><pt><x>336</x><y>246</y><time>23-01-21 10:21:49:445</time></pt><pt><x>335</x><y>244</y><time>23-01-21 10:21:49:610</time></pt><pt><x>334</x><y>242</y><time>23-01-21 10:21:49:782</time></pt><pt><x>334</x><y>237</y><time>23-01-21 10:21:49:962</time></pt><pt><x>334</x><y>236</y><time>23-01-21 10:21:50:144</time></pt><pt><x>331</x><y>220</y><time>23-01-21 10:21:51:157</time></pt><pt><x>331</x><y>219</y><time>23-01-21 10:21:51:322</time></pt><pt><x>330</x><y>212</y><time>23-01-21 10:21:51:574</time></pt><pt><x>330</x><y>208</y><time>23-01-21 10:21:51:731</time></pt><pt><x>331</x><y>202</y><time>23-01-21 10:21:52:072</time></pt><pt><x>332</x><y>200</y><time>23-01-21 10:21:52:289</time></pt><pt><x>332</x><y>180</y><time>23-01-21 10:21:53:501</time></pt><pt><x>332</x><y>176</y><time>23-01-21 10:21:53:642</time></pt><pt><x>333</x><y>173</y><time>23-01-21 10:21:53:813</time></pt><pt><x>334</x><y>169</y><time>23-01-21 10:21:53:995</time></pt><pt><x>336</x><y>166</y><time>23-01-21 10:21:54:183</time></pt><pt><x>338</x><y>164</y><time>23-01-21 10:21:54:348</time></pt><pt><x>340</x><y>163</y><time>23-01-21 10:21:54:515</time></pt><pt><x>342</x><y>164</y><time>23-01-21 10:21:54:686</time></pt><pt><x>344</x><y>165</y><time>23-01-21 10:21:54:868</time></pt><pt><x>346</x><y>167</y><time>23-01-21 10:21:55:042</time></pt><pt><x>349</x><y>170</y><time>23-01-21 10:21:55:199</time></pt><pt><x>351</x><y>172</y><time>23-01-21 10:21:55:371</time></pt><pt><x>354</x><y>175</y><time>23-01-21 10:21:55:558</time></pt><pt><x>356</x><y>178</y><time>23-01-21 10:21:55:725</time></pt><pt><x>358</x><y>180</y><time>23-01-21 10:21:55:882</time></pt><pt><x>360</x><y>182</y><time>23-01-21 10:21:56:096</time></pt><pt><x>364</x><y>181</y><time>23-01-21 10:21:56:274</time></pt><pt><x>366</x><y>178</y><time>23-01-21 10:21:56:448</time></pt><pt><x>367</x><y>176</y><time>23-01-21 10:21:56:629</time></pt><pt><x>367</x><y>173</y><time>23-01-21 10:21:56:792</time></pt><pt><x>364</x><y>169</y><time>23-01-21 10:21:57:005</time></pt><pt><x>361</x><y>167</y><time>23-01-21 10:21:57:179</time></pt><pt><x>359</x><y>165</y><time>23-01-21 10:21:57:358</time></pt><pt><x>357</x><y>161</y><time>23-01-21 10:21:57:541</time></pt><pt><x>353</x><y>155</y><time>23-01-21 10:21:57:737</time></pt><pt><x>350</x><y>150</y><time>23-01-21 10:21:57:974</time></pt><pt><x>346</x><y>142</y><time>23-01-21 10:21:59:013</time></pt><pt><x>342</x><y>135</y><time>23-01-21 10:21:59:182</time></pt><pt><x>340</x><y>129</y><time>23-01-21 10:21:59:387</time></pt><pt><x>339</x><y>124</y><time>23-01-21 10:21:59:567</time></pt><pt><x>339</x><y>118</y><time>23-01-21 10:22:00:250</time></pt><pt><x>337</x><y>97</y><time>23-01-21 10:22:01:209</time></pt><pt><x>336</x><y>90</y><time>23-01-21 10:22:01:432</time></pt><pt><x>335</x><y>86</y><time>23-01-21 10:22:01:650</time></pt><pt><x>334</x><y>81</y><time>23-01-21 10:22:02:624</time></pt><pt><x>331</x><y>77</y><time>23-01-21 10:22:02:797</time></pt><pt><x>329</x><y>76</y><time>23-01-21 10:22:03:011</time></pt><pt><x>327</x><y>73</y><time>23-01-21 10:22:03:173</time></pt><pt><x>326</x><y>71</y><time>23-01-21 10:22:03:374</time></pt><pt><x>328</x><y>69</y><time>23-01-21 10:22:03:561</time></pt><pt><x>330</x><y>67</y><time>23-01-21 10:22:03:739</time></pt><pt><x>334</x><y>67</y><time>23-01-21 10:22:03:944</time></pt><pt><x>336</x><y>66</y><time>23-01-21 10:22:04:117</time></pt><pt><x>337</x><y>63</y><time>23-01-21 10:22:04:315</time></pt><pt><x>338</x><y>61</y><time>23-01-21 10:22:04:494</time></pt><pt><x>340</x><y>54</y><time>23-01-21 10:22:05:974</time></pt><pt><x>340</x><y>52</y><time>23-01-21 10:22:06:149</time></pt><pt><x>340</x><y>49</y><time>23-01-21 10:22:06:344</time></pt><pt><x>340</x><y>46</y><time>23-01-21 10:22:06:514</time></pt><pt><x>339</x><y>42</y><time>23-01-21 10:22:06:704</time></pt><pt><x>338</x><y>37</y><time>23-01-21 10:22:06:924</time></pt><pt><x>336</x><y>33</y><time>23-01-21 10:22:07:183</time></pt><pt><x>334</x><y>30</y><time>23-01-21 10:22:07:426</time></pt><pt><x>332</x><y>27</y><time>23-01-21 10:22:07:756</time></pt><closed_date>23-01-21 10:22:08:204</closed_date></polygon></object></annotation>