<annotation><filename>frame0027.jpg</filename><folder>users/lab605//7hao/human_20210119_4</folder><source><submittedBy>lab605</submittedBy></source><imagesize><nrows>480</nrows><ncols>640</ncols></imagesize><object><name>person</name><deleted>0</deleted><verified>0</verified><occluded>no</occluded><attributes></attributes><parts><hasparts></hasparts><ispartof></ispartof></parts><date>23-01-21 10:11:59:166</date><id>0</id><polygon><username>7hao</username><pt><x>581</x><y>84</y><time>23-01-21 10:10:40:898</time></pt><pt><x>576</x><y>84</y><time>23-01-21 10:10:41:188</time></pt><pt><x>573</x><y>85</y><time>23-01-21 10:10:41:432</time></pt><pt><x>570</x><y>86</y><time>23-01-21 10:10:41:714</time></pt><pt><x>568</x><y>88</y><time>23-01-21 10:10:41:982</time></pt><pt><x>566</x><y>90</y><time>23-01-21 10:10:42:178</time></pt><pt><x>565</x><y>93</y><time>23-01-21 10:10:42:399</time></pt><pt><x>565</x><y>97</y><time>23-01-21 10:10:42:622</time></pt><pt><x>566</x><y>98</y><time>23-01-21 10:10:42:854</time></pt><pt><x>566</x><y>101</y><time>23-01-21 10:10:43:074</time></pt><pt><x>566</x><y>103</y><time>23-01-21 10:10:43:265</time></pt><pt><x>567</x><y>106</y><time>23-01-21 10:10:43:675</time></pt><pt><x>569</x><y>107</y><time>23-01-21 10:10:43:868</time></pt><pt><x>570</x><y>108</y><time>23-01-21 10:10:44:232</time></pt><pt><x>570</x><y>110</y><time>23-01-21 10:10:45:522</time></pt><pt><x>567</x><y>111</y><time>23-01-21 10:10:45:827</time></pt><pt><x>565</x><y>112</y><time>23-01-21 10:10:45:977</time></pt><pt><x>563</x><y>114</y><time>23-01-21 10:10:46:142</time></pt><pt><x>563</x><y>115</y><time>23-01-21 10:10:46:314</time></pt><pt><x>562</x><y>117</y><time>23-01-21 10:10:46:510</time></pt><pt><x>558</x><y>120</y><time>23-01-21 10:10:46:707</time></pt><pt><x>556</x><y>122</y><time>23-01-21 10:10:46:832</time></pt><pt><x>555</x><y>123</y><time>23-01-21 10:10:46:968</time></pt><pt><x>553</x><y>124</y><time>23-01-21 10:10:47:116</time></pt><pt><x>549</x><y>131</y><time>23-01-21 10:10:47:447</time></pt><pt><x>547</x><y>137</y><time>23-01-21 10:10:51:558</time></pt><pt><x>547</x><y>143</y><time>23-01-21 10:10:51:826</time></pt><pt><x>546</x><y>153</y><time>23-01-21 10:10:56:888</time></pt><pt><x>546</x><y>162</y><time>23-01-21 10:10:57:296</time></pt><pt><x>547</x><y>168</y><time>23-01-21 10:10:57:534</time></pt><pt><x>549</x><y>183</y><time>23-01-21 10:10:58:664</time></pt><pt><x>552</x><y>183</y><time>23-01-21 10:10:58:987</time></pt><pt><x>553</x><y>183</y><time>23-01-21 10:10:59:152</time></pt><pt><x>554</x><y>185</y><time>23-01-21 10:10:59:333</time></pt><pt><x>554</x><y>187</y><time>23-01-21 10:10:59:507</time></pt><pt><x>555</x><y>189</y><time>23-01-21 10:10:59:728</time></pt><pt><x>556</x><y>193</y><time>23-01-21 10:10:59:914</time></pt><pt><x>556</x><y>196</y><time>23-01-21 10:11:00:073</time></pt><pt><x>556</x><y>199</y><time>23-01-21 10:11:00:268</time></pt><pt><x>557</x><y>204</y><time>23-01-21 10:11:00:528</time></pt><pt><x>558</x><y>207</y><time>23-01-21 10:11:00:716</time></pt><pt><x>558</x><y>208</y><time>23-01-21 10:11:00:935</time></pt><pt><x>559</x><y>216</y><time>23-01-21 10:11:02:304</time></pt><pt><x>559</x><y>218</y><time>23-01-21 10:11:02:515</time></pt><pt><x>561</x><y>219</y><time>23-01-21 10:11:02:863</time></pt><pt><x>563</x><y>220</y><time>23-01-21 10:11:03:068</time></pt><pt><x>563</x><y>224</y><time>23-01-21 10:11:03:256</time></pt><pt><x>562</x><y>228</y><time>23-01-21 10:11:03:419</time></pt><pt><x>560</x><y>231</y><time>23-01-21 10:11:03:688</time></pt><pt><x>559</x><y>234</y><time>23-01-21 10:11:03:892</time></pt><pt><x>558</x><y>238</y><time>23-01-21 10:11:04:057</time></pt><pt><x>558</x><y>250</y><time>23-01-21 10:11:05:300</time></pt><pt><x>559</x><y>254</y><time>23-01-21 10:11:05:479</time></pt><pt><x>560</x><y>259</y><time>23-01-21 10:11:05:686</time></pt><pt><x>561</x><y>263</y><time>23-01-21 10:11:06:029</time></pt><pt><x>561</x><y>265</y><time>23-01-21 10:11:06:234</time></pt><pt><x>561</x><y>269</y><time>23-01-21 10:11:07:861</time></pt><pt><x>558</x><y>272</y><time>23-01-21 10:11:08:162</time></pt><pt><x>557</x><y>275</y><time>23-01-21 10:11:08:358</time></pt><pt><x>558</x><y>277</y><time>23-01-21 10:11:08:554</time></pt><pt><x>559</x><y>279</y><time>23-01-21 10:11:08:758</time></pt><pt><x>563</x><y>281</y><time>23-01-21 10:11:09:088</time></pt><pt><x>566</x><y>282</y><time>23-01-21 10:11:09:308</time></pt><pt><x>569</x><y>282</y><time>23-01-21 10:11:09:498</time></pt><pt><x>572</x><y>282</y><time>23-01-21 10:11:09:736</time></pt><pt><x>574</x><y>280</y><time>23-01-21 10:11:10:136</time></pt><pt><x>574</x><y>277</y><time>23-01-21 10:11:10:512</time></pt><pt><x>572</x><y>275</y><time>23-01-21 10:11:10:725</time></pt><pt><x>571</x><y>275</y><time>23-01-21 10:11:10:911</time></pt><pt><x>570</x><y>274</y><time>23-01-21 10:11:11:029</time></pt><pt><x>570</x><y>273</y><time>23-01-21 10:11:11:190</time></pt><pt><x>569</x><y>271</y><time>23-01-21 10:11:11:384</time></pt><pt><x>569</x><y>267</y><time>23-01-21 10:11:11:573</time></pt><pt><x>568</x><y>264</y><time>23-01-21 10:11:11:769</time></pt><pt><x>568</x><y>261</y><time>23-01-21 10:11:11:998</time></pt><pt><x>569</x><y>258</y><time>23-01-21 10:11:12:227</time></pt><pt><x>571</x><y>247</y><time>23-01-21 10:11:13:274</time></pt><pt><x>572</x><y>243</y><time>23-01-21 10:11:13:454</time></pt><pt><x>572</x><y>239</y><time>23-01-21 10:11:13:608</time></pt><pt><x>572</x><y>233</y><time>23-01-21 10:11:13:969</time></pt><pt><x>573</x><y>232</y><time>23-01-21 10:11:14:152</time></pt><pt><x>575</x><y>229</y><time>23-01-21 10:11:14:388</time></pt><pt><x>577</x><y>219</y><time>23-01-21 10:11:15:551</time></pt><pt><x>577</x><y>218</y><time>23-01-21 10:11:15:718</time></pt><pt><x>578</x><y>215</y><time>23-01-21 10:11:15:888</time></pt><pt><x>578</x><y>211</y><time>23-01-21 10:11:16:111</time></pt><pt><x>578</x><y>209</y><time>23-01-21 10:11:16:322</time></pt><pt><x>579</x><y>206</y><time>23-01-21 10:11:16:520</time></pt><pt><x>579</x><y>204</y><time>23-01-21 10:11:16:689</time></pt><pt><x>580</x><y>203</y><time>23-01-21 10:11:16:910</time></pt><pt><x>582</x><y>203</y><time>23-01-21 10:11:17:130</time></pt><pt><x>584</x><y>204</y><time>23-01-21 10:11:17:306</time></pt><pt><x>585</x><y>206</y><time>23-01-21 10:11:17:469</time></pt><pt><x>586</x><y>209</y><time>23-01-21 10:11:17:652</time></pt><pt><x>586</x><y>211</y><time>23-01-21 10:11:17:808</time></pt><pt><x>587</x><y>213</y><time>23-01-21 10:11:17:972</time></pt><pt><x>588</x><y>215</y><time>23-01-21 10:11:18:140</time></pt><pt><x>591</x><y>218</y><time>23-01-21 10:11:18:510</time></pt><pt><x>592</x><y>220</y><time>23-01-21 10:11:18:682</time></pt><pt><x>593</x><y>222</y><time>23-01-21 10:11:18:837</time></pt><pt><x>594</x><y>225</y><time>23-01-21 10:11:19:049</time></pt><pt><x>594</x><y>226</y><time>23-01-21 10:11:19:193</time></pt><pt><x>595</x><y>227</y><time>23-01-21 10:11:19:372</time></pt><pt><x>597</x><y>230</y><time>23-01-21 10:11:19:579</time></pt><pt><x>598</x><y>232</y><time>23-01-21 10:11:19:748</time></pt><pt><x>605</x><y>253</y><time>23-01-21 10:11:21:084</time></pt><pt><x>607</x><y>255</y><time>23-01-21 10:11:21:301</time></pt><pt><x>609</x><y>257</y><time>23-01-21 10:11:21:439</time></pt><pt><x>610</x><y>259</y><time>23-01-21 10:11:21:604</time></pt><pt><x>611</x><y>264</y><time>23-01-21 10:11:21:800</time></pt><pt><x>611</x><y>267</y><time>23-01-21 10:11:21:966</time></pt><pt><x>612</x><y>269</y><time>23-01-21 10:11:22:140</time></pt><pt><x>613</x><y>271</y><time>23-01-21 10:11:22:329</time></pt><pt><x>613</x><y>272</y><time>23-01-21 10:11:22:547</time></pt><pt><x>612</x><y>273</y><time>23-01-21 10:11:22:729</time></pt><pt><x>611</x><y>277</y><time>23-01-21 10:11:24:765</time></pt><pt><x>611</x><y>279</y><time>23-01-21 10:11:24:922</time></pt><pt><x>613</x><y>282</y><time>23-01-21 10:11:25:086</time></pt><pt><x>613</x><y>283</y><time>23-01-21 10:11:25:291</time></pt><pt><x>624</x><y>283</y><time>23-01-21 10:11:27:724</time></pt><pt><x>630</x><y>282</y><time>23-01-21 10:11:27:947</time></pt><pt><x>632</x><y>281</y><time>23-01-21 10:11:28:128</time></pt><pt><x>637</x><y>279</y><time>23-01-21 10:11:28:743</time></pt><pt><x>637</x><y>277</y><time>23-01-21 10:11:28:907</time></pt><pt><x>636</x><y>276</y><time>23-01-21 10:11:29:071</time></pt><pt><x>636</x><y>273</y><time>23-01-21 10:11:29:349</time></pt><pt><x>634</x><y>273</y><time>23-01-21 10:11:29:522</time></pt><pt><x>632</x><y>273</y><time>23-01-21 10:11:29:750</time></pt><pt><x>629</x><y>272</y><time>23-01-21 10:11:29:936</time></pt><pt><x>628</x><y>271</y><time>23-01-21 10:11:30:173</time></pt><pt><x>627</x><y>268</y><time>23-01-21 10:11:30:347</time></pt><pt><x>625</x><y>268</y><time>23-01-21 10:11:30:527</time></pt><pt><x>624</x><y>267</y><time>23-01-21 10:11:30:686</time></pt><pt><x>621</x><y>266</y><time>23-01-21 10:11:31:006</time></pt><pt><x>620</x><y>265</y><time>23-01-21 10:11:31:233</time></pt><pt><x>619</x><y>263</y><time>23-01-21 10:11:31:634</time></pt><pt><x>618</x><y>247</y><time>23-01-21 10:11:32:860</time></pt><pt><x>615</x><y>239</y><time>23-01-21 10:11:33:129</time></pt><pt><x>614</x><y>234</y><time>23-01-21 10:11:33:308</time></pt><pt><x>612</x><y>230</y><time>23-01-21 10:11:33:609</time></pt><pt><x>611</x><y>227</y><time>23-01-21 10:11:33:823</time></pt><pt><x>609</x><y>225</y><time>23-01-21 10:11:34:024</time></pt><pt><x>610</x><y>218</y><time>23-01-21 10:11:35:164</time></pt><pt><x>609</x><y>214</y><time>23-01-21 10:11:35:370</time></pt><pt><x>608</x><y>210</y><time>23-01-21 10:11:35:558</time></pt><pt><x>608</x><y>208</y><time>23-01-21 10:11:35:700</time></pt><pt><x>607</x><y>206</y><time>23-01-21 10:11:35:935</time></pt><pt><x>607</x><y>203</y><time>23-01-21 10:11:36:101</time></pt><pt><x>607</x><y>202</y><time>23-01-21 10:11:36:248</time></pt><pt><x>609</x><y>196</y><time>23-01-21 10:11:36:814</time></pt><pt><x>609</x><y>194</y><time>23-01-21 10:11:36:980</time></pt><pt><x>608</x><y>191</y><time>23-01-21 10:11:37:175</time></pt><pt><x>608</x><y>188</y><time>23-01-21 10:11:37:372</time></pt><pt><x>607</x><y>186</y><time>23-01-21 10:11:37:572</time></pt><pt><x>607</x><y>184</y><time>23-01-21 10:11:37:759</time></pt><pt><x>608</x><y>182</y><time>23-01-21 10:11:37:981</time></pt><pt><x>609</x><y>180</y><time>23-01-21 10:11:38:137</time></pt><pt><x>611</x><y>166</y><time>23-01-21 10:11:39:388</time></pt><pt><x>610</x><y>155</y><time>23-01-21 10:11:39:880</time></pt><pt><x>608</x><y>144</y><time>23-01-21 10:11:40:951</time></pt><pt><x>607</x><y>134</y><time>23-01-21 10:11:41:454</time></pt><pt><x>604</x><y>122</y><time>23-01-21 10:11:42:521</time></pt><pt><x>600</x><y>118</y><time>23-01-21 10:11:42:829</time></pt><pt><x>594</x><y>116</y><time>23-01-21 10:11:43:199</time></pt><pt><x>590</x><y>114</y><time>23-01-21 10:11:43:444</time></pt><pt><x>589</x><y>113</y><time>23-01-21 10:11:43:694</time></pt><pt><x>587</x><y>112</y><time>23-01-21 10:11:43:842</time></pt><pt><x>585</x><y>112</y><time>23-01-21 10:11:52:551</time></pt><pt><x>584</x><y>111</y><time>23-01-21 10:11:52:782</time></pt><pt><x>584</x><y>109</y><time>23-01-21 10:11:52:923</time></pt><pt><x>585</x><y>108</y><time>23-01-21 10:11:53:117</time></pt><pt><x>586</x><y>106</y><time>23-01-21 10:11:54:102</time></pt><pt><x>587</x><y>104</y><time>23-01-21 10:11:54:258</time></pt><pt><x>588</x><y>102</y><time>23-01-21 10:11:54:465</time></pt><pt><x>589</x><y>98</y><time>23-01-21 10:11:54:654</time></pt><pt><x>589</x><y>92</y><time>23-01-21 10:11:55:227</time></pt><pt><x>589</x><y>89</y><time>23-01-21 10:11:55:391</time></pt><pt><x>587</x><y>87</y><time>23-01-21 10:11:55:588</time></pt><pt><x>582</x><y>85</y><time>23-01-21 10:11:56:066</time></pt><closed_date>23-01-21 10:11:56:574</closed_date></polygon></object><object><name>person</name><deleted>0</deleted><verified>0</verified><occluded>no</occluded><attributes></attributes><parts><hasparts></hasparts><ispartof></ispartof></parts><date>23-01-21 10:12:59:468</date><id>1</id><polygon><username>7hao</username><pt><x>494</x><y>73</y><time>23-01-21 10:12:02:999</time></pt><pt><x>489</x><y>69</y><time>23-01-21 10:12:03:308</time></pt><pt><x>482</x><y>67</y><time>23-01-21 10:12:03:750</time></pt><pt><x>478</x><y>67</y><time>23-01-21 10:12:03:946</time></pt><pt><x>473</x><y>69</y><time>23-01-21 10:12:04:135</time></pt><pt><x>470</x><y>73</y><time>23-01-21 10:12:04:442</time></pt><pt><x>468</x><y>77</y><time>23-01-21 10:12:04:718</time></pt><pt><x>468</x><y>80</y><time>23-01-21 10:12:04:922</time></pt><pt><x>466</x><y>82</y><time>23-01-21 10:12:05:156</time></pt><pt><x>465</x><y>84</y><time>23-01-21 10:12:05:328</time></pt><pt><x>466</x><y>87</y><time>23-01-21 10:12:05:532</time></pt><pt><x>467</x><y>90</y><time>23-01-21 10:12:05:763</time></pt><pt><x>467</x><y>93</y><time>23-01-21 10:12:05:929</time></pt><pt><x>468</x><y>96</y><time>23-01-21 10:12:06:074</time></pt><pt><x>469</x><y>98</y><time>23-01-21 10:12:06:248</time></pt><pt><x>470</x><y>100</y><time>23-01-21 10:12:06:438</time></pt><pt><x>470</x><y>101</y><time>23-01-21 10:12:06:639</time></pt><pt><x>464</x><y>104</y><time>23-01-21 10:12:08:079</time></pt><pt><x>461</x><y>105</y><time>23-01-21 10:12:08:300</time></pt><pt><x>459</x><y>107</y><time>23-01-21 10:12:08:479</time></pt><pt><x>455</x><y>114</y><time>23-01-21 10:12:08:788</time></pt><pt><x>451</x><y>122</y><time>23-01-21 10:12:09:140</time></pt><pt><x>449</x><y>131</y><time>23-01-21 10:12:09:434</time></pt><pt><x>445</x><y>140</y><time>23-01-21 10:12:09:739</time></pt><pt><x>443</x><y>149</y><time>23-01-21 10:12:10:389</time></pt><pt><x>440</x><y>169</y><time>23-01-21 10:12:11:615</time></pt><pt><x>440</x><y>172</y><time>23-01-21 10:12:11:839</time></pt><pt><x>440</x><y>175</y><time>23-01-21 10:12:12:050</time></pt><pt><x>441</x><y>179</y><time>23-01-21 10:12:12:230</time></pt><pt><x>440</x><y>183</y><time>23-01-21 10:12:15:060</time></pt><pt><x>440</x><y>185</y><time>23-01-21 10:12:15:226</time></pt><pt><x>441</x><y>188</y><time>23-01-21 10:12:15:398</time></pt><pt><x>443</x><y>189</y><time>23-01-21 10:12:15:586</time></pt><pt><x>446</x><y>190</y><time>23-01-21 10:12:15:769</time></pt><pt><x>448</x><y>189</y><time>23-01-21 10:12:16:042</time></pt><pt><x>448</x><y>186</y><time>23-01-21 10:12:16:253</time></pt><pt><x>449</x><y>183</y><time>23-01-21 10:12:16:530</time></pt><pt><x>449</x><y>181</y><time>23-01-21 10:12:16:725</time></pt><pt><x>449</x><y>180</y><time>23-01-21 10:12:16:909</time></pt><pt><x>450</x><y>177</y><time>23-01-21 10:12:17:167</time></pt><pt><x>451</x><y>171</y><time>23-01-21 10:12:17:506</time></pt><pt><x>454</x><y>165</y><time>23-01-21 10:12:17:702</time></pt><pt><x>456</x><y>159</y><time>23-01-21 10:12:17:922</time></pt><pt><x>459</x><y>153</y><time>23-01-21 10:12:18:143</time></pt><pt><x>462</x><y>145</y><time>23-01-21 10:12:18:949</time></pt><pt><x>464</x><y>158</y><time>23-01-21 10:12:19:502</time></pt><pt><x>462</x><y>161</y><time>23-01-21 10:12:19:786</time></pt><pt><x>461</x><y>163</y><time>23-01-21 10:12:19:880</time></pt><pt><x>461</x><y>167</y><time>23-01-21 10:12:20:208</time></pt><pt><x>462</x><y>168</y><time>23-01-21 10:12:20:352</time></pt><pt><x>462</x><y>172</y><time>23-01-21 10:12:20:517</time></pt><pt><x>463</x><y>176</y><time>23-01-21 10:12:20:680</time></pt><pt><x>463</x><y>180</y><time>23-01-21 10:12:20:909</time></pt><pt><x>463</x><y>183</y><time>23-01-21 10:12:21:092</time></pt><pt><x>463</x><y>189</y><time>23-01-21 10:12:21:436</time></pt><pt><x>463</x><y>192</y><time>23-01-21 10:12:21:647</time></pt><pt><x>463</x><y>193</y><time>23-01-21 10:12:21:828</time></pt><pt><x>465</x><y>200</y><time>23-01-21 10:12:24:156</time></pt><pt><x>466</x><y>202</y><time>23-01-21 10:12:24:330</time></pt><pt><x>467</x><y>206</y><time>23-01-21 10:12:24:487</time></pt><pt><x>468</x><y>211</y><time>23-01-21 10:12:24:650</time></pt><pt><x>473</x><y>232</y><time>23-01-21 10:12:29:274</time></pt><pt><x>474</x><y>236</y><time>23-01-21 10:12:29:462</time></pt><pt><x>474</x><y>240</y><time>23-01-21 10:12:29:637</time></pt><pt><x>475</x><y>245</y><time>23-01-21 10:12:29:850</time></pt><pt><x>480</x><y>271</y><time>23-01-21 10:12:30:973</time></pt><pt><x>481</x><y>276</y><time>23-01-21 10:12:31:145</time></pt><pt><x>482</x><y>279</y><time>23-01-21 10:12:31:310</time></pt><pt><x>483</x><y>280</y><time>23-01-21 10:12:31:413</time></pt><pt><x>483</x><y>283</y><time>23-01-21 10:12:31:531</time></pt><pt><x>481</x><y>286</y><time>23-01-21 10:12:31:709</time></pt><pt><x>480</x><y>287</y><time>23-01-21 10:12:31:853</time></pt><pt><x>477</x><y>289</y><time>23-01-21 10:12:32:978</time></pt><pt><x>476</x><y>291</y><time>23-01-21 10:12:33:143</time></pt><pt><x>476</x><y>293</y><time>23-01-21 10:12:33:338</time></pt><pt><x>477</x><y>294</y><time>23-01-21 10:12:33:498</time></pt><pt><x>480</x><y>295</y><time>23-01-21 10:12:33:701</time></pt><pt><x>483</x><y>296</y><time>23-01-21 10:12:33:872</time></pt><pt><x>487</x><y>297</y><time>23-01-21 10:12:34:055</time></pt><pt><x>493</x><y>297</y><time>23-01-21 10:12:34:210</time></pt><pt><x>496</x><y>298</y><time>23-01-21 10:12:34:422</time></pt><pt><x>497</x><y>297</y><time>23-01-21 10:12:34:587</time></pt><pt><x>498</x><y>296</y><time>23-01-21 10:12:34:761</time></pt><pt><x>499</x><y>293</y><time>23-01-21 10:12:35:022</time></pt><pt><x>501</x><y>292</y><time>23-01-21 10:12:35:155</time></pt><pt><x>504</x><y>292</y><time>23-01-21 10:12:35:425</time></pt><pt><x>505</x><y>292</y><time>23-01-21 10:12:35:617</time></pt><pt><x>507</x><y>289</y><time>23-01-21 10:12:35:973</time></pt><pt><x>506</x><y>287</y><time>23-01-21 10:12:36:178</time></pt><pt><x>504</x><y>282</y><time>23-01-21 10:12:36:348</time></pt><pt><x>502</x><y>279</y><time>23-01-21 10:12:36:482</time></pt><pt><x>502</x><y>274</y><time>23-01-21 10:12:36:685</time></pt><pt><x>504</x><y>253</y><time>23-01-21 10:12:37:655</time></pt><pt><x>504</x><y>243</y><time>23-01-21 10:12:37:937</time></pt><pt><x>502</x><y>234</y><time>23-01-21 10:12:38:244</time></pt><pt><x>501</x><y>229</y><time>23-01-21 10:12:39:219</time></pt><pt><x>501</x><y>227</y><time>23-01-21 10:12:39:344</time></pt><pt><x>502</x><y>221</y><time>23-01-21 10:12:39:524</time></pt><pt><x>503</x><y>216</y><time>23-01-21 10:12:39:716</time></pt><pt><x>505</x><y>198</y><time>23-01-21 10:12:40:815</time></pt><pt><x>506</x><y>190</y><time>23-01-21 10:12:41:459</time></pt><pt><x>507</x><y>185</y><time>23-01-21 10:12:41:709</time></pt><pt><x>508</x><y>177</y><time>23-01-21 10:12:42:937</time></pt><pt><x>510</x><y>181</y><time>23-01-21 10:12:43:590</time></pt><pt><x>510</x><y>185</y><time>23-01-21 10:12:43:951</time></pt><pt><x>510</x><y>187</y><time>23-01-21 10:12:44:124</time></pt><pt><x>509</x><y>189</y><time>23-01-21 10:12:44:289</time></pt><pt><x>508</x><y>190</y><time>23-01-21 10:12:44:454</time></pt><pt><x>507</x><y>193</y><time>23-01-21 10:12:44:618</time></pt><pt><x>506</x><y>198</y><time>23-01-21 10:12:45:186</time></pt><pt><x>506</x><y>201</y><time>23-01-21 10:12:45:444</time></pt><pt><x>508</x><y>203</y><time>23-01-21 10:12:46:499</time></pt><pt><x>510</x><y>203</y><time>23-01-21 10:12:46:710</time></pt><pt><x>513</x><y>201</y><time>23-01-21 10:12:46:882</time></pt><pt><x>514</x><y>200</y><time>23-01-21 10:12:47:080</time></pt><pt><x>516</x><y>198</y><time>23-01-21 10:12:47:316</time></pt><pt><x>517</x><y>192</y><time>23-01-21 10:12:47:685</time></pt><pt><x>517</x><y>190</y><time>23-01-21 10:12:47:866</time></pt><pt><x>521</x><y>177</y><time>23-01-21 10:12:48:904</time></pt><pt><x>521</x><y>164</y><time>23-01-21 10:12:49:918</time></pt><pt><x>521</x><y>157</y><time>23-01-21 10:12:50:132</time></pt><pt><x>522</x><y>136</y><time>23-01-21 10:12:51:095</time></pt><pt><x>521</x><y>127</y><time>23-01-21 10:12:51:316</time></pt><pt><x>520</x><y>121</y><time>23-01-21 10:12:51:521</time></pt><pt><x>517</x><y>111</y><time>23-01-21 10:12:52:523</time></pt><pt><x>515</x><y>108</y><time>23-01-21 10:12:52:709</time></pt><pt><x>509</x><y>106</y><time>23-01-21 10:12:52:922</time></pt><pt><x>505</x><y>104</y><time>23-01-21 10:12:53:141</time></pt><pt><x>499</x><y>101</y><time>23-01-21 10:12:53:360</time></pt><pt><x>496</x><y>100</y><time>23-01-21 10:12:53:526</time></pt><pt><x>494</x><y>100</y><time>23-01-21 10:12:53:706</time></pt><pt><x>491</x><y>99</y><time>23-01-21 10:12:53:871</time></pt><pt><x>491</x><y>97</y><time>23-01-21 10:12:54:164</time></pt><pt><x>491</x><y>96</y><time>23-01-21 10:12:54:288</time></pt><pt><x>494</x><y>93</y><time>23-01-21 10:12:54:526</time></pt><pt><x>496</x><y>91</y><time>23-01-21 10:12:54:746</time></pt><pt><x>499</x><y>87</y><time>23-01-21 10:12:55:862</time></pt><pt><x>499</x><y>83</y><time>23-01-21 10:12:56:040</time></pt><pt><x>499</x><y>78</y><time>23-01-21 10:12:56:214</time></pt><pt><x>498</x><y>76</y><time>23-01-21 10:12:56:378</time></pt><pt><x>496</x><y>74</y><time>23-01-21 10:12:56:614</time></pt><closed_date>23-01-21 10:12:57:127</closed_date></polygon></object><object><name>person</name><deleted>0</deleted><verified>0</verified><occluded>no</occluded><attributes></attributes><parts><hasparts></hasparts><ispartof></ispartof></parts><date>23-01-21 10:14:12:318</date><id>2</id><polygon><username>7hao</username><pt><x>315</x><y>36</y><time>23-01-21 10:13:10:539</time></pt><pt><x>310</x><y>32</y><time>23-01-21 10:13:11:075</time></pt><pt><x>302</x><y>30</y><time>23-01-21 10:13:13:149</time></pt><pt><x>299</x><y>31</y><time>23-01-21 10:13:13:370</time></pt><pt><x>293</x><y>34</y><time>23-01-21 10:13:13:705</time></pt><pt><x>290</x><y>36</y><time>23-01-21 10:13:13:905</time></pt><pt><x>288</x><y>44</y><time>23-01-21 10:13:14:453</time></pt><pt><x>287</x><y>49</y><time>23-01-21 10:13:14:745</time></pt><pt><x>287</x><y>51</y><time>23-01-21 10:13:14:925</time></pt><pt><x>288</x><y>54</y><time>23-01-21 10:13:15:114</time></pt><pt><x>289</x><y>58</y><time>23-01-21 10:13:15:302</time></pt><pt><x>291</x><y>64</y><time>23-01-21 10:13:15:663</time></pt><pt><x>289</x><y>65</y><time>23-01-21 10:13:16:018</time></pt><pt><x>286</x><y>66</y><time>23-01-21 10:13:16:206</time></pt><pt><x>282</x><y>69</y><time>23-01-21 10:13:21:970</time></pt><pt><x>279</x><y>71</y><time>23-01-21 10:13:22:354</time></pt><pt><x>277</x><y>72</y><time>23-01-21 10:13:22:528</time></pt><pt><x>275</x><y>73</y><time>23-01-21 10:13:22:688</time></pt><pt><x>272</x><y>76</y><time>23-01-21 10:13:22:851</time></pt><pt><x>268</x><y>82</y><time>23-01-21 10:13:23:086</time></pt><pt><x>266</x><y>86</y><time>23-01-21 10:13:23:314</time></pt><pt><x>265</x><y>90</y><time>23-01-21 10:13:23:520</time></pt><pt><x>265</x><y>95</y><time>23-01-21 10:13:23:710</time></pt><pt><x>266</x><y>110</y><time>23-01-21 10:13:24:842</time></pt><pt><x>266</x><y>117</y><time>23-01-21 10:13:25:022</time></pt><pt><x>265</x><y>122</y><time>23-01-21 10:13:25:192</time></pt><pt><x>264</x><y>126</y><time>23-01-21 10:13:25:529</time></pt><pt><x>264</x><y>127</y><time>23-01-21 10:13:25:682</time></pt><pt><x>266</x><y>133</y><time>23-01-21 10:13:26:787</time></pt><pt><x>267</x><y>135</y><time>23-01-21 10:13:26:955</time></pt><pt><x>267</x><y>141</y><time>23-01-21 10:13:27:118</time></pt><pt><x>267</x><y>150</y><time>23-01-21 10:13:27:448</time></pt><pt><x>267</x><y>153</y><time>23-01-21 10:13:27:631</time></pt><pt><x>268</x><y>156</y><time>23-01-21 10:13:27:819</time></pt><pt><x>268</x><y>160</y><time>23-01-21 10:13:27:976</time></pt><pt><x>268</x><y>161</y><time>23-01-21 10:13:28:140</time></pt><pt><x>268</x><y>171</y><time>23-01-21 10:13:29:421</time></pt><pt><x>268</x><y>175</y><time>23-01-21 10:13:29:589</time></pt><pt><x>269</x><y>177</y><time>23-01-21 10:13:29:754</time></pt><pt><x>270</x><y>181</y><time>23-01-21 10:13:29:919</time></pt><pt><x>272</x><y>186</y><time>23-01-21 10:13:30:099</time></pt><pt><x>273</x><y>190</y><time>23-01-21 10:13:30:295</time></pt><pt><x>274</x><y>192</y><time>23-01-21 10:13:30:476</time></pt><pt><x>275</x><y>194</y><time>23-01-21 10:13:30:698</time></pt><pt><x>278</x><y>206</y><time>23-01-21 10:13:32:078</time></pt><pt><x>279</x><y>210</y><time>23-01-21 10:13:32:252</time></pt><pt><x>281</x><y>215</y><time>23-01-21 10:13:32:440</time></pt><pt><x>282</x><y>220</y><time>23-01-21 10:13:32:633</time></pt><pt><x>284</x><y>228</y><time>23-01-21 10:13:33:950</time></pt><pt><x>284</x><y>232</y><time>23-01-21 10:13:34:146</time></pt><pt><x>281</x><y>235</y><time>23-01-21 10:13:34:430</time></pt><pt><x>279</x><y>237</y><time>23-01-21 10:13:34:586</time></pt><pt><x>278</x><y>240</y><time>23-01-21 10:13:34:737</time></pt><pt><x>276</x><y>253</y><time>23-01-21 10:13:35:591</time></pt><pt><x>276</x><y>259</y><time>23-01-21 10:13:35:768</time></pt><pt><x>276</x><y>266</y><time>23-01-21 10:13:35:914</time></pt><pt><x>276</x><y>272</y><time>23-01-21 10:13:36:105</time></pt><pt><x>274</x><y>278</y><time>23-01-21 10:13:36:339</time></pt><pt><x>273</x><y>282</y><time>23-01-21 10:13:36:536</time></pt><pt><x>272</x><y>285</y><time>23-01-21 10:13:36:675</time></pt><pt><x>271</x><y>287</y><time>23-01-21 10:13:37:831</time></pt><pt><x>270</x><y>291</y><time>23-01-21 10:13:38:115</time></pt><pt><x>270</x><y>292</y><time>23-01-21 10:13:38:271</time></pt><pt><x>269</x><y>294</y><time>23-01-21 10:13:38:429</time></pt><pt><x>268</x><y>297</y><time>23-01-21 10:13:38:587</time></pt><pt><x>267</x><y>303</y><time>23-01-21 10:13:38:829</time></pt><pt><x>267</x><y>307</y><time>23-01-21 10:13:39:019</time></pt><pt><x>268</x><y>310</y><time>23-01-21 10:13:39:255</time></pt><pt><x>272</x><y>311</y><time>23-01-21 10:13:39:467</time></pt><pt><x>275</x><y>311</y><time>23-01-21 10:13:39:663</time></pt><pt><x>280</x><y>311</y><time>23-01-21 10:13:39:843</time></pt><pt><x>303</x><y>312</y><time>23-01-21 10:13:46:441</time></pt><pt><x>309</x><y>311</y><time>23-01-21 10:13:46:643</time></pt><pt><x>312</x><y>307</y><time>23-01-21 10:13:46:982</time></pt><pt><x>309</x><y>303</y><time>23-01-21 10:13:47:392</time></pt><pt><x>306</x><y>302</y><time>23-01-21 10:13:47:588</time></pt><pt><x>302</x><y>301</y><time>23-01-21 10:13:47:763</time></pt><pt><x>299</x><y>299</y><time>23-01-21 10:13:47:989</time></pt><pt><x>298</x><y>294</y><time>23-01-21 10:13:48:186</time></pt><pt><x>299</x><y>290</y><time>23-01-21 10:13:48:368</time></pt><pt><x>300</x><y>287</y><time>23-01-21 10:13:48:555</time></pt><pt><x>301</x><y>283</y><time>23-01-21 10:13:48:753</time></pt><pt><x>301</x><y>270</y><time>23-01-21 10:13:50:373</time></pt><pt><x>302</x><y>268</y><time>23-01-21 10:13:50:552</time></pt><pt><x>305</x><y>263</y><time>23-01-21 10:13:50:717</time></pt><pt><x>307</x><y>256</y><time>23-01-21 10:13:50:977</time></pt><pt><x>309</x><y>253</y><time>23-01-21 10:13:51:069</time></pt><pt><x>311</x><y>245</y><time>23-01-21 10:13:51:314</time></pt><pt><x>311</x><y>243</y><time>23-01-21 10:13:51:651</time></pt><pt><x>314</x><y>225</y><time>23-01-21 10:13:52:800</time></pt><pt><x>315</x><y>220</y><time>23-01-21 10:13:53:012</time></pt><pt><x>319</x><y>197</y><time>23-01-21 10:13:53:987</time></pt><pt><x>318</x><y>190</y><time>23-01-21 10:13:54:177</time></pt><pt><x>316</x><y>176</y><time>23-01-21 10:13:55:495</time></pt><pt><x>317</x><y>173</y><time>23-01-21 10:13:55:638</time></pt><pt><x>318</x><y>170</y><time>23-01-21 10:13:55:787</time></pt><pt><x>320</x><y>168</y><time>23-01-21 10:13:55:961</time></pt><pt><x>321</x><y>167</y><time>23-01-21 10:13:56:173</time></pt><pt><x>324</x><y>169</y><time>23-01-21 10:13:56:369</time></pt><pt><x>327</x><y>172</y><time>23-01-21 10:13:56:526</time></pt><pt><x>330</x><y>175</y><time>23-01-21 10:13:56:705</time></pt><pt><x>333</x><y>180</y><time>23-01-21 10:13:56:918</time></pt><pt><x>336</x><y>183</y><time>23-01-21 10:13:57:052</time></pt><pt><x>337</x><y>185</y><time>23-01-21 10:13:57:210</time></pt><pt><x>340</x><y>186</y><time>23-01-21 10:13:57:392</time></pt><pt><x>345</x><y>183</y><time>23-01-21 10:13:57:594</time></pt><pt><x>346</x><y>179</y><time>23-01-21 10:13:57:769</time></pt><pt><x>345</x><y>176</y><time>23-01-21 10:13:57:926</time></pt><pt><x>342</x><y>171</y><time>23-01-21 10:13:58:137</time></pt><pt><x>339</x><y>167</y><time>23-01-21 10:13:58:350</time></pt><pt><x>329</x><y>149</y><time>23-01-21 10:13:59:630</time></pt><pt><x>325</x><y>144</y><time>23-01-21 10:13:59:834</time></pt><pt><x>324</x><y>138</y><time>23-01-21 10:14:00:024</time></pt><pt><x>324</x><y>134</y><time>23-01-21 10:14:00:188</time></pt><pt><x>321</x><y>107</y><time>23-01-21 10:14:01:124</time></pt><pt><x>321</x><y>100</y><time>23-01-21 10:14:01:406</time></pt><pt><x>318</x><y>87</y><time>23-01-21 10:14:02:435</time></pt><pt><x>316</x><y>84</y><time>23-01-21 10:14:02:640</time></pt><pt><x>312</x><y>82</y><time>23-01-21 10:14:02:830</time></pt><pt><x>309</x><y>79</y><time>23-01-21 10:14:03:036</time></pt><pt><x>309</x><y>76</y><time>23-01-21 10:14:03:238</time></pt><pt><x>311</x><y>74</y><time>23-01-21 10:14:03:428</time></pt><pt><x>317</x><y>71</y><time>23-01-21 10:14:03:767</time></pt><pt><x>318</x><y>70</y><time>23-01-21 10:14:03:930</time></pt><pt><x>319</x><y>70</y><time>23-01-21 10:14:04:150</time></pt><pt><x>321</x><y>68</y><time>23-01-21 10:14:04:301</time></pt><pt><x>322</x><y>59</y><time>23-01-21 10:14:05:463</time></pt><pt><x>323</x><y>56</y><time>23-01-21 10:14:05:644</time></pt><pt><x>323</x><y>52</y><time>23-01-21 10:14:06:030</time></pt><pt><x>323</x><y>50</y><time>23-01-21 10:14:06:220</time></pt><pt><x>322</x><y>47</y><time>23-01-21 10:14:06:415</time></pt><pt><x>321</x><y>44</y><time>23-01-21 10:14:06:618</time></pt><pt><x>319</x><y>41</y><time>23-01-21 10:14:06:912</time></pt><pt><x>317</x><y>38</y><time>23-01-21 10:14:07:209</time></pt><closed_date>23-01-21 10:14:10:290</closed_date></polygon></object></annotation>