<annotation><filename>frame0042.jpg</filename><folder>users/lab605//7hao/human_20210119_4</folder><source><submittedBy>lab605</submittedBy></source><imagesize><nrows>480</nrows><ncols>640</ncols></imagesize><object><name>person</name><deleted>0</deleted><verified>0</verified><occluded>no</occluded><attributes></attributes><parts><hasparts></hasparts><ispartof></ispartof></parts><date>25-01-21 20:29:30:136</date><id>0</id><polygon><username>7hao</username><pt><x>330</x><y>66</y><time>25-01-21 20:28:20:051</time></pt><pt><x>325</x><y>65</y><time>25-01-21 20:28:20:295</time></pt><pt><x>323</x><y>67</y><time>25-01-21 20:28:20:609</time></pt><pt><x>318</x><y>71</y><time>25-01-21 20:28:20:900</time></pt><pt><x>316</x><y>75</y><time>25-01-21 20:28:21:089</time></pt><pt><x>316</x><y>79</y><time>25-01-21 20:28:21:288</time></pt><pt><x>315</x><y>83</y><time>25-01-21 20:28:21:537</time></pt><pt><x>315</x><y>87</y><time>25-01-21 20:28:21:712</time></pt><pt><x>315</x><y>91</y><time>25-01-21 20:28:21:907</time></pt><pt><x>317</x><y>95</y><time>25-01-21 20:28:22:111</time></pt><pt><x>318</x><y>97</y><time>25-01-21 20:28:22:309</time></pt><pt><x>319</x><y>99</y><time>25-01-21 20:28:22:489</time></pt><pt><x>320</x><y>103</y><time>25-01-21 20:28:22:685</time></pt><pt><x>320</x><y>105</y><time>25-01-21 20:28:22:867</time></pt><pt><x>318</x><y>109</y><time>25-01-21 20:28:23:136</time></pt><pt><x>315</x><y>111</y><time>25-01-21 20:28:23:326</time></pt><pt><x>311</x><y>114</y><time>25-01-21 20:28:23:637</time></pt><pt><x>309</x><y>120</y><time>25-01-21 20:28:23:983</time></pt><pt><x>304</x><y>137</y><time>25-01-21 20:28:26:037</time></pt><pt><x>302</x><y>144</y><time>25-01-21 20:28:26:345</time></pt><pt><x>299</x><y>150</y><time>25-01-21 20:28:26:641</time></pt><pt><x>291</x><y>165</y><time>25-01-21 20:28:39:329</time></pt><pt><x>285</x><y>175</y><time>25-01-21 20:28:40:766</time></pt><pt><x>281</x><y>180</y><time>25-01-21 20:28:41:421</time></pt><pt><x>280</x><y>182</y><time>25-01-21 20:28:41:759</time></pt><pt><x>279</x><y>185</y><time>25-01-21 20:28:41:941</time></pt><pt><x>282</x><y>189</y><time>25-01-21 20:28:42:183</time></pt><pt><x>285</x><y>191</y><time>25-01-21 20:28:42:379</time></pt><pt><x>291</x><y>191</y><time>25-01-21 20:28:42:607</time></pt><pt><x>293</x><y>188</y><time>25-01-21 20:28:42:820</time></pt><pt><x>293</x><y>185</y><time>25-01-21 20:28:43:032</time></pt><pt><x>292</x><y>182</y><time>25-01-21 20:28:43:205</time></pt><pt><x>293</x><y>179</y><time>25-01-21 20:28:43:410</time></pt><pt><x>298</x><y>173</y><time>25-01-21 20:28:43:661</time></pt><pt><x>305</x><y>165</y><time>25-01-21 20:28:44:132</time></pt><pt><x>310</x><y>156</y><time>25-01-21 20:28:44:581</time></pt><pt><x>313</x><y>148</y><time>25-01-21 20:28:45:328</time></pt><pt><x>314</x><y>167</y><time>25-01-21 20:28:45:801</time></pt><pt><x>314</x><y>172</y><time>25-01-21 20:28:46:061</time></pt><pt><x>312</x><y>178</y><time>25-01-21 20:28:46:241</time></pt><pt><x>311</x><y>185</y><time>25-01-21 20:28:46:533</time></pt><pt><x>311</x><y>195</y><time>25-01-21 20:28:46:815</time></pt><pt><x>314</x><y>207</y><time>25-01-21 20:28:47:201</time></pt><pt><x>315</x><y>216</y><time>25-01-21 20:28:47:585</time></pt><pt><x>315</x><y>227</y><time>25-01-21 20:28:52:195</time></pt><pt><x>315</x><y>239</y><time>25-01-21 20:28:52:692</time></pt><pt><x>312</x><y>249</y><time>25-01-21 20:28:53:179</time></pt><pt><x>310</x><y>267</y><time>25-01-21 20:28:54:486</time></pt><pt><x>310</x><y>270</y><time>25-01-21 20:28:54:719</time></pt><pt><x>310</x><y>272</y><time>25-01-21 20:28:54:893</time></pt><pt><x>312</x><y>273</y><time>25-01-21 20:28:55:175</time></pt><pt><x>312</x><y>274</y><time>25-01-21 20:28:55:332</time></pt><pt><x>311</x><y>277</y><time>25-01-21 20:28:55:545</time></pt><pt><x>308</x><y>281</y><time>25-01-21 20:28:55:853</time></pt><pt><x>306</x><y>285</y><time>25-01-21 20:28:56:356</time></pt><pt><x>306</x><y>288</y><time>25-01-21 20:28:56:599</time></pt><pt><x>310</x><y>289</y><time>25-01-21 20:28:56:867</time></pt><pt><x>316</x><y>290</y><time>25-01-21 20:28:57:180</time></pt><pt><x>320</x><y>289</y><time>25-01-21 20:28:57:401</time></pt><pt><x>325</x><y>288</y><time>25-01-21 20:28:57:662</time></pt><pt><x>326</x><y>287</y><time>25-01-21 20:28:57:897</time></pt><pt><x>327</x><y>286</y><time>25-01-21 20:28:58:052</time></pt><pt><x>330</x><y>286</y><time>25-01-21 20:28:58:456</time></pt><pt><x>330</x><y>286</y><time>25-01-21 20:28:58:722</time></pt><pt><x>341</x><y>284</y><time>25-01-21 20:29:03:945</time></pt><pt><x>353</x><y>280</y><time>25-01-21 20:29:04:754</time></pt><pt><x>354</x><y>279</y><time>25-01-21 20:29:05:162</time></pt><pt><x>352</x><y>277</y><time>25-01-21 20:29:05:407</time></pt><pt><x>350</x><y>276</y><time>25-01-21 20:29:05:618</time></pt><pt><x>349</x><y>271</y><time>25-01-21 20:29:06:061</time></pt><pt><x>348</x><y>269</y><time>25-01-21 20:29:06:335</time></pt><pt><x>347</x><y>268</y><time>25-01-21 20:29:06:518</time></pt><pt><x>346</x><y>265</y><time>25-01-21 20:29:06:697</time></pt><pt><x>346</x><y>258</y><time>25-01-21 20:29:07:108</time></pt><pt><x>344</x><y>247</y><time>25-01-21 20:29:08:350</time></pt><pt><x>336</x><y>225</y><time>25-01-21 20:29:12:053</time></pt><pt><x>336</x><y>221</y><time>25-01-21 20:29:12:359</time></pt><pt><x>337</x><y>217</y><time>25-01-21 20:29:12:533</time></pt><pt><x>341</x><y>208</y><time>25-01-21 20:29:12:864</time></pt><pt><x>344</x><y>199</y><time>25-01-21 20:29:14:318</time></pt><pt><x>346</x><y>195</y><time>25-01-21 20:29:14:547</time></pt><pt><x>347</x><y>194</y><time>25-01-21 20:29:14:695</time></pt><pt><x>351</x><y>192</y><time>25-01-21 20:29:14:979</time></pt><pt><x>353</x><y>190</y><time>25-01-21 20:29:15:200</time></pt><pt><x>355</x><y>188</y><time>25-01-21 20:29:15:412</time></pt><pt><x>355</x><y>185</y><time>25-01-21 20:29:15:576</time></pt><pt><x>354</x><y>180</y><time>25-01-21 20:29:15:937</time></pt><pt><x>355</x><y>172</y><time>25-01-21 20:29:16:409</time></pt><pt><x>359</x><y>156</y><time>25-01-21 20:29:17:989</time></pt><pt><x>359</x><y>145</y><time>25-01-21 20:29:18:384</time></pt><pt><x>358</x><y>127</y><time>25-01-21 20:29:18:925</time></pt><pt><x>356</x><y>115</y><time>25-01-21 20:29:19:625</time></pt><pt><x>352</x><y>106</y><time>25-01-21 20:29:20:035</time></pt><pt><x>348</x><y>102</y><time>25-01-21 20:29:20:467</time></pt><pt><x>344</x><y>102</y><time>25-01-21 20:29:20:687</time></pt><pt><x>341</x><y>101</y><time>25-01-21 20:29:20:923</time></pt><pt><x>340</x><y>100</y><time>25-01-21 20:29:21:103</time></pt><pt><x>338</x><y>99</y><time>25-01-21 20:29:21:310</time></pt><pt><x>335</x><y>99</y><time>25-01-21 20:29:21:497</time></pt><pt><x>335</x><y>95</y><time>25-01-21 20:29:21:851</time></pt><pt><x>336</x><y>93</y><time>25-01-21 20:29:22:095</time></pt><pt><x>338</x><y>91</y><time>25-01-21 20:29:22:322</time></pt><pt><x>341</x><y>89</y><time>25-01-21 20:29:22:755</time></pt><pt><x>343</x><y>83</y><time>25-01-21 20:29:24:949</time></pt><pt><x>343</x><y>79</y><time>25-01-21 20:29:25:225</time></pt><pt><x>343</x><y>75</y><time>25-01-21 20:29:25:420</time></pt><pt><x>341</x><y>71</y><time>25-01-21 20:29:25:627</time></pt><pt><x>338</x><y>69</y><time>25-01-21 20:29:25:901</time></pt><pt><x>334</x><y>67</y><time>25-01-21 20:29:26:193</time></pt><pt><x>331</x><y>67</y><time>25-01-21 20:29:26:585</time></pt><closed_date>25-01-21 20:29:26:958</closed_date></polygon></object><object><name>person</name><deleted>0</deleted><verified>0</verified><occluded>no</occluded><attributes></attributes><parts><hasparts></hasparts><ispartof></ispartof></parts><date>25-01-21 20:30:47:360</date><id>1</id><polygon><username>7hao</username><pt><x>498</x><y>40</y><time>25-01-21 20:29:43:391</time></pt><pt><x>493</x><y>47</y><time>25-01-21 20:29:43:808</time></pt><pt><x>492</x><y>60</y><time>25-01-21 20:29:44:225</time></pt><pt><x>492</x><y>84</y><time>25-01-21 20:29:44:681</time></pt><pt><x>491</x><y>94</y><time>25-01-21 20:29:44:986</time></pt><pt><x>488</x><y>101</y><time>25-01-21 20:29:45:279</time></pt><pt><x>486</x><y>108</y><time>25-01-21 20:29:45:593</time></pt><pt><x>490</x><y>123</y><time>25-01-21 20:29:45:853</time></pt><pt><x>493</x><y>141</y><time>25-01-21 20:29:46:648</time></pt><pt><x>499</x><y>148</y><time>25-01-21 20:29:47:009</time></pt><pt><x>502</x><y>158</y><time>25-01-21 20:29:57:311</time></pt><pt><x>505</x><y>164</y><time>25-01-21 20:29:57:593</time></pt><pt><x>508</x><y>170</y><time>25-01-21 20:29:57:797</time></pt><pt><x>513</x><y>178</y><time>25-01-21 20:29:58:010</time></pt><pt><x>517</x><y>186</y><time>25-01-21 20:29:58:277</time></pt><pt><x>520</x><y>197</y><time>25-01-21 20:29:58:521</time></pt><pt><x>520</x><y>206</y><time>25-01-21 20:29:58:749</time></pt><pt><x>519</x><y>218</y><time>25-01-21 20:29:59:111</time></pt><pt><x>515</x><y>232</y><time>25-01-21 20:29:59:433</time></pt><pt><x>511</x><y>264</y><time>25-01-21 20:30:00:708</time></pt><pt><x>510</x><y>288</y><time>25-01-21 20:30:01:085</time></pt><pt><x>507</x><y>305</y><time>25-01-21 20:30:02:160</time></pt><pt><x>504</x><y>312</y><time>25-01-21 20:30:02:493</time></pt><pt><x>503</x><y>315</y><time>25-01-21 20:30:02:643</time></pt><pt><x>507</x><y>317</y><time>25-01-21 20:30:02:841</time></pt><pt><x>509</x><y>321</y><time>25-01-21 20:30:03:059</time></pt><pt><x>508</x><y>329</y><time>25-01-21 20:30:03:413</time></pt><pt><x>509</x><y>332</y><time>25-01-21 20:30:03:625</time></pt><pt><x>512</x><y>333</y><time>25-01-21 20:30:03:796</time></pt><pt><x>531</x><y>335</y><time>25-01-21 20:30:04:183</time></pt><pt><x>556</x><y>338</y><time>25-01-21 20:30:04:684</time></pt><pt><x>572</x><y>337</y><time>25-01-21 20:30:05:087</time></pt><pt><x>575</x><y>333</y><time>25-01-21 20:30:06:076</time></pt><pt><x>572</x><y>329</y><time>25-01-21 20:30:06:377</time></pt><pt><x>567</x><y>325</y><time>25-01-21 20:30:06:650</time></pt><pt><x>563</x><y>322</y><time>25-01-21 20:30:07:202</time></pt><pt><x>555</x><y>313</y><time>25-01-21 20:30:07:518</time></pt><pt><x>549</x><y>302</y><time>25-01-21 20:30:07:769</time></pt><pt><x>547</x><y>290</y><time>25-01-21 20:30:08:019</time></pt><pt><x>550</x><y>272</y><time>25-01-21 20:30:08:404</time></pt><pt><x>556</x><y>243</y><time>25-01-21 20:30:09:137</time></pt><pt><x>564</x><y>214</y><time>25-01-21 20:30:10:521</time></pt><pt><x>566</x><y>198</y><time>25-01-21 20:30:10:842</time></pt><pt><x>566</x><y>191</y><time>25-01-21 20:30:11:079</time></pt><pt><x>562</x><y>174</y><time>25-01-21 20:30:11:455</time></pt><pt><x>562</x><y>161</y><time>25-01-21 20:30:11:825</time></pt><pt><x>565</x><y>153</y><time>25-01-21 20:30:13:405</time></pt><pt><x>566</x><y>142</y><time>25-01-21 20:30:13:649</time></pt><pt><x>567</x><y>135</y><time>25-01-21 20:30:13:814</time></pt><pt><x>568</x><y>126</y><time>25-01-21 20:30:14:059</time></pt><pt><x>570</x><y>117</y><time>25-01-21 20:30:14:255</time></pt><pt><x>571</x><y>109</y><time>25-01-21 20:30:14:545</time></pt><pt><x>573</x><y>104</y><time>25-01-21 20:30:14:780</time></pt><pt><x>578</x><y>102</y><time>25-01-21 20:30:15:126</time></pt><pt><x>581</x><y>104</y><time>25-01-21 20:30:15:435</time></pt><pt><x>583</x><y>105</y><time>25-01-21 20:30:15:617</time></pt><pt><x>585</x><y>107</y><time>25-01-21 20:30:15:804</time></pt><pt><x>594</x><y>115</y><time>25-01-21 20:30:22:760</time></pt><pt><x>598</x><y>120</y><time>25-01-21 20:30:23:022</time></pt><pt><x>601</x><y>120</y><time>25-01-21 20:30:23:203</time></pt><pt><x>605</x><y>124</y><time>25-01-21 20:30:23:361</time></pt><pt><x>609</x><y>127</y><time>25-01-21 20:30:23:533</time></pt><pt><x>611</x><y>133</y><time>25-01-21 20:30:23:816</time></pt><pt><x>611</x><y>137</y><time>25-01-21 20:30:24:021</time></pt><pt><x>607</x><y>139</y><time>25-01-21 20:30:24:289</time></pt><pt><x>605</x><y>141</y><time>25-01-21 20:30:24:407</time></pt><pt><x>610</x><y>146</y><time>25-01-21 20:30:24:579</time></pt><pt><x>620</x><y>147</y><time>25-01-21 20:30:24:831</time></pt><pt><x>624</x><y>146</y><time>25-01-21 20:30:25:034</time></pt><pt><x>626</x><y>139</y><time>25-01-21 20:30:25:230</time></pt><pt><x>626</x><y>132</y><time>25-01-21 20:30:25:396</time></pt><pt><x>622</x><y>126</y><time>25-01-21 20:30:28:023</time></pt><pt><x>619</x><y>123</y><time>25-01-21 20:30:28:275</time></pt><pt><x>615</x><y>117</y><time>25-01-21 20:30:28:447</time></pt><pt><x>612</x><y>111</y><time>25-01-21 20:30:28:605</time></pt><pt><x>609</x><y>104</y><time>25-01-21 20:30:28:864</time></pt><pt><x>597</x><y>83</y><time>25-01-21 20:30:30:013</time></pt><pt><x>584</x><y>64</y><time>25-01-21 20:30:31:458</time></pt><pt><x>578</x><y>48</y><time>25-01-21 20:30:31:797</time></pt><pt><x>573</x><y>34</y><time>25-01-21 20:30:32:671</time></pt><pt><x>568</x><y>21</y><time>25-01-21 20:30:33:952</time></pt><pt><x>565</x><y>14</y><time>25-01-21 20:30:34:250</time></pt><pt><x>562</x><y>9</y><time>25-01-21 20:30:34:573</time></pt><pt><x>560</x><y>6</y><time>25-01-21 20:30:34:871</time></pt><pt><x>560</x><y>3</y><time>25-01-21 20:30:35:232</time></pt><pt><x>560</x><y>0</y><time>25-01-21 20:30:35:627</time></pt><pt><x>520</x><y>0</y><time>25-01-21 20:30:41:868</time></pt><pt><x>517</x><y>2</y><time>25-01-21 20:30:42:483</time></pt><pt><x>512</x><y>6</y><time>25-01-21 20:30:42:704</time></pt><pt><x>509</x><y>9</y><time>25-01-21 20:30:42:860</time></pt><pt><x>505</x><y>16</y><time>25-01-21 20:30:43:127</time></pt><pt><x>502</x><y>21</y><time>25-01-21 20:30:43:577</time></pt><pt><x>500</x><y>27</y><time>25-01-21 20:30:43:819</time></pt><pt><x>499</x><y>32</y><time>25-01-21 20:30:44:119</time></pt><pt><x>499</x><y>35</y><time>25-01-21 20:30:44:338</time></pt><closed_date>25-01-21 20:30:44:784</closed_date></polygon></object><object><name>person</name><deleted>0</deleted><verified>0</verified><occluded>no</occluded><attributes></attributes><parts><hasparts></hasparts><ispartof></ispartof></parts><date>25-01-21 20:31:00:153</date><id>2</id><polygon><username>7hao</username><pt><x>507</x><y>275</y><time>25-01-21 20:30:51:299</time></pt><pt><x>503</x><y>280</y><time>25-01-21 20:30:51:755</time></pt><pt><x>499</x><y>286</y><time>25-01-21 20:30:52:272</time></pt><pt><x>493</x><y>289</y><time>25-01-21 20:30:52:611</time></pt><pt><x>491</x><y>290</y><time>25-01-21 20:30:52:846</time></pt><pt><x>493</x><y>293</y><time>25-01-21 20:30:53:335</time></pt><pt><x>497</x><y>294</y><time>25-01-21 20:30:53:616</time></pt><pt><x>503</x><y>294</y><time>25-01-21 20:30:53:918</time></pt><pt><x>507</x><y>293</y><time>25-01-21 20:30:54:600</time></pt><pt><x>508</x><y>290</y><time>25-01-21 20:30:54:993</time></pt><pt><x>509</x><y>275</y><time>25-01-21 20:30:57:069</time></pt><closed_date>25-01-21 20:30:57:618</closed_date></polygon></object><object><name>person</name><deleted>0</deleted><verified>0</verified><occluded>no</occluded><attributes></attributes><parts><hasparts></hasparts><ispartof></ispartof></parts><date>25-01-21 20:31:50:281</date><id>3</id><polygon><username>7hao</username><pt><x>549</x><y>290</y><time>25-01-21 20:31:40:017</time></pt><pt><x>556</x><y>288</y><time>25-01-21 20:31:40:447</time></pt><pt><x>562</x><y>285</y><time>25-01-21 20:31:40:800</time></pt><pt><x>562</x><y>278</y><time>25-01-21 20:31:41:232</time></pt><pt><x>559</x><y>273</y><time>25-01-21 20:31:41:571</time></pt><pt><x>556</x><y>268</y><time>25-01-21 20:31:41:895</time></pt><pt><x>554</x><y>265</y><time>25-01-21 20:31:42:279</time></pt><pt><x>553</x><y>263</y><time>25-01-21 20:31:42:686</time></pt><pt><x>549</x><y>287</y><time>25-01-21 20:31:46:602</time></pt><closed_date>25-01-21 20:31:47:351</closed_date></polygon></object><object><name>person</name><deleted>0</deleted><verified>0</verified><occluded>no</occluded><attributes></attributes><parts><hasparts></hasparts><ispartof></ispartof></parts><date>25-01-21 20:32:21:966</date><id>4</id><polygon><username>7hao</username><pt><x>498</x><y>175</y><time>25-01-21 20:32:00:983</time></pt><pt><x>498</x><y>179</y><time>25-01-21 20:32:01:379</time></pt><pt><x>500</x><y>185</y><time>25-01-21 20:32:01:615</time></pt><pt><x>504</x><y>195</y><time>25-01-21 20:32:02:047</time></pt><pt><x>510</x><y>208</y><time>25-01-21 20:32:02:639</time></pt><pt><x>514</x><y>214</y><time>25-01-21 20:32:03:085</time></pt><pt><x>517</x><y>219</y><time>25-01-21 20:32:03:715</time></pt><pt><x>518</x><y>214</y><time>25-01-21 20:32:04:635</time></pt><pt><x>518</x><y>203</y><time>25-01-21 20:32:05:807</time></pt><pt><x>518</x><y>196</y><time>25-01-21 20:32:06:512</time></pt><pt><x>515</x><y>185</y><time>25-01-21 20:32:08:291</time></pt><pt><x>510</x><y>177</y><time>25-01-21 20:32:09:170</time></pt><pt><x>504</x><y>166</y><time>25-01-21 20:32:10:123</time></pt><pt><x>501</x><y>159</y><time>25-01-21 20:32:10:815</time></pt><pt><x>499</x><y>153</y><time>25-01-21 20:32:12:011</time></pt><pt><x>497</x><y>148</y><time>25-01-21 20:32:12:639</time></pt><pt><x>495</x><y>146</y><time>25-01-21 20:32:13:212</time></pt><pt><x>494</x><y>155</y><time>25-01-21 20:32:13:969</time></pt><pt><x>494</x><y>161</y><time>25-01-21 20:32:14:329</time></pt><pt><x>495</x><y>166</y><time>25-01-21 20:32:14:589</time></pt><pt><x>496</x><y>170</y><time>25-01-21 20:32:14:910</time></pt><pt><x>497</x><y>172</y><time>25-01-21 20:32:15:280</time></pt><closed_date>25-01-21 20:32:15:761</closed_date></polygon></object></annotation>