<annotation><filename>frame0088.jpg</filename><folder>users/lab605//7hao/human_20210119_4</folder><source><submittedBy>lab605</submittedBy></source><imagesize><nrows>480</nrows><ncols>640</ncols></imagesize><object><name>person</name><deleted>0</deleted><verified>0</verified><occluded>no</occluded><attributes></attributes><parts><hasparts></hasparts><ispartof></ispartof></parts><date>27-01-21 20:36:05:269</date><id>0</id><polygon><username>7hao</username><pt><x>152</x><y>0</y><time>27-01-21 20:33:58:643</time></pt><pt><x>150</x><y>4</y><time>27-01-21 20:33:59:965</time></pt><pt><x>149</x><y>6</y><time>27-01-21 20:34:00:451</time></pt><pt><x>149</x><y>9</y><time>27-01-21 20:34:00:813</time></pt><pt><x>149</x><y>11</y><time>27-01-21 20:34:01:106</time></pt><pt><x>148</x><y>14</y><time>27-01-21 20:34:01:536</time></pt><pt><x>144</x><y>17</y><time>27-01-21 20:34:02:266</time></pt><pt><x>139</x><y>20</y><time>27-01-21 20:34:03:045</time></pt><pt><x>130</x><y>26</y><time>27-01-21 20:34:03:532</time></pt><pt><x>127</x><y>34</y><time>27-01-21 20:34:04:059</time></pt><pt><x>123</x><y>43</y><time>27-01-21 20:34:04:553</time></pt><pt><x>122</x><y>54</y><time>27-01-21 20:34:05:000</time></pt><pt><x>121</x><y>73</y><time>27-01-21 20:34:05:755</time></pt><pt><x>122</x><y>94</y><time>27-01-21 20:34:08:736</time></pt><pt><x>123</x><y>103</y><time>27-01-21 20:34:09:272</time></pt><pt><x>125</x><y>110</y><time>27-01-21 20:34:09:590</time></pt><pt><x>129</x><y>119</y><time>27-01-21 20:34:10:041</time></pt><pt><x>134</x><y>126</y><time>27-01-21 20:34:10:505</time></pt><pt><x>133</x><y>132</y><time>27-01-21 20:34:11:768</time></pt><pt><x>135</x><y>139</y><time>27-01-21 20:34:12:208</time></pt><pt><x>138</x><y>142</y><time>27-01-21 20:34:12:606</time></pt><pt><x>141</x><y>144</y><time>27-01-21 20:34:12:915</time></pt><pt><x>143</x><y>146</y><time>27-01-21 20:34:13:127</time></pt><pt><x>144</x><y>152</y><time>27-01-21 20:34:13:474</time></pt><pt><x>144</x><y>162</y><time>27-01-21 20:34:13:975</time></pt><pt><x>146</x><y>174</y><time>27-01-21 20:34:15:279</time></pt><pt><x>147</x><y>181</y><time>27-01-21 20:34:15:625</time></pt><pt><x>146</x><y>187</y><time>27-01-21 20:34:15:783</time></pt><pt><x>145</x><y>192</y><time>27-01-21 20:34:16:019</time></pt><pt><x>145</x><y>196</y><time>27-01-21 20:34:16:178</time></pt><pt><x>145</x><y>199</y><time>27-01-21 20:34:16:403</time></pt><pt><x>149</x><y>199</y><time>27-01-21 20:34:16:680</time></pt><pt><x>153</x><y>201</y><time>27-01-21 20:34:17:041</time></pt><pt><x>153</x><y>204</y><time>27-01-21 20:34:17:380</time></pt><pt><x>153</x><y>210</y><time>27-01-21 20:34:17:536</time></pt><pt><x>153</x><y>219</y><time>27-01-21 20:34:19:549</time></pt><pt><x>151</x><y>223</y><time>27-01-21 20:34:19:729</time></pt><pt><x>150</x><y>228</y><time>27-01-21 20:34:19:894</time></pt><pt><x>148</x><y>241</y><time>27-01-21 20:34:20:257</time></pt><pt><x>148</x><y>256</y><time>27-01-21 20:34:20:727</time></pt><pt><x>151</x><y>271</y><time>27-01-21 20:34:21:176</time></pt><pt><x>155</x><y>289</y><time>27-01-21 20:34:22:464</time></pt><pt><x>157</x><y>293</y><time>27-01-21 20:34:22:708</time></pt><pt><x>157</x><y>299</y><time>27-01-21 20:34:22:864</time></pt><pt><x>157</x><y>303</y><time>27-01-21 20:34:23:087</time></pt><pt><x>156</x><y>307</y><time>27-01-21 20:34:23:234</time></pt><pt><x>155</x><y>311</y><time>27-01-21 20:34:23:377</time></pt><pt><x>154</x><y>319</y><time>27-01-21 20:34:23:691</time></pt><pt><x>154</x><y>325</y><time>27-01-21 20:34:23:918</time></pt><pt><x>154</x><y>328</y><time>27-01-21 20:34:24:124</time></pt><pt><x>159</x><y>329</y><time>27-01-21 20:34:24:382</time></pt><pt><x>168</x><y>327</y><time>27-01-21 20:34:24:697</time></pt><pt><x>171</x><y>327</y><time>27-01-21 20:34:24:978</time></pt><pt><x>175</x><y>324</y><time>27-01-21 20:34:25:183</time></pt><pt><x>179</x><y>323</y><time>27-01-21 20:34:25:559</time></pt><pt><x>181</x><y>319</y><time>27-01-21 20:34:25:779</time></pt><pt><x>180</x><y>315</y><time>27-01-21 20:34:25:968</time></pt><pt><x>177</x><y>309</y><time>27-01-21 20:34:26:423</time></pt><pt><x>172</x><y>302</y><time>27-01-21 20:34:26:745</time></pt><pt><x>169</x><y>294</y><time>27-01-21 20:34:31:597</time></pt><pt><x>168</x><y>287</y><time>27-01-21 20:34:32:028</time></pt><pt><x>170</x><y>277</y><time>27-01-21 20:34:32:587</time></pt><pt><x>173</x><y>261</y><time>27-01-21 20:34:34:023</time></pt><pt><x>174</x><y>248</y><time>27-01-21 20:34:34:528</time></pt><pt><x>174</x><y>242</y><time>27-01-21 20:34:38:638</time></pt><pt><x>173</x><y>236</y><time>27-01-21 20:34:39:054</time></pt><pt><x>174</x><y>231</y><time>27-01-21 20:34:39:393</time></pt><pt><x>177</x><y>220</y><time>27-01-21 20:34:40:020</time></pt><pt><x>179</x><y>209</y><time>27-01-21 20:34:41:975</time></pt><pt><x>180</x><y>199</y><time>27-01-21 20:34:42:810</time></pt><pt><x>180</x><y>196</y><time>27-01-21 20:34:43:147</time></pt><pt><x>181</x><y>192</y><time>27-01-21 20:34:43:328</time></pt><pt><x>182</x><y>185</y><time>27-01-21 20:34:43:590</time></pt><pt><x>183</x><y>182</y><time>27-01-21 20:34:43:823</time></pt><pt><x>184</x><y>178</y><time>27-01-21 20:34:44:200</time></pt><pt><x>187</x><y>181</y><time>27-01-21 20:34:44:563</time></pt><pt><x>189</x><y>185</y><time>27-01-21 20:34:44:742</time></pt><pt><x>190</x><y>189</y><time>27-01-21 20:34:44:985</time></pt><pt><x>190</x><y>192</y><time>27-01-21 20:34:45:144</time></pt><pt><x>190</x><y>197</y><time>27-01-21 20:34:45:457</time></pt><pt><x>190</x><y>200</y><time>27-01-21 20:34:45:654</time></pt><pt><x>191</x><y>201</y><time>27-01-21 20:34:45:827</time></pt><pt><x>193</x><y>203</y><time>27-01-21 20:34:46:000</time></pt><pt><x>195</x><y>205</y><time>27-01-21 20:34:46:219</time></pt><pt><x>196</x><y>208</y><time>27-01-21 20:34:46:449</time></pt><pt><x>197</x><y>211</y><time>27-01-21 20:34:46:660</time></pt><pt><x>198</x><y>215</y><time>27-01-21 20:34:46:850</time></pt><pt><x>199</x><y>221</y><time>27-01-21 20:34:47:054</time></pt><pt><x>199</x><y>222</y><time>27-01-21 20:34:47:257</time></pt><pt><x>197</x><y>226</y><time>27-01-21 20:34:47:455</time></pt><pt><x>196</x><y>230</y><time>27-01-21 20:34:47:625</time></pt><pt><x>191</x><y>241</y><time>27-01-21 20:34:48:139</time></pt><pt><x>191</x><y>248</y><time>27-01-21 20:34:48:414</time></pt><pt><x>191</x><y>255</y><time>27-01-21 20:34:48:618</time></pt><pt><x>189</x><y>263</y><time>27-01-21 20:34:48:948</time></pt><pt><x>186</x><y>268</y><time>27-01-21 20:34:49:238</time></pt><pt><x>179</x><y>276</y><time>27-01-21 20:35:09:531</time></pt><pt><x>176</x><y>280</y><time>27-01-21 20:35:09:893</time></pt><pt><x>172</x><y>283</y><time>27-01-21 20:35:10:207</time></pt><pt><x>171</x><y>288</y><time>27-01-21 20:35:10:516</time></pt><pt><x>171</x><y>291</y><time>27-01-21 20:35:14:431</time></pt><pt><x>172</x><y>294</y><time>27-01-21 20:35:14:813</time></pt><pt><x>174</x><y>297</y><time>27-01-21 20:35:15:168</time></pt><pt><x>177</x><y>301</y><time>27-01-21 20:35:25:047</time></pt><pt><x>182</x><y>305</y><time>27-01-21 20:35:26:611</time></pt><pt><x>183</x><y>308</y><time>27-01-21 20:35:27:145</time></pt><pt><x>184</x><y>310</y><time>27-01-21 20:35:27:351</time></pt><pt><x>186</x><y>314</y><time>27-01-21 20:35:27:800</time></pt><pt><x>189</x><y>318</y><time>27-01-21 20:35:28:106</time></pt><pt><x>194</x><y>322</y><time>27-01-21 20:35:28:523</time></pt><pt><x>201</x><y>324</y><time>27-01-21 20:35:28:907</time></pt><pt><x>208</x><y>324</y><time>27-01-21 20:35:29:284</time></pt><pt><x>211</x><y>322</y><time>27-01-21 20:35:31:918</time></pt><pt><x>211</x><y>316</y><time>27-01-21 20:35:32:121</time></pt><pt><x>211</x><y>311</y><time>27-01-21 20:35:32:507</time></pt><pt><x>207</x><y>305</y><time>27-01-21 20:35:32:695</time></pt><pt><x>203</x><y>297</y><time>27-01-21 20:35:33:292</time></pt><pt><x>201</x><y>291</y><time>27-01-21 20:35:33:489</time></pt><pt><x>200</x><y>285</y><time>27-01-21 20:35:33:713</time></pt><pt><x>200</x><y>281</y><time>27-01-21 20:35:33:881</time></pt><pt><x>203</x><y>271</y><time>27-01-21 20:35:34:212</time></pt><pt><x>211</x><y>259</y><time>27-01-21 20:35:34:779</time></pt><pt><x>219</x><y>242</y><time>27-01-21 20:35:36:089</time></pt><pt><x>221</x><y>230</y><time>27-01-21 20:35:36:859</time></pt><pt><x>224</x><y>217</y><time>27-01-21 20:35:37:299</time></pt><pt><x>225</x><y>205</y><time>27-01-21 20:35:37:771</time></pt><pt><x>226</x><y>187</y><time>27-01-21 20:35:45:764</time></pt><pt><x>226</x><y>185</y><time>27-01-21 20:35:45:991</time></pt><pt><x>227</x><y>182</y><time>27-01-21 20:35:46:151</time></pt><pt><x>229</x><y>177</y><time>27-01-21 20:35:46:446</time></pt><pt><x>229</x><y>161</y><time>27-01-21 20:35:47:413</time></pt><pt><x>230</x><y>156</y><time>27-01-21 20:35:47:784</time></pt><pt><x>230</x><y>153</y><time>27-01-21 20:35:47:941</time></pt><pt><x>230</x><y>149</y><time>27-01-21 20:35:48:113</time></pt><pt><x>231</x><y>144</y><time>27-01-21 20:35:48:350</time></pt><pt><x>232</x><y>141</y><time>27-01-21 20:35:48:529</time></pt><pt><x>234</x><y>137</y><time>27-01-21 20:35:48:704</time></pt><pt><x>235</x><y>134</y><time>27-01-21 20:35:48:899</time></pt><pt><x>236</x><y>131</y><time>27-01-21 20:35:49:112</time></pt><pt><x>238</x><y>121</y><time>27-01-21 20:35:49:626</time></pt><pt><x>238</x><y>97</y><time>27-01-21 20:35:51:281</time></pt><pt><x>235</x><y>74</y><time>27-01-21 20:35:52:239</time></pt><pt><x>230</x><y>48</y><time>27-01-21 20:35:54:495</time></pt><pt><x>226</x><y>31</y><time>27-01-21 20:35:55:174</time></pt><pt><x>221</x><y>20</y><time>27-01-21 20:35:55:925</time></pt><pt><x>215</x><y>14</y><time>27-01-21 20:35:56:468</time></pt><pt><x>208</x><y>11</y><time>27-01-21 20:35:56:908</time></pt><pt><x>206</x><y>9</y><time>27-01-21 20:35:57:253</time></pt><pt><x>205</x><y>5</y><time>27-01-21 20:35:57:505</time></pt><pt><x>206</x><y>2</y><time>27-01-21 20:35:57:858</time></pt><pt><x>207</x><y>0</y><time>27-01-21 20:35:58:195</time></pt><closed_date>27-01-21 20:36:02:191</closed_date></polygon></object><object><name>person</name><deleted>0</deleted><verified>0</verified><occluded>no</occluded><attributes></attributes><parts><hasparts></hasparts><ispartof></ispartof></parts><date>27-01-21 20:37:56:099</date><id>1</id><polygon><username>7hao</username><pt><x>403</x><y>39</y><time>27-01-21 20:36:38:940</time></pt><pt><x>402</x><y>34</y><time>27-01-21 20:36:39:380</time></pt><pt><x>397</x><y>31</y><time>27-01-21 20:36:39:899</time></pt><pt><x>390</x><y>29</y><time>27-01-21 20:36:40:300</time></pt><pt><x>380</x><y>31</y><time>27-01-21 20:36:40:757</time></pt><pt><x>373</x><y>34</y><time>27-01-21 20:36:41:148</time></pt><pt><x>371</x><y>38</y><time>27-01-21 20:36:41:526</time></pt><pt><x>368</x><y>46</y><time>27-01-21 20:36:41:966</time></pt><pt><x>368</x><y>51</y><time>27-01-21 20:36:42:265</time></pt><pt><x>370</x><y>56</y><time>27-01-21 20:36:42:540</time></pt><pt><x>372</x><y>62</y><time>27-01-21 20:36:42:932</time></pt><pt><x>377</x><y>64</y><time>27-01-21 20:36:43:444</time></pt><pt><x>379</x><y>66</y><time>27-01-21 20:36:43:969</time></pt><pt><x>381</x><y>71</y><time>27-01-21 20:36:44:527</time></pt><pt><x>382</x><y>74</y><time>27-01-21 20:36:44:841</time></pt><pt><x>380</x><y>76</y><time>27-01-21 20:36:51:860</time></pt><pt><x>373</x><y>76</y><time>27-01-21 20:36:52:584</time></pt><pt><x>370</x><y>78</y><time>27-01-21 20:36:53:188</time></pt><pt><x>369</x><y>78</y><time>27-01-21 20:36:53:581</time></pt><pt><x>362</x><y>78</y><time>27-01-21 20:36:54:226</time></pt><pt><x>359</x><y>79</y><time>27-01-21 20:36:54:429</time></pt><pt><x>358</x><y>79</y><time>27-01-21 20:36:54:691</time></pt><pt><x>353</x><y>80</y><time>27-01-21 20:36:55:309</time></pt><pt><x>352</x><y>78</y><time>27-01-21 20:36:55:611</time></pt><pt><x>353</x><y>75</y><time>27-01-21 20:36:56:009</time></pt><pt><x>355</x><y>71</y><time>27-01-21 20:36:56:441</time></pt><pt><x>357</x><y>67</y><time>27-01-21 20:36:56:703</time></pt><pt><x>358</x><y>65</y><time>27-01-21 20:36:56:813</time></pt><pt><x>360</x><y>60</y><time>27-01-21 20:36:57:188</time></pt><pt><x>360</x><y>58</y><time>27-01-21 20:36:57:415</time></pt><pt><x>362</x><y>56</y><time>27-01-21 20:36:57:606</time></pt><pt><x>363</x><y>52</y><time>27-01-21 20:36:57:825</time></pt><pt><x>364</x><y>47</y><time>27-01-21 20:36:58:360</time></pt><pt><x>365</x><y>42</y><time>27-01-21 20:36:58:676</time></pt><pt><x>365</x><y>39</y><time>27-01-21 20:36:58:901</time></pt><pt><x>362</x><y>38</y><time>27-01-21 20:36:59:138</time></pt><pt><x>356</x><y>38</y><time>27-01-21 20:36:59:663</time></pt><pt><x>355</x><y>40</y><time>27-01-21 20:36:59:987</time></pt><pt><x>355</x><y>43</y><time>27-01-21 20:37:00:240</time></pt><pt><x>354</x><y>46</y><time>27-01-21 20:37:00:575</time></pt><pt><x>354</x><y>48</y><time>27-01-21 20:37:00:733</time></pt><pt><x>354</x><y>49</y><time>27-01-21 20:37:00:913</time></pt><pt><x>354</x><y>50</y><time>27-01-21 20:37:01:063</time></pt><pt><x>354</x><y>52</y><time>27-01-21 20:37:01:229</time></pt><pt><x>353</x><y>54</y><time>27-01-21 20:37:01:393</time></pt><pt><x>351</x><y>55</y><time>27-01-21 20:37:01:541</time></pt><pt><x>349</x><y>59</y><time>27-01-21 20:37:01:827</time></pt><pt><x>345</x><y>65</y><time>27-01-21 20:37:02:123</time></pt><pt><x>344</x><y>68</y><time>27-01-21 20:37:02:320</time></pt><pt><x>341</x><y>74</y><time>27-01-21 20:37:02:604</time></pt><pt><x>336</x><y>82</y><time>27-01-21 20:37:02:980</time></pt><pt><x>334</x><y>88</y><time>27-01-21 20:37:03:342</time></pt><pt><x>332</x><y>94</y><time>27-01-21 20:37:03:572</time></pt><pt><x>334</x><y>98</y><time>27-01-21 20:37:03:916</time></pt><pt><x>338</x><y>101</y><time>27-01-21 20:37:04:200</time></pt><pt><x>347</x><y>103</y><time>27-01-21 20:37:04:498</time></pt><pt><x>357</x><y>103</y><time>27-01-21 20:37:04:921</time></pt><pt><x>360</x><y>103</y><time>27-01-21 20:37:05:094</time></pt><pt><x>362</x><y>106</y><time>27-01-21 20:37:05:402</time></pt><pt><x>362</x><y>111</y><time>27-01-21 20:37:05:645</time></pt><pt><x>361</x><y>134</y><time>27-01-21 20:37:07:586</time></pt><pt><x>360</x><y>145</y><time>27-01-21 20:37:07:956</time></pt><pt><x>359</x><y>157</y><time>27-01-21 20:37:08:272</time></pt><pt><x>360</x><y>163</y><time>27-01-21 20:37:08:686</time></pt><pt><x>360</x><y>168</y><time>27-01-21 20:37:08:868</time></pt><pt><x>359</x><y>175</y><time>27-01-21 20:37:09:158</time></pt><pt><x>358</x><y>179</y><time>27-01-21 20:37:09:369</time></pt><pt><x>358</x><y>196</y><time>27-01-21 20:37:10:885</time></pt><pt><x>358</x><y>211</y><time>27-01-21 20:37:11:398</time></pt><pt><x>359</x><y>219</y><time>27-01-21 20:37:11:924</time></pt><pt><x>360</x><y>231</y><time>27-01-21 20:37:13:527</time></pt><pt><x>360</x><y>239</y><time>27-01-21 20:37:13:858</time></pt><pt><x>358</x><y>245</y><time>27-01-21 20:37:14:032</time></pt><pt><x>357</x><y>249</y><time>27-01-21 20:37:14:206</time></pt><pt><x>358</x><y>257</y><time>27-01-21 20:37:14:502</time></pt><pt><x>357</x><y>266</y><time>27-01-21 20:37:14:902</time></pt><pt><x>357</x><y>272</y><time>27-01-21 20:37:16:184</time></pt><pt><x>356</x><y>278</y><time>27-01-21 20:37:16:332</time></pt><pt><x>355</x><y>281</y><time>27-01-21 20:37:16:490</time></pt><pt><x>357</x><y>286</y><time>27-01-21 20:37:16:641</time></pt><pt><x>357</x><y>287</y><time>27-01-21 20:37:16:811</time></pt><pt><x>356</x><y>294</y><time>27-01-21 20:37:17:080</time></pt><pt><x>354</x><y>300</y><time>27-01-21 20:37:17:448</time></pt><pt><x>350</x><y>305</y><time>27-01-21 20:37:17:872</time></pt><pt><x>349</x><y>309</y><time>27-01-21 20:37:18:597</time></pt><pt><x>349</x><y>312</y><time>27-01-21 20:37:18:800</time></pt><pt><x>352</x><y>313</y><time>27-01-21 20:37:18:989</time></pt><pt><x>357</x><y>313</y><time>27-01-21 20:37:19:216</time></pt><pt><x>364</x><y>313</y><time>27-01-21 20:37:19:522</time></pt><pt><x>368</x><y>312</y><time>27-01-21 20:37:19:860</time></pt><pt><x>369</x><y>310</y><time>27-01-21 20:37:20:018</time></pt><pt><x>371</x><y>309</y><time>27-01-21 20:37:20:176</time></pt><pt><x>372</x><y>307</y><time>27-01-21 20:37:20:373</time></pt><pt><x>371</x><y>302</y><time>27-01-21 20:37:20:551</time></pt><pt><x>371</x><y>296</y><time>27-01-21 20:37:20:857</time></pt><pt><x>372</x><y>290</y><time>27-01-21 20:37:21:039</time></pt><pt><x>375</x><y>282</y><time>27-01-21 20:37:21:399</time></pt><pt><x>375</x><y>276</y><time>27-01-21 20:37:21:643</time></pt><pt><x>376</x><y>273</y><time>27-01-21 20:37:21:810</time></pt><pt><x>379</x><y>259</y><time>27-01-21 20:37:22:399</time></pt><pt><x>378</x><y>251</y><time>27-01-21 20:37:22:794</time></pt><pt><x>380</x><y>240</y><time>27-01-21 20:37:23:309</time></pt><pt><x>382</x><y>234</y><time>27-01-21 20:37:23:631</time></pt><pt><x>385</x><y>217</y><time>27-01-21 20:37:24:684</time></pt><pt><x>386</x><y>243</y><time>27-01-21 20:37:25:689</time></pt><pt><x>386</x><y>266</y><time>27-01-21 20:37:26:594</time></pt><pt><x>387</x><y>276</y><time>27-01-21 20:37:26:892</time></pt><pt><x>388</x><y>281</y><time>27-01-21 20:37:27:082</time></pt><pt><x>389</x><y>286</y><time>27-01-21 20:37:28:455</time></pt><pt><x>389</x><y>288</y><time>27-01-21 20:37:28:646</time></pt><pt><x>389</x><y>291</y><time>27-01-21 20:37:28:802</time></pt><pt><x>390</x><y>293</y><time>27-01-21 20:37:28:952</time></pt><pt><x>391</x><y>294</y><time>27-01-21 20:37:29:108</time></pt><pt><x>390</x><y>298</y><time>27-01-21 20:37:29:292</time></pt><pt><x>389</x><y>302</y><time>27-01-21 20:37:29:454</time></pt><pt><x>389</x><y>306</y><time>27-01-21 20:37:29:658</time></pt><pt><x>391</x><y>309</y><time>27-01-21 20:37:29:909</time></pt><pt><x>394</x><y>309</y><time>27-01-21 20:37:30:083</time></pt><pt><x>395</x><y>309</y><time>27-01-21 20:37:30:233</time></pt><pt><x>397</x><y>311</y><time>27-01-21 20:37:30:390</time></pt><pt><x>404</x><y>313</y><time>27-01-21 20:37:30:625</time></pt><pt><x>413</x><y>312</y><time>27-01-21 20:37:30:993</time></pt><pt><x>415</x><y>310</y><time>27-01-21 20:37:31:278</time></pt><pt><x>414</x><y>307</y><time>27-01-21 20:37:31:475</time></pt><pt><x>410</x><y>303</y><time>27-01-21 20:37:31:750</time></pt><pt><x>407</x><y>298</y><time>27-01-21 20:37:31:975</time></pt><pt><x>405</x><y>294</y><time>27-01-21 20:37:32:166</time></pt><pt><x>404</x><y>291</y><time>27-01-21 20:37:32:385</time></pt><pt><x>405</x><y>287</y><time>27-01-21 20:37:32:565</time></pt><pt><x>406</x><y>283</y><time>27-01-21 20:37:32:769</time></pt><pt><x>406</x><y>270</y><time>27-01-21 20:37:33:251</time></pt><pt><x>408</x><y>255</y><time>27-01-21 20:37:33:768</time></pt><pt><x>408</x><y>244</y><time>27-01-21 20:37:34:223</time></pt><pt><x>408</x><y>241</y><time>27-01-21 20:37:34:443</time></pt><pt><x>408</x><y>238</y><time>27-01-21 20:37:34:623</time></pt><pt><x>409</x><y>234</y><time>27-01-21 20:37:34:829</time></pt><pt><x>410</x><y>225</y><time>27-01-21 20:37:35:425</time></pt><pt><x>415</x><y>194</y><time>27-01-21 20:37:36:794</time></pt><pt><x>416</x><y>183</y><time>27-01-21 20:37:37:319</time></pt><pt><x>417</x><y>176</y><time>27-01-21 20:37:37:563</time></pt><pt><x>417</x><y>168</y><time>27-01-21 20:37:37:886</time></pt><pt><x>416</x><y>162</y><time>27-01-21 20:37:38:153</time></pt><pt><x>416</x><y>155</y><time>27-01-21 20:37:38:843</time></pt><pt><x>417</x><y>154</y><time>27-01-21 20:37:39:017</time></pt><pt><x>418</x><y>155</y><time>27-01-21 20:37:39:190</time></pt><pt><x>419</x><y>157</y><time>27-01-21 20:37:39:356</time></pt><pt><x>420</x><y>164</y><time>27-01-21 20:37:39:638</time></pt><pt><x>421</x><y>169</y><time>27-01-21 20:37:39:812</time></pt><pt><x>421</x><y>174</y><time>27-01-21 20:37:40:060</time></pt><pt><x>420</x><y>177</y><time>27-01-21 20:37:40:195</time></pt><pt><x>419</x><y>181</y><time>27-01-21 20:37:40:415</time></pt><pt><x>419</x><y>183</y><time>27-01-21 20:37:40:597</time></pt><pt><x>419</x><y>188</y><time>27-01-21 20:37:40:887</time></pt><pt><x>419</x><y>194</y><time>27-01-21 20:37:41:125</time></pt><pt><x>421</x><y>196</y><time>27-01-21 20:37:41:321</time></pt><pt><x>424</x><y>195</y><time>27-01-21 20:37:41:530</time></pt><pt><x>427</x><y>192</y><time>27-01-21 20:37:41:752</time></pt><pt><x>430</x><y>187</y><time>27-01-21 20:37:43:805</time></pt><pt><x>430</x><y>181</y><time>27-01-21 20:37:43:983</time></pt><pt><x>430</x><y>177</y><time>27-01-21 20:37:44:210</time></pt><pt><x>431</x><y>174</y><time>27-01-21 20:37:44:400</time></pt><pt><x>433</x><y>169</y><time>27-01-21 20:37:44:611</time></pt><pt><x>434</x><y>157</y><time>27-01-21 20:37:45:208</time></pt><pt><x>432</x><y>135</y><time>27-01-21 20:37:46:497</time></pt><pt><x>431</x><y>114</y><time>27-01-21 20:37:47:120</time></pt><pt><x>429</x><y>99</y><time>27-01-21 20:37:47:801</time></pt><pt><x>426</x><y>88</y><time>27-01-21 20:37:48:228</time></pt><pt><x>418</x><y>80</y><time>27-01-21 20:37:48:746</time></pt><pt><x>407</x><y>77</y><time>27-01-21 20:37:49:916</time></pt><pt><x>401</x><y>74</y><time>27-01-21 20:37:50:474</time></pt><pt><x>401</x><y>72</y><time>27-01-21 20:37:50:772</time></pt><pt><x>403</x><y>64</y><time>27-01-21 20:37:51:172</time></pt><pt><x>405</x><y>55</y><time>27-01-21 20:37:51:559</time></pt><pt><x>404</x><y>51</y><time>27-01-21 20:37:51:881</time></pt><pt><x>403</x><y>43</y><time>27-01-21 20:37:52:525</time></pt><closed_date>27-01-21 20:37:53:909</closed_date></polygon></object><object><name>person</name><deleted>0</deleted><verified>0</verified><occluded>no</occluded><attributes></attributes><parts><hasparts></hasparts><ispartof></ispartof></parts><date>27-01-21 20:39:26:850</date><id>2</id><polygon><username>7hao</username><pt><x>503</x><y>0</y><time>27-01-21 20:38:16:387</time></pt><pt><x>495</x><y>8</y><time>27-01-21 20:38:17:039</time></pt><pt><x>491</x><y>24</y><time>27-01-21 20:38:17:613</time></pt><pt><x>490</x><y>41</y><time>27-01-21 20:38:18:219</time></pt><pt><x>492</x><y>57</y><time>27-01-21 20:38:18:651</time></pt><pt><x>494</x><y>68</y><time>27-01-21 20:38:19:003</time></pt><pt><x>494</x><y>75</y><time>27-01-21 20:38:19:247</time></pt><pt><x>489</x><y>83</y><time>27-01-21 20:38:19:577</time></pt><pt><x>485</x><y>88</y><time>27-01-21 20:38:19:875</time></pt><pt><x>481</x><y>95</y><time>27-01-21 20:38:22:447</time></pt><pt><x>482</x><y>100</y><time>27-01-21 20:38:22:737</time></pt><pt><x>484</x><y>110</y><time>27-01-21 20:38:23:193</time></pt><pt><x>486</x><y>119</y><time>27-01-21 20:38:23:406</time></pt><pt><x>485</x><y>123</y><time>27-01-21 20:38:23:579</time></pt><pt><x>482</x><y>128</y><time>27-01-21 20:38:23:781</time></pt><pt><x>481</x><y>139</y><time>27-01-21 20:38:24:128</time></pt><pt><x>481</x><y>143</y><time>27-01-21 20:38:24:319</time></pt><pt><x>480</x><y>146</y><time>27-01-21 20:38:24:498</time></pt><pt><x>479</x><y>150</y><time>27-01-21 20:38:24:647</time></pt><pt><x>478</x><y>154</y><time>27-01-21 20:38:24:985</time></pt><pt><x>478</x><y>159</y><time>27-01-21 20:38:25:158</time></pt><pt><x>479</x><y>166</y><time>27-01-21 20:38:25:315</time></pt><pt><x>473</x><y>182</y><time>27-01-21 20:38:26:664</time></pt><pt><x>467</x><y>192</y><time>27-01-21 20:38:27:019</time></pt><pt><x>465</x><y>198</y><time>27-01-21 20:38:27:170</time></pt><pt><x>465</x><y>204</y><time>27-01-21 20:38:27:318</time></pt><pt><x>467</x><y>214</y><time>27-01-21 20:38:27:671</time></pt><pt><x>468</x><y>216</y><time>27-01-21 20:38:27:821</time></pt><pt><x>467</x><y>221</y><time>27-01-21 20:38:28:001</time></pt><pt><x>464</x><y>227</y><time>27-01-21 20:38:28:339</time></pt><pt><x>461</x><y>231</y><time>27-01-21 20:38:28:543</time></pt><pt><x>456</x><y>242</y><time>27-01-21 20:38:28:889</time></pt><pt><x>454</x><y>255</y><time>27-01-21 20:38:29:363</time></pt><pt><x>449</x><y>268</y><time>27-01-21 20:38:31:302</time></pt><pt><x>448</x><y>273</y><time>27-01-21 20:38:31:532</time></pt><pt><x>448</x><y>278</y><time>27-01-21 20:38:31:680</time></pt><pt><x>446</x><y>281</y><time>27-01-21 20:38:31:821</time></pt><pt><x>442</x><y>290</y><time>27-01-21 20:38:32:317</time></pt><pt><x>437</x><y>297</y><time>27-01-21 20:38:34:705</time></pt><pt><x>433</x><y>306</y><time>27-01-21 20:38:34:990</time></pt><pt><x>432</x><y>313</y><time>27-01-21 20:38:35:153</time></pt><pt><x>430</x><y>320</y><time>27-01-21 20:38:35:365</time></pt><pt><x>427</x><y>323</y><time>27-01-21 20:38:35:569</time></pt><pt><x>418</x><y>328</y><time>27-01-21 20:38:36:017</time></pt><pt><x>413</x><y>330</y><time>27-01-21 20:38:36:498</time></pt><pt><x>409</x><y>330</y><time>27-01-21 20:38:36:812</time></pt><pt><x>404</x><y>330</y><time>27-01-21 20:38:39:075</time></pt><pt><x>396</x><y>331</y><time>27-01-21 20:38:39:438</time></pt><pt><x>393</x><y>333</y><time>27-01-21 20:38:39:618</time></pt><pt><x>393</x><y>334</y><time>27-01-21 20:38:39:767</time></pt><pt><x>396</x><y>341</y><time>27-01-21 20:38:40:019</time></pt><pt><x>407</x><y>348</y><time>27-01-21 20:38:40:383</time></pt><pt><x>428</x><y>357</y><time>27-01-21 20:38:40:843</time></pt><pt><x>453</x><y>363</y><time>27-01-21 20:38:41:488</time></pt><pt><x>462</x><y>363</y><time>27-01-21 20:38:41:769</time></pt><pt><x>468</x><y>359</y><time>27-01-21 20:38:42:337</time></pt><pt><x>468</x><y>351</y><time>27-01-21 20:38:42:683</time></pt><pt><x>467</x><y>348</y><time>27-01-21 20:38:42:893</time></pt><pt><x>469</x><y>344</y><time>27-01-21 20:38:43:068</time></pt><pt><x>474</x><y>342</y><time>27-01-21 20:38:43:295</time></pt><pt><x>477</x><y>327</y><time>27-01-21 20:38:43:982</time></pt><pt><x>483</x><y>304</y><time>27-01-21 20:38:44:522</time></pt><pt><x>498</x><y>279</y><time>27-01-21 20:38:45:094</time></pt><pt><x>523</x><y>221</y><time>27-01-21 20:38:47:443</time></pt><pt><x>559</x><y>311</y><time>27-01-21 20:38:48:710</time></pt><pt><x>565</x><y>332</y><time>27-01-21 20:38:54:792</time></pt><pt><x>563</x><y>335</y><time>27-01-21 20:38:55:234</time></pt><pt><x>562</x><y>337</y><time>27-01-21 20:38:55:392</time></pt><pt><x>562</x><y>341</y><time>27-01-21 20:38:55:547</time></pt><pt><x>563</x><y>345</y><time>27-01-21 20:38:55:696</time></pt><pt><x>564</x><y>349</y><time>27-01-21 20:38:55:859</time></pt><pt><x>564</x><y>353</y><time>27-01-21 20:38:56:095</time></pt><pt><x>562</x><y>357</y><time>27-01-21 20:38:56:264</time></pt><pt><x>560</x><y>360</y><time>27-01-21 20:38:56:397</time></pt><pt><x>560</x><y>363</y><time>27-01-21 20:38:56:569</time></pt><pt><x>561</x><y>369</y><time>27-01-21 20:38:56:844</time></pt><pt><x>565</x><y>372</y><time>27-01-21 20:38:57:073</time></pt><pt><x>576</x><y>374</y><time>27-01-21 20:38:57:355</time></pt><pt><x>594</x><y>372</y><time>27-01-21 20:38:57:779</time></pt><pt><x>597</x><y>366</y><time>27-01-21 20:38:58:509</time></pt><pt><x>599</x><y>356</y><time>27-01-21 20:39:00:905</time></pt><pt><x>599</x><y>349</y><time>27-01-21 20:39:01:220</time></pt><pt><x>600</x><y>346</y><time>27-01-21 20:39:01:424</time></pt><pt><x>601</x><y>338</y><time>27-01-21 20:39:01:754</time></pt><pt><x>601</x><y>333</y><time>27-01-21 20:39:01:960</time></pt><pt><x>599</x><y>329</y><time>27-01-21 20:39:02:210</time></pt><pt><x>595</x><y>325</y><time>27-01-21 20:39:02:412</time></pt><pt><x>594</x><y>323</y><time>27-01-21 20:39:02:596</time></pt><pt><x>594</x><y>318</y><time>27-01-21 20:39:02:791</time></pt><pt><x>595</x><y>312</y><time>27-01-21 20:39:03:129</time></pt><pt><x>592</x><y>286</y><time>27-01-21 20:39:03:931</time></pt><pt><x>584</x><y>239</y><time>27-01-21 20:39:05:369</time></pt><pt><x>578</x><y>231</y><time>27-01-21 20:39:05:590</time></pt><pt><x>578</x><y>224</y><time>27-01-21 20:39:05:754</time></pt><pt><x>578</x><y>217</y><time>27-01-21 20:39:05:904</time></pt><pt><x>578</x><y>212</y><time>27-01-21 20:39:06:068</time></pt><pt><x>576</x><y>206</y><time>27-01-21 20:39:06:249</time></pt><pt><x>575</x><y>198</y><time>27-01-21 20:39:06:405</time></pt><pt><x>576</x><y>180</y><time>27-01-21 20:39:06:743</time></pt><pt><x>580</x><y>147</y><time>27-01-21 20:39:11:162</time></pt><pt><x>582</x><y>138</y><time>27-01-21 20:39:11:626</time></pt><pt><x>587</x><y>133</y><time>27-01-21 20:39:11:859</time></pt><pt><x>593</x><y>128</y><time>27-01-21 20:39:12:104</time></pt><pt><x>596</x><y>120</y><time>27-01-21 20:39:12:356</time></pt><pt><x>597</x><y>117</y><time>27-01-21 20:39:12:513</time></pt><pt><x>594</x><y>110</y><time>27-01-21 20:39:12:820</time></pt><pt><x>594</x><y>107</y><time>27-01-21 20:39:12:984</time></pt><pt><x>597</x><y>105</y><time>27-01-21 20:39:13:158</time></pt><pt><x>599</x><y>105</y><time>27-01-21 20:39:13:536</time></pt><pt><x>602</x><y>93</y><time>27-01-21 20:39:14:077</time></pt><pt><x>604</x><y>65</y><time>27-01-21 20:39:15:419</time></pt><pt><x>607</x><y>51</y><time>27-01-21 20:39:16:278</time></pt><pt><x>602</x><y>41</y><time>27-01-21 20:39:16:617</time></pt><pt><x>599</x><y>34</y><time>27-01-21 20:39:16:811</time></pt><pt><x>598</x><y>25</y><time>27-01-21 20:39:17:073</time></pt><pt><x>596</x><y>18</y><time>27-01-21 20:39:17:228</time></pt><pt><x>596</x><y>13</y><time>27-01-21 20:39:17:387</time></pt><pt><x>592</x><y>6</y><time>27-01-21 20:39:18:746</time></pt><pt><x>592</x><y>3</y><time>27-01-21 20:39:18:927</time></pt><pt><x>592</x><y>2</y><time>27-01-21 20:39:19:114</time></pt><pt><x>593</x><y>0</y><time>27-01-21 20:39:20:771</time></pt><closed_date>27-01-21 20:39:22:593</closed_date></polygon></object></annotation>