<annotation><filename>frame0096.jpg</filename><folder>users/lab605//7hao/human_20210119_4</folder><source><submittedBy>lab605</submittedBy></source><imagesize><nrows>480</nrows><ncols>640</ncols></imagesize><object><name>person</name><deleted>0</deleted><verified>0</verified><occluded>no</occluded><attributes></attributes><parts><hasparts></hasparts><ispartof></ispartof></parts><date>27-01-21 21:43:00:229</date><id>0</id><polygon><username>7hao</username><pt><x>244</x><y>0</y><time>27-01-21 21:41:59:135</time></pt><pt><x>244</x><y>6</y><time>27-01-21 21:41:59:687</time></pt><pt><x>244</x><y>12</y><time>27-01-21 21:42:00:157</time></pt><pt><x>245</x><y>14</y><time>27-01-21 21:42:00:347</time></pt><pt><x>245</x><y>16</y><time>27-01-21 21:42:00:510</time></pt><pt><x>244</x><y>18</y><time>27-01-21 21:42:00:667</time></pt><pt><x>242</x><y>20</y><time>27-01-21 21:42:01:023</time></pt><pt><x>234</x><y>20</y><time>27-01-21 21:42:01:525</time></pt><pt><x>228</x><y>20</y><time>27-01-21 21:42:02:090</time></pt><pt><x>227</x><y>22</y><time>27-01-21 21:42:02:277</time></pt><pt><x>225</x><y>26</y><time>27-01-21 21:42:03:268</time></pt><pt><x>225</x><y>29</y><time>27-01-21 21:42:03:487</time></pt><pt><x>225</x><y>30</y><time>27-01-21 21:42:03:637</time></pt><pt><x>224</x><y>32</y><time>27-01-21 21:42:03:817</time></pt><pt><x>220</x><y>35</y><time>27-01-21 21:42:04:170</time></pt><pt><x>210</x><y>42</y><time>27-01-21 21:42:04:657</time></pt><pt><x>205</x><y>51</y><time>27-01-21 21:42:05:302</time></pt><pt><x>202</x><y>63</y><time>27-01-21 21:42:05:946</time></pt><pt><x>202</x><y>74</y><time>27-01-21 21:42:06:510</time></pt><pt><x>202</x><y>90</y><time>27-01-21 21:42:07:916</time></pt><pt><x>204</x><y>106</y><time>27-01-21 21:42:08:560</time></pt><pt><x>205</x><y>116</y><time>27-01-21 21:42:09:056</time></pt><pt><x>207</x><y>123</y><time>27-01-21 21:42:09:403</time></pt><pt><x>212</x><y>132</y><time>27-01-21 21:42:09:911</time></pt><pt><x>215</x><y>135</y><time>27-01-21 21:42:10:265</time></pt><pt><x>215</x><y>138</y><time>27-01-21 21:42:10:444</time></pt><pt><x>215</x><y>140</y><time>27-01-21 21:42:10:578</time></pt><pt><x>216</x><y>142</y><time>27-01-21 21:42:10:766</time></pt><pt><x>218</x><y>144</y><time>27-01-21 21:42:11:070</time></pt><pt><x>218</x><y>148</y><time>27-01-21 21:42:11:302</time></pt><pt><x>218</x><y>155</y><time>27-01-21 21:42:13:569</time></pt><pt><x>220</x><y>158</y><time>27-01-21 21:42:13:846</time></pt><pt><x>221</x><y>161</y><time>27-01-21 21:42:13:994</time></pt><pt><x>222</x><y>169</y><time>27-01-21 21:42:14:535</time></pt><pt><x>223</x><y>181</y><time>27-01-21 21:42:16:831</time></pt><pt><x>223</x><y>186</y><time>27-01-21 21:42:17:490</time></pt><pt><x>230</x><y>162</y><time>27-01-21 21:42:42:667</time></pt><pt><x>239</x><y>152</y><time>27-01-21 21:42:43:191</time></pt><pt><x>243</x><y>143</y><time>27-01-21 21:42:43:739</time></pt><pt><x>238</x><y>136</y><time>27-01-21 21:42:44:510</time></pt><pt><x>233</x><y>129</y><time>27-01-21 21:42:45:235</time></pt><pt><x>233</x><y>124</y><time>27-01-21 21:42:45:594</time></pt><pt><x>235</x><y>113</y><time>27-01-21 21:42:46:238</time></pt><pt><x>238</x><y>108</y><time>27-01-21 21:42:46:576</time></pt><pt><x>243</x><y>101</y><time>27-01-21 21:42:47:070</time></pt><pt><x>246</x><y>96</y><time>27-01-21 21:42:47:590</time></pt><pt><x>249</x><y>88</y><time>27-01-21 21:42:49:176</time></pt><pt><x>247</x><y>83</y><time>27-01-21 21:42:49:467</time></pt><pt><x>248</x><y>81</y><time>27-01-21 21:42:49:624</time></pt><pt><x>251</x><y>76</y><time>27-01-21 21:42:49:909</time></pt><pt><x>250</x><y>60</y><time>27-01-21 21:42:51:397</time></pt><pt><x>253</x><y>43</y><time>27-01-21 21:42:51:948</time></pt><pt><x>257</x><y>35</y><time>27-01-21 21:42:52:459</time></pt><pt><x>258</x><y>24</y><time>27-01-21 21:42:53:730</time></pt><pt><x>259</x><y>15</y><time>27-01-21 21:42:54:092</time></pt><pt><x>263</x><y>6</y><time>27-01-21 21:42:54:704</time></pt><pt><x>263</x><y>3</y><time>27-01-21 21:42:55:151</time></pt><pt><x>263</x><y>0</y><time>27-01-21 21:42:55:693</time></pt><closed_date>27-01-21 21:42:58:032</closed_date></polygon></object><object><name>person</name><deleted>0</deleted><verified>0</verified><occluded>no</occluded><attributes></attributes><parts><hasparts></hasparts><ispartof></ispartof></parts><date>27-01-21 21:45:07:938</date><id>1</id><polygon><username>7hao</username><pt><x>264</x><y>0</y><time>27-01-21 21:43:05:632</time></pt><pt><x>264</x><y>6</y><time>27-01-21 21:43:06:649</time></pt><pt><x>260</x><y>16</y><time>27-01-21 21:43:07:946</time></pt><pt><x>259</x><y>35</y><time>27-01-21 21:43:09:304</time></pt><pt><x>254</x><y>44</y><time>27-01-21 21:43:10:763</time></pt><pt><x>253</x><y>61</y><time>27-01-21 21:43:14:392</time></pt><pt><x>254</x><y>69</y><time>27-01-21 21:43:14:700</time></pt><pt><x>254</x><y>72</y><time>27-01-21 21:43:14:888</time></pt><pt><x>254</x><y>74</y><time>27-01-21 21:43:15:044</time></pt><pt><x>249</x><y>83</y><time>27-01-21 21:43:15:972</time></pt><pt><x>250</x><y>87</y><time>27-01-21 21:43:16:530</time></pt><pt><x>250</x><y>90</y><time>27-01-21 21:43:20:965</time></pt><pt><x>244</x><y>102</y><time>27-01-21 21:43:22:183</time></pt><pt><x>236</x><y>113</y><time>27-01-21 21:43:30:281</time></pt><pt><x>234</x><y>128</y><time>27-01-21 21:43:31:444</time></pt><pt><x>238</x><y>134</y><time>27-01-21 21:43:35:472</time></pt><pt><x>242</x><y>139</y><time>27-01-21 21:43:36:320</time></pt><pt><x>245</x><y>142</y><time>27-01-21 21:43:41:339</time></pt><pt><x>244</x><y>145</y><time>27-01-21 21:43:41:880</time></pt><pt><x>239</x><y>154</y><time>27-01-21 21:43:43:049</time></pt><pt><x>232</x><y>162</y><time>27-01-21 21:43:44:101</time></pt><pt><x>223</x><y>190</y><time>27-01-21 21:43:45:679</time></pt><pt><x>220</x><y>216</y><time>27-01-21 21:43:47:236</time></pt><pt><x>218</x><y>234</y><time>27-01-21 21:43:47:654</time></pt><pt><x>220</x><y>254</y><time>27-01-21 21:43:48:225</time></pt><pt><x>222</x><y>272</y><time>27-01-21 21:43:49:457</time></pt><pt><x>228</x><y>289</y><time>27-01-21 21:43:50:007</time></pt><pt><x>229</x><y>319</y><time>27-01-21 21:43:50:855</time></pt><pt><x>221</x><y>345</y><time>27-01-21 21:43:52:199</time></pt><pt><x>214</x><y>363</y><time>27-01-21 21:43:52:724</time></pt><pt><x>198</x><y>366</y><time>27-01-21 21:43:55:315</time></pt><pt><x>187</x><y>368</y><time>27-01-21 21:43:55:662</time></pt><pt><x>181</x><y>371</y><time>27-01-21 21:43:56:110</time></pt><pt><x>178</x><y>375</y><time>27-01-21 21:43:56:457</time></pt><pt><x>178</x><y>379</y><time>27-01-21 21:43:56:628</time></pt><pt><x>180</x><y>383</y><time>27-01-21 21:43:56:995</time></pt><pt><x>193</x><y>389</y><time>27-01-21 21:43:57:309</time></pt><pt><x>219</x><y>391</y><time>27-01-21 21:43:57:758</time></pt><pt><x>233</x><y>392</y><time>27-01-21 21:43:58:072</time></pt><pt><x>245</x><y>392</y><time>27-01-21 21:43:58:460</time></pt><pt><x>257</x><y>390</y><time>27-01-21 21:44:00:696</time></pt><pt><x>258</x><y>377</y><time>27-01-21 21:44:00:946</time></pt><pt><x>256</x><y>373</y><time>27-01-21 21:44:01:121</time></pt><pt><x>257</x><y>364</y><time>27-01-21 21:44:01:300</time></pt><pt><x>264</x><y>336</y><time>27-01-21 21:44:01:716</time></pt><pt><x>273</x><y>288</y><time>27-01-21 21:44:02:738</time></pt><pt><x>277</x><y>252</y><time>27-01-21 21:44:03:153</time></pt><pt><x>276</x><y>226</y><time>27-01-21 21:44:03:745</time></pt><pt><x>278</x><y>213</y><time>27-01-21 21:44:05:078</time></pt><pt><x>278</x><y>212</y><time>27-01-21 21:44:05:257</time></pt><pt><x>281</x><y>211</y><time>27-01-21 21:44:05:414</time></pt><pt><x>282</x><y>216</y><time>27-01-21 21:44:05:619</time></pt><pt><x>289</x><y>235</y><time>27-01-21 21:44:06:154</time></pt><pt><x>300</x><y>270</y><time>27-01-21 21:44:07:387</time></pt><pt><x>310</x><y>302</y><time>27-01-21 21:44:08:014</time></pt><pt><x>318</x><y>328</y><time>27-01-21 21:44:11:617</time></pt><pt><x>315</x><y>340</y><time>27-01-21 21:44:12:010</time></pt><pt><x>305</x><y>359</y><time>27-01-21 21:44:12:758</time></pt><pt><x>300</x><y>364</y><time>27-01-21 21:44:13:180</time></pt><pt><x>300</x><y>368</y><time>27-01-21 21:44:13:346</time></pt><pt><x>303</x><y>385</y><time>27-01-21 21:44:14:585</time></pt><pt><x>300</x><y>392</y><time>27-01-21 21:44:14:940</time></pt><pt><x>288</x><y>400</y><time>27-01-21 21:44:18:307</time></pt><pt><x>283</x><y>406</y><time>27-01-21 21:44:18:640</time></pt><pt><x>282</x><y>410</y><time>27-01-21 21:44:18:804</time></pt><pt><x>283</x><y>414</y><time>27-01-21 21:44:18:960</time></pt><pt><x>288</x><y>417</y><time>27-01-21 21:44:19:250</time></pt><pt><x>305</x><y>419</y><time>27-01-21 21:44:19:714</time></pt><pt><x>321</x><y>418</y><time>27-01-21 21:44:20:155</time></pt><pt><x>341</x><y>411</y><time>27-01-21 21:44:20:773</time></pt><pt><x>354</x><y>403</y><time>27-01-21 21:44:23:293</time></pt><pt><x>359</x><y>398</y><time>27-01-21 21:44:23:758</time></pt><pt><x>361</x><y>391</y><time>27-01-21 21:44:24:072</time></pt><pt><x>359</x><y>381</y><time>27-01-21 21:44:24:448</time></pt><pt><x>357</x><y>370</y><time>27-01-21 21:44:24:748</time></pt><pt><x>357</x><y>364</y><time>27-01-21 21:44:24:957</time></pt><pt><x>357</x><y>359</y><time>27-01-21 21:44:25:132</time></pt><pt><x>357</x><y>356</y><time>27-01-21 21:44:25:320</time></pt><pt><x>356</x><y>352</y><time>27-01-21 21:44:25:477</time></pt><pt><x>356</x><y>349</y><time>27-01-21 21:44:25:641</time></pt><pt><x>359</x><y>340</y><time>27-01-21 21:44:26:003</time></pt><pt><x>355</x><y>318</y><time>27-01-21 21:44:27:423</time></pt><pt><x>354</x><y>291</y><time>27-01-21 21:44:28:736</time></pt><pt><x>342</x><y>241</y><time>27-01-21 21:44:30:070</time></pt><pt><x>343</x><y>232</y><time>27-01-21 21:44:30:378</time></pt><pt><x>344</x><y>215</y><time>27-01-21 21:44:31:085</time></pt><pt><x>342</x><y>195</y><time>27-01-21 21:44:32:096</time></pt><pt><x>345</x><y>146</y><time>27-01-21 21:44:33:274</time></pt><pt><x>348</x><y>137</y><time>27-01-21 21:44:33:630</time></pt><pt><x>351</x><y>132</y><time>27-01-21 21:44:33:808</time></pt><pt><x>356</x><y>122</y><time>27-01-21 21:44:34:171</time></pt><pt><x>360</x><y>87</y><time>27-01-21 21:44:36:118</time></pt><pt><x>362</x><y>63</y><time>27-01-21 21:44:36:879</time></pt><pt><x>366</x><y>36</y><time>27-01-21 21:44:38:112</time></pt><pt><x>367</x><y>21</y><time>27-01-21 21:44:39:204</time></pt><pt><x>366</x><y>13</y><time>27-01-21 21:44:39:635</time></pt><pt><x>365</x><y>2</y><time>27-01-21 21:44:41:315</time></pt><pt><x>364</x><y>0</y><time>27-01-21 21:44:42:580</time></pt><closed_date>27-01-21 21:45:05:388</closed_date></polygon></object><object><name>person</name><deleted>0</deleted><verified>0</verified><occluded>no</occluded><attributes></attributes><parts><hasparts></hasparts><ispartof></ispartof></parts><date>27-01-21 21:50:58:907</date><id>2</id><polygon><username>7hao</username><pt><x>410</x><y>15</y><time>27-01-21 21:49:11:749</time></pt><pt><x>407</x><y>10</y><time>27-01-21 21:49:12:086</time></pt><pt><x>400</x><y>7</y><time>27-01-21 21:49:12:402</time></pt><pt><x>391</x><y>8</y><time>27-01-21 21:49:12:669</time></pt><pt><x>381</x><y>11</y><time>27-01-21 21:49:13:133</time></pt><pt><x>377</x><y>14</y><time>27-01-21 21:49:13:430</time></pt><pt><x>374</x><y>18</y><time>27-01-21 21:49:15:449</time></pt><pt><x>376</x><y>20</y><time>27-01-21 21:49:20:500</time></pt><pt><x>378</x><y>22</y><time>27-01-21 21:49:20:751</time></pt><pt><x>377</x><y>24</y><time>27-01-21 21:49:20:908</time></pt><pt><x>377</x><y>27</y><time>27-01-21 21:49:21:145</time></pt><pt><x>377</x><y>32</y><time>27-01-21 21:49:21:293</time></pt><pt><x>375</x><y>35</y><time>27-01-21 21:49:21:631</time></pt><pt><x>375</x><y>38</y><time>27-01-21 21:49:21:788</time></pt><pt><x>377</x><y>41</y><time>27-01-21 21:49:22:206</time></pt><pt><x>379</x><y>43</y><time>27-01-21 21:49:22:368</time></pt><pt><x>384</x><y>46</y><time>27-01-21 21:49:22:535</time></pt><pt><x>387</x><y>51</y><time>27-01-21 21:49:22:800</time></pt><pt><x>387</x><y>55</y><time>27-01-21 21:49:22:958</time></pt><pt><x>385</x><y>58</y><time>27-01-21 21:49:23:138</time></pt><pt><x>381</x><y>60</y><time>27-01-21 21:49:23:312</time></pt><pt><x>374</x><y>61</y><time>27-01-21 21:49:23:658</time></pt><pt><x>370</x><y>61</y><time>27-01-21 21:49:23:876</time></pt><pt><x>364</x><y>61</y><time>27-01-21 21:49:24:161</time></pt><pt><x>363</x><y>63</y><time>27-01-21 21:49:24:614</time></pt><pt><x>361</x><y>89</y><time>27-01-21 21:49:26:131</time></pt><pt><x>361</x><y>90</y><time>27-01-21 21:49:26:650</time></pt><pt><x>364</x><y>91</y><time>27-01-21 21:49:30:332</time></pt><pt><x>366</x><y>96</y><time>27-01-21 21:49:30:882</time></pt><pt><x>365</x><y>102</y><time>27-01-21 21:49:31:379</time></pt><pt><x>363</x><y>134</y><time>27-01-21 21:49:32:618</time></pt><pt><x>364</x><y>143</y><time>27-01-21 21:49:32:879</time></pt><pt><x>364</x><y>148</y><time>27-01-21 21:49:33:026</time></pt><pt><x>364</x><y>155</y><time>27-01-21 21:49:33:428</time></pt><pt><x>364</x><y>159</y><time>27-01-21 21:49:33:610</time></pt><pt><x>361</x><y>177</y><time>27-01-21 21:49:34:660</time></pt><pt><x>360</x><y>186</y><time>27-01-21 21:49:34:826</time></pt><pt><x>360</x><y>195</y><time>27-01-21 21:49:34:983</time></pt><pt><x>362</x><y>211</y><time>27-01-21 21:49:35:470</time></pt><pt><x>364</x><y>220</y><time>27-01-21 21:49:35:784</time></pt><pt><x>365</x><y>225</y><time>27-01-21 21:49:35:940</time></pt><pt><x>365</x><y>230</y><time>27-01-21 21:49:36:130</time></pt><pt><x>364</x><y>234</y><time>27-01-21 21:49:36:289</time></pt><pt><x>361</x><y>243</y><time>27-01-21 21:49:37:615</time></pt><pt><x>361</x><y>252</y><time>27-01-21 21:49:37:803</time></pt><pt><x>361</x><y>258</y><time>27-01-21 21:49:37:952</time></pt><pt><x>361</x><y>272</y><time>27-01-21 21:49:38:293</time></pt><pt><x>360</x><y>280</y><time>27-01-21 21:49:38:675</time></pt><pt><x>360</x><y>282</y><time>27-01-21 21:49:38:834</time></pt><pt><x>360</x><y>285</y><time>27-01-21 21:49:38:996</time></pt><pt><x>361</x><y>287</y><time>27-01-21 21:49:39:155</time></pt><pt><x>361</x><y>290</y><time>27-01-21 21:49:39:359</time></pt><pt><x>361</x><y>292</y><time>27-01-21 21:49:39:514</time></pt><pt><x>360</x><y>300</y><time>27-01-21 21:49:40:748</time></pt><pt><x>356</x><y>307</y><time>27-01-21 21:49:41:502</time></pt><pt><x>356</x><y>318</y><time>27-01-21 21:49:42:468</time></pt><pt><x>363</x><y>318</y><time>27-01-21 21:49:43:072</time></pt><pt><x>370</x><y>317</y><time>27-01-21 21:49:43:489</time></pt><pt><x>372</x><y>315</y><time>27-01-21 21:49:43:781</time></pt><pt><x>374</x><y>314</y><time>27-01-21 21:49:44:118</time></pt><pt><x>376</x><y>313</y><time>27-01-21 21:49:44:306</time></pt><pt><x>375</x><y>311</y><time>27-01-21 21:49:44:480</time></pt><pt><x>375</x><y>308</y><time>27-01-21 21:49:44:644</time></pt><pt><x>374</x><y>304</y><time>27-01-21 21:49:44:872</time></pt><pt><x>377</x><y>294</y><time>27-01-21 21:49:45:562</time></pt><pt><x>378</x><y>288</y><time>27-01-21 21:49:46:042</time></pt><pt><x>383</x><y>263</y><time>27-01-21 21:49:48:138</time></pt><pt><x>386</x><y>236</y><time>27-01-21 21:49:49:434</time></pt><pt><x>387</x><y>227</y><time>27-01-21 21:49:49:842</time></pt><pt><x>389</x><y>220</y><time>27-01-21 21:49:50:266</time></pt><pt><x>392</x><y>211</y><time>27-01-21 21:49:50:771</time></pt><pt><x>392</x><y>240</y><time>27-01-21 21:49:51:375</time></pt><pt><x>392</x><y>260</y><time>27-01-21 21:49:51:908</time></pt><pt><x>392</x><y>279</y><time>27-01-21 21:49:53:119</time></pt><pt><x>395</x><y>287</y><time>27-01-21 21:49:53:338</time></pt><pt><x>395</x><y>291</y><time>27-01-21 21:49:53:479</time></pt><pt><x>396</x><y>295</y><time>27-01-21 21:49:53:645</time></pt><pt><x>395</x><y>304</y><time>27-01-21 21:49:54:155</time></pt><pt><x>395</x><y>307</y><time>27-01-21 21:49:54:375</time></pt><pt><x>395</x><y>311</y><time>27-01-21 21:49:54:516</time></pt><pt><x>396</x><y>311</y><time>27-01-21 21:49:54:712</time></pt><pt><x>399</x><y>312</y><time>27-01-21 21:49:54:892</time></pt><pt><x>401</x><y>313</y><time>27-01-21 21:49:55:050</time></pt><pt><x>407</x><y>316</y><time>27-01-21 21:49:56:135</time></pt><pt><x>408</x><y>317</y><time>27-01-21 21:49:56:330</time></pt><pt><x>414</x><y>317</y><time>27-01-21 21:49:56:510</time></pt><pt><x>422</x><y>316</y><time>27-01-21 21:49:56:950</time></pt><pt><x>422</x><y>312</y><time>27-01-21 21:49:57:226</time></pt><pt><x>420</x><y>308</y><time>27-01-21 21:49:57:578</time></pt><pt><x>413</x><y>300</y><time>27-01-21 21:49:58:026</time></pt><pt><x>411</x><y>292</y><time>27-01-21 21:49:58:324</time></pt><pt><x>411</x><y>290</y><time>27-01-21 21:49:58:499</time></pt><pt><x>413</x><y>286</y><time>27-01-21 21:49:58:694</time></pt><pt><x>414</x><y>279</y><time>27-01-21 21:49:58:922</time></pt><pt><x>413</x><y>270</y><time>27-01-21 21:49:59:196</time></pt><pt><x>416</x><y>241</y><time>27-01-21 21:50:00:321</time></pt><pt><x>415</x><y>236</y><time>27-01-21 21:50:00:620</time></pt><pt><x>415</x><y>234</y><time>27-01-21 21:50:00:768</time></pt><pt><x>418</x><y>229</y><time>27-01-21 21:50:00:949</time></pt><pt><x>419</x><y>211</y><time>27-01-21 21:50:01:585</time></pt><pt><x>424</x><y>185</y><time>27-01-21 21:50:07:313</time></pt><pt><x>425</x><y>173</y><time>27-01-21 21:50:08:010</time></pt><pt><x>426</x><y>165</y><time>27-01-21 21:50:08:607</time></pt><pt><x>425</x><y>144</y><time>27-01-21 21:50:10:995</time></pt><pt><x>427</x><y>143</y><time>27-01-21 21:50:11:465</time></pt><pt><x>429</x><y>149</y><time>27-01-21 21:50:22:858</time></pt><pt><x>430</x><y>159</y><time>27-01-21 21:50:23:620</time></pt><pt><x>432</x><y>166</y><time>27-01-21 21:50:24:075</time></pt><pt><x>431</x><y>172</y><time>27-01-21 21:50:24:861</time></pt><pt><x>430</x><y>182</y><time>27-01-21 21:50:26:464</time></pt><pt><x>431</x><y>187</y><time>27-01-21 21:50:26:918</time></pt><pt><x>436</x><y>188</y><time>27-01-21 21:50:27:625</time></pt><pt><x>441</x><y>183</y><time>27-01-21 21:50:28:136</time></pt><pt><x>443</x><y>172</y><time>27-01-21 21:50:28:695</time></pt><pt><x>443</x><y>166</y><time>27-01-21 21:50:29:200</time></pt><pt><x>445</x><y>161</y><time>27-01-21 21:50:29:564</time></pt><pt><x>446</x><y>152</y><time>27-01-21 21:50:30:178</time></pt><pt><x>444</x><y>118</y><time>27-01-21 21:50:33:797</time></pt><pt><x>441</x><y>95</y><time>27-01-21 21:50:35:032</time></pt><pt><x>438</x><y>79</y><time>27-01-21 21:50:35:887</time></pt><pt><x>435</x><y>71</y><time>27-01-21 21:50:36:373</time></pt><pt><x>431</x><y>66</y><time>27-01-21 21:50:36:829</time></pt><pt><x>421</x><y>62</y><time>27-01-21 21:50:37:490</time></pt><pt><x>413</x><y>58</y><time>27-01-21 21:50:38:990</time></pt><pt><x>410</x><y>57</y><time>27-01-21 21:50:51:289</time></pt><pt><x>408</x><y>54</y><time>27-01-21 21:50:51:754</time></pt><pt><x>408</x><y>50</y><time>27-01-21 21:50:52:060</time></pt><pt><x>411</x><y>43</y><time>27-01-21 21:50:52:602</time></pt><pt><x>412</x><y>39</y><time>27-01-21 21:50:52:988</time></pt><pt><x>412</x><y>35</y><time>27-01-21 21:50:53:285</time></pt><pt><x>411</x><y>31</y><time>27-01-21 21:50:53:568</time></pt><pt><x>411</x><y>25</y><time>27-01-21 21:50:54:010</time></pt><pt><x>410</x><y>21</y><time>27-01-21 21:50:54:376</time></pt><pt><x>411</x><y>19</y><time>27-01-21 21:50:54:816</time></pt><closed_date>27-01-21 21:50:55:592</closed_date></polygon></object><object><name>person</name><deleted>0</deleted><verified>0</verified><occluded>no</occluded><attributes></attributes><parts><hasparts></hasparts><ispartof></ispartof></parts><date>27-01-21 21:52:17:685</date><id>3</id><polygon><username>7hao</username><pt><x>223</x><y>285</y><time>27-01-21 21:52:06:769</time></pt><pt><x>222</x><y>290</y><time>27-01-21 21:52:07:123</time></pt><pt><x>218</x><y>293</y><time>27-01-21 21:52:07:319</time></pt><pt><x>215</x><y>295</y><time>27-01-21 21:52:07:498</time></pt><pt><x>213</x><y>302</y><time>27-01-21 21:52:07:845</time></pt><pt><x>212</x><y>308</y><time>27-01-21 21:52:08:105</time></pt><pt><x>213</x><y>312</y><time>27-01-21 21:52:08:292</time></pt><pt><x>216</x><y>313</y><time>27-01-21 21:52:08:488</time></pt><pt><x>223</x><y>314</y><time>27-01-21 21:52:08:788</time></pt><pt><x>227</x><y>313</y><time>27-01-21 21:52:09:258</time></pt><pt><x>227</x><y>298</y><time>27-01-21 21:52:10:445</time></pt><pt><x>226</x><y>289</y><time>27-01-21 21:52:14:342</time></pt><closed_date>27-01-21 21:52:15:293</closed_date></polygon></object><object><name>person</name><deleted>0</deleted><verified>0</verified><occluded>no</occluded><attributes></attributes><parts><hasparts></hasparts><ispartof></ispartof></parts><date>27-01-21 21:56:39:743</date><id>4</id><polygon><username>7hao</username><pt><x>368</x><y>18</y><time>27-01-21 21:56:20:350</time></pt><pt><x>368</x><y>22</y><time>27-01-21 21:56:21:360</time></pt><pt><x>368</x><y>29</y><time>27-01-21 21:56:22:310</time></pt><pt><x>367</x><y>37</y><time>27-01-21 21:56:23:104</time></pt><pt><x>366</x><y>47</y><time>27-01-21 21:56:23:960</time></pt><pt><x>364</x><y>56</y><time>27-01-21 21:56:24:974</time></pt><pt><x>370</x><y>46</y><time>27-01-21 21:56:26:608</time></pt><pt><x>370</x><y>42</y><time>27-01-21 21:56:27:071</time></pt><pt><x>373</x><y>39</y><time>27-01-21 21:56:32:462</time></pt><pt><x>374</x><y>37</y><time>27-01-21 21:56:33:161</time></pt><pt><x>374</x><y>34</y><time>27-01-21 21:56:33:654</time></pt><pt><x>375</x><y>33</y><time>27-01-21 21:56:34:141</time></pt><pt><x>376</x><y>29</y><time>27-01-21 21:56:34:582</time></pt><pt><x>375</x><y>24</y><time>27-01-21 21:56:35:084</time></pt><pt><x>374</x><y>20</y><time>27-01-21 21:56:35:667</time></pt><pt><x>372</x><y>18</y><time>27-01-21 21:56:36:097</time></pt><closed_date>27-01-21 21:56:36:686</closed_date></polygon></object></annotation>