<annotation><filename>frame0001.jpg</filename><folder>users/lab605//7hao/human_20210119_4</folder><source><submittedBy>lab605</submittedBy></source><imagesize><nrows>480</nrows><ncols>640</ncols></imagesize><object><name>person</name><deleted>0</deleted><verified>0</verified><occluded>no</occluded><attributes></attributes><parts><hasparts></hasparts><ispartof></ispartof></parts><date>20-01-21 17:40:00:562</date><id>0</id><polygon><username>7hao</username><pt><x>438</x><y>23</y><time>20-01-21 17:38:25:264</time></pt><pt><x>434</x><y>21</y><time>20-01-21 17:38:25:658</time></pt><pt><x>430</x><y>20</y><time>20-01-21 17:38:26:004</time></pt><pt><x>427</x><y>21</y><time>20-01-21 17:38:26:293</time></pt><pt><x>424</x><y>22</y><time>20-01-21 17:38:26:610</time></pt><pt><x>421</x><y>25</y><time>20-01-21 17:38:27:050</time></pt><pt><x>419</x><y>26</y><time>20-01-21 17:38:27:398</time></pt><pt><x>416</x><y>28</y><time>20-01-21 17:38:27:710</time></pt><pt><x>414</x><y>29</y><time>20-01-21 17:38:28:010</time></pt><pt><x>411</x><y>31</y><time>20-01-21 17:38:28:385</time></pt><pt><x>410</x><y>33</y><time>20-01-21 17:38:28:702</time></pt><pt><x>408</x><y>34</y><time>20-01-21 17:38:29:085</time></pt><pt><x>407</x><y>34</y><time>20-01-21 17:38:29:432</time></pt><pt><x>406</x><y>36</y><time>20-01-21 17:38:29:739</time></pt><pt><x>406</x><y>39</y><time>20-01-21 17:38:30:021</time></pt><pt><x>407</x><y>42</y><time>20-01-21 17:38:30:290</time></pt><pt><x>408</x><y>44</y><time>20-01-21 17:38:30:653</time></pt><pt><x>408</x><y>45</y><time>20-01-21 17:38:30:903</time></pt><pt><x>407</x><y>47</y><time>20-01-21 17:38:31:173</time></pt><pt><x>409</x><y>50</y><time>20-01-21 17:38:31:542</time></pt><pt><x>409</x><y>51</y><time>20-01-21 17:38:31:933</time></pt><pt><x>409</x><y>54</y><time>20-01-21 17:38:32:178</time></pt><pt><x>409</x><y>55</y><time>20-01-21 17:38:32:461</time></pt><pt><x>408</x><y>56</y><time>20-01-21 17:38:32:657</time></pt><pt><x>408</x><y>58</y><time>20-01-21 17:38:32:853</time></pt><pt><x>408</x><y>59</y><time>20-01-21 17:38:33:038</time></pt><pt><x>408</x><y>61</y><time>20-01-21 17:38:33:263</time></pt><pt><x>408</x><y>62</y><time>20-01-21 17:38:33:485</time></pt><pt><x>409</x><y>63</y><time>20-01-21 17:38:33:696</time></pt><pt><x>410</x><y>65</y><time>20-01-21 17:38:34:004</time></pt><pt><x>410</x><y>67</y><time>20-01-21 17:38:34:294</time></pt><pt><x>411</x><y>69</y><time>20-01-21 17:38:34:547</time></pt><pt><x>413</x><y>70</y><time>20-01-21 17:38:34:851</time></pt><pt><x>415</x><y>70</y><time>20-01-21 17:38:35:111</time></pt><pt><x>418</x><y>70</y><time>20-01-21 17:38:35:315</time></pt><pt><x>420</x><y>70</y><time>20-01-21 17:38:35:535</time></pt><pt><x>422</x><y>71</y><time>20-01-21 17:38:35:858</time></pt><pt><x>423</x><y>72</y><time>20-01-21 17:38:36:072</time></pt><pt><x>424</x><y>72</y><time>20-01-21 17:38:36:229</time></pt><pt><x>424</x><y>74</y><time>20-01-21 17:38:36:393</time></pt><pt><x>423</x><y>78</y><time>20-01-21 17:38:38:040</time></pt><pt><x>421</x><y>80</y><time>20-01-21 17:38:38:344</time></pt><pt><x>418</x><y>82</y><time>20-01-21 17:38:38:612</time></pt><pt><x>415</x><y>84</y><time>20-01-21 17:38:38:824</time></pt><pt><x>413</x><y>86</y><time>20-01-21 17:38:39:020</time></pt><pt><x>412</x><y>90</y><time>20-01-21 17:38:39:243</time></pt><pt><x>412</x><y>94</y><time>20-01-21 17:38:39:508</time></pt><pt><x>411</x><y>98</y><time>20-01-21 17:38:39:714</time></pt><pt><x>410</x><y>102</y><time>20-01-21 17:38:39:972</time></pt><pt><x>410</x><y>105</y><time>20-01-21 17:38:40:232</time></pt><pt><x>409</x><y>110</y><time>20-01-21 17:38:40:453</time></pt><pt><x>409</x><y>111</y><time>20-01-21 17:38:40:656</time></pt><pt><x>409</x><y>113</y><time>20-01-21 17:38:40:939</time></pt><pt><x>404</x><y>125</y><time>20-01-21 17:38:42:488</time></pt><pt><x>403</x><y>127</y><time>20-01-21 17:38:42:842</time></pt><pt><x>403</x><y>130</y><time>20-01-21 17:38:43:094</time></pt><pt><x>402</x><y>132</y><time>20-01-21 17:38:43:330</time></pt><pt><x>400</x><y>136</y><time>20-01-21 17:38:43:599</time></pt><pt><x>398</x><y>139</y><time>20-01-21 17:38:43:842</time></pt><pt><x>396</x><y>143</y><time>20-01-21 17:38:44:071</time></pt><pt><x>394</x><y>148</y><time>20-01-21 17:38:44:424</time></pt><pt><x>392</x><y>152</y><time>20-01-21 17:38:44:778</time></pt><pt><x>389</x><y>156</y><time>20-01-21 17:38:45:023</time></pt><pt><x>387</x><y>160</y><time>20-01-21 17:38:45:241</time></pt><pt><x>385</x><y>166</y><time>20-01-21 17:38:46:554</time></pt><pt><x>383</x><y>168</y><time>20-01-21 17:38:46:899</time></pt><pt><x>380</x><y>170</y><time>20-01-21 17:38:47:192</time></pt><pt><x>378</x><y>173</y><time>20-01-21 17:38:47:508</time></pt><pt><x>377</x><y>176</y><time>20-01-21 17:38:47:814</time></pt><pt><x>377</x><y>181</y><time>20-01-21 17:38:48:112</time></pt><pt><x>378</x><y>184</y><time>20-01-21 17:38:48:386</time></pt><pt><x>381</x><y>186</y><time>20-01-21 17:38:48:702</time></pt><pt><x>384</x><y>186</y><time>20-01-21 17:38:49:008</time></pt><pt><x>387</x><y>186</y><time>20-01-21 17:38:49:284</time></pt><pt><x>387</x><y>184</y><time>20-01-21 17:38:49:598</time></pt><pt><x>387</x><y>182</y><time>20-01-21 17:38:49:818</time></pt><pt><x>388</x><y>180</y><time>20-01-21 17:38:50:069</time></pt><pt><x>390</x><y>177</y><time>20-01-21 17:38:50:322</time></pt><pt><x>392</x><y>175</y><time>20-01-21 17:38:50:534</time></pt><pt><x>393</x><y>172</y><time>20-01-21 17:38:50:777</time></pt><pt><x>396</x><y>169</y><time>20-01-21 17:38:51:101</time></pt><pt><x>398</x><y>167</y><time>20-01-21 17:38:51:405</time></pt><pt><x>399</x><y>165</y><time>20-01-21 17:38:51:642</time></pt><pt><x>401</x><y>163</y><time>20-01-21 17:38:51:877</time></pt><pt><x>404</x><y>160</y><time>20-01-21 17:38:52:114</time></pt><pt><x>407</x><y>156</y><time>20-01-21 17:38:52:357</time></pt><pt><x>408</x><y>154</y><time>20-01-21 17:38:52:577</time></pt><pt><x>410</x><y>151</y><time>20-01-21 17:38:52:862</time></pt><pt><x>413</x><y>148</y><time>20-01-21 17:38:53:231</time></pt><pt><x>414</x><y>146</y><time>20-01-21 17:38:53:507</time></pt><pt><x>415</x><y>145</y><time>20-01-21 17:38:54:537</time></pt><pt><x>417</x><y>150</y><time>20-01-21 17:38:55:325</time></pt><pt><x>417</x><y>153</y><time>20-01-21 17:38:56:047</time></pt><pt><x>416</x><y>155</y><time>20-01-21 17:38:56:330</time></pt><pt><x>416</x><y>158</y><time>20-01-21 17:38:56:613</time></pt><pt><x>416</x><y>161</y><time>20-01-21 17:38:56:855</time></pt><pt><x>415</x><y>164</y><time>20-01-21 17:38:57:158</time></pt><pt><x>415</x><y>168</y><time>20-01-21 17:38:57:422</time></pt><pt><x>413</x><y>180</y><time>20-01-21 17:38:58:787</time></pt><pt><x>413</x><y>185</y><time>20-01-21 17:38:59:231</time></pt><pt><x>412</x><y>189</y><time>20-01-21 17:38:59:538</time></pt><pt><x>412</x><y>194</y><time>20-01-21 17:38:59:883</time></pt><pt><x>413</x><y>199</y><time>20-01-21 17:39:00:334</time></pt><pt><x>414</x><y>202</y><time>20-01-21 17:39:00:710</time></pt><pt><x>415</x><y>206</y><time>20-01-21 17:39:01:064</time></pt><pt><x>416</x><y>208</y><time>20-01-21 17:39:01:379</time></pt><pt><x>416</x><y>211</y><time>20-01-21 17:39:01:609</time></pt><pt><x>416</x><y>214</y><time>20-01-21 17:39:01:843</time></pt><pt><x>416</x><y>230</y><time>20-01-21 17:39:03:415</time></pt><pt><x>417</x><y>233</y><time>20-01-21 17:39:03:848</time></pt><pt><x>418</x><y>236</y><time>20-01-21 17:39:04:163</time></pt><pt><x>419</x><y>239</y><time>20-01-21 17:39:04:454</time></pt><pt><x>419</x><y>242</y><time>20-01-21 17:39:04:739</time></pt><pt><x>420</x><y>244</y><time>20-01-21 17:39:04:981</time></pt><pt><x>421</x><y>246</y><time>20-01-21 17:39:05:264</time></pt><pt><x>421</x><y>249</y><time>20-01-21 17:39:05:542</time></pt><pt><x>422</x><y>252</y><time>20-01-21 17:39:05:784</time></pt><pt><x>424</x><y>255</y><time>20-01-21 17:39:06:019</time></pt><pt><x>427</x><y>265</y><time>20-01-21 17:39:07:489</time></pt><pt><x>428</x><y>268</y><time>20-01-21 17:39:07:814</time></pt><pt><x>429</x><y>271</y><time>20-01-21 17:39:08:087</time></pt><pt><x>430</x><y>275</y><time>20-01-21 17:39:08:325</time></pt><pt><x>431</x><y>279</y><time>20-01-21 17:39:08:645</time></pt><pt><x>431</x><y>282</y><time>20-01-21 17:39:08:944</time></pt><pt><x>431</x><y>293</y><time>20-01-21 17:39:10:638</time></pt><pt><x>430</x><y>297</y><time>20-01-21 17:39:11:186</time></pt><pt><x>427</x><y>299</y><time>20-01-21 17:39:11:485</time></pt><pt><x>424</x><y>302</y><time>20-01-21 17:39:11:783</time></pt><pt><x>421</x><y>304</y><time>20-01-21 17:39:12:116</time></pt><pt><x>418</x><y>306</y><time>20-01-21 17:39:12:384</time></pt><pt><x>415</x><y>306</y><time>20-01-21 17:39:12:659</time></pt><pt><x>412</x><y>306</y><time>20-01-21 17:39:12:893</time></pt><pt><x>407</x><y>307</y><time>20-01-21 17:39:13:145</time></pt><pt><x>403</x><y>308</y><time>20-01-21 17:39:13:650</time></pt><pt><x>401</x><y>308</y><time>20-01-21 17:39:13:977</time></pt><pt><x>400</x><y>310</y><time>20-01-21 17:39:14:206</time></pt><pt><x>401</x><y>313</y><time>20-01-21 17:39:14:522</time></pt><pt><x>403</x><y>316</y><time>20-01-21 17:39:14:889</time></pt><pt><x>406</x><y>318</y><time>20-01-21 17:39:15:208</time></pt><pt><x>410</x><y>319</y><time>20-01-21 17:39:15:479</time></pt><pt><x>413</x><y>319</y><time>20-01-21 17:39:15:796</time></pt><pt><x>419</x><y>320</y><time>20-01-21 17:39:16:112</time></pt><pt><x>424</x><y>320</y><time>20-01-21 17:39:16:432</time></pt><pt><x>430</x><y>320</y><time>20-01-21 17:39:16:745</time></pt><pt><x>434</x><y>320</y><time>20-01-21 17:39:17:023</time></pt><pt><x>438</x><y>320</y><time>20-01-21 17:39:17:297</time></pt><pt><x>444</x><y>320</y><time>20-01-21 17:39:17:605</time></pt><pt><x>448</x><y>319</y><time>20-01-21 17:39:17:965</time></pt><pt><x>452</x><y>317</y><time>20-01-21 17:39:18:279</time></pt><pt><x>453</x><y>316</y><time>20-01-21 17:39:18:595</time></pt><pt><x>453</x><y>313</y><time>20-01-21 17:39:18:901</time></pt><pt><x>451</x><y>312</y><time>20-01-21 17:39:19:249</time></pt><pt><x>451</x><y>310</y><time>20-01-21 17:39:19:569</time></pt><pt><x>452</x><y>309</y><time>20-01-21 17:39:19:846</time></pt><pt><x>455</x><y>308</y><time>20-01-21 17:39:20:221</time></pt><pt><x>454</x><y>305</y><time>20-01-21 17:39:20:669</time></pt><pt><x>453</x><y>303</y><time>20-01-21 17:39:21:009</time></pt><pt><x>453</x><y>300</y><time>20-01-21 17:39:21:340</time></pt><pt><x>453</x><y>297</y><time>20-01-21 17:39:21:615</time></pt><pt><x>452</x><y>295</y><time>20-01-21 17:39:21:873</time></pt><pt><x>451</x><y>292</y><time>20-01-21 17:39:22:190</time></pt><pt><x>450</x><y>290</y><time>20-01-21 17:39:22:622</time></pt><pt><x>452</x><y>271</y><time>20-01-21 17:39:23:887</time></pt><pt><x>453</x><y>266</y><time>20-01-21 17:39:24:361</time></pt><pt><x>455</x><y>262</y><time>20-01-21 17:39:24:729</time></pt><pt><x>455</x><y>258</y><time>20-01-21 17:39:25:011</time></pt><pt><x>455</x><y>255</y><time>20-01-21 17:39:25:262</time></pt><pt><x>455</x><y>251</y><time>20-01-21 17:39:25:507</time></pt><pt><x>455</x><y>248</y><time>20-01-21 17:39:25:759</time></pt><pt><x>458</x><y>217</y><time>20-01-21 17:39:27:042</time></pt><pt><x>458</x><y>214</y><time>20-01-21 17:39:27:403</time></pt><pt><x>458</x><y>209</y><time>20-01-21 17:39:27:678</time></pt><pt><x>460</x><y>203</y><time>20-01-21 17:39:28:040</time></pt><pt><x>461</x><y>197</y><time>20-01-21 17:39:28:427</time></pt><pt><x>467</x><y>174</y><time>20-01-21 17:39:29:693</time></pt><pt><x>467</x><y>170</y><time>20-01-21 17:39:30:078</time></pt><pt><x>468</x><y>166</y><time>20-01-21 17:39:30:359</time></pt><pt><x>468</x><y>164</y><time>20-01-21 17:39:30:603</time></pt><pt><x>468</x><y>161</y><time>20-01-21 17:39:30:831</time></pt><pt><x>469</x><y>159</y><time>20-01-21 17:39:31:046</time></pt><pt><x>468</x><y>156</y><time>20-01-21 17:39:31:258</time></pt><pt><x>468</x><y>154</y><time>20-01-21 17:39:31:485</time></pt><pt><x>467</x><y>151</y><time>20-01-21 17:39:31:738</time></pt><pt><x>468</x><y>149</y><time>20-01-21 17:39:31:987</time></pt><pt><x>468</x><y>146</y><time>20-01-21 17:39:32:201</time></pt><pt><x>469</x><y>143</y><time>20-01-21 17:39:32:510</time></pt><pt><x>471</x><y>145</y><time>20-01-21 17:39:32:964</time></pt><pt><x>472</x><y>147</y><time>20-01-21 17:39:33:264</time></pt><pt><x>473</x><y>149</y><time>20-01-21 17:39:33:506</time></pt><pt><x>474</x><y>151</y><time>20-01-21 17:39:33:750</time></pt><pt><x>474</x><y>154</y><time>20-01-21 17:39:33:994</time></pt><pt><x>475</x><y>157</y><time>20-01-21 17:39:34:221</time></pt><pt><x>477</x><y>159</y><time>20-01-21 17:39:34:443</time></pt><pt><x>477</x><y>161</y><time>20-01-21 17:39:34:664</time></pt><pt><x>478</x><y>163</y><time>20-01-21 17:39:34:845</time></pt><pt><x>478</x><y>167</y><time>20-01-21 17:39:35:174</time></pt><pt><x>478</x><y>170</y><time>20-01-21 17:39:35:461</time></pt><pt><x>478</x><y>174</y><time>20-01-21 17:39:35:678</time></pt><pt><x>477</x><y>176</y><time>20-01-21 17:39:35:923</time></pt><pt><x>477</x><y>179</y><time>20-01-21 17:39:36:203</time></pt><pt><x>477</x><y>182</y><time>20-01-21 17:39:36:440</time></pt><pt><x>478</x><y>184</y><time>20-01-21 17:39:36:659</time></pt><pt><x>478</x><y>187</y><time>20-01-21 17:39:36:903</time></pt><pt><x>481</x><y>188</y><time>20-01-21 17:39:37:163</time></pt><pt><x>484</x><y>188</y><time>20-01-21 17:39:37:464</time></pt><pt><x>487</x><y>188</y><time>20-01-21 17:39:37:715</time></pt><pt><x>489</x><y>186</y><time>20-01-21 17:39:37:980</time></pt><pt><x>491</x><y>184</y><time>20-01-21 17:39:38:233</time></pt><pt><x>492</x><y>181</y><time>20-01-21 17:39:38:518</time></pt><pt><x>492</x><y>179</y><time>20-01-21 17:39:38:776</time></pt><pt><x>491</x><y>174</y><time>20-01-21 17:39:39:121</time></pt><pt><x>491</x><y>172</y><time>20-01-21 17:39:39:374</time></pt><pt><x>490</x><y>169</y><time>20-01-21 17:39:39:601</time></pt><pt><x>488</x><y>135</y><time>20-01-21 17:39:40:979</time></pt><pt><x>486</x><y>132</y><time>20-01-21 17:39:41:380</time></pt><pt><x>484</x><y>126</y><time>20-01-21 17:39:41:812</time></pt><pt><x>483</x><y>122</y><time>20-01-21 17:39:42:087</time></pt><pt><x>482</x><y>118</y><time>20-01-21 17:39:42:326</time></pt><pt><x>482</x><y>114</y><time>20-01-21 17:39:42:544</time></pt><pt><x>480</x><y>107</y><time>20-01-21 17:39:42:794</time></pt><pt><x>478</x><y>92</y><time>20-01-21 17:39:43:968</time></pt><pt><x>476</x><y>84</y><time>20-01-21 17:39:44:284</time></pt><pt><x>475</x><y>80</y><time>20-01-21 17:39:44:699</time></pt><pt><x>474</x><y>74</y><time>20-01-21 17:39:45:375</time></pt><pt><x>471</x><y>70</y><time>20-01-21 17:39:45:674</time></pt><pt><x>469</x><y>68</y><time>20-01-21 17:39:45:973</time></pt><pt><x>466</x><y>66</y><time>20-01-21 17:39:46:279</time></pt><pt><x>461</x><y>64</y><time>20-01-21 17:39:46:659</time></pt><pt><x>457</x><y>63</y><time>20-01-21 17:39:46:988</time></pt><pt><x>452</x><y>62</y><time>20-01-21 17:39:47:341</time></pt><pt><x>448</x><y>62</y><time>20-01-21 17:39:47:665</time></pt><pt><x>445</x><y>63</y><time>20-01-21 17:39:48:018</time></pt><pt><x>443</x><y>63</y><time>20-01-21 17:39:48:419</time></pt><pt><x>442</x><y>61</y><time>20-01-21 17:39:48:780</time></pt><pt><x>442</x><y>57</y><time>20-01-21 17:39:51:315</time></pt><pt><x>445</x><y>56</y><time>20-01-21 17:39:51:738</time></pt><pt><x>448</x><y>52</y><time>20-01-21 17:39:52:077</time></pt><pt><x>451</x><y>49</y><time>20-01-21 17:39:52:432</time></pt><pt><x>451</x><y>46</y><time>20-01-21 17:39:52:753</time></pt><pt><x>451</x><y>42</y><time>20-01-21 17:39:53:092</time></pt><pt><x>451</x><y>39</y><time>20-01-21 17:39:53:375</time></pt><pt><x>449</x><y>36</y><time>20-01-21 17:39:53:681</time></pt><pt><x>448</x><y>34</y><time>20-01-21 17:39:53:980</time></pt><pt><x>445</x><y>31</y><time>20-01-21 17:39:54:247</time></pt><pt><x>443</x><y>29</y><time>20-01-21 17:39:54:572</time></pt><pt><x>442</x><y>28</y><time>20-01-21 17:39:54:838</time></pt><pt><x>442</x><y>27</y><time>20-01-21 17:39:55:113</time></pt><pt><x>441</x><y>25</y><time>20-01-21 17:39:55:444</time></pt><pt><x>440</x><y>24</y><time>20-01-21 17:39:55:805</time></pt><closed_date>20-01-21 17:39:56:261</closed_date></polygon></object><object><name>person</name><deleted>0</deleted><verified>0</verified><occluded>no</occluded><attributes></attributes><parts><hasparts></hasparts><ispartof></ispartof></parts><date>20-01-21 17:43:59:456</date><id>1</id><polygon><username>7hao</username><pt><x>314</x><y>103</y><time>20-01-21 17:42:08:748</time></pt><pt><x>310</x><y>103</y><time>20-01-21 17:42:09:464</time></pt><pt><x>307</x><y>104</y><time>20-01-21 17:42:09:796</time></pt><pt><x>306</x><y>105</y><time>20-01-21 17:42:10:061</time></pt><pt><x>304</x><y>106</y><time>20-01-21 17:42:10:319</time></pt><pt><x>303</x><y>108</y><time>20-01-21 17:42:10:564</time></pt><pt><x>302</x><y>109</y><time>20-01-21 17:42:10:832</time></pt><pt><x>301</x><y>111</y><time>20-01-21 17:42:11:076</time></pt><pt><x>300</x><y>113</y><time>20-01-21 17:42:11:342</time></pt><pt><x>300</x><y>115</y><time>20-01-21 17:42:11:556</time></pt><pt><x>300</x><y>117</y><time>20-01-21 17:42:11:777</time></pt><pt><x>299</x><y>119</y><time>20-01-21 17:42:12:013</time></pt><pt><x>299</x><y>121</y><time>20-01-21 17:42:12:207</time></pt><pt><x>299</x><y>123</y><time>20-01-21 17:42:12:531</time></pt><pt><x>299</x><y>126</y><time>20-01-21 17:42:12:822</time></pt><pt><x>300</x><y>129</y><time>20-01-21 17:42:13:095</time></pt><pt><x>301</x><y>130</y><time>20-01-21 17:42:13:412</time></pt><pt><x>302</x><y>131</y><time>20-01-21 17:42:13:694</time></pt><pt><x>301</x><y>133</y><time>20-01-21 17:42:13:947</time></pt><pt><x>300</x><y>134</y><time>20-01-21 17:42:14:166</time></pt><pt><x>299</x><y>137</y><time>20-01-21 17:42:14:496</time></pt><pt><x>298</x><y>138</y><time>20-01-21 17:42:14:772</time></pt><pt><x>296</x><y>139</y><time>20-01-21 17:42:14:938</time></pt><pt><x>295</x><y>140</y><time>20-01-21 17:42:15:142</time></pt><pt><x>293</x><y>144</y><time>20-01-21 17:42:16:580</time></pt><pt><x>291</x><y>147</y><time>20-01-21 17:42:16:925</time></pt><pt><x>290</x><y>151</y><time>20-01-21 17:42:17:154</time></pt><pt><x>290</x><y>155</y><time>20-01-21 17:42:17:416</time></pt><pt><x>289</x><y>158</y><time>20-01-21 17:42:17:651</time></pt><pt><x>289</x><y>161</y><time>20-01-21 17:42:17:878</time></pt><pt><x>289</x><y>163</y><time>20-01-21 17:42:18:122</time></pt><pt><x>289</x><y>165</y><time>20-01-21 17:42:19:344</time></pt><pt><x>287</x><y>169</y><time>20-01-21 17:42:19:610</time></pt><pt><x>287</x><y>172</y><time>20-01-21 17:42:19:815</time></pt><pt><x>286</x><y>176</y><time>20-01-21 17:42:20:071</time></pt><pt><x>285</x><y>179</y><time>20-01-21 17:42:20:307</time></pt><pt><x>284</x><y>182</y><time>20-01-21 17:42:20:559</time></pt><pt><x>283</x><y>185</y><time>20-01-21 17:42:20:811</time></pt><pt><x>282</x><y>188</y><time>20-01-21 17:42:21:109</time></pt><pt><x>282</x><y>190</y><time>20-01-21 17:42:21:346</time></pt><pt><x>281</x><y>192</y><time>20-01-21 17:42:21:565</time></pt><pt><x>280</x><y>194</y><time>20-01-21 17:42:21:809</time></pt><pt><x>278</x><y>194</y><time>20-01-21 17:42:22:021</time></pt><pt><x>277</x><y>196</y><time>20-01-21 17:42:22:235</time></pt><pt><x>277</x><y>202</y><time>20-01-21 17:42:23:539</time></pt><pt><x>277</x><y>204</y><time>20-01-21 17:42:23:792</time></pt><pt><x>278</x><y>205</y><time>20-01-21 17:42:24:089</time></pt><pt><x>280</x><y>205</y><time>20-01-21 17:42:24:341</time></pt><pt><x>283</x><y>205</y><time>20-01-21 17:42:24:569</time></pt><pt><x>284</x><y>205</y><time>20-01-21 17:42:24:853</time></pt><pt><x>285</x><y>203</y><time>20-01-21 17:42:25:253</time></pt><pt><x>285</x><y>201</y><time>20-01-21 17:42:25:569</time></pt><pt><x>285</x><y>199</y><time>20-01-21 17:42:25:797</time></pt><pt><x>285</x><y>196</y><time>20-01-21 17:42:26:042</time></pt><pt><x>286</x><y>195</y><time>20-01-21 17:42:26:269</time></pt><pt><x>287</x><y>192</y><time>20-01-21 17:42:26:520</time></pt><pt><x>289</x><y>190</y><time>20-01-21 17:42:26:962</time></pt><pt><x>290</x><y>189</y><time>20-01-21 17:42:27:244</time></pt><pt><x>291</x><y>188</y><time>20-01-21 17:42:27:573</time></pt><pt><x>291</x><y>191</y><time>20-01-21 17:42:27:968</time></pt><pt><x>291</x><y>193</y><time>20-01-21 17:42:28:212</time></pt><pt><x>291</x><y>194</y><time>20-01-21 17:42:28:424</time></pt><pt><x>290</x><y>196</y><time>20-01-21 17:42:28:614</time></pt><pt><x>290</x><y>198</y><time>20-01-21 17:42:28:794</time></pt><pt><x>290</x><y>201</y><time>20-01-21 17:42:28:992</time></pt><pt><x>291</x><y>203</y><time>20-01-21 17:42:29:179</time></pt><pt><x>292</x><y>205</y><time>20-01-21 17:42:29:400</time></pt><pt><x>293</x><y>207</y><time>20-01-21 17:42:29:614</time></pt><pt><x>293</x><y>210</y><time>20-01-21 17:42:29:865</time></pt><pt><x>291</x><y>213</y><time>20-01-21 17:42:30:075</time></pt><pt><x>291</x><y>215</y><time>20-01-21 17:42:30:272</time></pt><pt><x>290</x><y>218</y><time>20-01-21 17:42:30:492</time></pt><pt><x>291</x><y>229</y><time>20-01-21 17:42:31:712</time></pt><pt><x>291</x><y>233</y><time>20-01-21 17:42:32:004</time></pt><pt><x>291</x><y>236</y><time>20-01-21 17:42:32:254</time></pt><pt><x>291</x><y>239</y><time>20-01-21 17:42:32:460</time></pt><pt><x>292</x><y>242</y><time>20-01-21 17:42:32:678</time></pt><pt><x>292</x><y>245</y><time>20-01-21 17:42:32:946</time></pt><pt><x>293</x><y>247</y><time>20-01-21 17:42:33:166</time></pt><pt><x>293</x><y>250</y><time>20-01-21 17:42:33:349</time></pt><pt><x>293</x><y>252</y><time>20-01-21 17:42:33:533</time></pt><pt><x>292</x><y>254</y><time>20-01-21 17:42:33:828</time></pt><pt><x>292</x><y>257</y><time>20-01-21 17:42:34:158</time></pt><pt><x>293</x><y>264</y><time>20-01-21 17:42:35:339</time></pt><pt><x>293</x><y>266</y><time>20-01-21 17:42:35:595</time></pt><pt><x>293</x><y>268</y><time>20-01-21 17:42:35:824</time></pt><pt><x>293</x><y>271</y><time>20-01-21 17:42:36:038</time></pt><pt><x>292</x><y>272</y><time>20-01-21 17:42:36:305</time></pt><pt><x>290</x><y>274</y><time>20-01-21 17:42:36:558</time></pt><pt><x>288</x><y>276</y><time>20-01-21 17:42:36:815</time></pt><pt><x>286</x><y>277</y><time>20-01-21 17:42:37:091</time></pt><pt><x>285</x><y>277</y><time>20-01-21 17:42:37:413</time></pt><pt><x>282</x><y>277</y><time>20-01-21 17:42:37:633</time></pt><pt><x>281</x><y>278</y><time>20-01-21 17:42:37:839</time></pt><pt><x>278</x><y>279</y><time>20-01-21 17:42:38:174</time></pt><pt><x>278</x><y>280</y><time>20-01-21 17:42:38:452</time></pt><pt><x>279</x><y>282</y><time>20-01-21 17:42:38:791</time></pt><pt><x>281</x><y>283</y><time>20-01-21 17:42:39:105</time></pt><pt><x>284</x><y>284</y><time>20-01-21 17:42:39:402</time></pt><pt><x>289</x><y>284</y><time>20-01-21 17:42:39:692</time></pt><pt><x>292</x><y>284</y><time>20-01-21 17:42:39:929</time></pt><pt><x>307</x><y>284</y><time>20-01-21 17:42:40:653</time></pt><pt><x>309</x><y>283</y><time>20-01-21 17:42:41:052</time></pt><pt><x>309</x><y>281</y><time>20-01-21 17:42:41:390</time></pt><pt><x>308</x><y>279</y><time>20-01-21 17:42:41:619</time></pt><pt><x>308</x><y>278</y><time>20-01-21 17:42:41:838</time></pt><pt><x>309</x><y>277</y><time>20-01-21 17:42:42:084</time></pt><pt><x>310</x><y>275</y><time>20-01-21 17:42:42:311</time></pt><pt><x>310</x><y>272</y><time>20-01-21 17:42:42:548</time></pt><pt><x>310</x><y>271</y><time>20-01-21 17:42:42:729</time></pt><pt><x>309</x><y>268</y><time>20-01-21 17:42:42:942</time></pt><pt><x>308</x><y>266</y><time>20-01-21 17:42:43:122</time></pt><pt><x>309</x><y>259</y><time>20-01-21 17:42:44:168</time></pt><pt><x>309</x><y>257</y><time>20-01-21 17:42:44:381</time></pt><pt><x>309</x><y>255</y><time>20-01-21 17:42:44:578</time></pt><pt><x>310</x><y>254</y><time>20-01-21 17:42:44:891</time></pt><pt><x>311</x><y>252</y><time>20-01-21 17:42:45:095</time></pt><pt><x>311</x><y>250</y><time>20-01-21 17:42:45:315</time></pt><pt><x>311</x><y>248</y><time>20-01-21 17:42:45:535</time></pt><pt><x>316</x><y>256</y><time>20-01-21 17:42:46:418</time></pt><pt><x>317</x><y>259</y><time>20-01-21 17:42:46:731</time></pt><pt><x>318</x><y>262</y><time>20-01-21 17:42:46:975</time></pt><pt><x>319</x><y>264</y><time>20-01-21 17:42:47:196</time></pt><pt><x>321</x><y>267</y><time>20-01-21 17:42:47:598</time></pt><pt><x>323</x><y>269</y><time>20-01-21 17:42:47:911</time></pt><pt><x>324</x><y>272</y><time>20-01-21 17:42:48:358</time></pt><pt><x>325</x><y>275</y><time>20-01-21 17:42:48:689</time></pt><pt><x>326</x><y>277</y><time>20-01-21 17:42:48:950</time></pt><pt><x>327</x><y>280</y><time>20-01-21 17:43:22:947</time></pt><pt><x>329</x><y>281</y><time>20-01-21 17:43:23:287</time></pt><pt><x>330</x><y>283</y><time>20-01-21 17:43:23:870</time></pt><pt><x>333</x><y>283</y><time>20-01-21 17:43:24:216</time></pt><pt><x>336</x><y>282</y><time>20-01-21 17:43:24:481</time></pt><pt><x>338</x><y>281</y><time>20-01-21 17:43:24:790</time></pt><pt><x>339</x><y>279</y><time>20-01-21 17:43:25:001</time></pt><pt><x>338</x><y>277</y><time>20-01-21 17:43:25:385</time></pt><pt><x>336</x><y>274</y><time>20-01-21 17:43:25:677</time></pt><pt><x>334</x><y>272</y><time>20-01-21 17:43:25:928</time></pt><pt><x>333</x><y>269</y><time>20-01-21 17:43:27:087</time></pt><pt><x>334</x><y>266</y><time>20-01-21 17:43:27:431</time></pt><pt><x>333</x><y>263</y><time>20-01-21 17:43:27:729</time></pt><pt><x>332</x><y>262</y><time>20-01-21 17:43:27:982</time></pt><pt><x>330</x><y>260</y><time>20-01-21 17:43:28:259</time></pt><pt><x>330</x><y>258</y><time>20-01-21 17:43:28:518</time></pt><pt><x>329</x><y>255</y><time>20-01-21 17:43:28:753</time></pt><pt><x>329</x><y>253</y><time>20-01-21 17:43:28:997</time></pt><pt><x>327</x><y>251</y><time>20-01-21 17:43:29:791</time></pt><pt><x>325</x><y>248</y><time>20-01-21 17:43:30:066</time></pt><pt><x>325</x><y>246</y><time>20-01-21 17:43:30:325</time></pt><pt><x>325</x><y>243</y><time>20-01-21 17:43:30:640</time></pt><pt><x>325</x><y>238</y><time>20-01-21 17:43:31:890</time></pt><pt><x>324</x><y>236</y><time>20-01-21 17:43:32:188</time></pt><pt><x>322</x><y>234</y><time>20-01-21 17:43:32:425</time></pt><pt><x>321</x><y>232</y><time>20-01-21 17:43:32:668</time></pt><pt><x>320</x><y>230</y><time>20-01-21 17:43:32:928</time></pt><pt><x>320</x><y>227</y><time>20-01-21 17:43:33:167</time></pt><pt><x>320</x><y>224</y><time>20-01-21 17:43:33:385</time></pt><pt><x>321</x><y>220</y><time>20-01-21 17:43:33:793</time></pt><pt><x>321</x><y>217</y><time>20-01-21 17:43:34:102</time></pt><pt><x>323</x><y>206</y><time>20-01-21 17:43:35:510</time></pt><pt><x>324</x><y>205</y><time>20-01-21 17:43:36:813</time></pt><pt><x>325</x><y>206</y><time>20-01-21 17:43:37:286</time></pt><pt><x>326</x><y>205</y><time>20-01-21 17:43:37:594</time></pt><pt><x>327</x><y>204</y><time>20-01-21 17:43:37:822</time></pt><pt><x>328</x><y>202</y><time>20-01-21 17:43:38:042</time></pt><pt><x>329</x><y>201</y><time>20-01-21 17:43:38:324</time></pt><pt><x>330</x><y>200</y><time>20-01-21 17:43:38:562</time></pt><pt><x>331</x><y>199</y><time>20-01-21 17:43:38:795</time></pt><pt><x>331</x><y>197</y><time>20-01-21 17:43:38:991</time></pt><pt><x>331</x><y>196</y><time>20-01-21 17:43:39:205</time></pt><pt><x>331</x><y>194</y><time>20-01-21 17:43:39:397</time></pt><pt><x>331</x><y>193</y><time>20-01-21 17:43:39:598</time></pt><pt><x>332</x><y>192</y><time>20-01-21 17:43:39:795</time></pt><pt><x>333</x><y>185</y><time>20-01-21 17:43:41:078</time></pt><pt><x>333</x><y>182</y><time>20-01-21 17:43:41:354</time></pt><pt><x>333</x><y>180</y><time>20-01-21 17:43:41:557</time></pt><pt><x>335</x><y>173</y><time>20-01-21 17:43:43:618</time></pt><pt><x>334</x><y>170</y><time>20-01-21 17:43:44:011</time></pt><pt><x>334</x><y>167</y><time>20-01-21 17:43:44:301</time></pt><pt><x>334</x><y>164</y><time>20-01-21 17:43:44:521</time></pt><pt><x>333</x><y>162</y><time>20-01-21 17:43:44:733</time></pt><pt><x>332</x><y>159</y><time>20-01-21 17:43:45:015</time></pt><pt><x>332</x><y>157</y><time>20-01-21 17:43:45:283</time></pt><pt><x>332</x><y>155</y><time>20-01-21 17:43:45:519</time></pt><pt><x>330</x><y>146</y><time>20-01-21 17:43:46:777</time></pt><pt><x>329</x><y>143</y><time>20-01-21 17:43:47:116</time></pt><pt><x>328</x><y>138</y><time>20-01-21 17:43:47:416</time></pt><pt><x>327</x><y>135</y><time>20-01-21 17:43:47:681</time></pt><pt><x>326</x><y>133</y><time>20-01-21 17:43:47:942</time></pt><pt><x>325</x><y>131</y><time>20-01-21 17:43:48:201</time></pt><pt><x>324</x><y>129</y><time>20-01-21 17:43:48:437</time></pt><pt><x>323</x><y>128</y><time>20-01-21 17:43:48:697</time></pt><pt><x>320</x><y>127</y><time>20-01-21 17:43:48:940</time></pt><pt><x>319</x><y>127</y><time>20-01-21 17:43:49:224</time></pt><pt><x>318</x><y>126</y><time>20-01-21 17:43:49:735</time></pt><pt><x>318</x><y>125</y><time>20-01-21 17:43:50:095</time></pt><pt><x>319</x><y>124</y><time>20-01-21 17:43:50:373</time></pt><pt><x>321</x><y>122</y><time>20-01-21 17:43:50:631</time></pt><pt><x>322</x><y>117</y><time>20-01-21 17:43:51:984</time></pt><pt><x>321</x><y>115</y><time>20-01-21 17:43:52:278</time></pt><pt><x>321</x><y>113</y><time>20-01-21 17:43:52:526</time></pt><pt><x>321</x><y>111</y><time>20-01-21 17:43:52:844</time></pt><pt><x>321</x><y>109</y><time>20-01-21 17:43:53:109</time></pt><pt><x>320</x><y>107</y><time>20-01-21 17:43:53:367</time></pt><pt><x>319</x><y>105</y><time>20-01-21 17:43:53:659</time></pt><pt><x>318</x><y>105</y><time>20-01-21 17:43:53:957</time></pt><pt><x>316</x><y>104</y><time>20-01-21 17:43:54:258</time></pt><pt><x>315</x><y>104</y><time>20-01-21 17:43:54:683</time></pt><closed_date>20-01-21 17:43:55:229</closed_date></polygon></object><object><name>person</name><deleted>0</deleted><verified>0</verified><occluded>no</occluded><attributes></attributes><parts><hasparts></hasparts><ispartof></ispartof></parts><date>20-01-21 17:47:35:864</date><id>2</id><polygon><username>7hao</username><pt><x>362</x><y>109</y><time>20-01-21 17:45:29:640</time></pt><pt><x>360</x><y>108</y><time>20-01-21 17:45:29:965</time></pt><pt><x>358</x><y>107</y><time>20-01-21 17:45:30:255</time></pt><pt><x>356</x><y>107</y><time>20-01-21 17:45:30:524</time></pt><pt><x>355</x><y>108</y><time>20-01-21 17:45:30:711</time></pt><pt><x>354</x><y>109</y><time>20-01-21 17:45:30:946</time></pt><pt><x>353</x><y>110</y><time>20-01-21 17:45:31:143</time></pt><pt><x>352</x><y>112</y><time>20-01-21 17:45:31:371</time></pt><pt><x>349</x><y>113</y><time>20-01-21 17:45:31:570</time></pt><pt><x>348</x><y>115</y><time>20-01-21 17:45:31:937</time></pt><pt><x>347</x><y>117</y><time>20-01-21 17:45:32:254</time></pt><pt><x>347</x><y>119</y><time>20-01-21 17:45:32:747</time></pt><pt><x>348</x><y>121</y><time>20-01-21 17:45:33:008</time></pt><pt><x>348</x><y>123</y><time>20-01-21 17:45:33:268</time></pt><pt><x>349</x><y>124</y><time>20-01-21 17:45:33:511</time></pt><pt><x>350</x><y>126</y><time>20-01-21 17:45:33:731</time></pt><pt><x>350</x><y>127</y><time>20-01-21 17:45:33:967</time></pt><pt><x>350</x><y>129</y><time>20-01-21 17:45:35:147</time></pt><pt><x>349</x><y>129</y><time>20-01-21 17:45:35:407</time></pt><pt><x>347</x><y>130</y><time>20-01-21 17:45:35:666</time></pt><pt><x>345</x><y>130</y><time>20-01-21 17:45:35:894</time></pt><pt><x>344</x><y>131</y><time>20-01-21 17:45:36:091</time></pt><pt><x>343</x><y>132</y><time>20-01-21 17:45:36:288</time></pt><pt><x>343</x><y>134</y><time>20-01-21 17:45:36:507</time></pt><pt><x>343</x><y>135</y><time>20-01-21 17:45:36:711</time></pt><pt><x>342</x><y>139</y><time>20-01-21 17:45:38:025</time></pt><pt><x>341</x><y>140</y><time>20-01-21 17:45:38:286</time></pt><pt><x>340</x><y>141</y><time>20-01-21 17:45:38:465</time></pt><pt><x>339</x><y>142</y><time>20-01-21 17:45:38:681</time></pt><pt><x>338</x><y>143</y><time>20-01-21 17:45:38:937</time></pt><pt><x>336</x><y>148</y><time>20-01-21 17:45:52:280</time></pt><pt><x>336</x><y>149</y><time>20-01-21 17:45:52:573</time></pt><pt><x>336</x><y>152</y><time>20-01-21 17:45:52:995</time></pt><pt><x>336</x><y>153</y><time>20-01-21 17:45:53:279</time></pt><pt><x>337</x><y>154</y><time>20-01-21 17:45:53:547</time></pt><pt><x>338</x><y>155</y><time>20-01-21 17:45:53:821</time></pt><pt><x>338</x><y>157</y><time>20-01-21 17:45:54:081</time></pt><pt><x>338</x><y>158</y><time>20-01-21 17:45:54:332</time></pt><pt><x>337</x><y>160</y><time>20-01-21 17:45:54:575</time></pt><pt><x>336</x><y>161</y><time>20-01-21 17:45:54:791</time></pt><pt><x>337</x><y>164</y><time>20-01-21 17:45:55:150</time></pt><pt><x>337</x><y>166</y><time>20-01-21 17:45:55:466</time></pt><pt><x>337</x><y>168</y><time>20-01-21 17:45:55:810</time></pt><pt><x>338</x><y>170</y><time>20-01-21 17:45:56:093</time></pt><pt><x>338</x><y>174</y><time>20-01-21 17:45:57:352</time></pt><pt><x>337</x><y>177</y><time>20-01-21 17:45:57:666</time></pt><pt><x>337</x><y>179</y><time>20-01-21 17:45:57:941</time></pt><pt><x>337</x><y>181</y><time>20-01-21 17:45:58:227</time></pt><pt><x>337</x><y>184</y><time>20-01-21 17:45:58:532</time></pt><pt><x>339</x><y>185</y><time>20-01-21 17:45:59:923</time></pt><pt><x>339</x><y>187</y><time>20-01-21 17:46:00:159</time></pt><pt><x>339</x><y>188</y><time>20-01-21 17:46:00:395</time></pt><pt><x>340</x><y>189</y><time>20-01-21 17:46:00:626</time></pt><pt><x>341</x><y>190</y><time>20-01-21 17:46:00:859</time></pt><pt><x>341</x><y>191</y><time>20-01-21 17:46:01:151</time></pt><pt><x>341</x><y>193</y><time>20-01-21 17:46:01:389</time></pt><pt><x>342</x><y>194</y><time>20-01-21 17:46:01:586</time></pt><pt><x>342</x><y>198</y><time>20-01-21 17:46:02:708</time></pt><pt><x>343</x><y>200</y><time>20-01-21 17:46:03:007</time></pt><pt><x>343</x><y>203</y><time>20-01-21 17:46:03:455</time></pt><pt><x>344</x><y>206</y><time>20-01-21 17:46:03:787</time></pt><pt><x>346</x><y>211</y><time>20-01-21 17:46:05:137</time></pt><pt><x>345</x><y>213</y><time>20-01-21 17:46:05:429</time></pt><pt><x>345</x><y>215</y><time>20-01-21 17:46:05:697</time></pt><pt><x>344</x><y>217</y><time>20-01-21 17:46:05:949</time></pt><pt><x>344</x><y>218</y><time>20-01-21 17:46:06:122</time></pt><pt><x>344</x><y>220</y><time>20-01-21 17:46:06:406</time></pt><pt><x>344</x><y>222</y><time>20-01-21 17:46:06:664</time></pt><pt><x>343</x><y>224</y><time>20-01-21 17:46:06:899</time></pt><pt><x>342</x><y>226</y><time>20-01-21 17:46:07:082</time></pt><pt><x>342</x><y>227</y><time>20-01-21 17:46:07:301</time></pt><pt><x>337</x><y>233</y><time>20-01-21 17:46:08:381</time></pt><pt><x>336</x><y>235</y><time>20-01-21 17:46:08:669</time></pt><pt><x>334</x><y>237</y><time>20-01-21 17:46:08:954</time></pt><pt><x>333</x><y>239</y><time>20-01-21 17:46:09:181</time></pt><pt><x>333</x><y>241</y><time>20-01-21 17:46:09:513</time></pt><pt><x>332</x><y>243</y><time>20-01-21 17:46:09:778</time></pt><pt><x>332</x><y>245</y><time>20-01-21 17:46:13:317</time></pt><pt><x>331</x><y>246</y><time>20-01-21 17:46:13:655</time></pt><pt><x>330</x><y>248</y><time>20-01-21 17:46:13:907</time></pt><pt><x>330</x><y>249</y><time>20-01-21 17:46:14:175</time></pt><pt><x>330</x><y>251</y><time>20-01-21 17:46:14:466</time></pt><pt><x>330</x><y>252</y><time>20-01-21 17:46:14:804</time></pt><pt><x>330</x><y>253</y><time>20-01-21 17:46:15:137</time></pt><pt><x>330</x><y>254</y><time>20-01-21 17:46:15:489</time></pt><pt><x>330</x><y>256</y><time>20-01-21 17:46:15:889</time></pt><pt><x>331</x><y>258</y><time>20-01-21 17:46:16:432</time></pt><pt><x>331</x><y>259</y><time>20-01-21 17:46:16:887</time></pt><pt><x>332</x><y>260</y><time>20-01-21 17:46:17:297</time></pt><pt><x>333</x><y>262</y><time>20-01-21 17:46:18:266</time></pt><pt><x>334</x><y>263</y><time>20-01-21 17:46:20:655</time></pt><pt><x>334</x><y>265</y><time>20-01-21 17:46:21:302</time></pt><pt><x>335</x><y>266</y><time>20-01-21 17:46:22:254</time></pt><pt><x>334</x><y>268</y><time>20-01-21 17:46:23:527</time></pt><pt><x>334</x><y>269</y><time>20-01-21 17:46:24:462</time></pt><pt><x>334</x><y>270</y><time>20-01-21 17:46:25:635</time></pt><pt><x>334</x><y>271</y><time>20-01-21 17:46:26:538</time></pt><pt><x>335</x><y>271</y><time>20-01-21 17:46:27:264</time></pt><pt><x>335</x><y>272</y><time>20-01-21 17:46:28:476</time></pt><pt><x>336</x><y>273</y><time>20-01-21 17:46:29:207</time></pt><pt><x>337</x><y>274</y><time>20-01-21 17:46:29:985</time></pt><pt><x>339</x><y>278</y><time>20-01-21 17:46:31:149</time></pt><pt><x>341</x><y>279</y><time>20-01-21 17:46:34:455</time></pt><pt><x>342</x><y>280</y><time>20-01-21 17:46:35:014</time></pt><pt><x>344</x><y>279</y><time>20-01-21 17:46:35:358</time></pt><pt><x>345</x><y>279</y><time>20-01-21 17:46:35:799</time></pt><pt><x>345</x><y>277</y><time>20-01-21 17:46:36:113</time></pt><pt><x>344</x><y>276</y><time>20-01-21 17:46:36:414</time></pt><pt><x>342</x><y>275</y><time>20-01-21 17:46:36:775</time></pt><pt><x>340</x><y>274</y><time>20-01-21 17:46:37:073</time></pt><pt><x>339</x><y>273</y><time>20-01-21 17:46:37:382</time></pt><pt><x>338</x><y>272</y><time>20-01-21 17:46:37:698</time></pt><pt><x>337</x><y>270</y><time>20-01-21 17:46:38:082</time></pt><pt><x>336</x><y>268</y><time>20-01-21 17:46:38:437</time></pt><pt><x>336</x><y>267</y><time>20-01-21 17:46:38:820</time></pt><pt><x>336</x><y>265</y><time>20-01-21 17:46:39:261</time></pt><pt><x>336</x><y>262</y><time>20-01-21 17:46:40:613</time></pt><pt><x>337</x><y>260</y><time>20-01-21 17:46:41:069</time></pt><pt><x>345</x><y>249</y><time>20-01-21 17:46:55:657</time></pt><pt><x>346</x><y>245</y><time>20-01-21 17:46:56:136</time></pt><pt><x>348</x><y>241</y><time>20-01-21 17:46:56:497</time></pt><pt><x>350</x><y>238</y><time>20-01-21 17:46:56:781</time></pt><pt><x>352</x><y>234</y><time>20-01-21 17:46:57:095</time></pt><pt><x>354</x><y>232</y><time>20-01-21 17:46:57:379</time></pt><pt><x>355</x><y>231</y><time>20-01-21 17:46:57:701</time></pt><pt><x>356</x><y>236</y><time>20-01-21 17:46:59:135</time></pt><pt><x>356</x><y>240</y><time>20-01-21 17:46:59:503</time></pt><pt><x>357</x><y>244</y><time>20-01-21 17:46:59:834</time></pt><pt><x>358</x><y>247</y><time>20-01-21 17:47:00:062</time></pt><pt><x>364</x><y>259</y><time>20-01-21 17:47:01:303</time></pt><pt><x>366</x><y>262</y><time>20-01-21 17:47:01:721</time></pt><pt><x>367</x><y>264</y><time>20-01-21 17:47:02:028</time></pt><pt><x>367</x><y>267</y><time>20-01-21 17:47:02:350</time></pt><pt><x>367</x><y>270</y><time>20-01-21 17:47:02:649</time></pt><pt><x>366</x><y>272</y><time>20-01-21 17:47:02:895</time></pt><pt><x>366</x><y>274</y><time>20-01-21 17:47:03:130</time></pt><pt><x>367</x><y>277</y><time>20-01-21 17:47:03:395</time></pt><pt><x>370</x><y>278</y><time>20-01-21 17:47:03:822</time></pt><pt><x>373</x><y>277</y><time>20-01-21 17:47:04:213</time></pt><pt><x>389</x><y>277</y><time>20-01-21 17:47:07:102</time></pt><pt><x>389</x><y>275</y><time>20-01-21 17:47:07:501</time></pt><pt><x>389</x><y>272</y><time>20-01-21 17:47:07:826</time></pt><pt><x>388</x><y>271</y><time>20-01-21 17:47:08:068</time></pt><pt><x>385</x><y>270</y><time>20-01-21 17:47:08:343</time></pt><pt><x>383</x><y>269</y><time>20-01-21 17:47:08:604</time></pt><pt><x>383</x><y>267</y><time>20-01-21 17:47:08:886</time></pt><pt><x>383</x><y>265</y><time>20-01-21 17:47:09:272</time></pt><pt><x>377</x><y>264</y><time>20-01-21 17:47:10:419</time></pt><pt><x>375</x><y>262</y><time>20-01-21 17:47:11:119</time></pt><pt><x>373</x><y>257</y><time>20-01-21 17:47:11:569</time></pt><pt><x>368</x><y>237</y><time>20-01-21 17:47:13:007</time></pt><pt><x>367</x><y>234</y><time>20-01-21 17:47:13:385</time></pt><pt><x>368</x><y>232</y><time>20-01-21 17:47:13:646</time></pt><pt><x>369</x><y>229</y><time>20-01-21 17:47:13:967</time></pt><pt><x>369</x><y>226</y><time>20-01-21 17:47:14:243</time></pt><pt><x>369</x><y>223</y><time>20-01-21 17:47:14:501</time></pt><pt><x>368</x><y>221</y><time>20-01-21 17:47:14:770</time></pt><pt><x>368</x><y>218</y><time>20-01-21 17:47:15:022</time></pt><pt><x>368</x><y>217</y><time>20-01-21 17:47:15:306</time></pt><pt><x>367</x><y>214</y><time>20-01-21 17:47:15:698</time></pt><pt><x>367</x><y>212</y><time>20-01-21 17:47:16:398</time></pt><pt><x>369</x><y>210</y><time>20-01-21 17:47:16:681</time></pt><pt><x>370</x><y>209</y><time>20-01-21 17:47:16:933</time></pt><pt><x>373</x><y>202</y><time>20-01-21 17:47:18:317</time></pt><pt><x>374</x><y>197</y><time>20-01-21 17:47:18:994</time></pt><pt><x>374</x><y>194</y><time>20-01-21 17:47:19:347</time></pt><pt><x>375</x><y>191</y><time>20-01-21 17:47:19:685</time></pt><pt><x>375</x><y>189</y><time>20-01-21 17:47:19:986</time></pt><pt><x>375</x><y>186</y><time>20-01-21 17:47:20:302</time></pt><pt><x>375</x><y>184</y><time>20-01-21 17:47:20:614</time></pt><pt><x>374</x><y>183</y><time>20-01-21 17:47:21:002</time></pt><pt><x>374</x><y>165</y><time>20-01-21 17:47:22:141</time></pt><pt><x>374</x><y>161</y><time>20-01-21 17:47:22:534</time></pt><pt><x>373</x><y>149</y><time>20-01-21 17:47:23:619</time></pt><pt><x>373</x><y>144</y><time>20-01-21 17:47:24:036</time></pt><pt><x>373</x><y>142</y><time>20-01-21 17:47:24:342</time></pt><pt><x>372</x><y>139</y><time>20-01-21 17:47:24:626</time></pt><pt><x>371</x><y>136</y><time>20-01-21 17:47:24:904</time></pt><pt><x>369</x><y>135</y><time>20-01-21 17:47:25:192</time></pt><pt><x>368</x><y>133</y><time>20-01-21 17:47:25:545</time></pt><pt><x>367</x><y>132</y><time>20-01-21 17:47:25:860</time></pt><pt><x>368</x><y>130</y><time>20-01-21 17:47:26:168</time></pt><pt><x>369</x><y>126</y><time>20-01-21 17:47:27:921</time></pt><pt><x>369</x><y>124</y><time>20-01-21 17:47:28:259</time></pt><pt><x>368</x><y>122</y><time>20-01-21 17:47:28:544</time></pt><pt><x>368</x><y>120</y><time>20-01-21 17:47:28:825</time></pt><pt><x>367</x><y>117</y><time>20-01-21 17:47:29:244</time></pt><pt><x>368</x><y>115</y><time>20-01-21 17:47:29:582</time></pt><pt><x>369</x><y>114</y><time>20-01-21 17:47:29:871</time></pt><pt><x>368</x><y>112</y><time>20-01-21 17:47:30:218</time></pt><pt><x>366</x><y>111</y><time>20-01-21 17:47:30:549</time></pt><pt><x>364</x><y>110</y><time>20-01-21 17:47:30:917</time></pt><closed_date>20-01-21 17:47:31:512</closed_date></polygon></object><object><name>person</name><deleted>0</deleted><verified>0</verified><occluded>no</occluded><attributes></attributes><parts><hasparts></hasparts><ispartof></ispartof></parts><date>20-01-21 17:48:23:086</date><id>3</id><polygon><username>7hao</username><pt><x>319</x><y>266</y><time>20-01-21 17:48:07:825</time></pt><pt><x>318</x><y>268</y><time>20-01-21 17:48:08:372</time></pt><pt><x>318</x><y>269</y><time>20-01-21 17:48:08:664</time></pt><pt><x>318</x><y>270</y><time>20-01-21 17:48:08:889</time></pt><pt><x>317</x><y>271</y><time>20-01-21 17:48:09:094</time></pt><pt><x>317</x><y>272</y><time>20-01-21 17:48:09:301</time></pt><pt><x>316</x><y>274</y><time>20-01-21 17:48:09:573</time></pt><pt><x>317</x><y>275</y><time>20-01-21 17:48:09:936</time></pt><pt><x>318</x><y>277</y><time>20-01-21 17:48:10:257</time></pt><pt><x>320</x><y>278</y><time>20-01-21 17:48:10:558</time></pt><pt><x>321</x><y>280</y><time>20-01-21 17:48:10:839</time></pt><pt><x>323</x><y>280</y><time>20-01-21 17:48:11:169</time></pt><pt><x>324</x><y>280</y><time>20-01-21 17:48:11:485</time></pt><pt><x>326</x><y>280</y><time>20-01-21 17:48:11:855</time></pt><pt><x>326</x><y>280</y><time>20-01-21 17:48:12:263</time></pt><pt><x>325</x><y>277</y><time>20-01-21 17:48:13:160</time></pt><pt><x>324</x><y>275</y><time>20-01-21 17:48:13:733</time></pt><pt><x>324</x><y>273</y><time>20-01-21 17:48:14:238</time></pt><pt><x>323</x><y>271</y><time>20-01-21 17:48:15:677</time></pt><pt><x>323</x><y>270</y><time>20-01-21 17:48:16:299</time></pt><pt><x>322</x><y>269</y><time>20-01-21 17:48:16:967</time></pt><pt><x>321</x><y>268</y><time>20-01-21 17:48:17:595</time></pt><pt><x>320</x><y>266</y><time>20-01-21 17:48:18:185</time></pt><pt><x>319</x><y>266</y><time>20-01-21 17:48:18:996</time></pt><closed_date>20-01-21 17:48:19:497</closed_date></polygon></object></annotation>