<annotation><filename>frame0081.jpg</filename><folder>users/lab605//7hao/human_20210119_4</folder><source><submittedBy>lab605</submittedBy></source><imagesize><nrows>480</nrows><ncols>640</ncols></imagesize><object><name>person</name><deleted>0</deleted><verified>0</verified><occluded>no</occluded><attributes></attributes><parts><hasparts></hasparts><ispartof></ispartof></parts><date>26-01-21 15:02:33:852</date><id>0</id><polygon><username>7hao</username><pt><x>145</x><y>0</y><time>26-01-21 15:00:52:562</time></pt><pt><x>139</x><y>4</y><time>26-01-21 15:01:06:624</time></pt><pt><x>131</x><y>9</y><time>26-01-21 15:01:07:255</time></pt><pt><x>128</x><y>11</y><time>26-01-21 15:01:07:600</time></pt><pt><x>125</x><y>18</y><time>26-01-21 15:01:07:967</time></pt><pt><x>121</x><y>28</y><time>26-01-21 15:01:08:535</time></pt><pt><x>120</x><y>38</y><time>26-01-21 15:01:09:030</time></pt><pt><x>119</x><y>46</y><time>26-01-21 15:01:09:589</time></pt><pt><x>117</x><y>63</y><time>26-01-21 15:01:10:749</time></pt><pt><x>117</x><y>74</y><time>26-01-21 15:01:11:152</time></pt><pt><x>117</x><y>94</y><time>26-01-21 15:01:12:393</time></pt><pt><x>121</x><y>105</y><time>26-01-21 15:01:12:865</time></pt><pt><x>124</x><y>111</y><time>26-01-21 15:01:13:383</time></pt><pt><x>127</x><y>120</y><time>26-01-21 15:01:14:933</time></pt><pt><x>128</x><y>125</y><time>26-01-21 15:01:15:197</time></pt><pt><x>128</x><y>128</y><time>26-01-21 15:01:15:347</time></pt><pt><x>131</x><y>132</y><time>26-01-21 15:01:15:600</time></pt><pt><x>132</x><y>133</y><time>26-01-21 15:01:15:764</time></pt><pt><x>135</x><y>137</y><time>26-01-21 15:01:16:119</time></pt><pt><x>136</x><y>138</y><time>26-01-21 15:01:16:267</time></pt><pt><x>136</x><y>144</y><time>26-01-21 15:01:16:575</time></pt><pt><x>137</x><y>158</y><time>26-01-21 15:01:18:192</time></pt><pt><x>138</x><y>162</y><time>26-01-21 15:01:18:460</time></pt><pt><x>137</x><y>164</y><time>26-01-21 15:01:18:602</time></pt><pt><x>137</x><y>167</y><time>26-01-21 15:01:18:781</time></pt><pt><x>133</x><y>183</y><time>26-01-21 15:01:20:041</time></pt><pt><x>133</x><y>190</y><time>26-01-21 15:01:20:346</time></pt><pt><x>133</x><y>194</y><time>26-01-21 15:01:20:499</time></pt><pt><x>136</x><y>197</y><time>26-01-21 15:01:20:755</time></pt><pt><x>139</x><y>198</y><time>26-01-21 15:01:20:895</time></pt><pt><x>142</x><y>201</y><time>26-01-21 15:01:21:141</time></pt><pt><x>143</x><y>205</y><time>26-01-21 15:01:21:343</time></pt><pt><x>144</x><y>210</y><time>26-01-21 15:01:21:626</time></pt><pt><x>144</x><y>215</y><time>26-01-21 15:01:21:862</time></pt><pt><x>141</x><y>224</y><time>26-01-21 15:01:22:970</time></pt><pt><x>139</x><y>227</y><time>26-01-21 15:01:23:136</time></pt><pt><x>137</x><y>234</y><time>26-01-21 15:01:23:342</time></pt><pt><x>136</x><y>239</y><time>26-01-21 15:01:23:607</time></pt><pt><x>133</x><y>252</y><time>26-01-21 15:01:24:637</time></pt><pt><x>133</x><y>262</y><time>26-01-21 15:01:24:951</time></pt><pt><x>133</x><y>287</y><time>26-01-21 15:01:26:194</time></pt><pt><x>133</x><y>294</y><time>26-01-21 15:01:26:381</time></pt><pt><x>132</x><y>298</y><time>26-01-21 15:01:26:556</time></pt><pt><x>130</x><y>302</y><time>26-01-21 15:01:26:766</time></pt><pt><x>129</x><y>305</y><time>26-01-21 15:01:26:926</time></pt><pt><x>126</x><y>313</y><time>26-01-21 15:01:27:253</time></pt><pt><x>125</x><y>318</y><time>26-01-21 15:01:27:497</time></pt><pt><x>122</x><y>322</y><time>26-01-21 15:01:27:838</time></pt><pt><x>120</x><y>323</y><time>26-01-21 15:01:27:999</time></pt><pt><x>120</x><y>329</y><time>26-01-21 15:01:28:912</time></pt><pt><x>121</x><y>332</y><time>26-01-21 15:01:29:068</time></pt><pt><x>126</x><y>333</y><time>26-01-21 15:01:29:275</time></pt><pt><x>131</x><y>334</y><time>26-01-21 15:01:29:557</time></pt><pt><x>139</x><y>334</y><time>26-01-21 15:01:29:839</time></pt><pt><x>141</x><y>333</y><time>26-01-21 15:01:30:073</time></pt><pt><x>145</x><y>329</y><time>26-01-21 15:01:30:522</time></pt><pt><x>146</x><y>323</y><time>26-01-21 15:01:30:806</time></pt><pt><x>146</x><y>319</y><time>26-01-21 15:01:30:953</time></pt><pt><x>148</x><y>304</y><time>26-01-21 15:01:32:479</time></pt><pt><x>148</x><y>299</y><time>26-01-21 15:01:32:662</time></pt><pt><x>148</x><y>295</y><time>26-01-21 15:01:32:848</time></pt><pt><x>149</x><y>284</y><time>26-01-21 15:01:33:125</time></pt><pt><x>154</x><y>268</y><time>26-01-21 15:01:33:556</time></pt><pt><x>160</x><y>255</y><time>26-01-21 15:01:34:043</time></pt><pt><x>161</x><y>243</y><time>26-01-21 15:01:35:050</time></pt><pt><x>162</x><y>238</y><time>26-01-21 15:01:35:246</time></pt><pt><x>163</x><y>234</y><time>26-01-21 15:01:35:402</time></pt><pt><x>165</x><y>228</y><time>26-01-21 15:01:35:654</time></pt><pt><x>168</x><y>222</y><time>26-01-21 15:01:36:070</time></pt><pt><x>172</x><y>199</y><time>26-01-21 15:01:37:242</time></pt><pt><x>171</x><y>194</y><time>26-01-21 15:01:37:651</time></pt><pt><x>173</x><y>188</y><time>26-01-21 15:01:38:033</time></pt><pt><x>174</x><y>190</y><time>26-01-21 15:01:38:317</time></pt><pt><x>174</x><y>194</y><time>26-01-21 15:01:38:482</time></pt><pt><x>174</x><y>199</y><time>26-01-21 15:01:38:733</time></pt><pt><x>173</x><y>208</y><time>26-01-21 15:01:39:002</time></pt><pt><x>172</x><y>216</y><time>26-01-21 15:01:39:260</time></pt><pt><x>172</x><y>222</y><time>26-01-21 15:01:39:450</time></pt><pt><x>172</x><y>228</y><time>26-01-21 15:01:39:680</time></pt><pt><x>172</x><y>236</y><time>26-01-21 15:01:40:990</time></pt><pt><x>172</x><y>242</y><time>26-01-21 15:01:41:155</time></pt><pt><x>171</x><y>245</y><time>26-01-21 15:01:41:303</time></pt><pt><x>170</x><y>249</y><time>26-01-21 15:01:41:454</time></pt><pt><x>169</x><y>255</y><time>26-01-21 15:01:41:705</time></pt><pt><x>168</x><y>262</y><time>26-01-21 15:01:41:917</time></pt><pt><x>169</x><y>286</y><time>26-01-21 15:01:43:096</time></pt><pt><x>169</x><y>293</y><time>26-01-21 15:01:43:332</time></pt><pt><x>168</x><y>298</y><time>26-01-21 15:01:43:488</time></pt><pt><x>166</x><y>308</y><time>26-01-21 15:01:44:384</time></pt><pt><x>165</x><y>313</y><time>26-01-21 15:01:45:194</time></pt><pt><x>164</x><y>315</y><time>26-01-21 15:01:45:359</time></pt><pt><x>162</x><y>317</y><time>26-01-21 15:01:45:500</time></pt><pt><x>161</x><y>319</y><time>26-01-21 15:01:45:666</time></pt><pt><x>160</x><y>321</y><time>26-01-21 15:01:45:800</time></pt><pt><x>159</x><y>331</y><time>26-01-21 15:01:46:152</time></pt><pt><x>160</x><y>340</y><time>26-01-21 15:01:49:586</time></pt><pt><x>166</x><y>341</y><time>26-01-21 15:01:49:884</time></pt><pt><x>171</x><y>341</y><time>26-01-21 15:01:50:152</time></pt><pt><x>181</x><y>339</y><time>26-01-21 15:01:50:535</time></pt><pt><x>204</x><y>334</y><time>26-01-21 15:01:55:627</time></pt><pt><x>205</x><y>333</y><time>26-01-21 15:01:55:887</time></pt><pt><x>205</x><y>330</y><time>26-01-21 15:01:56:110</time></pt><pt><x>205</x><y>328</y><time>26-01-21 15:01:56:406</time></pt><pt><x>204</x><y>325</y><time>26-01-21 15:01:56:684</time></pt><pt><x>202</x><y>323</y><time>26-01-21 15:01:56:911</time></pt><pt><x>200</x><y>323</y><time>26-01-21 15:01:57:122</time></pt><pt><x>196</x><y>322</y><time>26-01-21 15:01:57:371</time></pt><pt><x>191</x><y>319</y><time>26-01-21 15:01:57:977</time></pt><pt><x>188</x><y>317</y><time>26-01-21 15:01:58:190</time></pt><pt><x>185</x><y>315</y><time>26-01-21 15:01:58:379</time></pt><pt><x>183</x><y>315</y><time>26-01-21 15:01:58:559</time></pt><pt><x>182</x><y>313</y><time>26-01-21 15:01:58:779</time></pt><pt><x>182</x><y>310</y><time>26-01-21 15:01:58:928</time></pt><pt><x>185</x><y>298</y><time>26-01-21 15:01:59:628</time></pt><pt><x>189</x><y>290</y><time>26-01-21 15:02:00:437</time></pt><pt><x>195</x><y>271</y><time>26-01-21 15:02:01:449</time></pt><pt><x>197</x><y>257</y><time>26-01-21 15:02:01:995</time></pt><pt><x>198</x><y>247</y><time>26-01-21 15:02:02:441</time></pt><pt><x>198</x><y>229</y><time>26-01-21 15:02:03:705</time></pt><pt><x>198</x><y>223</y><time>26-01-21 15:02:04:077</time></pt><pt><x>199</x><y>218</y><time>26-01-21 15:02:04:319</time></pt><pt><x>202</x><y>213</y><time>26-01-21 15:02:04:798</time></pt><pt><x>203</x><y>210</y><time>26-01-21 15:02:05:175</time></pt><pt><x>205</x><y>207</y><time>26-01-21 15:02:06:707</time></pt><pt><x>212</x><y>207</y><time>26-01-21 15:02:07:132</time></pt><pt><x>214</x><y>206</y><time>26-01-21 15:02:07:367</time></pt><pt><x>214</x><y>203</y><time>26-01-21 15:02:07:556</time></pt><pt><x>215</x><y>200</y><time>26-01-21 15:02:07:737</time></pt><pt><x>219</x><y>186</y><time>26-01-21 15:02:08:177</time></pt><pt><x>222</x><y>175</y><time>26-01-21 15:02:08:639</time></pt><pt><x>224</x><y>170</y><time>26-01-21 15:02:09:270</time></pt><pt><x>228</x><y>159</y><time>26-01-21 15:02:11:266</time></pt><pt><x>229</x><y>152</y><time>26-01-21 15:02:11:579</time></pt><pt><x>229</x><y>150</y><time>26-01-21 15:02:11:776</time></pt><pt><x>230</x><y>146</y><time>26-01-21 15:02:11:950</time></pt><pt><x>231</x><y>143</y><time>26-01-21 15:02:12:184</time></pt><pt><x>233</x><y>139</y><time>26-01-21 15:02:12:742</time></pt><pt><x>234</x><y>137</y><time>26-01-21 15:02:13:096</time></pt><pt><x>236</x><y>137</y><time>26-01-21 15:02:16:310</time></pt><pt><x>237</x><y>136</y><time>26-01-21 15:02:16:538</time></pt><pt><x>237</x><y>134</y><time>26-01-21 15:02:16:686</time></pt><pt><x>237</x><y>132</y><time>26-01-21 15:02:16:925</time></pt><pt><x>236</x><y>131</y><time>26-01-21 15:02:17:104</time></pt><pt><x>236</x><y>129</y><time>26-01-21 15:02:17:278</time></pt><pt><x>237</x><y>127</y><time>26-01-21 15:02:17:457</time></pt><pt><x>239</x><y>125</y><time>26-01-21 15:02:17:779</time></pt><pt><x>240</x><y>122</y><time>26-01-21 15:02:18:108</time></pt><pt><x>240</x><y>92</y><time>26-01-21 15:02:19:673</time></pt><pt><x>239</x><y>78</y><time>26-01-21 15:02:20:122</time></pt><pt><x>236</x><y>55</y><time>26-01-21 15:02:21:356</time></pt><pt><x>235</x><y>43</y><time>26-01-21 15:02:21:929</time></pt><pt><x>232</x><y>31</y><time>26-01-21 15:02:22:887</time></pt><pt><x>229</x><y>20</y><time>26-01-21 15:02:23:546</time></pt><pt><x>222</x><y>10</y><time>26-01-21 15:02:26:730</time></pt><pt><x>216</x><y>6</y><time>26-01-21 15:02:27:279</time></pt><pt><x>212</x><y>4</y><time>26-01-21 15:02:27:632</time></pt><pt><x>210</x><y>2</y><time>26-01-21 15:02:27:919</time></pt><pt><x>209</x><y>1</y><time>26-01-21 15:02:28:192</time></pt><pt><x>209</x><y>0</y><time>26-01-21 15:02:28:590</time></pt><closed_date>26-01-21 15:02:31:684</closed_date></polygon></object><object><name>person</name><deleted>0</deleted><verified>0</verified><occluded>no</occluded><attributes></attributes><parts><hasparts></hasparts><ispartof></ispartof></parts><date>26-01-21 15:04:45:466</date><id>1</id><polygon><username>7hao</username><pt><x>397</x><y>55</y><time>26-01-21 15:03:17:124</time></pt><pt><x>394</x><y>51</y><time>26-01-21 15:03:17:700</time></pt><pt><x>387</x><y>48</y><time>26-01-21 15:03:18:164</time></pt><pt><x>381</x><y>47</y><time>26-01-21 15:03:18:549</time></pt><pt><x>376</x><y>48</y><time>26-01-21 15:03:18:872</time></pt><pt><x>373</x><y>49</y><time>26-01-21 15:03:19:122</time></pt><pt><x>370</x><y>52</y><time>26-01-21 15:03:19:413</time></pt><pt><x>367</x><y>55</y><time>26-01-21 15:03:19:656</time></pt><pt><x>366</x><y>57</y><time>26-01-21 15:03:19:965</time></pt><pt><x>366</x><y>60</y><time>26-01-21 15:03:20:403</time></pt><pt><x>366</x><y>63</y><time>26-01-21 15:03:21:050</time></pt><pt><x>365</x><y>64</y><time>26-01-21 15:03:21:348</time></pt><pt><x>365</x><y>65</y><time>26-01-21 15:03:21:536</time></pt><pt><x>365</x><y>67</y><time>26-01-21 15:03:21:802</time></pt><pt><x>366</x><y>70</y><time>26-01-21 15:03:22:015</time></pt><pt><x>367</x><y>74</y><time>26-01-21 15:03:22:351</time></pt><pt><x>371</x><y>77</y><time>26-01-21 15:03:22:683</time></pt><pt><x>374</x><y>78</y><time>26-01-21 15:03:22:869</time></pt><pt><x>377</x><y>82</y><time>26-01-21 15:03:23:209</time></pt><pt><x>377</x><y>86</y><time>26-01-21 15:03:23:540</time></pt><pt><x>376</x><y>89</y><time>26-01-21 15:03:23:805</time></pt><pt><x>367</x><y>90</y><time>26-01-21 15:03:24:192</time></pt><pt><x>363</x><y>90</y><time>26-01-21 15:03:24:536</time></pt><pt><x>358</x><y>91</y><time>26-01-21 15:03:24:780</time></pt><pt><x>354</x><y>93</y><time>26-01-21 15:03:25:149</time></pt><pt><x>352</x><y>93</y><time>26-01-21 15:03:25:415</time></pt><pt><x>351</x><y>91</y><time>26-01-21 15:03:25:614</time></pt><pt><x>353</x><y>87</y><time>26-01-21 15:03:25:848</time></pt><pt><x>355</x><y>82</y><time>26-01-21 15:03:26:132</time></pt><pt><x>355</x><y>80</y><time>26-01-21 15:03:26:362</time></pt><pt><x>357</x><y>77</y><time>26-01-21 15:03:26:540</time></pt><pt><x>360</x><y>75</y><time>26-01-21 15:03:26:775</time></pt><pt><x>362</x><y>72</y><time>26-01-21 15:03:27:020</time></pt><pt><x>363</x><y>70</y><time>26-01-21 15:03:27:288</time></pt><pt><x>364</x><y>68</y><time>26-01-21 15:03:27:641</time></pt><pt><x>364</x><y>66</y><time>26-01-21 15:03:27:993</time></pt><pt><x>364</x><y>64</y><time>26-01-21 15:03:28:701</time></pt><pt><x>365</x><y>63</y><time>26-01-21 15:03:29:188</time></pt><pt><x>365</x><y>62</y><time>26-01-21 15:03:29:558</time></pt><pt><x>365</x><y>58</y><time>26-01-21 15:03:30:292</time></pt><pt><x>365</x><y>57</y><time>26-01-21 15:03:30:815</time></pt><pt><x>363</x><y>55</y><time>26-01-21 15:03:31:177</time></pt><pt><x>362</x><y>55</y><time>26-01-21 15:03:31:443</time></pt><pt><x>359</x><y>56</y><time>26-01-21 15:03:31:648</time></pt><pt><x>358</x><y>59</y><time>26-01-21 15:03:31:876</time></pt><pt><x>356</x><y>61</y><time>26-01-21 15:03:32:051</time></pt><pt><x>355</x><y>63</y><time>26-01-21 15:03:32:223</time></pt><pt><x>354</x><y>67</y><time>26-01-21 15:03:32:402</time></pt><pt><x>353</x><y>69</y><time>26-01-21 15:03:32:586</time></pt><pt><x>351</x><y>71</y><time>26-01-21 15:03:32:780</time></pt><pt><x>349</x><y>73</y><time>26-01-21 15:03:33:007</time></pt><pt><x>345</x><y>78</y><time>26-01-21 15:03:33:308</time></pt><pt><x>343</x><y>82</y><time>26-01-21 15:03:33:614</time></pt><pt><x>341</x><y>86</y><time>26-01-21 15:03:33:863</time></pt><pt><x>339</x><y>90</y><time>26-01-21 15:03:34:195</time></pt><pt><x>335</x><y>96</y><time>26-01-21 15:03:35:404</time></pt><pt><x>334</x><y>99</y><time>26-01-21 15:03:35:674</time></pt><pt><x>333</x><y>102</y><time>26-01-21 15:03:35:820</time></pt><pt><x>332</x><y>105</y><time>26-01-21 15:03:36:019</time></pt><pt><x>333</x><y>108</y><time>26-01-21 15:03:36:224</time></pt><pt><x>335</x><y>110</y><time>26-01-21 15:03:36:401</time></pt><pt><x>339</x><y>112</y><time>26-01-21 15:03:36:646</time></pt><pt><x>346</x><y>115</y><time>26-01-21 15:03:38:626</time></pt><pt><x>351</x><y>115</y><time>26-01-21 15:03:38:894</time></pt><pt><x>356</x><y>115</y><time>26-01-21 15:03:39:107</time></pt><pt><x>358</x><y>116</y><time>26-01-21 15:03:39:303</time></pt><pt><x>359</x><y>118</y><time>26-01-21 15:03:39:498</time></pt><pt><x>359</x><y>123</y><time>26-01-21 15:03:39:827</time></pt><pt><x>360</x><y>146</y><time>26-01-21 15:03:41:037</time></pt><pt><x>359</x><y>160</y><time>26-01-21 15:03:41:426</time></pt><pt><x>360</x><y>164</y><time>26-01-21 15:03:41:660</time></pt><pt><x>359</x><y>167</y><time>26-01-21 15:03:41:832</time></pt><pt><x>359</x><y>172</y><time>26-01-21 15:03:42:255</time></pt><pt><x>358</x><y>186</y><time>26-01-21 15:03:43:374</time></pt><pt><x>358</x><y>196</y><time>26-01-21 15:03:43:662</time></pt><pt><x>358</x><y>201</y><time>26-01-21 15:03:43:865</time></pt><pt><x>359</x><y>222</y><time>26-01-21 15:03:45:187</time></pt><pt><x>360</x><y>228</y><time>26-01-21 15:03:45:409</time></pt><pt><x>361</x><y>231</y><time>26-01-21 15:03:45:581</time></pt><pt><x>361</x><y>234</y><time>26-01-21 15:03:45:768</time></pt><pt><x>360</x><y>243</y><time>26-01-21 15:03:46:859</time></pt><pt><x>357</x><y>247</y><time>26-01-21 15:03:47:064</time></pt><pt><x>357</x><y>257</y><time>26-01-21 15:03:48:998</time></pt><pt><x>358</x><y>263</y><time>26-01-21 15:03:49:273</time></pt><pt><x>357</x><y>267</y><time>26-01-21 15:03:49:446</time></pt><pt><x>357</x><y>275</y><time>26-01-21 15:03:51:198</time></pt><pt><x>357</x><y>278</y><time>26-01-21 15:03:52:668</time></pt><pt><x>356</x><y>280</y><time>26-01-21 15:03:52:872</time></pt><pt><x>356</x><y>282</y><time>26-01-21 15:03:53:011</time></pt><pt><x>357</x><y>284</y><time>26-01-21 15:03:53:162</time></pt><pt><x>358</x><y>285</y><time>26-01-21 15:03:53:312</time></pt><pt><x>357</x><y>288</y><time>26-01-21 15:03:53:452</time></pt><pt><x>357</x><y>290</y><time>26-01-21 15:03:53:679</time></pt><pt><x>356</x><y>292</y><time>26-01-21 15:03:53:829</time></pt><pt><x>355</x><y>294</y><time>26-01-21 15:03:53:980</time></pt><pt><x>354</x><y>299</y><time>26-01-21 15:03:54:983</time></pt><pt><x>353</x><y>300</y><time>26-01-21 15:03:55:157</time></pt><pt><x>350</x><y>303</y><time>26-01-21 15:03:55:919</time></pt><pt><x>350</x><y>306</y><time>26-01-21 15:04:00:250</time></pt><pt><x>350</x><y>307</y><time>26-01-21 15:04:00:548</time></pt><pt><x>353</x><y>309</y><time>26-01-21 15:04:00:752</time></pt><pt><x>360</x><y>309</y><time>26-01-21 15:04:01:121</time></pt><pt><x>366</x><y>309</y><time>26-01-21 15:04:01:539</time></pt><pt><x>367</x><y>307</y><time>26-01-21 15:04:01:757</time></pt><pt><x>368</x><y>306</y><time>26-01-21 15:04:01:924</time></pt><pt><x>369</x><y>306</y><time>26-01-21 15:04:02:096</time></pt><pt><x>370</x><y>303</y><time>26-01-21 15:04:02:310</time></pt><pt><x>369</x><y>297</y><time>26-01-21 15:04:02:606</time></pt><pt><x>369</x><y>294</y><time>26-01-21 15:04:02:865</time></pt><pt><x>370</x><y>291</y><time>26-01-21 15:04:03:078</time></pt><pt><x>372</x><y>283</y><time>26-01-21 15:04:03:541</time></pt><pt><x>375</x><y>268</y><time>26-01-21 15:04:04:821</time></pt><pt><x>376</x><y>262</y><time>26-01-21 15:04:05:132</time></pt><pt><x>377</x><y>251</y><time>26-01-21 15:04:05:640</time></pt><pt><x>380</x><y>240</y><time>26-01-21 15:04:06:772</time></pt><pt><x>381</x><y>233</y><time>26-01-21 15:04:07:148</time></pt><pt><x>381</x><y>229</y><time>26-01-21 15:04:07:393</time></pt><pt><x>382</x><y>222</y><time>26-01-21 15:04:08:226</time></pt><pt><x>383</x><y>226</y><time>26-01-21 15:04:08:558</time></pt><pt><x>383</x><y>233</y><time>26-01-21 15:04:08:947</time></pt><pt><x>383</x><y>236</y><time>26-01-21 15:04:09:138</time></pt><pt><x>384</x><y>242</y><time>26-01-21 15:04:09:405</time></pt><pt><x>384</x><y>250</y><time>26-01-21 15:04:09:827</time></pt><pt><x>383</x><y>272</y><time>26-01-21 15:04:10:943</time></pt><pt><x>385</x><y>281</y><time>26-01-21 15:04:11:425</time></pt><pt><x>386</x><y>283</y><time>26-01-21 15:04:11:650</time></pt><pt><x>386</x><y>287</y><time>26-01-21 15:04:11:848</time></pt><pt><x>386</x><y>289</y><time>26-01-21 15:04:12:114</time></pt><pt><x>387</x><y>292</y><time>26-01-21 15:04:12:298</time></pt><pt><x>387</x><y>299</y><time>26-01-21 15:04:14:575</time></pt><pt><x>387</x><y>301</y><time>26-01-21 15:04:14:794</time></pt><pt><x>385</x><y>303</y><time>26-01-21 15:04:14:943</time></pt><pt><x>388</x><y>306</y><time>26-01-21 15:04:15:164</time></pt><pt><x>392</x><y>306</y><time>26-01-21 15:04:15:531</time></pt><pt><x>393</x><y>306</y><time>26-01-21 15:04:15:722</time></pt><pt><x>397</x><y>308</y><time>26-01-21 15:04:15:964</time></pt><pt><x>409</x><y>309</y><time>26-01-21 15:04:16:381</time></pt><pt><x>410</x><y>304</y><time>26-01-21 15:04:16:749</time></pt><pt><x>409</x><y>302</y><time>26-01-21 15:04:16:976</time></pt><pt><x>405</x><y>298</y><time>26-01-21 15:04:17:274</time></pt><pt><x>401</x><y>293</y><time>26-01-21 15:04:17:598</time></pt><pt><x>400</x><y>290</y><time>26-01-21 15:04:17:803</time></pt><pt><x>400</x><y>285</y><time>26-01-21 15:04:18:048</time></pt><pt><x>401</x><y>282</y><time>26-01-21 15:04:18:234</time></pt><pt><x>402</x><y>278</y><time>26-01-21 15:04:18:431</time></pt><pt><x>402</x><y>272</y><time>26-01-21 15:04:18:815</time></pt><pt><x>402</x><y>267</y><time>26-01-21 15:04:19:287</time></pt><pt><x>404</x><y>253</y><time>26-01-21 15:04:20:452</time></pt><pt><x>404</x><y>247</y><time>26-01-21 15:04:20:719</time></pt><pt><x>404</x><y>244</y><time>26-01-21 15:04:20:961</time></pt><pt><x>403</x><y>242</y><time>26-01-21 15:04:21:132</time></pt><pt><x>404</x><y>240</y><time>26-01-21 15:04:21:307</time></pt><pt><x>405</x><y>232</y><time>26-01-21 15:04:21:630</time></pt><pt><x>408</x><y>206</y><time>26-01-21 15:04:22:897</time></pt><pt><x>410</x><y>196</y><time>26-01-21 15:04:23:304</time></pt><pt><x>411</x><y>188</y><time>26-01-21 15:04:23:923</time></pt><pt><x>411</x><y>182</y><time>26-01-21 15:04:24:191</time></pt><pt><x>411</x><y>170</y><time>26-01-21 15:04:25:392</time></pt><pt><x>410</x><y>166</y><time>26-01-21 15:04:25:659</time></pt><pt><x>411</x><y>163</y><time>26-01-21 15:04:25:802</time></pt><pt><x>412</x><y>160</y><time>26-01-21 15:04:26:044</time></pt><pt><x>412</x><y>156</y><time>26-01-21 15:04:26:265</time></pt><pt><x>411</x><y>153</y><time>26-01-21 15:04:26:438</time></pt><pt><x>411</x><y>148</y><time>26-01-21 15:04:26:956</time></pt><pt><x>411</x><y>143</y><time>26-01-21 15:04:27:178</time></pt><pt><x>411</x><y>140</y><time>26-01-21 15:04:27:414</time></pt><pt><x>414</x><y>151</y><time>26-01-21 15:04:28:167</time></pt><pt><x>414</x><y>158</y><time>26-01-21 15:04:28:467</time></pt><pt><x>415</x><y>163</y><time>26-01-21 15:04:28:645</time></pt><pt><x>415</x><y>167</y><time>26-01-21 15:04:28:856</time></pt><pt><x>416</x><y>172</y><time>26-01-21 15:04:29:093</time></pt><pt><x>416</x><y>176</y><time>26-01-21 15:04:29:323</time></pt><pt><x>415</x><y>180</y><time>26-01-21 15:04:29:527</time></pt><pt><x>414</x><y>184</y><time>26-01-21 15:04:29:753</time></pt><pt><x>414</x><y>189</y><time>26-01-21 15:04:30:047</time></pt><pt><x>413</x><y>196</y><time>26-01-21 15:04:31:191</time></pt><pt><x>415</x><y>199</y><time>26-01-21 15:04:31:419</time></pt><pt><x>417</x><y>199</y><time>26-01-21 15:04:31:633</time></pt><pt><x>422</x><y>196</y><time>26-01-21 15:04:31:899</time></pt><pt><x>424</x><y>193</y><time>26-01-21 15:04:32:135</time></pt><pt><x>424</x><y>189</y><time>26-01-21 15:04:32:323</time></pt><pt><x>425</x><y>181</y><time>26-01-21 15:04:32:678</time></pt><pt><x>426</x><y>176</y><time>26-01-21 15:04:32:990</time></pt><pt><x>428</x><y>170</y><time>26-01-21 15:04:33:382</time></pt><pt><x>428</x><y>164</y><time>26-01-21 15:04:33:895</time></pt><pt><x>428</x><y>146</y><time>26-01-21 15:04:35:134</time></pt><pt><x>426</x><y>126</y><time>26-01-21 15:04:36:173</time></pt><pt><x>423</x><y>111</y><time>26-01-21 15:04:37:224</time></pt><pt><x>420</x><y>99</y><time>26-01-21 15:04:37:721</time></pt><pt><x>417</x><y>96</y><time>26-01-21 15:04:38:043</time></pt><pt><x>410</x><y>92</y><time>26-01-21 15:04:38:540</time></pt><pt><x>400</x><y>89</y><time>26-01-21 15:04:39:286</time></pt><pt><x>397</x><y>87</y><time>26-01-21 15:04:39:741</time></pt><pt><x>395</x><y>85</y><time>26-01-21 15:04:40:071</time></pt><pt><x>396</x><y>82</y><time>26-01-21 15:04:40:379</time></pt><pt><x>397</x><y>79</y><time>26-01-21 15:04:40:659</time></pt><pt><x>399</x><y>71</y><time>26-01-21 15:04:42:035</time></pt><pt><x>398</x><y>66</y><time>26-01-21 15:04:42:318</time></pt><pt><x>397</x><y>64</y><time>26-01-21 15:04:42:515</time></pt><pt><x>397</x><y>61</y><time>26-01-21 15:04:42:749</time></pt><pt><x>397</x><y>57</y><time>26-01-21 15:04:43:016</time></pt><closed_date>26-01-21 15:04:43:456</closed_date></polygon></object><object><name>person</name><deleted>0</deleted><verified>0</verified><occluded>no</occluded><attributes></attributes><parts><hasparts></hasparts><ispartof></ispartof></parts><date>26-01-21 15:06:47:608</date><id>2</id><polygon><username>7hao</username><pt><x>608</x><y>0</y><time>26-01-21 15:05:01:516</time></pt><pt><x>608</x><y>4</y><time>26-01-21 15:05:01:927</time></pt><pt><x>608</x><y>6</y><time>26-01-21 15:05:02:100</time></pt><pt><x>609</x><y>10</y><time>26-01-21 15:05:02:369</time></pt><pt><x>610</x><y>12</y><time>26-01-21 15:05:02:572</time></pt><pt><x>611</x><y>15</y><time>26-01-21 15:05:02:855</time></pt><pt><x>609</x><y>19</y><time>26-01-21 15:05:03:217</time></pt><pt><x>608</x><y>20</y><time>26-01-21 15:05:03:375</time></pt><pt><x>607</x><y>22</y><time>26-01-21 15:05:03:585</time></pt><pt><x>603</x><y>24</y><time>26-01-21 15:05:03:899</time></pt><pt><x>602</x><y>30</y><time>26-01-21 15:05:04:300</time></pt><pt><x>601</x><y>33</y><time>26-01-21 15:05:04:577</time></pt><pt><x>598</x><y>35</y><time>26-01-21 15:05:04:771</time></pt><pt><x>588</x><y>39</y><time>26-01-21 15:05:05:345</time></pt><pt><x>585</x><y>41</y><time>26-01-21 15:05:05:691</time></pt><pt><x>582</x><y>47</y><time>26-01-21 15:05:06:013</time></pt><pt><x>576</x><y>66</y><time>26-01-21 15:05:07:395</time></pt><pt><x>573</x><y>74</y><time>26-01-21 15:05:07:789</time></pt><pt><x>568</x><y>86</y><time>26-01-21 15:05:08:873</time></pt><pt><x>567</x><y>93</y><time>26-01-21 15:05:09:124</time></pt><pt><x>566</x><y>98</y><time>26-01-21 15:05:09:337</time></pt><pt><x>562</x><y>110</y><time>26-01-21 15:05:45:001</time></pt><pt><x>560</x><y>116</y><time>26-01-21 15:05:45:535</time></pt><pt><x>559</x><y>122</y><time>26-01-21 15:05:45:897</time></pt><pt><x>557</x><y>126</y><time>26-01-21 15:05:46:236</time></pt><pt><x>553</x><y>131</y><time>26-01-21 15:05:46:691</time></pt><pt><x>547</x><y>147</y><time>26-01-21 15:05:47:816</time></pt><pt><x>546</x><y>153</y><time>26-01-21 15:05:48:123</time></pt><pt><x>544</x><y>157</y><time>26-01-21 15:05:48:402</time></pt><pt><x>540</x><y>163</y><time>26-01-21 15:05:50:346</time></pt><pt><x>539</x><y>168</y><time>26-01-21 15:05:50:748</time></pt><pt><x>541</x><y>174</y><time>26-01-21 15:05:51:101</time></pt><pt><x>545</x><y>179</y><time>26-01-21 15:05:51:471</time></pt><pt><x>549</x><y>181</y><time>26-01-21 15:05:51:783</time></pt><pt><x>553</x><y>181</y><time>26-01-21 15:05:52:121</time></pt><pt><x>554</x><y>176</y><time>26-01-21 15:05:52:397</time></pt><pt><x>555</x><y>170</y><time>26-01-21 15:05:52:806</time></pt><pt><x>556</x><y>164</y><time>26-01-21 15:05:53:128</time></pt><pt><x>559</x><y>156</y><time>26-01-21 15:05:53:540</time></pt><pt><x>566</x><y>149</y><time>26-01-21 15:05:53:930</time></pt><pt><x>569</x><y>143</y><time>26-01-21 15:05:54:291</time></pt><pt><x>581</x><y>124</y><time>26-01-21 15:05:55:446</time></pt><pt><x>584</x><y>115</y><time>26-01-21 15:05:55:830</time></pt><pt><x>587</x><y>112</y><time>26-01-21 15:05:57:403</time></pt><pt><x>587</x><y>118</y><time>26-01-21 15:05:57:946</time></pt><pt><x>585</x><y>122</y><time>26-01-21 15:05:58:354</time></pt><pt><x>587</x><y>129</y><time>26-01-21 15:06:02:451</time></pt><pt><x>588</x><y>133</y><time>26-01-21 15:06:02:720</time></pt><pt><x>588</x><y>138</y><time>26-01-21 15:06:02:955</time></pt><pt><x>585</x><y>151</y><time>26-01-21 15:06:04:005</time></pt><pt><x>585</x><y>155</y><time>26-01-21 15:06:04:260</time></pt><pt><x>583</x><y>160</y><time>26-01-21 15:06:04:525</time></pt><pt><x>582</x><y>163</y><time>26-01-21 15:06:04:681</time></pt><pt><x>581</x><y>168</y><time>26-01-21 15:06:04:972</time></pt><pt><x>581</x><y>172</y><time>26-01-21 15:06:05:115</time></pt><pt><x>584</x><y>176</y><time>26-01-21 15:06:05:334</time></pt><pt><x>585</x><y>178</y><time>26-01-21 15:06:05:484</time></pt><pt><x>586</x><y>182</y><time>26-01-21 15:06:05:647</time></pt><pt><x>585</x><y>195</y><time>26-01-21 15:06:06:585</time></pt><pt><x>585</x><y>207</y><time>26-01-21 15:06:06:933</time></pt><pt><x>588</x><y>223</y><time>26-01-21 15:06:07:818</time></pt><pt><x>589</x><y>228</y><time>26-01-21 15:06:07:999</time></pt><pt><x>590</x><y>236</y><time>26-01-21 15:06:08:177</time></pt><pt><x>590</x><y>256</y><time>26-01-21 15:06:09:223</time></pt><pt><x>589</x><y>268</y><time>26-01-21 15:06:09:633</time></pt><pt><x>589</x><y>278</y><time>26-01-21 15:06:13:868</time></pt><pt><x>591</x><y>283</y><time>26-01-21 15:06:14:106</time></pt><pt><x>595</x><y>297</y><time>26-01-21 15:06:16:390</time></pt><pt><x>598</x><y>302</y><time>26-01-21 15:06:16:791</time></pt><pt><x>599</x><y>313</y><time>26-01-21 15:06:17:452</time></pt><pt><x>598</x><y>316</y><time>26-01-21 15:06:17:774</time></pt><pt><x>594</x><y>320</y><time>26-01-21 15:06:18:914</time></pt><pt><x>590</x><y>323</y><time>26-01-21 15:06:19:211</time></pt><pt><x>587</x><y>325</y><time>26-01-21 15:06:19:375</time></pt><pt><x>586</x><y>326</y><time>26-01-21 15:06:19:630</time></pt><pt><x>581</x><y>327</y><time>26-01-21 15:06:20:006</time></pt><pt><x>574</x><y>327</y><time>26-01-21 15:06:20:359</time></pt><pt><x>572</x><y>327</y><time>26-01-21 15:06:20:588</time></pt><pt><x>570</x><y>329</y><time>26-01-21 15:06:20:831</time></pt><pt><x>569</x><y>332</y><time>26-01-21 15:06:21:026</time></pt><pt><x>570</x><y>335</y><time>26-01-21 15:06:21:278</time></pt><pt><x>577</x><y>337</y><time>26-01-21 15:06:21:601</time></pt><pt><x>590</x><y>340</y><time>26-01-21 15:06:21:986</time></pt><pt><x>603</x><y>341</y><time>26-01-21 15:06:22:349</time></pt><pt><x>616</x><y>342</y><time>26-01-21 15:06:22:640</time></pt><pt><x>628</x><y>341</y><time>26-01-21 15:06:23:037</time></pt><pt><x>633</x><y>339</y><time>26-01-21 15:06:23:517</time></pt><pt><x>633</x><y>335</y><time>26-01-21 15:06:23:798</time></pt><pt><x>631</x><y>333</y><time>26-01-21 15:06:23:997</time></pt><pt><x>630</x><y>330</y><time>26-01-21 15:06:24:217</time></pt><pt><x>631</x><y>327</y><time>26-01-21 15:06:24:397</time></pt><pt><x>633</x><y>322</y><time>26-01-21 15:06:24:687</time></pt><pt><x>635</x><y>318</y><time>26-01-21 15:06:24:894</time></pt><pt><x>634</x><y>313</y><time>26-01-21 15:06:25:135</time></pt><pt><x>633</x><y>309</y><time>26-01-21 15:06:25:357</time></pt><pt><x>635</x><y>289</y><time>26-01-21 15:06:26:590</time></pt><pt><x>634</x><y>279</y><time>26-01-21 15:06:26:953</time></pt><pt><x>633</x><y>259</y><time>26-01-21 15:06:27:997</time></pt><pt><x>633</x><y>252</y><time>26-01-21 15:06:28:306</time></pt><pt><x>633</x><y>250</y><time>26-01-21 15:06:28:490</time></pt><pt><x>631</x><y>245</y><time>26-01-21 15:06:30:999</time></pt><pt><x>628</x><y>240</y><time>26-01-21 15:06:31:345</time></pt><pt><x>628</x><y>234</y><time>26-01-21 15:06:31:701</time></pt><pt><x>629</x><y>229</y><time>26-01-21 15:06:32:005</time></pt><pt><x>630</x><y>225</y><time>26-01-21 15:06:32:359</time></pt><pt><x>630</x><y>222</y><time>26-01-21 15:06:32:666</time></pt><pt><x>633</x><y>226</y><time>26-01-21 15:06:33:138</time></pt><pt><x>636</x><y>228</y><time>26-01-21 15:06:33:427</time></pt><pt><x>638</x><y>229</y><time>26-01-21 15:06:33:631</time></pt><pt><x>639</x><y>231</y><time>26-01-21 15:06:33:985</time></pt><pt><x>640</x><y>232</y><time>26-01-21 15:06:37:615</time></pt><pt><x>640</x><y>0</y><time>26-01-21 15:06:42:898</time></pt><closed_date>26-01-21 15:06:44:613</closed_date></polygon></object></annotation>