<annotation><filename>frame0085.jpg</filename><folder>users/lab605//7hao/human_20210119_4</folder><source><submittedBy>lab605</submittedBy></source><imagesize><nrows>480</nrows><ncols>640</ncols></imagesize><object><name>person</name><deleted>0</deleted><verified>0</verified><occluded>no</occluded><attributes></attributes><parts><hasparts></hasparts><ispartof></ispartof></parts><date>26-01-21 15:31:49:276</date><id>0</id><polygon><username>7hao</username><pt><x>156</x><y>0</y><time>26-01-21 15:28:40:943</time></pt><pt><x>155</x><y>1</y><time>26-01-21 15:28:41:303</time></pt><pt><x>154</x><y>3</y><time>26-01-21 15:28:41:459</time></pt><pt><x>154</x><y>4</y><time>26-01-21 15:28:41:656</time></pt><pt><x>154</x><y>5</y><time>26-01-21 15:28:42:033</time></pt><pt><x>151</x><y>8</y><time>26-01-21 15:28:42:561</time></pt><pt><x>139</x><y>12</y><time>26-01-21 15:28:43:017</time></pt><pt><x>135</x><y>15</y><time>26-01-21 15:28:43:444</time></pt><pt><x>130</x><y>19</y><time>26-01-21 15:28:43:685</time></pt><pt><x>126</x><y>31</y><time>26-01-21 15:28:44:078</time></pt><pt><x>122</x><y>45</y><time>26-01-21 15:28:44:542</time></pt><pt><x>121</x><y>55</y><time>26-01-21 15:28:44:997</time></pt><pt><x>118</x><y>87</y><time>26-01-21 15:28:46:386</time></pt><pt><x>119</x><y>94</y><time>26-01-21 15:28:46:679</time></pt><pt><x>120</x><y>99</y><time>26-01-21 15:28:46:860</time></pt><pt><x>121</x><y>104</y><time>26-01-21 15:28:47:165</time></pt><pt><x>124</x><y>110</y><time>26-01-21 15:28:47:475</time></pt><pt><x>126</x><y>117</y><time>26-01-21 15:28:47:803</time></pt><pt><x>127</x><y>122</y><time>26-01-21 15:28:47:999</time></pt><pt><x>128</x><y>128</y><time>26-01-21 15:28:48:383</time></pt><pt><x>131</x><y>135</y><time>26-01-21 15:28:50:846</time></pt><pt><x>131</x><y>138</y><time>26-01-21 15:28:51:087</time></pt><pt><x>134</x><y>139</y><time>26-01-21 15:28:51:244</time></pt><pt><x>137</x><y>140</y><time>26-01-21 15:28:54:026</time></pt><pt><x>137</x><y>144</y><time>26-01-21 15:28:54:359</time></pt><pt><x>140</x><y>164</y><time>26-01-21 15:28:55:937</time></pt><pt><x>141</x><y>167</y><time>26-01-21 15:28:56:197</time></pt><pt><x>142</x><y>170</y><time>26-01-21 15:28:56:337</time></pt><pt><x>142</x><y>178</y><time>26-01-21 15:28:56:683</time></pt><pt><x>143</x><y>188</y><time>26-01-21 15:28:57:117</time></pt><pt><x>144</x><y>196</y><time>26-01-21 15:28:57:581</time></pt><pt><x>144</x><y>199</y><time>26-01-21 15:28:57:799</time></pt><pt><x>146</x><y>201</y><time>26-01-21 15:28:58:128</time></pt><pt><x>149</x><y>201</y><time>26-01-21 15:28:58:462</time></pt><pt><x>151</x><y>202</y><time>26-01-21 15:28:58:656</time></pt><pt><x>152</x><y>203</y><time>26-01-21 15:28:58:988</time></pt><pt><x>153</x><y>206</y><time>26-01-21 15:28:59:327</time></pt><pt><x>154</x><y>214</y><time>26-01-21 15:29:00:488</time></pt><pt><x>154</x><y>219</y><time>26-01-21 15:29:00:709</time></pt><pt><x>153</x><y>227</y><time>26-01-21 15:29:00:859</time></pt><pt><x>151</x><y>234</y><time>26-01-21 15:29:01:163</time></pt><pt><x>151</x><y>245</y><time>26-01-21 15:29:01:588</time></pt><pt><x>153</x><y>260</y><time>26-01-21 15:29:02:697</time></pt><pt><x>156</x><y>268</y><time>26-01-21 15:29:03:028</time></pt><pt><x>157</x><y>273</y><time>26-01-21 15:29:03:198</time></pt><pt><x>159</x><y>276</y><time>26-01-21 15:29:03:395</time></pt><pt><x>160</x><y>280</y><time>26-01-21 15:29:03:671</time></pt><pt><x>160</x><y>284</y><time>26-01-21 15:29:03:884</time></pt><pt><x>161</x><y>290</y><time>26-01-21 15:29:07:263</time></pt><pt><x>159</x><y>296</y><time>26-01-21 15:29:07:697</time></pt><pt><x>157</x><y>302</y><time>26-01-21 15:29:08:013</time></pt><pt><x>155</x><y>309</y><time>26-01-21 15:29:09:474</time></pt><pt><x>153</x><y>312</y><time>26-01-21 15:29:10:015</time></pt><pt><x>152</x><y>314</y><time>26-01-21 15:29:10:181</time></pt><pt><x>150</x><y>319</y><time>26-01-21 15:29:10:401</time></pt><pt><x>149</x><y>330</y><time>26-01-21 15:29:10:879</time></pt><pt><x>149</x><y>335</y><time>26-01-21 15:29:11:209</time></pt><pt><x>152</x><y>339</y><time>26-01-21 15:29:11:509</time></pt><pt><x>161</x><y>338</y><time>26-01-21 15:29:11:936</time></pt><pt><x>171</x><y>338</y><time>26-01-21 15:29:12:448</time></pt><pt><x>179</x><y>339</y><time>26-01-21 15:29:12:711</time></pt><pt><x>187</x><y>340</y><time>26-01-21 15:29:12:947</time></pt><pt><x>195</x><y>340</y><time>26-01-21 15:29:13:229</time></pt><pt><x>198</x><y>338</y><time>26-01-21 15:29:13:496</time></pt><pt><x>199</x><y>333</y><time>26-01-21 15:29:13:692</time></pt><pt><x>197</x><y>329</y><time>26-01-21 15:29:13:952</time></pt><pt><x>193</x><y>325</y><time>26-01-21 15:29:14:340</time></pt><pt><x>187</x><y>322</y><time>26-01-21 15:29:14:567</time></pt><pt><x>185</x><y>318</y><time>26-01-21 15:29:14:763</time></pt><pt><x>185</x><y>313</y><time>26-01-21 15:29:15:029</time></pt><pt><x>184</x><y>307</y><time>26-01-21 15:29:15:234</time></pt><pt><x>183</x><y>302</y><time>26-01-21 15:29:15:730</time></pt><pt><x>182</x><y>299</y><time>26-01-21 15:29:15:911</time></pt><pt><x>181</x><y>296</y><time>26-01-21 15:29:16:090</time></pt><pt><x>180</x><y>293</y><time>26-01-21 15:29:16:278</time></pt><pt><x>184</x><y>284</y><time>26-01-21 15:29:16:617</time></pt><pt><x>188</x><y>275</y><time>26-01-21 15:29:17:074</time></pt><pt><x>194</x><y>247</y><time>26-01-21 15:29:18:385</time></pt><pt><x>194</x><y>237</y><time>26-01-21 15:29:18:786</time></pt><pt><x>193</x><y>229</y><time>26-01-21 15:29:19:085</time></pt><pt><x>194</x><y>224</y><time>26-01-21 15:29:19:338</time></pt><pt><x>196</x><y>218</y><time>26-01-21 15:29:19:638</time></pt><pt><x>198</x><y>214</y><time>26-01-21 15:29:19:918</time></pt><pt><x>200</x><y>212</y><time>26-01-21 15:29:20:154</time></pt><pt><x>202</x><y>211</y><time>26-01-21 15:29:20:368</time></pt><pt><x>206</x><y>211</y><time>26-01-21 15:29:20:619</time></pt><pt><x>210</x><y>210</y><time>26-01-21 15:29:20:901</time></pt><pt><x>210</x><y>207</y><time>26-01-21 15:29:21:137</time></pt><pt><x>211</x><y>205</y><time>26-01-21 15:29:21:342</time></pt><pt><x>212</x><y>202</y><time>26-01-21 15:29:21:537</time></pt><pt><x>219</x><y>181</y><time>26-01-21 15:29:22:842</time></pt><pt><x>221</x><y>175</y><time>26-01-21 15:29:23:143</time></pt><pt><x>224</x><y>170</y><time>26-01-21 15:29:23:378</time></pt><pt><x>226</x><y>165</y><time>26-01-21 15:29:23:598</time></pt><pt><x>227</x><y>161</y><time>26-01-21 15:29:23:816</time></pt><pt><x>228</x><y>157</y><time>26-01-21 15:29:24:076</time></pt><pt><x>229</x><y>152</y><time>26-01-21 15:29:24:281</time></pt><pt><x>232</x><y>144</y><time>26-01-21 15:31:37:028</time></pt><pt><x>235</x><y>143</y><time>26-01-21 15:31:37:363</time></pt><pt><x>236</x><y>138</y><time>26-01-21 15:31:37:755</time></pt><pt><x>236</x><y>134</y><time>26-01-21 15:31:38:023</time></pt><pt><x>238</x><y>128</y><time>26-01-21 15:31:38:408</time></pt><pt><x>240</x><y>112</y><time>26-01-21 15:31:38:934</time></pt><pt><x>239</x><y>62</y><time>26-01-21 15:31:39:949</time></pt><pt><x>237</x><y>44</y><time>26-01-21 15:31:40:443</time></pt><pt><x>230</x><y>29</y><time>26-01-21 15:31:41:033</time></pt><pt><x>221</x><y>18</y><time>26-01-21 15:31:41:749</time></pt><pt><x>214</x><y>13</y><time>26-01-21 15:31:42:141</time></pt><pt><x>213</x><y>11</y><time>26-01-21 15:31:42:362</time></pt><pt><x>211</x><y>9</y><time>26-01-21 15:31:42:588</time></pt><pt><x>211</x><y>4</y><time>26-01-21 15:31:44:027</time></pt><pt><x>212</x><y>1</y><time>26-01-21 15:31:44:413</time></pt><pt><x>212</x><y>0</y><time>26-01-21 15:31:44:885</time></pt><closed_date>26-01-21 15:31:46:680</closed_date></polygon></object><object><name>person</name><deleted>0</deleted><verified>0</verified><occluded>no</occluded><attributes></attributes><parts><hasparts></hasparts><ispartof></ispartof></parts><date>26-01-21 15:33:14:592</date><id>1</id><polygon><username>7hao</username><pt><x>400</x><y>43</y><time>26-01-21 15:31:52:717</time></pt><pt><x>392</x><y>37</y><time>26-01-21 15:31:53:351</time></pt><pt><x>384</x><y>37</y><time>26-01-21 15:31:53:743</time></pt><pt><x>377</x><y>38</y><time>26-01-21 15:31:54:083</time></pt><pt><x>371</x><y>41</y><time>26-01-21 15:31:54:563</time></pt><pt><x>370</x><y>43</y><time>26-01-21 15:31:54:898</time></pt><pt><x>370</x><y>46</y><time>26-01-21 15:31:55:165</time></pt><pt><x>370</x><y>48</y><time>26-01-21 15:31:55:554</time></pt><pt><x>370</x><y>51</y><time>26-01-21 15:31:55:850</time></pt><pt><x>370</x><y>54</y><time>26-01-21 15:31:56:276</time></pt><pt><x>369</x><y>57</y><time>26-01-21 15:31:56:586</time></pt><pt><x>368</x><y>60</y><time>26-01-21 15:31:56:897</time></pt><pt><x>369</x><y>64</y><time>26-01-21 15:31:57:139</time></pt><pt><x>373</x><y>68</y><time>26-01-21 15:31:57:507</time></pt><pt><x>377</x><y>72</y><time>26-01-21 15:31:57:909</time></pt><pt><x>380</x><y>77</y><time>26-01-21 15:31:58:310</time></pt><pt><x>380</x><y>81</y><time>26-01-21 15:32:02:105</time></pt><pt><x>372</x><y>83</y><time>26-01-21 15:32:02:837</time></pt><pt><x>363</x><y>84</y><time>26-01-21 15:32:03:279</time></pt><pt><x>358</x><y>85</y><time>26-01-21 15:32:03:725</time></pt><pt><x>355</x><y>84</y><time>26-01-21 15:32:04:133</time></pt><pt><x>355</x><y>81</y><time>26-01-21 15:32:04:388</time></pt><pt><x>359</x><y>74</y><time>26-01-21 15:32:04:826</time></pt><pt><x>361</x><y>69</y><time>26-01-21 15:32:05:227</time></pt><pt><x>364</x><y>64</y><time>26-01-21 15:32:05:542</time></pt><pt><x>366</x><y>61</y><time>26-01-21 15:32:06:011</time></pt><pt><x>367</x><y>58</y><time>26-01-21 15:32:06:437</time></pt><pt><x>369</x><y>53</y><time>26-01-21 15:32:06:933</time></pt><pt><x>369</x><y>48</y><time>26-01-21 15:32:07:546</time></pt><pt><x>369</x><y>44</y><time>26-01-21 15:32:07:977</time></pt><pt><x>367</x><y>43</y><time>26-01-21 15:32:08:292</time></pt><pt><x>365</x><y>45</y><time>26-01-21 15:32:08:535</time></pt><pt><x>363</x><y>48</y><time>26-01-21 15:32:08:857</time></pt><pt><x>361</x><y>51</y><time>26-01-21 15:32:09:140</time></pt><pt><x>359</x><y>53</y><time>26-01-21 15:32:09:306</time></pt><pt><x>358</x><y>56</y><time>26-01-21 15:32:09:463</time></pt><pt><x>357</x><y>59</y><time>26-01-21 15:32:09:677</time></pt><pt><x>355</x><y>62</y><time>26-01-21 15:32:09:941</time></pt><pt><x>349</x><y>70</y><time>26-01-21 15:32:10:430</time></pt><pt><x>340</x><y>85</y><time>26-01-21 15:32:11:623</time></pt><pt><x>336</x><y>96</y><time>26-01-21 15:32:12:000</time></pt><pt><x>337</x><y>101</y><time>26-01-21 15:32:12:333</time></pt><pt><x>343</x><y>104</y><time>26-01-21 15:32:12:577</time></pt><pt><x>351</x><y>107</y><time>26-01-21 15:32:12:907</time></pt><pt><x>357</x><y>108</y><time>26-01-21 15:32:13:155</time></pt><pt><x>360</x><y>110</y><time>26-01-21 15:32:13:353</time></pt><pt><x>362</x><y>115</y><time>26-01-21 15:32:13:707</time></pt><pt><x>362</x><y>135</y><time>26-01-21 15:32:14:909</time></pt><pt><x>361</x><y>154</y><time>26-01-21 15:32:15:460</time></pt><pt><x>362</x><y>163</y><time>26-01-21 15:32:15:789</time></pt><pt><x>362</x><y>168</y><time>26-01-21 15:32:16:009</time></pt><pt><x>361</x><y>172</y><time>26-01-21 15:32:16:325</time></pt><pt><x>359</x><y>185</y><time>26-01-21 15:32:17:353</time></pt><pt><x>358</x><y>206</y><time>26-01-21 15:32:20:765</time></pt><pt><x>360</x><y>218</y><time>26-01-21 15:32:21:125</time></pt><pt><x>362</x><y>230</y><time>26-01-21 15:32:21:582</time></pt><pt><x>362</x><y>235</y><time>26-01-21 15:32:21:849</time></pt><pt><x>360</x><y>240</y><time>26-01-21 15:32:23:226</time></pt><pt><x>357</x><y>250</y><time>26-01-21 15:32:23:585</time></pt><pt><x>358</x><y>258</y><time>26-01-21 15:32:23:783</time></pt><pt><x>357</x><y>268</y><time>26-01-21 15:32:24:945</time></pt><pt><x>357</x><y>279</y><time>26-01-21 15:32:25:237</time></pt><pt><x>357</x><y>283</y><time>26-01-21 15:32:25:404</time></pt><pt><x>358</x><y>288</y><time>26-01-21 15:32:25:614</time></pt><pt><x>358</x><y>293</y><time>26-01-21 15:32:25:912</time></pt><pt><x>354</x><y>300</y><time>26-01-21 15:32:26:258</time></pt><pt><x>350</x><y>304</y><time>26-01-21 15:32:26:565</time></pt><pt><x>350</x><y>308</y><time>26-01-21 15:32:26:815</time></pt><pt><x>354</x><y>310</y><time>26-01-21 15:32:27:249</time></pt><pt><x>361</x><y>310</y><time>26-01-21 15:32:27:524</time></pt><pt><x>368</x><y>310</y><time>26-01-21 15:32:30:312</time></pt><pt><x>369</x><y>308</y><time>26-01-21 15:32:30:629</time></pt><pt><x>369</x><y>308</y><time>26-01-21 15:32:30:754</time></pt><pt><x>372</x><y>306</y><time>26-01-21 15:32:31:077</time></pt><pt><x>372</x><y>303</y><time>26-01-21 15:32:31:274</time></pt><pt><x>371</x><y>294</y><time>26-01-21 15:32:31:620</time></pt><pt><x>374</x><y>284</y><time>26-01-21 15:32:32:097</time></pt><pt><x>378</x><y>262</y><time>26-01-21 15:32:33:262</time></pt><pt><x>379</x><y>254</y><time>26-01-21 15:32:33:652</time></pt><pt><x>379</x><y>248</y><time>26-01-21 15:32:34:030</time></pt><pt><x>386</x><y>219</y><time>26-01-21 15:32:37:205</time></pt><pt><x>386</x><y>240</y><time>26-01-21 15:32:38:078</time></pt><pt><x>386</x><y>255</y><time>26-01-21 15:32:38:760</time></pt><pt><x>386</x><y>263</y><time>26-01-21 15:32:39:131</time></pt><pt><x>386</x><y>281</y><time>26-01-21 15:32:40:561</time></pt><pt><x>388</x><y>285</y><time>26-01-21 15:32:40:875</time></pt><pt><x>389</x><y>289</y><time>26-01-21 15:32:41:065</time></pt><pt><x>389</x><y>292</y><time>26-01-21 15:32:41:287</time></pt><pt><x>390</x><y>293</y><time>26-01-21 15:32:41:450</time></pt><pt><x>389</x><y>296</y><time>26-01-21 15:32:41:600</time></pt><pt><x>389</x><y>305</y><time>26-01-21 15:32:42:329</time></pt><pt><x>392</x><y>308</y><time>26-01-21 15:32:42:658</time></pt><pt><x>398</x><y>310</y><time>26-01-21 15:32:43:029</time></pt><pt><x>408</x><y>310</y><time>26-01-21 15:32:43:571</time></pt><pt><x>412</x><y>309</y><time>26-01-21 15:32:43:965</time></pt><pt><x>412</x><y>304</y><time>26-01-21 15:32:44:289</time></pt><pt><x>409</x><y>301</y><time>26-01-21 15:32:44:491</time></pt><pt><x>404</x><y>294</y><time>26-01-21 15:32:44:829</time></pt><pt><x>403</x><y>288</y><time>26-01-21 15:32:45:096</time></pt><pt><x>404</x><y>283</y><time>26-01-21 15:32:45:293</time></pt><pt><x>405</x><y>279</y><time>26-01-21 15:32:45:741</time></pt><pt><x>405</x><y>265</y><time>26-01-21 15:32:46:360</time></pt><pt><x>408</x><y>235</y><time>26-01-21 15:32:47:706</time></pt><pt><x>410</x><y>223</y><time>26-01-21 15:32:48:184</time></pt><pt><x>411</x><y>212</y><time>26-01-21 15:32:48:617</time></pt><pt><x>413</x><y>197</y><time>26-01-21 15:32:49:229</time></pt><pt><x>416</x><y>180</y><time>26-01-21 15:32:50:353</time></pt><pt><x>416</x><y>172</y><time>26-01-21 15:32:50:731</time></pt><pt><x>415</x><y>166</y><time>26-01-21 15:32:51:021</time></pt><pt><x>415</x><y>161</y><time>26-01-21 15:32:51:256</time></pt><pt><x>415</x><y>157</y><time>26-01-21 15:32:51:541</time></pt><pt><x>416</x><y>155</y><time>26-01-21 15:32:51:760</time></pt><pt><x>415</x><y>151</y><time>26-01-21 15:32:51:967</time></pt><pt><x>415</x><y>141</y><time>26-01-21 15:32:53:394</time></pt><pt><x>415</x><y>139</y><time>26-01-21 15:32:54:527</time></pt><pt><x>416</x><y>141</y><time>26-01-21 15:32:54:778</time></pt><pt><x>417</x><y>146</y><time>26-01-21 15:32:55:211</time></pt><pt><x>418</x><y>155</y><time>26-01-21 15:32:55:739</time></pt><pt><x>419</x><y>161</y><time>26-01-21 15:32:56:075</time></pt><pt><x>420</x><y>168</y><time>26-01-21 15:32:56:302</time></pt><pt><x>420</x><y>174</y><time>26-01-21 15:32:56:603</time></pt><pt><x>419</x><y>178</y><time>26-01-21 15:32:56:840</time></pt><pt><x>417</x><y>182</y><time>26-01-21 15:32:57:091</time></pt><pt><x>417</x><y>190</y><time>26-01-21 15:32:57:609</time></pt><pt><x>418</x><y>197</y><time>26-01-21 15:33:01:192</time></pt><pt><x>420</x><y>197</y><time>26-01-21 15:33:01:680</time></pt><pt><x>426</x><y>195</y><time>26-01-21 15:33:02:088</time></pt><pt><x>429</x><y>191</y><time>26-01-21 15:33:02:362</time></pt><pt><x>430</x><y>186</y><time>26-01-21 15:33:02:608</time></pt><pt><x>430</x><y>179</y><time>26-01-21 15:33:02:937</time></pt><pt><x>431</x><y>174</y><time>26-01-21 15:33:03:197</time></pt><pt><x>434</x><y>165</y><time>26-01-21 15:33:03:630</time></pt><pt><x>433</x><y>145</y><time>26-01-21 15:33:04:384</time></pt><pt><x>430</x><y>115</y><time>26-01-21 15:33:05:540</time></pt><pt><x>427</x><y>99</y><time>26-01-21 15:33:06:029</time></pt><pt><x>424</x><y>91</y><time>26-01-21 15:33:06:646</time></pt><pt><x>416</x><y>86</y><time>26-01-21 15:33:06:976</time></pt><pt><x>408</x><y>82</y><time>26-01-21 15:33:07:472</time></pt><pt><x>401</x><y>81</y><time>26-01-21 15:33:07:888</time></pt><pt><x>399</x><y>78</y><time>26-01-21 15:33:08:202</time></pt><pt><x>400</x><y>75</y><time>26-01-21 15:33:08:415</time></pt><pt><x>402</x><y>64</y><time>26-01-21 15:33:09:149</time></pt><pt><x>401</x><y>57</y><time>26-01-21 15:33:09:580</time></pt><pt><x>400</x><y>52</y><time>26-01-21 15:33:09:970</time></pt><pt><x>400</x><y>48</y><time>26-01-21 15:33:10:262</time></pt><pt><x>400</x><y>46</y><time>26-01-21 15:33:10:647</time></pt><closed_date>26-01-21 15:33:12:108</closed_date></polygon></object><object><name>person</name><deleted>0</deleted><verified>0</verified><occluded>no</occluded><attributes></attributes><parts><hasparts></hasparts><ispartof></ispartof></parts><date>26-01-21 15:36:21:961</date><id>2</id><polygon><username>7hao</username><pt><x>562</x><y>0</y><time>26-01-21 15:34:35:047</time></pt><pt><x>563</x><y>4</y><time>26-01-21 15:34:35:405</time></pt><pt><x>563</x><y>6</y><time>26-01-21 15:34:35:577</time></pt><pt><x>563</x><y>7</y><time>26-01-21 15:34:35:792</time></pt><pt><x>562</x><y>8</y><time>26-01-21 15:34:36:012</time></pt><pt><x>555</x><y>10</y><time>26-01-21 15:34:36:327</time></pt><pt><x>548</x><y>14</y><time>26-01-21 15:34:36:718</time></pt><pt><x>543</x><y>20</y><time>26-01-21 15:34:36:969</time></pt><pt><x>537</x><y>29</y><time>26-01-21 15:34:37:291</time></pt><pt><x>536</x><y>38</y><time>26-01-21 15:34:37:566</time></pt><pt><x>531</x><y>56</y><time>26-01-21 15:34:38:141</time></pt><pt><x>524</x><y>70</y><time>26-01-21 15:34:38:699</time></pt><pt><x>519</x><y>81</y><time>26-01-21 15:34:40:053</time></pt><pt><x>515</x><y>90</y><time>26-01-21 15:34:44:007</time></pt><pt><x>510</x><y>99</y><time>26-01-21 15:34:46:113</time></pt><pt><x>500</x><y>110</y><time>26-01-21 15:34:48:377</time></pt><pt><x>496</x><y>115</y><time>26-01-21 15:34:48:597</time></pt><pt><x>494</x><y>118</y><time>26-01-21 15:34:48:760</time></pt><pt><x>495</x><y>121</y><time>26-01-21 15:34:48:927</time></pt><pt><x>494</x><y>125</y><time>26-01-21 15:34:49:169</time></pt><pt><x>491</x><y>128</y><time>26-01-21 15:34:49:412</time></pt><pt><x>486</x><y>132</y><time>26-01-21 15:34:49:816</time></pt><pt><x>484</x><y>134</y><time>26-01-21 15:34:50:035</time></pt><pt><x>484</x><y>139</y><time>26-01-21 15:34:50:435</time></pt><pt><x>485</x><y>147</y><time>26-01-21 15:34:51:693</time></pt><pt><x>489</x><y>151</y><time>26-01-21 15:34:51:897</time></pt><pt><x>491</x><y>152</y><time>26-01-21 15:34:52:057</time></pt><pt><x>494</x><y>153</y><time>26-01-21 15:34:56:127</time></pt><pt><x>494</x><y>151</y><time>26-01-21 15:34:56:362</time></pt><pt><x>495</x><y>148</y><time>26-01-21 15:34:56:536</time></pt><pt><x>497</x><y>144</y><time>26-01-21 15:34:56:850</time></pt><pt><x>502</x><y>137</y><time>26-01-21 15:34:57:259</time></pt><pt><x>505</x><y>134</y><time>26-01-21 15:34:57:551</time></pt><pt><x>506</x><y>132</y><time>26-01-21 15:34:57:682</time></pt><pt><x>507</x><y>131</y><time>26-01-21 15:34:57:865</time></pt><pt><x>512</x><y>129</y><time>26-01-21 15:34:58:060</time></pt><pt><x>521</x><y>120</y><time>26-01-21 15:34:58:680</time></pt><pt><x>530</x><y>112</y><time>26-01-21 15:34:59:145</time></pt><pt><x>533</x><y>108</y><time>26-01-21 15:34:59:579</time></pt><pt><x>534</x><y>112</y><time>26-01-21 15:34:59:946</time></pt><pt><x>535</x><y>114</y><time>26-01-21 15:35:00:122</time></pt><pt><x>538</x><y>116</y><time>26-01-21 15:35:00:316</time></pt><pt><x>539</x><y>118</y><time>26-01-21 15:35:00:459</time></pt><pt><x>540</x><y>121</y><time>26-01-21 15:35:00:623</time></pt><pt><x>540</x><y>126</y><time>26-01-21 15:35:00:796</time></pt><pt><x>540</x><y>130</y><time>26-01-21 15:35:00:985</time></pt><pt><x>541</x><y>133</y><time>26-01-21 15:35:01:151</time></pt><pt><x>542</x><y>135</y><time>26-01-21 15:35:01:315</time></pt><pt><x>542</x><y>138</y><time>26-01-21 15:35:01:504</time></pt><pt><x>541</x><y>141</y><time>26-01-21 15:35:01:661</time></pt><pt><x>539</x><y>145</y><time>26-01-21 15:35:01:811</time></pt><pt><x>539</x><y>147</y><time>26-01-21 15:35:01:967</time></pt><pt><x>539</x><y>149</y><time>26-01-21 15:35:02:103</time></pt><pt><x>540</x><y>151</y><time>26-01-21 15:35:02:243</time></pt><pt><x>539</x><y>154</y><time>26-01-21 15:35:02:393</time></pt><pt><x>537</x><y>158</y><time>26-01-21 15:35:02:573</time></pt><pt><x>536</x><y>162</y><time>26-01-21 15:35:02:723</time></pt><pt><x>537</x><y>165</y><time>26-01-21 15:35:02:878</time></pt><pt><x>538</x><y>168</y><time>26-01-21 15:35:03:052</time></pt><pt><x>539</x><y>182</y><time>26-01-21 15:35:04:101</time></pt><pt><x>538</x><y>189</y><time>26-01-21 15:35:04:238</time></pt><pt><x>537</x><y>194</y><time>26-01-21 15:35:04:382</time></pt><pt><x>535</x><y>200</y><time>26-01-21 15:35:04:522</time></pt><pt><x>534</x><y>205</y><time>26-01-21 15:35:04:679</time></pt><pt><x>534</x><y>211</y><time>26-01-21 15:35:04:829</time></pt><pt><x>537</x><y>223</y><time>26-01-21 15:35:05:182</time></pt><pt><x>548</x><y>256</y><time>26-01-21 15:35:06:180</time></pt><pt><x>555</x><y>265</y><time>26-01-21 15:35:06:341</time></pt><pt><x>558</x><y>270</y><time>26-01-21 15:35:06:487</time></pt><pt><x>560</x><y>276</y><time>26-01-21 15:35:06:654</time></pt><pt><x>560</x><y>290</y><time>26-01-21 15:35:06:834</time></pt><pt><x>559</x><y>298</y><time>26-01-21 15:35:07:339</time></pt><pt><x>554</x><y>322</y><time>26-01-21 15:35:08:657</time></pt><pt><x>553</x><y>326</y><time>26-01-21 15:35:08:830</time></pt><pt><x>552</x><y>332</y><time>26-01-21 15:35:09:043</time></pt><pt><x>551</x><y>336</y><time>26-01-21 15:35:09:162</time></pt><pt><x>552</x><y>340</y><time>26-01-21 15:35:09:288</time></pt><pt><x>553</x><y>342</y><time>26-01-21 15:35:09:429</time></pt><pt><x>553</x><y>346</y><time>26-01-21 15:35:09:561</time></pt><pt><x>552</x><y>351</y><time>26-01-21 15:35:09:742</time></pt><pt><x>550</x><y>356</y><time>26-01-21 15:35:10:115</time></pt><pt><x>550</x><y>361</y><time>26-01-21 15:35:10:261</time></pt><pt><x>551</x><y>363</y><time>26-01-21 15:35:10:435</time></pt><pt><x>556</x><y>364</y><time>26-01-21 15:35:10:684</time></pt><pt><x>567</x><y>365</y><time>26-01-21 15:35:10:992</time></pt><pt><x>579</x><y>364</y><time>26-01-21 15:35:11:300</time></pt><pt><x>581</x><y>362</y><time>26-01-21 15:35:11:472</time></pt><pt><x>584</x><y>357</y><time>26-01-21 15:35:11:692</time></pt><pt><x>587</x><y>353</y><time>26-01-21 15:35:11:913</time></pt><pt><x>587</x><y>349</y><time>26-01-21 15:35:12:093</time></pt><pt><x>587</x><y>345</y><time>26-01-21 15:35:12:354</time></pt><pt><x>588</x><y>340</y><time>26-01-21 15:35:12:588</time></pt><pt><x>589</x><y>336</y><time>26-01-21 15:35:12:777</time></pt><pt><x>589</x><y>333</y><time>26-01-21 15:35:12:957</time></pt><pt><x>588</x><y>328</y><time>26-01-21 15:35:13:248</time></pt><pt><x>586</x><y>326</y><time>26-01-21 15:35:13:444</time></pt><pt><x>585</x><y>323</y><time>26-01-21 15:35:13:681</time></pt><pt><x>588</x><y>318</y><time>26-01-21 15:35:13:994</time></pt><pt><x>592</x><y>316</y><time>26-01-21 15:35:14:247</time></pt><pt><x>596</x><y>316</y><time>26-01-21 15:35:14:490</time></pt><pt><x>597</x><y>322</y><time>26-01-21 15:35:14:694</time></pt><pt><x>597</x><y>326</y><time>26-01-21 15:35:14:977</time></pt><pt><x>594</x><y>331</y><time>26-01-21 15:35:15:631</time></pt><pt><x>593</x><y>332</y><time>26-01-21 15:35:15:835</time></pt><pt><x>592</x><y>333</y><time>26-01-21 15:35:16:103</time></pt><pt><x>590</x><y>335</y><time>26-01-21 15:35:16:471</time></pt><pt><x>589</x><y>340</y><time>26-01-21 15:35:17:342</time></pt><pt><x>589</x><y>342</y><time>26-01-21 15:35:17:855</time></pt><pt><x>589</x><y>344</y><time>26-01-21 15:35:18:201</time></pt><pt><x>589</x><y>346</y><time>26-01-21 15:35:18:444</time></pt><pt><x>594</x><y>346</y><time>26-01-21 15:35:18:844</time></pt><pt><x>601</x><y>345</y><time>26-01-21 15:35:19:122</time></pt><pt><x>607</x><y>343</y><time>26-01-21 15:35:19:335</time></pt><pt><x>614</x><y>338</y><time>26-01-21 15:35:19:623</time></pt><pt><x>626</x><y>329</y><time>26-01-21 15:35:19:985</time></pt><pt><x>634</x><y>322</y><time>26-01-21 15:35:20:330</time></pt><pt><x>636</x><y>319</y><time>26-01-21 15:35:20:669</time></pt><pt><x>637</x><y>309</y><time>26-01-21 15:35:21:556</time></pt><pt><x>634</x><y>305</y><time>26-01-21 15:35:22:090</time></pt><pt><x>631</x><y>302</y><time>26-01-21 15:35:22:369</time></pt><pt><x>631</x><y>301</y><time>26-01-21 15:35:22:554</time></pt><pt><x>632</x><y>298</y><time>26-01-21 15:35:22:760</time></pt><pt><x>630</x><y>295</y><time>26-01-21 15:35:22:965</time></pt><pt><x>614</x><y>281</y><time>26-01-21 15:35:24:192</time></pt><pt><x>609</x><y>271</y><time>26-01-21 15:35:24:537</time></pt><pt><x>606</x><y>265</y><time>26-01-21 15:35:24:741</time></pt><pt><x>603</x><y>259</y><time>26-01-21 15:35:24:912</time></pt><pt><x>601</x><y>256</y><time>26-01-21 15:35:25:102</time></pt><pt><x>601</x><y>252</y><time>26-01-21 15:35:25:323</time></pt><pt><x>604</x><y>210</y><time>26-01-21 15:35:26:540</time></pt><pt><x>608</x><y>198</y><time>26-01-21 15:35:26:951</time></pt><pt><x>613</x><y>179</y><time>26-01-21 15:35:27:774</time></pt><pt><x>623</x><y>142</y><time>26-01-21 15:35:31:964</time></pt><pt><x>625</x><y>130</y><time>26-01-21 15:35:32:447</time></pt><pt><x>627</x><y>125</y><time>26-01-21 15:35:32:750</time></pt><pt><x>629</x><y>119</y><time>26-01-21 15:35:32:963</time></pt><pt><x>630</x><y>114</y><time>26-01-21 15:35:33:160</time></pt><pt><x>628</x><y>101</y><time>26-01-21 15:35:33:901</time></pt><pt><x>627</x><y>96</y><time>26-01-21 15:35:34:110</time></pt><pt><x>631</x><y>83</y><time>26-01-21 15:35:34:488</time></pt><pt><x>633</x><y>89</y><time>26-01-21 15:35:34:881</time></pt><pt><x>634</x><y>95</y><time>26-01-21 15:35:35:071</time></pt><pt><x>635</x><y>103</y><time>26-01-21 15:35:35:354</time></pt><pt><x>635</x><y>112</y><time>26-01-21 15:36:03:421</time></pt><pt><x>635</x><y>115</y><time>26-01-21 15:36:03:606</time></pt><pt><x>634</x><y>118</y><time>26-01-21 15:36:03:772</time></pt><pt><x>632</x><y>121</y><time>26-01-21 15:36:04:040</time></pt><pt><x>630</x><y>124</y><time>26-01-21 15:36:04:370</time></pt><pt><x>628</x><y>126</y><time>26-01-21 15:36:10:555</time></pt><pt><x>627</x><y>128</y><time>26-01-21 15:36:10:936</time></pt><pt><x>626</x><y>131</y><time>26-01-21 15:36:11:406</time></pt><pt><x>626</x><y>134</y><time>26-01-21 15:36:11:782</time></pt><pt><x>626</x><y>137</y><time>26-01-21 15:36:12:002</time></pt><pt><x>628</x><y>139</y><time>26-01-21 15:36:12:302</time></pt><pt><x>632</x><y>140</y><time>26-01-21 15:36:12:523</time></pt><pt><x>636</x><y>142</y><time>26-01-21 15:36:12:760</time></pt><pt><x>639</x><y>143</y><time>26-01-21 15:36:13:097</time></pt><pt><x>640</x><y>132</y><time>26-01-21 15:36:14:644</time></pt><pt><x>639</x><y>3</y><time>26-01-21 15:36:17:222</time></pt><pt><x>638</x><y>1</y><time>26-01-21 15:36:17:750</time></pt><pt><x>638</x><y>1</y><time>26-01-21 15:36:17:971</time></pt><closed_date>26-01-21 15:36:19:688</closed_date></polygon></object></annotation>