<annotation><filename>frame0002.jpg</filename><folder>users/lab605//7hao/human_20210119_4</folder><source><submittedBy>lab605</submittedBy></source><imagesize><nrows>480</nrows><ncols>640</ncols></imagesize><object><name>person</name><deleted>0</deleted><verified>0</verified><occluded>no</occluded><attributes></attributes><parts><hasparts></hasparts><ispartof></ispartof></parts><date>20-01-21 17:51:20:783</date><id>0</id><polygon><username>7hao</username><pt><x>438</x><y>25</y><time>20-01-21 17:50:01:552</time></pt><pt><x>434</x><y>23</y><time>20-01-21 17:50:01:977</time></pt><pt><x>431</x><y>20</y><time>20-01-21 17:50:02:269</time></pt><pt><x>427</x><y>19</y><time>20-01-21 17:50:02:583</time></pt><pt><x>423</x><y>19</y><time>20-01-21 17:50:02:844</time></pt><pt><x>420</x><y>20</y><time>20-01-21 17:50:03:081</time></pt><pt><x>416</x><y>21</y><time>20-01-21 17:50:03:322</time></pt><pt><x>413</x><y>23</y><time>20-01-21 17:50:03:529</time></pt><pt><x>411</x><y>26</y><time>20-01-21 17:50:03:804</time></pt><pt><x>410</x><y>28</y><time>20-01-21 17:50:04:022</time></pt><pt><x>406</x><y>34</y><time>20-01-21 17:50:04:447</time></pt><pt><x>404</x><y>35</y><time>20-01-21 17:50:04:823</time></pt><pt><x>402</x><y>35</y><time>20-01-21 17:50:05:102</time></pt><pt><x>401</x><y>38</y><time>20-01-21 17:50:05:368</time></pt><pt><x>403</x><y>41</y><time>20-01-21 17:50:05:691</time></pt><pt><x>405</x><y>43</y><time>20-01-21 17:50:05:980</time></pt><pt><x>405</x><y>45</y><time>20-01-21 17:50:06:263</time></pt><pt><x>403</x><y>46</y><time>20-01-21 17:50:06:656</time></pt><pt><x>403</x><y>48</y><time>20-01-21 17:50:06:931</time></pt><pt><x>403</x><y>51</y><time>20-01-21 17:50:07:143</time></pt><pt><x>404</x><y>52</y><time>20-01-21 17:50:07:388</time></pt><pt><x>405</x><y>55</y><time>20-01-21 17:50:07:718</time></pt><pt><x>405</x><y>59</y><time>20-01-21 17:50:07:985</time></pt><pt><x>406</x><y>62</y><time>20-01-21 17:50:08:245</time></pt><pt><x>407</x><y>67</y><time>20-01-21 17:50:08:552</time></pt><pt><x>409</x><y>69</y><time>20-01-21 17:50:08:897</time></pt><pt><x>413</x><y>70</y><time>20-01-21 17:50:09:205</time></pt><pt><x>415</x><y>70</y><time>20-01-21 17:50:09:473</time></pt><pt><x>417</x><y>70</y><time>20-01-21 17:50:09:727</time></pt><pt><x>419</x><y>72</y><time>20-01-21 17:50:09:960</time></pt><pt><x>421</x><y>74</y><time>20-01-21 17:50:10:282</time></pt><pt><x>421</x><y>75</y><time>20-01-21 17:50:10:485</time></pt><pt><x>422</x><y>77</y><time>20-01-21 17:50:10:871</time></pt><pt><x>421</x><y>79</y><time>20-01-21 17:50:11:155</time></pt><pt><x>421</x><y>80</y><time>20-01-21 17:50:11:320</time></pt><pt><x>419</x><y>90</y><time>20-01-21 17:50:12:650</time></pt><pt><x>416</x><y>95</y><time>20-01-21 17:50:12:948</time></pt><pt><x>415</x><y>98</y><time>20-01-21 17:50:13:193</time></pt><pt><x>413</x><y>103</y><time>20-01-21 17:50:13:443</time></pt><pt><x>413</x><y>107</y><time>20-01-21 17:50:13:665</time></pt><pt><x>413</x><y>111</y><time>20-01-21 17:50:13:932</time></pt><pt><x>415</x><y>135</y><time>20-01-21 17:50:16:391</time></pt><pt><x>413</x><y>140</y><time>20-01-21 17:50:17:187</time></pt><pt><x>406</x><y>156</y><time>20-01-21 17:50:18:288</time></pt><pt><x>401</x><y>170</y><time>20-01-21 17:50:19:496</time></pt><pt><x>397</x><y>174</y><time>20-01-21 17:50:19:900</time></pt><pt><x>394</x><y>177</y><time>20-01-21 17:50:20:301</time></pt><pt><x>393</x><y>183</y><time>20-01-21 17:50:20:625</time></pt><pt><x>393</x><y>187</y><time>20-01-21 17:50:20:889</time></pt><pt><x>394</x><y>191</y><time>20-01-21 17:50:21:149</time></pt><pt><x>396</x><y>194</y><time>20-01-21 17:50:21:425</time></pt><pt><x>400</x><y>195</y><time>20-01-21 17:50:21:715</time></pt><pt><x>403</x><y>195</y><time>20-01-21 17:50:21:968</time></pt><pt><x>404</x><y>193</y><time>20-01-21 17:50:22:218</time></pt><pt><x>405</x><y>190</y><time>20-01-21 17:50:22:439</time></pt><pt><x>407</x><y>187</y><time>20-01-21 17:50:22:716</time></pt><pt><x>408</x><y>184</y><time>20-01-21 17:50:22:935</time></pt><pt><x>408</x><y>181</y><time>20-01-21 17:50:23:171</time></pt><pt><x>409</x><y>178</y><time>20-01-21 17:50:23:415</time></pt><pt><x>411</x><y>174</y><time>20-01-21 17:50:23:697</time></pt><pt><x>413</x><y>172</y><time>20-01-21 17:50:23:949</time></pt><pt><x>414</x><y>170</y><time>20-01-21 17:50:24:169</time></pt><pt><x>415</x><y>169</y><time>20-01-21 17:50:24:406</time></pt><pt><x>416</x><y>168</y><time>20-01-21 17:50:25:357</time></pt><pt><x>417</x><y>172</y><time>20-01-21 17:50:25:892</time></pt><pt><x>416</x><y>175</y><time>20-01-21 17:50:26:238</time></pt><pt><x>415</x><y>178</y><time>20-01-21 17:50:26:529</time></pt><pt><x>415</x><y>182</y><time>20-01-21 17:50:26:773</time></pt><pt><x>413</x><y>186</y><time>20-01-21 17:50:27:096</time></pt><pt><x>412</x><y>190</y><time>20-01-21 17:50:27:410</time></pt><pt><x>412</x><y>194</y><time>20-01-21 17:50:27:639</time></pt><pt><x>412</x><y>197</y><time>20-01-21 17:50:27:874</time></pt><pt><x>412</x><y>199</y><time>20-01-21 17:50:28:110</time></pt><pt><x>413</x><y>223</y><time>20-01-21 17:50:29:249</time></pt><pt><x>414</x><y>229</y><time>20-01-21 17:50:29:699</time></pt><pt><x>413</x><y>232</y><time>20-01-21 17:50:30:005</time></pt><pt><x>413</x><y>235</y><time>20-01-21 17:50:30:241</time></pt><pt><x>413</x><y>239</y><time>20-01-21 17:50:30:448</time></pt><pt><x>415</x><y>242</y><time>20-01-21 17:50:30:665</time></pt><pt><x>416</x><y>245</y><time>20-01-21 17:50:30:886</time></pt><pt><x>418</x><y>248</y><time>20-01-21 17:50:31:106</time></pt><pt><x>419</x><y>250</y><time>20-01-21 17:50:31:317</time></pt><pt><x>420</x><y>252</y><time>20-01-21 17:50:31:626</time></pt><pt><x>422</x><y>255</y><time>20-01-21 17:50:32:051</time></pt><pt><x>427</x><y>275</y><time>20-01-21 17:50:33:417</time></pt><pt><x>428</x><y>281</y><time>20-01-21 17:50:33:732</time></pt><pt><x>428</x><y>285</y><time>20-01-21 17:50:34:024</time></pt><pt><x>428</x><y>289</y><time>20-01-21 17:50:34:227</time></pt><pt><x>428</x><y>293</y><time>20-01-21 17:50:34:487</time></pt><pt><x>427</x><y>297</y><time>20-01-21 17:50:34:761</time></pt><pt><x>425</x><y>300</y><time>20-01-21 17:50:34:992</time></pt><pt><x>422</x><y>304</y><time>20-01-21 17:50:35:477</time></pt><pt><x>420</x><y>306</y><time>20-01-21 17:50:35:815</time></pt><pt><x>417</x><y>307</y><time>20-01-21 17:50:36:083</time></pt><pt><x>415</x><y>308</y><time>20-01-21 17:50:36:376</time></pt><pt><x>410</x><y>310</y><time>20-01-21 17:50:36:673</time></pt><pt><x>406</x><y>310</y><time>20-01-21 17:50:36:972</time></pt><pt><x>403</x><y>310</y><time>20-01-21 17:50:37:266</time></pt><pt><x>400</x><y>311</y><time>20-01-21 17:50:37:563</time></pt><pt><x>399</x><y>314</y><time>20-01-21 17:50:37:891</time></pt><pt><x>400</x><y>317</y><time>20-01-21 17:50:38:254</time></pt><pt><x>403</x><y>318</y><time>20-01-21 17:50:38:677</time></pt><pt><x>407</x><y>320</y><time>20-01-21 17:50:39:040</time></pt><pt><x>413</x><y>320</y><time>20-01-21 17:50:39:505</time></pt><pt><x>422</x><y>321</y><time>20-01-21 17:50:39:881</time></pt><pt><x>445</x><y>321</y><time>20-01-21 17:50:40:793</time></pt><pt><x>450</x><y>320</y><time>20-01-21 17:50:41:188</time></pt><pt><x>452</x><y>318</y><time>20-01-21 17:50:41:635</time></pt><pt><x>453</x><y>315</y><time>20-01-21 17:50:41:949</time></pt><pt><x>453</x><y>314</y><time>20-01-21 17:50:42:271</time></pt><pt><x>452</x><y>312</y><time>20-01-21 17:50:42:705</time></pt><pt><x>452</x><y>311</y><time>20-01-21 17:50:43:129</time></pt><pt><x>455</x><y>309</y><time>20-01-21 17:50:43:419</time></pt><pt><x>461</x><y>307</y><time>20-01-21 17:50:43:878</time></pt><pt><x>462</x><y>306</y><time>20-01-21 17:50:44:277</time></pt><pt><x>461</x><y>302</y><time>20-01-21 17:50:44:915</time></pt><pt><x>459</x><y>298</y><time>20-01-21 17:50:45:261</time></pt><pt><x>456</x><y>293</y><time>20-01-21 17:50:45:629</time></pt><pt><x>456</x><y>289</y><time>20-01-21 17:50:45:921</time></pt><pt><x>454</x><y>287</y><time>20-01-21 17:50:46:299</time></pt><pt><x>452</x><y>283</y><time>20-01-21 17:50:46:590</time></pt><pt><x>452</x><y>281</y><time>20-01-21 17:50:47:008</time></pt><pt><x>448</x><y>244</y><time>20-01-21 17:50:48:250</time></pt><pt><x>447</x><y>239</y><time>20-01-21 17:50:48:636</time></pt><pt><x>447</x><y>234</y><time>20-01-21 17:50:48:949</time></pt><pt><x>447</x><y>230</y><time>20-01-21 17:50:49:216</time></pt><pt><x>447</x><y>228</y><time>20-01-21 17:50:49:459</time></pt><pt><x>447</x><y>224</y><time>20-01-21 17:50:49:702</time></pt><pt><x>448</x><y>221</y><time>20-01-21 17:50:49:963</time></pt><pt><x>448</x><y>218</y><time>20-01-21 17:50:50:278</time></pt><pt><x>457</x><y>191</y><time>20-01-21 17:50:51:992</time></pt><pt><x>459</x><y>188</y><time>20-01-21 17:50:52:551</time></pt><pt><x>461</x><y>185</y><time>20-01-21 17:50:52:929</time></pt><pt><x>463</x><y>182</y><time>20-01-21 17:50:53:274</time></pt><pt><x>464</x><y>179</y><time>20-01-21 17:50:53:565</time></pt><pt><x>465</x><y>176</y><time>20-01-21 17:50:53:918</time></pt><pt><x>466</x><y>172</y><time>20-01-21 17:50:54:336</time></pt><pt><x>467</x><y>181</y><time>20-01-21 17:50:55:021</time></pt><pt><x>469</x><y>184</y><time>20-01-21 17:50:55:383</time></pt><pt><x>472</x><y>187</y><time>20-01-21 17:50:55:680</time></pt><pt><x>475</x><y>187</y><time>20-01-21 17:50:55:973</time></pt><pt><x>478</x><y>186</y><time>20-01-21 17:50:56:316</time></pt><pt><x>481</x><y>185</y><time>20-01-21 17:50:56:624</time></pt><pt><x>483</x><y>181</y><time>20-01-21 17:50:56:914</time></pt><pt><x>483</x><y>178</y><time>20-01-21 17:50:57:206</time></pt><pt><x>482</x><y>174</y><time>20-01-21 17:50:57:473</time></pt><pt><x>481</x><y>169</y><time>20-01-21 17:50:57:764</time></pt><pt><x>480</x><y>167</y><time>20-01-21 17:50:58:026</time></pt><pt><x>478</x><y>158</y><time>20-01-21 17:50:59:344</time></pt><pt><x>477</x><y>153</y><time>20-01-21 17:50:59:730</time></pt><pt><x>478</x><y>150</y><time>20-01-21 17:51:00:052</time></pt><pt><x>476</x><y>147</y><time>20-01-21 17:51:00:331</time></pt><pt><x>475</x><y>143</y><time>20-01-21 17:51:00:556</time></pt><pt><x>474</x><y>139</y><time>20-01-21 17:51:00:808</time></pt><pt><x>475</x><y>135</y><time>20-01-21 17:51:01:041</time></pt><pt><x>476</x><y>131</y><time>20-01-21 17:51:01:273</time></pt><pt><x>474</x><y>127</y><time>20-01-21 17:51:01:555</time></pt><pt><x>473</x><y>124</y><time>20-01-21 17:51:01:830</time></pt><pt><x>471</x><y>123</y><time>20-01-21 17:51:02:099</time></pt><pt><x>467</x><y>104</y><time>20-01-21 17:51:03:174</time></pt><pt><x>466</x><y>99</y><time>20-01-21 17:51:03:537</time></pt><pt><x>467</x><y>93</y><time>20-01-21 17:51:03:884</time></pt><pt><x>466</x><y>85</y><time>20-01-21 17:51:04:261</time></pt><pt><x>462</x><y>70</y><time>20-01-21 17:51:05:465</time></pt><pt><x>459</x><y>68</y><time>20-01-21 17:51:05:860</time></pt><pt><x>454</x><y>65</y><time>20-01-21 17:51:06:300</time></pt><pt><x>450</x><y>63</y><time>20-01-21 17:51:06:699</time></pt><pt><x>447</x><y>61</y><time>20-01-21 17:51:07:048</time></pt><pt><x>445</x><y>60</y><time>20-01-21 17:51:07:360</time></pt><pt><x>441</x><y>60</y><time>20-01-21 17:51:07:659</time></pt><pt><x>440</x><y>60</y><time>20-01-21 17:51:08:060</time></pt><pt><x>439</x><y>58</y><time>20-01-21 17:51:08:549</time></pt><pt><x>440</x><y>55</y><time>20-01-21 17:51:08:972</time></pt><pt><x>442</x><y>52</y><time>20-01-21 17:51:09:444</time></pt><pt><x>444</x><y>50</y><time>20-01-21 17:51:09:847</time></pt><pt><x>448</x><y>43</y><time>20-01-21 17:51:11:166</time></pt><pt><x>447</x><y>40</y><time>20-01-21 17:51:11:594</time></pt><pt><x>445</x><y>36</y><time>20-01-21 17:51:12:018</time></pt><pt><x>444</x><y>34</y><time>20-01-21 17:51:12:322</time></pt><pt><x>442</x><y>32</y><time>20-01-21 17:51:12:663</time></pt><pt><x>440</x><y>29</y><time>20-01-21 17:51:13:010</time></pt><pt><x>439</x><y>28</y><time>20-01-21 17:51:13:449</time></pt><pt><x>438</x><y>27</y><time>20-01-21 17:51:13:840</time></pt><closed_date>20-01-21 17:51:14:248</closed_date></polygon></object><object><name>person</name><deleted>0</deleted><verified>0</verified><occluded>no</occluded><attributes></attributes><parts><hasparts></hasparts><ispartof></ispartof></parts><date>20-01-21 17:55:31:861</date><id>1</id><polygon><username>7hao</username><pt><x>307</x><y>101</y><time>20-01-21 17:54:16:176</time></pt><pt><x>306</x><y>101</y><time>20-01-21 17:54:16:523</time></pt><pt><x>304</x><y>101</y><time>20-01-21 17:54:16:813</time></pt><pt><x>303</x><y>101</y><time>20-01-21 17:54:17:066</time></pt><pt><x>301</x><y>102</y><time>20-01-21 17:54:17:460</time></pt><pt><x>299</x><y>103</y><time>20-01-21 17:54:17:743</time></pt><pt><x>297</x><y>104</y><time>20-01-21 17:54:18:009</time></pt><pt><x>296</x><y>105</y><time>20-01-21 17:54:18:255</time></pt><pt><x>296</x><y>106</y><time>20-01-21 17:54:18:452</time></pt><pt><x>295</x><y>108</y><time>20-01-21 17:54:18:679</time></pt><pt><x>295</x><y>110</y><time>20-01-21 17:54:18:891</time></pt><pt><x>294</x><y>111</y><time>20-01-21 17:54:19:135</time></pt><pt><x>294</x><y>113</y><time>20-01-21 17:54:19:363</time></pt><pt><x>293</x><y>114</y><time>20-01-21 17:54:19:583</time></pt><pt><x>293</x><y>116</y><time>20-01-21 17:54:19:857</time></pt><pt><x>293</x><y>117</y><time>20-01-21 17:54:20:049</time></pt><pt><x>293</x><y>120</y><time>20-01-21 17:54:20:300</time></pt><pt><x>293</x><y>122</y><time>20-01-21 17:54:20:535</time></pt><pt><x>293</x><y>125</y><time>20-01-21 17:54:20:785</time></pt><pt><x>294</x><y>126</y><time>20-01-21 17:54:21:048</time></pt><pt><x>295</x><y>127</y><time>20-01-21 17:54:21:266</time></pt><pt><x>294</x><y>128</y><time>20-01-21 17:54:21:621</time></pt><pt><x>293</x><y>130</y><time>20-01-21 17:54:21:823</time></pt><pt><x>293</x><y>131</y><time>20-01-21 17:54:22:023</time></pt><pt><x>292</x><y>133</y><time>20-01-21 17:54:22:251</time></pt><pt><x>292</x><y>135</y><time>20-01-21 17:54:22:440</time></pt><pt><x>289</x><y>136</y><time>20-01-21 17:54:23:879</time></pt><pt><x>286</x><y>137</y><time>20-01-21 17:54:24:154</time></pt><pt><x>285</x><y>139</y><time>20-01-21 17:54:24:392</time></pt><pt><x>283</x><y>141</y><time>20-01-21 17:54:24:611</time></pt><pt><x>282</x><y>144</y><time>20-01-21 17:54:24:840</time></pt><pt><x>281</x><y>147</y><time>20-01-21 17:54:25:075</time></pt><pt><x>281</x><y>149</y><time>20-01-21 17:54:25:264</time></pt><pt><x>280</x><y>152</y><time>20-01-21 17:54:25:514</time></pt><pt><x>280</x><y>154</y><time>20-01-21 17:54:25:734</time></pt><pt><x>279</x><y>156</y><time>20-01-21 17:54:25:946</time></pt><pt><x>277</x><y>162</y><time>20-01-21 17:54:27:316</time></pt><pt><x>276</x><y>165</y><time>20-01-21 17:54:27:558</time></pt><pt><x>274</x><y>168</y><time>20-01-21 17:54:27:785</time></pt><pt><x>273</x><y>171</y><time>20-01-21 17:54:28:063</time></pt><pt><x>272</x><y>173</y><time>20-01-21 17:54:28:306</time></pt><pt><x>270</x><y>176</y><time>20-01-21 17:54:28:533</time></pt><pt><x>268</x><y>178</y><time>20-01-21 17:54:28:762</time></pt><pt><x>266</x><y>181</y><time>20-01-21 17:54:28:998</time></pt><pt><x>265</x><y>183</y><time>20-01-21 17:54:29:234</time></pt><pt><x>265</x><y>185</y><time>20-01-21 17:54:29:447</time></pt><pt><x>265</x><y>187</y><time>20-01-21 17:54:29:643</time></pt><pt><x>264</x><y>188</y><time>20-01-21 17:54:29:824</time></pt><pt><x>262</x><y>190</y><time>20-01-21 17:54:30:076</time></pt><pt><x>260</x><y>191</y><time>20-01-21 17:54:30:304</time></pt><pt><x>259</x><y>195</y><time>20-01-21 17:54:31:570</time></pt><pt><x>260</x><y>199</y><time>20-01-21 17:54:31:846</time></pt><pt><x>260</x><y>200</y><time>20-01-21 17:54:32:035</time></pt><pt><x>262</x><y>201</y><time>20-01-21 17:54:32:320</time></pt><pt><x>264</x><y>201</y><time>20-01-21 17:54:32:591</time></pt><pt><x>266</x><y>200</y><time>20-01-21 17:54:32:820</time></pt><pt><x>268</x><y>199</y><time>20-01-21 17:54:33:048</time></pt><pt><x>268</x><y>198</y><time>20-01-21 17:54:33:284</time></pt><pt><x>268</x><y>196</y><time>20-01-21 17:54:33:450</time></pt><pt><x>268</x><y>195</y><time>20-01-21 17:54:33:656</time></pt><pt><x>268</x><y>193</y><time>20-01-21 17:54:33:835</time></pt><pt><x>272</x><y>190</y><time>20-01-21 17:54:34:267</time></pt><pt><x>274</x><y>188</y><time>20-01-21 17:54:34:598</time></pt><pt><x>277</x><y>186</y><time>20-01-21 17:54:34:795</time></pt><pt><x>279</x><y>184</y><time>20-01-21 17:54:35:009</time></pt><pt><x>280</x><y>181</y><time>20-01-21 17:54:35:426</time></pt><pt><x>282</x><y>179</y><time>20-01-21 17:54:35:684</time></pt><pt><x>282</x><y>178</y><time>20-01-21 17:54:36:178</time></pt><pt><x>284</x><y>183</y><time>20-01-21 17:54:37:390</time></pt><pt><x>284</x><y>187</y><time>20-01-21 17:54:37:830</time></pt><pt><x>284</x><y>190</y><time>20-01-21 17:54:38:130</time></pt><pt><x>284</x><y>193</y><time>20-01-21 17:54:38:333</time></pt><pt><x>284</x><y>195</y><time>20-01-21 17:54:38:547</time></pt><pt><x>284</x><y>197</y><time>20-01-21 17:54:38:736</time></pt><pt><x>286</x><y>213</y><time>20-01-21 17:54:40:198</time></pt><pt><x>286</x><y>218</y><time>20-01-21 17:54:40:623</time></pt><pt><x>286</x><y>222</y><time>20-01-21 17:54:40:938</time></pt><pt><x>287</x><y>226</y><time>20-01-21 17:54:41:206</time></pt><pt><x>287</x><y>229</y><time>20-01-21 17:54:41:410</time></pt><pt><x>287</x><y>232</y><time>20-01-21 17:54:41:731</time></pt><pt><x>290</x><y>244</y><time>20-01-21 17:54:42:936</time></pt><pt><x>290</x><y>248</y><time>20-01-21 17:54:43:273</time></pt><pt><x>290</x><y>250</y><time>20-01-21 17:54:43:526</time></pt><pt><x>290</x><y>254</y><time>20-01-21 17:54:43:800</time></pt><pt><x>290</x><y>257</y><time>20-01-21 17:54:44:052</time></pt><pt><x>291</x><y>261</y><time>20-01-21 17:54:44:287</time></pt><pt><x>292</x><y>263</y><time>20-01-21 17:54:44:500</time></pt><pt><x>292</x><y>266</y><time>20-01-21 17:54:44:816</time></pt><pt><x>293</x><y>269</y><time>20-01-21 17:54:45:200</time></pt><pt><x>293</x><y>273</y><time>20-01-21 17:54:45:655</time></pt><pt><x>290</x><y>274</y><time>20-01-21 17:54:46:050</time></pt><pt><x>288</x><y>276</y><time>20-01-21 17:54:47:600</time></pt><pt><x>285</x><y>278</y><time>20-01-21 17:54:47:913</time></pt><pt><x>283</x><y>278</y><time>20-01-21 17:54:48:214</time></pt><pt><x>281</x><y>278</y><time>20-01-21 17:54:48:584</time></pt><pt><x>279</x><y>279</y><time>20-01-21 17:54:48:844</time></pt><pt><x>279</x><y>280</y><time>20-01-21 17:54:49:047</time></pt><pt><x>280</x><y>283</y><time>20-01-21 17:54:49:313</time></pt><pt><x>282</x><y>283</y><time>20-01-21 17:54:49:558</time></pt><pt><x>285</x><y>284</y><time>20-01-21 17:54:49:786</time></pt><pt><x>288</x><y>284</y><time>20-01-21 17:54:50:040</time></pt><pt><x>292</x><y>283</y><time>20-01-21 17:54:50:320</time></pt><pt><x>294</x><y>283</y><time>20-01-21 17:54:50:598</time></pt><pt><x>295</x><y>284</y><time>20-01-21 17:54:50:909</time></pt><pt><x>296</x><y>286</y><time>20-01-21 17:54:51:177</time></pt><pt><x>298</x><y>286</y><time>20-01-21 17:54:51:447</time></pt><pt><x>301</x><y>287</y><time>20-01-21 17:54:51:697</time></pt><pt><x>304</x><y>287</y><time>20-01-21 17:54:51:972</time></pt><pt><x>307</x><y>286</y><time>20-01-21 17:54:52:264</time></pt><pt><x>309</x><y>286</y><time>20-01-21 17:54:52:625</time></pt><pt><x>310</x><y>283</y><time>20-01-21 17:54:52:939</time></pt><pt><x>310</x><y>281</y><time>20-01-21 17:54:53:183</time></pt><pt><x>311</x><y>279</y><time>20-01-21 17:54:53:388</time></pt><pt><x>311</x><y>278</y><time>20-01-21 17:54:53:623</time></pt><pt><x>312</x><y>277</y><time>20-01-21 17:54:53:812</time></pt><pt><x>312</x><y>275</y><time>20-01-21 17:54:54:010</time></pt><pt><x>312</x><y>273</y><time>20-01-21 17:54:54:229</time></pt><pt><x>311</x><y>271</y><time>20-01-21 17:54:54:466</time></pt><pt><x>309</x><y>269</y><time>20-01-21 17:54:54:693</time></pt><pt><x>309</x><y>268</y><time>20-01-21 17:54:54:914</time></pt><pt><x>310</x><y>266</y><time>20-01-21 17:54:55:150</time></pt><pt><x>311</x><y>265</y><time>20-01-21 17:54:55:338</time></pt><pt><x>311</x><y>257</y><time>20-01-21 17:54:56:518</time></pt><pt><x>311</x><y>253</y><time>20-01-21 17:54:56:825</time></pt><pt><x>311</x><y>250</y><time>20-01-21 17:54:57:037</time></pt><pt><x>312</x><y>247</y><time>20-01-21 17:54:57:258</time></pt><pt><x>312</x><y>245</y><time>20-01-21 17:54:57:463</time></pt><pt><x>312</x><y>243</y><time>20-01-21 17:54:57:681</time></pt><pt><x>311</x><y>240</y><time>20-01-21 17:54:57:893</time></pt><pt><x>310</x><y>238</y><time>20-01-21 17:54:58:156</time></pt><pt><x>310</x><y>235</y><time>20-01-21 17:54:58:415</time></pt><pt><x>310</x><y>233</y><time>20-01-21 17:54:58:666</time></pt><pt><x>310</x><y>230</y><time>20-01-21 17:54:58:932</time></pt><pt><x>311</x><y>229</y><time>20-01-21 17:54:59:154</time></pt><pt><x>311</x><y>227</y><time>20-01-21 17:54:59:358</time></pt><pt><x>313</x><y>218</y><time>20-01-21 17:55:00:677</time></pt><pt><x>314</x><y>215</y><time>20-01-21 17:55:00:961</time></pt><pt><x>314</x><y>212</y><time>20-01-21 17:55:01:190</time></pt><pt><x>315</x><y>210</y><time>20-01-21 17:55:01:426</time></pt><pt><x>315</x><y>207</y><time>20-01-21 17:55:01:686</time></pt><pt><x>317</x><y>203</y><time>20-01-21 17:55:01:992</time></pt><pt><x>318</x><y>201</y><time>20-01-21 17:55:02:291</time></pt><pt><x>318</x><y>201</y><time>20-01-21 17:55:02:606</time></pt><pt><x>319</x><y>202</y><time>20-01-21 17:55:02:975</time></pt><pt><x>321</x><y>203</y><time>20-01-21 17:55:03:251</time></pt><pt><x>322</x><y>204</y><time>20-01-21 17:55:03:518</time></pt><pt><x>324</x><y>203</y><time>20-01-21 17:55:03:754</time></pt><pt><x>326</x><y>202</y><time>20-01-21 17:55:04:021</time></pt><pt><x>327</x><y>201</y><time>20-01-21 17:55:04:249</time></pt><pt><x>328</x><y>199</y><time>20-01-21 17:55:04:494</time></pt><pt><x>329</x><y>197</y><time>20-01-21 17:55:04:730</time></pt><pt><x>329</x><y>196</y><time>20-01-21 17:55:04:949</time></pt><pt><x>329</x><y>194</y><time>20-01-21 17:55:06:578</time></pt><pt><x>329</x><y>191</y><time>20-01-21 17:55:06:813</time></pt><pt><x>329</x><y>188</y><time>20-01-21 17:55:07:041</time></pt><pt><x>330</x><y>185</y><time>20-01-21 17:55:07:270</time></pt><pt><x>330</x><y>177</y><time>20-01-21 17:55:13:478</time></pt><pt><x>330</x><y>171</y><time>20-01-21 17:55:13:877</time></pt><pt><x>330</x><y>167</y><time>20-01-21 17:55:14:154</time></pt><pt><x>329</x><y>162</y><time>20-01-21 17:55:14:569</time></pt><pt><x>328</x><y>159</y><time>20-01-21 17:55:14:955</time></pt><pt><x>328</x><y>157</y><time>20-01-21 17:55:15:210</time></pt><pt><x>328</x><y>155</y><time>20-01-21 17:55:15:436</time></pt><pt><x>328</x><y>153</y><time>20-01-21 17:55:15:657</time></pt><pt><x>325</x><y>148</y><time>20-01-21 17:55:16:913</time></pt><pt><x>324</x><y>145</y><time>20-01-21 17:55:17:206</time></pt><pt><x>323</x><y>143</y><time>20-01-21 17:55:17:487</time></pt><pt><x>321</x><y>140</y><time>20-01-21 17:55:17:708</time></pt><pt><x>320</x><y>137</y><time>20-01-21 17:55:17:968</time></pt><pt><x>321</x><y>135</y><time>20-01-21 17:55:18:204</time></pt><pt><x>320</x><y>133</y><time>20-01-21 17:55:18:439</time></pt><pt><x>320</x><y>131</y><time>20-01-21 17:55:18:675</time></pt><pt><x>319</x><y>128</y><time>20-01-21 17:55:19:990</time></pt><pt><x>317</x><y>127</y><time>20-01-21 17:55:20:243</time></pt><pt><x>315</x><y>126</y><time>20-01-21 17:55:20:470</time></pt><pt><x>312</x><y>126</y><time>20-01-21 17:55:20:739</time></pt><pt><x>310</x><y>126</y><time>20-01-21 17:55:20:995</time></pt><pt><x>311</x><y>124</y><time>20-01-21 17:55:21:397</time></pt><pt><x>313</x><y>122</y><time>20-01-21 17:55:21:877</time></pt><pt><x>314</x><y>121</y><time>20-01-21 17:55:22:170</time></pt><pt><x>315</x><y>119</y><time>20-01-21 17:55:22:396</time></pt><pt><x>315</x><y>117</y><time>20-01-21 17:55:22:626</time></pt><pt><x>314</x><y>116</y><time>20-01-21 17:55:22:835</time></pt><pt><x>315</x><y>113</y><time>20-01-21 17:55:23:969</time></pt><pt><x>314</x><y>110</y><time>20-01-21 17:55:24:315</time></pt><pt><x>314</x><y>109</y><time>20-01-21 17:55:24:543</time></pt><pt><x>314</x><y>107</y><time>20-01-21 17:55:24:772</time></pt><pt><x>312</x><y>105</y><time>20-01-21 17:55:25:017</time></pt><pt><x>312</x><y>104</y><time>20-01-21 17:55:25:289</time></pt><pt><x>310</x><y>103</y><time>20-01-21 17:55:25:629</time></pt><pt><x>309</x><y>102</y><time>20-01-21 17:55:25:983</time></pt><pt><x>307</x><y>101</y><time>20-01-21 17:55:26:415</time></pt><closed_date>20-01-21 17:55:27:483</closed_date></polygon></object><object><name>person</name><deleted>0</deleted><verified>0</verified><occluded>no</occluded><attributes></attributes><parts><hasparts></hasparts><ispartof></ispartof></parts><date>20-01-21 17:56:49:483</date><id>2</id><polygon><username>7hao</username><pt><x>369</x><y>108</y><time>20-01-21 17:55:44:868</time></pt><pt><x>366</x><y>107</y><time>20-01-21 17:55:45:207</time></pt><pt><x>363</x><y>107</y><time>20-01-21 17:55:45:493</time></pt><pt><x>361</x><y>108</y><time>20-01-21 17:55:45:727</time></pt><pt><x>361</x><y>109</y><time>20-01-21 17:55:45:955</time></pt><pt><x>360</x><y>111</y><time>20-01-21 17:55:46:167</time></pt><pt><x>359</x><y>112</y><time>20-01-21 17:55:46:427</time></pt><pt><x>357</x><y>113</y><time>20-01-21 17:55:46:591</time></pt><pt><x>356</x><y>115</y><time>20-01-21 17:55:46:812</time></pt><pt><x>356</x><y>117</y><time>20-01-21 17:55:47:016</time></pt><pt><x>356</x><y>120</y><time>20-01-21 17:55:47:326</time></pt><pt><x>357</x><y>122</y><time>20-01-21 17:55:47:645</time></pt><pt><x>358</x><y>124</y><time>20-01-21 17:55:47:943</time></pt><pt><x>358</x><y>127</y><time>20-01-21 17:55:48:275</time></pt><pt><x>358</x><y>128</y><time>20-01-21 17:55:48:503</time></pt><pt><x>356</x><y>129</y><time>20-01-21 17:55:48:754</time></pt><pt><x>353</x><y>131</y><time>20-01-21 17:55:48:989</time></pt><pt><x>351</x><y>132</y><time>20-01-21 17:55:49:243</time></pt><pt><x>351</x><y>135</y><time>20-01-21 17:55:49:642</time></pt><pt><x>351</x><y>137</y><time>20-01-21 17:55:49:894</time></pt><pt><x>351</x><y>138</y><time>20-01-21 17:55:50:130</time></pt><pt><x>350</x><y>140</y><time>20-01-21 17:55:52:805</time></pt><pt><x>348</x><y>142</y><time>20-01-21 17:55:53:049</time></pt><pt><x>347</x><y>144</y><time>20-01-21 17:55:53:275</time></pt><pt><x>346</x><y>145</y><time>20-01-21 17:55:53:544</time></pt><pt><x>346</x><y>148</y><time>20-01-21 17:55:53:795</time></pt><pt><x>346</x><y>150</y><time>20-01-21 17:55:54:001</time></pt><pt><x>346</x><y>153</y><time>20-01-21 17:55:54:204</time></pt><pt><x>346</x><y>155</y><time>20-01-21 17:55:54:394</time></pt><pt><x>346</x><y>157</y><time>20-01-21 17:55:54:615</time></pt><pt><x>346</x><y>159</y><time>20-01-21 17:55:54:818</time></pt><pt><x>346</x><y>162</y><time>20-01-21 17:55:55:046</time></pt><pt><x>347</x><y>164</y><time>20-01-21 17:55:55:258</time></pt><pt><x>348</x><y>166</y><time>20-01-21 17:55:55:477</time></pt><pt><x>349</x><y>168</y><time>20-01-21 17:55:55:700</time></pt><pt><x>349</x><y>171</y><time>20-01-21 17:55:55:895</time></pt><pt><x>349</x><y>172</y><time>20-01-21 17:55:56:076</time></pt><pt><x>348</x><y>180</y><time>20-01-21 17:55:57:256</time></pt><pt><x>348</x><y>182</y><time>20-01-21 17:55:57:524</time></pt><pt><x>349</x><y>184</y><time>20-01-21 17:55:57:720</time></pt><pt><x>349</x><y>186</y><time>20-01-21 17:55:57:939</time></pt><pt><x>350</x><y>188</y><time>20-01-21 17:55:58:285</time></pt><pt><x>351</x><y>191</y><time>20-01-21 17:55:58:500</time></pt><pt><x>351</x><y>194</y><time>20-01-21 17:55:58:672</time></pt><pt><x>351</x><y>197</y><time>20-01-21 17:55:58:931</time></pt><pt><x>352</x><y>199</y><time>20-01-21 17:55:59:161</time></pt><pt><x>353</x><y>201</y><time>20-01-21 17:55:59:397</time></pt><pt><x>356</x><y>209</y><time>20-01-21 17:56:00:598</time></pt><pt><x>356</x><y>212</y><time>20-01-21 17:56:00:875</time></pt><pt><x>357</x><y>215</y><time>20-01-21 17:56:01:111</time></pt><pt><x>358</x><y>219</y><time>20-01-21 17:56:01:387</time></pt><pt><x>359</x><y>221</y><time>20-01-21 17:56:01:582</time></pt><pt><x>360</x><y>223</y><time>20-01-21 17:56:01:871</time></pt><pt><x>361</x><y>225</y><time>20-01-21 17:56:02:031</time></pt><pt><x>360</x><y>228</y><time>20-01-21 17:56:02:314</time></pt><pt><x>359</x><y>229</y><time>20-01-21 17:56:02:542</time></pt><pt><x>356</x><y>231</y><time>20-01-21 17:56:02:784</time></pt><pt><x>353</x><y>233</y><time>20-01-21 17:56:03:083</time></pt><pt><x>351</x><y>235</y><time>20-01-21 17:56:03:311</time></pt><pt><x>349</x><y>238</y><time>20-01-21 17:56:03:508</time></pt><pt><x>348</x><y>241</y><time>20-01-21 17:56:03:728</time></pt><pt><x>345</x><y>244</y><time>20-01-21 17:56:05:112</time></pt><pt><x>343</x><y>246</y><time>20-01-21 17:56:05:442</time></pt><pt><x>340</x><y>249</y><time>20-01-21 17:56:05:702</time></pt><pt><x>338</x><y>252</y><time>20-01-21 17:56:05:946</time></pt><pt><x>335</x><y>253</y><time>20-01-21 17:56:06:173</time></pt><pt><x>333</x><y>254</y><time>20-01-21 17:56:06:394</time></pt><pt><x>331</x><y>254</y><time>20-01-21 17:56:06:647</time></pt><pt><x>329</x><y>255</y><time>20-01-21 17:56:06:865</time></pt><pt><x>326</x><y>258</y><time>20-01-21 17:56:07:204</time></pt><pt><x>324</x><y>260</y><time>20-01-21 17:56:07:488</time></pt><pt><x>324</x><y>262</y><time>20-01-21 17:56:09:713</time></pt><pt><x>325</x><y>264</y><time>20-01-21 17:56:09:987</time></pt><pt><x>327</x><y>268</y><time>20-01-21 17:56:10:272</time></pt><pt><x>330</x><y>272</y><time>20-01-21 17:56:10:635</time></pt><pt><x>335</x><y>276</y><time>20-01-21 17:56:10:979</time></pt><pt><x>339</x><y>278</y><time>20-01-21 17:56:11:302</time></pt><pt><x>342</x><y>279</y><time>20-01-21 17:56:11:602</time></pt><pt><x>345</x><y>279</y><time>20-01-21 17:56:11:907</time></pt><pt><x>346</x><y>278</y><time>20-01-21 17:56:12:169</time></pt><pt><x>345</x><y>275</y><time>20-01-21 17:56:12:514</time></pt><pt><x>344</x><y>273</y><time>20-01-21 17:56:12:741</time></pt><pt><x>343</x><y>272</y><time>20-01-21 17:56:13:080</time></pt><pt><x>342</x><y>271</y><time>20-01-21 17:56:13:323</time></pt><pt><x>343</x><y>269</y><time>20-01-21 17:56:13:528</time></pt><pt><x>344</x><y>268</y><time>20-01-21 17:56:13:763</time></pt><pt><x>344</x><y>266</y><time>20-01-21 17:56:13:991</time></pt><pt><x>345</x><y>264</y><time>20-01-21 17:56:14:187</time></pt><pt><x>344</x><y>263</y><time>20-01-21 17:56:14:463</time></pt><pt><x>344</x><y>261</y><time>20-01-21 17:56:14:675</time></pt><pt><x>345</x><y>260</y><time>20-01-21 17:56:16:423</time></pt><pt><x>346</x><y>258</y><time>20-01-21 17:56:16:727</time></pt><pt><x>349</x><y>256</y><time>20-01-21 17:56:16:988</time></pt><pt><x>352</x><y>253</y><time>20-01-21 17:56:17:266</time></pt><pt><x>356</x><y>251</y><time>20-01-21 17:56:17:532</time></pt><pt><x>358</x><y>249</y><time>20-01-21 17:56:17:807</time></pt><pt><x>360</x><y>247</y><time>20-01-21 17:56:18:080</time></pt><pt><x>361</x><y>245</y><time>20-01-21 17:56:18:443</time></pt><pt><x>364</x><y>256</y><time>20-01-21 17:56:19:071</time></pt><pt><x>366</x><y>260</y><time>20-01-21 17:56:19:535</time></pt><pt><x>367</x><y>263</y><time>20-01-21 17:56:19:843</time></pt><pt><x>368</x><y>266</y><time>20-01-21 17:56:20:071</time></pt><pt><x>368</x><y>267</y><time>20-01-21 17:56:20:341</time></pt><pt><x>367</x><y>269</y><time>20-01-21 17:56:20:589</time></pt><pt><x>365</x><y>272</y><time>20-01-21 17:56:20:787</time></pt><pt><x>365</x><y>274</y><time>20-01-21 17:56:21:008</time></pt><pt><x>366</x><y>277</y><time>20-01-21 17:56:21:282</time></pt><pt><x>368</x><y>277</y><time>20-01-21 17:56:21:591</time></pt><pt><x>371</x><y>277</y><time>20-01-21 17:56:21:840</time></pt><pt><x>375</x><y>277</y><time>20-01-21 17:56:22:099</time></pt><pt><x>380</x><y>277</y><time>20-01-21 17:56:22:390</time></pt><pt><x>386</x><y>277</y><time>20-01-21 17:56:22:706</time></pt><pt><x>389</x><y>277</y><time>20-01-21 17:56:23:035</time></pt><pt><x>391</x><y>275</y><time>20-01-21 17:56:23:359</time></pt><pt><x>390</x><y>273</y><time>20-01-21 17:56:23:594</time></pt><pt><x>389</x><y>272</y><time>20-01-21 17:56:23:829</time></pt><pt><x>387</x><y>271</y><time>20-01-21 17:56:24:065</time></pt><pt><x>384</x><y>271</y><time>20-01-21 17:56:24:372</time></pt><pt><x>382</x><y>269</y><time>20-01-21 17:56:24:671</time></pt><pt><x>380</x><y>267</y><time>20-01-21 17:56:24:878</time></pt><pt><x>379</x><y>265</y><time>20-01-21 17:56:25:121</time></pt><pt><x>377</x><y>264</y><time>20-01-21 17:56:25:419</time></pt><pt><x>376</x><y>263</y><time>20-01-21 17:56:25:695</time></pt><pt><x>374</x><y>258</y><time>20-01-21 17:56:26:086</time></pt><pt><x>374</x><y>254</y><time>20-01-21 17:56:26:417</time></pt><pt><x>374</x><y>249</y><time>20-01-21 17:56:26:794</time></pt><pt><x>373</x><y>245</y><time>20-01-21 17:56:27:992</time></pt><pt><x>372</x><y>240</y><time>20-01-21 17:56:28:353</time></pt><pt><x>372</x><y>237</y><time>20-01-21 17:56:28:613</time></pt><pt><x>373</x><y>233</y><time>20-01-21 17:56:28:903</time></pt><pt><x>374</x><y>230</y><time>20-01-21 17:56:29:163</time></pt><pt><x>375</x><y>227</y><time>20-01-21 17:56:29:384</time></pt><pt><x>377</x><y>221</y><time>20-01-21 17:56:30:461</time></pt><pt><x>379</x><y>217</y><time>20-01-21 17:56:30:742</time></pt><pt><x>380</x><y>213</y><time>20-01-21 17:56:31:026</time></pt><pt><x>382</x><y>207</y><time>20-01-21 17:56:32:183</time></pt><pt><x>383</x><y>204</y><time>20-01-21 17:56:32:444</time></pt><pt><x>383</x><y>201</y><time>20-01-21 17:56:32:670</time></pt><pt><x>383</x><y>198</y><time>20-01-21 17:56:32:937</time></pt><pt><x>384</x><y>196</y><time>20-01-21 17:56:33:173</time></pt><pt><x>385</x><y>194</y><time>20-01-21 17:56:33:410</time></pt><pt><x>386</x><y>192</y><time>20-01-21 17:56:33:660</time></pt><pt><x>386</x><y>189</y><time>20-01-21 17:56:34:935</time></pt><pt><x>387</x><y>187</y><time>20-01-21 17:56:35:218</time></pt><pt><x>387</x><y>185</y><time>20-01-21 17:56:35:424</time></pt><pt><x>386</x><y>184</y><time>20-01-21 17:56:35:644</time></pt><pt><x>386</x><y>182</y><time>20-01-21 17:56:35:834</time></pt><pt><x>385</x><y>180</y><time>20-01-21 17:56:36:044</time></pt><pt><x>385</x><y>177</y><time>20-01-21 17:56:36:306</time></pt><pt><x>384</x><y>173</y><time>20-01-21 17:56:36:579</time></pt><pt><x>384</x><y>169</y><time>20-01-21 17:56:36:886</time></pt><pt><x>384</x><y>165</y><time>20-01-21 17:56:37:460</time></pt><pt><x>384</x><y>163</y><time>20-01-21 17:56:37:832</time></pt><pt><x>383</x><y>151</y><time>20-01-21 17:56:39:128</time></pt><pt><x>382</x><y>148</y><time>20-01-21 17:56:39:483</time></pt><pt><x>382</x><y>144</y><time>20-01-21 17:56:39:774</time></pt><pt><x>381</x><y>141</y><time>20-01-21 17:56:40:066</time></pt><pt><x>380</x><y>138</y><time>20-01-21 17:56:40:331</time></pt><pt><x>378</x><y>135</y><time>20-01-21 17:56:40:639</time></pt><pt><x>377</x><y>134</y><time>20-01-21 17:56:40:938</time></pt><pt><x>375</x><y>132</y><time>20-01-21 17:56:41:237</time></pt><pt><x>375</x><y>130</y><time>20-01-21 17:56:41:495</time></pt><pt><x>374</x><y>129</y><time>20-01-21 17:56:41:747</time></pt><pt><x>375</x><y>127</y><time>20-01-21 17:56:43:330</time></pt><pt><x>375</x><y>125</y><time>20-01-21 17:56:43:550</time></pt><pt><x>376</x><y>123</y><time>20-01-21 17:56:43:836</time></pt><pt><x>376</x><y>121</y><time>20-01-21 17:56:44:054</time></pt><pt><x>375</x><y>119</y><time>20-01-21 17:56:44:281</time></pt><pt><x>375</x><y>117</y><time>20-01-21 17:56:44:509</time></pt><pt><x>375</x><y>116</y><time>20-01-21 17:56:44:706</time></pt><pt><x>375</x><y>114</y><time>20-01-21 17:56:44:925</time></pt><pt><x>376</x><y>113</y><time>20-01-21 17:56:45:161</time></pt><pt><x>375</x><y>111</y><time>20-01-21 17:56:45:364</time></pt><pt><x>374</x><y>110</y><time>20-01-21 17:56:45:609</time></pt><pt><x>371</x><y>109</y><time>20-01-21 17:56:45:909</time></pt><closed_date>20-01-21 17:56:46:634</closed_date></polygon></object></annotation>