<annotation><filename>frame0008.jpg</filename><folder>users/lab605//7hao/human_20210119_4</folder><source><submittedBy>lab605</submittedBy></source><imagesize><nrows>480</nrows><ncols>640</ncols></imagesize><object><name>person</name><deleted>0</deleted><verified>0</verified><occluded>no</occluded><attributes></attributes><parts><hasparts></hasparts><ispartof></ispartof></parts><date>20-01-21 21:24:06:165</date><id>0</id><polygon><username>7hao</username><pt><x>455</x><y>23</y><time>20-01-21 21:22:41:139</time></pt><pt><x>451</x><y>22</y><time>20-01-21 21:22:41:428</time></pt><pt><x>448</x><y>23</y><time>20-01-21 21:22:41:647</time></pt><pt><x>446</x><y>25</y><time>20-01-21 21:22:41:851</time></pt><pt><x>442</x><y>27</y><time>20-01-21 21:22:42:057</time></pt><pt><x>440</x><y>28</y><time>20-01-21 21:22:42:246</time></pt><pt><x>439</x><y>31</y><time>20-01-21 21:22:42:418</time></pt><pt><x>438</x><y>34</y><time>20-01-21 21:22:42:615</time></pt><pt><x>437</x><y>39</y><time>20-01-21 21:22:42:802</time></pt><pt><x>437</x><y>43</y><time>20-01-21 21:22:43:006</time></pt><pt><x>437</x><y>48</y><time>20-01-21 21:22:43:196</time></pt><pt><x>438</x><y>52</y><time>20-01-21 21:22:43:408</time></pt><pt><x>440</x><y>56</y><time>20-01-21 21:22:43:612</time></pt><pt><x>441</x><y>58</y><time>20-01-21 21:22:43:824</time></pt><pt><x>442</x><y>62</y><time>20-01-21 21:22:44:068</time></pt><pt><x>440</x><y>63</y><time>20-01-21 21:22:45:321</time></pt><pt><x>435</x><y>66</y><time>20-01-21 21:22:45:634</time></pt><pt><x>431</x><y>67</y><time>20-01-21 21:22:45:888</time></pt><pt><x>426</x><y>69</y><time>20-01-21 21:22:46:073</time></pt><pt><x>422</x><y>71</y><time>20-01-21 21:22:46:296</time></pt><pt><x>418</x><y>74</y><time>20-01-21 21:22:46:507</time></pt><pt><x>417</x><y>77</y><time>20-01-21 21:22:46:703</time></pt><pt><x>415</x><y>81</y><time>20-01-21 21:22:46:933</time></pt><pt><x>412</x><y>87</y><time>20-01-21 21:22:47:159</time></pt><pt><x>411</x><y>93</y><time>20-01-21 21:22:47:513</time></pt><pt><x>409</x><y>96</y><time>20-01-21 21:22:47:837</time></pt><pt><x>408</x><y>100</y><time>20-01-21 21:22:48:047</time></pt><pt><x>405</x><y>114</y><time>20-01-21 21:22:51:417</time></pt><pt><x>404</x><y>121</y><time>20-01-21 21:22:51:659</time></pt><pt><x>402</x><y>127</y><time>20-01-21 21:22:51:886</time></pt><pt><x>402</x><y>134</y><time>20-01-21 21:22:52:102</time></pt><pt><x>401</x><y>139</y><time>20-01-21 21:22:52:366</time></pt><pt><x>401</x><y>145</y><time>20-01-21 21:22:52:618</time></pt><pt><x>402</x><y>151</y><time>20-01-21 21:22:53:673</time></pt><pt><x>403</x><y>162</y><time>20-01-21 21:22:54:058</time></pt><pt><x>404</x><y>168</y><time>20-01-21 21:22:54:356</time></pt><pt><x>406</x><y>170</y><time>20-01-21 21:22:54:641</time></pt><pt><x>407</x><y>173</y><time>20-01-21 21:22:54:871</time></pt><pt><x>408</x><y>176</y><time>20-01-21 21:22:55:089</time></pt><pt><x>408</x><y>180</y><time>20-01-21 21:22:55:317</time></pt><pt><x>409</x><y>184</y><time>20-01-21 21:22:55:592</time></pt><pt><x>412</x><y>187</y><time>20-01-21 21:22:55:839</time></pt><pt><x>415</x><y>188</y><time>20-01-21 21:22:56:071</time></pt><pt><x>417</x><y>184</y><time>20-01-21 21:22:56:521</time></pt><pt><x>417</x><y>180</y><time>20-01-21 21:22:56:817</time></pt><pt><x>417</x><y>178</y><time>20-01-21 21:22:57:014</time></pt><pt><x>415</x><y>174</y><time>20-01-21 21:22:57:228</time></pt><pt><x>414</x><y>170</y><time>20-01-21 21:22:57:400</time></pt><pt><x>414</x><y>168</y><time>20-01-21 21:22:57:576</time></pt><pt><x>416</x><y>165</y><time>20-01-21 21:22:57:785</time></pt><pt><x>416</x><y>160</y><time>20-01-21 21:22:58:029</time></pt><pt><x>417</x><y>156</y><time>20-01-21 21:22:58:242</time></pt><pt><x>418</x><y>151</y><time>20-01-21 21:22:58:455</time></pt><pt><x>417</x><y>146</y><time>20-01-21 21:22:58:658</time></pt><pt><x>418</x><y>143</y><time>20-01-21 21:22:58:848</time></pt><pt><x>421</x><y>134</y><time>20-01-21 21:22:59:894</time></pt><pt><x>423</x><y>128</y><time>20-01-21 21:23:00:098</time></pt><pt><x>424</x><y>124</y><time>20-01-21 21:23:00:278</time></pt><pt><x>425</x><y>120</y><time>20-01-21 21:23:00:469</time></pt><pt><x>425</x><y>119</y><time>20-01-21 21:23:00:689</time></pt><pt><x>427</x><y>125</y><time>20-01-21 21:23:00:924</time></pt><pt><x>428</x><y>127</y><time>20-01-21 21:23:01:087</time></pt><pt><x>428</x><y>129</y><time>20-01-21 21:23:01:246</time></pt><pt><x>429</x><y>133</y><time>20-01-21 21:23:01:404</time></pt><pt><x>430</x><y>136</y><time>20-01-21 21:23:01:600</time></pt><pt><x>430</x><y>139</y><time>20-01-21 21:23:01:759</time></pt><pt><x>428</x><y>142</y><time>20-01-21 21:23:01:939</time></pt><pt><x>427</x><y>144</y><time>20-01-21 21:23:02:072</time></pt><pt><x>427</x><y>147</y><time>20-01-21 21:23:02:230</time></pt><pt><x>430</x><y>151</y><time>20-01-21 21:23:02:577</time></pt><pt><x>431</x><y>153</y><time>20-01-21 21:23:04:032</time></pt><pt><x>431</x><y>155</y><time>20-01-21 21:23:04:229</time></pt><pt><x>431</x><y>159</y><time>20-01-21 21:23:04:385</time></pt><pt><x>430</x><y>161</y><time>20-01-21 21:23:04:558</time></pt><pt><x>428</x><y>163</y><time>20-01-21 21:23:04:718</time></pt><pt><x>427</x><y>166</y><time>20-01-21 21:23:04:848</time></pt><pt><x>426</x><y>173</y><time>20-01-21 21:23:05:165</time></pt><pt><x>425</x><y>176</y><time>20-01-21 21:23:05:336</time></pt><pt><x>426</x><y>180</y><time>20-01-21 21:23:05:556</time></pt><pt><x>426</x><y>182</y><time>20-01-21 21:23:05:738</time></pt><pt><x>424</x><y>184</y><time>20-01-21 21:23:06:855</time></pt><pt><x>423</x><y>189</y><time>20-01-21 21:23:07:105</time></pt><pt><x>424</x><y>192</y><time>20-01-21 21:23:07:264</time></pt><pt><x>424</x><y>196</y><time>20-01-21 21:23:07:436</time></pt><pt><x>422</x><y>212</y><time>20-01-21 21:23:08:869</time></pt><pt><x>422</x><y>219</y><time>20-01-21 21:23:09:152</time></pt><pt><x>422</x><y>223</y><time>20-01-21 21:23:09:349</time></pt><pt><x>422</x><y>228</y><time>20-01-21 21:23:09:545</time></pt><pt><x>422</x><y>230</y><time>20-01-21 21:23:09:719</time></pt><pt><x>423</x><y>234</y><time>20-01-21 21:23:09:931</time></pt><pt><x>423</x><y>235</y><time>20-01-21 21:23:10:081</time></pt><pt><x>422</x><y>238</y><time>20-01-21 21:23:10:244</time></pt><pt><x>422</x><y>240</y><time>20-01-21 21:23:10:444</time></pt><pt><x>422</x><y>242</y><time>20-01-21 21:23:10:615</time></pt><pt><x>422</x><y>244</y><time>20-01-21 21:23:10:834</time></pt><pt><x>423</x><y>250</y><time>20-01-21 21:23:12:299</time></pt><pt><x>423</x><y>254</y><time>20-01-21 21:23:12:572</time></pt><pt><x>423</x><y>260</y><time>20-01-21 21:23:12:784</time></pt><pt><x>423</x><y>264</y><time>20-01-21 21:23:12:975</time></pt><pt><x>424</x><y>269</y><time>20-01-21 21:23:13:212</time></pt><pt><x>425</x><y>272</y><time>20-01-21 21:23:13:494</time></pt><pt><x>425</x><y>277</y><time>20-01-21 21:23:13:712</time></pt><pt><x>424</x><y>281</y><time>20-01-21 21:23:13:918</time></pt><pt><x>424</x><y>283</y><time>20-01-21 21:23:14:107</time></pt><pt><x>424</x><y>286</y><time>20-01-21 21:23:14:319</time></pt><pt><x>424</x><y>289</y><time>20-01-21 21:23:14:518</time></pt><pt><x>425</x><y>290</y><time>20-01-21 21:23:14:681</time></pt><pt><x>426</x><y>293</y><time>20-01-21 21:23:14:894</time></pt><pt><x>425</x><y>293</y><time>20-01-21 21:23:15:050</time></pt><pt><x>425</x><y>295</y><time>20-01-21 21:23:16:261</time></pt><pt><x>424</x><y>299</y><time>20-01-21 21:23:16:509</time></pt><pt><x>421</x><y>302</y><time>20-01-21 21:23:16:764</time></pt><pt><x>419</x><y>305</y><time>20-01-21 21:23:17:018</time></pt><pt><x>415</x><y>308</y><time>20-01-21 21:23:17:317</time></pt><pt><x>411</x><y>310</y><time>20-01-21 21:23:17:574</time></pt><pt><x>407</x><y>310</y><time>20-01-21 21:23:17:802</time></pt><pt><x>403</x><y>310</y><time>20-01-21 21:23:18:039</time></pt><pt><x>399</x><y>311</y><time>20-01-21 21:23:18:260</time></pt><pt><x>399</x><y>315</y><time>20-01-21 21:23:18:550</time></pt><pt><x>401</x><y>317</y><time>20-01-21 21:23:18:810</time></pt><pt><x>404</x><y>319</y><time>20-01-21 21:23:19:040</time></pt><pt><x>409</x><y>320</y><time>20-01-21 21:23:19:274</time></pt><pt><x>416</x><y>320</y><time>20-01-21 21:23:19:512</time></pt><pt><x>428</x><y>320</y><time>20-01-21 21:23:19:910</time></pt><pt><x>439</x><y>320</y><time>20-01-21 21:23:20:219</time></pt><pt><x>450</x><y>320</y><time>20-01-21 21:23:20:510</time></pt><pt><x>452</x><y>316</y><time>20-01-21 21:23:20:939</time></pt><pt><x>452</x><y>311</y><time>20-01-21 21:23:21:318</time></pt><pt><x>450</x><y>308</y><time>20-01-21 21:23:21:555</time></pt><pt><x>448</x><y>304</y><time>20-01-21 21:23:21:782</time></pt><pt><x>446</x><y>300</y><time>20-01-21 21:23:21:939</time></pt><pt><x>444</x><y>297</y><time>20-01-21 21:23:22:153</time></pt><pt><x>443</x><y>294</y><time>20-01-21 21:23:22:311</time></pt><pt><x>444</x><y>291</y><time>20-01-21 21:23:22:507</time></pt><pt><x>445</x><y>285</y><time>20-01-21 21:23:22:726</time></pt><pt><x>445</x><y>280</y><time>20-01-21 21:23:22:922</time></pt><pt><x>449</x><y>256</y><time>20-01-21 21:23:23:882</time></pt><pt><x>448</x><y>251</y><time>20-01-21 21:23:24:306</time></pt><pt><x>448</x><y>245</y><time>20-01-21 21:23:24:545</time></pt><pt><x>448</x><y>242</y><time>20-01-21 21:23:24:732</time></pt><pt><x>449</x><y>219</y><time>20-01-21 21:23:25:715</time></pt><pt><x>450</x><y>213</y><time>20-01-21 21:23:25:990</time></pt><pt><x>451</x><y>209</y><time>20-01-21 21:23:26:187</time></pt><pt><x>453</x><y>205</y><time>20-01-21 21:23:26:422</time></pt><pt><x>455</x><y>202</y><time>20-01-21 21:23:26:595</time></pt><pt><x>457</x><y>199</y><time>20-01-21 21:23:26:776</time></pt><pt><x>459</x><y>195</y><time>20-01-21 21:23:27:045</time></pt><pt><x>460</x><y>197</y><time>20-01-21 21:23:27:439</time></pt><pt><x>460</x><y>201</y><time>20-01-21 21:23:27:720</time></pt><pt><x>461</x><y>204</y><time>20-01-21 21:23:27:957</time></pt><pt><x>462</x><y>207</y><time>20-01-21 21:23:28:367</time></pt><pt><x>462</x><y>211</y><time>20-01-21 21:23:28:563</time></pt><pt><x>463</x><y>216</y><time>20-01-21 21:23:28:831</time></pt><pt><x>463</x><y>220</y><time>20-01-21 21:23:29:050</time></pt><pt><x>463</x><y>226</y><time>20-01-21 21:23:29:286</time></pt><pt><x>464</x><y>230</y><time>20-01-21 21:23:29:498</time></pt><pt><x>464</x><y>233</y><time>20-01-21 21:23:29:736</time></pt><pt><x>465</x><y>238</y><time>20-01-21 21:23:29:939</time></pt><pt><x>469</x><y>255</y><time>20-01-21 21:23:31:418</time></pt><pt><x>469</x><y>261</y><time>20-01-21 21:23:31:717</time></pt><pt><x>469</x><y>265</y><time>20-01-21 21:23:31:920</time></pt><pt><x>470</x><y>270</y><time>20-01-21 21:23:32:127</time></pt><pt><x>470</x><y>274</y><time>20-01-21 21:23:32:322</time></pt><pt><x>472</x><y>279</y><time>20-01-21 21:23:32:520</time></pt><pt><x>473</x><y>283</y><time>20-01-21 21:23:32:724</time></pt><pt><x>474</x><y>289</y><time>20-01-21 21:23:32:930</time></pt><pt><x>475</x><y>291</y><time>20-01-21 21:23:33:101</time></pt><pt><x>477</x><y>297</y><time>20-01-21 21:23:35:535</time></pt><pt><x>476</x><y>304</y><time>20-01-21 21:23:35:964</time></pt><pt><x>475</x><y>308</y><time>20-01-21 21:23:36:194</time></pt><pt><x>475</x><y>310</y><time>20-01-21 21:23:36:372</time></pt><pt><x>474</x><y>313</y><time>20-01-21 21:23:36:563</time></pt><pt><x>480</x><y>315</y><time>20-01-21 21:23:36:814</time></pt><pt><x>484</x><y>316</y><time>20-01-21 21:23:37:114</time></pt><pt><x>490</x><y>315</y><time>20-01-21 21:23:37:293</time></pt><pt><x>492</x><y>315</y><time>20-01-21 21:23:37:474</time></pt><pt><x>497</x><y>313</y><time>20-01-21 21:23:37:662</time></pt><pt><x>499</x><y>312</y><time>20-01-21 21:23:37:844</time></pt><pt><x>500</x><y>308</y><time>20-01-21 21:23:38:215</time></pt><pt><x>499</x><y>307</y><time>20-01-21 21:23:38:394</time></pt><pt><x>497</x><y>305</y><time>20-01-21 21:23:38:585</time></pt><pt><x>494</x><y>303</y><time>20-01-21 21:23:38:803</time></pt><pt><x>492</x><y>299</y><time>20-01-21 21:23:39:016</time></pt><pt><x>491</x><y>295</y><time>20-01-21 21:23:39:197</time></pt><pt><x>491</x><y>293</y><time>20-01-21 21:23:39:393</time></pt><pt><x>492</x><y>289</y><time>20-01-21 21:23:39:527</time></pt><pt><x>493</x><y>287</y><time>20-01-21 21:23:39:734</time></pt><pt><x>494</x><y>283</y><time>20-01-21 21:23:39:897</time></pt><pt><x>494</x><y>257</y><time>20-01-21 21:23:40:943</time></pt><pt><x>492</x><y>251</y><time>20-01-21 21:23:41:236</time></pt><pt><x>492</x><y>247</y><time>20-01-21 21:23:41:557</time></pt><pt><x>490</x><y>244</y><time>20-01-21 21:23:41:752</time></pt><pt><x>489</x><y>239</y><time>20-01-21 21:23:41:952</time></pt><pt><x>491</x><y>224</y><time>20-01-21 21:23:43:036</time></pt><pt><x>491</x><y>218</y><time>20-01-21 21:23:43:397</time></pt><pt><x>491</x><y>213</y><time>20-01-21 21:23:43:727</time></pt><pt><x>491</x><y>209</y><time>20-01-21 21:23:43:980</time></pt><pt><x>491</x><y>205</y><time>20-01-21 21:23:44:222</time></pt><pt><x>492</x><y>194</y><time>20-01-21 21:23:45:269</time></pt><pt><x>492</x><y>190</y><time>20-01-21 21:23:45:568</time></pt><pt><x>494</x><y>185</y><time>20-01-21 21:23:45:870</time></pt><pt><x>493</x><y>181</y><time>20-01-21 21:23:46:110</time></pt><pt><x>493</x><y>178</y><time>20-01-21 21:23:46:308</time></pt><pt><x>492</x><y>174</y><time>20-01-21 21:23:46:488</time></pt><pt><x>492</x><y>165</y><time>20-01-21 21:23:47:472</time></pt><pt><x>492</x><y>163</y><time>20-01-21 21:23:47:725</time></pt><pt><x>492</x><y>161</y><time>20-01-21 21:23:47:921</time></pt><pt><x>493</x><y>161</y><time>20-01-21 21:23:48:267</time></pt><pt><x>494</x><y>162</y><time>20-01-21 21:23:48:549</time></pt><pt><x>495</x><y>163</y><time>20-01-21 21:23:48:716</time></pt><pt><x>495</x><y>164</y><time>20-01-21 21:23:48:890</time></pt><pt><x>496</x><y>167</y><time>20-01-21 21:23:49:061</time></pt><pt><x>496</x><y>169</y><time>20-01-21 21:23:49:229</time></pt><pt><x>496</x><y>171</y><time>20-01-21 21:23:49:368</time></pt><pt><x>497</x><y>173</y><time>20-01-21 21:23:49:549</time></pt><pt><x>497</x><y>175</y><time>20-01-21 21:23:49:660</time></pt><pt><x>497</x><y>177</y><time>20-01-21 21:23:49:807</time></pt><pt><x>497</x><y>180</y><time>20-01-21 21:23:50:036</time></pt><pt><x>496</x><y>184</y><time>20-01-21 21:23:50:241</time></pt><pt><x>496</x><y>184</y><time>20-01-21 21:23:50:382</time></pt><pt><x>497</x><y>187</y><time>20-01-21 21:23:50:556</time></pt><pt><x>497</x><y>191</y><time>20-01-21 21:23:50:784</time></pt><pt><x>496</x><y>193</y><time>20-01-21 21:23:50:987</time></pt><pt><x>497</x><y>194</y><time>20-01-21 21:23:51:162</time></pt><pt><x>499</x><y>194</y><time>20-01-21 21:23:51:357</time></pt><pt><x>501</x><y>193</y><time>20-01-21 21:23:51:538</time></pt><pt><x>503</x><y>190</y><time>20-01-21 21:23:51:695</time></pt><pt><x>504</x><y>186</y><time>20-01-21 21:23:51:869</time></pt><pt><x>504</x><y>184</y><time>20-01-21 21:23:52:017</time></pt><pt><x>504</x><y>178</y><time>20-01-21 21:23:52:341</time></pt><pt><x>504</x><y>175</y><time>20-01-21 21:23:52:489</time></pt><pt><x>506</x><y>171</y><time>20-01-21 21:23:52:720</time></pt><pt><x>508</x><y>167</y><time>20-01-21 21:23:52:883</time></pt><pt><x>508</x><y>163</y><time>20-01-21 21:23:53:065</time></pt><pt><x>508</x><y>159</y><time>20-01-21 21:23:53:237</time></pt><pt><x>505</x><y>127</y><time>20-01-21 21:23:54:321</time></pt><pt><x>505</x><y>122</y><time>20-01-21 21:23:54:567</time></pt><pt><x>505</x><y>117</y><time>20-01-21 21:23:54:757</time></pt><pt><x>505</x><y>114</y><time>20-01-21 21:23:54:951</time></pt><pt><x>499</x><y>87</y><time>20-01-21 21:23:55:927</time></pt><pt><x>496</x><y>83</y><time>20-01-21 21:23:56:182</time></pt><pt><x>495</x><y>80</y><time>20-01-21 21:23:56:375</time></pt><pt><x>493</x><y>76</y><time>20-01-21 21:23:56:564</time></pt><pt><x>491</x><y>73</y><time>20-01-21 21:23:56:763</time></pt><pt><x>488</x><y>70</y><time>20-01-21 21:23:56:927</time></pt><pt><x>485</x><y>68</y><time>20-01-21 21:23:57:125</time></pt><pt><x>476</x><y>66</y><time>20-01-21 21:23:57:728</time></pt><pt><x>472</x><y>65</y><time>20-01-21 21:23:57:981</time></pt><pt><x>468</x><y>64</y><time>20-01-21 21:23:58:176</time></pt><pt><x>464</x><y>63</y><time>20-01-21 21:23:58:373</time></pt><pt><x>463</x><y>61</y><time>20-01-21 21:23:58:562</time></pt><pt><x>464</x><y>58</y><time>20-01-21 21:23:58:736</time></pt><pt><x>466</x><y>57</y><time>20-01-21 21:23:58:931</time></pt><pt><x>468</x><y>55</y><time>20-01-21 21:23:59:121</time></pt><pt><x>469</x><y>54</y><time>20-01-21 21:23:59:317</time></pt><pt><x>471</x><y>46</y><time>20-01-21 21:24:00:418</time></pt><pt><x>473</x><y>43</y><time>20-01-21 21:24:00:638</time></pt><pt><x>474</x><y>42</y><time>20-01-21 21:24:00:795</time></pt><pt><x>476</x><y>38</y><time>20-01-21 21:24:00:977</time></pt><pt><x>475</x><y>34</y><time>20-01-21 21:24:01:158</time></pt><pt><x>474</x><y>31</y><time>20-01-21 21:24:01:354</time></pt><pt><x>471</x><y>26</y><time>20-01-21 21:24:01:707</time></pt><pt><x>468</x><y>24</y><time>20-01-21 21:24:01:951</time></pt><pt><x>467</x><y>22</y><time>20-01-21 21:24:02:172</time></pt><pt><x>464</x><y>22</y><time>20-01-21 21:24:02:370</time></pt><pt><x>461</x><y>22</y><time>20-01-21 21:24:02:558</time></pt><pt><x>459</x><y>23</y><time>20-01-21 21:24:02:718</time></pt><pt><x>456</x><y>23</y><time>20-01-21 21:24:02:929</time></pt><closed_date>20-01-21 21:24:03:360</closed_date></polygon></object><object><name>person</name><deleted>0</deleted><verified>0</verified><occluded>no</occluded><attributes></attributes><parts><hasparts></hasparts><ispartof></ispartof></parts><date>20-01-21 21:25:49:082</date><id>1</id><polygon><username>7hao</username><pt><x>277</x><y>92</y><time>20-01-21 21:24:50:548</time></pt><pt><x>274</x><y>92</y><time>20-01-21 21:24:50:838</time></pt><pt><x>270</x><y>94</y><time>20-01-21 21:24:51:056</time></pt><pt><x>267</x><y>96</y><time>20-01-21 21:24:51:246</time></pt><pt><x>265</x><y>98</y><time>20-01-21 21:24:51:418</time></pt><pt><x>265</x><y>100</y><time>20-01-21 21:24:51:584</time></pt><pt><x>264</x><y>103</y><time>20-01-21 21:24:51:756</time></pt><pt><x>264</x><y>106</y><time>20-01-21 21:24:51:930</time></pt><pt><x>264</x><y>110</y><time>20-01-21 21:24:52:104</time></pt><pt><x>264</x><y>116</y><time>20-01-21 21:24:52:426</time></pt><pt><x>264</x><y>119</y><time>20-01-21 21:24:52:684</time></pt><pt><x>264</x><y>121</y><time>20-01-21 21:24:52:876</time></pt><pt><x>262</x><y>123</y><time>20-01-21 21:24:53:080</time></pt><pt><x>261</x><y>125</y><time>20-01-21 21:24:53:244</time></pt><pt><x>260</x><y>127</y><time>20-01-21 21:24:53:400</time></pt><pt><x>258</x><y>128</y><time>20-01-21 21:24:53:596</time></pt><pt><x>255</x><y>129</y><time>20-01-21 21:24:53:809</time></pt><pt><x>252</x><y>133</y><time>20-01-21 21:24:54:029</time></pt><pt><x>251</x><y>135</y><time>20-01-21 21:24:54:321</time></pt><pt><x>250</x><y>139</y><time>20-01-21 21:24:54:533</time></pt><pt><x>249</x><y>141</y><time>20-01-21 21:24:54:723</time></pt><pt><x>247</x><y>150</y><time>20-01-21 21:24:55:839</time></pt><pt><x>246</x><y>156</y><time>20-01-21 21:24:56:098</time></pt><pt><x>244</x><y>161</y><time>20-01-21 21:24:56:373</time></pt><pt><x>241</x><y>165</y><time>20-01-21 21:24:56:608</time></pt><pt><x>233</x><y>184</y><time>20-01-21 21:24:58:158</time></pt><pt><x>232</x><y>187</y><time>20-01-21 21:24:58:615</time></pt><pt><x>231</x><y>189</y><time>20-01-21 21:24:58:842</time></pt><pt><x>229</x><y>191</y><time>20-01-21 21:24:59:064</time></pt><pt><x>228</x><y>193</y><time>20-01-21 21:24:59:259</time></pt><pt><x>228</x><y>197</y><time>20-01-21 21:24:59:473</time></pt><pt><x>229</x><y>199</y><time>20-01-21 21:24:59:661</time></pt><pt><x>231</x><y>201</y><time>20-01-21 21:24:59:881</time></pt><pt><x>234</x><y>201</y><time>20-01-21 21:25:00:124</time></pt><pt><x>235</x><y>200</y><time>20-01-21 21:25:00:314</time></pt><pt><x>237</x><y>198</y><time>20-01-21 21:25:00:519</time></pt><pt><x>237</x><y>197</y><time>20-01-21 21:25:00:682</time></pt><pt><x>235</x><y>197</y><time>20-01-21 21:25:00:893</time></pt><pt><x>235</x><y>196</y><time>20-01-21 21:25:01:083</time></pt><pt><x>235</x><y>195</y><time>20-01-21 21:25:01:337</time></pt><pt><x>236</x><y>193</y><time>20-01-21 21:25:01:477</time></pt><pt><x>237</x><y>191</y><time>20-01-21 21:25:01:675</time></pt><pt><x>239</x><y>190</y><time>20-01-21 21:25:01:921</time></pt><pt><x>241</x><y>186</y><time>20-01-21 21:25:02:115</time></pt><pt><x>246</x><y>180</y><time>20-01-21 21:25:02:506</time></pt><pt><x>249</x><y>178</y><time>20-01-21 21:25:02:775</time></pt><pt><x>251</x><y>179</y><time>20-01-21 21:25:03:366</time></pt><pt><x>249</x><y>182</y><time>20-01-21 21:25:03:594</time></pt><pt><x>249</x><y>184</y><time>20-01-21 21:25:03:758</time></pt><pt><x>249</x><y>186</y><time>20-01-21 21:25:03:963</time></pt><pt><x>248</x><y>188</y><time>20-01-21 21:25:04:120</time></pt><pt><x>246</x><y>190</y><time>20-01-21 21:25:04:310</time></pt><pt><x>245</x><y>192</y><time>20-01-21 21:25:04:468</time></pt><pt><x>245</x><y>194</y><time>20-01-21 21:25:04:679</time></pt><pt><x>244</x><y>196</y><time>20-01-21 21:25:04:842</time></pt><pt><x>245</x><y>200</y><time>20-01-21 21:25:05:049</time></pt><pt><x>246</x><y>202</y><time>20-01-21 21:25:05:236</time></pt><pt><x>245</x><y>204</y><time>20-01-21 21:25:05:418</time></pt><pt><x>244</x><y>207</y><time>20-01-21 21:25:05:636</time></pt><pt><x>243</x><y>209</y><time>20-01-21 21:25:05:881</time></pt><pt><x>242</x><y>211</y><time>20-01-21 21:25:06:054</time></pt><pt><x>241</x><y>221</y><time>20-01-21 21:25:07:258</time></pt><pt><x>241</x><y>224</y><time>20-01-21 21:25:07:501</time></pt><pt><x>241</x><y>228</y><time>20-01-21 21:25:07:674</time></pt><pt><x>240</x><y>231</y><time>20-01-21 21:25:07:870</time></pt><pt><x>239</x><y>235</y><time>20-01-21 21:25:08:060</time></pt><pt><x>237</x><y>249</y><time>20-01-21 21:25:09:734</time></pt><pt><x>236</x><y>254</y><time>20-01-21 21:25:10:051</time></pt><pt><x>236</x><y>259</y><time>20-01-21 21:25:10:318</time></pt><pt><x>237</x><y>262</y><time>20-01-21 21:25:10:538</time></pt><pt><x>238</x><y>265</y><time>20-01-21 21:25:10:767</time></pt><pt><x>239</x><y>268</y><time>20-01-21 21:25:10:978</time></pt><pt><x>240</x><y>271</y><time>20-01-21 21:25:11:174</time></pt><pt><x>239</x><y>274</y><time>20-01-21 21:25:11:402</time></pt><pt><x>236</x><y>276</y><time>20-01-21 21:25:11:654</time></pt><pt><x>233</x><y>278</y><time>20-01-21 21:25:11:900</time></pt><pt><x>226</x><y>280</y><time>20-01-21 21:25:13:031</time></pt><pt><x>223</x><y>280</y><time>20-01-21 21:25:13:275</time></pt><pt><x>222</x><y>282</y><time>20-01-21 21:25:13:494</time></pt><pt><x>222</x><y>283</y><time>20-01-21 21:25:13:666</time></pt><pt><x>224</x><y>286</y><time>20-01-21 21:25:14:013</time></pt><pt><x>230</x><y>287</y><time>20-01-21 21:25:14:350</time></pt><pt><x>236</x><y>287</y><time>20-01-21 21:25:14:696</time></pt><pt><x>243</x><y>287</y><time>20-01-21 21:25:15:051</time></pt><pt><x>247</x><y>288</y><time>20-01-21 21:25:16:396</time></pt><pt><x>251</x><y>287</y><time>20-01-21 21:25:16:619</time></pt><pt><x>253</x><y>285</y><time>20-01-21 21:25:16:796</time></pt><pt><x>252</x><y>282</y><time>20-01-21 21:25:17:018</time></pt><pt><x>252</x><y>280</y><time>20-01-21 21:25:17:255</time></pt><pt><x>254</x><y>278</y><time>20-01-21 21:25:19:652</time></pt><pt><x>255</x><y>276</y><time>20-01-21 21:25:19:851</time></pt><pt><x>254</x><y>271</y><time>20-01-21 21:25:20:006</time></pt><pt><x>254</x><y>267</y><time>20-01-21 21:25:20:186</time></pt><pt><x>253</x><y>261</y><time>20-01-21 21:25:20:422</time></pt><pt><x>252</x><y>255</y><time>20-01-21 21:25:21:390</time></pt><pt><x>252</x><y>250</y><time>20-01-21 21:25:21:618</time></pt><pt><x>254</x><y>246</y><time>20-01-21 21:25:21:822</time></pt><pt><x>255</x><y>242</y><time>20-01-21 21:25:22:013</time></pt><pt><x>257</x><y>239</y><time>20-01-21 21:25:22:184</time></pt><pt><x>259</x><y>236</y><time>20-01-21 21:25:22:373</time></pt><pt><x>261</x><y>234</y><time>20-01-21 21:25:22:595</time></pt><pt><x>262</x><y>231</y><time>20-01-21 21:25:22:774</time></pt><pt><x>263</x><y>229</y><time>20-01-21 21:25:22:963</time></pt><pt><x>263</x><y>227</y><time>20-01-21 21:25:23:144</time></pt><pt><x>264</x><y>227</y><time>20-01-21 21:25:23:341</time></pt><pt><x>265</x><y>230</y><time>20-01-21 21:25:23:521</time></pt><pt><x>265</x><y>232</y><time>20-01-21 21:25:23:694</time></pt><pt><x>265</x><y>233</y><time>20-01-21 21:25:23:829</time></pt><pt><x>266</x><y>236</y><time>20-01-21 21:25:24:096</time></pt><pt><x>268</x><y>240</y><time>20-01-21 21:25:24:324</time></pt><pt><x>269</x><y>244</y><time>20-01-21 21:25:24:520</time></pt><pt><x>269</x><y>248</y><time>20-01-21 21:25:24:708</time></pt><pt><x>270</x><y>253</y><time>20-01-21 21:25:24:900</time></pt><pt><x>271</x><y>257</y><time>20-01-21 21:25:25:156</time></pt><pt><x>272</x><y>263</y><time>20-01-21 21:25:26:441</time></pt><pt><x>270</x><y>270</y><time>20-01-21 21:25:26:652</time></pt><pt><x>269</x><y>274</y><time>20-01-21 21:25:26:816</time></pt><pt><x>269</x><y>277</y><time>20-01-21 21:25:26:967</time></pt><pt><x>270</x><y>282</y><time>20-01-21 21:25:27:170</time></pt><pt><x>271</x><y>285</y><time>20-01-21 21:25:27:370</time></pt><pt><x>271</x><y>286</y><time>20-01-21 21:25:27:533</time></pt><pt><x>274</x><y>288</y><time>20-01-21 21:25:28:641</time></pt><pt><x>279</x><y>287</y><time>20-01-21 21:25:28:838</time></pt><pt><x>282</x><y>287</y><time>20-01-21 21:25:29:018</time></pt><pt><x>283</x><y>284</y><time>20-01-21 21:25:29:247</time></pt><pt><x>282</x><y>281</y><time>20-01-21 21:25:29:427</time></pt><pt><x>282</x><y>279</y><time>20-01-21 21:25:29:587</time></pt><pt><x>284</x><y>276</y><time>20-01-21 21:25:29:781</time></pt><pt><x>284</x><y>274</y><time>20-01-21 21:25:29:970</time></pt><pt><x>283</x><y>272</y><time>20-01-21 21:25:30:126</time></pt><pt><x>282</x><y>270</y><time>20-01-21 21:25:30:284</time></pt><pt><x>282</x><y>267</y><time>20-01-21 21:25:30:451</time></pt><pt><x>283</x><y>263</y><time>20-01-21 21:25:30:622</time></pt><pt><x>285</x><y>240</y><time>20-01-21 21:25:31:621</time></pt><pt><x>285</x><y>236</y><time>20-01-21 21:25:31:858</time></pt><pt><x>285</x><y>231</y><time>20-01-21 21:25:32:038</time></pt><pt><x>285</x><y>227</y><time>20-01-21 21:25:32:210</time></pt><pt><x>286</x><y>212</y><time>20-01-21 21:25:33:210</time></pt><pt><x>287</x><y>207</y><time>20-01-21 21:25:33:415</time></pt><pt><x>287</x><y>204</y><time>20-01-21 21:25:33:572</time></pt><pt><x>287</x><y>201</y><time>20-01-21 21:25:33:729</time></pt><pt><x>289</x><y>199</y><time>20-01-21 21:25:33:929</time></pt><pt><x>290</x><y>197</y><time>20-01-21 21:25:34:106</time></pt><pt><x>291</x><y>195</y><time>20-01-21 21:25:34:291</time></pt><pt><x>292</x><y>193</y><time>20-01-21 21:25:34:469</time></pt><pt><x>293</x><y>191</y><time>20-01-21 21:25:34:673</time></pt><pt><x>294</x><y>189</y><time>20-01-21 21:25:34:838</time></pt><pt><x>295</x><y>188</y><time>20-01-21 21:25:35:036</time></pt><pt><x>295</x><y>184</y><time>20-01-21 21:25:35:381</time></pt><pt><x>299</x><y>170</y><time>20-01-21 21:25:37:205</time></pt><pt><x>299</x><y>161</y><time>20-01-21 21:25:38:054</time></pt><pt><x>298</x><y>152</y><time>20-01-21 21:25:38:661</time></pt><pt><x>296</x><y>141</y><time>20-01-21 21:25:39:895</time></pt><pt><x>293</x><y>135</y><time>20-01-21 21:25:40:164</time></pt><pt><x>293</x><y>131</y><time>20-01-21 21:25:40:431</time></pt><pt><x>292</x><y>129</y><time>20-01-21 21:25:40:650</time></pt><pt><x>291</x><y>123</y><time>20-01-21 21:25:41:672</time></pt><pt><x>288</x><y>121</y><time>20-01-21 21:25:41:973</time></pt><pt><x>285</x><y>121</y><time>20-01-21 21:25:42:223</time></pt><pt><x>282</x><y>121</y><time>20-01-21 21:25:42:476</time></pt><pt><x>281</x><y>121</y><time>20-01-21 21:25:42:680</time></pt><pt><x>282</x><y>118</y><time>20-01-21 21:25:42:924</time></pt><pt><x>283</x><y>116</y><time>20-01-21 21:25:43:128</time></pt><pt><x>285</x><y>114</y><time>20-01-21 21:25:43:301</time></pt><pt><x>286</x><y>112</y><time>20-01-21 21:25:43:498</time></pt><pt><x>286</x><y>110</y><time>20-01-21 21:25:43:662</time></pt><pt><x>286</x><y>109</y><time>20-01-21 21:25:43:821</time></pt><pt><x>286</x><y>106</y><time>20-01-21 21:25:44:008</time></pt><pt><x>286</x><y>104</y><time>20-01-21 21:25:44:229</time></pt><pt><x>286</x><y>100</y><time>20-01-21 21:25:44:859</time></pt><pt><x>284</x><y>97</y><time>20-01-21 21:25:45:070</time></pt><pt><x>283</x><y>95</y><time>20-01-21 21:25:45:338</time></pt><pt><x>280</x><y>93</y><time>20-01-21 21:25:45:606</time></pt><pt><x>278</x><y>93</y><time>20-01-21 21:25:45:856</time></pt><closed_date>20-01-21 21:25:46:187</closed_date></polygon></object><object><name>person</name><deleted>0</deleted><verified>0</verified><occluded>no</occluded><attributes></attributes><parts><hasparts></hasparts><ispartof></ispartof></parts><date>20-01-21 21:27:17:107</date><id>2</id><polygon><username>7hao</username><pt><x>397</x><y>194</y><time>20-01-21 21:25:54:097</time></pt><pt><x>396</x><y>198</y><time>20-01-21 21:25:54:458</time></pt><pt><x>397</x><y>200</y><time>20-01-21 21:25:54:646</time></pt><pt><x>397</x><y>201</y><time>20-01-21 21:25:54:823</time></pt><pt><x>398</x><y>203</y><time>20-01-21 21:25:55:030</time></pt><pt><x>397</x><y>206</y><time>20-01-21 21:25:55:195</time></pt><pt><x>397</x><y>210</y><time>20-01-21 21:25:55:398</time></pt><pt><x>396</x><y>213</y><time>20-01-21 21:25:55:572</time></pt><pt><x>395</x><y>216</y><time>20-01-21 21:25:55:738</time></pt><pt><x>395</x><y>219</y><time>20-01-21 21:25:55:957</time></pt><pt><x>395</x><y>221</y><time>20-01-21 21:25:56:180</time></pt><pt><x>394</x><y>222</y><time>20-01-21 21:25:56:358</time></pt><pt><x>394</x><y>224</y><time>20-01-21 21:25:56:524</time></pt><pt><x>391</x><y>229</y><time>20-01-21 21:25:57:719</time></pt><pt><x>388</x><y>232</y><time>20-01-21 21:25:57:965</time></pt><pt><x>385</x><y>235</y><time>20-01-21 21:25:58:152</time></pt><pt><x>384</x><y>238</y><time>20-01-21 21:25:58:332</time></pt><pt><x>382</x><y>241</y><time>20-01-21 21:25:58:506</time></pt><pt><x>381</x><y>244</y><time>20-01-21 21:25:58:686</time></pt><pt><x>380</x><y>248</y><time>20-01-21 21:25:58:876</time></pt><pt><x>378</x><y>253</y><time>20-01-21 21:25:59:075</time></pt><pt><x>376</x><y>256</y><time>20-01-21 21:25:59:270</time></pt><pt><x>375</x><y>257</y><time>20-01-21 21:25:59:450</time></pt><pt><x>373</x><y>260</y><time>20-01-21 21:25:59:624</time></pt><pt><x>371</x><y>262</y><time>20-01-21 21:26:01:118</time></pt><pt><x>369</x><y>265</y><time>20-01-21 21:26:01:307</time></pt><pt><x>369</x><y>266</y><time>20-01-21 21:26:01:463</time></pt><pt><x>367</x><y>268</y><time>20-01-21 21:26:01:628</time></pt><pt><x>367</x><y>269</y><time>20-01-21 21:26:01:810</time></pt><pt><x>369</x><y>271</y><time>20-01-21 21:26:01:990</time></pt><pt><x>372</x><y>273</y><time>20-01-21 21:26:02:158</time></pt><pt><x>375</x><y>275</y><time>20-01-21 21:26:02:360</time></pt><pt><x>376</x><y>275</y><time>20-01-21 21:26:02:512</time></pt><pt><x>379</x><y>275</y><time>20-01-21 21:26:02:698</time></pt><pt><x>382</x><y>276</y><time>20-01-21 21:26:02:861</time></pt><pt><x>386</x><y>276</y><time>20-01-21 21:26:03:036</time></pt><pt><x>388</x><y>275</y><time>20-01-21 21:26:03:202</time></pt><pt><x>390</x><y>274</y><time>20-01-21 21:26:03:381</time></pt><pt><x>390</x><y>273</y><time>20-01-21 21:26:03:563</time></pt><pt><x>388</x><y>272</y><time>20-01-21 21:26:03:720</time></pt><pt><x>388</x><y>272</y><time>20-01-21 21:26:03:845</time></pt><pt><x>387</x><y>271</y><time>20-01-21 21:26:03:995</time></pt><pt><x>386</x><y>271</y><time>20-01-21 21:26:04:098</time></pt><pt><x>385</x><y>268</y><time>20-01-21 21:26:04:263</time></pt><pt><x>385</x><y>265</y><time>20-01-21 21:26:04:419</time></pt><pt><x>385</x><y>263</y><time>20-01-21 21:26:04:570</time></pt><pt><x>383</x><y>262</y><time>20-01-21 21:26:05:388</time></pt><pt><x>383</x><y>261</y><time>20-01-21 21:26:05:570</time></pt><pt><x>383</x><y>259</y><time>20-01-21 21:26:05:710</time></pt><pt><x>384</x><y>257</y><time>20-01-21 21:26:05:875</time></pt><pt><x>385</x><y>253</y><time>20-01-21 21:26:06:047</time></pt><pt><x>387</x><y>250</y><time>20-01-21 21:26:06:207</time></pt><pt><x>390</x><y>247</y><time>20-01-21 21:26:06:449</time></pt><pt><x>393</x><y>244</y><time>20-01-21 21:26:06:616</time></pt><pt><x>396</x><y>241</y><time>20-01-21 21:26:06:771</time></pt><pt><x>398</x><y>238</y><time>20-01-21 21:26:06:927</time></pt><pt><x>400</x><y>234</y><time>20-01-21 21:26:07:045</time></pt><pt><x>402</x><y>232</y><time>20-01-21 21:26:07:188</time></pt><pt><x>406</x><y>229</y><time>20-01-21 21:26:07:377</time></pt><pt><x>407</x><y>228</y><time>20-01-21 21:26:07:536</time></pt><pt><x>409</x><y>226</y><time>20-01-21 21:26:07:676</time></pt><pt><x>410</x><y>224</y><time>20-01-21 21:26:07:810</time></pt><pt><x>410</x><y>222</y><time>20-01-21 21:26:07:952</time></pt><pt><x>411</x><y>218</y><time>20-01-21 21:26:08:196</time></pt><pt><x>412</x><y>218</y><time>20-01-21 21:26:08:409</time></pt><pt><x>413</x><y>218</y><time>20-01-21 21:26:08:629</time></pt><pt><x>413</x><y>220</y><time>20-01-21 21:26:08:824</time></pt><pt><x>414</x><y>221</y><time>20-01-21 21:26:09:021</time></pt><pt><x>415</x><y>222</y><time>20-01-21 21:26:09:203</time></pt><pt><x>416</x><y>225</y><time>20-01-21 21:26:09:367</time></pt><pt><x>416</x><y>227</y><time>20-01-21 21:26:09:548</time></pt><pt><x>416</x><y>230</y><time>20-01-21 21:26:09:752</time></pt><pt><x>417</x><y>234</y><time>20-01-21 21:26:09:940</time></pt><pt><x>417</x><y>237</y><time>20-01-21 21:26:10:100</time></pt><pt><x>417</x><y>240</y><time>20-01-21 21:26:10:310</time></pt><pt><x>418</x><y>243</y><time>20-01-21 21:26:10:531</time></pt><pt><x>419</x><y>245</y><time>20-01-21 21:26:10:728</time></pt><pt><x>420</x><y>247</y><time>20-01-21 21:26:10:900</time></pt><pt><x>421</x><y>249</y><time>20-01-21 21:26:11:231</time></pt><pt><x>422</x><y>249</y><time>20-01-21 21:26:11:734</time></pt><pt><x>422</x><y>246</y><time>20-01-21 21:26:13:065</time></pt><pt><x>421</x><y>243</y><time>20-01-21 21:26:13:959</time></pt><pt><x>421</x><y>240</y><time>20-01-21 21:26:14:596</time></pt><pt><x>421</x><y>238</y><time>20-01-21 21:26:15:053</time></pt><pt><x>422</x><y>236</y><time>20-01-21 21:26:15:392</time></pt><pt><x>422</x><y>233</y><time>20-01-21 21:26:15:794</time></pt><pt><x>421</x><y>224</y><time>20-01-21 21:26:18:090</time></pt><pt><x>421</x><y>221</y><time>20-01-21 21:26:18:758</time></pt><pt><x>421</x><y>218</y><time>20-01-21 21:26:19:264</time></pt><pt><x>421</x><y>214</y><time>20-01-21 21:26:19:835</time></pt><pt><x>421</x><y>208</y><time>20-01-21 21:26:25:885</time></pt><pt><x>422</x><y>205</y><time>20-01-21 21:26:26:428</time></pt><pt><x>422</x><y>201</y><time>20-01-21 21:26:27:074</time></pt><pt><x>422</x><y>197</y><time>20-01-21 21:26:27:744</time></pt><pt><x>423</x><y>194</y><time>20-01-21 21:26:28:404</time></pt><pt><x>422</x><y>191</y><time>20-01-21 21:26:28:992</time></pt><pt><x>422</x><y>188</y><time>20-01-21 21:26:29:474</time></pt><pt><x>422</x><y>185</y><time>20-01-21 21:26:30:197</time></pt><pt><x>423</x><y>183</y><time>20-01-21 21:26:30:635</time></pt><pt><x>423</x><y>181</y><time>20-01-21 21:26:31:005</time></pt><pt><x>424</x><y>180</y><time>20-01-21 21:26:32:149</time></pt><pt><x>425</x><y>178</y><time>20-01-21 21:26:32:549</time></pt><pt><x>424</x><y>175</y><time>20-01-21 21:26:33:239</time></pt><pt><x>424</x><y>173</y><time>20-01-21 21:26:33:838</time></pt><pt><x>425</x><y>170</y><time>20-01-21 21:26:35:247</time></pt><pt><x>426</x><y>166</y><time>20-01-21 21:26:35:696</time></pt><pt><x>426</x><y>163</y><time>20-01-21 21:26:36:166</time></pt><pt><x>427</x><y>161</y><time>20-01-21 21:26:36:625</time></pt><pt><x>427</x><y>155</y><time>20-01-21 21:26:37:577</time></pt><pt><x>427</x><y>151</y><time>20-01-21 21:26:37:858</time></pt><pt><x>426</x><y>147</y><time>20-01-21 21:26:38:488</time></pt><pt><x>426</x><y>145</y><time>20-01-21 21:26:38:913</time></pt><pt><x>425</x><y>142</y><time>20-01-21 21:26:39:220</time></pt><pt><x>424</x><y>138</y><time>20-01-21 21:26:39:573</time></pt><pt><x>423</x><y>136</y><time>20-01-21 21:26:39:857</time></pt><pt><x>424</x><y>134</y><time>20-01-21 21:26:40:165</time></pt><pt><x>423</x><y>133</y><time>20-01-21 21:26:40:675</time></pt><pt><x>422</x><y>134</y><time>20-01-21 21:26:41:105</time></pt><pt><x>421</x><y>138</y><time>20-01-21 21:26:41:973</time></pt><pt><x>420</x><y>141</y><time>20-01-21 21:26:42:632</time></pt><pt><x>419</x><y>144</y><time>20-01-21 21:26:43:230</time></pt><pt><x>418</x><y>146</y><time>20-01-21 21:26:43:910</time></pt><pt><x>418</x><y>148</y><time>20-01-21 21:26:44:373</time></pt><pt><x>419</x><y>150</y><time>20-01-21 21:26:44:971</time></pt><pt><x>419</x><y>151</y><time>20-01-21 21:26:45:560</time></pt><pt><x>419</x><y>153</y><time>20-01-21 21:26:46:157</time></pt><pt><x>418</x><y>155</y><time>20-01-21 21:26:46:718</time></pt><pt><x>417</x><y>159</y><time>20-01-21 21:26:47:824</time></pt><pt><x>417</x><y>161</y><time>20-01-21 21:26:48:319</time></pt><pt><x>417</x><y>163</y><time>20-01-21 21:26:48:751</time></pt><pt><x>417</x><y>165</y><time>20-01-21 21:26:49:233</time></pt><pt><x>417</x><y>166</y><time>20-01-21 21:26:49:642</time></pt><pt><x>416</x><y>167</y><time>20-01-21 21:26:50:034</time></pt><pt><x>416</x><y>168</y><time>20-01-21 21:26:50:349</time></pt><pt><x>415</x><y>169</y><time>20-01-21 21:26:50:665</time></pt><pt><x>415</x><y>170</y><time>20-01-21 21:26:50:985</time></pt><pt><x>416</x><y>172</y><time>20-01-21 21:26:51:450</time></pt><pt><x>416</x><y>174</y><time>20-01-21 21:26:51:859</time></pt><pt><x>417</x><y>175</y><time>20-01-21 21:26:52:205</time></pt><pt><x>417</x><y>177</y><time>20-01-21 21:26:52:734</time></pt><pt><x>418</x><y>178</y><time>20-01-21 21:26:53:362</time></pt><pt><x>418</x><y>180</y><time>20-01-21 21:26:53:967</time></pt><pt><x>418</x><y>185</y><time>20-01-21 21:26:55:579</time></pt><pt><x>418</x><y>187</y><time>20-01-21 21:26:56:043</time></pt><pt><x>416</x><y>188</y><time>20-01-21 21:26:56:601</time></pt><pt><x>414</x><y>190</y><time>20-01-21 21:26:57:294</time></pt><pt><x>413</x><y>189</y><time>20-01-21 21:26:57:853</time></pt><pt><x>410</x><y>188</y><time>20-01-21 21:26:58:364</time></pt><pt><x>409</x><y>186</y><time>20-01-21 21:26:58:820</time></pt><pt><x>408</x><y>185</y><time>20-01-21 21:26:59:213</time></pt><pt><x>407</x><y>183</y><time>20-01-21 21:26:59:583</time></pt><pt><x>406</x><y>180</y><time>20-01-21 21:26:59:970</time></pt><pt><x>406</x><y>177</y><time>20-01-21 21:27:00:354</time></pt><pt><x>406</x><y>174</y><time>20-01-21 21:27:00:785</time></pt><pt><x>405</x><y>172</y><time>20-01-21 21:27:01:297</time></pt><pt><x>404</x><y>170</y><time>20-01-21 21:27:01:722</time></pt><pt><x>403</x><y>168</y><time>20-01-21 21:27:02:155</time></pt><pt><x>402</x><y>164</y><time>20-01-21 21:27:03:382</time></pt><pt><x>402</x><y>160</y><time>20-01-21 21:27:03:813</time></pt><pt><x>401</x><y>156</y><time>20-01-21 21:27:04:436</time></pt><pt><x>401</x><y>150</y><time>20-01-21 21:27:05:867</time></pt><pt><x>401</x><y>147</y><time>20-01-21 21:27:06:307</time></pt><pt><x>400</x><y>144</y><time>20-01-21 21:27:07:064</time></pt><pt><x>400</x><y>142</y><time>20-01-21 21:27:07:456</time></pt><pt><x>400</x><y>140</y><time>20-01-21 21:27:07:825</time></pt><pt><x>400</x><y>138</y><time>20-01-21 21:27:08:155</time></pt><pt><x>399</x><y>138</y><time>20-01-21 21:27:08:449</time></pt><pt><x>399</x><y>140</y><time>20-01-21 21:27:08:634</time></pt><pt><x>398</x><y>141</y><time>20-01-21 21:27:08:802</time></pt><pt><x>398</x><y>143</y><time>20-01-21 21:27:08:956</time></pt><pt><x>397</x><y>145</y><time>20-01-21 21:27:09:116</time></pt><pt><x>396</x><y>147</y><time>20-01-21 21:27:09:268</time></pt><pt><x>396</x><y>151</y><time>20-01-21 21:27:09:439</time></pt><pt><x>395</x><y>155</y><time>20-01-21 21:27:09:651</time></pt><pt><x>395</x><y>174</y><time>20-01-21 21:27:10:917</time></pt><pt><x>394</x><y>179</y><time>20-01-21 21:27:11:342</time></pt><pt><x>395</x><y>182</y><time>20-01-21 21:27:11:601</time></pt><pt><x>397</x><y>184</y><time>20-01-21 21:27:11:759</time></pt><pt><x>397</x><y>186</y><time>20-01-21 21:27:11:939</time></pt><pt><x>396</x><y>188</y><time>20-01-21 21:27:12:105</time></pt><pt><x>396</x><y>191</y><time>20-01-21 21:27:12:272</time></pt><pt><x>396</x><y>192</y><time>20-01-21 21:27:12:451</time></pt><closed_date>20-01-21 21:27:12:915</closed_date></polygon></object></annotation>