<annotation><filename>frame0004.jpg</filename><folder>users/lab605//7hao/human_20210119_4</folder><source><submittedBy>lab605</submittedBy></source><imagesize><nrows>480</nrows><ncols>640</ncols></imagesize><object><name>person</name><deleted>0</deleted><verified>0</verified><occluded>no</occluded><attributes></attributes><parts><hasparts></hasparts><ispartof></ispartof></parts><date>20-01-21 20:45:49:046</date><id>0</id><polygon><username>7hao</username><pt><x>434</x><y>21</y><time>20-01-21 20:44:33:984</time></pt><pt><x>430</x><y>17</y><time>20-01-21 20:44:34:285</time></pt><pt><x>426</x><y>16</y><time>20-01-21 20:44:34:592</time></pt><pt><x>419</x><y>17</y><time>20-01-21 20:44:34:899</time></pt><pt><x>414</x><y>19</y><time>20-01-21 20:44:35:137</time></pt><pt><x>410</x><y>23</y><time>20-01-21 20:44:35:389</time></pt><pt><x>407</x><y>27</y><time>20-01-21 20:44:35:647</time></pt><pt><x>405</x><y>31</y><time>20-01-21 20:44:35:915</time></pt><pt><x>404</x><y>35</y><time>20-01-21 20:44:36:126</time></pt><pt><x>406</x><y>39</y><time>20-01-21 20:44:36:355</time></pt><pt><x>405</x><y>42</y><time>20-01-21 20:44:36:662</time></pt><pt><x>405</x><y>44</y><time>20-01-21 20:44:36:936</time></pt><pt><x>404</x><y>46</y><time>20-01-21 20:44:37:151</time></pt><pt><x>403</x><y>49</y><time>20-01-21 20:44:37:371</time></pt><pt><x>404</x><y>53</y><time>20-01-21 20:44:37:591</time></pt><pt><x>405</x><y>56</y><time>20-01-21 20:44:37:811</time></pt><pt><x>405</x><y>60</y><time>20-01-21 20:44:38:055</time></pt><pt><x>406</x><y>64</y><time>20-01-21 20:44:38:290</time></pt><pt><x>409</x><y>66</y><time>20-01-21 20:44:38:724</time></pt><pt><x>410</x><y>66</y><time>20-01-21 20:44:39:157</time></pt><pt><x>410</x><y>69</y><time>20-01-21 20:44:39:427</time></pt><pt><x>409</x><y>73</y><time>20-01-21 20:44:39:723</time></pt><pt><x>408</x><y>77</y><time>20-01-21 20:44:40:006</time></pt><pt><x>407</x><y>81</y><time>20-01-21 20:44:40:219</time></pt><pt><x>408</x><y>88</y><time>20-01-21 20:44:40:471</time></pt><pt><x>409</x><y>91</y><time>20-01-21 20:44:40:683</time></pt><pt><x>407</x><y>94</y><time>20-01-21 20:44:42:288</time></pt><pt><x>406</x><y>99</y><time>20-01-21 20:44:42:606</time></pt><pt><x>407</x><y>102</y><time>20-01-21 20:44:42:801</time></pt><pt><x>407</x><y>105</y><time>20-01-21 20:44:43:037</time></pt><pt><x>406</x><y>107</y><time>20-01-21 20:44:43:204</time></pt><pt><x>405</x><y>111</y><time>20-01-21 20:44:43:391</time></pt><pt><x>405</x><y>114</y><time>20-01-21 20:44:43:728</time></pt><pt><x>405</x><y>118</y><time>20-01-21 20:44:45:149</time></pt><pt><x>404</x><y>123</y><time>20-01-21 20:44:45:375</time></pt><pt><x>404</x><y>128</y><time>20-01-21 20:44:45:605</time></pt><pt><x>404</x><y>131</y><time>20-01-21 20:44:45:793</time></pt><pt><x>402</x><y>135</y><time>20-01-21 20:44:45:988</time></pt><pt><x>400</x><y>139</y><time>20-01-21 20:44:46:201</time></pt><pt><x>398</x><y>144</y><time>20-01-21 20:44:46:429</time></pt><pt><x>398</x><y>148</y><time>20-01-21 20:44:46:641</time></pt><pt><x>397</x><y>152</y><time>20-01-21 20:44:46:941</time></pt><pt><x>396</x><y>154</y><time>20-01-21 20:44:48:420</time></pt><pt><x>393</x><y>159</y><time>20-01-21 20:44:48:633</time></pt><pt><x>393</x><y>164</y><time>20-01-21 20:44:48:901</time></pt><pt><x>394</x><y>168</y><time>20-01-21 20:44:49:305</time></pt><pt><x>395</x><y>171</y><time>20-01-21 20:44:49:674</time></pt><pt><x>398</x><y>172</y><time>20-01-21 20:44:49:939</time></pt><pt><x>402</x><y>172</y><time>20-01-21 20:44:50:166</time></pt><pt><x>405</x><y>172</y><time>20-01-21 20:44:50:422</time></pt><pt><x>407</x><y>170</y><time>20-01-21 20:44:50:634</time></pt><pt><x>408</x><y>167</y><time>20-01-21 20:44:50:869</time></pt><pt><x>410</x><y>164</y><time>20-01-21 20:44:51:132</time></pt><pt><x>411</x><y>160</y><time>20-01-21 20:44:51:309</time></pt><pt><x>412</x><y>157</y><time>20-01-21 20:44:51:537</time></pt><pt><x>412</x><y>153</y><time>20-01-21 20:44:51:735</time></pt><pt><x>412</x><y>149</y><time>20-01-21 20:44:51:939</time></pt><pt><x>414</x><y>147</y><time>20-01-21 20:44:52:253</time></pt><pt><x>415</x><y>143</y><time>20-01-21 20:44:52:546</time></pt><pt><x>416</x><y>141</y><time>20-01-21 20:44:52:812</time></pt><pt><x>416</x><y>137</y><time>20-01-21 20:44:53:065</time></pt><pt><x>418</x><y>143</y><time>20-01-21 20:44:53:724</time></pt><pt><x>419</x><y>147</y><time>20-01-21 20:44:54:127</time></pt><pt><x>420</x><y>150</y><time>20-01-21 20:44:54:425</time></pt><pt><x>420</x><y>152</y><time>20-01-21 20:44:54:678</time></pt><pt><x>422</x><y>154</y><time>20-01-21 20:44:55:136</time></pt><pt><x>423</x><y>155</y><time>20-01-21 20:44:55:433</time></pt><pt><x>423</x><y>156</y><time>20-01-21 20:44:55:762</time></pt><pt><x>424</x><y>159</y><time>20-01-21 20:44:56:094</time></pt><pt><x>424</x><y>161</y><time>20-01-21 20:44:56:432</time></pt><pt><x>423</x><y>163</y><time>20-01-21 20:44:56:724</time></pt><pt><x>422</x><y>166</y><time>20-01-21 20:44:56:975</time></pt><pt><x>422</x><y>169</y><time>20-01-21 20:44:57:345</time></pt><pt><x>421</x><y>174</y><time>20-01-21 20:44:57:715</time></pt><pt><x>420</x><y>176</y><time>20-01-21 20:44:57:975</time></pt><pt><x>420</x><y>182</y><time>20-01-21 20:44:58:347</time></pt><pt><x>419</x><y>184</y><time>20-01-21 20:44:58:567</time></pt><pt><x>418</x><y>199</y><time>20-01-21 20:45:00:257</time></pt><pt><x>418</x><y>210</y><time>20-01-21 20:45:00:894</time></pt><pt><x>418</x><y>215</y><time>20-01-21 20:45:01:369</time></pt><pt><x>419</x><y>220</y><time>20-01-21 20:45:01:684</time></pt><pt><x>419</x><y>225</y><time>20-01-21 20:45:01:973</time></pt><pt><x>419</x><y>228</y><time>20-01-21 20:45:02:209</time></pt><pt><x>418</x><y>232</y><time>20-01-21 20:45:02:460</time></pt><pt><x>419</x><y>236</y><time>20-01-21 20:45:02:732</time></pt><pt><x>421</x><y>239</y><time>20-01-21 20:45:02:966</time></pt><pt><x>423</x><y>241</y><time>20-01-21 20:45:03:226</time></pt><pt><x>424</x><y>244</y><time>20-01-21 20:45:03:514</time></pt><pt><x>425</x><y>246</y><time>20-01-21 20:45:03:713</time></pt><pt><x>425</x><y>247</y><time>20-01-21 20:45:03:908</time></pt><pt><x>426</x><y>250</y><time>20-01-21 20:45:04:153</time></pt><pt><x>427</x><y>260</y><time>20-01-21 20:45:05:420</time></pt><pt><x>426</x><y>265</y><time>20-01-21 20:45:05:751</time></pt><pt><x>426</x><y>269</y><time>20-01-21 20:45:05:986</time></pt><pt><x>426</x><y>273</y><time>20-01-21 20:45:06:169</time></pt><pt><x>427</x><y>279</y><time>20-01-21 20:45:06:467</time></pt><pt><x>427</x><y>282</y><time>20-01-21 20:45:06:713</time></pt><pt><x>428</x><y>285</y><time>20-01-21 20:45:06:885</time></pt><pt><x>428</x><y>289</y><time>20-01-21 20:45:07:105</time></pt><pt><x>427</x><y>292</y><time>20-01-21 20:45:07:302</time></pt><pt><x>427</x><y>295</y><time>20-01-21 20:45:07:491</time></pt><pt><x>427</x><y>297</y><time>20-01-21 20:45:07:727</time></pt><pt><x>426</x><y>301</y><time>20-01-21 20:45:07:970</time></pt><pt><x>424</x><y>303</y><time>20-01-21 20:45:08:215</time></pt><pt><x>418</x><y>307</y><time>20-01-21 20:45:08:766</time></pt><pt><x>415</x><y>308</y><time>20-01-21 20:45:09:097</time></pt><pt><x>412</x><y>310</y><time>20-01-21 20:45:09:397</time></pt><pt><x>407</x><y>310</y><time>20-01-21 20:45:09:672</time></pt><pt><x>403</x><y>310</y><time>20-01-21 20:45:09:986</time></pt><pt><x>400</x><y>311</y><time>20-01-21 20:45:10:205</time></pt><pt><x>399</x><y>314</y><time>20-01-21 20:45:10:600</time></pt><pt><x>399</x><y>316</y><time>20-01-21 20:45:10:962</time></pt><pt><x>402</x><y>318</y><time>20-01-21 20:45:11:291</time></pt><pt><x>426</x><y>321</y><time>20-01-21 20:45:12:803</time></pt><pt><x>433</x><y>321</y><time>20-01-21 20:45:13:316</time></pt><pt><x>445</x><y>320</y><time>20-01-21 20:45:13:770</time></pt><pt><x>451</x><y>319</y><time>20-01-21 20:45:14:323</time></pt><pt><x>452</x><y>317</y><time>20-01-21 20:45:14:637</time></pt><pt><x>451</x><y>315</y><time>20-01-21 20:45:14:928</time></pt><pt><x>451</x><y>313</y><time>20-01-21 20:45:15:157</time></pt><pt><x>450</x><y>312</y><time>20-01-21 20:45:15:352</time></pt><pt><x>450</x><y>311</y><time>20-01-21 20:45:15:622</time></pt><pt><x>450</x><y>311</y><time>20-01-21 20:45:15:872</time></pt><pt><x>453</x><y>310</y><time>20-01-21 20:45:16:234</time></pt><pt><x>462</x><y>309</y><time>20-01-21 20:45:16:589</time></pt><pt><x>467</x><y>308</y><time>20-01-21 20:45:17:040</time></pt><pt><x>466</x><y>306</y><time>20-01-21 20:45:17:431</time></pt><pt><x>465</x><y>302</y><time>20-01-21 20:45:17:724</time></pt><pt><x>464</x><y>300</y><time>20-01-21 20:45:17:952</time></pt><pt><x>462</x><y>297</y><time>20-01-21 20:45:18:217</time></pt><pt><x>461</x><y>293</y><time>20-01-21 20:45:18:470</time></pt><pt><x>461</x><y>291</y><time>20-01-21 20:45:18:667</time></pt><pt><x>461</x><y>289</y><time>20-01-21 20:45:18:902</time></pt><pt><x>460</x><y>288</y><time>20-01-21 20:45:19:061</time></pt><pt><x>459</x><y>286</y><time>20-01-21 20:45:19:274</time></pt><pt><x>459</x><y>283</y><time>20-01-21 20:45:19:523</time></pt><pt><x>459</x><y>280</y><time>20-01-21 20:45:19:752</time></pt><pt><x>460</x><y>277</y><time>20-01-21 20:45:20:107</time></pt><pt><x>461</x><y>264</y><time>20-01-21 20:45:21:538</time></pt><pt><x>459</x><y>260</y><time>20-01-21 20:45:21:869</time></pt><pt><x>458</x><y>254</y><time>20-01-21 20:45:22:208</time></pt><pt><x>457</x><y>248</y><time>20-01-21 20:45:22:624</time></pt><pt><x>456</x><y>243</y><time>20-01-21 20:45:23:065</time></pt><pt><x>456</x><y>239</y><time>20-01-21 20:45:23:340</time></pt><pt><x>456</x><y>237</y><time>20-01-21 20:45:23:587</time></pt><pt><x>457</x><y>233</y><time>20-01-21 20:45:23:932</time></pt><pt><x>457</x><y>226</y><time>20-01-21 20:45:24:552</time></pt><pt><x>456</x><y>221</y><time>20-01-21 20:45:24:837</time></pt><pt><x>456</x><y>217</y><time>20-01-21 20:45:25:129</time></pt><pt><x>456</x><y>215</y><time>20-01-21 20:45:25:364</time></pt><pt><x>456</x><y>212</y><time>20-01-21 20:45:25:640</time></pt><pt><x>458</x><y>210</y><time>20-01-21 20:45:25:914</time></pt><pt><x>464</x><y>188</y><time>20-01-21 20:45:27:465</time></pt><pt><x>472</x><y>165</y><time>20-01-21 20:45:28:967</time></pt><pt><x>473</x><y>155</y><time>20-01-21 20:45:29:715</time></pt><pt><x>472</x><y>151</y><time>20-01-21 20:45:30:314</time></pt><pt><x>472</x><y>148</y><time>20-01-21 20:45:30:622</time></pt><pt><x>472</x><y>145</y><time>20-01-21 20:45:30:850</time></pt><pt><x>470</x><y>137</y><time>20-01-21 20:45:32:299</time></pt><pt><x>470</x><y>134</y><time>20-01-21 20:45:32:629</time></pt><pt><x>469</x><y>132</y><time>20-01-21 20:45:32:875</time></pt><pt><x>468</x><y>129</y><time>20-01-21 20:45:33:060</time></pt><pt><x>467</x><y>126</y><time>20-01-21 20:45:33:266</time></pt><pt><x>467</x><y>124</y><time>20-01-21 20:45:33:421</time></pt><pt><x>466</x><y>121</y><time>20-01-21 20:45:33:646</time></pt><pt><x>465</x><y>118</y><time>20-01-21 20:45:33:834</time></pt><pt><x>465</x><y>115</y><time>20-01-21 20:45:34:044</time></pt><pt><x>465</x><y>101</y><time>20-01-21 20:45:35:350</time></pt><pt><x>463</x><y>92</y><time>20-01-21 20:45:35:751</time></pt><pt><x>461</x><y>82</y><time>20-01-21 20:45:36:444</time></pt><pt><x>457</x><y>74</y><time>20-01-21 20:45:37:107</time></pt><pt><x>450</x><y>67</y><time>20-01-21 20:45:37:995</time></pt><pt><x>442</x><y>59</y><time>20-01-21 20:45:39:200</time></pt><pt><x>437</x><y>56</y><time>20-01-21 20:45:39:656</time></pt><pt><x>437</x><y>53</y><time>20-01-21 20:45:40:104</time></pt><pt><x>439</x><y>50</y><time>20-01-21 20:45:40:680</time></pt><pt><x>441</x><y>48</y><time>20-01-21 20:45:41:025</time></pt><pt><x>443</x><y>45</y><time>20-01-21 20:45:41:412</time></pt><pt><x>444</x><y>41</y><time>20-01-21 20:45:41:712</time></pt><pt><x>444</x><y>33</y><time>20-01-21 20:45:42:870</time></pt><pt><x>442</x><y>27</y><time>20-01-21 20:45:43:253</time></pt><pt><x>440</x><y>24</y><time>20-01-21 20:45:43:608</time></pt><pt><x>438</x><y>23</y><time>20-01-21 20:45:43:955</time></pt><closed_date>20-01-21 20:45:44:559</closed_date></polygon></object><object><name>person</name><deleted>0</deleted><verified>0</verified><occluded>no</occluded><attributes></attributes><parts><hasparts></hasparts><ispartof></ispartof></parts><date>20-01-21 20:47:01:159</date><id>1</id><polygon><username>7hao</username><pt><x>306</x><y>111</y><time>20-01-21 20:46:05:147</time></pt><pt><x>305</x><y>106</y><time>20-01-21 20:46:05:592</time></pt><pt><x>303</x><y>104</y><time>20-01-21 20:46:05:946</time></pt><pt><x>300</x><y>102</y><time>20-01-21 20:46:06:236</time></pt><pt><x>297</x><y>101</y><time>20-01-21 20:46:06:543</time></pt><pt><x>294</x><y>101</y><time>20-01-21 20:46:06:780</time></pt><pt><x>291</x><y>102</y><time>20-01-21 20:46:06:961</time></pt><pt><x>289</x><y>103</y><time>20-01-21 20:46:07:182</time></pt><pt><x>286</x><y>105</y><time>20-01-21 20:46:07:394</time></pt><pt><x>285</x><y>107</y><time>20-01-21 20:46:07:638</time></pt><pt><x>285</x><y>108</y><time>20-01-21 20:46:07:834</time></pt><pt><x>284</x><y>110</y><time>20-01-21 20:46:08:030</time></pt><pt><x>284</x><y>113</y><time>20-01-21 20:46:08:292</time></pt><pt><x>283</x><y>115</y><time>20-01-21 20:46:08:534</time></pt><pt><x>283</x><y>117</y><time>20-01-21 20:46:08:921</time></pt><pt><x>283</x><y>120</y><time>20-01-21 20:46:09:140</time></pt><pt><x>284</x><y>123</y><time>20-01-21 20:46:09:354</time></pt><pt><x>284</x><y>125</y><time>20-01-21 20:46:09:520</time></pt><pt><x>285</x><y>128</y><time>20-01-21 20:46:09:930</time></pt><pt><x>285</x><y>130</y><time>20-01-21 20:46:10:158</time></pt><pt><x>285</x><y>131</y><time>20-01-21 20:46:10:352</time></pt><pt><x>283</x><y>133</y><time>20-01-21 20:46:10:580</time></pt><pt><x>280</x><y>134</y><time>20-01-21 20:46:10:747</time></pt><pt><x>277</x><y>135</y><time>20-01-21 20:46:10:926</time></pt><pt><x>274</x><y>137</y><time>20-01-21 20:46:11:108</time></pt><pt><x>271</x><y>139</y><time>20-01-21 20:46:11:288</time></pt><pt><x>269</x><y>141</y><time>20-01-21 20:46:11:462</time></pt><pt><x>269</x><y>144</y><time>20-01-21 20:46:11:667</time></pt><pt><x>267</x><y>149</y><time>20-01-21 20:46:11:934</time></pt><pt><x>265</x><y>154</y><time>20-01-21 20:46:12:548</time></pt><pt><x>262</x><y>161</y><time>20-01-21 20:46:13:886</time></pt><pt><x>257</x><y>168</y><time>20-01-21 20:46:14:310</time></pt><pt><x>255</x><y>172</y><time>20-01-21 20:46:14:596</time></pt><pt><x>253</x><y>174</y><time>20-01-21 20:46:14:830</time></pt><pt><x>249</x><y>178</y><time>20-01-21 20:46:15:068</time></pt><pt><x>248</x><y>180</y><time>20-01-21 20:46:15:255</time></pt><pt><x>247</x><y>182</y><time>20-01-21 20:46:15:505</time></pt><pt><x>246</x><y>185</y><time>20-01-21 20:46:15:750</time></pt><pt><x>245</x><y>187</y><time>20-01-21 20:46:15:986</time></pt><pt><x>244</x><y>190</y><time>20-01-21 20:46:16:272</time></pt><pt><x>244</x><y>193</y><time>20-01-21 20:46:16:506</time></pt><pt><x>248</x><y>195</y><time>20-01-21 20:46:16:812</time></pt><pt><x>251</x><y>194</y><time>20-01-21 20:46:17:105</time></pt><pt><x>250</x><y>193</y><time>20-01-21 20:46:17:481</time></pt><pt><x>249</x><y>191</y><time>20-01-21 20:46:17:772</time></pt><pt><x>249</x><y>190</y><time>20-01-21 20:46:17:945</time></pt><pt><x>251</x><y>188</y><time>20-01-21 20:46:18:206</time></pt><pt><x>253</x><y>188</y><time>20-01-21 20:46:18:429</time></pt><pt><x>254</x><y>186</y><time>20-01-21 20:46:18:663</time></pt><pt><x>257</x><y>185</y><time>20-01-21 20:46:18:908</time></pt><pt><x>260</x><y>181</y><time>20-01-21 20:46:19:228</time></pt><pt><x>263</x><y>179</y><time>20-01-21 20:46:19:536</time></pt><pt><x>265</x><y>178</y><time>20-01-21 20:46:19:764</time></pt><pt><x>268</x><y>175</y><time>20-01-21 20:46:20:188</time></pt><pt><x>270</x><y>172</y><time>20-01-21 20:46:20:535</time></pt><pt><x>271</x><y>170</y><time>20-01-21 20:46:20:835</time></pt><pt><x>270</x><y>174</y><time>20-01-21 20:46:21:307</time></pt><pt><x>270</x><y>178</y><time>20-01-21 20:46:21:551</time></pt><pt><x>270</x><y>181</y><time>20-01-21 20:46:21:739</time></pt><pt><x>271</x><y>183</y><time>20-01-21 20:46:21:937</time></pt><pt><x>271</x><y>186</y><time>20-01-21 20:46:22:127</time></pt><pt><x>271</x><y>188</y><time>20-01-21 20:46:22:307</time></pt><pt><x>271</x><y>192</y><time>20-01-21 20:46:22:590</time></pt><pt><x>270</x><y>194</y><time>20-01-21 20:46:22:811</time></pt><pt><x>271</x><y>199</y><time>20-01-21 20:46:23:095</time></pt><pt><x>271</x><y>202</y><time>20-01-21 20:46:23:385</time></pt><pt><x>271</x><y>205</y><time>20-01-21 20:46:23:605</time></pt><pt><x>272</x><y>206</y><time>20-01-21 20:46:23:857</time></pt><pt><x>273</x><y>209</y><time>20-01-21 20:46:24:178</time></pt><pt><x>274</x><y>217</y><time>20-01-21 20:46:25:786</time></pt><pt><x>274</x><y>222</y><time>20-01-21 20:46:26:074</time></pt><pt><x>274</x><y>225</y><time>20-01-21 20:46:26:327</time></pt><pt><x>275</x><y>230</y><time>20-01-21 20:46:26:579</time></pt><pt><x>276</x><y>233</y><time>20-01-21 20:46:26:785</time></pt><pt><x>278</x><y>238</y><time>20-01-21 20:46:27:012</time></pt><pt><x>279</x><y>241</y><time>20-01-21 20:46:27:319</time></pt><pt><x>279</x><y>245</y><time>20-01-21 20:46:27:648</time></pt><pt><x>279</x><y>247</y><time>20-01-21 20:46:27:895</time></pt><pt><x>275</x><y>261</y><time>20-01-21 20:46:29:391</time></pt><pt><x>275</x><y>264</y><time>20-01-21 20:46:29:705</time></pt><pt><x>273</x><y>269</y><time>20-01-21 20:46:30:051</time></pt><pt><x>272</x><y>271</y><time>20-01-21 20:46:30:270</time></pt><pt><x>271</x><y>274</y><time>20-01-21 20:46:30:435</time></pt><pt><x>270</x><y>278</y><time>20-01-21 20:46:30:705</time></pt><pt><x>270</x><y>281</y><time>20-01-21 20:46:30:922</time></pt><pt><x>270</x><y>286</y><time>20-01-21 20:46:31:152</time></pt><pt><x>272</x><y>288</y><time>20-01-21 20:46:31:492</time></pt><pt><x>275</x><y>288</y><time>20-01-21 20:46:32:001</time></pt><pt><x>278</x><y>289</y><time>20-01-21 20:46:32:324</time></pt><pt><x>281</x><y>289</y><time>20-01-21 20:46:32:630</time></pt><pt><x>282</x><y>288</y><time>20-01-21 20:46:32:907</time></pt><pt><x>282</x><y>286</y><time>20-01-21 20:46:33:158</time></pt><pt><x>282</x><y>284</y><time>20-01-21 20:46:33:379</time></pt><pt><x>285</x><y>284</y><time>20-01-21 20:46:33:701</time></pt><pt><x>290</x><y>283</y><time>20-01-21 20:46:33:984</time></pt><pt><x>294</x><y>283</y><time>20-01-21 20:46:34:199</time></pt><pt><x>298</x><y>283</y><time>20-01-21 20:46:34:442</time></pt><pt><x>303</x><y>283</y><time>20-01-21 20:46:34:652</time></pt><pt><x>305</x><y>284</y><time>20-01-21 20:46:34:905</time></pt><pt><x>308</x><y>283</y><time>20-01-21 20:46:35:124</time></pt><pt><x>308</x><y>280</y><time>20-01-21 20:46:35:465</time></pt><pt><x>308</x><y>278</y><time>20-01-21 20:46:35:676</time></pt><pt><x>308</x><y>275</y><time>20-01-21 20:46:35:929</time></pt><pt><x>309</x><y>271</y><time>20-01-21 20:46:37:762</time></pt><pt><x>305</x><y>265</y><time>20-01-21 20:46:38:194</time></pt><pt><x>303</x><y>261</y><time>20-01-21 20:46:38:495</time></pt><pt><x>301</x><y>256</y><time>20-01-21 20:46:38:785</time></pt><pt><x>300</x><y>253</y><time>20-01-21 20:46:38:982</time></pt><pt><x>296</x><y>239</y><time>20-01-21 20:46:40:470</time></pt><pt><x>296</x><y>234</y><time>20-01-21 20:46:40:832</time></pt><pt><x>297</x><y>228</y><time>20-01-21 20:46:41:098</time></pt><pt><x>299</x><y>221</y><time>20-01-21 20:46:41:587</time></pt><pt><x>300</x><y>214</y><time>20-01-21 20:46:42:107</time></pt><pt><x>309</x><y>176</y><time>20-01-21 20:46:43:501</time></pt><pt><x>312</x><y>184</y><time>20-01-21 20:46:45:609</time></pt><pt><x>312</x><y>188</y><time>20-01-21 20:46:45:916</time></pt><pt><x>312</x><y>190</y><time>20-01-21 20:46:46:120</time></pt><pt><x>313</x><y>193</y><time>20-01-21 20:46:46:319</time></pt><pt><x>314</x><y>195</y><time>20-01-21 20:46:46:523</time></pt><pt><x>314</x><y>198</y><time>20-01-21 20:46:46:694</time></pt><pt><x>313</x><y>201</y><time>20-01-21 20:46:46:941</time></pt><pt><x>313</x><y>205</y><time>20-01-21 20:46:47:271</time></pt><pt><x>313</x><y>206</y><time>20-01-21 20:46:47:506</time></pt><pt><x>316</x><y>208</y><time>20-01-21 20:46:47:781</time></pt><pt><x>317</x><y>208</y><time>20-01-21 20:46:48:002</time></pt><pt><x>320</x><y>206</y><time>20-01-21 20:46:48:199</time></pt><pt><x>322</x><y>204</y><time>20-01-21 20:46:48:403</time></pt><pt><x>323</x><y>201</y><time>20-01-21 20:46:48:626</time></pt><pt><x>323</x><y>199</y><time>20-01-21 20:46:48:828</time></pt><pt><x>323</x><y>197</y><time>20-01-21 20:46:49:025</time></pt><pt><x>323</x><y>195</y><time>20-01-21 20:46:49:207</time></pt><pt><x>323</x><y>192</y><time>20-01-21 20:46:49:387</time></pt><pt><x>323</x><y>189</y><time>20-01-21 20:46:49:590</time></pt><pt><x>323</x><y>185</y><time>20-01-21 20:46:49:773</time></pt><pt><x>323</x><y>183</y><time>20-01-21 20:46:49:961</time></pt><pt><x>321</x><y>179</y><time>20-01-21 20:46:50:268</time></pt><pt><x>320</x><y>176</y><time>20-01-21 20:46:50:499</time></pt><pt><x>318</x><y>161</y><time>20-01-21 20:46:51:786</time></pt><pt><x>317</x><y>153</y><time>20-01-21 20:46:52:173</time></pt><pt><x>314</x><y>146</y><time>20-01-21 20:46:52:708</time></pt><pt><x>312</x><y>142</y><time>20-01-21 20:46:52:998</time></pt><pt><x>311</x><y>139</y><time>20-01-21 20:46:53:336</time></pt><pt><x>311</x><y>136</y><time>20-01-21 20:46:53:670</time></pt><pt><x>311</x><y>132</y><time>20-01-21 20:46:54:039</time></pt><pt><x>310</x><y>130</y><time>20-01-21 20:46:54:384</time></pt><pt><x>307</x><y>128</y><time>20-01-21 20:46:54:677</time></pt><pt><x>304</x><y>128</y><time>20-01-21 20:46:54:911</time></pt><pt><x>301</x><y>127</y><time>20-01-21 20:46:55:211</time></pt><pt><x>299</x><y>127</y><time>20-01-21 20:46:55:448</time></pt><pt><x>300</x><y>125</y><time>20-01-21 20:46:55:841</time></pt><pt><x>301</x><y>123</y><time>20-01-21 20:46:56:114</time></pt><pt><x>303</x><y>122</y><time>20-01-21 20:46:56:346</time></pt><pt><x>305</x><y>121</y><time>20-01-21 20:46:56:591</time></pt><pt><x>305</x><y>118</y><time>20-01-21 20:46:56:894</time></pt><pt><x>305</x><y>116</y><time>20-01-21 20:46:57:186</time></pt><pt><x>305</x><y>115</y><time>20-01-21 20:46:57:414</time></pt><pt><x>305</x><y>113</y><time>20-01-21 20:46:57:689</time></pt><closed_date>20-01-21 20:46:58:132</closed_date></polygon></object><object><name>person</name><deleted>0</deleted><verified>0</verified><occluded>no</occluded><attributes></attributes><parts><hasparts></hasparts><ispartof></ispartof></parts><date>20-01-21 20:48:11:126</date><id>2</id><polygon><username>7hao</username><pt><x>391</x><y>110</y><time>20-01-21 20:47:03:823</time></pt><pt><x>387</x><y>108</y><time>20-01-21 20:47:04:137</time></pt><pt><x>383</x><y>108</y><time>20-01-21 20:47:04:404</time></pt><pt><x>379</x><y>109</y><time>20-01-21 20:47:04:609</time></pt><pt><x>374</x><y>110</y><time>20-01-21 20:47:05:136</time></pt><pt><x>373</x><y>112</y><time>20-01-21 20:47:05:426</time></pt><pt><x>371</x><y>114</y><time>20-01-21 20:47:05:861</time></pt><pt><x>371</x><y>117</y><time>20-01-21 20:47:06:067</time></pt><pt><x>371</x><y>119</y><time>20-01-21 20:47:06:270</time></pt><pt><x>371</x><y>122</y><time>20-01-21 20:47:06:467</time></pt><pt><x>372</x><y>125</y><time>20-01-21 20:47:06:694</time></pt><pt><x>373</x><y>127</y><time>20-01-21 20:47:07:026</time></pt><pt><x>373</x><y>128</y><time>20-01-21 20:47:07:341</time></pt><pt><x>371</x><y>129</y><time>20-01-21 20:47:07:552</time></pt><pt><x>368</x><y>130</y><time>20-01-21 20:47:07:758</time></pt><pt><x>365</x><y>131</y><time>20-01-21 20:47:07:968</time></pt><pt><x>364</x><y>132</y><time>20-01-21 20:47:08:143</time></pt><pt><x>364</x><y>135</y><time>20-01-21 20:47:08:354</time></pt><pt><x>364</x><y>136</y><time>20-01-21 20:47:08:575</time></pt><pt><x>364</x><y>137</y><time>20-01-21 20:47:08:749</time></pt><pt><x>364</x><y>139</y><time>20-01-21 20:47:08:947</time></pt><pt><x>364</x><y>140</y><time>20-01-21 20:47:09:104</time></pt><pt><x>362</x><y>143</y><time>20-01-21 20:47:09:316</time></pt><pt><x>361</x><y>145</y><time>20-01-21 20:47:09:535</time></pt><pt><x>361</x><y>147</y><time>20-01-21 20:47:09:703</time></pt><pt><x>361</x><y>150</y><time>20-01-21 20:47:09:953</time></pt><pt><x>361</x><y>153</y><time>20-01-21 20:47:10:182</time></pt><pt><x>362</x><y>156</y><time>20-01-21 20:47:10:377</time></pt><pt><x>362</x><y>159</y><time>20-01-21 20:47:10:568</time></pt><pt><x>362</x><y>162</y><time>20-01-21 20:47:10:811</time></pt><pt><x>362</x><y>165</y><time>20-01-21 20:47:11:015</time></pt><pt><x>363</x><y>178</y><time>20-01-21 20:47:12:062</time></pt><pt><x>363</x><y>181</y><time>20-01-21 20:47:12:362</time></pt><pt><x>362</x><y>181</y><time>20-01-21 20:47:12:723</time></pt><pt><x>362</x><y>183</y><time>20-01-21 20:47:12:977</time></pt><pt><x>363</x><y>185</y><time>20-01-21 20:47:13:204</time></pt><pt><x>364</x><y>186</y><time>20-01-21 20:47:13:415</time></pt><pt><x>363</x><y>188</y><time>20-01-21 20:47:13:698</time></pt><pt><x>362</x><y>189</y><time>20-01-21 20:47:13:793</time></pt><pt><x>363</x><y>191</y><time>20-01-21 20:47:13:967</time></pt><pt><x>363</x><y>193</y><time>20-01-21 20:47:14:155</time></pt><pt><x>364</x><y>197</y><time>20-01-21 20:47:14:461</time></pt><pt><x>365</x><y>199</y><time>20-01-21 20:47:14:653</time></pt><pt><x>366</x><y>201</y><time>20-01-21 20:47:14:878</time></pt><pt><x>367</x><y>203</y><time>20-01-21 20:47:15:061</time></pt><pt><x>367</x><y>206</y><time>20-01-21 20:47:15:281</time></pt><pt><x>368</x><y>209</y><time>20-01-21 20:47:15:477</time></pt><pt><x>368</x><y>212</y><time>20-01-21 20:47:15:690</time></pt><pt><x>368</x><y>215</y><time>20-01-21 20:47:15:996</time></pt><pt><x>368</x><y>217</y><time>20-01-21 20:47:16:289</time></pt><pt><x>369</x><y>219</y><time>20-01-21 20:47:17:256</time></pt><pt><x>370</x><y>220</y><time>20-01-21 20:47:17:492</time></pt><pt><x>370</x><y>222</y><time>20-01-21 20:47:17:721</time></pt><pt><x>370</x><y>223</y><time>20-01-21 20:47:17:937</time></pt><pt><x>369</x><y>231</y><time>20-01-21 20:47:19:570</time></pt><pt><x>367</x><y>235</y><time>20-01-21 20:47:19:956</time></pt><pt><x>366</x><y>239</y><time>20-01-21 20:47:20:184</time></pt><pt><x>367</x><y>244</y><time>20-01-21 20:47:20:521</time></pt><pt><x>367</x><y>249</y><time>20-01-21 20:47:20:813</time></pt><pt><x>367</x><y>253</y><time>20-01-21 20:47:21:077</time></pt><pt><x>368</x><y>256</y><time>20-01-21 20:47:21:466</time></pt><pt><x>365</x><y>258</y><time>20-01-21 20:47:21:875</time></pt><pt><x>364</x><y>260</y><time>20-01-21 20:47:22:135</time></pt><pt><x>363</x><y>262</y><time>20-01-21 20:47:22:340</time></pt><pt><x>364</x><y>265</y><time>20-01-21 20:47:22:559</time></pt><pt><x>365</x><y>266</y><time>20-01-21 20:47:22:773</time></pt><pt><x>366</x><y>269</y><time>20-01-21 20:47:23:096</time></pt><pt><x>367</x><y>271</y><time>20-01-21 20:47:23:372</time></pt><pt><x>367</x><y>273</y><time>20-01-21 20:47:23:591</time></pt><pt><x>367</x><y>276</y><time>20-01-21 20:47:23:859</time></pt><pt><x>369</x><y>278</y><time>20-01-21 20:47:24:142</time></pt><pt><x>375</x><y>277</y><time>20-01-21 20:47:24:543</time></pt><pt><x>390</x><y>278</y><time>20-01-21 20:47:25:376</time></pt><pt><x>393</x><y>276</y><time>20-01-21 20:47:26:060</time></pt><pt><x>394</x><y>274</y><time>20-01-21 20:47:26:422</time></pt><pt><x>391</x><y>272</y><time>20-01-21 20:47:26:754</time></pt><pt><x>388</x><y>271</y><time>20-01-21 20:47:27:012</time></pt><pt><x>386</x><y>268</y><time>20-01-21 20:47:27:232</time></pt><pt><x>385</x><y>264</y><time>20-01-21 20:47:27:438</time></pt><pt><x>384</x><y>261</y><time>20-01-21 20:47:27:658</time></pt><pt><x>384</x><y>258</y><time>20-01-21 20:47:27:902</time></pt><pt><x>385</x><y>255</y><time>20-01-21 20:47:28:146</time></pt><pt><x>389</x><y>250</y><time>20-01-21 20:47:28:444</time></pt><pt><x>404</x><y>230</y><time>20-01-21 20:47:29:516</time></pt><pt><x>406</x><y>225</y><time>20-01-21 20:47:29:884</time></pt><pt><x>404</x><y>222</y><time>20-01-21 20:47:30:152</time></pt><pt><x>403</x><y>217</y><time>20-01-21 20:47:30:437</time></pt><pt><x>402</x><y>205</y><time>20-01-21 20:47:31:878</time></pt><pt><x>402</x><y>202</y><time>20-01-21 20:47:32:129</time></pt><pt><x>402</x><y>199</y><time>20-01-21 20:47:32:366</time></pt><pt><x>401</x><y>194</y><time>20-01-21 20:47:32:625</time></pt><pt><x>401</x><y>190</y><time>20-01-21 20:47:32:870</time></pt><pt><x>400</x><y>186</y><time>20-01-21 20:47:33:136</time></pt><pt><x>399</x><y>183</y><time>20-01-21 20:47:33:397</time></pt><pt><x>398</x><y>181</y><time>20-01-21 20:47:33:639</time></pt><pt><x>398</x><y>178</y><time>20-01-21 20:47:33:884</time></pt><pt><x>397</x><y>175</y><time>20-01-21 20:47:34:166</time></pt><pt><x>396</x><y>173</y><time>20-01-21 20:47:34:577</time></pt><pt><x>396</x><y>172</y><time>20-01-21 20:47:54:829</time></pt><pt><x>394</x><y>172</y><time>20-01-21 20:47:55:631</time></pt><pt><x>393</x><y>169</y><time>20-01-21 20:47:56:538</time></pt><pt><x>392</x><y>166</y><time>20-01-21 20:47:57:307</time></pt><pt><x>392</x><y>164</y><time>20-01-21 20:47:57:859</time></pt><pt><x>392</x><y>161</y><time>20-01-21 20:47:58:520</time></pt><pt><x>392</x><y>159</y><time>20-01-21 20:47:59:063</time></pt><pt><x>392</x><y>157</y><time>20-01-21 20:47:59:699</time></pt><pt><x>393</x><y>156</y><time>20-01-21 20:48:00:313</time></pt><pt><x>393</x><y>154</y><time>20-01-21 20:48:00:842</time></pt><pt><x>393</x><y>144</y><time>20-01-21 20:48:02:416</time></pt><pt><x>393</x><y>141</y><time>20-01-21 20:48:02:713</time></pt><pt><x>393</x><y>139</y><time>20-01-21 20:48:02:966</time></pt><pt><x>391</x><y>137</y><time>20-01-21 20:48:03:193</time></pt><pt><x>390</x><y>135</y><time>20-01-21 20:48:03:386</time></pt><pt><x>389</x><y>134</y><time>20-01-21 20:48:03:643</time></pt><pt><x>389</x><y>132</y><time>20-01-21 20:48:03:879</time></pt><pt><x>390</x><y>131</y><time>20-01-21 20:48:04:083</time></pt><pt><x>391</x><y>130</y><time>20-01-21 20:48:04:278</time></pt><pt><x>392</x><y>128</y><time>20-01-21 20:48:04:468</time></pt><pt><x>393</x><y>125</y><time>20-01-21 20:48:05:798</time></pt><pt><x>393</x><y>123</y><time>20-01-21 20:48:06:051</time></pt><pt><x>393</x><y>121</y><time>20-01-21 20:48:06:198</time></pt><pt><x>392</x><y>120</y><time>20-01-21 20:48:06:396</time></pt><pt><x>391</x><y>118</y><time>20-01-21 20:48:06:585</time></pt><pt><x>391</x><y>117</y><time>20-01-21 20:48:06:805</time></pt><pt><x>391</x><y>115</y><time>20-01-21 20:48:07:003</time></pt><pt><x>392</x><y>115</y><time>20-01-21 20:48:07:224</time></pt><pt><x>393</x><y>114</y><time>20-01-21 20:48:07:388</time></pt><pt><x>393</x><y>112</y><time>20-01-21 20:48:07:627</time></pt><pt><x>393</x><y>112</y><time>20-01-21 20:48:07:838</time></pt><closed_date>20-01-21 20:48:08:280</closed_date></polygon></object></annotation>