<annotation><filename>frame0031.jpg</filename><folder>users/lab605//7hao/human_20210119_4</folder><source><submittedBy>lab605</submittedBy></source><imagesize><nrows>480</nrows><ncols>640</ncols></imagesize><object><name>person</name><deleted>0</deleted><verified>0</verified><occluded>no</occluded><attributes></attributes><parts><hasparts></hasparts><ispartof></ispartof></parts><date>25-01-21 16:02:15:456</date><id>0</id><polygon><username>7hao</username><pt><x>358</x><y>18</y><time>25-01-21 16:01:23:878</time></pt><pt><x>354</x><y>14</y><time>25-01-21 16:01:24:266</time></pt><pt><x>351</x><y>10</y><time>25-01-21 16:01:24:713</time></pt><pt><x>347</x><y>8</y><time>25-01-21 16:01:25:149</time></pt><pt><x>341</x><y>5</y><time>25-01-21 16:01:25:508</time></pt><pt><x>336</x><y>5</y><time>25-01-21 16:01:25:791</time></pt><pt><x>332</x><y>6</y><time>25-01-21 16:01:25:994</time></pt><pt><x>326</x><y>10</y><time>25-01-21 16:01:26:286</time></pt><pt><x>323</x><y>14</y><time>25-01-21 16:01:26:506</time></pt><pt><x>322</x><y>20</y><time>25-01-21 16:01:26:789</time></pt><pt><x>322</x><y>28</y><time>25-01-21 16:01:27:151</time></pt><pt><x>323</x><y>34</y><time>25-01-21 16:01:27:435</time></pt><pt><x>325</x><y>38</y><time>25-01-21 16:01:27:646</time></pt><pt><x>326</x><y>43</y><time>25-01-21 16:01:27:912</time></pt><pt><x>326</x><y>45</y><time>25-01-21 16:01:28:173</time></pt><pt><x>323</x><y>47</y><time>25-01-21 16:01:28:529</time></pt><pt><x>318</x><y>51</y><time>25-01-21 16:01:28:827</time></pt><pt><x>316</x><y>54</y><time>25-01-21 16:01:29:078</time></pt><pt><x>314</x><y>60</y><time>25-01-21 16:01:29:489</time></pt><pt><x>310</x><y>71</y><time>25-01-21 16:01:30:878</time></pt><pt><x>308</x><y>79</y><time>25-01-21 16:01:31:225</time></pt><pt><x>308</x><y>90</y><time>25-01-21 16:01:31:486</time></pt><pt><x>309</x><y>99</y><time>25-01-21 16:01:31:871</time></pt><pt><x>310</x><y>107</y><time>25-01-21 16:01:33:191</time></pt><pt><x>310</x><y>113</y><time>25-01-21 16:01:33:459</time></pt><pt><x>308</x><y>121</y><time>25-01-21 16:01:33:623</time></pt><pt><x>308</x><y>130</y><time>25-01-21 16:01:33:883</time></pt><pt><x>306</x><y>137</y><time>25-01-21 16:01:34:167</time></pt><pt><x>305</x><y>142</y><time>25-01-21 16:01:34:347</time></pt><pt><x>307</x><y>148</y><time>25-01-21 16:01:34:543</time></pt><pt><x>309</x><y>152</y><time>25-01-21 16:01:34:749</time></pt><pt><x>307</x><y>157</y><time>25-01-21 16:01:34:971</time></pt><pt><x>306</x><y>164</y><time>25-01-21 16:01:36:135</time></pt><pt><x>306</x><y>168</y><time>25-01-21 16:01:36:297</time></pt><pt><x>309</x><y>171</y><time>25-01-21 16:01:36:495</time></pt><pt><x>312</x><y>184</y><time>25-01-21 16:01:36:879</time></pt><pt><x>314</x><y>192</y><time>25-01-21 16:01:37:204</time></pt><pt><x>315</x><y>195</y><time>25-01-21 16:01:37:392</time></pt><pt><x>316</x><y>202</y><time>25-01-21 16:01:37:557</time></pt><pt><x>316</x><y>208</y><time>25-01-21 16:01:38:681</time></pt><pt><x>316</x><y>217</y><time>25-01-21 16:01:38:886</time></pt><pt><x>317</x><y>224</y><time>25-01-21 16:01:39:091</time></pt><pt><x>318</x><y>229</y><time>25-01-21 16:01:39:295</time></pt><pt><x>317</x><y>236</y><time>25-01-21 16:01:39:498</time></pt><pt><x>317</x><y>243</y><time>25-01-21 16:01:39:869</time></pt><pt><x>317</x><y>248</y><time>25-01-21 16:01:40:097</time></pt><pt><x>312</x><y>255</y><time>25-01-21 16:01:41:324</time></pt><pt><x>307</x><y>268</y><time>25-01-21 16:01:41:709</time></pt><pt><x>301</x><y>275</y><time>25-01-21 16:01:42:039</time></pt><pt><x>297</x><y>281</y><time>25-01-21 16:01:42:244</time></pt><pt><x>294</x><y>284</y><time>25-01-21 16:01:43:377</time></pt><pt><x>289</x><y>285</y><time>25-01-21 16:01:43:572</time></pt><pt><x>286</x><y>288</y><time>25-01-21 16:01:43:895</time></pt><pt><x>286</x><y>294</y><time>25-01-21 16:01:44:085</time></pt><pt><x>294</x><y>300</y><time>25-01-21 16:01:44:423</time></pt><pt><x>305</x><y>303</y><time>25-01-21 16:01:44:815</time></pt><pt><x>310</x><y>306</y><time>25-01-21 16:01:45:034</time></pt><pt><x>315</x><y>307</y><time>25-01-21 16:01:45:227</time></pt><pt><x>321</x><y>311</y><time>25-01-21 16:01:45:531</time></pt><pt><x>324</x><y>312</y><time>25-01-21 16:01:45:735</time></pt><pt><x>327</x><y>314</y><time>25-01-21 16:01:45:895</time></pt><pt><x>329</x><y>318</y><time>25-01-21 16:01:46:350</time></pt><pt><x>337</x><y>322</y><time>25-01-21 16:01:46:679</time></pt><pt><x>345</x><y>323</y><time>25-01-21 16:01:46:923</time></pt><pt><x>356</x><y>323</y><time>25-01-21 16:01:47:335</time></pt><pt><x>362</x><y>323</y><time>25-01-21 16:01:47:638</time></pt><pt><x>366</x><y>321</y><time>25-01-21 16:01:47:953</time></pt><pt><x>366</x><y>317</y><time>25-01-21 16:01:48:316</time></pt><pt><x>362</x><y>313</y><time>25-01-21 16:01:48:592</time></pt><pt><x>357</x><y>310</y><time>25-01-21 16:01:48:838</time></pt><pt><x>354</x><y>307</y><time>25-01-21 16:01:49:087</time></pt><pt><x>352</x><y>299</y><time>25-01-21 16:01:49:464</time></pt><pt><x>351</x><y>291</y><time>25-01-21 16:01:49:835</time></pt><pt><x>349</x><y>285</y><time>25-01-21 16:01:50:093</time></pt><pt><x>346</x><y>280</y><time>25-01-21 16:01:50:322</time></pt><pt><x>343</x><y>276</y><time>25-01-21 16:01:50:527</time></pt><pt><x>344</x><y>268</y><time>25-01-21 16:01:51:619</time></pt><pt><x>346</x><y>259</y><time>25-01-21 16:01:51:823</time></pt><pt><x>349</x><y>251</y><time>25-01-21 16:01:52:106</time></pt><pt><x>358</x><y>239</y><time>25-01-21 16:01:53:056</time></pt><pt><x>360</x><y>228</y><time>25-01-21 16:01:53:271</time></pt><pt><x>364</x><y>215</y><time>25-01-21 16:01:53:712</time></pt><pt><x>365</x><y>202</y><time>25-01-21 16:01:54:386</time></pt><pt><x>364</x><y>190</y><time>25-01-21 16:01:55:628</time></pt><pt><x>363</x><y>187</y><time>25-01-21 16:01:55:872</time></pt><pt><x>366</x><y>184</y><time>25-01-21 16:01:56:125</time></pt><pt><x>368</x><y>180</y><time>25-01-21 16:01:56:361</time></pt><pt><x>368</x><y>172</y><time>25-01-21 16:01:56:772</time></pt><pt><x>365</x><y>169</y><time>25-01-21 16:01:57:036</time></pt><pt><x>363</x><y>165</y><time>25-01-21 16:01:57:228</time></pt><pt><x>362</x><y>161</y><time>25-01-21 16:01:57:463</time></pt><pt><x>362</x><y>158</y><time>25-01-21 16:01:57:674</time></pt><pt><x>364</x><y>151</y><time>25-01-21 16:01:58:075</time></pt><pt><x>364</x><y>140</y><time>25-01-21 16:01:59:161</time></pt><pt><x>363</x><y>133</y><time>25-01-21 16:01:59:383</time></pt><pt><x>362</x><y>127</y><time>25-01-21 16:01:59:564</time></pt><pt><x>360</x><y>121</y><time>25-01-21 16:01:59:782</time></pt><pt><x>360</x><y>110</y><time>25-01-21 16:02:00:898</time></pt><pt><x>361</x><y>100</y><time>25-01-21 16:02:01:285</time></pt><pt><x>356</x><y>89</y><time>25-01-21 16:02:02:009</time></pt><pt><x>354</x><y>79</y><time>25-01-21 16:02:03:047</time></pt><pt><x>354</x><y>73</y><time>25-01-21 16:02:03:237</time></pt><pt><x>354</x><y>67</y><time>25-01-21 16:02:03:402</time></pt><pt><x>352</x><y>62</y><time>25-01-21 16:02:03:598</time></pt><pt><x>351</x><y>58</y><time>25-01-21 16:02:03:819</time></pt><pt><x>352</x><y>54</y><time>25-01-21 16:02:04:021</time></pt><pt><x>354</x><y>52</y><time>25-01-21 16:02:04:230</time></pt><pt><x>358</x><y>51</y><time>25-01-21 16:02:04:447</time></pt><pt><x>361</x><y>49</y><time>25-01-21 16:02:04:659</time></pt><pt><x>362</x><y>47</y><time>25-01-21 16:02:04:832</time></pt><pt><x>361</x><y>44</y><time>25-01-21 16:02:06:287</time></pt><pt><x>361</x><y>40</y><time>25-01-21 16:02:06:469</time></pt><pt><x>361</x><y>35</y><time>25-01-21 16:02:06:641</time></pt><pt><x>359</x><y>30</y><time>25-01-21 16:02:06:909</time></pt><pt><x>359</x><y>25</y><time>25-01-21 16:02:07:129</time></pt><pt><x>359</x><y>22</y><time>25-01-21 16:02:07:373</time></pt><pt><x>359</x><y>20</y><time>25-01-21 16:02:07:772</time></pt><closed_date>25-01-21 16:02:08:081</closed_date></polygon></object><object><name>person</name><deleted>0</deleted><verified>0</verified><occluded>no</occluded><attributes></attributes><parts><hasparts></hasparts><ispartof></ispartof></parts><date>25-01-21 16:03:13:239</date><id>1</id><polygon><username>7hao</username><pt><x>470</x><y>82</y><time>25-01-21 16:02:20:932</time></pt><pt><x>467</x><y>79</y><time>25-01-21 16:02:21:289</time></pt><pt><x>465</x><y>77</y><time>25-01-21 16:02:21:516</time></pt><pt><x>464</x><y>75</y><time>25-01-21 16:02:21:737</time></pt><pt><x>461</x><y>73</y><time>25-01-21 16:02:21:973</time></pt><pt><x>454</x><y>73</y><time>25-01-21 16:02:22:178</time></pt><pt><x>449</x><y>76</y><time>25-01-21 16:02:22:406</time></pt><pt><x>443</x><y>80</y><time>25-01-21 16:02:22:656</time></pt><pt><x>439</x><y>84</y><time>25-01-21 16:02:22:895</time></pt><pt><x>438</x><y>87</y><time>25-01-21 16:02:23:175</time></pt><pt><x>440</x><y>91</y><time>25-01-21 16:02:23:374</time></pt><pt><x>441</x><y>96</y><time>25-01-21 16:02:23:571</time></pt><pt><x>443</x><y>99</y><time>25-01-21 16:02:23:830</time></pt><pt><x>444</x><y>100</y><time>25-01-21 16:02:23:986</time></pt><pt><x>445</x><y>103</y><time>25-01-21 16:02:24:169</time></pt><pt><x>442</x><y>106</y><time>25-01-21 16:02:24:481</time></pt><pt><x>440</x><y>108</y><time>25-01-21 16:02:24:676</time></pt><pt><x>437</x><y>117</y><time>25-01-21 16:02:25:763</time></pt><pt><x>437</x><y>125</y><time>25-01-21 16:02:25:931</time></pt><pt><x>436</x><y>132</y><time>25-01-21 16:02:26:109</time></pt><pt><x>435</x><y>144</y><time>25-01-21 16:02:26:431</time></pt><pt><x>435</x><y>152</y><time>25-01-21 16:02:26:723</time></pt><pt><x>436</x><y>165</y><time>25-01-21 16:02:27:768</time></pt><pt><x>436</x><y>174</y><time>25-01-21 16:02:27:975</time></pt><pt><x>435</x><y>180</y><time>25-01-21 16:02:28:146</time></pt><pt><x>434</x><y>192</y><time>25-01-21 16:02:28:744</time></pt><pt><x>432</x><y>201</y><time>25-01-21 16:02:35:697</time></pt><pt><x>431</x><y>210</y><time>25-01-21 16:02:35:933</time></pt><pt><x>431</x><y>217</y><time>25-01-21 16:02:36:122</time></pt><pt><x>431</x><y>225</y><time>25-01-21 16:02:36:419</time></pt><pt><x>432</x><y>230</y><time>25-01-21 16:02:36:648</time></pt><pt><x>436</x><y>234</y><time>25-01-21 16:02:36:877</time></pt><pt><x>442</x><y>242</y><time>25-01-21 16:02:37:222</time></pt><pt><x>445</x><y>246</y><time>25-01-21 16:02:37:440</time></pt><pt><x>449</x><y>251</y><time>25-01-21 16:02:38:015</time></pt><pt><x>454</x><y>259</y><time>25-01-21 16:02:39:684</time></pt><pt><x>457</x><y>263</y><time>25-01-21 16:02:39:969</time></pt><pt><x>459</x><y>268</y><time>25-01-21 16:02:44:301</time></pt><pt><x>460</x><y>275</y><time>25-01-21 16:02:44:599</time></pt><pt><x>461</x><y>280</y><time>25-01-21 16:02:44:834</time></pt><pt><x>456</x><y>284</y><time>25-01-21 16:02:45:180</time></pt><pt><x>454</x><y>286</y><time>25-01-21 16:02:45:443</time></pt><pt><x>456</x><y>288</y><time>25-01-21 16:02:45:677</time></pt><pt><x>461</x><y>290</y><time>25-01-21 16:02:47:493</time></pt><pt><x>466</x><y>292</y><time>25-01-21 16:02:47:871</time></pt><pt><x>469</x><y>292</y><time>25-01-21 16:02:48:043</time></pt><pt><x>477</x><y>291</y><time>25-01-21 16:02:48:289</time></pt><pt><x>484</x><y>291</y><time>25-01-21 16:02:48:524</time></pt><pt><x>485</x><y>287</y><time>25-01-21 16:02:48:729</time></pt><pt><x>484</x><y>284</y><time>25-01-21 16:02:48:951</time></pt><pt><x>481</x><y>278</y><time>25-01-21 16:02:49:154</time></pt><pt><x>479</x><y>272</y><time>25-01-21 16:02:49:413</time></pt><pt><x>480</x><y>269</y><time>25-01-21 16:02:49:593</time></pt><pt><x>483</x><y>266</y><time>25-01-21 16:02:49:784</time></pt><pt><x>483</x><y>264</y><time>25-01-21 16:02:49:981</time></pt><pt><x>481</x><y>260</y><time>25-01-21 16:02:50:207</time></pt><pt><x>480</x><y>256</y><time>25-01-21 16:02:50:505</time></pt><pt><x>480</x><y>254</y><time>25-01-21 16:02:50:696</time></pt><pt><x>480</x><y>248</y><time>25-01-21 16:02:51:066</time></pt><pt><x>477</x><y>229</y><time>25-01-21 16:02:52:180</time></pt><pt><x>476</x><y>220</y><time>25-01-21 16:02:52:409</time></pt><pt><x>476</x><y>211</y><time>25-01-21 16:02:52:746</time></pt><pt><x>480</x><y>190</y><time>25-01-21 16:02:53:976</time></pt><pt><x>481</x><y>184</y><time>25-01-21 16:02:54:235</time></pt><pt><x>482</x><y>182</y><time>25-01-21 16:02:54:470</time></pt><pt><x>483</x><y>182</y><time>25-01-21 16:02:54:667</time></pt><pt><x>484</x><y>186</y><time>25-01-21 16:02:54:847</time></pt><pt><x>484</x><y>191</y><time>25-01-21 16:02:55:149</time></pt><pt><x>482</x><y>196</y><time>25-01-21 16:02:55:329</time></pt><pt><x>483</x><y>199</y><time>25-01-21 16:02:55:517</time></pt><pt><x>484</x><y>202</y><time>25-01-21 16:02:55:723</time></pt><pt><x>488</x><y>203</y><time>25-01-21 16:02:56:069</time></pt><pt><x>492</x><y>202</y><time>25-01-21 16:02:56:345</time></pt><pt><x>494</x><y>198</y><time>25-01-21 16:02:56:524</time></pt><pt><x>493</x><y>193</y><time>25-01-21 16:02:56:720</time></pt><pt><x>493</x><y>185</y><time>25-01-21 16:02:56:965</time></pt><pt><x>494</x><y>180</y><time>25-01-21 16:02:57:184</time></pt><pt><x>493</x><y>155</y><time>25-01-21 16:02:58:606</time></pt><pt><x>491</x><y>146</y><time>25-01-21 16:02:59:018</time></pt><pt><x>489</x><y>127</y><time>25-01-21 16:03:00:100</time></pt><pt><x>489</x><y>121</y><time>25-01-21 16:03:00:361</time></pt><pt><x>487</x><y>117</y><time>25-01-21 16:03:00:565</time></pt><pt><x>480</x><y>111</y><time>25-01-21 16:03:01:037</time></pt><pt><x>475</x><y>108</y><time>25-01-21 16:03:01:414</time></pt><pt><x>470</x><y>105</y><time>25-01-21 16:03:04:019</time></pt><pt><x>468</x><y>102</y><time>25-01-21 16:03:04:318</time></pt><pt><x>467</x><y>99</y><time>25-01-21 16:03:04:634</time></pt><pt><x>470</x><y>96</y><time>25-01-21 16:03:04:812</time></pt><pt><x>472</x><y>92</y><time>25-01-21 16:03:05:128</time></pt><pt><x>473</x><y>89</y><time>25-01-21 16:03:05:434</time></pt><pt><x>472</x><y>86</y><time>25-01-21 16:03:05:646</time></pt><closed_date>25-01-21 16:03:08:935</closed_date></polygon></object><object><name>person</name><deleted>0</deleted><verified>0</verified><occluded>no</occluded><attributes></attributes><parts><hasparts></hasparts><ispartof></ispartof></parts><date>25-01-21 16:04:52:399</date><id>2</id><polygon><username>7hao</username><pt><x>619</x><y>81</y><time>25-01-21 16:03:26:537</time></pt><pt><x>619</x><y>77</y><time>25-01-21 16:03:26:903</time></pt><pt><x>616</x><y>71</y><time>25-01-21 16:03:27:318</time></pt><pt><x>610</x><y>68</y><time>25-01-21 16:03:27:712</time></pt><pt><x>605</x><y>68</y><time>25-01-21 16:03:27:957</time></pt><pt><x>599</x><y>69</y><time>25-01-21 16:03:28:177</time></pt><pt><x>594</x><y>74</y><time>25-01-21 16:03:28:448</time></pt><pt><x>593</x><y>78</y><time>25-01-21 16:03:31:921</time></pt><pt><x>593</x><y>83</y><time>25-01-21 16:03:32:094</time></pt><pt><x>594</x><y>85</y><time>25-01-21 16:03:32:259</time></pt><pt><x>594</x><y>89</y><time>25-01-21 16:03:32:565</time></pt><pt><x>594</x><y>94</y><time>25-01-21 16:03:32:794</time></pt><pt><x>596</x><y>97</y><time>25-01-21 16:03:33:028</time></pt><pt><x>597</x><y>100</y><time>25-01-21 16:03:33:309</time></pt><pt><x>594</x><y>99</y><time>25-01-21 16:03:33:594</time></pt><pt><x>592</x><y>99</y><time>25-01-21 16:03:33:817</time></pt><pt><x>589</x><y>100</y><time>25-01-21 16:03:34:059</time></pt><pt><x>588</x><y>103</y><time>25-01-21 16:03:34:266</time></pt><pt><x>586</x><y>105</y><time>25-01-21 16:03:34:580</time></pt><pt><x>582</x><y>106</y><time>25-01-21 16:03:34:767</time></pt><pt><x>576</x><y>111</y><time>25-01-21 16:03:35:085</time></pt><pt><x>571</x><y>120</y><time>25-01-21 16:03:35:398</time></pt><pt><x>566</x><y>135</y><time>25-01-21 16:03:36:513</time></pt><pt><x>564</x><y>146</y><time>25-01-21 16:03:36:751</time></pt><pt><x>565</x><y>161</y><time>25-01-21 16:03:37:151</time></pt><pt><x>569</x><y>170</y><time>25-01-21 16:03:37:489</time></pt><pt><x>571</x><y>174</y><time>25-01-21 16:03:38:237</time></pt><pt><x>572</x><y>177</y><time>25-01-21 16:03:38:417</time></pt><pt><x>573</x><y>181</y><time>25-01-21 16:03:38:702</time></pt><pt><x>573</x><y>183</y><time>25-01-21 16:03:38:915</time></pt><pt><x>574</x><y>187</y><time>25-01-21 16:03:39:974</time></pt><pt><x>573</x><y>200</y><time>25-01-21 16:03:40:315</time></pt><pt><x>572</x><y>207</y><time>25-01-21 16:03:40:525</time></pt><pt><x>571</x><y>213</y><time>25-01-21 16:03:40:840</time></pt><pt><x>571</x><y>219</y><time>25-01-21 16:03:41:047</time></pt><pt><x>571</x><y>224</y><time>25-01-21 16:03:41:413</time></pt><pt><x>569</x><y>228</y><time>25-01-21 16:03:42:711</time></pt><pt><x>568</x><y>233</y><time>25-01-21 16:03:42:925</time></pt><pt><x>568</x><y>242</y><time>25-01-21 16:03:43:145</time></pt><pt><x>569</x><y>251</y><time>25-01-21 16:03:43:749</time></pt><pt><x>569</x><y>254</y><time>25-01-21 16:03:44:081</time></pt><pt><x>567</x><y>256</y><time>25-01-21 16:03:44:285</time></pt><pt><x>565</x><y>262</y><time>25-01-21 16:03:56:440</time></pt><pt><x>564</x><y>266</y><time>25-01-21 16:03:56:777</time></pt><pt><x>563</x><y>270</y><time>25-01-21 16:03:57:013</time></pt><pt><x>563</x><y>272</y><time>25-01-21 16:03:57:212</time></pt><pt><x>564</x><y>276</y><time>25-01-21 16:04:01:538</time></pt><pt><x>567</x><y>278</y><time>25-01-21 16:04:01:820</time></pt><pt><x>570</x><y>278</y><time>25-01-21 16:04:02:348</time></pt><pt><x>574</x><y>274</y><time>25-01-21 16:04:03:100</time></pt><pt><x>575</x><y>272</y><time>25-01-21 16:04:03:346</time></pt><pt><x>576</x><y>267</y><time>25-01-21 16:04:03:588</time></pt><pt><x>577</x><y>264</y><time>25-01-21 16:04:03:854</time></pt><pt><x>578</x><y>261</y><time>25-01-21 16:04:04:099</time></pt><pt><x>579</x><y>257</y><time>25-01-21 16:04:04:642</time></pt><pt><x>578</x><y>254</y><time>25-01-21 16:04:04:925</time></pt><pt><x>577</x><y>252</y><time>25-01-21 16:04:05:145</time></pt><pt><x>577</x><y>248</y><time>25-01-21 16:04:05:375</time></pt><pt><x>579</x><y>245</y><time>25-01-21 16:04:05:604</time></pt><pt><x>583</x><y>239</y><time>25-01-21 16:04:12:306</time></pt><pt><x>584</x><y>234</y><time>25-01-21 16:04:12:635</time></pt><pt><x>585</x><y>228</y><time>25-01-21 16:04:13:013</time></pt><pt><x>586</x><y>225</y><time>25-01-21 16:04:13:273</time></pt><pt><x>588</x><y>223</y><time>25-01-21 16:04:13:477</time></pt><pt><x>591</x><y>214</y><time>25-01-21 16:04:14:674</time></pt><pt><x>592</x><y>212</y><time>25-01-21 16:04:14:885</time></pt><pt><x>595</x><y>211</y><time>25-01-21 16:04:15:090</time></pt><pt><x>597</x><y>210</y><time>25-01-21 16:04:15:374</time></pt><pt><x>597</x><y>207</y><time>25-01-21 16:04:15:569</time></pt><pt><x>597</x><y>204</y><time>25-01-21 16:04:15:772</time></pt><pt><x>597</x><y>200</y><time>25-01-21 16:04:16:009</time></pt><pt><x>597</x><y>196</y><time>25-01-21 16:04:16:237</time></pt><pt><x>599</x><y>194</y><time>25-01-21 16:04:16:472</time></pt><pt><x>600</x><y>193</y><time>25-01-21 16:04:16:693</time></pt><pt><x>601</x><y>195</y><time>25-01-21 16:04:16:954</time></pt><pt><x>602</x><y>196</y><time>25-01-21 16:04:17:152</time></pt><pt><x>603</x><y>200</y><time>25-01-21 16:04:17:427</time></pt><pt><x>603</x><y>203</y><time>25-01-21 16:04:17:605</time></pt><pt><x>604</x><y>206</y><time>25-01-21 16:04:17:825</time></pt><pt><x>604</x><y>208</y><time>25-01-21 16:04:18:088</time></pt><pt><x>605</x><y>209</y><time>25-01-21 16:04:18:260</time></pt><pt><x>606</x><y>213</y><time>25-01-21 16:04:18:430</time></pt><pt><x>607</x><y>217</y><time>25-01-21 16:04:18:598</time></pt><pt><x>607</x><y>224</y><time>25-01-21 16:04:19:753</time></pt><pt><x>608</x><y>229</y><time>25-01-21 16:04:19:980</time></pt><pt><x>608</x><y>236</y><time>25-01-21 16:04:20:162</time></pt><pt><x>609</x><y>242</y><time>25-01-21 16:04:20:374</time></pt><pt><x>610</x><y>248</y><time>25-01-21 16:04:20:540</time></pt><pt><x>611</x><y>251</y><time>25-01-21 16:04:20:696</time></pt><pt><x>613</x><y>262</y><time>25-01-21 16:04:21:043</time></pt><pt><x>613</x><y>269</y><time>25-01-21 16:04:21:332</time></pt><pt><x>611</x><y>273</y><time>25-01-21 16:04:21:553</time></pt><pt><x>610</x><y>277</y><time>25-01-21 16:04:22:561</time></pt><pt><x>610</x><y>281</y><time>25-01-21 16:04:22:741</time></pt><pt><x>611</x><y>284</y><time>25-01-21 16:04:23:097</time></pt><pt><x>614</x><y>285</y><time>25-01-21 16:04:23:322</time></pt><pt><x>618</x><y>286</y><time>25-01-21 16:04:23:491</time></pt><pt><x>620</x><y>286</y><time>25-01-21 16:04:23:639</time></pt><pt><x>626</x><y>286</y><time>25-01-21 16:04:23:819</time></pt><pt><x>630</x><y>286</y><time>25-01-21 16:04:24:015</time></pt><pt><x>630</x><y>285</y><time>25-01-21 16:04:29:176</time></pt><pt><x>630</x><y>283</y><time>25-01-21 16:04:29:489</time></pt><pt><x>629</x><y>280</y><time>25-01-21 16:04:29:695</time></pt><pt><x>626</x><y>278</y><time>25-01-21 16:04:29:994</time></pt><pt><x>623</x><y>275</y><time>25-01-21 16:04:30:205</time></pt><pt><x>622</x><y>272</y><time>25-01-21 16:04:30:394</time></pt><pt><x>620</x><y>269</y><time>25-01-21 16:04:30:586</time></pt><pt><x>621</x><y>266</y><time>25-01-21 16:04:30:771</time></pt><pt><x>622</x><y>260</y><time>25-01-21 16:04:31:016</time></pt><pt><x>624</x><y>244</y><time>25-01-21 16:04:32:163</time></pt><pt><x>623</x><y>237</y><time>25-01-21 16:04:32:439</time></pt><pt><x>622</x><y>230</y><time>25-01-21 16:04:32:667</time></pt><pt><x>622</x><y>225</y><time>25-01-21 16:04:32:919</time></pt><pt><x>623</x><y>217</y><time>25-01-21 16:04:33:243</time></pt><pt><x>623</x><y>214</y><time>25-01-21 16:04:33:555</time></pt><pt><x>625</x><y>210</y><time>25-01-21 16:04:33:839</time></pt><pt><x>628</x><y>209</y><time>25-01-21 16:04:35:208</time></pt><pt><x>629</x><y>207</y><time>25-01-21 16:04:35:459</time></pt><pt><x>629</x><y>203</y><time>25-01-21 16:04:35:647</time></pt><pt><x>631</x><y>190</y><time>25-01-21 16:04:37:190</time></pt><pt><x>631</x><y>186</y><time>25-01-21 16:04:37:433</time></pt><pt><x>631</x><y>183</y><time>25-01-21 16:04:37:612</time></pt><pt><x>632</x><y>178</y><time>25-01-21 16:04:37:825</time></pt><pt><x>634</x><y>175</y><time>25-01-21 16:04:38:037</time></pt><pt><x>636</x><y>173</y><time>25-01-21 16:04:38:329</time></pt><pt><x>637</x><y>170</y><time>25-01-21 16:04:38:574</time></pt><pt><x>637</x><y>167</y><time>25-01-21 16:04:38:753</time></pt><pt><x>639</x><y>162</y><time>25-01-21 16:04:41:883</time></pt><pt><x>639</x><y>158</y><time>25-01-21 16:04:42:545</time></pt><pt><x>639</x><y>139</y><time>25-01-21 16:04:43:897</time></pt><pt><x>639</x><y>134</y><time>25-01-21 16:04:44:395</time></pt><pt><x>635</x><y>114</y><time>25-01-21 16:04:45:838</time></pt><pt><x>632</x><y>109</y><time>25-01-21 16:04:46:084</time></pt><pt><x>627</x><y>106</y><time>25-01-21 16:04:46:346</time></pt><pt><x>622</x><y>105</y><time>25-01-21 16:04:46:549</time></pt><pt><x>620</x><y>102</y><time>25-01-21 16:04:46:767</time></pt><pt><x>620</x><y>99</y><time>25-01-21 16:04:46:934</time></pt><pt><x>617</x><y>98</y><time>25-01-21 16:04:47:123</time></pt><pt><x>615</x><y>99</y><time>25-01-21 16:04:47:345</time></pt><pt><x>613</x><y>96</y><time>25-01-21 16:04:47:577</time></pt><pt><x>614</x><y>94</y><time>25-01-21 16:04:47:807</time></pt><pt><x>617</x><y>89</y><time>25-01-21 16:04:48:019</time></pt><pt><x>619</x><y>87</y><time>25-01-21 16:04:48:381</time></pt><pt><x>619</x><y>84</y><time>25-01-21 16:04:48:622</time></pt><pt><x>619</x><y>83</y><time>25-01-21 16:04:48:906</time></pt><closed_date>25-01-21 16:04:49:317</closed_date></polygon></object></annotation>