<annotation><filename>frame0034.jpg</filename><folder>users/lab605//7hao/human_20210119_4</folder><source><submittedBy>lab605</submittedBy></source><imagesize><nrows>480</nrows><ncols>640</ncols></imagesize><object><name>person</name><deleted>0</deleted><verified>0</verified><occluded>no</occluded><attributes></attributes><parts><hasparts></hasparts><ispartof></ispartof></parts><date>25-01-21 16:25:57:309</date><id>0</id><polygon><username>7hao</username><pt><x>405</x><y>14</y><time>25-01-21 16:24:20:618</time></pt><pt><x>404</x><y>12</y><time>25-01-21 16:24:20:934</time></pt><pt><x>404</x><y>10</y><time>25-01-21 16:24:21:133</time></pt><pt><x>403</x><y>8</y><time>25-01-21 16:24:21:382</time></pt><pt><x>401</x><y>6</y><time>25-01-21 16:24:21:618</time></pt><pt><x>399</x><y>5</y><time>25-01-21 16:24:21:893</time></pt><pt><x>398</x><y>3</y><time>25-01-21 16:24:22:083</time></pt><pt><x>397</x><y>1</y><time>25-01-21 16:24:22:340</time></pt><pt><x>396</x><y>0</y><time>25-01-21 16:24:23:111</time></pt><pt><x>373</x><y>0</y><time>25-01-21 16:24:24:763</time></pt><pt><x>371</x><y>5</y><time>25-01-21 16:24:25:548</time></pt><pt><x>370</x><y>9</y><time>25-01-21 16:24:25:871</time></pt><pt><x>370</x><y>17</y><time>25-01-21 16:24:26:233</time></pt><pt><x>371</x><y>24</y><time>25-01-21 16:24:26:675</time></pt><pt><x>373</x><y>28</y><time>25-01-21 16:24:27:011</time></pt><pt><x>375</x><y>33</y><time>25-01-21 16:24:27:365</time></pt><pt><x>375</x><y>36</y><time>25-01-21 16:24:27:718</time></pt><pt><x>363</x><y>43</y><time>25-01-21 16:24:29:206</time></pt><pt><x>358</x><y>52</y><time>25-01-21 16:24:32:817</time></pt><pt><x>356</x><y>57</y><time>25-01-21 16:24:33:072</time></pt><pt><x>356</x><y>64</y><time>25-01-21 16:24:33:349</time></pt><pt><x>358</x><y>68</y><time>25-01-21 16:24:33:611</time></pt><pt><x>360</x><y>70</y><time>25-01-21 16:24:33:963</time></pt><pt><x>360</x><y>74</y><time>25-01-21 16:24:34:229</time></pt><pt><x>360</x><y>77</y><time>25-01-21 16:24:34:444</time></pt><pt><x>358</x><y>82</y><time>25-01-21 16:24:34:758</time></pt><pt><x>357</x><y>89</y><time>25-01-21 16:24:35:104</time></pt><pt><x>359</x><y>97</y><time>25-01-21 16:24:35:535</time></pt><pt><x>357</x><y>108</y><time>25-01-21 16:24:36:785</time></pt><pt><x>356</x><y>117</y><time>25-01-21 16:24:37:062</time></pt><pt><x>355</x><y>131</y><time>25-01-21 16:24:37:452</time></pt><pt><x>354</x><y>149</y><time>25-01-21 16:24:38:970</time></pt><pt><x>353</x><y>156</y><time>25-01-21 16:24:39:295</time></pt><pt><x>351</x><y>164</y><time>25-01-21 16:24:39:704</time></pt><pt><x>352</x><y>167</y><time>25-01-21 16:24:39:868</time></pt><pt><x>355</x><y>169</y><time>25-01-21 16:24:40:144</time></pt><pt><x>357</x><y>174</y><time>25-01-21 16:24:40:482</time></pt><pt><x>355</x><y>177</y><time>25-01-21 16:24:41:677</time></pt><pt><x>356</x><y>184</y><time>25-01-21 16:24:41:903</time></pt><pt><x>359</x><y>187</y><time>25-01-21 16:24:42:130</time></pt><pt><x>362</x><y>194</y><time>25-01-21 16:24:42:509</time></pt><pt><x>360</x><y>202</y><time>25-01-21 16:24:43:697</time></pt><pt><x>359</x><y>211</y><time>25-01-21 16:24:43:894</time></pt><pt><x>359</x><y>222</y><time>25-01-21 16:24:44:177</time></pt><pt><x>358</x><y>225</y><time>25-01-21 16:24:44:443</time></pt><pt><x>352</x><y>228</y><time>25-01-21 16:24:44:745</time></pt><pt><x>349</x><y>230</y><time>25-01-21 16:24:44:939</time></pt><pt><x>347</x><y>238</y><time>25-01-21 16:24:46:001</time></pt><pt><x>346</x><y>244</y><time>25-01-21 16:24:46:190</time></pt><pt><x>343</x><y>251</y><time>25-01-21 16:24:46:486</time></pt><pt><x>337</x><y>264</y><time>25-01-21 16:24:47:016</time></pt><pt><x>333</x><y>269</y><time>25-01-21 16:24:47:415</time></pt><pt><x>327</x><y>280</y><time>25-01-21 16:24:52:187</time></pt><pt><x>320</x><y>292</y><time>25-01-21 16:24:52:588</time></pt><pt><x>320</x><y>301</y><time>25-01-21 16:24:53:241</time></pt><pt><x>320</x><y>310</y><time>25-01-21 16:24:53:787</time></pt><pt><x>323</x><y>315</y><time>25-01-21 16:24:54:248</time></pt><pt><x>329</x><y>322</y><time>25-01-21 16:24:55:263</time></pt><pt><x>336</x><y>324</y><time>25-01-21 16:24:55:568</time></pt><pt><x>341</x><y>325</y><time>25-01-21 16:24:55:812</time></pt><pt><x>349</x><y>325</y><time>25-01-21 16:24:56:200</time></pt><pt><x>357</x><y>325</y><time>25-01-21 16:24:56:605</time></pt><pt><x>359</x><y>324</y><time>25-01-21 16:24:56:904</time></pt><pt><x>360</x><y>322</y><time>25-01-21 16:24:57:251</time></pt><pt><x>359</x><y>318</y><time>25-01-21 16:24:57:667</time></pt><pt><x>356</x><y>315</y><time>25-01-21 16:24:58:031</time></pt><pt><x>352</x><y>313</y><time>25-01-21 16:24:58:321</time></pt><pt><x>350</x><y>311</y><time>25-01-21 16:24:58:604</time></pt><pt><x>349</x><y>309</y><time>25-01-21 16:24:58:910</time></pt><pt><x>349</x><y>307</y><time>25-01-21 16:24:59:224</time></pt><pt><x>350</x><y>304</y><time>25-01-21 16:24:59:493</time></pt><pt><x>352</x><y>300</y><time>25-01-21 16:24:59:887</time></pt><pt><x>352</x><y>296</y><time>25-01-21 16:25:00:144</time></pt><pt><x>352</x><y>292</y><time>25-01-21 16:25:00:397</time></pt><pt><x>354</x><y>288</y><time>25-01-21 16:25:00:711</time></pt><pt><x>356</x><y>283</y><time>25-01-21 16:25:01:151</time></pt><pt><x>358</x><y>275</y><time>25-01-21 16:25:02:786</time></pt><pt><x>363</x><y>271</y><time>25-01-21 16:25:03:196</time></pt><pt><x>367</x><y>266</y><time>25-01-21 16:25:03:596</time></pt><pt><x>371</x><y>260</y><time>25-01-21 16:25:03:904</time></pt><pt><x>375</x><y>254</y><time>25-01-21 16:25:04:290</time></pt><pt><x>382</x><y>241</y><time>25-01-21 16:25:05:437</time></pt><pt><x>383</x><y>238</y><time>25-01-21 16:25:05:648</time></pt><pt><x>385</x><y>235</y><time>25-01-21 16:25:05:957</time></pt><pt><x>388</x><y>236</y><time>25-01-21 16:25:06:193</time></pt><pt><x>389</x><y>243</y><time>25-01-21 16:25:06:532</time></pt><pt><x>390</x><y>249</y><time>25-01-21 16:25:06:878</time></pt><pt><x>393</x><y>258</y><time>25-01-21 16:25:07:279</time></pt><pt><x>394</x><y>264</y><time>25-01-21 16:25:07:670</time></pt><pt><x>398</x><y>276</y><time>25-01-21 16:25:09:087</time></pt><pt><x>399</x><y>283</y><time>25-01-21 16:25:09:462</time></pt><pt><x>400</x><y>286</y><time>25-01-21 16:25:09:652</time></pt><pt><x>401</x><y>290</y><time>25-01-21 16:25:09:841</time></pt><pt><x>401</x><y>295</y><time>25-01-21 16:25:10:225</time></pt><pt><x>401</x><y>299</y><time>25-01-21 16:25:11:632</time></pt><pt><x>405</x><y>303</y><time>25-01-21 16:25:11:956</time></pt><pt><x>404</x><y>310</y><time>25-01-21 16:25:12:372</time></pt><pt><x>402</x><y>314</y><time>25-01-21 16:25:12:576</time></pt><pt><x>401</x><y>318</y><time>25-01-21 16:25:12:797</time></pt><pt><x>402</x><y>321</y><time>25-01-21 16:25:13:024</time></pt><pt><x>409</x><y>323</y><time>25-01-21 16:25:13:389</time></pt><pt><x>417</x><y>322</y><time>25-01-21 16:25:13:708</time></pt><pt><x>443</x><y>322</y><time>25-01-21 16:25:15:704</time></pt><pt><x>447</x><y>320</y><time>25-01-21 16:25:16:029</time></pt><pt><x>450</x><y>318</y><time>25-01-21 16:25:16:270</time></pt><pt><x>451</x><y>315</y><time>25-01-21 16:25:16:555</time></pt><pt><x>450</x><y>313</y><time>25-01-21 16:25:16:783</time></pt><pt><x>448</x><y>311</y><time>25-01-21 16:25:17:027</time></pt><pt><x>444</x><y>310</y><time>25-01-21 16:25:17:263</time></pt><pt><x>439</x><y>308</y><time>25-01-21 16:25:17:536</time></pt><pt><x>437</x><y>306</y><time>25-01-21 16:25:17:773</time></pt><pt><x>436</x><y>302</y><time>25-01-21 16:25:18:019</time></pt><pt><x>436</x><y>297</y><time>25-01-21 16:25:18:302</time></pt><pt><x>431</x><y>289</y><time>25-01-21 16:25:18:868</time></pt><pt><x>423</x><y>276</y><time>25-01-21 16:25:20:194</time></pt><pt><x>419</x><y>273</y><time>25-01-21 16:25:20:440</time></pt><pt><x>419</x><y>265</y><time>25-01-21 16:25:20:659</time></pt><pt><x>421</x><y>259</y><time>25-01-21 16:25:20:941</time></pt><pt><x>421</x><y>241</y><time>25-01-21 16:25:22:091</time></pt><pt><x>420</x><y>233</y><time>25-01-21 16:25:22:348</time></pt><pt><x>418</x><y>229</y><time>25-01-21 16:25:22:560</time></pt><pt><x>418</x><y>222</y><time>25-01-21 16:25:23:236</time></pt><pt><x>418</x><y>220</y><time>25-01-21 16:25:23:441</time></pt><pt><x>420</x><y>202</y><time>25-01-21 16:25:37:083</time></pt><pt><x>416</x><y>194</y><time>25-01-21 16:25:37:445</time></pt><pt><x>412</x><y>188</y><time>25-01-21 16:25:37:664</time></pt><pt><x>408</x><y>176</y><time>25-01-21 16:25:38:270</time></pt><pt><x>408</x><y>162</y><time>25-01-21 16:25:39:811</time></pt><pt><x>411</x><y>157</y><time>25-01-21 16:25:40:023</time></pt><pt><x>414</x><y>154</y><time>25-01-21 16:25:40:228</time></pt><pt><x>415</x><y>148</y><time>25-01-21 16:25:40:433</time></pt><pt><x>415</x><y>142</y><time>25-01-21 16:25:40:715</time></pt><pt><x>415</x><y>137</y><time>25-01-21 16:25:41:044</time></pt><pt><x>422</x><y>139</y><time>25-01-21 16:25:41:414</time></pt><pt><x>427</x><y>145</y><time>25-01-21 16:25:41:803</time></pt><pt><x>431</x><y>147</y><time>25-01-21 16:25:42:013</time></pt><pt><x>434</x><y>148</y><time>25-01-21 16:25:42:185</time></pt><pt><x>436</x><y>152</y><time>25-01-21 16:25:42:444</time></pt><pt><x>436</x><y>155</y><time>25-01-21 16:25:42:640</time></pt><pt><x>434</x><y>156</y><time>25-01-21 16:25:42:911</time></pt><pt><x>435</x><y>158</y><time>25-01-21 16:25:43:185</time></pt><pt><x>440</x><y>159</y><time>25-01-21 16:25:43:435</time></pt><pt><x>446</x><y>159</y><time>25-01-21 16:25:43:759</time></pt><pt><x>449</x><y>156</y><time>25-01-21 16:25:44:032</time></pt><pt><x>450</x><y>152</y><time>25-01-21 16:25:44:269</time></pt><pt><x>448</x><y>146</y><time>25-01-21 16:25:44:546</time></pt><pt><x>445</x><y>142</y><time>25-01-21 16:25:44:797</time></pt><pt><x>440</x><y>138</y><time>25-01-21 16:25:45:048</time></pt><pt><x>436</x><y>133</y><time>25-01-21 16:25:45:346</time></pt><pt><x>419</x><y>111</y><time>25-01-21 16:25:46:881</time></pt><pt><x>409</x><y>97</y><time>25-01-21 16:25:47:289</time></pt><pt><x>404</x><y>90</y><time>25-01-21 16:25:48:506</time></pt><pt><x>403</x><y>84</y><time>25-01-21 16:25:48:735</time></pt><pt><x>405</x><y>73</y><time>25-01-21 16:25:49:027</time></pt><pt><x>403</x><y>66</y><time>25-01-21 16:25:49:584</time></pt><pt><x>399</x><y>54</y><time>25-01-21 16:25:50:575</time></pt><pt><x>398</x><y>50</y><time>25-01-21 16:25:50:787</time></pt><pt><x>401</x><y>47</y><time>25-01-21 16:25:51:024</time></pt><pt><x>409</x><y>44</y><time>25-01-21 16:25:51:408</time></pt><pt><x>409</x><y>39</y><time>25-01-21 16:25:51:808</time></pt><pt><x>410</x><y>31</y><time>25-01-21 16:25:52:534</time></pt><pt><x>409</x><y>28</y><time>25-01-21 16:25:52:728</time></pt><pt><x>407</x><y>25</y><time>25-01-21 16:25:52:935</time></pt><pt><x>407</x><y>22</y><time>25-01-21 16:25:53:185</time></pt><pt><x>407</x><y>19</y><time>25-01-21 16:25:53:422</time></pt><pt><x>406</x><y>16</y><time>25-01-21 16:25:53:705</time></pt><pt><x>405</x><y>15</y><time>25-01-21 16:25:54:089</time></pt><closed_date>25-01-21 16:25:54:590</closed_date></polygon></object><object><name>person</name><deleted>0</deleted><verified>0</verified><occluded>no</occluded><attributes></attributes><parts><hasparts></hasparts><ispartof></ispartof></parts><date>25-01-21 16:27:01:540</date><id>1</id><polygon><username>7hao</username><pt><x>442</x><y>187</y><time>25-01-21 16:26:10:511</time></pt><pt><x>442</x><y>182</y><time>25-01-21 16:26:10:821</time></pt><pt><x>444</x><y>179</y><time>25-01-21 16:26:11:091</time></pt><pt><x>444</x><y>176</y><time>25-01-21 16:26:11:411</time></pt><pt><x>442</x><y>174</y><time>25-01-21 16:26:11:709</time></pt><pt><x>440</x><y>172</y><time>25-01-21 16:26:11:826</time></pt><pt><x>441</x><y>168</y><time>25-01-21 16:26:12:112</time></pt><pt><x>441</x><y>166</y><time>25-01-21 16:26:12:315</time></pt><pt><x>442</x><y>164</y><time>25-01-21 16:26:12:958</time></pt><pt><x>441</x><y>162</y><time>25-01-21 16:26:13:165</time></pt><pt><x>439</x><y>161</y><time>25-01-21 16:26:13:463</time></pt><pt><x>436</x><y>159</y><time>25-01-21 16:26:14:149</time></pt><pt><x>433</x><y>158</y><time>25-01-21 16:26:14:626</time></pt><pt><x>433</x><y>156</y><time>25-01-21 16:26:15:091</time></pt><pt><x>433</x><y>154</y><time>25-01-21 16:26:15:617</time></pt><pt><x>435</x><y>153</y><time>25-01-21 16:26:16:630</time></pt><pt><x>435</x><y>151</y><time>25-01-21 16:26:17:069</time></pt><pt><x>434</x><y>149</y><time>25-01-21 16:26:17:573</time></pt><pt><x>431</x><y>148</y><time>25-01-21 16:26:18:094</time></pt><pt><x>425</x><y>145</y><time>25-01-21 16:26:19:808</time></pt><pt><x>423</x><y>142</y><time>25-01-21 16:26:20:281</time></pt><pt><x>421</x><y>140</y><time>25-01-21 16:26:20:829</time></pt><pt><x>418</x><y>139</y><time>25-01-21 16:26:21:333</time></pt><pt><x>417</x><y>139</y><time>25-01-21 16:26:24:783</time></pt><pt><x>416</x><y>142</y><time>25-01-21 16:26:25:215</time></pt><pt><x>416</x><y>145</y><time>25-01-21 16:26:25:758</time></pt><pt><x>416</x><y>149</y><time>25-01-21 16:26:28:761</time></pt><pt><x>415</x><y>152</y><time>25-01-21 16:26:29:179</time></pt><pt><x>415</x><y>155</y><time>25-01-21 16:26:29:679</time></pt><pt><x>414</x><y>156</y><time>25-01-21 16:26:30:151</time></pt><pt><x>412</x><y>158</y><time>25-01-21 16:26:30:614</time></pt><pt><x>410</x><y>161</y><time>25-01-21 16:26:31:054</time></pt><pt><x>409</x><y>163</y><time>25-01-21 16:26:31:425</time></pt><pt><x>409</x><y>166</y><time>25-01-21 16:26:31:875</time></pt><pt><x>409</x><y>173</y><time>25-01-21 16:26:33:587</time></pt><pt><x>409</x><y>176</y><time>25-01-21 16:26:34:018</time></pt><pt><x>412</x><y>184</y><time>25-01-21 16:26:38:082</time></pt><pt><x>414</x><y>188</y><time>25-01-21 16:26:38:617</time></pt><pt><x>416</x><y>192</y><time>25-01-21 16:26:39:167</time></pt><pt><x>419</x><y>197</y><time>25-01-21 16:26:39:908</time></pt><pt><x>421</x><y>202</y><time>25-01-21 16:26:43:112</time></pt><pt><x>421</x><y>204</y><time>25-01-21 16:26:43:686</time></pt><pt><x>421</x><y>208</y><time>25-01-21 16:26:44:143</time></pt><pt><x>420</x><y>213</y><time>25-01-21 16:26:44:867</time></pt><pt><x>422</x><y>212</y><time>25-01-21 16:26:46:014</time></pt><pt><x>425</x><y>216</y><time>25-01-21 16:26:46:360</time></pt><pt><x>429</x><y>224</y><time>25-01-21 16:26:46:926</time></pt><pt><x>439</x><y>240</y><time>25-01-21 16:26:47:989</time></pt><pt><x>442</x><y>248</y><time>25-01-21 16:26:48:342</time></pt><pt><x>445</x><y>254</y><time>25-01-21 16:26:48:737</time></pt><pt><x>449</x><y>259</y><time>25-01-21 16:26:49:026</time></pt><pt><x>453</x><y>265</y><time>25-01-21 16:26:49:412</time></pt><pt><x>455</x><y>268</y><time>25-01-21 16:26:49:670</time></pt><pt><x>456</x><y>275</y><time>25-01-21 16:26:50:017</time></pt><pt><x>456</x><y>281</y><time>25-01-21 16:26:50:440</time></pt><pt><x>452</x><y>283</y><time>25-01-21 16:26:50:816</time></pt><pt><x>450</x><y>284</y><time>25-01-21 16:26:51:061</time></pt><pt><x>452</x><y>288</y><time>25-01-21 16:26:51:430</time></pt><pt><x>457</x><y>289</y><time>25-01-21 16:26:51:822</time></pt><pt><x>463</x><y>288</y><time>25-01-21 16:26:52:192</time></pt><pt><x>469</x><y>286</y><time>25-01-21 16:26:52:532</time></pt><pt><x>473</x><y>280</y><time>25-01-21 16:26:53:004</time></pt><pt><x>475</x><y>275</y><time>25-01-21 16:26:53:373</time></pt><pt><x>474</x><y>271</y><time>25-01-21 16:26:53:625</time></pt><pt><x>469</x><y>267</y><time>25-01-21 16:26:53:908</time></pt><pt><x>466</x><y>263</y><time>25-01-21 16:26:54:180</time></pt><pt><x>464</x><y>257</y><time>25-01-21 16:26:54:409</time></pt><pt><x>456</x><y>238</y><time>25-01-21 16:26:55:573</time></pt><pt><x>451</x><y>230</y><time>25-01-21 16:26:55:894</time></pt><pt><x>445</x><y>220</y><time>25-01-21 16:26:56:208</time></pt><pt><x>442</x><y>213</y><time>25-01-21 16:26:56:533</time></pt><pt><x>441</x><y>210</y><time>25-01-21 16:26:56:627</time></pt><pt><x>441</x><y>202</y><time>25-01-21 16:26:56:974</time></pt><pt><x>442</x><y>191</y><time>25-01-21 16:26:58:252</time></pt><closed_date>25-01-21 16:26:58:937</closed_date></polygon></object><object><name>person</name><deleted>0</deleted><verified>0</verified><occluded>no</occluded><attributes></attributes><parts><hasparts></hasparts><ispartof></ispartof></parts><date>25-01-21 16:27:20:295</date><id>2</id><polygon><username>7hao</username><pt><x>396</x><y>276</y><time>25-01-21 16:27:07:668</time></pt><pt><x>392</x><y>278</y><time>25-01-21 16:27:08:128</time></pt><pt><x>389</x><y>280</y><time>25-01-21 16:27:08:585</time></pt><pt><x>385</x><y>281</y><time>25-01-21 16:27:08:899</time></pt><pt><x>382</x><y>281</y><time>25-01-21 16:27:09:229</time></pt><pt><x>380</x><y>282</y><time>25-01-21 16:27:09:491</time></pt><pt><x>380</x><y>284</y><time>25-01-21 16:27:09:735</time></pt><pt><x>382</x><y>287</y><time>25-01-21 16:27:09:990</time></pt><pt><x>386</x><y>287</y><time>25-01-21 16:27:10:320</time></pt><pt><x>393</x><y>287</y><time>25-01-21 16:27:10:692</time></pt><pt><x>397</x><y>288</y><time>25-01-21 16:27:11:091</time></pt><pt><x>400</x><y>288</y><time>25-01-21 16:27:11:697</time></pt><pt><x>398</x><y>285</y><time>25-01-21 16:27:12:632</time></pt><pt><x>398</x><y>283</y><time>25-01-21 16:27:13:207</time></pt><pt><x>398</x><y>280</y><time>25-01-21 16:27:13:850</time></pt><pt><x>398</x><y>278</y><time>25-01-21 16:27:14:503</time></pt><pt><x>397</x><y>276</y><time>25-01-21 16:27:15:068</time></pt><closed_date>25-01-21 16:27:15:894</closed_date></polygon></object><object><name>person</name><deleted>0</deleted><verified>0</verified><occluded>no</occluded><attributes></attributes><parts><hasparts></hasparts><ispartof></ispartof></parts><date>25-01-21 16:28:26:522</date><id>3</id><polygon><username>7hao</username><pt><x>613</x><y>69</y><time>25-01-21 16:27:25:319</time></pt><pt><x>612</x><y>65</y><time>25-01-21 16:27:25:667</time></pt><pt><x>608</x><y>62</y><time>25-01-21 16:27:25:957</time></pt><pt><x>604</x><y>60</y><time>25-01-21 16:27:26:274</time></pt><pt><x>597</x><y>59</y><time>25-01-21 16:27:26:620</time></pt><pt><x>592</x><y>60</y><time>25-01-21 16:27:26:856</time></pt><pt><x>587</x><y>64</y><time>25-01-21 16:27:27:074</time></pt><pt><x>585</x><y>67</y><time>25-01-21 16:27:27:324</time></pt><pt><x>585</x><y>71</y><time>25-01-21 16:27:27:576</time></pt><pt><x>585</x><y>76</y><time>25-01-21 16:27:27:798</time></pt><pt><x>584</x><y>81</y><time>25-01-21 16:27:28:048</time></pt><pt><x>585</x><y>85</y><time>25-01-21 16:27:28:284</time></pt><pt><x>587</x><y>89</y><time>25-01-21 16:27:28:514</time></pt><pt><x>584</x><y>91</y><time>25-01-21 16:27:28:826</time></pt><pt><x>582</x><y>95</y><time>25-01-21 16:27:29:188</time></pt><pt><x>580</x><y>99</y><time>25-01-21 16:27:29:512</time></pt><pt><x>576</x><y>100</y><time>25-01-21 16:27:29:771</time></pt><pt><x>571</x><y>102</y><time>25-01-21 16:27:30:016</time></pt><pt><x>567</x><y>108</y><time>25-01-21 16:27:30:304</time></pt><pt><x>563</x><y>127</y><time>25-01-21 16:27:32:012</time></pt><pt><x>562</x><y>133</y><time>25-01-21 16:27:32:309</time></pt><pt><x>559</x><y>151</y><time>25-01-21 16:27:33:448</time></pt><pt><x>559</x><y>160</y><time>25-01-21 16:27:33:669</time></pt><pt><x>560</x><y>166</y><time>25-01-21 16:27:33:858</time></pt><pt><x>561</x><y>170</y><time>25-01-21 16:27:34:132</time></pt><pt><x>562</x><y>173</y><time>25-01-21 16:27:34:354</time></pt><pt><x>564</x><y>179</y><time>25-01-21 16:27:34:644</time></pt><pt><x>564</x><y>183</y><time>25-01-21 16:27:34:951</time></pt><pt><x>564</x><y>192</y><time>25-01-21 16:27:35:994</time></pt><pt><x>564</x><y>200</y><time>25-01-21 16:27:36:192</time></pt><pt><x>563</x><y>206</y><time>25-01-21 16:27:36:396</time></pt><pt><x>562</x><y>211</y><time>25-01-21 16:27:36:578</time></pt><pt><x>563</x><y>214</y><time>25-01-21 16:27:36:744</time></pt><pt><x>562</x><y>224</y><time>25-01-21 16:27:37:285</time></pt><pt><x>560</x><y>232</y><time>25-01-21 16:27:37:780</time></pt><pt><x>557</x><y>243</y><time>25-01-21 16:27:38:841</time></pt><pt><x>556</x><y>253</y><time>25-01-21 16:27:39:028</time></pt><pt><x>557</x><y>259</y><time>25-01-21 16:27:39:321</time></pt><pt><x>555</x><y>264</y><time>25-01-21 16:27:39:634</time></pt><pt><x>552</x><y>265</y><time>25-01-21 16:27:39:919</time></pt><pt><x>547</x><y>265</y><time>25-01-21 16:27:40:169</time></pt><pt><x>545</x><y>268</y><time>25-01-21 16:27:40:336</time></pt><pt><x>541</x><y>269</y><time>25-01-21 16:27:40:611</time></pt><pt><x>537</x><y>269</y><time>25-01-21 16:27:40:821</time></pt><pt><x>536</x><y>272</y><time>25-01-21 16:27:41:018</time></pt><pt><x>540</x><y>278</y><time>25-01-21 16:27:41:946</time></pt><pt><x>542</x><y>280</y><time>25-01-21 16:27:42:150</time></pt><pt><x>550</x><y>282</y><time>25-01-21 16:27:42:386</time></pt><pt><x>556</x><y>284</y><time>25-01-21 16:27:42:708</time></pt><pt><x>560</x><y>285</y><time>25-01-21 16:27:43:006</time></pt><pt><x>565</x><y>286</y><time>25-01-21 16:27:43:706</time></pt><pt><x>565</x><y>283</y><time>25-01-21 16:27:43:943</time></pt><pt><x>566</x><y>281</y><time>25-01-21 16:27:44:140</time></pt><pt><x>566</x><y>277</y><time>25-01-21 16:27:44:420</time></pt><pt><x>566</x><y>275</y><time>25-01-21 16:27:44:642</time></pt><pt><x>566</x><y>271</y><time>25-01-21 16:27:44:839</time></pt><pt><x>566</x><y>268</y><time>25-01-21 16:27:45:050</time></pt><pt><x>568</x><y>259</y><time>25-01-21 16:27:45:426</time></pt><pt><x>571</x><y>249</y><time>25-01-21 16:27:46:537</time></pt><pt><x>573</x><y>245</y><time>25-01-21 16:27:46:764</time></pt><pt><x>576</x><y>242</y><time>25-01-21 16:27:47:062</time></pt><pt><x>576</x><y>235</y><time>25-01-21 16:27:47:338</time></pt><pt><x>576</x><y>230</y><time>25-01-21 16:27:47:542</time></pt><pt><x>576</x><y>225</y><time>25-01-21 16:27:47:809</time></pt><pt><x>580</x><y>221</y><time>25-01-21 16:27:48:060</time></pt><pt><x>583</x><y>214</y><time>25-01-21 16:27:48:516</time></pt><pt><x>583</x><y>211</y><time>25-01-21 16:27:48:760</time></pt><pt><x>586</x><y>209</y><time>25-01-21 16:27:48:988</time></pt><pt><x>588</x><y>206</y><time>25-01-21 16:27:50:577</time></pt><pt><x>588</x><y>202</y><time>25-01-21 16:27:50:818</time></pt><pt><x>590</x><y>198</y><time>25-01-21 16:27:51:120</time></pt><pt><x>590</x><y>195</y><time>25-01-21 16:27:51:897</time></pt><pt><x>593</x><y>195</y><time>25-01-21 16:27:52:205</time></pt><pt><x>595</x><y>197</y><time>25-01-21 16:27:52:446</time></pt><pt><x>596</x><y>200</y><time>25-01-21 16:27:52:650</time></pt><pt><x>597</x><y>206</y><time>25-01-21 16:27:52:928</time></pt><pt><x>598</x><y>209</y><time>25-01-21 16:27:53:163</time></pt><pt><x>599</x><y>214</y><time>25-01-21 16:27:53:343</time></pt><pt><x>600</x><y>221</y><time>25-01-21 16:27:53:626</time></pt><pt><x>603</x><y>232</y><time>25-01-21 16:27:54:796</time></pt><pt><x>603</x><y>239</y><time>25-01-21 16:27:55:206</time></pt><pt><x>603</x><y>244</y><time>25-01-21 16:27:55:402</time></pt><pt><x>605</x><y>252</y><time>25-01-21 16:27:55:638</time></pt><pt><x>607</x><y>259</y><time>25-01-21 16:27:55:946</time></pt><pt><x>608</x><y>265</y><time>25-01-21 16:27:56:227</time></pt><pt><x>607</x><y>273</y><time>25-01-21 16:27:57:467</time></pt><pt><x>607</x><y>277</y><time>25-01-21 16:27:57:642</time></pt><pt><x>607</x><y>280</y><time>25-01-21 16:27:57:808</time></pt><pt><x>608</x><y>283</y><time>25-01-21 16:27:58:059</time></pt><pt><x>611</x><y>284</y><time>25-01-21 16:27:58:294</time></pt><pt><x>613</x><y>285</y><time>25-01-21 16:27:58:490</time></pt><pt><x>615</x><y>286</y><time>25-01-21 16:27:58:680</time></pt><pt><x>619</x><y>286</y><time>25-01-21 16:27:58:838</time></pt><pt><x>622</x><y>286</y><time>25-01-21 16:27:59:083</time></pt><pt><x>626</x><y>286</y><time>25-01-21 16:27:59:419</time></pt><pt><x>628</x><y>283</y><time>25-01-21 16:27:59:844</time></pt><pt><x>627</x><y>281</y><time>25-01-21 16:28:00:166</time></pt><pt><x>625</x><y>278</y><time>25-01-21 16:28:00:384</time></pt><pt><x>621</x><y>273</y><time>25-01-21 16:28:00:816</time></pt><pt><x>618</x><y>269</y><time>25-01-21 16:28:01:102</time></pt><pt><x>617</x><y>267</y><time>25-01-21 16:28:01:296</time></pt><pt><x>617</x><y>263</y><time>25-01-21 16:28:01:500</time></pt><pt><x>618</x><y>257</y><time>25-01-21 16:28:01:805</time></pt><pt><x>619</x><y>241</y><time>25-01-21 16:28:02:861</time></pt><pt><x>618</x><y>234</y><time>25-01-21 16:28:03:088</time></pt><pt><x>616</x><y>227</y><time>25-01-21 16:28:03:300</time></pt><pt><x>615</x><y>218</y><time>25-01-21 16:28:03:807</time></pt><pt><x>617</x><y>213</y><time>25-01-21 16:28:05:094</time></pt><pt><x>618</x><y>211</y><time>25-01-21 16:28:05:328</time></pt><pt><x>622</x><y>209</y><time>25-01-21 16:28:05:580</time></pt><pt><x>622</x><y>205</y><time>25-01-21 16:28:05:794</time></pt><pt><x>621</x><y>202</y><time>25-01-21 16:28:10:610</time></pt><pt><x>620</x><y>197</y><time>25-01-21 16:28:10:910</time></pt><pt><x>621</x><y>193</y><time>25-01-21 16:28:11:082</time></pt><pt><x>623</x><y>185</y><time>25-01-21 16:28:11:649</time></pt><pt><x>623</x><y>182</y><time>25-01-21 16:28:11:900</time></pt><pt><x>622</x><y>178</y><time>25-01-21 16:28:12:138</time></pt><pt><x>626</x><y>172</y><time>25-01-21 16:28:12:731</time></pt><pt><x>631</x><y>161</y><time>25-01-21 16:28:16:106</time></pt><pt><x>634</x><y>152</y><time>25-01-21 16:28:16:474</time></pt><pt><x>636</x><y>143</y><time>25-01-21 16:28:16:884</time></pt><pt><x>636</x><y>133</y><time>25-01-21 16:28:17:253</time></pt><pt><x>634</x><y>118</y><time>25-01-21 16:28:18:494</time></pt><pt><x>632</x><y>105</y><time>25-01-21 16:28:19:296</time></pt><pt><x>627</x><y>100</y><time>25-01-21 16:28:19:588</time></pt><pt><x>620</x><y>96</y><time>25-01-21 16:28:19:948</time></pt><pt><x>615</x><y>94</y><time>25-01-21 16:28:20:350</time></pt><pt><x>614</x><y>91</y><time>25-01-21 16:28:21:748</time></pt><pt><x>610</x><y>90</y><time>25-01-21 16:28:21:986</time></pt><pt><x>608</x><y>89</y><time>25-01-21 16:28:22:306</time></pt><pt><x>607</x><y>85</y><time>25-01-21 16:28:22:534</time></pt><pt><x>610</x><y>81</y><time>25-01-21 16:28:22:761</time></pt><pt><x>612</x><y>79</y><time>25-01-21 16:28:23:071</time></pt><pt><x>613</x><y>76</y><time>25-01-21 16:28:23:282</time></pt><pt><x>613</x><y>74</y><time>25-01-21 16:28:23:470</time></pt><pt><x>613</x><y>72</y><time>25-01-21 16:28:23:792</time></pt><closed_date>25-01-21 16:28:24:247</closed_date></polygon></object><object><name>person</name><deleted>0</deleted><verified>0</verified><occluded>no</occluded><attributes></attributes><parts><hasparts></hasparts><ispartof></ispartof></parts><date>25-01-21 16:29:02:853</date><id>4</id><polygon><username>7hao</username><pt><x>408</x><y>92</y><time>25-01-21 16:28:42:106</time></pt><pt><x>408</x><y>88</y><time>25-01-21 16:28:42:423</time></pt><pt><x>408</x><y>86</y><time>25-01-21 16:28:42:628</time></pt><pt><x>408</x><y>82</y><time>25-01-21 16:28:42:872</time></pt><pt><x>409</x><y>79</y><time>25-01-21 16:28:43:039</time></pt><pt><x>412</x><y>77</y><time>25-01-21 16:28:43:258</time></pt><pt><x>414</x><y>76</y><time>25-01-21 16:28:43:487</time></pt><pt><x>416</x><y>75</y><time>25-01-21 16:28:43:642</time></pt><pt><x>418</x><y>73</y><time>25-01-21 16:28:43:832</time></pt><pt><x>421</x><y>72</y><time>25-01-21 16:28:44:052</time></pt><pt><x>424</x><y>73</y><time>25-01-21 16:28:44:257</time></pt><pt><x>427</x><y>75</y><time>25-01-21 16:28:44:561</time></pt><pt><x>429</x><y>78</y><time>25-01-21 16:28:44:767</time></pt><pt><x>432</x><y>82</y><time>25-01-21 16:28:45:058</time></pt><pt><x>434</x><y>87</y><time>25-01-21 16:28:45:308</time></pt><pt><x>435</x><y>91</y><time>25-01-21 16:28:45:528</time></pt><pt><x>432</x><y>96</y><time>25-01-21 16:28:45:821</time></pt><pt><x>429</x><y>99</y><time>25-01-21 16:28:46:024</time></pt><pt><x>428</x><y>103</y><time>25-01-21 16:28:46:371</time></pt><pt><x>431</x><y>107</y><time>25-01-21 16:28:46:692</time></pt><pt><x>437</x><y>111</y><time>25-01-21 16:28:47:032</time></pt><pt><x>440</x><y>115</y><time>25-01-21 16:28:47:313</time></pt><pt><x>442</x><y>117</y><time>25-01-21 16:28:47:504</time></pt><pt><x>445</x><y>121</y><time>25-01-21 16:28:48:658</time></pt><pt><x>445</x><y>126</y><time>25-01-21 16:28:48:956</time></pt><pt><x>445</x><y>131</y><time>25-01-21 16:28:49:186</time></pt><pt><x>444</x><y>136</y><time>25-01-21 16:28:49:475</time></pt><pt><x>444</x><y>139</y><time>25-01-21 16:28:49:718</time></pt><pt><x>442</x><y>139</y><time>25-01-21 16:28:51:053</time></pt><pt><x>439</x><y>136</y><time>25-01-21 16:28:52:030</time></pt><pt><x>415</x><y>104</y><time>25-01-21 16:28:56:999</time></pt><pt><x>415</x><y>103</y><time>25-01-21 16:28:57:697</time></pt><pt><x>415</x><y>102</y><time>25-01-21 16:28:57:948</time></pt><pt><x>413</x><y>101</y><time>25-01-21 16:28:58:366</time></pt><pt><x>411</x><y>98</y><time>25-01-21 16:28:58:954</time></pt><pt><x>410</x><y>97</y><time>25-01-21 16:28:59:379</time></pt><pt><x>409</x><y>95</y><time>25-01-21 16:28:59:715</time></pt><pt><x>408</x><y>93</y><time>25-01-21 16:29:00:165</time></pt><closed_date>25-01-21 16:29:00:520</closed_date></polygon></object></annotation>