<annotation><filename>frame0073.jpg</filename><folder>users/lab605//7hao/human_20210119_4</folder><source><submittedBy>lab605</submittedBy></source><imagesize><nrows>480</nrows><ncols>640</ncols></imagesize><object><name>person</name><deleted>0</deleted><verified>0</verified><occluded>no</occluded><attributes></attributes><parts><hasparts></hasparts><ispartof></ispartof></parts><date>26-01-21 14:29:14:543</date><id>0</id><polygon><username>7hao</username><pt><x>167</x><y>0</y><time>26-01-21 14:27:19:689</time></pt><pt><x>167</x><y>1</y><time>26-01-21 14:27:20:092</time></pt><pt><x>167</x><y>2</y><time>26-01-21 14:27:20:457</time></pt><pt><x>165</x><y>2</y><time>26-01-21 14:27:20:809</time></pt><pt><x>160</x><y>2</y><time>26-01-21 14:27:21:185</time></pt><pt><x>157</x><y>2</y><time>26-01-21 14:27:24:981</time></pt><pt><x>154</x><y>4</y><time>26-01-21 14:27:25:310</time></pt><pt><x>152</x><y>7</y><time>26-01-21 14:27:25:523</time></pt><pt><x>151</x><y>10</y><time>26-01-21 14:27:25:791</time></pt><pt><x>151</x><y>12</y><time>26-01-21 14:27:26:033</time></pt><pt><x>151</x><y>15</y><time>26-01-21 14:27:26:215</time></pt><pt><x>148</x><y>16</y><time>26-01-21 14:27:26:528</time></pt><pt><x>138</x><y>22</y><time>26-01-21 14:27:27:159</time></pt><pt><x>131</x><y>26</y><time>26-01-21 14:27:27:585</time></pt><pt><x>127</x><y>35</y><time>26-01-21 14:27:28:060</time></pt><pt><x>124</x><y>43</y><time>26-01-21 14:27:28:588</time></pt><pt><x>122</x><y>59</y><time>26-01-21 14:27:29:917</time></pt><pt><x>121</x><y>66</y><time>26-01-21 14:27:30:255</time></pt><pt><x>121</x><y>73</y><time>26-01-21 14:27:30:601</time></pt><pt><x>121</x><y>78</y><time>26-01-21 14:27:30:953</time></pt><pt><x>121</x><y>98</y><time>26-01-21 14:27:32:194</time></pt><pt><x>123</x><y>107</y><time>26-01-21 14:27:32:575</time></pt><pt><x>130</x><y>119</y><time>26-01-21 14:27:35:432</time></pt><pt><x>133</x><y>125</y><time>26-01-21 14:27:35:740</time></pt><pt><x>134</x><y>130</y><time>26-01-21 14:27:36:108</time></pt><pt><x>133</x><y>132</y><time>26-01-21 14:27:36:275</time></pt><pt><x>134</x><y>135</y><time>26-01-21 14:27:36:423</time></pt><pt><x>136</x><y>140</y><time>26-01-21 14:27:36:842</time></pt><pt><x>137</x><y>142</y><time>26-01-21 14:27:37:053</time></pt><pt><x>139</x><y>143</y><time>26-01-21 14:27:37:193</time></pt><pt><x>140</x><y>144</y><time>26-01-21 14:27:37:387</time></pt><pt><x>142</x><y>148</y><time>26-01-21 14:27:38:170</time></pt><pt><x>143</x><y>162</y><time>26-01-21 14:27:41:084</time></pt><pt><x>143</x><y>166</y><time>26-01-21 14:27:41:366</time></pt><pt><x>144</x><y>168</y><time>26-01-21 14:27:41:535</time></pt><pt><x>144</x><y>171</y><time>26-01-21 14:27:41:775</time></pt><pt><x>144</x><y>173</y><time>26-01-21 14:27:41:948</time></pt><pt><x>145</x><y>176</y><time>26-01-21 14:27:42:177</time></pt><pt><x>145</x><y>178</y><time>26-01-21 14:27:42:350</time></pt><pt><x>146</x><y>188</y><time>26-01-21 14:27:43:778</time></pt><pt><x>145</x><y>195</y><time>26-01-21 14:27:44:292</time></pt><pt><x>145</x><y>198</y><time>26-01-21 14:27:44:471</time></pt><pt><x>146</x><y>200</y><time>26-01-21 14:27:44:699</time></pt><pt><x>147</x><y>202</y><time>26-01-21 14:27:44:903</time></pt><pt><x>148</x><y>203</y><time>26-01-21 14:27:45:122</time></pt><pt><x>150</x><y>206</y><time>26-01-21 14:27:45:557</time></pt><pt><x>150</x><y>211</y><time>26-01-21 14:27:45:864</time></pt><pt><x>150</x><y>222</y><time>26-01-21 14:27:47:199</time></pt><pt><x>147</x><y>229</y><time>26-01-21 14:27:47:496</time></pt><pt><x>145</x><y>237</y><time>26-01-21 14:27:47:952</time></pt><pt><x>144</x><y>250</y><time>26-01-21 14:27:49:093</time></pt><pt><x>144</x><y>263</y><time>26-01-21 14:27:49:667</time></pt><pt><x>145</x><y>271</y><time>26-01-21 14:27:50:130</time></pt><pt><x>147</x><y>283</y><time>26-01-21 14:27:51:206</time></pt><pt><x>150</x><y>291</y><time>26-01-21 14:27:51:561</time></pt><pt><x>150</x><y>296</y><time>26-01-21 14:27:51:781</time></pt><pt><x>150</x><y>301</y><time>26-01-21 14:27:52:088</time></pt><pt><x>150</x><y>305</y><time>26-01-21 14:27:52:420</time></pt><pt><x>148</x><y>308</y><time>26-01-21 14:27:52:778</time></pt><pt><x>146</x><y>311</y><time>26-01-21 14:27:54:294</time></pt><pt><x>145</x><y>313</y><time>26-01-21 14:27:54:499</time></pt><pt><x>144</x><y>315</y><time>26-01-21 14:27:54:734</time></pt><pt><x>143</x><y>316</y><time>26-01-21 14:27:54:900</time></pt><pt><x>141</x><y>317</y><time>26-01-21 14:27:55:150</time></pt><pt><x>140</x><y>318</y><time>26-01-21 14:27:55:300</time></pt><pt><x>140</x><y>321</y><time>26-01-21 14:27:55:468</time></pt><pt><x>140</x><y>324</y><time>26-01-21 14:27:55:663</time></pt><pt><x>142</x><y>326</y><time>26-01-21 14:27:55:992</time></pt><pt><x>145</x><y>327</y><time>26-01-21 14:27:56:204</time></pt><pt><x>147</x><y>328</y><time>26-01-21 14:27:56:384</time></pt><pt><x>148</x><y>329</y><time>26-01-21 14:27:56:518</time></pt><pt><x>150</x><y>330</y><time>26-01-21 14:27:56:714</time></pt><pt><x>156</x><y>330</y><time>26-01-21 14:27:56:991</time></pt><pt><x>162</x><y>330</y><time>26-01-21 14:27:57:251</time></pt><pt><x>164</x><y>328</y><time>26-01-21 14:27:57:660</time></pt><pt><x>164</x><y>326</y><time>26-01-21 14:27:57:769</time></pt><pt><x>164</x><y>321</y><time>26-01-21 14:27:58:037</time></pt><pt><x>167</x><y>313</y><time>26-01-21 14:27:59:137</time></pt><pt><x>167</x><y>308</y><time>26-01-21 14:27:59:405</time></pt><pt><x>166</x><y>304</y><time>26-01-21 14:27:59:585</time></pt><pt><x>163</x><y>297</y><time>26-01-21 14:27:59:923</time></pt><pt><x>162</x><y>290</y><time>26-01-21 14:28:04:911</time></pt><pt><x>163</x><y>280</y><time>26-01-21 14:28:05:234</time></pt><pt><x>166</x><y>269</y><time>26-01-21 14:28:05:673</time></pt><pt><x>169</x><y>259</y><time>26-01-21 14:28:06:161</time></pt><pt><x>170</x><y>244</y><time>26-01-21 14:28:07:215</time></pt><pt><x>170</x><y>236</y><time>26-01-21 14:28:07:529</time></pt><pt><x>171</x><y>232</y><time>26-01-21 14:28:07:742</time></pt><pt><x>174</x><y>224</y><time>26-01-21 14:28:08:276</time></pt><pt><x>176</x><y>213</y><time>26-01-21 14:28:09:289</time></pt><pt><x>176</x><y>206</y><time>26-01-21 14:28:09:573</time></pt><pt><x>177</x><y>201</y><time>26-01-21 14:28:09:799</time></pt><pt><x>177</x><y>199</y><time>26-01-21 14:28:10:005</time></pt><pt><x>178</x><y>198</y><time>26-01-21 14:28:14:259</time></pt><pt><x>178</x><y>195</y><time>26-01-21 14:28:14:633</time></pt><pt><x>179</x><y>191</y><time>26-01-21 14:28:15:318</time></pt><pt><x>179</x><y>187</y><time>26-01-21 14:28:15:706</time></pt><pt><x>181</x><y>186</y><time>26-01-21 14:28:16:036</time></pt><pt><x>181</x><y>189</y><time>26-01-21 14:28:16:380</time></pt><pt><x>181</x><y>192</y><time>26-01-21 14:28:16:600</time></pt><pt><x>181</x><y>196</y><time>26-01-21 14:28:16:952</time></pt><pt><x>181</x><y>198</y><time>26-01-21 14:28:17:150</time></pt><pt><x>181</x><y>205</y><time>26-01-21 14:28:17:466</time></pt><pt><x>181</x><y>215</y><time>26-01-21 14:28:17:952</time></pt><pt><x>181</x><y>221</y><time>26-01-21 14:28:18:250</time></pt><pt><x>182</x><y>227</y><time>26-01-21 14:28:18:438</time></pt><pt><x>183</x><y>231</y><time>26-01-21 14:28:18:705</time></pt><pt><x>182</x><y>237</y><time>26-01-21 14:28:19:090</time></pt><pt><x>181</x><y>248</y><time>26-01-21 14:28:20:214</time></pt><pt><x>180</x><y>256</y><time>26-01-21 14:28:20:498</time></pt><pt><x>181</x><y>263</y><time>26-01-21 14:28:20:764</time></pt><pt><x>183</x><y>278</y><time>26-01-21 14:28:21:810</time></pt><pt><x>183</x><y>287</y><time>26-01-21 14:28:22:134</time></pt><pt><x>182</x><y>296</y><time>26-01-21 14:28:22:620</time></pt><pt><x>181</x><y>306</y><time>26-01-21 14:28:23:838</time></pt><pt><x>178</x><y>310</y><time>26-01-21 14:28:24:010</time></pt><pt><x>177</x><y>312</y><time>26-01-21 14:28:24:160</time></pt><pt><x>176</x><y>318</y><time>26-01-21 14:28:24:450</time></pt><pt><x>177</x><y>323</y><time>26-01-21 14:28:24:727</time></pt><pt><x>177</x><y>328</y><time>26-01-21 14:28:25:158</time></pt><pt><x>180</x><y>330</y><time>26-01-21 14:28:25:538</time></pt><pt><x>184</x><y>330</y><time>26-01-21 14:28:25:866</time></pt><pt><x>195</x><y>329</y><time>26-01-21 14:28:26:226</time></pt><pt><x>206</x><y>326</y><time>26-01-21 14:28:26:682</time></pt><pt><x>217</x><y>324</y><time>26-01-21 14:28:27:344</time></pt><pt><x>217</x><y>320</y><time>26-01-21 14:28:27:650</time></pt><pt><x>216</x><y>317</y><time>26-01-21 14:28:27:862</time></pt><pt><x>212</x><y>314</y><time>26-01-21 14:28:28:139</time></pt><pt><x>203</x><y>310</y><time>26-01-21 14:28:28:490</time></pt><pt><x>199</x><y>307</y><time>26-01-21 14:28:28:796</time></pt><pt><x>195</x><y>302</y><time>26-01-21 14:28:29:142</time></pt><pt><x>195</x><y>297</y><time>26-01-21 14:28:29:410</time></pt><pt><x>199</x><y>286</y><time>26-01-21 14:28:29:896</time></pt><pt><x>205</x><y>265</y><time>26-01-21 14:28:31:391</time></pt><pt><x>206</x><y>256</y><time>26-01-21 14:28:36:365</time></pt><pt><x>207</x><y>247</y><time>26-01-21 14:28:37:032</time></pt><pt><x>206</x><y>239</y><time>26-01-21 14:28:37:474</time></pt><pt><x>205</x><y>228</y><time>26-01-21 14:28:38:314</time></pt><pt><x>205</x><y>222</y><time>26-01-21 14:28:38:707</time></pt><pt><x>207</x><y>216</y><time>26-01-21 14:28:39:133</time></pt><pt><x>209</x><y>210</y><time>26-01-21 14:28:39:808</time></pt><pt><x>210</x><y>207</y><time>26-01-21 14:28:41:841</time></pt><pt><x>215</x><y>207</y><time>26-01-21 14:28:42:457</time></pt><pt><x>217</x><y>203</y><time>26-01-21 14:28:42:810</time></pt><pt><x>220</x><y>191</y><time>26-01-21 14:28:43:573</time></pt><pt><x>226</x><y>167</y><time>26-01-21 14:28:44:718</time></pt><pt><x>228</x><y>156</y><time>26-01-21 14:28:45:842</time></pt><pt><x>228</x><y>152</y><time>26-01-21 14:28:46:181</time></pt><pt><x>228</x><y>150</y><time>26-01-21 14:28:46:410</time></pt><pt><x>230</x><y>145</y><time>26-01-21 14:28:46:823</time></pt><pt><x>232</x><y>141</y><time>26-01-21 14:28:47:235</time></pt><pt><x>233</x><y>140</y><time>26-01-21 14:28:47:464</time></pt><pt><x>234</x><y>138</y><time>26-01-21 14:28:47:691</time></pt><pt><x>234</x><y>136</y><time>26-01-21 14:28:47:869</time></pt><pt><x>235</x><y>130</y><time>26-01-21 14:28:52:686</time></pt><pt><x>237</x><y>119</y><time>26-01-21 14:28:53:645</time></pt><pt><x>236</x><y>110</y><time>26-01-21 14:28:54:156</time></pt><pt><x>235</x><y>89</y><time>26-01-21 14:28:55:170</time></pt><pt><x>233</x><y>77</y><time>26-01-21 14:28:55:695</time></pt><pt><x>230</x><y>51</y><time>26-01-21 14:28:56:829</time></pt><pt><x>226</x><y>37</y><time>26-01-21 14:28:58:306</time></pt><pt><x>222</x><y>29</y><time>26-01-21 14:28:59:169</time></pt><pt><x>218</x><y>25</y><time>26-01-21 14:28:59:633</time></pt><pt><x>211</x><y>20</y><time>26-01-21 14:29:00:436</time></pt><pt><x>210</x><y>19</y><time>26-01-21 14:29:00:897</time></pt><pt><x>208</x><y>16</y><time>26-01-21 14:29:01:253</time></pt><pt><x>203</x><y>14</y><time>26-01-21 14:29:03:163</time></pt><pt><x>201</x><y>10</y><time>26-01-21 14:29:05:724</time></pt><pt><x>201</x><y>8</y><time>26-01-21 14:29:05:975</time></pt><pt><x>202</x><y>4</y><time>26-01-21 14:29:06:320</time></pt><pt><x>202</x><y>2</y><time>26-01-21 14:29:06:628</time></pt><pt><x>202</x><y>0</y><time>26-01-21 14:29:07:641</time></pt><closed_date>26-01-21 14:29:12:024</closed_date></polygon></object><object><name>person</name><deleted>0</deleted><verified>0</verified><occluded>no</occluded><attributes></attributes><parts><hasparts></hasparts><ispartof></ispartof></parts><date>26-01-21 14:30:34:762</date><id>1</id><polygon><username>7hao</username><pt><x>393</x><y>62</y><time>26-01-21 14:29:18:460</time></pt><pt><x>387</x><y>61</y><time>26-01-21 14:29:18:824</time></pt><pt><x>378</x><y>60</y><time>26-01-21 14:29:19:287</time></pt><pt><x>373</x><y>62</y><time>26-01-21 14:29:19:628</time></pt><pt><x>368</x><y>66</y><time>26-01-21 14:29:19:996</time></pt><pt><x>365</x><y>71</y><time>26-01-21 14:29:20:302</time></pt><pt><x>365</x><y>74</y><time>26-01-21 14:29:20:521</time></pt><pt><x>366</x><y>78</y><time>26-01-21 14:29:20:804</time></pt><pt><x>368</x><y>81</y><time>26-01-21 14:29:21:048</time></pt><pt><x>370</x><y>83</y><time>26-01-21 14:29:21:262</time></pt><pt><x>370</x><y>85</y><time>26-01-21 14:29:21:472</time></pt><pt><x>371</x><y>87</y><time>26-01-21 14:29:21:668</time></pt><pt><x>371</x><y>91</y><time>26-01-21 14:29:22:022</time></pt><pt><x>369</x><y>95</y><time>26-01-21 14:29:22:339</time></pt><pt><x>368</x><y>98</y><time>26-01-21 14:29:22:746</time></pt><pt><x>366</x><y>101</y><time>26-01-21 14:29:23:116</time></pt><pt><x>363</x><y>101</y><time>26-01-21 14:29:24:436</time></pt><pt><x>359</x><y>102</y><time>26-01-21 14:29:24:701</time></pt><pt><x>356</x><y>104</y><time>26-01-21 14:29:24:878</time></pt><pt><x>353</x><y>111</y><time>26-01-21 14:29:25:206</time></pt><pt><x>349</x><y>122</y><time>26-01-21 14:29:25:616</time></pt><pt><x>348</x><y>129</y><time>26-01-21 14:29:25:944</time></pt><pt><x>351</x><y>135</y><time>26-01-21 14:29:26:330</time></pt><pt><x>357</x><y>139</y><time>26-01-21 14:29:26:722</time></pt><pt><x>360</x><y>139</y><time>26-01-21 14:29:27:004</time></pt><pt><x>360</x><y>151</y><time>26-01-21 14:29:28:568</time></pt><pt><x>360</x><y>162</y><time>26-01-21 14:29:29:152</time></pt><pt><x>360</x><y>172</y><time>26-01-21 14:29:30:164</time></pt><pt><x>359</x><y>178</y><time>26-01-21 14:29:30:494</time></pt><pt><x>358</x><y>185</y><time>26-01-21 14:29:30:911</time></pt><pt><x>357</x><y>195</y><time>26-01-21 14:29:31:516</time></pt><pt><x>358</x><y>201</y><time>26-01-21 14:29:31:912</time></pt><pt><x>357</x><y>212</y><time>26-01-21 14:29:33:338</time></pt><pt><x>358</x><y>221</y><time>26-01-21 14:29:33:777</time></pt><pt><x>360</x><y>237</y><time>26-01-21 14:29:35:304</time></pt><pt><x>359</x><y>241</y><time>26-01-21 14:29:35:696</time></pt><pt><x>357</x><y>245</y><time>26-01-21 14:29:35:878</time></pt><pt><x>356</x><y>251</y><time>26-01-21 14:29:36:186</time></pt><pt><x>356</x><y>260</y><time>26-01-21 14:29:37:222</time></pt><pt><x>356</x><y>265</y><time>26-01-21 14:29:37:411</time></pt><pt><x>356</x><y>267</y><time>26-01-21 14:29:37:566</time></pt><pt><x>356</x><y>270</y><time>26-01-21 14:29:37:710</time></pt><pt><x>356</x><y>273</y><time>26-01-21 14:29:37:904</time></pt><pt><x>355</x><y>275</y><time>26-01-21 14:29:38:087</time></pt><pt><x>355</x><y>278</y><time>26-01-21 14:29:38:250</time></pt><pt><x>356</x><y>281</y><time>26-01-21 14:29:38:427</time></pt><pt><x>356</x><y>284</y><time>26-01-21 14:29:38:690</time></pt><pt><x>355</x><y>289</y><time>26-01-21 14:29:39:153</time></pt><pt><x>353</x><y>295</y><time>26-01-21 14:29:40:221</time></pt><pt><x>351</x><y>297</y><time>26-01-21 14:29:40:516</time></pt><pt><x>350</x><y>298</y><time>26-01-21 14:29:40:670</time></pt><pt><x>349</x><y>300</y><time>26-01-21 14:29:40:852</time></pt><pt><x>348</x><y>302</y><time>26-01-21 14:29:41:002</time></pt><pt><x>348</x><y>303</y><time>26-01-21 14:29:41:126</time></pt><pt><x>349</x><y>304</y><time>26-01-21 14:29:41:301</time></pt><pt><x>354</x><y>304</y><time>26-01-21 14:29:41:615</time></pt><pt><x>358</x><y>304</y><time>26-01-21 14:29:41:833</time></pt><pt><x>363</x><y>304</y><time>26-01-21 14:29:42:094</time></pt><pt><x>365</x><y>303</y><time>26-01-21 14:29:42:393</time></pt><pt><x>365</x><y>302</y><time>26-01-21 14:29:42:550</time></pt><pt><x>368</x><y>302</y><time>26-01-21 14:29:42:761</time></pt><pt><x>368</x><y>299</y><time>26-01-21 14:29:42:990</time></pt><pt><x>368</x><y>294</y><time>26-01-21 14:29:43:223</time></pt><pt><x>368</x><y>289</y><time>26-01-21 14:29:43:696</time></pt><pt><x>370</x><y>281</y><time>26-01-21 14:29:44:152</time></pt><pt><x>374</x><y>265</y><time>26-01-21 14:29:45:198</time></pt><pt><x>375</x><y>255</y><time>26-01-21 14:29:45:550</time></pt><pt><x>375</x><y>248</y><time>26-01-21 14:29:45:930</time></pt><pt><x>379</x><y>230</y><time>26-01-21 14:29:47:076</time></pt><pt><x>382</x><y>218</y><time>26-01-21 14:29:47:689</time></pt><pt><x>381</x><y>228</y><time>26-01-21 14:29:48:591</time></pt><pt><x>381</x><y>231</y><time>26-01-21 14:29:48:804</time></pt><pt><x>381</x><y>233</y><time>26-01-21 14:29:48:963</time></pt><pt><x>382</x><y>235</y><time>26-01-21 14:29:49:142</time></pt><pt><x>382</x><y>242</y><time>26-01-21 14:29:49:520</time></pt><pt><x>382</x><y>276</y><time>26-01-21 14:29:51:060</time></pt><pt><x>382</x><y>280</y><time>26-01-21 14:29:51:684</time></pt><pt><x>383</x><y>282</y><time>26-01-21 14:29:51:853</time></pt><pt><x>384</x><y>285</y><time>26-01-21 14:29:52:058</time></pt><pt><x>384</x><y>287</y><time>26-01-21 14:29:52:286</time></pt><pt><x>385</x><y>290</y><time>26-01-21 14:29:52:506</time></pt><pt><x>384</x><y>291</y><time>26-01-21 14:29:52:655</time></pt><pt><x>384</x><y>296</y><time>26-01-21 14:29:53:857</time></pt><pt><x>383</x><y>298</y><time>26-01-21 14:29:54:039</time></pt><pt><x>383</x><y>301</y><time>26-01-21 14:29:54:198</time></pt><pt><x>387</x><y>301</y><time>26-01-21 14:29:54:408</time></pt><pt><x>389</x><y>302</y><time>26-01-21 14:29:54:752</time></pt><pt><x>394</x><y>304</y><time>26-01-21 14:29:55:098</time></pt><pt><x>403</x><y>304</y><time>26-01-21 14:29:55:537</time></pt><pt><x>406</x><y>303</y><time>26-01-21 14:29:55:884</time></pt><pt><x>405</x><y>300</y><time>26-01-21 14:29:56:096</time></pt><pt><x>402</x><y>295</y><time>26-01-21 14:29:56:475</time></pt><pt><x>397</x><y>289</y><time>26-01-21 14:29:56:865</time></pt><pt><x>396</x><y>285</y><time>26-01-21 14:29:57:183</time></pt><pt><x>397</x><y>281</y><time>26-01-21 14:29:57:557</time></pt><pt><x>398</x><y>278</y><time>26-01-21 14:29:57:801</time></pt><pt><x>398</x><y>275</y><time>26-01-21 14:29:58:242</time></pt><pt><x>400</x><y>263</y><time>26-01-21 14:29:59:397</time></pt><pt><x>401</x><y>248</y><time>26-01-21 14:30:00:231</time></pt><pt><x>401</x><y>245</y><time>26-01-21 14:30:00:537</time></pt><pt><x>400</x><y>241</y><time>26-01-21 14:30:00:771</time></pt><pt><x>400</x><y>238</y><time>26-01-21 14:30:01:048</time></pt><pt><x>402</x><y>234</y><time>26-01-21 14:30:01:385</time></pt><pt><x>403</x><y>218</y><time>26-01-21 14:30:02:732</time></pt><pt><x>405</x><y>209</y><time>26-01-21 14:30:03:202</time></pt><pt><x>409</x><y>188</y><time>26-01-21 14:30:04:405</time></pt><pt><x>409</x><y>182</y><time>26-01-21 14:30:04:639</time></pt><pt><x>409</x><y>179</y><time>26-01-21 14:30:04:796</time></pt><pt><x>408</x><y>176</y><time>26-01-21 14:30:05:007</time></pt><pt><x>408</x><y>173</y><time>26-01-21 14:30:05:197</time></pt><pt><x>408</x><y>171</y><time>26-01-21 14:30:05:371</time></pt><pt><x>409</x><y>168</y><time>26-01-21 14:30:05:558</time></pt><pt><x>409</x><y>166</y><time>26-01-21 14:30:05:770</time></pt><pt><x>410</x><y>162</y><time>26-01-21 14:30:06:344</time></pt><pt><x>409</x><y>160</y><time>26-01-21 14:30:06:542</time></pt><pt><x>408</x><y>158</y><time>26-01-21 14:30:06:731</time></pt><pt><x>408</x><y>156</y><time>26-01-21 14:30:06:925</time></pt><pt><x>408</x><y>155</y><time>26-01-21 14:30:07:097</time></pt><pt><x>407</x><y>148</y><time>26-01-21 14:30:08:567</time></pt><pt><x>407</x><y>143</y><time>26-01-21 14:30:12:065</time></pt><pt><x>407</x><y>141</y><time>26-01-21 14:30:12:347</time></pt><pt><x>408</x><y>141</y><time>26-01-21 14:30:12:465</time></pt><pt><x>413</x><y>157</y><time>26-01-21 14:30:14:173</time></pt><pt><x>417</x><y>173</y><time>26-01-21 14:30:15:059</time></pt><pt><x>418</x><y>178</y><time>26-01-21 14:30:15:350</time></pt><pt><x>418</x><y>180</y><time>26-01-21 14:30:15:493</time></pt><pt><x>419</x><y>182</y><time>26-01-21 14:30:15:656</time></pt><pt><x>419</x><y>184</y><time>26-01-21 14:30:15:875</time></pt><pt><x>418</x><y>188</y><time>26-01-21 14:30:17:117</time></pt><pt><x>417</x><y>192</y><time>26-01-21 14:30:17:298</time></pt><pt><x>418</x><y>196</y><time>26-01-21 14:30:17:464</time></pt><pt><x>420</x><y>200</y><time>26-01-21 14:30:17:770</time></pt><pt><x>423</x><y>201</y><time>26-01-21 14:30:18:091</time></pt><pt><x>426</x><y>199</y><time>26-01-21 14:30:18:295</time></pt><pt><x>428</x><y>192</y><time>26-01-21 14:30:19:065</time></pt><pt><x>428</x><y>188</y><time>26-01-21 14:30:19:277</time></pt><pt><x>428</x><y>186</y><time>26-01-21 14:30:19:491</time></pt><pt><x>428</x><y>182</y><time>26-01-21 14:30:19:687</time></pt><pt><x>428</x><y>180</y><time>26-01-21 14:30:19:883</time></pt><pt><x>429</x><y>179</y><time>26-01-21 14:30:20:080</time></pt><pt><x>429</x><y>174</y><time>26-01-21 14:30:20:332</time></pt><pt><x>428</x><y>168</y><time>26-01-21 14:30:20:687</time></pt><pt><x>426</x><y>155</y><time>26-01-21 14:30:22:044</time></pt><pt><x>423</x><y>134</y><time>26-01-21 14:30:23:357</time></pt><pt><x>422</x><y>124</y><time>26-01-21 14:30:24:104</time></pt><pt><x>418</x><y>115</y><time>26-01-21 14:30:24:772</time></pt><pt><x>416</x><y>108</y><time>26-01-21 14:30:25:251</time></pt><pt><x>414</x><y>105</y><time>26-01-21 14:30:25:723</time></pt><pt><x>407</x><y>103</y><time>26-01-21 14:30:26:297</time></pt><pt><x>399</x><y>99</y><time>26-01-21 14:30:27:749</time></pt><pt><x>394</x><y>97</y><time>26-01-21 14:30:28:064</time></pt><pt><x>393</x><y>94</y><time>26-01-21 14:30:28:301</time></pt><pt><x>395</x><y>90</y><time>26-01-21 14:30:28:495</time></pt><pt><x>395</x><y>85</y><time>26-01-21 14:30:29:643</time></pt><pt><x>397</x><y>84</y><time>26-01-21 14:30:29:934</time></pt><pt><x>398</x><y>83</y><time>26-01-21 14:30:30:145</time></pt><pt><x>398</x><y>79</y><time>26-01-21 14:30:30:357</time></pt><pt><x>397</x><y>73</y><time>26-01-21 14:30:31:049</time></pt><pt><x>397</x><y>69</y><time>26-01-21 14:30:31:412</time></pt><pt><x>395</x><y>65</y><time>26-01-21 14:30:31:771</time></pt><pt><x>394</x><y>63</y><time>26-01-21 14:30:32:173</time></pt><closed_date>26-01-21 14:30:32:533</closed_date></polygon></object><object><name>person</name><deleted>0</deleted><verified>0</verified><occluded>no</occluded><attributes></attributes><parts><hasparts></hasparts><ispartof></ispartof></parts><date>26-01-21 14:30:55:011</date><id>2</id><polygon><username>7hao</username><pt><x>640</x><y>10</y><time>26-01-21 14:30:40:877</time></pt><pt><x>638</x><y>14</y><time>26-01-21 14:30:41:281</time></pt><pt><x>637</x><y>18</y><time>26-01-21 14:30:41:571</time></pt><pt><x>636</x><y>23</y><time>26-01-21 14:30:41:917</time></pt><pt><x>636</x><y>28</y><time>26-01-21 14:30:42:223</time></pt><pt><x>637</x><y>33</y><time>26-01-21 14:30:42:515</time></pt><pt><x>638</x><y>38</y><time>26-01-21 14:30:42:915</time></pt><pt><x>639</x><y>44</y><time>26-01-21 14:30:51:071</time></pt><pt><x>639</x><y>45</y><time>26-01-21 14:30:51:527</time></pt><closed_date>26-01-21 14:30:52:762</closed_date></polygon></object><object><name>person</name><deleted>0</deleted><verified>0</verified><occluded>no</occluded><attributes></attributes><parts><hasparts></hasparts><ispartof></ispartof></parts><date>26-01-21 14:31:47:761</date><id>3</id><polygon><username>7hao</username><pt><x>639</x><y>54</y><time>26-01-21 14:31:01:254</time></pt><pt><x>637</x><y>56</y><time>26-01-21 14:31:01:784</time></pt><pt><x>636</x><y>59</y><time>26-01-21 14:31:02:099</time></pt><pt><x>635</x><y>62</y><time>26-01-21 14:31:02:393</time></pt><pt><x>631</x><y>64</y><time>26-01-21 14:31:02:713</time></pt><pt><x>624</x><y>66</y><time>26-01-21 14:31:03:074</time></pt><pt><x>616</x><y>71</y><time>26-01-21 14:31:03:544</time></pt><pt><x>608</x><y>80</y><time>26-01-21 14:31:04:087</time></pt><pt><x>603</x><y>89</y><time>26-01-21 14:31:05:598</time></pt><pt><x>593</x><y>100</y><time>26-01-21 14:31:06:200</time></pt><pt><x>589</x><y>105</y><time>26-01-21 14:31:06:594</time></pt><pt><x>582</x><y>112</y><time>26-01-21 14:31:07:161</time></pt><pt><x>573</x><y>121</y><time>26-01-21 14:31:08:348</time></pt><pt><x>563</x><y>129</y><time>26-01-21 14:31:08:794</time></pt><pt><x>554</x><y>135</y><time>26-01-21 14:31:09:235</time></pt><pt><x>550</x><y>136</y><time>26-01-21 14:31:09:495</time></pt><pt><x>546</x><y>137</y><time>26-01-21 14:31:09:690</time></pt><pt><x>543</x><y>139</y><time>26-01-21 14:31:09:957</time></pt><pt><x>537</x><y>149</y><time>26-01-21 14:31:11:122</time></pt><pt><x>536</x><y>152</y><time>26-01-21 14:31:11:341</time></pt><pt><x>537</x><y>155</y><time>26-01-21 14:31:11:521</time></pt><pt><x>539</x><y>155</y><time>26-01-21 14:31:11:773</time></pt><pt><x>542</x><y>155</y><time>26-01-21 14:31:12:009</time></pt><pt><x>546</x><y>152</y><time>26-01-21 14:31:12:228</time></pt><pt><x>550</x><y>149</y><time>26-01-21 14:31:12:440</time></pt><pt><x>555</x><y>147</y><time>26-01-21 14:31:12:795</time></pt><pt><x>559</x><y>146</y><time>26-01-21 14:31:13:007</time></pt><pt><x>564</x><y>145</y><time>26-01-21 14:31:13:218</time></pt><pt><x>579</x><y>137</y><time>26-01-21 14:31:13:704</time></pt><pt><x>589</x><y>131</y><time>26-01-21 14:31:14:184</time></pt><pt><x>607</x><y>117</y><time>26-01-21 14:31:15:324</time></pt><pt><x>614</x><y>110</y><time>26-01-21 14:31:16:038</time></pt><pt><x>614</x><y>114</y><time>26-01-21 14:31:16:574</time></pt><pt><x>613</x><y>131</y><time>26-01-21 14:31:17:248</time></pt><pt><x>613</x><y>139</y><time>26-01-21 14:31:17:736</time></pt><pt><x>613</x><y>141</y><time>26-01-21 14:31:17:917</time></pt><pt><x>613</x><y>145</y><time>26-01-21 14:31:18:114</time></pt><pt><x>614</x><y>154</y><time>26-01-21 14:31:19:340</time></pt><pt><x>615</x><y>157</y><time>26-01-21 14:31:19:575</time></pt><pt><x>616</x><y>159</y><time>26-01-21 14:31:19:732</time></pt><pt><x>616</x><y>161</y><time>26-01-21 14:31:19:904</time></pt><pt><x>613</x><y>164</y><time>26-01-21 14:31:20:197</time></pt><pt><x>612</x><y>167</y><time>26-01-21 14:31:20:344</time></pt><pt><x>611</x><y>169</y><time>26-01-21 14:31:20:551</time></pt><pt><x>610</x><y>172</y><time>26-01-21 14:31:20:754</time></pt><pt><x>608</x><y>177</y><time>26-01-21 14:31:23:913</time></pt><pt><x>608</x><y>179</y><time>26-01-21 14:31:24:155</time></pt><pt><x>610</x><y>182</y><time>26-01-21 14:31:24:322</time></pt><pt><x>612</x><y>184</y><time>26-01-21 14:31:24:564</time></pt><pt><x>612</x><y>185</y><time>26-01-21 14:31:24:746</time></pt><pt><x>612</x><y>188</y><time>26-01-21 14:31:24:967</time></pt><pt><x>610</x><y>189</y><time>26-01-21 14:31:25:154</time></pt><pt><x>610</x><y>192</y><time>26-01-21 14:31:25:500</time></pt><pt><x>607</x><y>209</y><time>26-01-21 14:31:27:032</time></pt><pt><x>608</x><y>214</y><time>26-01-21 14:31:27:292</time></pt><pt><x>608</x><y>217</y><time>26-01-21 14:31:27:449</time></pt><pt><x>610</x><y>224</y><time>26-01-21 14:31:27:772</time></pt><pt><x>611</x><y>240</y><time>26-01-21 14:31:28:896</time></pt><pt><x>612</x><y>249</y><time>26-01-21 14:31:29:232</time></pt><pt><x>613</x><y>257</y><time>26-01-21 14:31:29:588</time></pt><pt><x>617</x><y>279</y><time>26-01-21 14:31:30:852</time></pt><pt><x>617</x><y>284</y><time>26-01-21 14:31:31:119</time></pt><pt><x>619</x><y>287</y><time>26-01-21 14:31:31:284</time></pt><pt><x>621</x><y>291</y><time>26-01-21 14:31:31:474</time></pt><pt><x>622</x><y>296</y><time>26-01-21 14:31:31:686</time></pt><pt><x>622</x><y>301</y><time>26-01-21 14:31:31:985</time></pt><pt><x>621</x><y>305</y><time>26-01-21 14:31:32:266</time></pt><pt><x>619</x><y>306</y><time>26-01-21 14:31:32:424</time></pt><pt><x>618</x><y>307</y><time>26-01-21 14:31:32:572</time></pt><pt><x>616</x><y>308</y><time>26-01-21 14:31:32:800</time></pt><pt><x>612</x><y>308</y><time>26-01-21 14:31:32:982</time></pt><pt><x>609</x><y>309</y><time>26-01-21 14:31:33:147</time></pt><pt><x>607</x><y>314</y><time>26-01-21 14:31:34:160</time></pt><pt><x>607</x><y>316</y><time>26-01-21 14:31:34:372</time></pt><pt><x>611</x><y>318</y><time>26-01-21 14:31:34:560</time></pt><pt><x>619</x><y>319</y><time>26-01-21 14:31:34:780</time></pt><pt><x>626</x><y>318</y><time>26-01-21 14:31:35:135</time></pt><pt><x>632</x><y>319</y><time>26-01-21 14:31:35:403</time></pt><pt><x>634</x><y>319</y><time>26-01-21 14:31:35:607</time></pt><pt><x>638</x><y>320</y><time>26-01-21 14:31:36:092</time></pt><pt><x>640</x><y>321</y><time>26-01-21 14:31:36:792</time></pt><closed_date>26-01-21 14:31:43:606</closed_date></polygon></object></annotation>