<annotation><filename>frame0010.jpg</filename><folder>users/lab605//7hao/human_20210119_4</folder><source><submittedBy>lab605</submittedBy></source><imagesize><nrows>480</nrows><ncols>640</ncols></imagesize><object><name>person</name><deleted>0</deleted><verified>0</verified><occluded>no</occluded><attributes></attributes><parts><hasparts></hasparts><ispartof></ispartof></parts><date>20-01-21 21:32:47:084</date><id>0</id><polygon><username>7hao</username><pt><x>475</x><y>26</y><time>20-01-21 21:31:39:244</time></pt><pt><x>472</x><y>25</y><time>20-01-21 21:31:39:542</time></pt><pt><x>468</x><y>25</y><time>20-01-21 21:31:39:747</time></pt><pt><x>465</x><y>27</y><time>20-01-21 21:31:39:960</time></pt><pt><x>462</x><y>29</y><time>20-01-21 21:31:40:164</time></pt><pt><x>459</x><y>31</y><time>20-01-21 21:31:40:351</time></pt><pt><x>457</x><y>33</y><time>20-01-21 21:31:40:486</time></pt><pt><x>456</x><y>37</y><time>20-01-21 21:31:40:644</time></pt><pt><x>457</x><y>41</y><time>20-01-21 21:31:40:833</time></pt><pt><x>458</x><y>46</y><time>20-01-21 21:31:41:005</time></pt><pt><x>458</x><y>52</y><time>20-01-21 21:31:41:320</time></pt><pt><x>458</x><y>55</y><time>20-01-21 21:31:41:507</time></pt><pt><x>461</x><y>57</y><time>20-01-21 21:31:41:698</time></pt><pt><x>462</x><y>59</y><time>20-01-21 21:31:41:848</time></pt><pt><x>464</x><y>61</y><time>20-01-21 21:31:42:029</time></pt><pt><x>464</x><y>62</y><time>20-01-21 21:31:42:192</time></pt><pt><x>461</x><y>63</y><time>20-01-21 21:31:42:445</time></pt><pt><x>458</x><y>66</y><time>20-01-21 21:31:42:998</time></pt><pt><x>455</x><y>67</y><time>20-01-21 21:31:43:294</time></pt><pt><x>450</x><y>68</y><time>20-01-21 21:31:43:506</time></pt><pt><x>444</x><y>71</y><time>20-01-21 21:31:43:852</time></pt><pt><x>441</x><y>74</y><time>20-01-21 21:31:44:112</time></pt><pt><x>437</x><y>76</y><time>20-01-21 21:31:44:324</time></pt><pt><x>435</x><y>78</y><time>20-01-21 21:31:44:530</time></pt><pt><x>434</x><y>82</y><time>20-01-21 21:31:44:788</time></pt><pt><x>433</x><y>86</y><time>20-01-21 21:31:45:032</time></pt><pt><x>431</x><y>90</y><time>20-01-21 21:31:45:215</time></pt><pt><x>429</x><y>105</y><time>20-01-21 21:31:46:514</time></pt><pt><x>429</x><y>113</y><time>20-01-21 21:31:46:794</time></pt><pt><x>429</x><y>118</y><time>20-01-21 21:31:47:047</time></pt><pt><x>430</x><y>123</y><time>20-01-21 21:31:47:242</time></pt><pt><x>432</x><y>142</y><time>20-01-21 21:31:48:406</time></pt><pt><x>434</x><y>147</y><time>20-01-21 21:31:48:691</time></pt><pt><x>435</x><y>150</y><time>20-01-21 21:31:48:902</time></pt><pt><x>437</x><y>155</y><time>20-01-21 21:31:49:083</time></pt><pt><x>439</x><y>158</y><time>20-01-21 21:31:49:288</time></pt><pt><x>440</x><y>161</y><time>20-01-21 21:31:49:493</time></pt><pt><x>440</x><y>164</y><time>20-01-21 21:31:49:682</time></pt><pt><x>439</x><y>169</y><time>20-01-21 21:31:49:902</time></pt><pt><x>438</x><y>172</y><time>20-01-21 21:31:50:139</time></pt><pt><x>438</x><y>176</y><time>20-01-21 21:31:50:454</time></pt><pt><x>438</x><y>180</y><time>20-01-21 21:31:50:639</time></pt><pt><x>435</x><y>206</y><time>20-01-21 21:31:52:401</time></pt><pt><x>435</x><y>213</y><time>20-01-21 21:31:52:728</time></pt><pt><x>431</x><y>219</y><time>20-01-21 21:31:53:025</time></pt><pt><x>430</x><y>224</y><time>20-01-21 21:31:53:244</time></pt><pt><x>431</x><y>227</y><time>20-01-21 21:31:53:488</time></pt><pt><x>426</x><y>241</y><time>20-01-21 21:31:55:445</time></pt><pt><x>424</x><y>246</y><time>20-01-21 21:31:55:784</time></pt><pt><x>423</x><y>253</y><time>20-01-21 21:31:56:099</time></pt><pt><x>421</x><y>259</y><time>20-01-21 21:31:56:413</time></pt><pt><x>420</x><y>265</y><time>20-01-21 21:31:56:657</time></pt><pt><x>420</x><y>269</y><time>20-01-21 21:31:56:863</time></pt><pt><x>419</x><y>277</y><time>20-01-21 21:31:57:933</time></pt><pt><x>419</x><y>281</y><time>20-01-21 21:31:58:130</time></pt><pt><x>418</x><y>285</y><time>20-01-21 21:31:58:303</time></pt><pt><x>417</x><y>288</y><time>20-01-21 21:31:58:484</time></pt><pt><x>416</x><y>291</y><time>20-01-21 21:31:58:672</time></pt><pt><x>415</x><y>294</y><time>20-01-21 21:31:58:844</time></pt><pt><x>414</x><y>297</y><time>20-01-21 21:31:59:074</time></pt><pt><x>413</x><y>300</y><time>20-01-21 21:31:59:310</time></pt><pt><x>412</x><y>303</y><time>20-01-21 21:31:59:521</time></pt><pt><x>411</x><y>304</y><time>20-01-21 21:31:59:686</time></pt><pt><x>412</x><y>307</y><time>20-01-21 21:31:59:899</time></pt><pt><x>418</x><y>309</y><time>20-01-21 21:32:00:165</time></pt><pt><x>423</x><y>310</y><time>20-01-21 21:32:00:355</time></pt><pt><x>427</x><y>311</y><time>20-01-21 21:32:00:638</time></pt><pt><x>429</x><y>311</y><time>20-01-21 21:32:00:842</time></pt><pt><x>430</x><y>310</y><time>20-01-21 21:32:01:101</time></pt><pt><x>430</x><y>306</y><time>20-01-21 21:32:01:348</time></pt><pt><x>431</x><y>302</y><time>20-01-21 21:32:01:560</time></pt><pt><x>432</x><y>299</y><time>20-01-21 21:32:01:723</time></pt><pt><x>433</x><y>297</y><time>20-01-21 21:32:01:911</time></pt><pt><x>433</x><y>292</y><time>20-01-21 21:32:02:070</time></pt><pt><x>434</x><y>289</y><time>20-01-21 21:32:02:220</time></pt><pt><x>434</x><y>285</y><time>20-01-21 21:32:02:385</time></pt><pt><x>435</x><y>281</y><time>20-01-21 21:32:02:493</time></pt><pt><x>435</x><y>278</y><time>20-01-21 21:32:02:721</time></pt><pt><x>437</x><y>274</y><time>20-01-21 21:32:02:936</time></pt><pt><x>438</x><y>271</y><time>20-01-21 21:32:03:115</time></pt><pt><x>441</x><y>267</y><time>20-01-21 21:32:03:300</time></pt><pt><x>442</x><y>264</y><time>20-01-21 21:32:03:471</time></pt><pt><x>450</x><y>235</y><time>20-01-21 21:32:04:523</time></pt><pt><x>452</x><y>230</y><time>20-01-21 21:32:04:743</time></pt><pt><x>454</x><y>225</y><time>20-01-21 21:32:04:956</time></pt><pt><x>458</x><y>222</y><time>20-01-21 21:32:05:130</time></pt><pt><x>461</x><y>218</y><time>20-01-21 21:32:05:341</time></pt><pt><x>461</x><y>214</y><time>20-01-21 21:32:05:562</time></pt><pt><x>465</x><y>199</y><time>20-01-21 21:32:06:647</time></pt><pt><x>468</x><y>196</y><time>20-01-21 21:32:06:907</time></pt><pt><x>468</x><y>195</y><time>20-01-21 21:32:07:128</time></pt><pt><x>470</x><y>200</y><time>20-01-21 21:32:07:371</time></pt><pt><x>470</x><y>205</y><time>20-01-21 21:32:07:593</time></pt><pt><x>470</x><y>209</y><time>20-01-21 21:32:07:780</time></pt><pt><x>470</x><y>214</y><time>20-01-21 21:32:07:977</time></pt><pt><x>472</x><y>219</y><time>20-01-21 21:32:08:182</time></pt><pt><x>472</x><y>222</y><time>20-01-21 21:32:08:371</time></pt><pt><x>471</x><y>226</y><time>20-01-21 21:32:08:565</time></pt><pt><x>472</x><y>241</y><time>20-01-21 21:32:09:635</time></pt><pt><x>472</x><y>245</y><time>20-01-21 21:32:09:840</time></pt><pt><x>472</x><y>252</y><time>20-01-21 21:32:10:022</time></pt><pt><x>472</x><y>256</y><time>20-01-21 21:32:10:188</time></pt><pt><x>472</x><y>261</y><time>20-01-21 21:32:10:377</time></pt><pt><x>472</x><y>266</y><time>20-01-21 21:32:10:548</time></pt><pt><x>473</x><y>270</y><time>20-01-21 21:32:10:722</time></pt><pt><x>475</x><y>290</y><time>20-01-21 21:32:11:933</time></pt><pt><x>476</x><y>294</y><time>20-01-21 21:32:12:098</time></pt><pt><x>477</x><y>298</y><time>20-01-21 21:32:12:265</time></pt><pt><x>476</x><y>302</y><time>20-01-21 21:32:12:420</time></pt><pt><x>476</x><y>306</y><time>20-01-21 21:32:12:586</time></pt><pt><x>475</x><y>310</y><time>20-01-21 21:32:12:790</time></pt><pt><x>474</x><y>314</y><time>20-01-21 21:32:13:003</time></pt><pt><x>477</x><y>315</y><time>20-01-21 21:32:13:254</time></pt><pt><x>482</x><y>316</y><time>20-01-21 21:32:13:466</time></pt><pt><x>486</x><y>316</y><time>20-01-21 21:32:13:648</time></pt><pt><x>492</x><y>315</y><time>20-01-21 21:32:13:819</time></pt><pt><x>496</x><y>314</y><time>20-01-21 21:32:14:004</time></pt><pt><x>500</x><y>311</y><time>20-01-21 21:32:14:207</time></pt><pt><x>501</x><y>309</y><time>20-01-21 21:32:14:436</time></pt><pt><x>500</x><y>307</y><time>20-01-21 21:32:14:718</time></pt><pt><x>497</x><y>304</y><time>20-01-21 21:32:14:921</time></pt><pt><x>494</x><y>302</y><time>20-01-21 21:32:15:126</time></pt><pt><x>492</x><y>299</y><time>20-01-21 21:32:15:307</time></pt><pt><x>491</x><y>295</y><time>20-01-21 21:32:15:480</time></pt><pt><x>493</x><y>290</y><time>20-01-21 21:32:15:826</time></pt><pt><x>494</x><y>287</y><time>20-01-21 21:32:16:021</time></pt><pt><x>495</x><y>285</y><time>20-01-21 21:32:16:196</time></pt><pt><x>494</x><y>282</y><time>20-01-21 21:32:16:408</time></pt><pt><x>493</x><y>280</y><time>20-01-21 21:32:16:574</time></pt><pt><x>493</x><y>276</y><time>20-01-21 21:32:16:753</time></pt><pt><x>494</x><y>266</y><time>20-01-21 21:32:17:737</time></pt><pt><x>494</x><y>261</y><time>20-01-21 21:32:17:944</time></pt><pt><x>496</x><y>258</y><time>20-01-21 21:32:18:108</time></pt><pt><x>497</x><y>254</y><time>20-01-21 21:32:18:263</time></pt><pt><x>497</x><y>248</y><time>20-01-21 21:32:18:468</time></pt><pt><x>496</x><y>245</y><time>20-01-21 21:32:18:666</time></pt><pt><x>495</x><y>242</y><time>20-01-21 21:32:18:846</time></pt><pt><x>494</x><y>239</y><time>20-01-21 21:32:19:022</time></pt><pt><x>495</x><y>226</y><time>20-01-21 21:32:20:143</time></pt><pt><x>496</x><y>222</y><time>20-01-21 21:32:20:309</time></pt><pt><x>498</x><y>217</y><time>20-01-21 21:32:20:498</time></pt><pt><x>500</x><y>213</y><time>20-01-21 21:32:20:701</time></pt><pt><x>500</x><y>207</y><time>20-01-21 21:32:20:915</time></pt><pt><x>505</x><y>169</y><time>20-01-21 21:32:21:922</time></pt><pt><x>504</x><y>160</y><time>20-01-21 21:32:22:252</time></pt><pt><x>502</x><y>124</y><time>20-01-21 21:32:23:370</time></pt><pt><x>501</x><y>120</y><time>20-01-21 21:32:23:653</time></pt><pt><x>501</x><y>117</y><time>20-01-21 21:32:23:802</time></pt><pt><x>501</x><y>114</y><time>20-01-21 21:32:24:023</time></pt><pt><x>503</x><y>118</y><time>20-01-21 21:32:24:434</time></pt><pt><x>505</x><y>123</y><time>20-01-21 21:32:24:637</time></pt><pt><x>506</x><y>128</y><time>20-01-21 21:32:24:816</time></pt><pt><x>512</x><y>145</y><time>20-01-21 21:32:25:901</time></pt><pt><x>515</x><y>151</y><time>20-01-21 21:32:26:097</time></pt><pt><x>517</x><y>155</y><time>20-01-21 21:32:26:265</time></pt><pt><x>519</x><y>161</y><time>20-01-21 21:32:26:452</time></pt><pt><x>521</x><y>164</y><time>20-01-21 21:32:26:619</time></pt><pt><x>522</x><y>169</y><time>20-01-21 21:32:26:797</time></pt><pt><x>522</x><y>173</y><time>20-01-21 21:32:26:998</time></pt><pt><x>522</x><y>177</y><time>20-01-21 21:32:27:208</time></pt><pt><x>523</x><y>179</y><time>20-01-21 21:32:30:512</time></pt><pt><x>523</x><y>183</y><time>20-01-21 21:32:30:693</time></pt><pt><x>524</x><y>186</y><time>20-01-21 21:32:30:883</time></pt><pt><x>525</x><y>187</y><time>20-01-21 21:32:31:053</time></pt><pt><x>525</x><y>189</y><time>20-01-21 21:32:31:282</time></pt><pt><x>525</x><y>190</y><time>20-01-21 21:32:31:441</time></pt><pt><x>525</x><y>192</y><time>20-01-21 21:32:31:636</time></pt><pt><x>530</x><y>192</y><time>20-01-21 21:32:31:834</time></pt><pt><x>533</x><y>189</y><time>20-01-21 21:32:32:037</time></pt><pt><x>534</x><y>187</y><time>20-01-21 21:32:32:212</time></pt><pt><x>535</x><y>183</y><time>20-01-21 21:32:32:378</time></pt><pt><x>536</x><y>180</y><time>20-01-21 21:32:32:531</time></pt><pt><x>534</x><y>177</y><time>20-01-21 21:32:32:692</time></pt><pt><x>533</x><y>174</y><time>20-01-21 21:32:32:872</time></pt><pt><x>533</x><y>171</y><time>20-01-21 21:32:33:036</time></pt><pt><x>533</x><y>166</y><time>20-01-21 21:32:33:232</time></pt><pt><x>531</x><y>139</y><time>20-01-21 21:32:34:130</time></pt><pt><x>529</x><y>130</y><time>20-01-21 21:32:34:351</time></pt><pt><x>528</x><y>125</y><time>20-01-21 21:32:34:562</time></pt><pt><x>519</x><y>94</y><time>20-01-21 21:32:35:710</time></pt><pt><x>515</x><y>85</y><time>20-01-21 21:32:36:017</time></pt><pt><x>513</x><y>79</y><time>20-01-21 21:32:36:292</time></pt><pt><x>511</x><y>74</y><time>20-01-21 21:32:36:535</time></pt><pt><x>508</x><y>71</y><time>20-01-21 21:32:36:865</time></pt><pt><x>502</x><y>69</y><time>20-01-21 21:32:37:434</time></pt><pt><x>494</x><y>67</y><time>20-01-21 21:32:37:825</time></pt><pt><x>489</x><y>66</y><time>20-01-21 21:32:38:101</time></pt><pt><x>486</x><y>64</y><time>20-01-21 21:32:38:390</time></pt><pt><x>487</x><y>62</y><time>20-01-21 21:32:38:620</time></pt><pt><x>488</x><y>60</y><time>20-01-21 21:32:38:801</time></pt><pt><x>489</x><y>57</y><time>20-01-21 21:32:39:021</time></pt><pt><x>490</x><y>55</y><time>20-01-21 21:32:39:241</time></pt><pt><x>491</x><y>52</y><time>20-01-21 21:32:39:415</time></pt><pt><x>491</x><y>46</y><time>20-01-21 21:32:40:588</time></pt><pt><x>494</x><y>43</y><time>20-01-21 21:32:40:877</time></pt><pt><x>496</x><y>40</y><time>20-01-21 21:32:41:067</time></pt><pt><x>497</x><y>36</y><time>20-01-21 21:32:41:255</time></pt><pt><x>494</x><y>32</y><time>20-01-21 21:32:41:461</time></pt><pt><x>492</x><y>29</y><time>20-01-21 21:32:41:652</time></pt><pt><x>489</x><y>25</y><time>20-01-21 21:32:41:853</time></pt><pt><x>486</x><y>23</y><time>20-01-21 21:32:42:065</time></pt><pt><x>483</x><y>23</y><time>20-01-21 21:32:42:268</time></pt><pt><x>479</x><y>23</y><time>20-01-21 21:32:42:480</time></pt><pt><x>476</x><y>24</y><time>20-01-21 21:32:42:710</time></pt><pt><x>474</x><y>27</y><time>20-01-21 21:32:43:206</time></pt><closed_date>20-01-21 21:32:44:121</closed_date></polygon></object><object><name>person</name><deleted>0</deleted><verified>0</verified><occluded>no</occluded><attributes></attributes><parts><hasparts></hasparts><ispartof></ispartof></parts><date>20-01-21 21:33:41:608</date><id>1</id><polygon><username>7hao</username><pt><x>261</x><y>89</y><time>20-01-21 21:32:54:027</time></pt><pt><x>258</x><y>89</y><time>20-01-21 21:32:54:400</time></pt><pt><x>255</x><y>90</y><time>20-01-21 21:32:54:606</time></pt><pt><x>253</x><y>91</y><time>20-01-21 21:32:54:786</time></pt><pt><x>251</x><y>93</y><time>20-01-21 21:32:54:947</time></pt><pt><x>249</x><y>95</y><time>20-01-21 21:32:55:092</time></pt><pt><x>248</x><y>99</y><time>20-01-21 21:32:55:276</time></pt><pt><x>248</x><y>103</y><time>20-01-21 21:32:55:447</time></pt><pt><x>248</x><y>106</y><time>20-01-21 21:32:55:620</time></pt><pt><x>248</x><y>109</y><time>20-01-21 21:32:55:778</time></pt><pt><x>248</x><y>112</y><time>20-01-21 21:32:55:918</time></pt><pt><x>248</x><y>115</y><time>20-01-21 21:32:56:068</time></pt><pt><x>248</x><y>117</y><time>20-01-21 21:32:56:187</time></pt><pt><x>248</x><y>118</y><time>20-01-21 21:32:56:328</time></pt><pt><x>247</x><y>120</y><time>20-01-21 21:32:56:541</time></pt><pt><x>245</x><y>120</y><time>20-01-21 21:32:56:724</time></pt><pt><x>245</x><y>121</y><time>20-01-21 21:32:56:870</time></pt><pt><x>244</x><y>125</y><time>20-01-21 21:32:57:193</time></pt><pt><x>241</x><y>126</y><time>20-01-21 21:32:57:414</time></pt><pt><x>238</x><y>127</y><time>20-01-21 21:32:57:570</time></pt><pt><x>235</x><y>128</y><time>20-01-21 21:32:57:729</time></pt><pt><x>233</x><y>132</y><time>20-01-21 21:32:57:932</time></pt><pt><x>232</x><y>135</y><time>20-01-21 21:32:58:193</time></pt><pt><x>230</x><y>151</y><time>20-01-21 21:32:59:357</time></pt><pt><x>229</x><y>158</y><time>20-01-21 21:32:59:640</time></pt><pt><x>228</x><y>164</y><time>20-01-21 21:32:59:884</time></pt><pt><x>226</x><y>170</y><time>20-01-21 21:33:00:151</time></pt><pt><x>225</x><y>174</y><time>20-01-21 21:33:00:366</time></pt><pt><x>222</x><y>180</y><time>20-01-21 21:33:01:339</time></pt><pt><x>221</x><y>184</y><time>20-01-21 21:33:01:566</time></pt><pt><x>221</x><y>187</y><time>20-01-21 21:33:01:748</time></pt><pt><x>221</x><y>190</y><time>20-01-21 21:33:01:920</time></pt><pt><x>219</x><y>192</y><time>20-01-21 21:33:02:102</time></pt><pt><x>219</x><y>194</y><time>20-01-21 21:33:02:266</time></pt><pt><x>218</x><y>198</y><time>20-01-21 21:33:02:456</time></pt><pt><x>219</x><y>201</y><time>20-01-21 21:33:02:646</time></pt><pt><x>221</x><y>204</y><time>20-01-21 21:33:02:832</time></pt><pt><x>222</x><y>205</y><time>20-01-21 21:33:03:048</time></pt><pt><x>224</x><y>205</y><time>20-01-21 21:33:03:470</time></pt><pt><x>225</x><y>204</y><time>20-01-21 21:33:03:746</time></pt><pt><x>226</x><y>203</y><time>20-01-21 21:33:03:910</time></pt><pt><x>227</x><y>202</y><time>20-01-21 21:33:04:094</time></pt><pt><x>227</x><y>200</y><time>20-01-21 21:33:04:248</time></pt><pt><x>226</x><y>198</y><time>20-01-21 21:33:04:437</time></pt><pt><x>225</x><y>197</y><time>20-01-21 21:33:04:620</time></pt><pt><x>226</x><y>194</y><time>20-01-21 21:33:04:744</time></pt><pt><x>226</x><y>191</y><time>20-01-21 21:33:05:022</time></pt><pt><x>227</x><y>190</y><time>20-01-21 21:33:05:161</time></pt><pt><x>228</x><y>188</y><time>20-01-21 21:33:05:302</time></pt><pt><x>230</x><y>186</y><time>20-01-21 21:33:05:420</time></pt><pt><x>230</x><y>186</y><time>20-01-21 21:33:05:572</time></pt><pt><x>231</x><y>188</y><time>20-01-21 21:33:05:806</time></pt><pt><x>230</x><y>191</y><time>20-01-21 21:33:05:963</time></pt><pt><x>229</x><y>193</y><time>20-01-21 21:33:06:114</time></pt><pt><x>228</x><y>195</y><time>20-01-21 21:33:06:270</time></pt><pt><x>229</x><y>198</y><time>20-01-21 21:33:06:460</time></pt><pt><x>230</x><y>201</y><time>20-01-21 21:33:06:643</time></pt><pt><x>230</x><y>204</y><time>20-01-21 21:33:06:814</time></pt><pt><x>229</x><y>208</y><time>20-01-21 21:33:07:003</time></pt><pt><x>228</x><y>210</y><time>20-01-21 21:33:07:174</time></pt><pt><x>227</x><y>222</y><time>20-01-21 21:33:08:347</time></pt><pt><x>228</x><y>225</y><time>20-01-21 21:33:08:553</time></pt><pt><x>228</x><y>229</y><time>20-01-21 21:33:08:740</time></pt><pt><x>228</x><y>232</y><time>20-01-21 21:33:08:906</time></pt><pt><x>227</x><y>236</y><time>20-01-21 21:33:09:070</time></pt><pt><x>226</x><y>241</y><time>20-01-21 21:33:09:237</time></pt><pt><x>226</x><y>246</y><time>20-01-21 21:33:09:434</time></pt><pt><x>225</x><y>250</y><time>20-01-21 21:33:09:615</time></pt><pt><x>225</x><y>255</y><time>20-01-21 21:33:09:786</time></pt><pt><x>225</x><y>259</y><time>20-01-21 21:33:09:944</time></pt><pt><x>225</x><y>262</y><time>20-01-21 21:33:10:080</time></pt><pt><x>225</x><y>265</y><time>20-01-21 21:33:10:226</time></pt><pt><x>225</x><y>267</y><time>20-01-21 21:33:10:369</time></pt><pt><x>224</x><y>276</y><time>20-01-21 21:33:11:266</time></pt><pt><x>222</x><y>279</y><time>20-01-21 21:33:11:447</time></pt><pt><x>221</x><y>281</y><time>20-01-21 21:33:11:630</time></pt><pt><x>220</x><y>282</y><time>20-01-21 21:33:11:856</time></pt><pt><x>217</x><y>283</y><time>20-01-21 21:33:12:060</time></pt><pt><x>215</x><y>284</y><time>20-01-21 21:33:12:203</time></pt><pt><x>213</x><y>284</y><time>20-01-21 21:33:12:358</time></pt><pt><x>211</x><y>286</y><time>20-01-21 21:33:12:516</time></pt><pt><x>210</x><y>289</y><time>20-01-21 21:33:12:712</time></pt><pt><x>212</x><y>291</y><time>20-01-21 21:33:12:916</time></pt><pt><x>216</x><y>291</y><time>20-01-21 21:33:13:116</time></pt><pt><x>222</x><y>291</y><time>20-01-21 21:33:13:335</time></pt><pt><x>226</x><y>291</y><time>20-01-21 21:33:13:514</time></pt><pt><x>231</x><y>291</y><time>20-01-21 21:33:13:688</time></pt><pt><x>236</x><y>291</y><time>20-01-21 21:33:13:892</time></pt><pt><x>239</x><y>291</y><time>20-01-21 21:33:14:069</time></pt><pt><x>241</x><y>291</y><time>20-01-21 21:33:14:231</time></pt><pt><x>242</x><y>286</y><time>20-01-21 21:33:14:506</time></pt><pt><x>241</x><y>285</y><time>20-01-21 21:33:14:696</time></pt><pt><x>241</x><y>284</y><time>20-01-21 21:33:14:890</time></pt><pt><x>241</x><y>281</y><time>20-01-21 21:33:15:048</time></pt><pt><x>242</x><y>280</y><time>20-01-21 21:33:15:215</time></pt><pt><x>242</x><y>275</y><time>20-01-21 21:33:15:363</time></pt><pt><x>243</x><y>271</y><time>20-01-21 21:33:15:568</time></pt><pt><x>243</x><y>269</y><time>20-01-21 21:33:15:747</time></pt><pt><x>247</x><y>236</y><time>20-01-21 21:33:16:935</time></pt><pt><x>248</x><y>229</y><time>20-01-21 21:33:17:204</time></pt><pt><x>249</x><y>226</y><time>20-01-21 21:33:17:431</time></pt><pt><x>250</x><y>224</y><time>20-01-21 21:33:17:621</time></pt><pt><x>250</x><y>223</y><time>20-01-21 21:33:17:842</time></pt><pt><x>251</x><y>226</y><time>20-01-21 21:33:18:030</time></pt><pt><x>252</x><y>229</y><time>20-01-21 21:33:18:202</time></pt><pt><x>253</x><y>232</y><time>20-01-21 21:33:18:383</time></pt><pt><x>254</x><y>236</y><time>20-01-21 21:33:18:549</time></pt><pt><x>256</x><y>240</y><time>20-01-21 21:33:18:918</time></pt><pt><x>257</x><y>242</y><time>20-01-21 21:33:19:084</time></pt><pt><x>258</x><y>246</y><time>20-01-21 21:33:19:259</time></pt><pt><x>260</x><y>250</y><time>20-01-21 21:33:19:476</time></pt><pt><x>261</x><y>254</y><time>20-01-21 21:33:19:674</time></pt><pt><x>261</x><y>256</y><time>20-01-21 21:33:19:847</time></pt><pt><x>266</x><y>269</y><time>20-01-21 21:33:21:049</time></pt><pt><x>268</x><y>276</y><time>20-01-21 21:33:21:348</time></pt><pt><x>269</x><y>281</y><time>20-01-21 21:33:21:609</time></pt><pt><x>269</x><y>284</y><time>20-01-21 21:33:21:823</time></pt><pt><x>271</x><y>287</y><time>20-01-21 21:33:22:072</time></pt><pt><x>274</x><y>289</y><time>20-01-21 21:33:22:362</time></pt><pt><x>276</x><y>289</y><time>20-01-21 21:33:22:597</time></pt><pt><x>279</x><y>288</y><time>20-01-21 21:33:22:773</time></pt><pt><x>281</x><y>288</y><time>20-01-21 21:33:23:009</time></pt><pt><x>283</x><y>286</y><time>20-01-21 21:33:23:204</time></pt><pt><x>283</x><y>284</y><time>20-01-21 21:33:23:408</time></pt><pt><x>282</x><y>282</y><time>20-01-21 21:33:23:612</time></pt><pt><x>283</x><y>275</y><time>20-01-21 21:33:23:957</time></pt><pt><x>283</x><y>271</y><time>20-01-21 21:33:24:170</time></pt><pt><x>282</x><y>268</y><time>20-01-21 21:33:24:376</time></pt><pt><x>280</x><y>264</y><time>20-01-21 21:33:24:590</time></pt><pt><x>279</x><y>262</y><time>20-01-21 21:33:24:743</time></pt><pt><x>279</x><y>258</y><time>20-01-21 21:33:25:003</time></pt><pt><x>273</x><y>225</y><time>20-01-21 21:33:26:749</time></pt><pt><x>273</x><y>221</y><time>20-01-21 21:33:27:106</time></pt><pt><x>273</x><y>215</y><time>20-01-21 21:33:27:364</time></pt><pt><x>272</x><y>211</y><time>20-01-21 21:33:27:576</time></pt><pt><x>272</x><y>206</y><time>20-01-21 21:33:27:742</time></pt><pt><x>272</x><y>203</y><time>20-01-21 21:33:27:977</time></pt><pt><x>272</x><y>200</y><time>20-01-21 21:33:28:269</time></pt><pt><x>273</x><y>200</y><time>20-01-21 21:33:28:562</time></pt><pt><x>275</x><y>200</y><time>20-01-21 21:33:28:780</time></pt><pt><x>278</x><y>200</y><time>20-01-21 21:33:28:969</time></pt><pt><x>280</x><y>199</y><time>20-01-21 21:33:29:171</time></pt><pt><x>282</x><y>196</y><time>20-01-21 21:33:29:386</time></pt><pt><x>282</x><y>192</y><time>20-01-21 21:33:29:582</time></pt><pt><x>283</x><y>189</y><time>20-01-21 21:33:29:762</time></pt><pt><x>283</x><y>187</y><time>20-01-21 21:33:29:944</time></pt><pt><x>284</x><y>185</y><time>20-01-21 21:33:30:156</time></pt><pt><x>287</x><y>170</y><time>20-01-21 21:33:31:651</time></pt><pt><x>285</x><y>162</y><time>20-01-21 21:33:32:090</time></pt><pt><x>285</x><y>152</y><time>20-01-21 21:33:32:555</time></pt><pt><x>280</x><y>133</y><time>20-01-21 21:33:33:697</time></pt><pt><x>278</x><y>129</y><time>20-01-21 21:33:33:969</time></pt><pt><x>277</x><y>125</y><time>20-01-21 21:33:34:192</time></pt><pt><x>275</x><y>120</y><time>20-01-21 21:33:34:396</time></pt><pt><x>273</x><y>119</y><time>20-01-21 21:33:34:609</time></pt><pt><x>269</x><y>119</y><time>20-01-21 21:33:34:766</time></pt><pt><x>265</x><y>119</y><time>20-01-21 21:33:35:009</time></pt><pt><x>265</x><y>117</y><time>20-01-21 21:33:35:230</time></pt><pt><x>266</x><y>115</y><time>20-01-21 21:33:35:437</time></pt><pt><x>267</x><y>115</y><time>20-01-21 21:33:35:615</time></pt><pt><x>268</x><y>113</y><time>20-01-21 21:33:35:788</time></pt><pt><x>269</x><y>112</y><time>20-01-21 21:33:35:967</time></pt><pt><x>271</x><y>110</y><time>20-01-21 21:33:36:141</time></pt><pt><x>270</x><y>107</y><time>20-01-21 21:33:36:338</time></pt><pt><x>269</x><y>106</y><time>20-01-21 21:33:36:487</time></pt><pt><x>269</x><y>104</y><time>20-01-21 21:33:37:022</time></pt><pt><x>269</x><y>100</y><time>20-01-21 21:33:37:236</time></pt><pt><x>270</x><y>97</y><time>20-01-21 21:33:37:457</time></pt><pt><x>269</x><y>95</y><time>20-01-21 21:33:37:651</time></pt><pt><x>267</x><y>93</y><time>20-01-21 21:33:37:827</time></pt><pt><x>266</x><y>91</y><time>20-01-21 21:33:38:039</time></pt><pt><x>264</x><y>91</y><time>20-01-21 21:33:38:275</time></pt><pt><x>262</x><y>90</y><time>20-01-21 21:33:38:518</time></pt><closed_date>20-01-21 21:33:39:003</closed_date></polygon></object><object><name>person</name><deleted>0</deleted><verified>0</verified><occluded>no</occluded><attributes></attributes><parts><hasparts></hasparts><ispartof></ispartof></parts><date>20-01-21 21:34:33:063</date><id>2</id><polygon><username>7hao</username><pt><x>426</x><y>110</y><time>20-01-21 21:33:46:493</time></pt><pt><x>425</x><y>111</y><time>20-01-21 21:33:46:809</time></pt><pt><x>424</x><y>113</y><time>20-01-21 21:33:47:019</time></pt><pt><x>424</x><y>116</y><time>20-01-21 21:33:47:216</time></pt><pt><x>424</x><y>119</y><time>20-01-21 21:33:47:373</time></pt><pt><x>424</x><y>121</y><time>20-01-21 21:33:47:547</time></pt><pt><x>425</x><y>124</y><time>20-01-21 21:33:47:727</time></pt><pt><x>426</x><y>125</y><time>20-01-21 21:33:47:892</time></pt><pt><x>426</x><y>127</y><time>20-01-21 21:33:48:050</time></pt><pt><x>424</x><y>128</y><time>20-01-21 21:33:48:224</time></pt><pt><x>422</x><y>129</y><time>20-01-21 21:33:48:372</time></pt><pt><x>419</x><y>130</y><time>20-01-21 21:33:48:564</time></pt><pt><x>418</x><y>131</y><time>20-01-21 21:33:48:734</time></pt><pt><x>417</x><y>132</y><time>20-01-21 21:33:48:877</time></pt><pt><x>416</x><y>135</y><time>20-01-21 21:33:49:040</time></pt><pt><x>416</x><y>136</y><time>20-01-21 21:33:49:197</time></pt><pt><x>415</x><y>137</y><time>20-01-21 21:33:49:332</time></pt><pt><x>414</x><y>139</y><time>20-01-21 21:33:49:467</time></pt><pt><x>414</x><y>142</y><time>20-01-21 21:33:49:616</time></pt><pt><x>414</x><y>144</y><time>20-01-21 21:33:49:756</time></pt><pt><x>414</x><y>146</y><time>20-01-21 21:33:49:916</time></pt><pt><x>414</x><y>148</y><time>20-01-21 21:33:50:094</time></pt><pt><x>414</x><y>151</y><time>20-01-21 21:33:50:278</time></pt><pt><x>414</x><y>183</y><time>20-01-21 21:33:51:439</time></pt><pt><x>415</x><y>185</y><time>20-01-21 21:33:51:643</time></pt><pt><x>416</x><y>189</y><time>20-01-21 21:33:51:810</time></pt><pt><x>416</x><y>191</y><time>20-01-21 21:33:51:981</time></pt><pt><x>416</x><y>196</y><time>20-01-21 21:33:52:148</time></pt><pt><x>417</x><y>199</y><time>20-01-21 21:33:52:312</time></pt><pt><x>419</x><y>202</y><time>20-01-21 21:33:52:501</time></pt><pt><x>421</x><y>205</y><time>20-01-21 21:33:52:698</time></pt><pt><x>422</x><y>209</y><time>20-01-21 21:33:52:869</time></pt><pt><x>423</x><y>213</y><time>20-01-21 21:33:53:052</time></pt><pt><x>424</x><y>218</y><time>20-01-21 21:33:53:233</time></pt><pt><x>424</x><y>220</y><time>20-01-21 21:33:53:468</time></pt><pt><x>425</x><y>221</y><time>20-01-21 21:33:53:886</time></pt><pt><x>425</x><y>224</y><time>20-01-21 21:33:54:098</time></pt><pt><x>425</x><y>226</y><time>20-01-21 21:33:54:286</time></pt><pt><x>422</x><y>227</y><time>20-01-21 21:33:54:490</time></pt><pt><x>421</x><y>228</y><time>20-01-21 21:33:54:688</time></pt><pt><x>414</x><y>233</y><time>20-01-21 21:33:55:677</time></pt><pt><x>410</x><y>237</y><time>20-01-21 21:33:55:977</time></pt><pt><x>407</x><y>241</y><time>20-01-21 21:33:56:198</time></pt><pt><x>404</x><y>244</y><time>20-01-21 21:33:56:412</time></pt><pt><x>401</x><y>247</y><time>20-01-21 21:33:56:623</time></pt><pt><x>399</x><y>248</y><time>20-01-21 21:33:56:802</time></pt><pt><x>397</x><y>249</y><time>20-01-21 21:33:56:985</time></pt><pt><x>391</x><y>251</y><time>20-01-21 21:33:57:306</time></pt><pt><x>389</x><y>252</y><time>20-01-21 21:33:57:574</time></pt><pt><x>388</x><y>255</y><time>20-01-21 21:33:57:802</time></pt><pt><x>390</x><y>258</y><time>20-01-21 21:33:58:007</time></pt><pt><x>391</x><y>259</y><time>20-01-21 21:33:58:234</time></pt><pt><x>397</x><y>268</y><time>20-01-21 21:33:59:240</time></pt><pt><x>400</x><y>271</y><time>20-01-21 21:33:59:525</time></pt><pt><x>403</x><y>272</y><time>20-01-21 21:33:59:735</time></pt><pt><x>406</x><y>273</y><time>20-01-21 21:33:59:924</time></pt><pt><x>410</x><y>272</y><time>20-01-21 21:34:00:270</time></pt><pt><x>410</x><y>271</y><time>20-01-21 21:34:00:601</time></pt><pt><x>409</x><y>268</y><time>20-01-21 21:34:00:820</time></pt><pt><x>409</x><y>266</y><time>20-01-21 21:34:00:984</time></pt><pt><x>408</x><y>264</y><time>20-01-21 21:34:01:166</time></pt><pt><x>408</x><y>260</y><time>20-01-21 21:34:01:331</time></pt><pt><x>408</x><y>259</y><time>20-01-21 21:34:01:490</time></pt><pt><x>405</x><y>256</y><time>20-01-21 21:34:01:678</time></pt><pt><x>405</x><y>254</y><time>20-01-21 21:34:01:851</time></pt><pt><x>408</x><y>250</y><time>20-01-21 21:34:02:047</time></pt><pt><x>412</x><y>248</y><time>20-01-21 21:34:02:236</time></pt><pt><x>415</x><y>246</y><time>20-01-21 21:34:02:418</time></pt><pt><x>421</x><y>242</y><time>20-01-21 21:34:05:239</time></pt><pt><x>424</x><y>239</y><time>20-01-21 21:34:05:635</time></pt><pt><x>425</x><y>237</y><time>20-01-21 21:34:06:342</time></pt><pt><x>426</x><y>236</y><time>20-01-21 21:34:06:735</time></pt><pt><x>426</x><y>238</y><time>20-01-21 21:34:07:333</time></pt><pt><x>427</x><y>234</y><time>20-01-21 21:34:08:117</time></pt><pt><x>429</x><y>231</y><time>20-01-21 21:34:08:646</time></pt><pt><x>430</x><y>228</y><time>20-01-21 21:34:09:652</time></pt><pt><x>429</x><y>226</y><time>20-01-21 21:34:10:091</time></pt><pt><x>429</x><y>224</y><time>20-01-21 21:34:10:440</time></pt><pt><x>429</x><y>221</y><time>20-01-21 21:34:10:856</time></pt><pt><x>430</x><y>219</y><time>20-01-21 21:34:11:271</time></pt><pt><x>430</x><y>217</y><time>20-01-21 21:34:11:712</time></pt><pt><x>433</x><y>213</y><time>20-01-21 21:34:13:079</time></pt><pt><x>434</x><y>211</y><time>20-01-21 21:34:13:529</time></pt><pt><x>434</x><y>208</y><time>20-01-21 21:34:14:071</time></pt><pt><x>435</x><y>191</y><time>20-01-21 21:34:15:403</time></pt><pt><x>436</x><y>186</y><time>20-01-21 21:34:15:989</time></pt><pt><x>437</x><y>181</y><time>20-01-21 21:34:16:509</time></pt><pt><x>437</x><y>177</y><time>20-01-21 21:34:17:037</time></pt><pt><x>437</x><y>174</y><time>20-01-21 21:34:17:791</time></pt><pt><x>437</x><y>171</y><time>20-01-21 21:34:18:151</time></pt><pt><x>437</x><y>168</y><time>20-01-21 21:34:18:554</time></pt><pt><x>438</x><y>165</y><time>20-01-21 21:34:18:964</time></pt><pt><x>439</x><y>163</y><time>20-01-21 21:34:19:365</time></pt><pt><x>439</x><y>160</y><time>20-01-21 21:34:19:717</time></pt><pt><x>438</x><y>159</y><time>20-01-21 21:34:20:127</time></pt><pt><x>437</x><y>157</y><time>20-01-21 21:34:20:496</time></pt><pt><x>433</x><y>149</y><time>20-01-21 21:34:21:801</time></pt><pt><x>431</x><y>145</y><time>20-01-21 21:34:22:220</time></pt><pt><x>430</x><y>142</y><time>20-01-21 21:34:22:629</time></pt><pt><x>430</x><y>138</y><time>20-01-21 21:34:23:014</time></pt><pt><x>430</x><y>134</y><time>20-01-21 21:34:23:831</time></pt><pt><x>430</x><y>130</y><time>20-01-21 21:34:24:296</time></pt><pt><x>429</x><y>127</y><time>20-01-21 21:34:24:735</time></pt><pt><x>429</x><y>126</y><time>20-01-21 21:34:25:191</time></pt><pt><x>429</x><y>121</y><time>20-01-21 21:34:27:443</time></pt><pt><x>428</x><y>119</y><time>20-01-21 21:34:27:914</time></pt><pt><x>428</x><y>117</y><time>20-01-21 21:34:28:286</time></pt><pt><x>428</x><y>115</y><time>20-01-21 21:34:28:732</time></pt><pt><x>428</x><y>113</y><time>20-01-21 21:34:29:116</time></pt><pt><x>428</x><y>111</y><time>20-01-21 21:34:29:504</time></pt><pt><x>427</x><y>110</y><time>20-01-21 21:34:29:737</time></pt><pt><x>427</x><y>110</y><time>20-01-21 21:34:30:051</time></pt><closed_date>20-01-21 21:34:30:280</closed_date></polygon></object><object><name>person</name><deleted>0</deleted><verified>0</verified><occluded>no</occluded><attributes></attributes><parts><hasparts></hasparts><ispartof></ispartof></parts><date>20-01-21 21:34:45:464</date><id>3</id><polygon><username>7hao</username><pt><x>438</x><y>277</y><time>20-01-21 21:34:37:579</time></pt><pt><x>443</x><y>277</y><time>20-01-21 21:34:38:137</time></pt><pt><x>449</x><y>276</y><time>20-01-21 21:34:38:461</time></pt><pt><x>451</x><y>275</y><time>20-01-21 21:34:38:752</time></pt><pt><x>451</x><y>274</y><time>20-01-21 21:34:38:964</time></pt><pt><x>449</x><y>273</y><time>20-01-21 21:34:39:191</time></pt><pt><x>447</x><y>272</y><time>20-01-21 21:34:39:405</time></pt><pt><x>444</x><y>272</y><time>20-01-21 21:34:39:634</time></pt><pt><x>443</x><y>271</y><time>20-01-21 21:34:39:862</time></pt><pt><x>442</x><y>270</y><time>20-01-21 21:34:40:112</time></pt><pt><x>441</x><y>269</y><time>20-01-21 21:34:40:396</time></pt><pt><x>440</x><y>270</y><time>20-01-21 21:34:40:750</time></pt><pt><x>439</x><y>272</y><time>20-01-21 21:34:41:039</time></pt><pt><x>438</x><y>273</y><time>20-01-21 21:34:41:388</time></pt><pt><x>438</x><y>274</y><time>20-01-21 21:34:41:687</time></pt><pt><x>437</x><y>275</y><time>20-01-21 21:34:42:126</time></pt><pt><x>437</x><y>276</y><time>20-01-21 21:34:42:447</time></pt><closed_date>20-01-21 21:34:42:818</closed_date></polygon></object></annotation>