<annotation><filename>frame0053.jpg</filename><folder>users/lab605//7hao/human_20210119_4</folder><source><submittedBy>lab605</submittedBy></source><imagesize><nrows>480</nrows><ncols>640</ncols></imagesize><object><name>person</name><deleted>0</deleted><verified>0</verified><occluded>no</occluded><attributes></attributes><parts><hasparts></hasparts><ispartof></ispartof></parts><date>25-01-21 21:17:58:776</date><id>0</id><polygon><username>7hao</username><pt><x>339</x><y>72</y><time>25-01-21 21:17:03:192</time></pt><pt><x>334</x><y>67</y><time>25-01-21 21:17:03:962</time></pt><pt><x>329</x><y>65</y><time>25-01-21 21:17:04:480</time></pt><pt><x>322</x><y>65</y><time>25-01-21 21:17:04:875</time></pt><pt><x>316</x><y>67</y><time>25-01-21 21:17:05:220</time></pt><pt><x>312</x><y>72</y><time>25-01-21 21:17:05:566</time></pt><pt><x>310</x><y>76</y><time>25-01-21 21:17:05:904</time></pt><pt><x>310</x><y>84</y><time>25-01-21 21:17:06:186</time></pt><pt><x>310</x><y>89</y><time>25-01-21 21:17:06:556</time></pt><pt><x>313</x><y>92</y><time>25-01-21 21:17:06:833</time></pt><pt><x>315</x><y>94</y><time>25-01-21 21:17:07:067</time></pt><pt><x>315</x><y>96</y><time>25-01-21 21:17:07:302</time></pt><pt><x>314</x><y>99</y><time>25-01-21 21:17:07:522</time></pt><pt><x>311</x><y>100</y><time>25-01-21 21:17:07:978</time></pt><pt><x>305</x><y>102</y><time>25-01-21 21:17:08:584</time></pt><pt><x>299</x><y>105</y><time>25-01-21 21:17:09:000</time></pt><pt><x>295</x><y>109</y><time>25-01-21 21:17:09:448</time></pt><pt><x>294</x><y>129</y><time>25-01-21 21:17:10:816</time></pt><pt><x>292</x><y>144</y><time>25-01-21 21:17:11:264</time></pt><pt><x>292</x><y>151</y><time>25-01-21 21:17:11:549</time></pt><pt><x>293</x><y>156</y><time>25-01-21 21:17:11:745</time></pt><pt><x>293</x><y>159</y><time>25-01-21 21:17:11:956</time></pt><pt><x>294</x><y>171</y><time>25-01-21 21:17:13:310</time></pt><pt><x>294</x><y>177</y><time>25-01-21 21:17:13:490</time></pt><pt><x>293</x><y>183</y><time>25-01-21 21:17:13:718</time></pt><pt><x>294</x><y>190</y><time>25-01-21 21:17:14:056</time></pt><pt><x>296</x><y>198</y><time>25-01-21 21:17:14:379</time></pt><pt><x>297</x><y>216</y><time>25-01-21 21:17:16:854</time></pt><pt><x>298</x><y>220</y><time>25-01-21 21:17:17:146</time></pt><pt><x>298</x><y>224</y><time>25-01-21 21:17:17:296</time></pt><pt><x>298</x><y>229</y><time>25-01-21 21:17:17:539</time></pt><pt><x>297</x><y>234</y><time>25-01-21 21:17:17:823</time></pt><pt><x>294</x><y>247</y><time>25-01-21 21:17:19:480</time></pt><pt><x>293</x><y>255</y><time>25-01-21 21:17:19:810</time></pt><pt><x>294</x><y>260</y><time>25-01-21 21:17:19:984</time></pt><pt><x>294</x><y>267</y><time>25-01-21 21:17:20:206</time></pt><pt><x>293</x><y>272</y><time>25-01-21 21:17:20:400</time></pt><pt><x>293</x><y>275</y><time>25-01-21 21:17:20:550</time></pt><pt><x>294</x><y>277</y><time>25-01-21 21:17:20:779</time></pt><pt><x>295</x><y>279</y><time>25-01-21 21:17:20:958</time></pt><pt><x>295</x><y>282</y><time>25-01-21 21:17:21:133</time></pt><pt><x>294</x><y>284</y><time>25-01-21 21:17:21:336</time></pt><pt><x>293</x><y>292</y><time>25-01-21 21:17:22:737</time></pt><pt><x>292</x><y>294</y><time>25-01-21 21:17:22:916</time></pt><pt><x>293</x><y>297</y><time>25-01-21 21:17:23:096</time></pt><pt><x>295</x><y>299</y><time>25-01-21 21:17:23:474</time></pt><pt><x>299</x><y>300</y><time>25-01-21 21:17:23:701</time></pt><pt><x>306</x><y>300</y><time>25-01-21 21:17:24:072</time></pt><pt><x>308</x><y>300</y><time>25-01-21 21:17:24:293</time></pt><pt><x>308</x><y>298</y><time>25-01-21 21:17:24:449</time></pt><pt><x>308</x><y>295</y><time>25-01-21 21:17:24:606</time></pt><pt><x>309</x><y>293</y><time>25-01-21 21:17:24:818</time></pt><pt><x>311</x><y>292</y><time>25-01-21 21:17:25:000</time></pt><pt><x>328</x><y>292</y><time>25-01-21 21:17:25:424</time></pt><pt><x>338</x><y>291</y><time>25-01-21 21:17:26:516</time></pt><pt><x>338</x><y>287</y><time>25-01-21 21:17:26:825</time></pt><pt><x>337</x><y>286</y><time>25-01-21 21:17:27:036</time></pt><pt><x>333</x><y>284</y><time>25-01-21 21:17:27:272</time></pt><pt><x>325</x><y>282</y><time>25-01-21 21:17:27:697</time></pt><pt><x>322</x><y>279</y><time>25-01-21 21:17:27:988</time></pt><pt><x>321</x><y>275</y><time>25-01-21 21:17:28:287</time></pt><pt><x>321</x><y>268</y><time>25-01-21 21:17:28:538</time></pt><pt><x>325</x><y>255</y><time>25-01-21 21:17:29:197</time></pt><pt><x>330</x><y>238</y><time>25-01-21 21:17:30:493</time></pt><pt><x>331</x><y>236</y><time>25-01-21 21:17:30:692</time></pt><pt><x>333</x><y>234</y><time>25-01-21 21:17:30:881</time></pt><pt><x>334</x><y>230</y><time>25-01-21 21:17:31:068</time></pt><pt><x>335</x><y>219</y><time>25-01-21 21:17:31:596</time></pt><pt><x>335</x><y>204</y><time>25-01-21 21:17:33:208</time></pt><pt><x>339</x><y>205</y><time>25-01-21 21:17:33:978</time></pt><pt><x>341</x><y>204</y><time>25-01-21 21:17:34:206</time></pt><pt><x>343</x><y>201</y><time>25-01-21 21:17:34:356</time></pt><pt><x>343</x><y>197</y><time>25-01-21 21:17:34:600</time></pt><pt><x>343</x><y>193</y><time>25-01-21 21:17:34:797</time></pt><pt><x>341</x><y>190</y><time>25-01-21 21:17:34:993</time></pt><pt><x>340</x><y>188</y><time>25-01-21 21:17:35:159</time></pt><pt><x>340</x><y>184</y><time>25-01-21 21:17:35:345</time></pt><pt><x>341</x><y>176</y><time>25-01-21 21:17:35:864</time></pt><pt><x>339</x><y>159</y><time>25-01-21 21:17:37:248</time></pt><pt><x>339</x><y>143</y><time>25-01-21 21:17:37:917</time></pt><pt><x>339</x><y>136</y><time>25-01-21 21:17:42:760</time></pt><pt><x>339</x><y>130</y><time>25-01-21 21:17:43:114</time></pt><pt><x>340</x><y>125</y><time>25-01-21 21:17:43:421</time></pt><pt><x>339</x><y>119</y><time>25-01-21 21:17:43:798</time></pt><pt><x>336</x><y>114</y><time>25-01-21 21:17:44:712</time></pt><pt><x>332</x><y>110</y><time>25-01-21 21:17:45:072</time></pt><pt><x>330</x><y>108</y><time>25-01-21 21:17:45:315</time></pt><pt><x>329</x><y>106</y><time>25-01-21 21:17:45:528</time></pt><pt><x>332</x><y>102</y><time>25-01-21 21:17:49:647</time></pt><pt><x>335</x><y>98</y><time>25-01-21 21:17:53:273</time></pt><pt><x>337</x><y>96</y><time>25-01-21 21:17:53:477</time></pt><pt><x>339</x><y>93</y><time>25-01-21 21:17:53:657</time></pt><pt><x>341</x><y>90</y><time>25-01-21 21:17:53:840</time></pt><pt><x>341</x><y>89</y><time>25-01-21 21:17:54:003</time></pt><pt><x>341</x><y>87</y><time>25-01-21 21:17:54:177</time></pt><pt><x>340</x><y>85</y><time>25-01-21 21:17:54:358</time></pt><pt><x>340</x><y>83</y><time>25-01-21 21:17:54:523</time></pt><pt><x>340</x><y>81</y><time>25-01-21 21:17:54:728</time></pt><pt><x>341</x><y>78</y><time>25-01-21 21:17:55:058</time></pt><pt><x>342</x><y>76</y><time>25-01-21 21:17:55:277</time></pt><pt><x>342</x><y>75</y><time>25-01-21 21:17:55:465</time></pt><pt><x>342</x><y>74</y><time>25-01-21 21:17:55:647</time></pt><pt><x>340</x><y>73</y><time>25-01-21 21:17:55:885</time></pt><closed_date>25-01-21 21:17:56:150</closed_date></polygon></object><object><name>person</name><deleted>0</deleted><verified>0</verified><occluded>no</occluded><attributes></attributes><parts><hasparts></hasparts><ispartof></ispartof></parts><date>25-01-21 21:19:12:354</date><id>1</id><polygon><username>7hao</username><pt><x>463</x><y>37</y><time>25-01-21 21:18:05:741</time></pt><pt><x>463</x><y>35</y><time>25-01-21 21:18:05:982</time></pt><pt><x>465</x><y>32</y><time>25-01-21 21:18:06:297</time></pt><pt><x>468</x><y>28</y><time>25-01-21 21:18:07:773</time></pt><pt><x>469</x><y>24</y><time>25-01-21 21:18:08:168</time></pt><pt><x>467</x><y>12</y><time>25-01-21 21:18:09:323</time></pt><pt><x>463</x><y>8</y><time>25-01-21 21:18:09:788</time></pt><pt><x>458</x><y>4</y><time>25-01-21 21:18:10:745</time></pt><pt><x>454</x><y>3</y><time>25-01-21 21:18:11:234</time></pt><pt><x>450</x><y>4</y><time>25-01-21 21:18:11:518</time></pt><pt><x>446</x><y>6</y><time>25-01-21 21:18:11:824</time></pt><pt><x>441</x><y>8</y><time>25-01-21 21:18:12:067</time></pt><pt><x>435</x><y>10</y><time>25-01-21 21:18:12:443</time></pt><pt><x>433</x><y>11</y><time>25-01-21 21:18:12:744</time></pt><pt><x>431</x><y>15</y><time>25-01-21 21:18:13:074</time></pt><pt><x>431</x><y>17</y><time>25-01-21 21:18:13:261</time></pt><pt><x>431</x><y>20</y><time>25-01-21 21:18:13:445</time></pt><pt><x>431</x><y>24</y><time>25-01-21 21:18:13:639</time></pt><pt><x>430</x><y>27</y><time>25-01-21 21:18:13:819</time></pt><pt><x>428</x><y>28</y><time>25-01-21 21:18:14:009</time></pt><pt><x>427</x><y>30</y><time>25-01-21 21:18:14:182</time></pt><pt><x>427</x><y>32</y><time>25-01-21 21:18:14:378</time></pt><pt><x>428</x><y>34</y><time>25-01-21 21:18:14:576</time></pt><pt><x>430</x><y>37</y><time>25-01-21 21:18:14:739</time></pt><pt><x>430</x><y>41</y><time>25-01-21 21:18:14:898</time></pt><pt><x>431</x><y>45</y><time>25-01-21 21:18:15:110</time></pt><pt><x>433</x><y>47</y><time>25-01-21 21:18:15:316</time></pt><pt><x>437</x><y>48</y><time>25-01-21 21:18:15:644</time></pt><pt><x>440</x><y>49</y><time>25-01-21 21:18:15:975</time></pt><pt><x>441</x><y>50</y><time>25-01-21 21:18:16:186</time></pt><pt><x>442</x><y>51</y><time>25-01-21 21:18:16:407</time></pt><pt><x>439</x><y>52</y><time>25-01-21 21:18:16:571</time></pt><pt><x>438</x><y>53</y><time>25-01-21 21:18:16:729</time></pt><pt><x>437</x><y>54</y><time>25-01-21 21:18:16:901</time></pt><pt><x>435</x><y>57</y><time>25-01-21 21:18:17:303</time></pt><pt><x>435</x><y>59</y><time>25-01-21 21:18:17:483</time></pt><pt><x>435</x><y>62</y><time>25-01-21 21:18:17:680</time></pt><pt><x>435</x><y>63</y><time>25-01-21 21:18:17:870</time></pt><pt><x>435</x><y>66</y><time>25-01-21 21:18:18:081</time></pt><pt><x>434</x><y>67</y><time>25-01-21 21:18:18:245</time></pt><pt><x>431</x><y>72</y><time>25-01-21 21:18:18:481</time></pt><pt><x>429</x><y>84</y><time>25-01-21 21:18:19:467</time></pt><pt><x>429</x><y>88</y><time>25-01-21 21:18:19:763</time></pt><pt><x>427</x><y>113</y><time>25-01-21 21:18:24:575</time></pt><pt><x>427</x><y>117</y><time>25-01-21 21:18:24:867</time></pt><pt><x>427</x><y>120</y><time>25-01-21 21:18:25:040</time></pt><pt><x>425</x><y>123</y><time>25-01-21 21:18:25:377</time></pt><pt><x>424</x><y>127</y><time>25-01-21 21:18:25:710</time></pt><pt><x>424</x><y>131</y><time>25-01-21 21:18:25:890</time></pt><pt><x>424</x><y>135</y><time>25-01-21 21:18:26:078</time></pt><pt><x>424</x><y>142</y><time>25-01-21 21:18:26:284</time></pt><pt><x>423</x><y>147</y><time>25-01-21 21:18:26:488</time></pt><pt><x>423</x><y>150</y><time>25-01-21 21:18:26:700</time></pt><pt><x>422</x><y>152</y><time>25-01-21 21:18:26:857</time></pt><pt><x>422</x><y>155</y><time>25-01-21 21:18:27:039</time></pt><pt><x>424</x><y>158</y><time>25-01-21 21:18:27:227</time></pt><pt><x>425</x><y>161</y><time>25-01-21 21:18:27:415</time></pt><pt><x>425</x><y>164</y><time>25-01-21 21:18:27:603</time></pt><pt><x>424</x><y>167</y><time>25-01-21 21:18:27:910</time></pt><pt><x>423</x><y>172</y><time>25-01-21 21:18:29:545</time></pt><pt><x>424</x><y>176</y><time>25-01-21 21:18:29:799</time></pt><pt><x>425</x><y>180</y><time>25-01-21 21:18:29:971</time></pt><pt><x>427</x><y>185</y><time>25-01-21 21:18:30:160</time></pt><pt><x>429</x><y>189</y><time>25-01-21 21:18:30:421</time></pt><pt><x>430</x><y>193</y><time>25-01-21 21:18:30:655</time></pt><pt><x>430</x><y>196</y><time>25-01-21 21:18:30:844</time></pt><pt><x>430</x><y>199</y><time>25-01-21 21:18:31:016</time></pt><pt><x>427</x><y>213</y><time>25-01-21 21:18:32:622</time></pt><pt><x>427</x><y>218</y><time>25-01-21 21:18:32:897</time></pt><pt><x>427</x><y>221</y><time>25-01-21 21:18:33:038</time></pt><pt><x>429</x><y>225</y><time>25-01-21 21:18:33:202</time></pt><pt><x>433</x><y>229</y><time>25-01-21 21:18:37:007</time></pt><pt><x>434</x><y>232</y><time>25-01-21 21:18:37:198</time></pt><pt><x>434</x><y>236</y><time>25-01-21 21:18:37:370</time></pt><pt><x>434</x><y>241</y><time>25-01-21 21:18:37:544</time></pt><pt><x>435</x><y>247</y><time>25-01-21 21:18:37:756</time></pt><pt><x>434</x><y>255</y><time>25-01-21 21:18:38:338</time></pt><pt><x>435</x><y>258</y><time>25-01-21 21:18:38:510</time></pt><pt><x>436</x><y>264</y><time>25-01-21 21:18:38:667</time></pt><pt><x>435</x><y>279</y><time>25-01-21 21:18:39:092</time></pt><pt><x>432</x><y>284</y><time>25-01-21 21:18:39:405</time></pt><pt><x>429</x><y>286</y><time>25-01-21 21:18:39:596</time></pt><pt><x>427</x><y>288</y><time>25-01-21 21:18:39:800</time></pt><pt><x>421</x><y>295</y><time>25-01-21 21:18:41:025</time></pt><pt><x>414</x><y>300</y><time>25-01-21 21:18:44:486</time></pt><pt><x>408</x><y>304</y><time>25-01-21 21:18:44:794</time></pt><pt><x>403</x><y>305</y><time>25-01-21 21:18:45:044</time></pt><pt><x>399</x><y>305</y><time>25-01-21 21:18:45:258</time></pt><pt><x>398</x><y>307</y><time>25-01-21 21:18:45:438</time></pt><pt><x>400</x><y>310</y><time>25-01-21 21:18:45:698</time></pt><pt><x>407</x><y>312</y><time>25-01-21 21:18:45:910</time></pt><pt><x>416</x><y>314</y><time>25-01-21 21:18:46:130</time></pt><pt><x>429</x><y>315</y><time>25-01-21 21:18:46:342</time></pt><pt><x>450</x><y>313</y><time>25-01-21 21:18:46:586</time></pt><pt><x>453</x><y>312</y><time>25-01-21 21:18:46:829</time></pt><pt><x>450</x><y>310</y><time>25-01-21 21:18:47:543</time></pt><pt><x>453</x><y>309</y><time>25-01-21 21:18:47:693</time></pt><pt><x>456</x><y>309</y><time>25-01-21 21:18:47:843</time></pt><pt><x>458</x><y>309</y><time>25-01-21 21:18:48:055</time></pt><pt><x>462</x><y>309</y><time>25-01-21 21:18:48:267</time></pt><pt><x>482</x><y>309</y><time>25-01-21 21:18:50:225</time></pt><pt><x>488</x><y>309</y><time>25-01-21 21:18:50:547</time></pt><pt><x>489</x><y>308</y><time>25-01-21 21:18:50:767</time></pt><pt><x>489</x><y>306</y><time>25-01-21 21:18:50:925</time></pt><pt><x>490</x><y>301</y><time>25-01-21 21:18:51:146</time></pt><pt><x>489</x><y>295</y><time>25-01-21 21:18:51:342</time></pt><pt><x>487</x><y>292</y><time>25-01-21 21:18:51:545</time></pt><pt><x>485</x><y>289</y><time>25-01-21 21:18:51:744</time></pt><pt><x>481</x><y>282</y><time>25-01-21 21:18:52:073</time></pt><pt><x>479</x><y>273</y><time>25-01-21 21:18:52:617</time></pt><pt><x>479</x><y>261</y><time>25-01-21 21:18:53:779</time></pt><pt><x>479</x><y>249</y><time>25-01-21 21:18:54:094</time></pt><pt><x>478</x><y>242</y><time>25-01-21 21:18:54:337</time></pt><pt><x>476</x><y>236</y><time>25-01-21 21:18:54:590</time></pt><pt><x>472</x><y>227</y><time>25-01-21 21:18:55:030</time></pt><pt><x>469</x><y>220</y><time>25-01-21 21:18:56:217</time></pt><pt><x>468</x><y>213</y><time>25-01-21 21:18:56:454</time></pt><pt><x>468</x><y>210</y><time>25-01-21 21:18:56:690</time></pt><pt><x>467</x><y>207</y><time>25-01-21 21:18:56:878</time></pt><pt><x>468</x><y>203</y><time>25-01-21 21:18:57:121</time></pt><pt><x>468</x><y>194</y><time>25-01-21 21:18:57:573</time></pt><pt><x>468</x><y>189</y><time>25-01-21 21:18:57:954</time></pt><pt><x>470</x><y>184</y><time>25-01-21 21:18:58:253</time></pt><pt><x>477</x><y>166</y><time>25-01-21 21:18:59:472</time></pt><pt><x>482</x><y>156</y><time>25-01-21 21:18:59:882</time></pt><pt><x>483</x><y>150</y><time>25-01-21 21:19:00:157</time></pt><pt><x>482</x><y>145</y><time>25-01-21 21:19:00:383</time></pt><pt><x>484</x><y>132</y><time>25-01-21 21:19:01:767</time></pt><pt><x>485</x><y>120</y><time>25-01-21 21:19:02:169</time></pt><pt><x>486</x><y>110</y><time>25-01-21 21:19:03:523</time></pt><pt><x>487</x><y>93</y><time>25-01-21 21:19:04:292</time></pt><pt><x>488</x><y>79</y><time>25-01-21 21:19:04:756</time></pt><pt><x>489</x><y>69</y><time>25-01-21 21:19:05:189</time></pt><pt><x>488</x><y>55</y><time>25-01-21 21:19:06:793</time></pt><pt><x>485</x><y>50</y><time>25-01-21 21:19:07:405</time></pt><pt><x>481</x><y>46</y><time>25-01-21 21:19:07:799</time></pt><pt><x>478</x><y>44</y><time>25-01-21 21:19:08:012</time></pt><pt><x>476</x><y>40</y><time>25-01-21 21:19:08:184</time></pt><pt><x>473</x><y>38</y><time>25-01-21 21:19:08:522</time></pt><pt><x>470</x><y>38</y><time>25-01-21 21:19:08:805</time></pt><pt><x>466</x><y>38</y><time>25-01-21 21:19:09:041</time></pt><pt><x>464</x><y>38</y><time>25-01-21 21:19:09:379</time></pt><closed_date>25-01-21 21:19:09:648</closed_date></polygon></object></annotation>