<annotation><filename>frame0046.jpg</filename><folder>users/lab605//7hao/human_20210119_4</folder><source><submittedBy>lab605</submittedBy></source><imagesize><nrows>480</nrows><ncols>640</ncols></imagesize><object><name>person</name><deleted>0</deleted><verified>0</verified><occluded>no</occluded><attributes></attributes><parts><hasparts></hasparts><ispartof></ispartof></parts><date>25-01-21 20:50:06:562</date><id>0</id><polygon><username>7hao</username><pt><x>327</x><y>62</y><time>25-01-21 20:48:45:741</time></pt><pt><x>323</x><y>60</y><time>25-01-21 20:48:46:164</time></pt><pt><x>318</x><y>60</y><time>25-01-21 20:48:46:534</time></pt><pt><x>313</x><y>61</y><time>25-01-21 20:48:46:832</time></pt><pt><x>309</x><y>65</y><time>25-01-21 20:48:47:360</time></pt><pt><x>306</x><y>69</y><time>25-01-21 20:48:48:052</time></pt><pt><x>306</x><y>73</y><time>25-01-21 20:48:48:342</time></pt><pt><x>306</x><y>75</y><time>25-01-21 20:48:48:508</time></pt><pt><x>306</x><y>79</y><time>25-01-21 20:48:48:916</time></pt><pt><x>306</x><y>81</y><time>25-01-21 20:48:49:074</time></pt><pt><x>307</x><y>84</y><time>25-01-21 20:48:49:340</time></pt><pt><x>308</x><y>85</y><time>25-01-21 20:48:49:586</time></pt><pt><x>309</x><y>87</y><time>25-01-21 20:48:49:765</time></pt><pt><x>310</x><y>90</y><time>25-01-21 20:48:49:969</time></pt><pt><x>310</x><y>94</y><time>25-01-21 20:48:50:377</time></pt><pt><x>309</x><y>97</y><time>25-01-21 20:48:50:668</time></pt><pt><x>306</x><y>98</y><time>25-01-21 20:48:50:888</time></pt><pt><x>300</x><y>100</y><time>25-01-21 20:48:51:361</time></pt><pt><x>295</x><y>102</y><time>25-01-21 20:48:51:730</time></pt><pt><x>291</x><y>104</y><time>25-01-21 20:48:51:951</time></pt><pt><x>288</x><y>115</y><time>25-01-21 20:48:52:563</time></pt><pt><x>286</x><y>127</y><time>25-01-21 20:48:53:176</time></pt><pt><x>284</x><y>133</y><time>25-01-21 20:48:53:578</time></pt><pt><x>284</x><y>139</y><time>25-01-21 20:48:53:972</time></pt><pt><x>281</x><y>153</y><time>25-01-21 20:48:55:221</time></pt><pt><x>280</x><y>158</y><time>25-01-21 20:48:55:489</time></pt><pt><x>281</x><y>173</y><time>25-01-21 20:49:05:842</time></pt><pt><x>281</x><y>175</y><time>25-01-21 20:49:06:094</time></pt><pt><x>281</x><y>178</y><time>25-01-21 20:49:06:260</time></pt><pt><x>282</x><y>183</y><time>25-01-21 20:49:06:473</time></pt><pt><x>284</x><y>188</y><time>25-01-21 20:49:06:716</time></pt><pt><x>286</x><y>189</y><time>25-01-21 20:49:06:944</time></pt><pt><x>288</x><y>189</y><time>25-01-21 20:49:07:164</time></pt><pt><x>290</x><y>189</y><time>25-01-21 20:49:07:422</time></pt><pt><x>291</x><y>192</y><time>25-01-21 20:49:07:840</time></pt><pt><x>291</x><y>196</y><time>25-01-21 20:49:08:092</time></pt><pt><x>290</x><y>199</y><time>25-01-21 20:49:08:296</time></pt><pt><x>287</x><y>208</y><time>25-01-21 20:49:10:018</time></pt><pt><x>287</x><y>215</y><time>25-01-21 20:49:10:214</time></pt><pt><x>286</x><y>219</y><time>25-01-21 20:49:10:348</time></pt><pt><x>288</x><y>225</y><time>25-01-21 20:49:10:552</time></pt><pt><x>287</x><y>230</y><time>25-01-21 20:49:10:732</time></pt><pt><x>285</x><y>235</y><time>25-01-21 20:49:11:046</time></pt><pt><x>283</x><y>236</y><time>25-01-21 20:49:11:244</time></pt><pt><x>282</x><y>241</y><time>25-01-21 20:49:11:392</time></pt><pt><x>282</x><y>245</y><time>25-01-21 20:49:11:612</time></pt><pt><x>282</x><y>251</y><time>25-01-21 20:49:11:872</time></pt><pt><x>280</x><y>264</y><time>25-01-21 20:49:12:533</time></pt><pt><x>281</x><y>267</y><time>25-01-21 20:49:12:752</time></pt><pt><x>281</x><y>270</y><time>25-01-21 20:49:12:918</time></pt><pt><x>281</x><y>272</y><time>25-01-21 20:49:13:098</time></pt><pt><x>279</x><y>275</y><time>25-01-21 20:49:13:375</time></pt><pt><x>277</x><y>280</y><time>25-01-21 20:49:14:750</time></pt><pt><x>274</x><y>282</y><time>25-01-21 20:49:15:010</time></pt><pt><x>272</x><y>283</y><time>25-01-21 20:49:15:174</time></pt><pt><x>271</x><y>284</y><time>25-01-21 20:49:15:348</time></pt><pt><x>270</x><y>285</y><time>25-01-21 20:49:15:521</time></pt><pt><x>271</x><y>287</y><time>25-01-21 20:49:15:725</time></pt><pt><x>273</x><y>288</y><time>25-01-21 20:49:15:920</time></pt><pt><x>276</x><y>289</y><time>25-01-21 20:49:16:151</time></pt><pt><x>281</x><y>289</y><time>25-01-21 20:49:16:371</time></pt><pt><x>283</x><y>289</y><time>25-01-21 20:49:16:581</time></pt><pt><x>285</x><y>289</y><time>25-01-21 20:49:16:794</time></pt><pt><x>288</x><y>288</y><time>25-01-21 20:49:16:958</time></pt><pt><x>290</x><y>287</y><time>25-01-21 20:49:17:154</time></pt><pt><x>291</x><y>287</y><time>25-01-21 20:49:17:360</time></pt><pt><x>292</x><y>286</y><time>25-01-21 20:49:17:580</time></pt><pt><x>292</x><y>283</y><time>25-01-21 20:49:17:728</time></pt><pt><x>292</x><y>279</y><time>25-01-21 20:49:17:940</time></pt><pt><x>292</x><y>276</y><time>25-01-21 20:49:18:154</time></pt><pt><x>292</x><y>272</y><time>25-01-21 20:49:18:342</time></pt><pt><x>295</x><y>264</y><time>25-01-21 20:49:18:806</time></pt><pt><x>296</x><y>257</y><time>25-01-21 20:49:19:316</time></pt><pt><x>306</x><y>221</y><time>25-01-21 20:49:21:103</time></pt><pt><x>310</x><y>207</y><time>25-01-21 20:49:21:754</time></pt><pt><x>314</x><y>197</y><time>25-01-21 20:49:22:744</time></pt><pt><x>315</x><y>201</y><time>25-01-21 20:49:23:302</time></pt><pt><x>315</x><y>204</y><time>25-01-21 20:49:23:554</time></pt><pt><x>316</x><y>220</y><time>25-01-21 20:49:24:316</time></pt><pt><x>316</x><y>227</y><time>25-01-21 20:49:24:647</time></pt><pt><x>317</x><y>229</y><time>25-01-21 20:49:24:883</time></pt><pt><x>318</x><y>233</y><time>25-01-21 20:49:25:134</time></pt><pt><x>319</x><y>255</y><time>25-01-21 20:49:28:530</time></pt><pt><x>320</x><y>261</y><time>25-01-21 20:49:28:900</time></pt><pt><x>320</x><y>267</y><time>25-01-21 20:49:29:332</time></pt><pt><x>320</x><y>270</y><time>25-01-21 20:49:29:568</time></pt><pt><x>321</x><y>274</y><time>25-01-21 20:49:29:742</time></pt><pt><x>321</x><y>279</y><time>25-01-21 20:49:33:098</time></pt><pt><x>319</x><y>282</y><time>25-01-21 20:49:33:326</time></pt><pt><x>317</x><y>284</y><time>25-01-21 20:49:33:490</time></pt><pt><x>315</x><y>286</y><time>25-01-21 20:49:33:718</time></pt><pt><x>314</x><y>290</y><time>25-01-21 20:49:34:018</time></pt><pt><x>317</x><y>291</y><time>25-01-21 20:49:34:269</time></pt><pt><x>321</x><y>292</y><time>25-01-21 20:49:34:466</time></pt><pt><x>328</x><y>292</y><time>25-01-21 20:49:34:733</time></pt><pt><x>333</x><y>290</y><time>25-01-21 20:49:35:000</time></pt><pt><x>335</x><y>290</y><time>25-01-21 20:49:37:924</time></pt><pt><x>336</x><y>288</y><time>25-01-21 20:49:38:372</time></pt><pt><x>336</x><y>284</y><time>25-01-21 20:49:38:868</time></pt><pt><x>335</x><y>281</y><time>25-01-21 20:49:39:134</time></pt><pt><x>334</x><y>278</y><time>25-01-21 20:49:39:362</time></pt><pt><x>333</x><y>275</y><time>25-01-21 20:49:39:553</time></pt><pt><x>333</x><y>272</y><time>25-01-21 20:49:39:741</time></pt><pt><x>334</x><y>264</y><time>25-01-21 20:49:40:135</time></pt><pt><x>337</x><y>232</y><time>25-01-21 20:49:42:256</time></pt><pt><x>339</x><y>218</y><time>25-01-21 20:49:42:900</time></pt><pt><x>340</x><y>197</y><time>25-01-21 20:49:44:260</time></pt><pt><x>343</x><y>196</y><time>25-01-21 20:49:44:716</time></pt><pt><x>344</x><y>195</y><time>25-01-21 20:49:44:912</time></pt><pt><x>346</x><y>191</y><time>25-01-21 20:49:45:070</time></pt><pt><x>347</x><y>187</y><time>25-01-21 20:49:45:314</time></pt><pt><x>347</x><y>185</y><time>25-01-21 20:49:45:448</time></pt><pt><x>348</x><y>182</y><time>25-01-21 20:49:45:661</time></pt><pt><x>349</x><y>177</y><time>25-01-21 20:49:45:918</time></pt><pt><x>352</x><y>169</y><time>25-01-21 20:49:47:176</time></pt><pt><x>354</x><y>157</y><time>25-01-21 20:49:47:578</time></pt><pt><x>354</x><y>148</y><time>25-01-21 20:49:47:933</time></pt><pt><x>354</x><y>138</y><time>25-01-21 20:49:48:592</time></pt><pt><x>352</x><y>122</y><time>25-01-21 20:49:49:762</time></pt><pt><x>349</x><y>111</y><time>25-01-21 20:49:50:164</time></pt><pt><x>346</x><y>105</y><time>25-01-21 20:49:51:107</time></pt><pt><x>339</x><y>100</y><time>25-01-21 20:49:51:634</time></pt><pt><x>332</x><y>97</y><time>25-01-21 20:49:52:490</time></pt><pt><x>327</x><y>94</y><time>25-01-21 20:49:52:994</time></pt><pt><x>327</x><y>91</y><time>25-01-21 20:49:53:418</time></pt><pt><x>329</x><y>88</y><time>25-01-21 20:49:53:834</time></pt><pt><x>332</x><y>84</y><time>25-01-21 20:49:59:636</time></pt><pt><x>334</x><y>80</y><time>25-01-21 20:50:00:085</time></pt><pt><x>335</x><y>76</y><time>25-01-21 20:50:00:445</time></pt><pt><x>334</x><y>72</y><time>25-01-21 20:50:00:729</time></pt><pt><x>332</x><y>67</y><time>25-01-21 20:50:01:302</time></pt><pt><x>330</x><y>64</y><time>25-01-21 20:50:01:641</time></pt><pt><x>329</x><y>63</y><time>25-01-21 20:50:02:008</time></pt><closed_date>25-01-21 20:50:02:376</closed_date></polygon></object><object><name>person</name><deleted>0</deleted><verified>0</verified><occluded>no</occluded><attributes></attributes><parts><hasparts></hasparts><ispartof></ispartof></parts><date>25-01-21 20:51:02:655</date><id>1</id><polygon><username>7hao</username><pt><x>579</x><y>6</y><time>25-01-21 20:50:21:378</time></pt><pt><x>569</x><y>14</y><time>25-01-21 20:50:22:040</time></pt><pt><x>567</x><y>19</y><time>25-01-21 20:50:22:277</time></pt><pt><x>566</x><y>25</y><time>25-01-21 20:50:22:435</time></pt><pt><x>563</x><y>38</y><time>25-01-21 20:50:22:741</time></pt><pt><x>562</x><y>45</y><time>25-01-21 20:50:23:007</time></pt><pt><x>559</x><y>50</y><time>25-01-21 20:50:23:196</time></pt><pt><x>557</x><y>56</y><time>25-01-21 20:50:23:408</time></pt><pt><x>555</x><y>67</y><time>25-01-21 20:50:23:660</time></pt><pt><x>552</x><y>101</y><time>25-01-21 20:50:24:745</time></pt><pt><x>552</x><y>106</y><time>25-01-21 20:50:24:964</time></pt><pt><x>551</x><y>109</y><time>25-01-21 20:50:25:098</time></pt><pt><x>552</x><y>115</y><time>25-01-21 20:50:25:248</time></pt><pt><x>552</x><y>118</y><time>25-01-21 20:50:25:388</time></pt><pt><x>551</x><y>134</y><time>25-01-21 20:50:25:837</time></pt><pt><x>550</x><y>143</y><time>25-01-21 20:50:26:088</time></pt><pt><x>551</x><y>152</y><time>25-01-21 20:50:26:276</time></pt><pt><x>555</x><y>156</y><time>25-01-21 20:50:26:560</time></pt><pt><x>555</x><y>162</y><time>25-01-21 20:50:29:460</time></pt><pt><x>555</x><y>165</y><time>25-01-21 20:50:29:644</time></pt><pt><x>556</x><y>170</y><time>25-01-21 20:50:29:807</time></pt><pt><x>558</x><y>173</y><time>25-01-21 20:50:29:980</time></pt><pt><x>562</x><y>177</y><time>25-01-21 20:50:30:222</time></pt><pt><x>567</x><y>178</y><time>25-01-21 20:50:30:560</time></pt><pt><x>572</x><y>172</y><time>25-01-21 20:50:30:812</time></pt><pt><x>572</x><y>167</y><time>25-01-21 20:50:30:978</time></pt><pt><x>569</x><y>162</y><time>25-01-21 20:50:31:198</time></pt><pt><x>567</x><y>158</y><time>25-01-21 20:50:31:403</time></pt><pt><x>568</x><y>153</y><time>25-01-21 20:50:31:574</time></pt><pt><x>569</x><y>127</y><time>25-01-21 20:50:34:012</time></pt><pt><x>570</x><y>113</y><time>25-01-21 20:50:34:554</time></pt><pt><x>571</x><y>109</y><time>25-01-21 20:50:34:892</time></pt><pt><x>573</x><y>112</y><time>25-01-21 20:50:35:087</time></pt><pt><x>572</x><y>117</y><time>25-01-21 20:50:35:263</time></pt><pt><x>571</x><y>122</y><time>25-01-21 20:50:35:648</time></pt><pt><x>571</x><y>129</y><time>25-01-21 20:50:36:008</time></pt><pt><x>572</x><y>133</y><time>25-01-21 20:50:36:188</time></pt><pt><x>574</x><y>135</y><time>25-01-21 20:50:36:636</time></pt><pt><x>577</x><y>138</y><time>25-01-21 20:50:36:795</time></pt><pt><x>578</x><y>149</y><time>25-01-21 20:50:37:093</time></pt><pt><x>579</x><y>166</y><time>25-01-21 20:50:37:626</time></pt><pt><x>585</x><y>188</y><time>25-01-21 20:50:39:215</time></pt><pt><x>588</x><y>200</y><time>25-01-21 20:50:39:789</time></pt><pt><x>591</x><y>213</y><time>25-01-21 20:50:40:270</time></pt><pt><x>593</x><y>223</y><time>25-01-21 20:50:40:630</time></pt><pt><x>595</x><y>229</y><time>25-01-21 20:50:40:897</time></pt><pt><x>595</x><y>238</y><time>25-01-21 20:50:41:087</time></pt><pt><x>596</x><y>246</y><time>25-01-21 20:50:41:673</time></pt><pt><x>598</x><y>265</y><time>25-01-21 20:50:42:972</time></pt><pt><x>592</x><y>272</y><time>25-01-21 20:50:43:270</time></pt><pt><x>588</x><y>275</y><time>25-01-21 20:50:43:428</time></pt><pt><x>581</x><y>277</y><time>25-01-21 20:50:43:820</time></pt><pt><x>577</x><y>281</y><time>25-01-21 20:50:43:962</time></pt><pt><x>575</x><y>286</y><time>25-01-21 20:50:44:129</time></pt><pt><x>571</x><y>288</y><time>25-01-21 20:50:44:316</time></pt><pt><x>569</x><y>292</y><time>25-01-21 20:50:44:464</time></pt><pt><x>570</x><y>299</y><time>25-01-21 20:50:44:679</time></pt><pt><x>584</x><y>312</y><time>25-01-21 20:50:45:157</time></pt><pt><x>595</x><y>321</y><time>25-01-21 20:50:45:464</time></pt><pt><x>606</x><y>328</y><time>25-01-21 20:50:45:698</time></pt><pt><x>615</x><y>336</y><time>25-01-21 20:50:46:028</time></pt><pt><x>623</x><y>338</y><time>25-01-21 20:50:46:264</time></pt><pt><x>628</x><y>338</y><time>25-01-21 20:50:46:422</time></pt><pt><x>635</x><y>333</y><time>25-01-21 20:50:46:736</time></pt><pt><x>637</x><y>327</y><time>25-01-21 20:50:46:972</time></pt><pt><x>638</x><y>319</y><time>25-01-21 20:50:47:176</time></pt><pt><x>638</x><y>312</y><time>25-01-21 20:50:47:428</time></pt><pt><x>635</x><y>305</y><time>25-01-21 20:50:47:632</time></pt><pt><x>631</x><y>297</y><time>25-01-21 20:50:47:836</time></pt><pt><x>630</x><y>293</y><time>25-01-21 20:50:48:018</time></pt><pt><x>631</x><y>288</y><time>25-01-21 20:50:48:270</time></pt><pt><x>634</x><y>283</y><time>25-01-21 20:50:48:500</time></pt><pt><x>639</x><y>279</y><time>25-01-21 20:50:49:268</time></pt><pt><x>639</x><y>3</y><time>25-01-21 20:50:52:367</time></pt><pt><x>635</x><y>2</y><time>25-01-21 20:50:52:924</time></pt><pt><x>629</x><y>2</y><time>25-01-21 20:50:53:292</time></pt><pt><x>622</x><y>2</y><time>25-01-21 20:50:53:702</time></pt><pt><x>620</x><y>1</y><time>25-01-21 20:50:54:040</time></pt><pt><x>619</x><y>0</y><time>25-01-21 20:50:56:390</time></pt><pt><x>575</x><y>0</y><time>25-01-21 20:50:58:104</time></pt><pt><x>577</x><y>2</y><time>25-01-21 20:50:58:536</time></pt><pt><x>578</x><y>4</y><time>25-01-21 20:50:58:772</time></pt><closed_date>25-01-21 20:50:58:943</closed_date></polygon></object><object><name>person</name><deleted>0</deleted><verified>0</verified><occluded>no</occluded><attributes></attributes><parts><hasparts></hasparts><ispartof></ispartof></parts><date>25-01-21 20:51:54:302</date><id>2</id><polygon><username>7hao</username><pt><x>532</x><y>54</y><time>25-01-21 20:51:06:178</time></pt><pt><x>538</x><y>41</y><time>25-01-21 20:51:06:690</time></pt><pt><x>539</x><y>31</y><time>25-01-21 20:51:07:122</time></pt><pt><x>537</x><y>25</y><time>25-01-21 20:51:07:454</time></pt><pt><x>526</x><y>17</y><time>25-01-21 20:51:07:910</time></pt><pt><x>516</x><y>18</y><time>25-01-21 20:51:08:292</time></pt><pt><x>504</x><y>28</y><time>25-01-21 20:51:09:944</time></pt><pt><x>503</x><y>29</y><time>25-01-21 20:51:10:337</time></pt><pt><x>503</x><y>32</y><time>25-01-21 20:51:10:502</time></pt><pt><x>504</x><y>37</y><time>25-01-21 20:51:10:722</time></pt><pt><x>504</x><y>41</y><time>25-01-21 20:51:11:085</time></pt><pt><x>504</x><y>45</y><time>25-01-21 20:51:11:249</time></pt><pt><x>504</x><y>47</y><time>25-01-21 20:51:11:452</time></pt><pt><x>505</x><y>51</y><time>25-01-21 20:51:11:656</time></pt><pt><x>506</x><y>53</y><time>25-01-21 20:51:11:799</time></pt><pt><x>506</x><y>57</y><time>25-01-21 20:51:11:973</time></pt><pt><x>511</x><y>60</y><time>25-01-21 20:51:12:311</time></pt><pt><x>511</x><y>62</y><time>25-01-21 20:51:12:546</time></pt><pt><x>508</x><y>64</y><time>25-01-21 20:51:12:750</time></pt><pt><x>505</x><y>66</y><time>25-01-21 20:51:13:016</time></pt><pt><x>505</x><y>70</y><time>25-01-21 20:51:13:174</time></pt><pt><x>505</x><y>73</y><time>25-01-21 20:51:13:354</time></pt><pt><x>499</x><y>77</y><time>25-01-21 20:51:13:708</time></pt><pt><x>495</x><y>83</y><time>25-01-21 20:51:13:977</time></pt><pt><x>493</x><y>94</y><time>25-01-21 20:51:14:339</time></pt><pt><x>489</x><y>121</y><time>25-01-21 20:51:15:831</time></pt><pt><x>486</x><y>134</y><time>25-01-21 20:51:16:302</time></pt><pt><x>484</x><y>143</y><time>25-01-21 20:51:16:624</time></pt><pt><x>483</x><y>148</y><time>25-01-21 20:51:16:852</time></pt><pt><x>482</x><y>152</y><time>25-01-21 20:51:17:042</time></pt><pt><x>483</x><y>159</y><time>25-01-21 20:51:20:854</time></pt><pt><x>482</x><y>164</y><time>25-01-21 20:51:21:153</time></pt><pt><x>481</x><y>167</y><time>25-01-21 20:51:21:326</time></pt><pt><x>480</x><y>172</y><time>25-01-21 20:51:21:522</time></pt><pt><x>480</x><y>177</y><time>25-01-21 20:51:21:734</time></pt><pt><x>479</x><y>186</y><time>25-01-21 20:51:21:954</time></pt><pt><x>479</x><y>192</y><time>25-01-21 20:51:22:167</time></pt><pt><x>478</x><y>198</y><time>25-01-21 20:51:22:357</time></pt><pt><x>477</x><y>205</y><time>25-01-21 20:51:22:575</time></pt><pt><x>476</x><y>212</y><time>25-01-21 20:51:22:873</time></pt><pt><x>476</x><y>217</y><time>25-01-21 20:51:23:070</time></pt><pt><x>479</x><y>223</y><time>25-01-21 20:51:23:282</time></pt><pt><x>484</x><y>228</y><time>25-01-21 20:51:23:535</time></pt><pt><x>500</x><y>250</y><time>25-01-21 20:51:25:082</time></pt><pt><x>506</x><y>253</y><time>25-01-21 20:51:25:382</time></pt><pt><x>514</x><y>264</y><time>25-01-21 20:51:28:620</time></pt><pt><x>511</x><y>268</y><time>25-01-21 20:51:28:833</time></pt><pt><x>509</x><y>270</y><time>25-01-21 20:51:28:980</time></pt><pt><x>508</x><y>277</y><time>25-01-21 20:51:34:350</time></pt><pt><x>505</x><y>282</y><time>25-01-21 20:51:34:680</time></pt><pt><x>497</x><y>286</y><time>25-01-21 20:51:35:057</time></pt><pt><x>496</x><y>289</y><time>25-01-21 20:51:35:239</time></pt><pt><x>497</x><y>291</y><time>25-01-21 20:51:35:434</time></pt><pt><x>501</x><y>292</y><time>25-01-21 20:51:35:638</time></pt><pt><x>505</x><y>292</y><time>25-01-21 20:51:35:859</time></pt><pt><x>506</x><y>295</y><time>25-01-21 20:51:36:065</time></pt><pt><x>508</x><y>298</y><time>25-01-21 20:51:36:363</time></pt><pt><x>518</x><y>300</y><time>25-01-21 20:51:36:692</time></pt><pt><x>540</x><y>297</y><time>25-01-21 20:51:37:266</time></pt><pt><x>543</x><y>294</y><time>25-01-21 20:51:37:548</time></pt><pt><x>541</x><y>289</y><time>25-01-21 20:51:37:752</time></pt><pt><x>539</x><y>282</y><time>25-01-21 20:51:38:029</time></pt><pt><x>537</x><y>278</y><time>25-01-21 20:51:38:224</time></pt><pt><x>538</x><y>271</y><time>25-01-21 20:51:38:436</time></pt><pt><x>540</x><y>257</y><time>25-01-21 20:51:38:868</time></pt><pt><x>542</x><y>243</y><time>25-01-21 20:51:39:292</time></pt><pt><x>539</x><y>221</y><time>25-01-21 20:51:40:456</time></pt><pt><x>537</x><y>215</y><time>25-01-21 20:51:40:732</time></pt><pt><x>537</x><y>206</y><time>25-01-21 20:51:40:937</time></pt><pt><x>537</x><y>199</y><time>25-01-21 20:51:41:132</time></pt><pt><x>541</x><y>173</y><time>25-01-21 20:51:42:642</time></pt><pt><x>546</x><y>162</y><time>25-01-21 20:51:43:018</time></pt><pt><x>546</x><y>158</y><time>25-01-21 20:51:43:216</time></pt><pt><x>546</x><y>150</y><time>25-01-21 20:51:43:546</time></pt><pt><x>546</x><y>147</y><time>25-01-21 20:51:43:782</time></pt><pt><x>548</x><y>143</y><time>25-01-21 20:51:44:120</time></pt><pt><x>551</x><y>113</y><time>25-01-21 20:51:45:708</time></pt><pt><x>549</x><y>110</y><time>25-01-21 20:51:46:186</time></pt><pt><x>549</x><y>107</y><time>25-01-21 20:51:46:604</time></pt><pt><x>550</x><y>105</y><time>25-01-21 20:51:46:942</time></pt><pt><x>551</x><y>100</y><time>25-01-21 20:51:47:854</time></pt><pt><x>551</x><y>91</y><time>25-01-21 20:51:48:584</time></pt><pt><x>554</x><y>66</y><time>25-01-21 20:51:50:006</time></pt><pt><x>550</x><y>63</y><time>25-01-21 20:51:50:440</time></pt><pt><x>546</x><y>61</y><time>25-01-21 20:51:50:636</time></pt><pt><x>543</x><y>60</y><time>25-01-21 20:51:50:865</time></pt><pt><x>542</x><y>57</y><time>25-01-21 20:51:51:028</time></pt><pt><x>538</x><y>57</y><time>25-01-21 20:51:51:194</time></pt><pt><x>534</x><y>55</y><time>25-01-21 20:51:51:587</time></pt><closed_date>25-01-21 20:51:52:012</closed_date></polygon></object></annotation>