<annotation><filename>frame0007.jpg</filename><folder>users/lab605//7hao/human_20210119_4</folder><source><submittedBy>lab605</submittedBy></source><imagesize><nrows>480</nrows><ncols>640</ncols></imagesize><object><name>person</name><deleted>0</deleted><verified>0</verified><occluded>no</occluded><attributes></attributes><parts><hasparts></hasparts><ispartof></ispartof></parts><date>20-01-21 21:19:47:454</date><id>0</id><polygon><username>7hao</username><pt><x>449</x><y>21</y><time>20-01-21 21:17:50:603</time></pt><pt><x>447</x><y>19</y><time>20-01-21 21:17:51:001</time></pt><pt><x>444</x><y>19</y><time>20-01-21 21:17:51:315</time></pt><pt><x>441</x><y>19</y><time>20-01-21 21:17:51:569</time></pt><pt><x>440</x><y>20</y><time>20-01-21 21:17:51:779</time></pt><pt><x>438</x><y>21</y><time>20-01-21 21:17:51:954</time></pt><pt><x>436</x><y>22</y><time>20-01-21 21:17:52:199</time></pt><pt><x>433</x><y>23</y><time>20-01-21 21:17:52:395</time></pt><pt><x>431</x><y>24</y><time>20-01-21 21:17:52:568</time></pt><pt><x>430</x><y>25</y><time>20-01-21 21:17:52:739</time></pt><pt><x>430</x><y>29</y><time>20-01-21 21:17:52:944</time></pt><pt><x>429</x><y>31</y><time>20-01-21 21:17:53:149</time></pt><pt><x>428</x><y>33</y><time>20-01-21 21:17:53:338</time></pt><pt><x>427</x><y>35</y><time>20-01-21 21:17:53:510</time></pt><pt><x>428</x><y>38</y><time>20-01-21 21:17:53:708</time></pt><pt><x>428</x><y>39</y><time>20-01-21 21:17:53:897</time></pt><pt><x>427</x><y>42</y><time>20-01-21 21:17:54:103</time></pt><pt><x>427</x><y>44</y><time>20-01-21 21:17:54:274</time></pt><pt><x>427</x><y>47</y><time>20-01-21 21:17:54:431</time></pt><pt><x>427</x><y>49</y><time>20-01-21 21:17:54:612</time></pt><pt><x>428</x><y>52</y><time>20-01-21 21:17:54:840</time></pt><pt><x>429</x><y>54</y><time>20-01-21 21:17:55:211</time></pt><pt><x>430</x><y>55</y><time>20-01-21 21:17:55:392</time></pt><pt><x>430</x><y>58</y><time>20-01-21 21:17:55:557</time></pt><pt><x>429</x><y>60</y><time>20-01-21 21:17:55:791</time></pt><pt><x>428</x><y>60</y><time>20-01-21 21:17:56:404</time></pt><pt><x>425</x><y>61</y><time>20-01-21 21:17:56:640</time></pt><pt><x>422</x><y>61</y><time>20-01-21 21:17:56:994</time></pt><pt><x>415</x><y>65</y><time>20-01-21 21:17:58:427</time></pt><pt><x>412</x><y>67</y><time>20-01-21 21:17:58:842</time></pt><pt><x>410</x><y>68</y><time>20-01-21 21:17:59:141</time></pt><pt><x>409</x><y>70</y><time>20-01-21 21:17:59:379</time></pt><pt><x>408</x><y>73</y><time>20-01-21 21:17:59:552</time></pt><pt><x>407</x><y>76</y><time>20-01-21 21:17:59:769</time></pt><pt><x>405</x><y>80</y><time>20-01-21 21:18:00:053</time></pt><pt><x>403</x><y>84</y><time>20-01-21 21:18:00:345</time></pt><pt><x>401</x><y>87</y><time>20-01-21 21:18:00:579</time></pt><pt><x>400</x><y>91</y><time>20-01-21 21:18:00:754</time></pt><pt><x>396</x><y>99</y><time>20-01-21 21:18:01:982</time></pt><pt><x>396</x><y>103</y><time>20-01-21 21:18:02:335</time></pt><pt><x>394</x><y>108</y><time>20-01-21 21:18:02:859</time></pt><pt><x>392</x><y>112</y><time>20-01-21 21:18:03:246</time></pt><pt><x>390</x><y>123</y><time>20-01-21 21:18:07:353</time></pt><pt><x>388</x><y>131</y><time>20-01-21 21:18:07:832</time></pt><pt><x>386</x><y>138</y><time>20-01-21 21:18:08:288</time></pt><pt><x>385</x><y>144</y><time>20-01-21 21:18:08:659</time></pt><pt><x>384</x><y>149</y><time>20-01-21 21:18:08:950</time></pt><pt><x>384</x><y>156</y><time>20-01-21 21:18:10:371</time></pt><pt><x>384</x><y>160</y><time>20-01-21 21:18:10:617</time></pt><pt><x>384</x><y>164</y><time>20-01-21 21:18:10:852</time></pt><pt><x>384</x><y>168</y><time>20-01-21 21:18:11:071</time></pt><pt><x>383</x><y>171</y><time>20-01-21 21:18:11:285</time></pt><pt><x>381</x><y>173</y><time>20-01-21 21:18:11:482</time></pt><pt><x>380</x><y>175</y><time>20-01-21 21:18:11:646</time></pt><pt><x>379</x><y>177</y><time>20-01-21 21:18:11:834</time></pt><pt><x>380</x><y>180</y><time>20-01-21 21:18:12:088</time></pt><pt><x>382</x><y>183</y><time>20-01-21 21:18:12:322</time></pt><pt><x>384</x><y>184</y><time>20-01-21 21:18:12:568</time></pt><pt><x>386</x><y>185</y><time>20-01-21 21:18:12:810</time></pt><pt><x>388</x><y>186</y><time>20-01-21 21:18:13:101</time></pt><pt><x>389</x><y>186</y><time>20-01-21 21:18:13:368</time></pt><pt><x>390</x><y>184</y><time>20-01-21 21:18:13:628</time></pt><pt><x>391</x><y>183</y><time>20-01-21 21:18:13:802</time></pt><pt><x>392</x><y>181</y><time>20-01-21 21:18:13:966</time></pt><pt><x>392</x><y>178</y><time>20-01-21 21:18:14:147</time></pt><pt><x>392</x><y>177</y><time>20-01-21 21:18:14:304</time></pt><pt><x>391</x><y>176</y><time>20-01-21 21:18:14:469</time></pt><pt><x>391</x><y>174</y><time>20-01-21 21:18:14:665</time></pt><pt><x>392</x><y>171</y><time>20-01-21 21:18:14:877</time></pt><pt><x>393</x><y>169</y><time>20-01-21 21:18:15:027</time></pt><pt><x>394</x><y>166</y><time>20-01-21 21:18:15:304</time></pt><pt><x>406</x><y>138</y><time>20-01-21 21:18:16:403</time></pt><pt><x>407</x><y>134</y><time>20-01-21 21:18:16:822</time></pt><pt><x>408</x><y>131</y><time>20-01-21 21:18:17:131</time></pt><pt><x>413</x><y>123</y><time>20-01-21 21:18:18:552</time></pt><pt><x>414</x><y>118</y><time>20-01-21 21:18:18:850</time></pt><pt><x>415</x><y>115</y><time>20-01-21 21:18:19:086</time></pt><pt><x>416</x><y>112</y><time>20-01-21 21:18:19:300</time></pt><pt><x>417</x><y>110</y><time>20-01-21 21:18:19:520</time></pt><pt><x>418</x><y>109</y><time>20-01-21 21:18:19:724</time></pt><pt><x>418</x><y>111</y><time>20-01-21 21:18:19:984</time></pt><pt><x>418</x><y>115</y><time>20-01-21 21:18:20:164</time></pt><pt><x>419</x><y>119</y><time>20-01-21 21:18:20:678</time></pt><pt><x>420</x><y>123</y><time>20-01-21 21:18:20:933</time></pt><pt><x>420</x><y>126</y><time>20-01-21 21:18:21:132</time></pt><pt><x>421</x><y>129</y><time>20-01-21 21:18:21:336</time></pt><pt><x>420</x><y>132</y><time>20-01-21 21:18:21:524</time></pt><pt><x>420</x><y>135</y><time>20-01-21 21:18:22:657</time></pt><pt><x>421</x><y>140</y><time>20-01-21 21:18:22:932</time></pt><pt><x>422</x><y>143</y><time>20-01-21 21:18:23:122</time></pt><pt><x>422</x><y>145</y><time>20-01-21 21:18:23:302</time></pt><pt><x>424</x><y>149</y><time>20-01-21 21:18:23:514</time></pt><pt><x>425</x><y>151</y><time>20-01-21 21:18:23:679</time></pt><pt><x>425</x><y>154</y><time>20-01-21 21:18:23:892</time></pt><pt><x>425</x><y>156</y><time>20-01-21 21:18:24:051</time></pt><pt><x>424</x><y>159</y><time>20-01-21 21:18:24:198</time></pt><pt><x>423</x><y>162</y><time>20-01-21 21:18:24:481</time></pt><pt><x>422</x><y>165</y><time>20-01-21 21:18:25:545</time></pt><pt><x>421</x><y>167</y><time>20-01-21 21:18:25:797</time></pt><pt><x>420</x><y>170</y><time>20-01-21 21:18:25:935</time></pt><pt><x>420</x><y>171</y><time>20-01-21 21:18:26:093</time></pt><pt><x>420</x><y>174</y><time>20-01-21 21:18:26:282</time></pt><pt><x>420</x><y>177</y><time>20-01-21 21:18:26:496</time></pt><pt><x>420</x><y>180</y><time>20-01-21 21:18:26:708</time></pt><pt><x>419</x><y>183</y><time>20-01-21 21:18:26:871</time></pt><pt><x>420</x><y>202</y><time>20-01-21 21:18:28:280</time></pt><pt><x>420</x><y>212</y><time>20-01-21 21:18:28:735</time></pt><pt><x>421</x><y>217</y><time>20-01-21 21:18:29:082</time></pt><pt><x>421</x><y>221</y><time>20-01-21 21:18:29:325</time></pt><pt><x>422</x><y>224</y><time>20-01-21 21:18:29:539</time></pt><pt><x>422</x><y>227</y><time>20-01-21 21:18:29:750</time></pt><pt><x>422</x><y>231</y><time>20-01-21 21:18:31:452</time></pt><pt><x>422</x><y>237</y><time>20-01-21 21:18:31:696</time></pt><pt><x>422</x><y>240</y><time>20-01-21 21:18:31:890</time></pt><pt><x>424</x><y>242</y><time>20-01-21 21:18:32:089</time></pt><pt><x>425</x><y>244</y><time>20-01-21 21:18:32:338</time></pt><pt><x>425</x><y>248</y><time>20-01-21 21:18:32:504</time></pt><pt><x>425</x><y>250</y><time>20-01-21 21:18:32:708</time></pt><pt><x>425</x><y>252</y><time>20-01-21 21:18:32:890</time></pt><pt><x>426</x><y>262</y><time>20-01-21 21:18:34:509</time></pt><pt><x>427</x><y>269</y><time>20-01-21 21:18:34:793</time></pt><pt><x>427</x><y>274</y><time>20-01-21 21:18:35:012</time></pt><pt><x>427</x><y>277</y><time>20-01-21 21:18:35:186</time></pt><pt><x>427</x><y>280</y><time>20-01-21 21:18:35:357</time></pt><pt><x>427</x><y>284</y><time>20-01-21 21:18:35:572</time></pt><pt><x>427</x><y>289</y><time>20-01-21 21:18:35:806</time></pt><pt><x>427</x><y>291</y><time>20-01-21 21:18:35:972</time></pt><pt><x>428</x><y>294</y><time>20-01-21 21:18:36:208</time></pt><pt><x>427</x><y>298</y><time>20-01-21 21:18:36:436</time></pt><pt><x>426</x><y>299</y><time>20-01-21 21:18:36:586</time></pt><pt><x>423</x><y>303</y><time>20-01-21 21:18:37:779</time></pt><pt><x>420</x><y>306</y><time>20-01-21 21:18:38:031</time></pt><pt><x>418</x><y>308</y><time>20-01-21 21:18:38:307</time></pt><pt><x>415</x><y>309</y><time>20-01-21 21:18:38:574</time></pt><pt><x>410</x><y>310</y><time>20-01-21 21:18:38:764</time></pt><pt><x>407</x><y>310</y><time>20-01-21 21:18:39:015</time></pt><pt><x>402</x><y>311</y><time>20-01-21 21:18:39:253</time></pt><pt><x>400</x><y>311</y><time>20-01-21 21:18:39:424</time></pt><pt><x>399</x><y>312</y><time>20-01-21 21:18:39:745</time></pt><pt><x>399</x><y>316</y><time>20-01-21 21:18:40:226</time></pt><pt><x>401</x><y>317</y><time>20-01-21 21:18:40:635</time></pt><pt><x>404</x><y>318</y><time>20-01-21 21:18:41:202</time></pt><pt><x>408</x><y>319</y><time>20-01-21 21:18:41:643</time></pt><pt><x>413</x><y>319</y><time>20-01-21 21:18:41:996</time></pt><pt><x>418</x><y>320</y><time>20-01-21 21:18:42:326</time></pt><pt><x>422</x><y>320</y><time>20-01-21 21:18:42:720</time></pt><pt><x>427</x><y>320</y><time>20-01-21 21:18:43:018</time></pt><pt><x>431</x><y>320</y><time>20-01-21 21:18:43:279</time></pt><pt><x>434</x><y>320</y><time>20-01-21 21:18:43:615</time></pt><pt><x>439</x><y>320</y><time>20-01-21 21:18:43:889</time></pt><pt><x>442</x><y>321</y><time>20-01-21 21:18:44:104</time></pt><pt><x>446</x><y>320</y><time>20-01-21 21:18:44:339</time></pt><pt><x>449</x><y>320</y><time>20-01-21 21:18:44:545</time></pt><pt><x>451</x><y>319</y><time>20-01-21 21:18:44:739</time></pt><pt><x>452</x><y>318</y><time>20-01-21 21:18:44:951</time></pt><pt><x>451</x><y>315</y><time>20-01-21 21:18:45:370</time></pt><pt><x>449</x><y>312</y><time>20-01-21 21:18:45:605</time></pt><pt><x>449</x><y>311</y><time>20-01-21 21:18:45:793</time></pt><pt><x>449</x><y>308</y><time>20-01-21 21:18:45:989</time></pt><pt><x>449</x><y>306</y><time>20-01-21 21:18:46:172</time></pt><pt><x>448</x><y>301</y><time>20-01-21 21:18:46:384</time></pt><pt><x>447</x><y>300</y><time>20-01-21 21:18:46:587</time></pt><pt><x>446</x><y>299</y><time>20-01-21 21:18:46:799</time></pt><pt><x>445</x><y>296</y><time>20-01-21 21:18:46:990</time></pt><pt><x>446</x><y>294</y><time>20-01-21 21:18:47:169</time></pt><pt><x>447</x><y>292</y><time>20-01-21 21:18:47:365</time></pt><pt><x>448</x><y>290</y><time>20-01-21 21:18:47:566</time></pt><pt><x>447</x><y>286</y><time>20-01-21 21:18:47:793</time></pt><pt><x>448</x><y>282</y><time>20-01-21 21:18:47:995</time></pt><pt><x>448</x><y>278</y><time>20-01-21 21:18:48:210</time></pt><pt><x>449</x><y>273</y><time>20-01-21 21:18:49:521</time></pt><pt><x>449</x><y>269</y><time>20-01-21 21:18:49:843</time></pt><pt><x>450</x><y>262</y><time>20-01-21 21:18:50:247</time></pt><pt><x>449</x><y>255</y><time>20-01-21 21:18:50:695</time></pt><pt><x>449</x><y>232</y><time>20-01-21 21:18:51:914</time></pt><pt><x>447</x><y>229</y><time>20-01-21 21:18:52:281</time></pt><pt><x>446</x><y>225</y><time>20-01-21 21:18:52:509</time></pt><pt><x>447</x><y>221</y><time>20-01-21 21:18:52:724</time></pt><pt><x>447</x><y>218</y><time>20-01-21 21:18:53:030</time></pt><pt><x>449</x><y>211</y><time>20-01-21 21:18:53:406</time></pt><pt><x>451</x><y>208</y><time>20-01-21 21:18:53:666</time></pt><pt><x>452</x><y>204</y><time>20-01-21 21:18:53:995</time></pt><pt><x>452</x><y>201</y><time>20-01-21 21:18:54:241</time></pt><pt><x>453</x><y>198</y><time>20-01-21 21:18:54:610</time></pt><pt><x>454</x><y>197</y><time>20-01-21 21:18:54:916</time></pt><pt><x>455</x><y>202</y><time>20-01-21 21:18:55:405</time></pt><pt><x>457</x><y>206</y><time>20-01-21 21:18:55:835</time></pt><pt><x>458</x><y>211</y><time>20-01-21 21:18:56:216</time></pt><pt><x>459</x><y>214</y><time>20-01-21 21:18:56:442</time></pt><pt><x>459</x><y>220</y><time>20-01-21 21:18:56:748</time></pt><pt><x>460</x><y>224</y><time>20-01-21 21:18:56:993</time></pt><pt><x>461</x><y>230</y><time>20-01-21 21:18:57:260</time></pt><pt><x>462</x><y>235</y><time>20-01-21 21:18:57:537</time></pt><pt><x>462</x><y>239</y><time>20-01-21 21:18:57:739</time></pt><pt><x>465</x><y>243</y><time>20-01-21 21:18:58:182</time></pt><pt><x>465</x><y>249</y><time>20-01-21 21:18:58:509</time></pt><pt><x>465</x><y>251</y><time>20-01-21 21:18:58:706</time></pt><pt><x>466</x><y>253</y><time>20-01-21 21:19:00:893</time></pt><pt><x>467</x><y>258</y><time>20-01-21 21:19:01:287</time></pt><pt><x>468</x><y>263</y><time>20-01-21 21:19:01:572</time></pt><pt><x>469</x><y>268</y><time>20-01-21 21:19:01:814</time></pt><pt><x>470</x><y>273</y><time>20-01-21 21:19:02:058</time></pt><pt><x>470</x><y>276</y><time>20-01-21 21:19:02:271</time></pt><pt><x>472</x><y>280</y><time>20-01-21 21:19:02:466</time></pt><pt><x>473</x><y>285</y><time>20-01-21 21:19:02:686</time></pt><pt><x>474</x><y>288</y><time>20-01-21 21:19:02:882</time></pt><pt><x>475</x><y>291</y><time>20-01-21 21:19:03:118</time></pt><pt><x>476</x><y>293</y><time>20-01-21 21:19:06:703</time></pt><pt><x>476</x><y>296</y><time>20-01-21 21:19:06:912</time></pt><pt><x>476</x><y>300</y><time>20-01-21 21:19:07:138</time></pt><pt><x>476</x><y>302</y><time>20-01-21 21:19:07:396</time></pt><pt><x>476</x><y>304</y><time>20-01-21 21:19:07:578</time></pt><pt><x>475</x><y>306</y><time>20-01-21 21:19:07:734</time></pt><pt><x>475</x><y>310</y><time>20-01-21 21:19:07:942</time></pt><pt><x>475</x><y>312</y><time>20-01-21 21:19:08:136</time></pt><pt><x>475</x><y>314</y><time>20-01-21 21:19:08:351</time></pt><pt><x>478</x><y>316</y><time>20-01-21 21:19:09:277</time></pt><pt><x>483</x><y>316</y><time>20-01-21 21:19:09:665</time></pt><pt><x>486</x><y>317</y><time>20-01-21 21:19:09:906</time></pt><pt><x>490</x><y>316</y><time>20-01-21 21:19:10:125</time></pt><pt><x>493</x><y>316</y><time>20-01-21 21:19:10:354</time></pt><pt><x>495</x><y>315</y><time>20-01-21 21:19:10:552</time></pt><pt><x>497</x><y>314</y><time>20-01-21 21:19:10:756</time></pt><pt><x>499</x><y>314</y><time>20-01-21 21:19:10:951</time></pt><pt><x>500</x><y>313</y><time>20-01-21 21:19:11:085</time></pt><pt><x>501</x><y>311</y><time>20-01-21 21:19:11:478</time></pt><pt><x>500</x><y>310</y><time>20-01-21 21:19:11:668</time></pt><pt><x>499</x><y>308</y><time>20-01-21 21:19:11:840</time></pt><pt><x>499</x><y>306</y><time>20-01-21 21:19:11:998</time></pt><pt><x>497</x><y>305</y><time>20-01-21 21:19:12:219</time></pt><pt><x>495</x><y>304</y><time>20-01-21 21:19:12:430</time></pt><pt><x>493</x><y>302</y><time>20-01-21 21:19:12:652</time></pt><pt><x>492</x><y>299</y><time>20-01-21 21:19:12:831</time></pt><pt><x>492</x><y>297</y><time>20-01-21 21:19:12:997</time></pt><pt><x>491</x><y>294</y><time>20-01-21 21:19:13:178</time></pt><pt><x>491</x><y>293</y><time>20-01-21 21:19:13:349</time></pt><pt><x>492</x><y>291</y><time>20-01-21 21:19:13:532</time></pt><pt><x>492</x><y>289</y><time>20-01-21 21:19:13:735</time></pt><pt><x>493</x><y>287</y><time>20-01-21 21:19:13:916</time></pt><pt><x>493</x><y>283</y><time>20-01-21 21:19:14:130</time></pt><pt><x>492</x><y>281</y><time>20-01-21 21:19:14:310</time></pt><pt><x>492</x><y>278</y><time>20-01-21 21:19:14:529</time></pt><pt><x>491</x><y>277</y><time>20-01-21 21:19:14:718</time></pt><pt><x>491</x><y>275</y><time>20-01-21 21:19:14:909</time></pt><pt><x>491</x><y>265</y><time>20-01-21 21:19:16:222</time></pt><pt><x>491</x><y>260</y><time>20-01-21 21:19:16:488</time></pt><pt><x>490</x><y>256</y><time>20-01-21 21:19:16:787</time></pt><pt><x>490</x><y>253</y><time>20-01-21 21:19:17:045</time></pt><pt><x>490</x><y>249</y><time>20-01-21 21:19:17:686</time></pt><pt><x>487</x><y>244</y><time>20-01-21 21:19:17:929</time></pt><pt><x>487</x><y>240</y><time>20-01-21 21:19:18:336</time></pt><pt><x>486</x><y>238</y><time>20-01-21 21:19:18:605</time></pt><pt><x>485</x><y>235</y><time>20-01-21 21:19:18:823</time></pt><pt><x>486</x><y>230</y><time>20-01-21 21:19:20:099</time></pt><pt><x>487</x><y>222</y><time>20-01-21 21:19:20:545</time></pt><pt><x>486</x><y>207</y><time>20-01-21 21:19:21:765</time></pt><pt><x>486</x><y>202</y><time>20-01-21 21:19:22:128</time></pt><pt><x>487</x><y>197</y><time>20-01-21 21:19:22:441</time></pt><pt><x>489</x><y>194</y><time>20-01-21 21:19:23:165</time></pt><pt><x>492</x><y>191</y><time>20-01-21 21:19:23:849</time></pt><pt><x>493</x><y>187</y><time>20-01-21 21:19:24:156</time></pt><pt><x>493</x><y>182</y><time>20-01-21 21:19:24:534</time></pt><pt><x>493</x><y>178</y><time>20-01-21 21:19:25:242</time></pt><pt><x>493</x><y>176</y><time>20-01-21 21:19:25:596</time></pt><pt><x>496</x><y>163</y><time>20-01-21 21:19:28:113</time></pt><pt><x>495</x><y>157</y><time>20-01-21 21:19:28:513</time></pt><pt><x>495</x><y>151</y><time>20-01-21 21:19:28:923</time></pt><pt><x>495</x><y>145</y><time>20-01-21 21:19:29:237</time></pt><pt><x>494</x><y>138</y><time>20-01-21 21:19:29:653</time></pt><pt><x>494</x><y>134</y><time>20-01-21 21:19:29:954</time></pt><pt><x>493</x><y>131</y><time>20-01-21 21:19:30:174</time></pt><pt><x>493</x><y>129</y><time>20-01-21 21:19:30:345</time></pt><pt><x>493</x><y>119</y><time>20-01-21 21:19:31:590</time></pt><pt><x>492</x><y>112</y><time>20-01-21 21:19:31:904</time></pt><pt><x>490</x><y>95</y><time>20-01-21 21:19:33:093</time></pt><pt><x>488</x><y>86</y><time>20-01-21 21:19:33:548</time></pt><pt><x>486</x><y>80</y><time>20-01-21 21:19:33:917</time></pt><pt><x>485</x><y>77</y><time>20-01-21 21:19:34:209</time></pt><pt><x>483</x><y>74</y><time>20-01-21 21:19:34:870</time></pt><pt><x>478</x><y>71</y><time>20-01-21 21:19:35:341</time></pt><pt><x>470</x><y>67</y><time>20-01-21 21:19:36:071</time></pt><pt><x>457</x><y>61</y><time>20-01-21 21:19:37:607</time></pt><pt><x>454</x><y>59</y><time>20-01-21 21:19:38:369</time></pt><pt><x>453</x><y>58</y><time>20-01-21 21:19:38:731</time></pt><pt><x>453</x><y>56</y><time>20-01-21 21:19:38:990</time></pt><pt><x>455</x><y>56</y><time>20-01-21 21:19:39:392</time></pt><pt><x>458</x><y>54</y><time>20-01-21 21:19:39:840</time></pt><pt><x>459</x><y>52</y><time>20-01-21 21:19:40:155</time></pt><pt><x>460</x><y>51</y><time>20-01-21 21:19:40:366</time></pt><pt><x>463</x><y>44</y><time>20-01-21 21:19:41:854</time></pt><pt><x>465</x><y>41</y><time>20-01-21 21:19:42:136</time></pt><pt><x>467</x><y>39</y><time>20-01-21 21:19:42:371</time></pt><pt><x>467</x><y>36</y><time>20-01-21 21:19:42:625</time></pt><pt><x>466</x><y>32</y><time>20-01-21 21:19:42:875</time></pt><pt><x>464</x><y>28</y><time>20-01-21 21:19:43:127</time></pt><pt><x>463</x><y>25</y><time>20-01-21 21:19:43:340</time></pt><pt><x>460</x><y>22</y><time>20-01-21 21:19:43:640</time></pt><pt><x>458</x><y>21</y><time>20-01-21 21:19:43:929</time></pt><pt><x>454</x><y>21</y><time>20-01-21 21:19:44:152</time></pt><pt><x>452</x><y>21</y><time>20-01-21 21:19:44:386</time></pt><pt><x>451</x><y>21</y><time>20-01-21 21:19:44:598</time></pt><closed_date>20-01-21 21:19:44:939</closed_date></polygon></object><object><name>person</name><deleted>0</deleted><verified>0</verified><occluded>no</occluded><attributes></attributes><parts><hasparts></hasparts><ispartof></ispartof></parts><date>20-01-21 21:20:44:310</date><id>1</id><polygon><username>7hao</username><pt><x>287</x><y>95</y><time>20-01-21 21:19:53:887</time></pt><pt><x>285</x><y>93</y><time>20-01-21 21:19:54:256</time></pt><pt><x>281</x><y>94</y><time>20-01-21 21:19:54:525</time></pt><pt><x>278</x><y>95</y><time>20-01-21 21:19:54:744</time></pt><pt><x>276</x><y>95</y><time>20-01-21 21:19:55:011</time></pt><pt><x>274</x><y>97</y><time>20-01-21 21:19:55:216</time></pt><pt><x>273</x><y>98</y><time>20-01-21 21:19:55:405</time></pt><pt><x>272</x><y>100</y><time>20-01-21 21:19:55:612</time></pt><pt><x>272</x><y>102</y><time>20-01-21 21:19:55:798</time></pt><pt><x>271</x><y>104</y><time>20-01-21 21:19:55:988</time></pt><pt><x>271</x><y>105</y><time>20-01-21 21:19:56:168</time></pt><pt><x>270</x><y>107</y><time>20-01-21 21:19:56:332</time></pt><pt><x>270</x><y>109</y><time>20-01-21 21:19:56:522</time></pt><pt><x>270</x><y>112</y><time>20-01-21 21:19:56:711</time></pt><pt><x>269</x><y>114</y><time>20-01-21 21:19:56:884</time></pt><pt><x>270</x><y>118</y><time>20-01-21 21:19:57:129</time></pt><pt><x>270</x><y>119</y><time>20-01-21 21:19:57:253</time></pt><pt><x>270</x><y>121</y><time>20-01-21 21:19:57:394</time></pt><pt><x>268</x><y>122</y><time>20-01-21 21:19:57:631</time></pt><pt><x>268</x><y>123</y><time>20-01-21 21:19:57:797</time></pt><pt><x>267</x><y>125</y><time>20-01-21 21:19:58:001</time></pt><pt><x>266</x><y>127</y><time>20-01-21 21:19:58:212</time></pt><pt><x>264</x><y>128</y><time>20-01-21 21:19:58:405</time></pt><pt><x>261</x><y>129</y><time>20-01-21 21:19:58:622</time></pt><pt><x>258</x><y>131</y><time>20-01-21 21:19:58:851</time></pt><pt><x>256</x><y>132</y><time>20-01-21 21:19:59:055</time></pt><pt><x>254</x><y>134</y><time>20-01-21 21:19:59:259</time></pt><pt><x>254</x><y>136</y><time>20-01-21 21:19:59:526</time></pt><pt><x>253</x><y>146</y><time>20-01-21 21:20:00:854</time></pt><pt><x>252</x><y>150</y><time>20-01-21 21:20:01:074</time></pt><pt><x>250</x><y>154</y><time>20-01-21 21:20:01:296</time></pt><pt><x>248</x><y>158</y><time>20-01-21 21:20:01:517</time></pt><pt><x>246</x><y>162</y><time>20-01-21 21:20:01:704</time></pt><pt><x>245</x><y>165</y><time>20-01-21 21:20:01:981</time></pt><pt><x>243</x><y>168</y><time>20-01-21 21:20:02:232</time></pt><pt><x>240</x><y>172</y><time>20-01-21 21:20:02:481</time></pt><pt><x>239</x><y>174</y><time>20-01-21 21:20:02:886</time></pt><pt><x>237</x><y>181</y><time>20-01-21 21:20:04:222</time></pt><pt><x>236</x><y>183</y><time>20-01-21 21:20:04:432</time></pt><pt><x>235</x><y>187</y><time>20-01-21 21:20:04:660</time></pt><pt><x>233</x><y>189</y><time>20-01-21 21:20:04:866</time></pt><pt><x>231</x><y>191</y><time>20-01-21 21:20:05:047</time></pt><pt><x>232</x><y>195</y><time>20-01-21 21:20:05:276</time></pt><pt><x>234</x><y>199</y><time>20-01-21 21:20:05:495</time></pt><pt><x>236</x><y>200</y><time>20-01-21 21:20:05:714</time></pt><pt><x>237</x><y>200</y><time>20-01-21 21:20:06:023</time></pt><pt><x>239</x><y>199</y><time>20-01-21 21:20:06:234</time></pt><pt><x>239</x><y>198</y><time>20-01-21 21:20:06:407</time></pt><pt><x>240</x><y>197</y><time>20-01-21 21:20:06:573</time></pt><pt><x>240</x><y>196</y><time>20-01-21 21:20:06:745</time></pt><pt><x>239</x><y>195</y><time>20-01-21 21:20:06:911</time></pt><pt><x>238</x><y>193</y><time>20-01-21 21:20:07:122</time></pt><pt><x>240</x><y>191</y><time>20-01-21 21:20:07:321</time></pt><pt><x>241</x><y>189</y><time>20-01-21 21:20:07:540</time></pt><pt><x>242</x><y>187</y><time>20-01-21 21:20:07:705</time></pt><pt><x>244</x><y>185</y><time>20-01-21 21:20:07:887</time></pt><pt><x>246</x><y>183</y><time>20-01-21 21:20:08:107</time></pt><pt><x>248</x><y>181</y><time>20-01-21 21:20:08:262</time></pt><pt><x>250</x><y>179</y><time>20-01-21 21:20:08:468</time></pt><pt><x>252</x><y>177</y><time>20-01-21 21:20:08:679</time></pt><pt><x>255</x><y>174</y><time>20-01-21 21:20:09:050</time></pt><pt><x>256</x><y>176</y><time>20-01-21 21:20:09:349</time></pt><pt><x>255</x><y>179</y><time>20-01-21 21:20:09:531</time></pt><pt><x>254</x><y>183</y><time>20-01-21 21:20:09:728</time></pt><pt><x>254</x><y>185</y><time>20-01-21 21:20:09:946</time></pt><pt><x>253</x><y>188</y><time>20-01-21 21:20:10:134</time></pt><pt><x>251</x><y>191</y><time>20-01-21 21:20:10:347</time></pt><pt><x>250</x><y>194</y><time>20-01-21 21:20:10:583</time></pt><pt><x>250</x><y>195</y><time>20-01-21 21:20:10:764</time></pt><pt><x>251</x><y>198</y><time>20-01-21 21:20:10:976</time></pt><pt><x>251</x><y>200</y><time>20-01-21 21:20:11:156</time></pt><pt><x>251</x><y>204</y><time>20-01-21 21:20:11:392</time></pt><pt><x>250</x><y>206</y><time>20-01-21 21:20:11:628</time></pt><pt><x>248</x><y>209</y><time>20-01-21 21:20:11:896</time></pt><pt><x>247</x><y>212</y><time>20-01-21 21:20:12:124</time></pt><pt><x>246</x><y>214</y><time>20-01-21 21:20:12:375</time></pt><pt><x>245</x><y>216</y><time>20-01-21 21:20:12:690</time></pt><pt><x>246</x><y>218</y><time>20-01-21 21:20:13:957</time></pt><pt><x>246</x><y>222</y><time>20-01-21 21:20:14:219</time></pt><pt><x>246</x><y>226</y><time>20-01-21 21:20:14:413</time></pt><pt><x>245</x><y>228</y><time>20-01-21 21:20:14:586</time></pt><pt><x>244</x><y>231</y><time>20-01-21 21:20:14:745</time></pt><pt><x>244</x><y>233</y><time>20-01-21 21:20:14:924</time></pt><pt><x>246</x><y>235</y><time>20-01-21 21:20:15:113</time></pt><pt><x>247</x><y>238</y><time>20-01-21 21:20:15:272</time></pt><pt><x>248</x><y>245</y><time>20-01-21 21:20:15:726</time></pt><pt><x>252</x><y>256</y><time>20-01-21 21:20:16:822</time></pt><pt><x>253</x><y>261</y><time>20-01-21 21:20:17:086</time></pt><pt><x>255</x><y>264</y><time>20-01-21 21:20:17:306</time></pt><pt><x>257</x><y>267</y><time>20-01-21 21:20:17:528</time></pt><pt><x>258</x><y>269</y><time>20-01-21 21:20:17:774</time></pt><pt><x>257</x><y>272</y><time>20-01-21 21:20:18:001</time></pt><pt><x>256</x><y>274</y><time>20-01-21 21:20:18:228</time></pt><pt><x>252</x><y>277</y><time>20-01-21 21:20:18:619</time></pt><pt><x>249</x><y>279</y><time>20-01-21 21:20:18:920</time></pt><pt><x>247</x><y>281</y><time>20-01-21 21:20:19:463</time></pt><pt><x>248</x><y>285</y><time>20-01-21 21:20:20:138</time></pt><pt><x>251</x><y>286</y><time>20-01-21 21:20:20:454</time></pt><pt><x>254</x><y>286</y><time>20-01-21 21:20:20:760</time></pt><pt><x>258</x><y>285</y><time>20-01-21 21:20:21:168</time></pt><pt><x>262</x><y>283</y><time>20-01-21 21:20:21:468</time></pt><pt><x>264</x><y>282</y><time>20-01-21 21:20:21:690</time></pt><pt><x>267</x><y>281</y><time>20-01-21 21:20:21:893</time></pt><pt><x>268</x><y>280</y><time>20-01-21 21:20:22:200</time></pt><pt><x>269</x><y>280</y><time>20-01-21 21:20:22:560</time></pt><pt><x>270</x><y>283</y><time>20-01-21 21:20:22:861</time></pt><pt><x>270</x><y>285</y><time>20-01-21 21:20:23:142</time></pt><pt><x>271</x><y>288</y><time>20-01-21 21:20:23:436</time></pt><pt><x>274</x><y>288</y><time>20-01-21 21:20:23:716</time></pt><pt><x>278</x><y>289</y><time>20-01-21 21:20:24:158</time></pt><pt><x>282</x><y>289</y><time>20-01-21 21:20:24:444</time></pt><pt><x>283</x><y>288</y><time>20-01-21 21:20:24:693</time></pt><pt><x>284</x><y>286</y><time>20-01-21 21:20:24:912</time></pt><pt><x>283</x><y>285</y><time>20-01-21 21:20:25:140</time></pt><pt><x>283</x><y>281</y><time>20-01-21 21:20:25:282</time></pt><pt><x>283</x><y>280</y><time>20-01-21 21:20:25:455</time></pt><pt><x>284</x><y>278</y><time>20-01-21 21:20:25:636</time></pt><pt><x>285</x><y>276</y><time>20-01-21 21:20:25:832</time></pt><pt><x>284</x><y>274</y><time>20-01-21 21:20:26:043</time></pt><pt><x>283</x><y>273</y><time>20-01-21 21:20:26:260</time></pt><pt><x>283</x><y>271</y><time>20-01-21 21:20:26:423</time></pt><pt><x>283</x><y>269</y><time>20-01-21 21:20:26:618</time></pt><pt><x>284</x><y>266</y><time>20-01-21 21:20:26:825</time></pt><pt><x>285</x><y>264</y><time>20-01-21 21:20:26:988</time></pt><pt><x>286</x><y>261</y><time>20-01-21 21:20:27:207</time></pt><pt><x>288</x><y>239</y><time>20-01-21 21:20:28:546</time></pt><pt><x>289</x><y>228</y><time>20-01-21 21:20:28:995</time></pt><pt><x>289</x><y>220</y><time>20-01-21 21:20:29:418</time></pt><pt><x>291</x><y>208</y><time>20-01-21 21:20:30:504</time></pt><pt><x>292</x><y>205</y><time>20-01-21 21:20:30:890</time></pt><pt><x>292</x><y>202</y><time>20-01-21 21:20:31:212</time></pt><pt><x>293</x><y>202</y><time>20-01-21 21:20:31:450</time></pt><pt><x>296</x><y>200</y><time>20-01-21 21:20:31:669</time></pt><pt><x>298</x><y>199</y><time>20-01-21 21:20:31:943</time></pt><pt><x>299</x><y>197</y><time>20-01-21 21:20:32:202</time></pt><pt><x>299</x><y>195</y><time>20-01-21 21:20:32:393</time></pt><pt><x>300</x><y>192</y><time>20-01-21 21:20:32:596</time></pt><pt><x>300</x><y>189</y><time>20-01-21 21:20:32:833</time></pt><pt><x>304</x><y>156</y><time>20-01-21 21:20:33:783</time></pt><pt><x>303</x><y>151</y><time>20-01-21 21:20:34:098</time></pt><pt><x>302</x><y>147</y><time>20-01-21 21:20:34:333</time></pt><pt><x>302</x><y>143</y><time>20-01-21 21:20:34:547</time></pt><pt><x>301</x><y>138</y><time>20-01-21 21:20:34:789</time></pt><pt><x>299</x><y>135</y><time>20-01-21 21:20:34:986</time></pt><pt><x>298</x><y>133</y><time>20-01-21 21:20:35:144</time></pt><pt><x>297</x><y>125</y><time>20-01-21 21:20:36:315</time></pt><pt><x>296</x><y>124</y><time>20-01-21 21:20:36:543</time></pt><pt><x>294</x><y>123</y><time>20-01-21 21:20:36:756</time></pt><pt><x>291</x><y>123</y><time>20-01-21 21:20:37:016</time></pt><pt><x>288</x><y>122</y><time>20-01-21 21:20:37:227</time></pt><pt><x>286</x><y>122</y><time>20-01-21 21:20:37:503</time></pt><pt><x>286</x><y>121</y><time>20-01-21 21:20:37:726</time></pt><pt><x>287</x><y>120</y><time>20-01-21 21:20:37:935</time></pt><pt><x>288</x><y>119</y><time>20-01-21 21:20:38:164</time></pt><pt><x>290</x><y>118</y><time>20-01-21 21:20:38:361</time></pt><pt><x>291</x><y>116</y><time>20-01-21 21:20:38:549</time></pt><pt><x>292</x><y>114</y><time>20-01-21 21:20:38:732</time></pt><pt><x>292</x><y>112</y><time>20-01-21 21:20:38:934</time></pt><pt><x>292</x><y>111</y><time>20-01-21 21:20:39:147</time></pt><pt><x>292</x><y>108</y><time>20-01-21 21:20:39:304</time></pt><pt><x>292</x><y>107</y><time>20-01-21 21:20:39:516</time></pt><pt><x>292</x><y>104</y><time>20-01-21 21:20:39:713</time></pt><pt><x>292</x><y>102</y><time>20-01-21 21:20:39:928</time></pt><pt><x>292</x><y>100</y><time>20-01-21 21:20:40:122</time></pt><pt><x>291</x><y>98</y><time>20-01-21 21:20:40:492</time></pt><pt><x>289</x><y>97</y><time>20-01-21 21:20:40:743</time></pt><pt><x>288</x><y>96</y><time>20-01-21 21:20:40:995</time></pt><closed_date>20-01-21 21:20:41:327</closed_date></polygon></object><object><name>person</name><deleted>0</deleted><verified>0</verified><occluded>no</occluded><attributes></attributes><parts><hasparts></hasparts><ispartof></ispartof></parts><date>20-01-21 21:22:04:767</date><id>2</id><polygon><username>7hao</username><pt><x>386</x><y>194</y><time>20-01-21 21:20:51:386</time></pt><pt><x>386</x><y>200</y><time>20-01-21 21:20:52:221</time></pt><pt><x>386</x><y>204</y><time>20-01-21 21:20:52:558</time></pt><pt><x>385</x><y>208</y><time>20-01-21 21:20:52:944</time></pt><pt><x>385</x><y>211</y><time>20-01-21 21:20:53:211</time></pt><pt><x>385</x><y>213</y><time>20-01-21 21:20:53:434</time></pt><pt><x>385</x><y>216</y><time>20-01-21 21:20:53:635</time></pt><pt><x>385</x><y>217</y><time>20-01-21 21:20:53:960</time></pt><pt><x>384</x><y>223</y><time>20-01-21 21:20:55:107</time></pt><pt><x>384</x><y>225</y><time>20-01-21 21:20:55:382</time></pt><pt><x>383</x><y>227</y><time>20-01-21 21:20:55:625</time></pt><pt><x>380</x><y>230</y><time>20-01-21 21:20:55:830</time></pt><pt><x>378</x><y>233</y><time>20-01-21 21:20:56:058</time></pt><pt><x>377</x><y>236</y><time>20-01-21 21:20:56:256</time></pt><pt><x>376</x><y>240</y><time>20-01-21 21:20:56:475</time></pt><pt><x>374</x><y>246</y><time>20-01-21 21:20:56:742</time></pt><pt><x>373</x><y>251</y><time>20-01-21 21:20:56:979</time></pt><pt><x>373</x><y>255</y><time>20-01-21 21:20:57:222</time></pt><pt><x>373</x><y>257</y><time>20-01-21 21:20:57:458</time></pt><pt><x>371</x><y>261</y><time>20-01-21 21:20:57:702</time></pt><pt><x>371</x><y>263</y><time>20-01-21 21:20:57:962</time></pt><pt><x>370</x><y>265</y><time>20-01-21 21:20:58:189</time></pt><pt><x>368</x><y>266</y><time>20-01-21 21:20:58:444</time></pt><pt><x>368</x><y>267</y><time>20-01-21 21:20:58:843</time></pt><pt><x>366</x><y>272</y><time>20-01-21 21:21:00:141</time></pt><pt><x>366</x><y>274</y><time>20-01-21 21:21:00:455</time></pt><pt><x>368</x><y>275</y><time>20-01-21 21:21:00:754</time></pt><pt><x>371</x><y>275</y><time>20-01-21 21:21:01:043</time></pt><pt><x>375</x><y>276</y><time>20-01-21 21:21:01:323</time></pt><pt><x>378</x><y>276</y><time>20-01-21 21:21:01:549</time></pt><pt><x>382</x><y>276</y><time>20-01-21 21:21:01:759</time></pt><pt><x>386</x><y>276</y><time>20-01-21 21:21:01:981</time></pt><pt><x>389</x><y>276</y><time>20-01-21 21:21:02:233</time></pt><pt><x>390</x><y>274</y><time>20-01-21 21:21:02:476</time></pt><pt><x>390</x><y>273</y><time>20-01-21 21:21:02:664</time></pt><pt><x>389</x><y>272</y><time>20-01-21 21:21:02:830</time></pt><pt><x>387</x><y>271</y><time>20-01-21 21:21:03:049</time></pt><pt><x>386</x><y>271</y><time>20-01-21 21:21:03:254</time></pt><pt><x>384</x><y>269</y><time>20-01-21 21:21:03:467</time></pt><pt><x>382</x><y>268</y><time>20-01-21 21:21:03:671</time></pt><pt><x>380</x><y>265</y><time>20-01-21 21:21:03:860</time></pt><pt><x>380</x><y>263</y><time>20-01-21 21:21:04:050</time></pt><pt><x>381</x><y>260</y><time>20-01-21 21:21:04:244</time></pt><pt><x>382</x><y>257</y><time>20-01-21 21:21:04:443</time></pt><pt><x>386</x><y>244</y><time>20-01-21 21:21:05:685</time></pt><pt><x>388</x><y>240</y><time>20-01-21 21:21:05:981</time></pt><pt><x>389</x><y>238</y><time>20-01-21 21:21:06:226</time></pt><pt><x>391</x><y>236</y><time>20-01-21 21:21:06:401</time></pt><pt><x>393</x><y>234</y><time>20-01-21 21:21:06:628</time></pt><pt><x>394</x><y>232</y><time>20-01-21 21:21:06:800</time></pt><pt><x>396</x><y>229</y><time>20-01-21 21:21:06:974</time></pt><pt><x>398</x><y>227</y><time>20-01-21 21:21:07:194</time></pt><pt><x>399</x><y>224</y><time>20-01-21 21:21:07:359</time></pt><pt><x>400</x><y>222</y><time>20-01-21 21:21:07:534</time></pt><pt><x>401</x><y>220</y><time>20-01-21 21:21:07:705</time></pt><pt><x>402</x><y>218</y><time>20-01-21 21:21:07:895</time></pt><pt><x>402</x><y>217</y><time>20-01-21 21:21:08:090</time></pt><pt><x>402</x><y>216</y><time>20-01-21 21:21:08:285</time></pt><pt><x>403</x><y>218</y><time>20-01-21 21:21:08:577</time></pt><pt><x>404</x><y>219</y><time>20-01-21 21:21:08:789</time></pt><pt><x>405</x><y>220</y><time>20-01-21 21:21:08:973</time></pt><pt><x>405</x><y>221</y><time>20-01-21 21:21:09:152</time></pt><pt><x>407</x><y>223</y><time>20-01-21 21:21:09:348</time></pt><pt><x>408</x><y>223</y><time>20-01-21 21:21:09:522</time></pt><pt><x>409</x><y>224</y><time>20-01-21 21:21:09:703</time></pt><pt><x>410</x><y>226</y><time>20-01-21 21:21:09:868</time></pt><pt><x>410</x><y>230</y><time>20-01-21 21:21:10:064</time></pt><pt><x>411</x><y>233</y><time>20-01-21 21:21:10:206</time></pt><pt><x>411</x><y>235</y><time>20-01-21 21:21:10:366</time></pt><pt><x>412</x><y>239</y><time>20-01-21 21:21:10:616</time></pt><pt><x>413</x><y>242</y><time>20-01-21 21:21:10:828</time></pt><pt><x>414</x><y>245</y><time>20-01-21 21:21:11:015</time></pt><pt><x>416</x><y>248</y><time>20-01-21 21:21:11:205</time></pt><pt><x>417</x><y>252</y><time>20-01-21 21:21:11:505</time></pt><pt><x>418</x><y>254</y><time>20-01-21 21:21:11:785</time></pt><pt><x>419</x><y>256</y><time>20-01-21 21:21:11:998</time></pt><pt><x>420</x><y>255</y><time>20-01-21 21:21:13:432</time></pt><pt><x>421</x><y>257</y><time>20-01-21 21:21:13:674</time></pt><pt><x>423</x><y>260</y><time>20-01-21 21:21:13:870</time></pt><pt><x>424</x><y>262</y><time>20-01-21 21:21:14:090</time></pt><pt><x>424</x><y>264</y><time>20-01-21 21:21:14:350</time></pt><pt><x>425</x><y>266</y><time>20-01-21 21:21:14:526</time></pt><pt><x>425</x><y>268</y><time>20-01-21 21:21:14:714</time></pt><pt><x>424</x><y>270</y><time>20-01-21 21:21:14:872</time></pt><pt><x>423</x><y>271</y><time>20-01-21 21:21:15:034</time></pt><pt><x>423</x><y>273</y><time>20-01-21 21:21:15:192</time></pt><pt><x>423</x><y>275</y><time>20-01-21 21:21:15:366</time></pt><pt><x>423</x><y>275</y><time>20-01-21 21:21:15:497</time></pt><pt><x>425</x><y>276</y><time>20-01-21 21:21:15:824</time></pt><pt><x>426</x><y>276</y><time>20-01-21 21:21:16:063</time></pt><pt><x>426</x><y>275</y><time>20-01-21 21:21:16:372</time></pt><pt><x>426</x><y>273</y><time>20-01-21 21:21:16:741</time></pt><pt><x>426</x><y>270</y><time>20-01-21 21:21:17:167</time></pt><pt><x>426</x><y>268</y><time>20-01-21 21:21:17:559</time></pt><pt><x>426</x><y>266</y><time>20-01-21 21:21:18:431</time></pt><pt><x>425</x><y>264</y><time>20-01-21 21:21:19:140</time></pt><pt><x>425</x><y>259</y><time>20-01-21 21:21:20:305</time></pt><pt><x>424</x><y>247</y><time>20-01-21 21:21:21:876</time></pt><pt><x>424</x><y>244</y><time>20-01-21 21:21:22:442</time></pt><pt><x>423</x><y>243</y><time>20-01-21 21:21:22:787</time></pt><pt><x>422</x><y>241</y><time>20-01-21 21:21:23:120</time></pt><pt><x>420</x><y>239</y><time>20-01-21 21:21:23:535</time></pt><pt><x>421</x><y>234</y><time>20-01-21 21:21:24:448</time></pt><pt><x>421</x><y>231</y><time>20-01-21 21:21:25:045</time></pt><pt><x>421</x><y>227</y><time>20-01-21 21:21:25:801</time></pt><pt><x>421</x><y>225</y><time>20-01-21 21:21:26:156</time></pt><pt><x>420</x><y>223</y><time>20-01-21 21:21:26:487</time></pt><pt><x>420</x><y>220</y><time>20-01-21 21:21:26:784</time></pt><pt><x>420</x><y>218</y><time>20-01-21 21:21:27:084</time></pt><pt><x>419</x><y>216</y><time>20-01-21 21:21:27:562</time></pt><pt><x>419</x><y>211</y><time>20-01-21 21:21:28:916</time></pt><pt><x>419</x><y>209</y><time>20-01-21 21:21:29:348</time></pt><pt><x>418</x><y>193</y><time>20-01-21 21:21:30:857</time></pt><pt><x>418</x><y>184</y><time>20-01-21 21:21:31:785</time></pt><pt><x>418</x><y>181</y><time>20-01-21 21:21:32:300</time></pt><pt><x>418</x><y>179</y><time>20-01-21 21:21:32:692</time></pt><pt><x>419</x><y>177</y><time>20-01-21 21:21:33:061</time></pt><pt><x>419</x><y>174</y><time>20-01-21 21:21:33:535</time></pt><pt><x>419</x><y>171</y><time>20-01-21 21:21:33:935</time></pt><pt><x>419</x><y>169</y><time>20-01-21 21:21:34:287</time></pt><pt><x>419</x><y>161</y><time>20-01-21 21:21:35:452</time></pt><pt><x>420</x><y>149</y><time>20-01-21 21:21:36:662</time></pt><pt><x>419</x><y>145</y><time>20-01-21 21:21:36:882</time></pt><pt><x>418</x><y>142</y><time>20-01-21 21:21:37:104</time></pt><pt><x>417</x><y>140</y><time>20-01-21 21:21:37:276</time></pt><pt><x>417</x><y>137</y><time>20-01-21 21:21:37:450</time></pt><pt><x>418</x><y>135</y><time>20-01-21 21:21:37:739</time></pt><pt><x>419</x><y>131</y><time>20-01-21 21:21:38:400</time></pt><pt><x>419</x><y>129</y><time>20-01-21 21:21:38:668</time></pt><pt><x>419</x><y>127</y><time>20-01-21 21:21:38:997</time></pt><pt><x>419</x><y>125</y><time>20-01-21 21:21:39:250</time></pt><pt><x>418</x><y>123</y><time>20-01-21 21:21:39:557</time></pt><pt><x>418</x><y>121</y><time>20-01-21 21:21:39:807</time></pt><pt><x>417</x><y>119</y><time>20-01-21 21:21:40:102</time></pt><pt><x>416</x><y>118</y><time>20-01-21 21:21:40:381</time></pt><pt><x>415</x><y>117</y><time>20-01-21 21:21:41:075</time></pt><pt><x>415</x><y>119</y><time>20-01-21 21:21:41:508</time></pt><pt><x>414</x><y>121</y><time>20-01-21 21:21:42:269</time></pt><pt><x>414</x><y>123</y><time>20-01-21 21:21:43:153</time></pt><pt><x>413</x><y>125</y><time>20-01-21 21:21:43:922</time></pt><pt><x>412</x><y>126</y><time>20-01-21 21:21:44:614</time></pt><pt><x>411</x><y>128</y><time>20-01-21 21:21:45:819</time></pt><pt><x>409</x><y>131</y><time>20-01-21 21:21:46:619</time></pt><pt><x>409</x><y>133</y><time>20-01-21 21:21:47:109</time></pt><pt><x>408</x><y>134</y><time>20-01-21 21:21:47:516</time></pt><pt><x>408</x><y>137</y><time>20-01-21 21:21:48:069</time></pt><pt><x>407</x><y>139</y><time>20-01-21 21:21:48:823</time></pt><pt><x>405</x><y>143</y><time>20-01-21 21:21:49:750</time></pt><pt><x>398</x><y>159</y><time>20-01-21 21:21:51:345</time></pt><pt><x>393</x><y>174</y><time>20-01-21 21:21:53:029</time></pt><pt><x>393</x><y>176</y><time>20-01-21 21:21:53:730</time></pt><pt><x>393</x><y>177</y><time>20-01-21 21:21:54:085</time></pt><pt><x>393</x><y>179</y><time>20-01-21 21:21:54:398</time></pt><pt><x>393</x><y>181</y><time>20-01-21 21:21:54:698</time></pt><pt><x>393</x><y>182</y><time>20-01-21 21:21:54:972</time></pt><pt><x>392</x><y>184</y><time>20-01-21 21:21:55:247</time></pt><pt><x>391</x><y>186</y><time>20-01-21 21:21:55:595</time></pt><pt><x>390</x><y>187</y><time>20-01-21 21:21:55:900</time></pt><pt><x>389</x><y>188</y><time>20-01-21 21:21:56:215</time></pt><pt><x>387</x><y>188</y><time>20-01-21 21:21:56:546</time></pt><pt><x>386</x><y>188</y><time>20-01-21 21:21:56:812</time></pt><pt><x>386</x><y>189</y><time>20-01-21 21:21:57:097</time></pt><pt><x>386</x><y>191</y><time>20-01-21 21:21:57:367</time></pt><pt><x>386</x><y>192</y><time>20-01-21 21:21:57:594</time></pt><closed_date>20-01-21 21:21:58:041</closed_date></polygon></object></annotation>