<annotation><filename>frame0083.jpg</filename><folder>users/lab605//7hao/human_20210119_4</folder><source><submittedBy>lab605</submittedBy></source><imagesize><nrows>480</nrows><ncols>640</ncols></imagesize><object><name>person</name><deleted>0</deleted><verified>0</verified><occluded>no</occluded><attributes></attributes><parts><hasparts></hasparts><ispartof></ispartof></parts><date>26-01-21 15:12:13:591</date><id>0</id><polygon><username>7hao</username><pt><x>144</x><y>0</y><time>26-01-21 15:10:37:440</time></pt><pt><x>136</x><y>5</y><time>26-01-21 15:10:37:855</time></pt><pt><x>132</x><y>8</y><time>26-01-21 15:10:38:294</time></pt><pt><x>128</x><y>15</y><time>26-01-21 15:10:38:686</time></pt><pt><x>124</x><y>24</y><time>26-01-21 15:10:51:644</time></pt><pt><x>122</x><y>30</y><time>26-01-21 15:10:51:998</time></pt><pt><x>121</x><y>35</y><time>26-01-21 15:10:52:256</time></pt><pt><x>121</x><y>42</y><time>26-01-21 15:10:52:491</time></pt><pt><x>120</x><y>51</y><time>26-01-21 15:10:52:877</time></pt><pt><x>118</x><y>61</y><time>26-01-21 15:10:53:301</time></pt><pt><x>117</x><y>71</y><time>26-01-21 15:10:53:725</time></pt><pt><x>117</x><y>85</y><time>26-01-21 15:10:56:194</time></pt><pt><x>119</x><y>92</y><time>26-01-21 15:10:56:523</time></pt><pt><x>121</x><y>99</y><time>26-01-21 15:10:56:728</time></pt><pt><x>123</x><y>107</y><time>26-01-21 15:10:57:074</time></pt><pt><x>126</x><y>112</y><time>26-01-21 15:10:57:537</time></pt><pt><x>127</x><y>116</y><time>26-01-21 15:10:57:868</time></pt><pt><x>128</x><y>120</y><time>26-01-21 15:10:58:033</time></pt><pt><x>128</x><y>123</y><time>26-01-21 15:10:58:253</time></pt><pt><x>130</x><y>126</y><time>26-01-21 15:10:58:442</time></pt><pt><x>132</x><y>129</y><time>26-01-21 15:10:58:678</time></pt><pt><x>133</x><y>131</y><time>26-01-21 15:10:58:841</time></pt><pt><x>134</x><y>133</y><time>26-01-21 15:10:59:031</time></pt><pt><x>135</x><y>136</y><time>26-01-21 15:10:59:330</time></pt><pt><x>135</x><y>142</y><time>26-01-21 15:10:59:730</time></pt><pt><x>139</x><y>155</y><time>26-01-21 15:11:01:269</time></pt><pt><x>140</x><y>170</y><time>26-01-21 15:11:01:758</time></pt><pt><x>142</x><y>181</y><time>26-01-21 15:11:02:126</time></pt><pt><x>145</x><y>188</y><time>26-01-21 15:11:02:419</time></pt><pt><x>147</x><y>194</y><time>26-01-21 15:11:02:859</time></pt><pt><x>149</x><y>199</y><time>26-01-21 15:11:03:172</time></pt><pt><x>151</x><y>211</y><time>26-01-21 15:11:05:123</time></pt><pt><x>150</x><y>216</y><time>26-01-21 15:11:05:457</time></pt><pt><x>147</x><y>224</y><time>26-01-21 15:11:05:860</time></pt><pt><x>144</x><y>233</y><time>26-01-21 15:11:06:244</time></pt><pt><x>143</x><y>240</y><time>26-01-21 15:11:06:544</time></pt><pt><x>144</x><y>261</y><time>26-01-21 15:11:07:738</time></pt><pt><x>146</x><y>275</y><time>26-01-21 15:11:08:312</time></pt><pt><x>147</x><y>284</y><time>26-01-21 15:11:08:650</time></pt><pt><x>146</x><y>294</y><time>26-01-21 15:11:09:002</time></pt><pt><x>144</x><y>300</y><time>26-01-21 15:11:09:389</time></pt><pt><x>143</x><y>306</y><time>26-01-21 15:11:10:421</time></pt><pt><x>142</x><y>312</y><time>26-01-21 15:11:10:607</time></pt><pt><x>142</x><y>321</y><time>26-01-21 15:11:10:834</time></pt><pt><x>144</x><y>327</y><time>26-01-21 15:11:11:094</time></pt><pt><x>147</x><y>330</y><time>26-01-21 15:11:11:408</time></pt><pt><x>148</x><y>331</y><time>26-01-21 15:11:29:788</time></pt><pt><x>152</x><y>331</y><time>26-01-21 15:11:30:166</time></pt><pt><x>154</x><y>328</y><time>26-01-21 15:11:30:606</time></pt><pt><x>154</x><y>323</y><time>26-01-21 15:11:31:139</time></pt><pt><x>156</x><y>319</y><time>26-01-21 15:11:31:523</time></pt><pt><x>156</x><y>316</y><time>26-01-21 15:11:31:808</time></pt><pt><x>159</x><y>313</y><time>26-01-21 15:11:32:098</time></pt><pt><x>161</x><y>309</y><time>26-01-21 15:11:32:514</time></pt><pt><x>162</x><y>303</y><time>26-01-21 15:11:33:292</time></pt><pt><x>161</x><y>298</y><time>26-01-21 15:11:33:601</time></pt><pt><x>159</x><y>288</y><time>26-01-21 15:11:34:305</time></pt><pt><x>159</x><y>281</y><time>26-01-21 15:11:34:608</time></pt><pt><x>160</x><y>274</y><time>26-01-21 15:11:34:937</time></pt><pt><x>161</x><y>271</y><time>26-01-21 15:11:35:249</time></pt><pt><x>164</x><y>269</y><time>26-01-21 15:11:35:697</time></pt><pt><x>165</x><y>270</y><time>26-01-21 15:11:36:021</time></pt><pt><x>165</x><y>277</y><time>26-01-21 15:11:36:396</time></pt><pt><x>165</x><y>286</y><time>26-01-21 15:11:36:726</time></pt><pt><x>164</x><y>295</y><time>26-01-21 15:11:37:096</time></pt><pt><x>164</x><y>301</y><time>26-01-21 15:11:37:464</time></pt><pt><x>163</x><y>305</y><time>26-01-21 15:11:38:172</time></pt><pt><x>161</x><y>311</y><time>26-01-21 15:11:39:043</time></pt><pt><x>159</x><y>314</y><time>26-01-21 15:11:39:894</time></pt><pt><x>157</x><y>316</y><time>26-01-21 15:11:40:570</time></pt><pt><x>157</x><y>321</y><time>26-01-21 15:11:41:347</time></pt><pt><x>156</x><y>323</y><time>26-01-21 15:11:41:905</time></pt><pt><x>155</x><y>326</y><time>26-01-21 15:11:42:485</time></pt><pt><x>155</x><y>329</y><time>26-01-21 15:11:43:026</time></pt><pt><x>153</x><y>333</y><time>26-01-21 15:11:44:545</time></pt><pt><x>154</x><y>339</y><time>26-01-21 15:11:45:095</time></pt><pt><x>156</x><y>341</y><time>26-01-21 15:11:45:446</time></pt><pt><x>161</x><y>342</y><time>26-01-21 15:11:45:699</time></pt><pt><x>174</x><y>340</y><time>26-01-21 15:11:46:036</time></pt><pt><x>199</x><y>335</y><time>26-01-21 15:11:46:909</time></pt><pt><x>202</x><y>334</y><time>26-01-21 15:11:47:340</time></pt><pt><x>202</x><y>332</y><time>26-01-21 15:11:47:530</time></pt><pt><x>200</x><y>325</y><time>26-01-21 15:11:47:743</time></pt><pt><x>197</x><y>323</y><time>26-01-21 15:11:47:987</time></pt><pt><x>190</x><y>323</y><time>26-01-21 15:11:48:169</time></pt><pt><x>186</x><y>321</y><time>26-01-21 15:11:48:395</time></pt><pt><x>184</x><y>319</y><time>26-01-21 15:11:48:559</time></pt><pt><x>179</x><y>315</y><time>26-01-21 15:11:48:867</time></pt><pt><x>178</x><y>313</y><time>26-01-21 15:11:49:087</time></pt><pt><x>177</x><y>311</y><time>26-01-21 15:11:49:282</time></pt><pt><x>179</x><y>304</y><time>26-01-21 15:11:49:645</time></pt><pt><x>182</x><y>298</y><time>26-01-21 15:11:50:077</time></pt><pt><x>191</x><y>269</y><time>26-01-21 15:11:51:365</time></pt><pt><x>194</x><y>253</y><time>26-01-21 15:11:52:119</time></pt><pt><x>195</x><y>226</y><time>26-01-21 15:11:53:462</time></pt><pt><x>198</x><y>214</y><time>26-01-21 15:11:54:053</time></pt><pt><x>201</x><y>208</y><time>26-01-21 15:11:54:493</time></pt><pt><x>203</x><y>208</y><time>26-01-21 15:11:54:731</time></pt><pt><x>207</x><y>207</y><time>26-01-21 15:11:54:949</time></pt><pt><x>211</x><y>204</y><time>26-01-21 15:11:55:280</time></pt><pt><x>212</x><y>200</y><time>26-01-21 15:11:55:515</time></pt><pt><x>214</x><y>192</y><time>26-01-21 15:11:55:915</time></pt><pt><x>224</x><y>165</y><time>26-01-21 15:11:57:207</time></pt><pt><x>229</x><y>152</y><time>26-01-21 15:11:57:732</time></pt><pt><x>231</x><y>146</y><time>26-01-21 15:11:58:012</time></pt><pt><x>232</x><y>143</y><time>26-01-21 15:11:58:203</time></pt><pt><x>234</x><y>138</y><time>26-01-21 15:11:58:524</time></pt><pt><x>236</x><y>138</y><time>26-01-21 15:11:58:782</time></pt><pt><x>237</x><y>136</y><time>26-01-21 15:11:58:988</time></pt><pt><x>237</x><y>132</y><time>26-01-21 15:11:59:216</time></pt><pt><x>238</x><y>129</y><time>26-01-21 15:11:59:413</time></pt><pt><x>239</x><y>127</y><time>26-01-21 15:11:59:586</time></pt><pt><x>241</x><y>122</y><time>26-01-21 15:11:59:938</time></pt><pt><x>242</x><y>102</y><time>26-01-21 15:12:01:699</time></pt><pt><x>242</x><y>83</y><time>26-01-21 15:12:02:469</time></pt><pt><x>240</x><y>53</y><time>26-01-21 15:12:03:891</time></pt><pt><x>239</x><y>37</y><time>26-01-21 15:12:04:441</time></pt><pt><x>235</x><y>27</y><time>26-01-21 15:12:05:581</time></pt><pt><x>229</x><y>14</y><time>26-01-21 15:12:06:311</time></pt><pt><x>221</x><y>8</y><time>26-01-21 15:12:06:814</time></pt><pt><x>217</x><y>5</y><time>26-01-21 15:12:07:225</time></pt><pt><x>216</x><y>3</y><time>26-01-21 15:12:07:443</time></pt><pt><x>214</x><y>2</y><time>26-01-21 15:12:07:781</time></pt><pt><x>213</x><y>1</y><time>26-01-21 15:12:08:110</time></pt><pt><x>212</x><y>0</y><time>26-01-21 15:12:10:160</time></pt><closed_date>26-01-21 15:12:11:412</closed_date></polygon></object><object><name>person</name><deleted>0</deleted><verified>0</verified><occluded>no</occluded><attributes></attributes><parts><hasparts></hasparts><ispartof></ispartof></parts><date>26-01-21 15:13:18:553</date><id>1</id><polygon><username>7hao</username><pt><x>396</x><y>49</y><time>26-01-21 15:12:17:118</time></pt><pt><x>391</x><y>45</y><time>26-01-21 15:12:17:488</time></pt><pt><x>386</x><y>43</y><time>26-01-21 15:12:17:761</time></pt><pt><x>380</x><y>43</y><time>26-01-21 15:12:17:988</time></pt><pt><x>375</x><y>44</y><time>26-01-21 15:12:18:227</time></pt><pt><x>369</x><y>48</y><time>26-01-21 15:12:18:540</time></pt><pt><x>368</x><y>49</y><time>26-01-21 15:12:18:751</time></pt><pt><x>368</x><y>52</y><time>26-01-21 15:12:19:027</time></pt><pt><x>368</x><y>54</y><time>26-01-21 15:12:19:247</time></pt><pt><x>367</x><y>56</y><time>26-01-21 15:12:19:443</time></pt><pt><x>367</x><y>57</y><time>26-01-21 15:12:19:599</time></pt><pt><x>367</x><y>59</y><time>26-01-21 15:12:19:741</time></pt><pt><x>367</x><y>61</y><time>26-01-21 15:12:19:930</time></pt><pt><x>366</x><y>63</y><time>26-01-21 15:12:20:141</time></pt><pt><x>366</x><y>66</y><time>26-01-21 15:12:20:285</time></pt><pt><x>367</x><y>70</y><time>26-01-21 15:12:20:503</time></pt><pt><x>371</x><y>74</y><time>26-01-21 15:12:20:794</time></pt><pt><x>375</x><y>77</y><time>26-01-21 15:12:21:077</time></pt><pt><x>377</x><y>79</y><time>26-01-21 15:12:21:249</time></pt><pt><x>378</x><y>81</y><time>26-01-21 15:12:21:423</time></pt><pt><x>378</x><y>85</y><time>26-01-21 15:12:21:645</time></pt><pt><x>373</x><y>87</y><time>26-01-21 15:12:22:091</time></pt><pt><x>359</x><y>88</y><time>26-01-21 15:12:22:870</time></pt><pt><x>354</x><y>88</y><time>26-01-21 15:12:23:324</time></pt><pt><x>353</x><y>88</y><time>26-01-21 15:12:23:551</time></pt><pt><x>355</x><y>85</y><time>26-01-21 15:12:23:748</time></pt><pt><x>357</x><y>77</y><time>26-01-21 15:12:24:133</time></pt><pt><x>361</x><y>71</y><time>26-01-21 15:12:24:472</time></pt><pt><x>364</x><y>66</y><time>26-01-21 15:12:24:935</time></pt><pt><x>365</x><y>64</y><time>26-01-21 15:12:25:342</time></pt><pt><x>366</x><y>60</y><time>26-01-21 15:12:25:847</time></pt><pt><x>366</x><y>57</y><time>26-01-21 15:12:26:257</time></pt><pt><x>366</x><y>55</y><time>26-01-21 15:12:26:639</time></pt><pt><x>367</x><y>53</y><time>26-01-21 15:12:26:923</time></pt><pt><x>367</x><y>51</y><time>26-01-21 15:12:27:205</time></pt><pt><x>366</x><y>51</y><time>26-01-21 15:12:27:449</time></pt><pt><x>365</x><y>50</y><time>26-01-21 15:12:27:713</time></pt><pt><x>362</x><y>50</y><time>26-01-21 15:12:27:930</time></pt><pt><x>361</x><y>52</y><time>26-01-21 15:12:28:109</time></pt><pt><x>359</x><y>55</y><time>26-01-21 15:12:28:345</time></pt><pt><x>358</x><y>56</y><time>26-01-21 15:12:28:512</time></pt><pt><x>357</x><y>60</y><time>26-01-21 15:12:28:707</time></pt><pt><x>356</x><y>62</y><time>26-01-21 15:12:28:918</time></pt><pt><x>354</x><y>65</y><time>26-01-21 15:12:29:099</time></pt><pt><x>351</x><y>68</y><time>26-01-21 15:12:29:383</time></pt><pt><x>345</x><y>77</y><time>26-01-21 15:12:30:738</time></pt><pt><x>342</x><y>81</y><time>26-01-21 15:12:30:933</time></pt><pt><x>340</x><y>85</y><time>26-01-21 15:12:31:089</time></pt><pt><x>339</x><y>89</y><time>26-01-21 15:12:31:339</time></pt><pt><x>336</x><y>92</y><time>26-01-21 15:12:31:519</time></pt><pt><x>334</x><y>95</y><time>26-01-21 15:12:31:669</time></pt><pt><x>333</x><y>101</y><time>26-01-21 15:12:31:983</time></pt><pt><x>334</x><y>104</y><time>26-01-21 15:12:32:203</time></pt><pt><x>337</x><y>107</y><time>26-01-21 15:12:32:407</time></pt><pt><x>343</x><y>109</y><time>26-01-21 15:12:32:684</time></pt><pt><x>349</x><y>110</y><time>26-01-21 15:12:32:928</time></pt><pt><x>356</x><y>112</y><time>26-01-21 15:12:33:184</time></pt><pt><x>359</x><y>115</y><time>26-01-21 15:12:33:421</time></pt><pt><x>360</x><y>118</y><time>26-01-21 15:12:33:758</time></pt><pt><x>361</x><y>123</y><time>26-01-21 15:12:33:971</time></pt><pt><x>359</x><y>151</y><time>26-01-21 15:12:35:097</time></pt><pt><x>359</x><y>159</y><time>26-01-21 15:12:35:293</time></pt><pt><x>360</x><y>169</y><time>26-01-21 15:12:35:661</time></pt><pt><x>359</x><y>174</y><time>26-01-21 15:12:35:850</time></pt><pt><x>359</x><y>181</y><time>26-01-21 15:12:36:095</time></pt><pt><x>358</x><y>185</y><time>26-01-21 15:12:36:257</time></pt><pt><x>358</x><y>189</y><time>26-01-21 15:12:36:456</time></pt><pt><x>358</x><y>194</y><time>26-01-21 15:12:36:684</time></pt><pt><x>360</x><y>221</y><time>26-01-21 15:12:38:396</time></pt><pt><x>361</x><y>227</y><time>26-01-21 15:12:38:647</time></pt><pt><x>361</x><y>231</y><time>26-01-21 15:12:38:789</time></pt><pt><x>360</x><y>237</y><time>26-01-21 15:12:39:018</time></pt><pt><x>359</x><y>242</y><time>26-01-21 15:12:39:362</time></pt><pt><x>358</x><y>248</y><time>26-01-21 15:12:39:606</time></pt><pt><x>357</x><y>251</y><time>26-01-21 15:12:39:787</time></pt><pt><x>358</x><y>262</y><time>26-01-21 15:12:40:848</time></pt><pt><x>357</x><y>267</y><time>26-01-21 15:12:41:013</time></pt><pt><x>357</x><y>273</y><time>26-01-21 15:12:41:177</time></pt><pt><x>357</x><y>277</y><time>26-01-21 15:12:41:327</time></pt><pt><x>356</x><y>280</y><time>26-01-21 15:12:41:475</time></pt><pt><x>356</x><y>284</y><time>26-01-21 15:12:41:633</time></pt><pt><x>357</x><y>287</y><time>26-01-21 15:12:41:775</time></pt><pt><x>357</x><y>293</y><time>26-01-21 15:12:42:247</time></pt><pt><x>355</x><y>297</y><time>26-01-21 15:12:42:427</time></pt><pt><x>353</x><y>300</y><time>26-01-21 15:12:42:623</time></pt><pt><x>352</x><y>302</y><time>26-01-21 15:12:42:805</time></pt><pt><x>351</x><y>303</y><time>26-01-21 15:12:42:920</time></pt><pt><x>350</x><y>305</y><time>26-01-21 15:12:43:048</time></pt><pt><x>351</x><y>307</y><time>26-01-21 15:12:43:275</time></pt><pt><x>354</x><y>309</y><time>26-01-21 15:12:43:503</time></pt><pt><x>362</x><y>310</y><time>26-01-21 15:12:43:771</time></pt><pt><x>367</x><y>310</y><time>26-01-21 15:12:43:999</time></pt><pt><x>368</x><y>308</y><time>26-01-21 15:12:44:211</time></pt><pt><x>369</x><y>307</y><time>26-01-21 15:12:44:415</time></pt><pt><x>370</x><y>305</y><time>26-01-21 15:12:44:588</time></pt><pt><x>370</x><y>297</y><time>26-01-21 15:12:44:793</time></pt><pt><x>373</x><y>282</y><time>26-01-21 15:12:45:319</time></pt><pt><x>376</x><y>265</y><time>26-01-21 15:12:45:797</time></pt><pt><x>379</x><y>243</y><time>26-01-21 15:12:46:920</time></pt><pt><x>381</x><y>236</y><time>26-01-21 15:12:47:324</time></pt><pt><x>382</x><y>227</y><time>26-01-21 15:12:47:732</time></pt><pt><x>383</x><y>219</y><time>26-01-21 15:12:48:147</time></pt><pt><x>384</x><y>232</y><time>26-01-21 15:12:48:689</time></pt><pt><x>385</x><y>240</y><time>26-01-21 15:12:49:075</time></pt><pt><x>385</x><y>253</y><time>26-01-21 15:12:49:539</time></pt><pt><x>385</x><y>274</y><time>26-01-21 15:12:50:545</time></pt><pt><x>385</x><y>281</y><time>26-01-21 15:12:50:765</time></pt><pt><x>387</x><y>285</y><time>26-01-21 15:12:50:913</time></pt><pt><x>387</x><y>288</y><time>26-01-21 15:12:51:065</time></pt><pt><x>389</x><y>291</y><time>26-01-21 15:12:51:259</time></pt><pt><x>388</x><y>294</y><time>26-01-21 15:12:51:425</time></pt><pt><x>387</x><y>298</y><time>26-01-21 15:12:51:581</time></pt><pt><x>386</x><y>301</y><time>26-01-21 15:12:51:785</time></pt><pt><x>386</x><y>304</y><time>26-01-21 15:12:52:047</time></pt><pt><x>389</x><y>305</y><time>26-01-21 15:12:52:346</time></pt><pt><x>392</x><y>306</y><time>26-01-21 15:12:52:541</time></pt><pt><x>394</x><y>306</y><time>26-01-21 15:12:52:688</time></pt><pt><x>396</x><y>308</y><time>26-01-21 15:12:52:893</time></pt><pt><x>403</x><y>309</y><time>26-01-21 15:12:53:155</time></pt><pt><x>410</x><y>310</y><time>26-01-21 15:12:53:484</time></pt><pt><x>412</x><y>307</y><time>26-01-21 15:12:53:836</time></pt><pt><x>410</x><y>304</y><time>26-01-21 15:12:54:120</time></pt><pt><x>408</x><y>302</y><time>26-01-21 15:12:54:355</time></pt><pt><x>404</x><y>296</y><time>26-01-21 15:12:54:631</time></pt><pt><x>401</x><y>291</y><time>26-01-21 15:12:54:859</time></pt><pt><x>401</x><y>286</y><time>26-01-21 15:12:55:080</time></pt><pt><x>403</x><y>282</y><time>26-01-21 15:12:55:332</time></pt><pt><x>403</x><y>277</y><time>26-01-21 15:12:55:521</time></pt><pt><x>402</x><y>271</y><time>26-01-21 15:12:55:753</time></pt><pt><x>404</x><y>260</y><time>26-01-21 15:12:56:184</time></pt><pt><x>405</x><y>241</y><time>26-01-21 15:12:57:382</time></pt><pt><x>406</x><y>237</y><time>26-01-21 15:12:57:648</time></pt><pt><x>407</x><y>231</y><time>26-01-21 15:12:57:829</time></pt><pt><x>408</x><y>222</y><time>26-01-21 15:12:58:151</time></pt><pt><x>412</x><y>194</y><time>26-01-21 15:12:59:431</time></pt><pt><x>412</x><y>187</y><time>26-01-21 15:13:01:488</time></pt><pt><x>413</x><y>182</y><time>26-01-21 15:13:01:953</time></pt><pt><x>414</x><y>179</y><time>26-01-21 15:13:02:386</time></pt><pt><x>414</x><y>175</y><time>26-01-21 15:13:02:591</time></pt><pt><x>412</x><y>171</y><time>26-01-21 15:13:02:756</time></pt><pt><x>412</x><y>162</y><time>26-01-21 15:13:03:447</time></pt><pt><x>414</x><y>159</y><time>26-01-21 15:13:03:846</time></pt><pt><x>415</x><y>163</y><time>26-01-21 15:13:04:035</time></pt><pt><x>415</x><y>168</y><time>26-01-21 15:13:04:217</time></pt><pt><x>415</x><y>173</y><time>26-01-21 15:13:04:506</time></pt><pt><x>416</x><y>177</y><time>26-01-21 15:13:04:808</time></pt><pt><x>415</x><y>180</y><time>26-01-21 15:13:05:183</time></pt><pt><x>413</x><y>184</y><time>26-01-21 15:13:05:773</time></pt><pt><x>413</x><y>189</y><time>26-01-21 15:13:06:315</time></pt><pt><x>413</x><y>194</y><time>26-01-21 15:13:06:739</time></pt><pt><x>414</x><y>197</y><time>26-01-21 15:13:07:095</time></pt><pt><x>415</x><y>197</y><time>26-01-21 15:13:07:342</time></pt><pt><x>418</x><y>196</y><time>26-01-21 15:13:07:524</time></pt><pt><x>422</x><y>193</y><time>26-01-21 15:13:07:831</time></pt><pt><x>424</x><y>191</y><time>26-01-21 15:13:08:223</time></pt><pt><x>424</x><y>188</y><time>26-01-21 15:13:08:399</time></pt><pt><x>424</x><y>185</y><time>26-01-21 15:13:08:530</time></pt><pt><x>424</x><y>184</y><time>26-01-21 15:13:08:688</time></pt><pt><x>425</x><y>178</y><time>26-01-21 15:13:08:892</time></pt><pt><x>425</x><y>176</y><time>26-01-21 15:13:09:058</time></pt><pt><x>428</x><y>173</y><time>26-01-21 15:13:09:269</time></pt><pt><x>429</x><y>164</y><time>26-01-21 15:13:09:513</time></pt><pt><x>428</x><y>119</y><time>26-01-21 15:13:10:747</time></pt><pt><x>423</x><y>98</y><time>26-01-21 15:13:11:384</time></pt><pt><x>420</x><y>93</y><time>26-01-21 15:13:11:935</time></pt><pt><x>409</x><y>87</y><time>26-01-21 15:13:12:255</time></pt><pt><x>402</x><y>85</y><time>26-01-21 15:13:12:545</time></pt><pt><x>396</x><y>83</y><time>26-01-21 15:13:12:877</time></pt><pt><x>396</x><y>81</y><time>26-01-21 15:13:13:097</time></pt><pt><x>397</x><y>78</y><time>26-01-21 15:13:13:293</time></pt><pt><x>399</x><y>74</y><time>26-01-21 15:13:13:544</time></pt><pt><x>399</x><y>64</y><time>26-01-21 15:13:14:627</time></pt><pt><x>399</x><y>58</y><time>26-01-21 15:13:14:889</time></pt><pt><x>397</x><y>53</y><time>26-01-21 15:13:15:201</time></pt><pt><x>397</x><y>49</y><time>26-01-21 15:13:15:774</time></pt><closed_date>26-01-21 15:13:16:122</closed_date></polygon></object><object><name>person</name><deleted>0</deleted><verified>0</verified><occluded>no</occluded><attributes></attributes><parts><hasparts></hasparts><ispartof></ispartof></parts><date>26-01-21 15:14:29:786</date><id>2</id><polygon><username>7hao</username><pt><x>586</x><y>0</y><time>26-01-21 15:13:30:031</time></pt><pt><x>588</x><y>2</y><time>26-01-21 15:13:30:409</time></pt><pt><x>590</x><y>4</y><time>26-01-21 15:13:30:605</time></pt><pt><x>591</x><y>5</y><time>26-01-21 15:13:30:768</time></pt><pt><x>591</x><y>7</y><time>26-01-21 15:13:30:968</time></pt><pt><x>589</x><y>8</y><time>26-01-21 15:13:31:123</time></pt><pt><x>588</x><y>9</y><time>26-01-21 15:13:31:289</time></pt><pt><x>587</x><y>11</y><time>26-01-21 15:13:31:430</time></pt><pt><x>584</x><y>12</y><time>26-01-21 15:13:31:713</time></pt><pt><x>583</x><y>14</y><time>26-01-21 15:13:31:845</time></pt><pt><x>582</x><y>16</y><time>26-01-21 15:13:31:987</time></pt><pt><x>582</x><y>21</y><time>26-01-21 15:13:32:129</time></pt><pt><x>582</x><y>24</y><time>26-01-21 15:13:32:341</time></pt><pt><x>577</x><y>26</y><time>26-01-21 15:13:32:545</time></pt><pt><x>572</x><y>28</y><time>26-01-21 15:13:32:852</time></pt><pt><x>564</x><y>35</y><time>26-01-21 15:13:33:166</time></pt><pt><x>558</x><y>47</y><time>26-01-21 15:13:33:583</time></pt><pt><x>552</x><y>67</y><time>26-01-21 15:13:35:397</time></pt><pt><x>546</x><y>83</y><time>26-01-21 15:13:35:791</time></pt><pt><x>539</x><y>94</y><time>26-01-21 15:13:36:153</time></pt><pt><x>532</x><y>107</y><time>26-01-21 15:13:36:671</time></pt><pt><x>526</x><y>118</y><time>26-01-21 15:13:37:755</time></pt><pt><x>521</x><y>124</y><time>26-01-21 15:13:38:078</time></pt><pt><x>519</x><y>128</y><time>26-01-21 15:13:38:273</time></pt><pt><x>517</x><y>132</y><time>26-01-21 15:13:38:455</time></pt><pt><x>517</x><y>134</y><time>26-01-21 15:13:38:620</time></pt><pt><x>515</x><y>138</y><time>26-01-21 15:13:38:839</time></pt><pt><x>511</x><y>141</y><time>26-01-21 15:13:39:137</time></pt><pt><x>509</x><y>144</y><time>26-01-21 15:13:39:319</time></pt><pt><x>509</x><y>149</y><time>26-01-21 15:13:39:601</time></pt><pt><x>511</x><y>157</y><time>26-01-21 15:13:39:940</time></pt><pt><x>515</x><y>160</y><time>26-01-21 15:13:40:240</time></pt><pt><x>522</x><y>161</y><time>26-01-21 15:13:40:551</time></pt><pt><x>525</x><y>160</y><time>26-01-21 15:13:40:835</time></pt><pt><x>526</x><y>158</y><time>26-01-21 15:13:41:086</time></pt><pt><x>525</x><y>157</y><time>26-01-21 15:13:41:337</time></pt><pt><x>523</x><y>155</y><time>26-01-21 15:13:41:558</time></pt><pt><x>523</x><y>151</y><time>26-01-21 15:13:41:809</time></pt><pt><x>528</x><y>144</y><time>26-01-21 15:13:42:148</time></pt><pt><x>531</x><y>141</y><time>26-01-21 15:13:42:375</time></pt><pt><x>533</x><y>139</y><time>26-01-21 15:13:42:603</time></pt><pt><x>542</x><y>132</y><time>26-01-21 15:13:43:081</time></pt><pt><x>552</x><y>121</y><time>26-01-21 15:13:43:545</time></pt><pt><x>557</x><y>114</y><time>26-01-21 15:13:43:962</time></pt><pt><x>564</x><y>104</y><time>26-01-21 15:13:44:395</time></pt><pt><x>568</x><y>95</y><time>26-01-21 15:13:44:787</time></pt><pt><x>569</x><y>104</y><time>26-01-21 15:13:46:815</time></pt><pt><x>568</x><y>109</y><time>26-01-21 15:13:47:096</time></pt><pt><x>567</x><y>112</y><time>26-01-21 15:13:47:255</time></pt><pt><x>567</x><y>116</y><time>26-01-21 15:13:47:419</time></pt><pt><x>566</x><y>121</y><time>26-01-21 15:13:47:585</time></pt><pt><x>566</x><y>126</y><time>26-01-21 15:13:47:750</time></pt><pt><x>569</x><y>132</y><time>26-01-21 15:13:47:969</time></pt><pt><x>570</x><y>136</y><time>26-01-21 15:13:48:169</time></pt><pt><x>568</x><y>141</y><time>26-01-21 15:13:48:323</time></pt><pt><x>568</x><y>145</y><time>26-01-21 15:13:48:475</time></pt><pt><x>570</x><y>148</y><time>26-01-21 15:13:48:669</time></pt><pt><x>570</x><y>152</y><time>26-01-21 15:13:48:961</time></pt><pt><x>570</x><y>154</y><time>26-01-21 15:13:49:101</time></pt><pt><x>568</x><y>157</y><time>26-01-21 15:13:49:290</time></pt><pt><x>567</x><y>165</y><time>26-01-21 15:13:50:319</time></pt><pt><x>568</x><y>171</y><time>26-01-21 15:13:50:499</time></pt><pt><x>571</x><y>176</y><time>26-01-21 15:13:50:727</time></pt><pt><x>574</x><y>181</y><time>26-01-21 15:13:50:995</time></pt><pt><x>575</x><y>186</y><time>26-01-21 15:13:51:163</time></pt><pt><x>576</x><y>212</y><time>26-01-21 15:13:52:490</time></pt><pt><x>580</x><y>222</y><time>26-01-21 15:13:52:788</time></pt><pt><x>583</x><y>234</y><time>26-01-21 15:13:53:173</time></pt><pt><x>586</x><y>245</y><time>26-01-21 15:13:53:501</time></pt><pt><x>587</x><y>250</y><time>26-01-21 15:13:53:691</time></pt><pt><x>588</x><y>255</y><time>26-01-21 15:13:53:904</time></pt><pt><x>588</x><y>260</y><time>26-01-21 15:13:54:233</time></pt><pt><x>591</x><y>275</y><time>26-01-21 15:13:55:411</time></pt><pt><x>593</x><y>289</y><time>26-01-21 15:13:55:813</time></pt><pt><x>596</x><y>297</y><time>26-01-21 15:13:56:071</time></pt><pt><x>599</x><y>302</y><time>26-01-21 15:13:56:275</time></pt><pt><x>601</x><y>306</y><time>26-01-21 15:13:56:613</time></pt><pt><x>602</x><y>312</y><time>26-01-21 15:13:56:953</time></pt><pt><x>602</x><y>316</y><time>26-01-21 15:13:57:142</time></pt><pt><x>598</x><y>322</y><time>26-01-21 15:13:57:439</time></pt><pt><x>594</x><y>325</y><time>26-01-21 15:13:57:745</time></pt><pt><x>592</x><y>327</y><time>26-01-21 15:13:57:920</time></pt><pt><x>590</x><y>328</y><time>26-01-21 15:13:58:091</time></pt><pt><x>585</x><y>330</y><time>26-01-21 15:13:58:343</time></pt><pt><x>578</x><y>330</y><time>26-01-21 15:13:58:595</time></pt><pt><x>575</x><y>332</y><time>26-01-21 15:13:58:837</time></pt><pt><x>577</x><y>339</y><time>26-01-21 15:13:59:978</time></pt><pt><x>580</x><y>340</y><time>26-01-21 15:14:00:189</time></pt><pt><x>584</x><y>342</y><time>26-01-21 15:14:00:348</time></pt><pt><x>587</x><y>342</y><time>26-01-21 15:14:03:577</time></pt><pt><x>588</x><y>345</y><time>26-01-21 15:14:03:765</time></pt><pt><x>589</x><y>348</y><time>26-01-21 15:14:03:916</time></pt><pt><x>591</x><y>352</y><time>26-01-21 15:14:04:213</time></pt><pt><x>597</x><y>353</y><time>26-01-21 15:14:04:378</time></pt><pt><x>611</x><y>353</y><time>26-01-21 15:14:04:670</time></pt><pt><x>622</x><y>353</y><time>26-01-21 15:14:05:056</time></pt><pt><x>629</x><y>353</y><time>26-01-21 15:14:05:273</time></pt><pt><x>638</x><y>352</y><time>26-01-21 15:14:05:627</time></pt><pt><x>640</x><y>351</y><time>26-01-21 15:14:06:131</time></pt><pt><x>640</x><y>335</y><time>26-01-21 15:14:14:453</time></pt><pt><x>639</x><y>333</y><time>26-01-21 15:14:14:821</time></pt><pt><x>639</x><y>333</y><time>26-01-21 15:14:15:083</time></pt><pt><x>639</x><y>330</y><time>26-01-21 15:14:15:395</time></pt><pt><x>640</x><y>328</y><time>26-01-21 15:14:15:717</time></pt><pt><x>640</x><y>327</y><time>26-01-21 15:14:16:088</time></pt><pt><x>639</x><y>303</y><time>26-01-21 15:14:17:683</time></pt><pt><x>637</x><y>291</y><time>26-01-21 15:14:18:327</time></pt><pt><x>634</x><y>284</y><time>26-01-21 15:14:19:099</time></pt><pt><x>634</x><y>269</y><time>26-01-21 15:14:19:505</time></pt><pt><x>638</x><y>206</y><time>26-01-21 15:14:21:163</time></pt><pt><x>638</x><y>192</y><time>26-01-21 15:14:22:076</time></pt><pt><x>639</x><y>187</y><time>26-01-21 15:14:22:767</time></pt><pt><x>640</x><y>0</y><time>26-01-21 15:14:26:272</time></pt><closed_date>26-01-21 15:14:27:350</closed_date></polygon></object></annotation>