<annotation><filename>frame0069.jpg</filename><folder>users/lab605//7hao/human_20210119_4</folder><source><submittedBy>lab605</submittedBy></source><imagesize><nrows>480</nrows><ncols>640</ncols></imagesize><object><name>person</name><deleted>0</deleted><verified>0</verified><occluded>no</occluded><attributes></attributes><parts><hasparts></hasparts><ispartof></ispartof></parts><date>26-01-21 14:12:32:463</date><id>0</id><polygon><username>7hao</username><pt><x>187</x><y>0</y><time>26-01-21 14:11:20:325</time></pt><pt><x>187</x><y>2</y><time>26-01-21 14:11:21:084</time></pt><pt><x>188</x><y>4</y><time>26-01-21 14:11:21:490</time></pt><pt><x>190</x><y>5</y><time>26-01-21 14:11:21:938</time></pt><pt><x>191</x><y>9</y><time>26-01-21 14:11:22:268</time></pt><pt><x>191</x><y>12</y><time>26-01-21 14:11:22:582</time></pt><pt><x>189</x><y>13</y><time>26-01-21 14:11:22:968</time></pt><pt><x>185</x><y>13</y><time>26-01-21 14:11:23:322</time></pt><pt><x>180</x><y>14</y><time>26-01-21 14:11:23:629</time></pt><pt><x>177</x><y>19</y><time>26-01-21 14:11:23:966</time></pt><pt><x>176</x><y>23</y><time>26-01-21 14:11:24:296</time></pt><pt><x>176</x><y>25</y><time>26-01-21 14:11:24:642</time></pt><pt><x>164</x><y>30</y><time>26-01-21 14:11:25:412</time></pt><pt><x>156</x><y>35</y><time>26-01-21 14:11:25:790</time></pt><pt><x>149</x><y>49</y><time>26-01-21 14:11:26:560</time></pt><pt><x>145</x><y>64</y><time>26-01-21 14:11:27:929</time></pt><pt><x>143</x><y>78</y><time>26-01-21 14:11:28:470</time></pt><pt><x>142</x><y>95</y><time>26-01-21 14:11:29:573</time></pt><pt><x>143</x><y>107</y><time>26-01-21 14:11:29:895</time></pt><pt><x>145</x><y>114</y><time>26-01-21 14:11:30:310</time></pt><pt><x>147</x><y>123</y><time>26-01-21 14:11:30:758</time></pt><pt><x>150</x><y>129</y><time>26-01-21 14:11:31:137</time></pt><pt><x>151</x><y>132</y><time>26-01-21 14:11:31:332</time></pt><pt><x>151</x><y>135</y><time>26-01-21 14:11:31:498</time></pt><pt><x>152</x><y>139</y><time>26-01-21 14:11:31:789</time></pt><pt><x>155</x><y>143</y><time>26-01-21 14:11:32:159</time></pt><pt><x>157</x><y>146</y><time>26-01-21 14:11:32:464</time></pt><pt><x>160</x><y>149</y><time>26-01-21 14:11:32:819</time></pt><pt><x>161</x><y>151</y><time>26-01-21 14:11:33:007</time></pt><pt><x>161</x><y>154</y><time>26-01-21 14:11:33:204</time></pt><pt><x>162</x><y>158</y><time>26-01-21 14:11:34:610</time></pt><pt><x>162</x><y>167</y><time>26-01-21 14:11:34:996</time></pt><pt><x>162</x><y>174</y><time>26-01-21 14:11:35:238</time></pt><pt><x>162</x><y>187</y><time>26-01-21 14:11:36:552</time></pt><pt><x>161</x><y>195</y><time>26-01-21 14:11:36:936</time></pt><pt><x>162</x><y>198</y><time>26-01-21 14:11:37:134</time></pt><pt><x>165</x><y>199</y><time>26-01-21 14:11:37:330</time></pt><pt><x>168</x><y>200</y><time>26-01-21 14:11:37:628</time></pt><pt><x>169</x><y>205</y><time>26-01-21 14:11:37:795</time></pt><pt><x>169</x><y>217</y><time>26-01-21 14:11:38:320</time></pt><pt><x>169</x><y>225</y><time>26-01-21 14:11:38:745</time></pt><pt><x>166</x><y>234</y><time>26-01-21 14:11:39:123</time></pt><pt><x>164</x><y>245</y><time>26-01-21 14:11:39:602</time></pt><pt><x>163</x><y>262</y><time>26-01-21 14:11:40:767</time></pt><pt><x>165</x><y>272</y><time>26-01-21 14:11:41:064</time></pt><pt><x>166</x><y>280</y><time>26-01-21 14:11:41:222</time></pt><pt><x>167</x><y>289</y><time>26-01-21 14:11:41:560</time></pt><pt><x>166</x><y>298</y><time>26-01-21 14:11:42:000</time></pt><pt><x>162</x><y>305</y><time>26-01-21 14:11:42:464</time></pt><pt><x>160</x><y>310</y><time>26-01-21 14:11:42:888</time></pt><pt><x>156</x><y>312</y><time>26-01-21 14:11:43:242</time></pt><pt><x>155</x><y>314</y><time>26-01-21 14:11:43:438</time></pt><pt><x>157</x><y>318</y><time>26-01-21 14:11:43:816</time></pt><pt><x>163</x><y>321</y><time>26-01-21 14:11:44:248</time></pt><pt><x>168</x><y>324</y><time>26-01-21 14:11:44:712</time></pt><pt><x>175</x><y>324</y><time>26-01-21 14:11:45:034</time></pt><pt><x>178</x><y>323</y><time>26-01-21 14:11:45:348</time></pt><pt><x>180</x><y>314</y><time>26-01-21 14:11:45:764</time></pt><pt><x>181</x><y>307</y><time>26-01-21 14:11:46:134</time></pt><pt><x>180</x><y>299</y><time>26-01-21 14:11:46:496</time></pt><pt><x>179</x><y>290</y><time>26-01-21 14:11:46:858</time></pt><pt><x>181</x><y>278</y><time>26-01-21 14:11:47:234</time></pt><pt><x>185</x><y>263</y><time>26-01-21 14:11:47:722</time></pt><pt><x>189</x><y>251</y><time>26-01-21 14:11:49:005</time></pt><pt><x>188</x><y>240</y><time>26-01-21 14:11:49:366</time></pt><pt><x>189</x><y>233</y><time>26-01-21 14:11:49:664</time></pt><pt><x>193</x><y>225</y><time>26-01-21 14:11:50:011</time></pt><pt><x>196</x><y>213</y><time>26-01-21 14:11:51:048</time></pt><pt><x>197</x><y>204</y><time>26-01-21 14:11:51:362</time></pt><pt><x>197</x><y>201</y><time>26-01-21 14:11:51:558</time></pt><pt><x>198</x><y>199</y><time>26-01-21 14:11:51:779</time></pt><pt><x>200</x><y>191</y><time>26-01-21 14:11:52:213</time></pt><pt><x>204</x><y>180</y><time>26-01-21 14:11:52:897</time></pt><pt><x>208</x><y>177</y><time>26-01-21 14:11:53:336</time></pt><pt><x>212</x><y>178</y><time>26-01-21 14:11:53:651</time></pt><pt><x>215</x><y>183</y><time>26-01-21 14:11:53:980</time></pt><pt><x>217</x><y>191</y><time>26-01-21 14:11:54:318</time></pt><pt><x>218</x><y>196</y><time>26-01-21 14:11:54:616</time></pt><pt><x>217</x><y>199</y><time>26-01-21 14:11:54:799</time></pt><pt><x>217</x><y>201</y><time>26-01-21 14:11:54:971</time></pt><pt><x>218</x><y>203</y><time>26-01-21 14:11:55:153</time></pt><pt><x>222</x><y>205</y><time>26-01-21 14:11:55:482</time></pt><pt><x>224</x><y>212</y><time>26-01-21 14:11:55:812</time></pt><pt><x>227</x><y>224</y><time>26-01-21 14:11:56:277</time></pt><pt><x>231</x><y>229</y><time>26-01-21 14:11:56:653</time></pt><pt><x>234</x><y>234</y><time>26-01-21 14:11:57:007</time></pt><pt><x>236</x><y>243</y><time>26-01-21 14:11:57:659</time></pt><pt><x>242</x><y>257</y><time>26-01-21 14:11:59:121</time></pt><pt><x>247</x><y>267</y><time>26-01-21 14:11:59:633</time></pt><pt><x>249</x><y>280</y><time>26-01-21 14:12:00:003</time></pt><pt><x>249</x><y>288</y><time>26-01-21 14:12:00:379</time></pt><pt><x>247</x><y>293</y><time>26-01-21 14:12:00:560</time></pt><pt><x>248</x><y>306</y><time>26-01-21 14:12:01:488</time></pt><pt><x>252</x><y>310</y><time>26-01-21 14:12:01:690</time></pt><pt><x>257</x><y>311</y><time>26-01-21 14:12:01:975</time></pt><pt><x>259</x><y>313</y><time>26-01-21 14:12:02:171</time></pt><pt><x>262</x><y>315</y><time>26-01-21 14:12:02:415</time></pt><pt><x>269</x><y>314</y><time>26-01-21 14:12:02:667</time></pt><pt><x>277</x><y>312</y><time>26-01-21 14:12:03:115</time></pt><pt><x>279</x><y>306</y><time>26-01-21 14:12:03:452</time></pt><pt><x>277</x><y>298</y><time>26-01-21 14:12:03:726</time></pt><pt><x>273</x><y>295</y><time>26-01-21 14:12:03:979</time></pt><pt><x>268</x><y>289</y><time>26-01-21 14:12:04:279</time></pt><pt><x>262</x><y>279</y><time>26-01-21 14:12:04:710</time></pt><pt><x>261</x><y>267</y><time>26-01-21 14:12:05:127</time></pt><pt><x>259</x><y>245</y><time>26-01-21 14:12:06:438</time></pt><pt><x>257</x><y>234</y><time>26-01-21 14:12:06:808</time></pt><pt><x>253</x><y>227</y><time>26-01-21 14:12:07:109</time></pt><pt><x>247</x><y>217</y><time>26-01-21 14:12:07:998</time></pt><pt><x>247</x><y>212</y><time>26-01-21 14:12:08:208</time></pt><pt><x>247</x><y>207</y><time>26-01-21 14:12:08:578</time></pt><pt><x>248</x><y>195</y><time>26-01-21 14:12:09:976</time></pt><pt><x>248</x><y>179</y><time>26-01-21 14:12:10:725</time></pt><pt><x>247</x><y>168</y><time>26-01-21 14:12:11:723</time></pt><pt><x>250</x><y>158</y><time>26-01-21 14:12:12:351</time></pt><pt><x>253</x><y>146</y><time>26-01-21 14:12:13:082</time></pt><pt><x>259</x><y>130</y><time>26-01-21 14:12:14:308</time></pt><pt><x>259</x><y>112</y><time>26-01-21 14:12:15:148</time></pt><pt><x>256</x><y>75</y><time>26-01-21 14:12:16:108</time></pt><pt><x>254</x><y>61</y><time>26-01-21 14:12:16:698</time></pt><pt><x>250</x><y>51</y><time>26-01-21 14:12:17:366</time></pt><pt><x>245</x><y>41</y><time>26-01-21 14:12:17:916</time></pt><pt><x>235</x><y>32</y><time>26-01-21 14:12:18:654</time></pt><pt><x>230</x><y>28</y><time>26-01-21 14:12:19:150</time></pt><pt><x>225</x><y>22</y><time>26-01-21 14:12:19:786</time></pt><pt><x>224</x><y>20</y><time>26-01-21 14:12:20:132</time></pt><pt><x>219</x><y>15</y><time>26-01-21 14:12:26:760</time></pt><pt><x>217</x><y>13</y><time>26-01-21 14:12:27:026</time></pt><pt><x>218</x><y>9</y><time>26-01-21 14:12:27:217</time></pt><pt><x>222</x><y>3</y><time>26-01-21 14:12:27:600</time></pt><pt><x>224</x><y>0</y><time>26-01-21 14:12:28:828</time></pt><closed_date>26-01-21 14:12:30:356</closed_date></polygon></object><object><name>person</name><deleted>0</deleted><verified>0</verified><occluded>no</occluded><attributes></attributes><parts><hasparts></hasparts><ispartof></ispartof></parts><date>26-01-21 14:13:42:659</date><id>1</id><polygon><username>7hao</username><pt><x>400</x><y>67</y><time>26-01-21 14:12:36:434</time></pt><pt><x>393</x><y>65</y><time>26-01-21 14:12:37:279</time></pt><pt><x>383</x><y>66</y><time>26-01-21 14:12:37:814</time></pt><pt><x>375</x><y>73</y><time>26-01-21 14:12:38:272</time></pt><pt><x>374</x><y>77</y><time>26-01-21 14:12:40:434</time></pt><pt><x>374</x><y>82</y><time>26-01-21 14:12:40:707</time></pt><pt><x>377</x><y>87</y><time>26-01-21 14:12:40:921</time></pt><pt><x>377</x><y>92</y><time>26-01-21 14:12:41:329</time></pt><pt><x>379</x><y>96</y><time>26-01-21 14:12:41:863</time></pt><pt><x>376</x><y>102</y><time>26-01-21 14:12:43:214</time></pt><pt><x>375</x><y>103</y><time>26-01-21 14:12:43:498</time></pt><pt><x>371</x><y>105</y><time>26-01-21 14:12:43:780</time></pt><pt><x>365</x><y>106</y><time>26-01-21 14:12:44:159</time></pt><pt><x>361</x><y>111</y><time>26-01-21 14:12:44:476</time></pt><pt><x>358</x><y>118</y><time>26-01-21 14:12:44:787</time></pt><pt><x>355</x><y>126</y><time>26-01-21 14:12:45:226</time></pt><pt><x>354</x><y>133</y><time>26-01-21 14:12:45:659</time></pt><pt><x>355</x><y>142</y><time>26-01-21 14:12:46:720</time></pt><pt><x>360</x><y>145</y><time>26-01-21 14:12:47:021</time></pt><pt><x>364</x><y>145</y><time>26-01-21 14:12:47:348</time></pt><pt><x>367</x><y>143</y><time>26-01-21 14:12:47:718</time></pt><pt><x>366</x><y>152</y><time>26-01-21 14:12:48:310</time></pt><pt><x>364</x><y>164</y><time>26-01-21 14:12:49:628</time></pt><pt><x>364</x><y>172</y><time>26-01-21 14:12:50:037</time></pt><pt><x>365</x><y>177</y><time>26-01-21 14:12:50:296</time></pt><pt><x>365</x><y>182</y><time>26-01-21 14:12:50:573</time></pt><pt><x>363</x><y>188</y><time>26-01-21 14:12:50:801</time></pt><pt><x>362</x><y>204</y><time>26-01-21 14:12:52:815</time></pt><pt><x>362</x><y>214</y><time>26-01-21 14:12:53:158</time></pt><pt><x>362</x><y>219</y><time>26-01-21 14:12:53:456</time></pt><pt><x>364</x><y>225</y><time>26-01-21 14:12:53:716</time></pt><pt><x>364</x><y>230</y><time>26-01-21 14:12:54:101</time></pt><pt><x>363</x><y>238</y><time>26-01-21 14:12:54:636</time></pt><pt><x>360</x><y>247</y><time>26-01-21 14:12:56:144</time></pt><pt><x>360</x><y>254</y><time>26-01-21 14:12:56:436</time></pt><pt><x>360</x><y>260</y><time>26-01-21 14:12:56:640</time></pt><pt><x>361</x><y>266</y><time>26-01-21 14:12:56:946</time></pt><pt><x>360</x><y>270</y><time>26-01-21 14:12:57:118</time></pt><pt><x>359</x><y>275</y><time>26-01-21 14:12:57:393</time></pt><pt><x>359</x><y>278</y><time>26-01-21 14:12:57:598</time></pt><pt><x>360</x><y>281</y><time>26-01-21 14:12:57:810</time></pt><pt><x>360</x><y>285</y><time>26-01-21 14:12:58:117</time></pt><pt><x>357</x><y>291</y><time>26-01-21 14:12:59:483</time></pt><pt><x>355</x><y>295</y><time>26-01-21 14:12:59:886</time></pt><pt><x>354</x><y>300</y><time>26-01-21 14:13:00:216</time></pt><pt><x>355</x><y>302</y><time>26-01-21 14:13:00:413</time></pt><pt><x>359</x><y>301</y><time>26-01-21 14:13:00:648</time></pt><pt><x>367</x><y>301</y><time>26-01-21 14:13:01:145</time></pt><pt><x>368</x><y>300</y><time>26-01-21 14:13:01:503</time></pt><pt><x>369</x><y>299</y><time>26-01-21 14:13:01:702</time></pt><pt><x>372</x><y>297</y><time>26-01-21 14:13:02:235</time></pt><pt><x>371</x><y>292</y><time>26-01-21 14:13:02:480</time></pt><pt><x>371</x><y>289</y><time>26-01-21 14:13:02:683</time></pt><pt><x>373</x><y>281</y><time>26-01-21 14:13:03:116</time></pt><pt><x>378</x><y>260</y><time>26-01-21 14:13:04:192</time></pt><pt><x>379</x><y>251</y><time>26-01-21 14:13:04:587</time></pt><pt><x>380</x><y>242</y><time>26-01-21 14:13:04:948</time></pt><pt><x>382</x><y>232</y><time>26-01-21 14:13:05:608</time></pt><pt><x>385</x><y>222</y><time>26-01-21 14:13:06:355</time></pt><pt><x>385</x><y>217</y><time>26-01-21 14:13:06:801</time></pt><pt><x>386</x><y>216</y><time>26-01-21 14:13:07:196</time></pt><pt><x>387</x><y>219</y><time>26-01-21 14:13:07:534</time></pt><pt><x>386</x><y>227</y><time>26-01-21 14:13:08:132</time></pt><pt><x>386</x><y>230</y><time>26-01-21 14:13:08:406</time></pt><pt><x>387</x><y>234</y><time>26-01-21 14:13:08:573</time></pt><pt><x>387</x><y>239</y><time>26-01-21 14:13:08:940</time></pt><pt><x>386</x><y>255</y><time>26-01-21 14:13:09:656</time></pt><pt><x>385</x><y>268</y><time>26-01-21 14:13:10:262</time></pt><pt><x>386</x><y>279</y><time>26-01-21 14:13:10:646</time></pt><pt><x>387</x><y>284</y><time>26-01-21 14:13:10:960</time></pt><pt><x>388</x><y>288</y><time>26-01-21 14:13:11:306</time></pt><pt><x>387</x><y>293</y><time>26-01-21 14:13:12:713</time></pt><pt><x>386</x><y>294</y><time>26-01-21 14:13:12:972</time></pt><pt><x>386</x><y>296</y><time>26-01-21 14:13:13:122</time></pt><pt><x>387</x><y>298</y><time>26-01-21 14:13:13:428</time></pt><pt><x>390</x><y>298</y><time>26-01-21 14:13:13:655</time></pt><pt><x>392</x><y>299</y><time>26-01-21 14:13:13:862</time></pt><pt><x>399</x><y>301</y><time>26-01-21 14:13:14:215</time></pt><pt><x>405</x><y>300</y><time>26-01-21 14:13:14:649</time></pt><pt><x>407</x><y>300</y><time>26-01-21 14:13:14:979</time></pt><pt><x>406</x><y>296</y><time>26-01-21 14:13:15:192</time></pt><pt><x>403</x><y>293</y><time>26-01-21 14:13:15:528</time></pt><pt><x>400</x><y>287</y><time>26-01-21 14:13:15:794</time></pt><pt><x>399</x><y>283</y><time>26-01-21 14:13:16:002</time></pt><pt><x>401</x><y>276</y><time>26-01-21 14:13:16:369</time></pt><pt><x>402</x><y>264</y><time>26-01-21 14:13:16:855</time></pt><pt><x>404</x><y>241</y><time>26-01-21 14:13:17:822</time></pt><pt><x>405</x><y>236</y><time>26-01-21 14:13:18:098</time></pt><pt><x>407</x><y>225</y><time>26-01-21 14:13:18:484</time></pt><pt><x>407</x><y>218</y><time>26-01-21 14:13:18:921</time></pt><pt><x>413</x><y>194</y><time>26-01-21 14:13:19:929</time></pt><pt><x>413</x><y>185</y><time>26-01-21 14:13:20:282</time></pt><pt><x>412</x><y>182</y><time>26-01-21 14:13:20:479</time></pt><pt><x>412</x><y>174</y><time>26-01-21 14:13:21:076</time></pt><pt><x>412</x><y>170</y><time>26-01-21 14:13:21:279</time></pt><pt><x>413</x><y>168</y><time>26-01-21 14:13:21:486</time></pt><pt><x>413</x><y>164</y><time>26-01-21 14:13:21:689</time></pt><pt><x>412</x><y>161</y><time>26-01-21 14:13:21:903</time></pt><pt><x>412</x><y>157</y><time>26-01-21 14:13:22:460</time></pt><pt><x>412</x><y>153</y><time>26-01-21 14:13:22:698</time></pt><pt><x>411</x><y>148</y><time>26-01-21 14:13:23:034</time></pt><pt><x>412</x><y>146</y><time>26-01-21 14:13:23:403</time></pt><pt><x>414</x><y>152</y><time>26-01-21 14:13:23:844</time></pt><pt><x>417</x><y>168</y><time>26-01-21 14:13:24:487</time></pt><pt><x>419</x><y>179</y><time>26-01-21 14:13:24:904</time></pt><pt><x>419</x><y>184</y><time>26-01-21 14:13:25:143</time></pt><pt><x>418</x><y>191</y><time>26-01-21 14:13:25:346</time></pt><pt><x>418</x><y>197</y><time>26-01-21 14:13:25:580</time></pt><pt><x>421</x><y>202</y><time>26-01-21 14:13:25:918</time></pt><pt><x>429</x><y>200</y><time>26-01-21 14:13:26:248</time></pt><pt><x>431</x><y>192</y><time>26-01-21 14:13:26:530</time></pt><pt><x>431</x><y>187</y><time>26-01-21 14:13:26:736</time></pt><pt><x>431</x><y>182</y><time>26-01-21 14:13:26:978</time></pt><pt><x>431</x><y>167</y><time>26-01-21 14:13:27:442</time></pt><pt><x>430</x><y>155</y><time>26-01-21 14:13:28:220</time></pt><pt><x>427</x><y>130</y><time>26-01-21 14:13:29:784</time></pt><pt><x>421</x><y>114</y><time>26-01-21 14:13:30:467</time></pt><pt><x>414</x><y>107</y><time>26-01-21 14:13:31:034</time></pt><pt><x>405</x><y>104</y><time>26-01-21 14:13:31:546</time></pt><pt><x>399</x><y>102</y><time>26-01-21 14:13:31:867</time></pt><pt><x>399</x><y>100</y><time>26-01-21 14:13:32:063</time></pt><pt><x>402</x><y>94</y><time>26-01-21 14:13:32:661</time></pt><pt><x>404</x><y>88</y><time>26-01-21 14:13:33:393</time></pt><pt><x>404</x><y>83</y><time>26-01-21 14:13:33:897</time></pt><pt><x>404</x><y>80</y><time>26-01-21 14:13:34:311</time></pt><pt><x>404</x><y>77</y><time>26-01-21 14:13:34:729</time></pt><pt><x>404</x><y>76</y><time>26-01-21 14:13:37:040</time></pt><pt><x>404</x><y>73</y><time>26-01-21 14:13:39:343</time></pt><pt><x>402</x><y>70</y><time>26-01-21 14:13:39:751</time></pt><closed_date>26-01-21 14:13:40:285</closed_date></polygon></object><object><name>person</name><deleted>0</deleted><verified>0</verified><occluded>no</occluded><attributes></attributes><parts><hasparts></hasparts><ispartof></ispartof></parts><date>26-01-21 14:14:27:742</date><id>2</id><polygon><username>7hao</username><pt><x>640</x><y>14</y><time>26-01-21 14:13:48:430</time></pt><pt><x>637</x><y>16</y><time>26-01-21 14:13:52:495</time></pt><pt><x>633</x><y>19</y><time>26-01-21 14:13:53:022</time></pt><pt><x>627</x><y>24</y><time>26-01-21 14:13:53:439</time></pt><pt><x>624</x><y>32</y><time>26-01-21 14:13:53:941</time></pt><pt><x>622</x><y>40</y><time>26-01-21 14:13:54:382</time></pt><pt><x>622</x><y>50</y><time>26-01-21 14:13:54:908</time></pt><pt><x>623</x><y>54</y><time>26-01-21 14:13:55:286</time></pt><pt><x>623</x><y>58</y><time>26-01-21 14:13:56:317</time></pt><pt><x>624</x><y>60</y><time>26-01-21 14:13:56:606</time></pt><pt><x>625</x><y>63</y><time>26-01-21 14:13:56:993</time></pt><pt><x>631</x><y>65</y><time>26-01-21 14:13:57:322</time></pt><pt><x>634</x><y>66</y><time>26-01-21 14:13:57:621</time></pt><pt><x>635</x><y>69</y><time>26-01-21 14:13:57:934</time></pt><pt><x>633</x><y>72</y><time>26-01-21 14:13:58:280</time></pt><pt><x>630</x><y>79</y><time>26-01-21 14:13:58:784</time></pt><pt><x>627</x><y>96</y><time>26-01-21 14:14:00:491</time></pt><pt><x>624</x><y>110</y><time>26-01-21 14:14:00:948</time></pt><pt><x>622</x><y>115</y><time>26-01-21 14:14:01:245</time></pt><pt><x>621</x><y>119</y><time>26-01-21 14:14:01:448</time></pt><pt><x>622</x><y>127</y><time>26-01-21 14:14:01:668</time></pt><pt><x>622</x><y>133</y><time>26-01-21 14:14:02:046</time></pt><pt><x>622</x><y>139</y><time>26-01-21 14:14:02:416</time></pt><pt><x>618</x><y>148</y><time>26-01-21 14:14:03:704</time></pt><pt><x>614</x><y>156</y><time>26-01-21 14:14:04:060</time></pt><pt><x>612</x><y>160</y><time>26-01-21 14:14:04:224</time></pt><pt><x>609</x><y>164</y><time>26-01-21 14:14:04:482</time></pt><pt><x>606</x><y>167</y><time>26-01-21 14:14:04:656</time></pt><pt><x>603</x><y>170</y><time>26-01-21 14:14:04:995</time></pt><pt><x>602</x><y>173</y><time>26-01-21 14:14:05:166</time></pt><pt><x>603</x><y>178</y><time>26-01-21 14:14:05:394</time></pt><pt><x>608</x><y>178</y><time>26-01-21 14:14:05:704</time></pt><pt><x>616</x><y>177</y><time>26-01-21 14:14:05:953</time></pt><pt><x>617</x><y>175</y><time>26-01-21 14:14:06:188</time></pt><pt><x>618</x><y>172</y><time>26-01-21 14:14:06:361</time></pt><pt><x>621</x><y>166</y><time>26-01-21 14:14:06:708</time></pt><pt><x>623</x><y>163</y><time>26-01-21 14:14:06:943</time></pt><pt><x>626</x><y>166</y><time>26-01-21 14:14:07:116</time></pt><pt><x>626</x><y>170</y><time>26-01-21 14:14:07:405</time></pt><pt><x>628</x><y>172</y><time>26-01-21 14:14:07:634</time></pt><pt><x>629</x><y>179</y><time>26-01-21 14:14:07:951</time></pt><pt><x>627</x><y>190</y><time>26-01-21 14:14:08:728</time></pt><pt><x>627</x><y>202</y><time>26-01-21 14:14:09:882</time></pt><pt><x>627</x><y>205</y><time>26-01-21 14:14:10:228</time></pt><pt><x>625</x><y>208</y><time>26-01-21 14:14:10:379</time></pt><pt><x>624</x><y>210</y><time>26-01-21 14:14:10:558</time></pt><pt><x>624</x><y>213</y><time>26-01-21 14:14:10:720</time></pt><pt><x>624</x><y>220</y><time>26-01-21 14:14:11:014</time></pt><pt><x>623</x><y>228</y><time>26-01-21 14:14:11:322</time></pt><pt><x>623</x><y>238</y><time>26-01-21 14:14:11:699</time></pt><pt><x>624</x><y>254</y><time>26-01-21 14:14:12:761</time></pt><pt><x>624</x><y>268</y><time>26-01-21 14:14:13:058</time></pt><pt><x>624</x><y>271</y><time>26-01-21 14:14:13:294</time></pt><pt><x>622</x><y>275</y><time>26-01-21 14:14:13:468</time></pt><pt><x>620</x><y>283</y><time>26-01-21 14:14:14:112</time></pt><pt><x>617</x><y>292</y><time>26-01-21 14:14:14:655</time></pt><pt><x>612</x><y>305</y><time>26-01-21 14:14:16:194</time></pt><pt><x>607</x><y>305</y><time>26-01-21 14:14:16:446</time></pt><pt><x>603</x><y>306</y><time>26-01-21 14:14:16:603</time></pt><pt><x>601</x><y>309</y><time>26-01-21 14:14:16:784</time></pt><pt><x>604</x><y>314</y><time>26-01-21 14:14:17:076</time></pt><pt><x>610</x><y>314</y><time>26-01-21 14:14:17:318</time></pt><pt><x>621</x><y>315</y><time>26-01-21 14:14:17:610</time></pt><pt><x>630</x><y>316</y><time>26-01-21 14:14:17:996</time></pt><pt><x>637</x><y>317</y><time>26-01-21 14:14:18:286</time></pt><pt><x>639</x><y>317</y><time>26-01-21 14:14:18:931</time></pt><pt><x>640</x><y>316</y><time>26-01-21 14:14:20:156</time></pt><closed_date>26-01-21 14:14:22:664</closed_date></polygon></object></annotation>