<annotation><filename>frame0014.jpg</filename><folder>users/lab605//7hao/human_20210119_4</folder><source><submittedBy>lab605</submittedBy></source><imagesize><nrows>480</nrows><ncols>640</ncols></imagesize><object><name>person</name><deleted>0</deleted><verified>0</verified><occluded>no</occluded><attributes></attributes><parts><hasparts></hasparts><ispartof></ispartof></parts><date>21-01-21 15:38:36:306</date><id>0</id><polygon><username>7hao</username><pt><x>472</x><y>41</y><time>21-01-21 15:35:00:063</time></pt><pt><x>470</x><y>40</y><time>21-01-21 15:35:00:482</time></pt><pt><x>466</x><y>42</y><time>21-01-21 15:35:00:774</time></pt><pt><x>462</x><y>43</y><time>21-01-21 15:35:01:057</time></pt><pt><x>461</x><y>45</y><time>21-01-21 15:35:01:317</time></pt><pt><x>459</x><y>48</y><time>21-01-21 15:35:01:637</time></pt><pt><x>458</x><y>50</y><time>21-01-21 15:35:01:857</time></pt><pt><x>458</x><y>54</y><time>21-01-21 15:35:02:134</time></pt><pt><x>458</x><y>58</y><time>21-01-21 15:35:02:402</time></pt><pt><x>458</x><y>59</y><time>21-01-21 15:35:02:683</time></pt><pt><x>458</x><y>62</y><time>21-01-21 15:35:02:922</time></pt><pt><x>458</x><y>65</y><time>21-01-21 15:35:03:125</time></pt><pt><x>459</x><y>67</y><time>21-01-21 15:35:03:363</time></pt><pt><x>461</x><y>70</y><time>21-01-21 15:35:03:590</time></pt><pt><x>462</x><y>70</y><time>21-01-21 15:35:03:778</time></pt><pt><x>463</x><y>73</y><time>21-01-21 15:35:03:997</time></pt><pt><x>463</x><y>74</y><time>21-01-21 15:35:04:180</time></pt><pt><x>463</x><y>75</y><time>21-01-21 15:35:04:347</time></pt><pt><x>462</x><y>77</y><time>21-01-21 15:35:04:534</time></pt><pt><x>459</x><y>78</y><time>21-01-21 15:35:04:770</time></pt><pt><x>441</x><y>88</y><time>21-01-21 15:35:07:712</time></pt><pt><x>437</x><y>90</y><time>21-01-21 15:35:08:012</time></pt><pt><x>436</x><y>92</y><time>21-01-21 15:35:08:280</time></pt><pt><x>435</x><y>97</y><time>21-01-21 15:35:08:561</time></pt><pt><x>432</x><y>104</y><time>21-01-21 15:35:08:948</time></pt><pt><x>430</x><y>110</y><time>21-01-21 15:35:09:303</time></pt><pt><x>425</x><y>130</y><time>21-01-21 15:35:10:703</time></pt><pt><x>422</x><y>138</y><time>21-01-21 15:35:11:151</time></pt><pt><x>420</x><y>145</y><time>21-01-21 15:35:11:567</time></pt><pt><x>419</x><y>149</y><time>21-01-21 15:35:11:930</time></pt><pt><x>415</x><y>164</y><time>21-01-21 15:35:13:699</time></pt><pt><x>415</x><y>169</y><time>21-01-21 15:35:14:220</time></pt><pt><x>415</x><y>174</y><time>21-01-21 15:35:14:627</time></pt><pt><x>416</x><y>176</y><time>21-01-21 15:35:14:929</time></pt><pt><x>414</x><y>179</y><time>21-01-21 15:35:17:221</time></pt><pt><x>414</x><y>184</y><time>21-01-21 15:35:17:516</time></pt><pt><x>413</x><y>187</y><time>21-01-21 15:35:17:727</time></pt><pt><x>413</x><y>189</y><time>21-01-21 15:35:18:056</time></pt><pt><x>414</x><y>191</y><time>21-01-21 15:35:18:374</time></pt><pt><x>417</x><y>194</y><time>21-01-21 15:35:19:341</time></pt><pt><x>419</x><y>195</y><time>21-01-21 15:35:19:639</time></pt><pt><x>421</x><y>195</y><time>21-01-21 15:35:19:892</time></pt><pt><x>424</x><y>193</y><time>21-01-21 15:35:20:120</time></pt><pt><x>426</x><y>191</y><time>21-01-21 15:35:20:427</time></pt><pt><x>426</x><y>187</y><time>21-01-21 15:35:20:703</time></pt><pt><x>426</x><y>183</y><time>21-01-21 15:35:20:956</time></pt><pt><x>425</x><y>180</y><time>21-01-21 15:35:21:143</time></pt><pt><x>425</x><y>177</y><time>21-01-21 15:35:21:363</time></pt><pt><x>426</x><y>174</y><time>21-01-21 15:35:21:558</time></pt><pt><x>427</x><y>173</y><time>21-01-21 15:35:21:788</time></pt><pt><x>429</x><y>171</y><time>21-01-21 15:35:22:008</time></pt><pt><x>429</x><y>167</y><time>21-01-21 15:35:22:669</time></pt><pt><x>429</x><y>165</y><time>21-01-21 15:35:22:905</time></pt><pt><x>437</x><y>148</y><time>21-01-21 15:35:25:680</time></pt><pt><x>439</x><y>141</y><time>21-01-21 15:37:25:518</time></pt><pt><x>440</x><y>137</y><time>21-01-21 15:37:25:944</time></pt><pt><x>441</x><y>135</y><time>21-01-21 15:37:26:313</time></pt><pt><x>441</x><y>132</y><time>21-01-21 15:37:26:770</time></pt><pt><x>441</x><y>140</y><time>21-01-21 15:37:27:517</time></pt><pt><x>441</x><y>145</y><time>21-01-21 15:37:27:919</time></pt><pt><x>441</x><y>148</y><time>21-01-21 15:37:28:224</time></pt><pt><x>442</x><y>150</y><time>21-01-21 15:37:28:430</time></pt><pt><x>443</x><y>153</y><time>21-01-21 15:37:28:626</time></pt><pt><x>443</x><y>156</y><time>21-01-21 15:37:28:832</time></pt><pt><x>444</x><y>160</y><time>21-01-21 15:37:29:004</time></pt><pt><x>444</x><y>165</y><time>21-01-21 15:37:29:305</time></pt><pt><x>444</x><y>169</y><time>21-01-21 15:37:29:562</time></pt><pt><x>445</x><y>179</y><time>21-01-21 15:37:30:632</time></pt><pt><x>446</x><y>184</y><time>21-01-21 15:37:30:824</time></pt><pt><x>446</x><y>189</y><time>21-01-21 15:37:31:010</time></pt><pt><x>444</x><y>209</y><time>21-01-21 15:37:32:439</time></pt><pt><x>445</x><y>220</y><time>21-01-21 15:37:32:836</time></pt><pt><x>445</x><y>229</y><time>21-01-21 15:37:33:410</time></pt><pt><x>446</x><y>258</y><time>21-01-21 15:37:34:606</time></pt><pt><x>447</x><y>267</y><time>21-01-21 15:37:35:008</time></pt><pt><x>447</x><y>272</y><time>21-01-21 15:37:35:297</time></pt><pt><x>447</x><y>276</y><time>21-01-21 15:37:35:621</time></pt><pt><x>449</x><y>286</y><time>21-01-21 15:37:36:700</time></pt><pt><x>449</x><y>291</y><time>21-01-21 15:37:36:952</time></pt><pt><x>449</x><y>295</y><time>21-01-21 15:37:37:147</time></pt><pt><x>447</x><y>299</y><time>21-01-21 15:37:37:458</time></pt><pt><x>447</x><y>303</y><time>21-01-21 15:37:37:880</time></pt><pt><x>448</x><y>305</y><time>21-01-21 15:37:38:251</time></pt><pt><x>451</x><y>306</y><time>21-01-21 15:37:38:563</time></pt><pt><x>455</x><y>306</y><time>21-01-21 15:37:38:848</time></pt><pt><x>457</x><y>306</y><time>21-01-21 15:37:39:084</time></pt><pt><x>460</x><y>305</y><time>21-01-21 15:37:39:288</time></pt><pt><x>461</x><y>305</y><time>21-01-21 15:37:39:515</time></pt><pt><x>463</x><y>304</y><time>21-01-21 15:37:39:886</time></pt><pt><x>466</x><y>304</y><time>21-01-21 15:37:40:122</time></pt><pt><x>467</x><y>302</y><time>21-01-21 15:37:40:557</time></pt><pt><x>468</x><y>301</y><time>21-01-21 15:37:40:887</time></pt><pt><x>468</x><y>298</y><time>21-01-21 15:37:41:091</time></pt><pt><x>466</x><y>296</y><time>21-01-21 15:37:41:335</time></pt><pt><x>464</x><y>295</y><time>21-01-21 15:37:41:569</time></pt><pt><x>463</x><y>292</y><time>21-01-21 15:37:41:856</time></pt><pt><x>463</x><y>287</y><time>21-01-21 15:37:42:090</time></pt><pt><x>463</x><y>282</y><time>21-01-21 15:37:42:294</time></pt><pt><x>464</x><y>277</y><time>21-01-21 15:37:42:569</time></pt><pt><x>464</x><y>275</y><time>21-01-21 15:37:42:839</time></pt><pt><x>468</x><y>250</y><time>21-01-21 15:37:43:851</time></pt><pt><x>468</x><y>242</y><time>21-01-21 15:37:44:223</time></pt><pt><x>470</x><y>235</y><time>21-01-21 15:37:44:671</time></pt><pt><x>471</x><y>228</y><time>21-01-21 15:37:47:303</time></pt><pt><x>472</x><y>223</y><time>21-01-21 15:37:47:567</time></pt><pt><x>472</x><y>219</y><time>21-01-21 15:37:49:133</time></pt><pt><x>474</x><y>217</y><time>21-01-21 15:37:49:416</time></pt><pt><x>476</x><y>218</y><time>21-01-21 15:37:49:630</time></pt><pt><x>477</x><y>221</y><time>21-01-21 15:37:49:882</time></pt><pt><x>478</x><y>226</y><time>21-01-21 15:37:50:118</time></pt><pt><x>479</x><y>230</y><time>21-01-21 15:37:50:383</time></pt><pt><x>480</x><y>233</y><time>21-01-21 15:37:50:590</time></pt><pt><x>481</x><y>237</y><time>21-01-21 15:37:50:777</time></pt><pt><x>479</x><y>261</y><time>21-01-21 15:37:51:740</time></pt><pt><x>480</x><y>268</y><time>21-01-21 15:37:52:015</time></pt><pt><x>479</x><y>271</y><time>21-01-21 15:37:52:178</time></pt><pt><x>479</x><y>276</y><time>21-01-21 15:37:52:408</time></pt><pt><x>479</x><y>278</y><time>21-01-21 15:37:52:572</time></pt><pt><x>479</x><y>282</y><time>21-01-21 15:37:52:731</time></pt><pt><x>478</x><y>293</y><time>21-01-21 15:37:54:022</time></pt><pt><x>477</x><y>295</y><time>21-01-21 15:37:54:470</time></pt><pt><x>476</x><y>297</y><time>21-01-21 15:37:54:642</time></pt><pt><x>477</x><y>300</y><time>21-01-21 15:37:54:833</time></pt><pt><x>478</x><y>302</y><time>21-01-21 15:37:55:012</time></pt><pt><x>480</x><y>305</y><time>21-01-21 15:37:55:225</time></pt><pt><x>481</x><y>309</y><time>21-01-21 15:37:55:467</time></pt><pt><x>481</x><y>311</y><time>21-01-21 15:37:55:674</time></pt><pt><x>490</x><y>314</y><time>21-01-21 15:37:58:138</time></pt><pt><x>494</x><y>314</y><time>21-01-21 15:37:58:523</time></pt><pt><x>498</x><y>313</y><time>21-01-21 15:37:58:907</time></pt><pt><x>500</x><y>312</y><time>21-01-21 15:37:59:359</time></pt><pt><x>501</x><y>310</y><time>21-01-21 15:37:59:648</time></pt><pt><x>500</x><y>308</y><time>21-01-21 15:37:59:799</time></pt><pt><x>500</x><y>305</y><time>21-01-21 15:38:00:010</time></pt><pt><x>497</x><y>301</y><time>21-01-21 15:38:00:792</time></pt><pt><x>496</x><y>297</y><time>21-01-21 15:38:00:986</time></pt><pt><x>496</x><y>292</y><time>21-01-21 15:38:01:261</time></pt><pt><x>496</x><y>287</y><time>21-01-21 15:38:01:592</time></pt><pt><x>495</x><y>284</y><time>21-01-21 15:38:01:877</time></pt><pt><x>496</x><y>281</y><time>21-01-21 15:38:02:074</time></pt><pt><x>497</x><y>280</y><time>21-01-21 15:38:02:261</time></pt><pt><x>501</x><y>255</y><time>21-01-21 15:38:03:512</time></pt><pt><x>502</x><y>250</y><time>21-01-21 15:38:03:798</time></pt><pt><x>503</x><y>246</y><time>21-01-21 15:38:04:057</time></pt><pt><x>504</x><y>218</y><time>21-01-21 15:38:05:024</time></pt><pt><x>505</x><y>210</y><time>21-01-21 15:38:05:370</time></pt><pt><x>504</x><y>206</y><time>21-01-21 15:38:05:614</time></pt><pt><x>502</x><y>198</y><time>21-01-21 15:38:06:032</time></pt><pt><x>502</x><y>178</y><time>21-01-21 15:38:07:172</time></pt><pt><x>501</x><y>165</y><time>21-01-21 15:38:08:117</time></pt><pt><x>500</x><y>160</y><time>21-01-21 15:38:08:461</time></pt><pt><x>500</x><y>158</y><time>21-01-21 15:38:08:802</time></pt><pt><x>505</x><y>169</y><time>21-01-21 15:38:09:628</time></pt><pt><x>506</x><y>176</y><time>21-01-21 15:38:10:101</time></pt><pt><x>506</x><y>179</y><time>21-01-21 15:38:10:328</time></pt><pt><x>506</x><y>184</y><time>21-01-21 15:38:11:690</time></pt><pt><x>507</x><y>189</y><time>21-01-21 15:38:11:950</time></pt><pt><x>505</x><y>193</y><time>21-01-21 15:38:12:178</time></pt><pt><x>505</x><y>194</y><time>21-01-21 15:38:12:317</time></pt><pt><x>506</x><y>197</y><time>21-01-21 15:38:12:680</time></pt><pt><x>508</x><y>199</y><time>21-01-21 15:38:12:940</time></pt><pt><x>510</x><y>198</y><time>21-01-21 15:38:13:176</time></pt><pt><x>513</x><y>196</y><time>21-01-21 15:38:13:397</time></pt><pt><x>515</x><y>192</y><time>21-01-21 15:38:17:766</time></pt><pt><x>515</x><y>186</y><time>21-01-21 15:38:18:079</time></pt><pt><x>515</x><y>183</y><time>21-01-21 15:38:18:283</time></pt><pt><x>515</x><y>181</y><time>21-01-21 15:38:18:468</time></pt><pt><x>516</x><y>180</y><time>21-01-21 15:38:18:669</time></pt><pt><x>516</x><y>175</y><time>21-01-21 15:38:19:150</time></pt><pt><x>516</x><y>148</y><time>21-01-21 15:38:20:307</time></pt><pt><x>515</x><y>135</y><time>21-01-21 15:38:20:756</time></pt><pt><x>513</x><y>121</y><time>21-01-21 15:38:21:826</time></pt><pt><x>513</x><y>115</y><time>21-01-21 15:38:22:189</time></pt><pt><x>510</x><y>96</y><time>21-01-21 15:38:23:204</time></pt><pt><x>506</x><y>88</y><time>21-01-21 15:38:23:668</time></pt><pt><x>503</x><y>83</y><time>21-01-21 15:38:24:194</time></pt><pt><x>499</x><y>82</y><time>21-01-21 15:38:24:588</time></pt><pt><x>495</x><y>80</y><time>21-01-21 15:38:27:493</time></pt><pt><x>487</x><y>79</y><time>21-01-21 15:38:28:050</time></pt><pt><x>484</x><y>77</y><time>21-01-21 15:38:28:381</time></pt><pt><x>487</x><y>72</y><time>21-01-21 15:38:28:824</time></pt><pt><x>488</x><y>68</y><time>21-01-21 15:38:29:175</time></pt><pt><x>489</x><y>64</y><time>21-01-21 15:38:29:782</time></pt><pt><x>491</x><y>59</y><time>21-01-21 15:38:30:151</time></pt><pt><x>492</x><y>57</y><time>21-01-21 15:38:30:449</time></pt><pt><x>494</x><y>54</y><time>21-01-21 15:38:31:120</time></pt><pt><x>493</x><y>49</y><time>21-01-21 15:38:31:418</time></pt><pt><x>491</x><y>44</y><time>21-01-21 15:38:31:788</time></pt><pt><x>487</x><y>40</y><time>21-01-21 15:38:32:599</time></pt><pt><x>483</x><y>39</y><time>21-01-21 15:38:32:941</time></pt><pt><x>479</x><y>38</y><time>21-01-21 15:38:33:235</time></pt><pt><x>476</x><y>39</y><time>21-01-21 15:38:33:514</time></pt><pt><x>473</x><y>40</y><time>21-01-21 15:38:33:732</time></pt><closed_date>21-01-21 15:38:34:255</closed_date></polygon></object><object><name>person</name><deleted>0</deleted><verified>0</verified><occluded>no</occluded><attributes></attributes><parts><hasparts></hasparts><ispartof></ispartof></parts><date>21-01-21 15:40:59:308</date><id>1</id><polygon><username>7hao</username><pt><x>246</x><y>82</y><time>21-01-21 15:39:50:184</time></pt><pt><x>241</x><y>82</y><time>21-01-21 15:39:50:531</time></pt><pt><x>235</x><y>83</y><time>21-01-21 15:39:50:897</time></pt><pt><x>232</x><y>86</y><time>21-01-21 15:39:51:147</time></pt><pt><x>230</x><y>89</y><time>21-01-21 15:39:51:501</time></pt><pt><x>230</x><y>92</y><time>21-01-21 15:39:51:855</time></pt><pt><x>230</x><y>96</y><time>21-01-21 15:39:52:183</time></pt><pt><x>230</x><y>100</y><time>21-01-21 15:39:52:459</time></pt><pt><x>230</x><y>103</y><time>21-01-21 15:39:52:665</time></pt><pt><x>230</x><y>104</y><time>21-01-21 15:39:52:901</time></pt><pt><x>231</x><y>108</y><time>21-01-21 15:39:53:231</time></pt><pt><x>229</x><y>110</y><time>21-01-21 15:39:53:500</time></pt><pt><x>226</x><y>111</y><time>21-01-21 15:39:53:813</time></pt><pt><x>224</x><y>113</y><time>21-01-21 15:39:53:984</time></pt><pt><x>224</x><y>114</y><time>21-01-21 15:39:54:151</time></pt><pt><x>220</x><y>115</y><time>21-01-21 15:39:54:437</time></pt><pt><x>214</x><y>117</y><time>21-01-21 15:39:57:010</time></pt><pt><x>211</x><y>119</y><time>21-01-21 15:39:57:277</time></pt><pt><x>209</x><y>122</y><time>21-01-21 15:39:57:472</time></pt><pt><x>206</x><y>128</y><time>21-01-21 15:39:57:796</time></pt><pt><x>204</x><y>132</y><time>21-01-21 15:39:58:078</time></pt><pt><x>194</x><y>148</y><time>21-01-21 15:39:59:329</time></pt><pt><x>191</x><y>153</y><time>21-01-21 15:39:59:635</time></pt><pt><x>190</x><y>156</y><time>21-01-21 15:40:00:052</time></pt><pt><x>185</x><y>164</y><time>21-01-21 15:40:02:625</time></pt><pt><x>183</x><y>167</y><time>21-01-21 15:40:02:857</time></pt><pt><x>183</x><y>170</y><time>21-01-21 15:40:03:045</time></pt><pt><x>183</x><y>173</y><time>21-01-21 15:40:03:256</time></pt><pt><x>182</x><y>174</y><time>21-01-21 15:40:03:429</time></pt><pt><x>180</x><y>175</y><time>21-01-21 15:40:03:586</time></pt><pt><x>180</x><y>177</y><time>21-01-21 15:40:03:743</time></pt><pt><x>180</x><y>181</y><time>21-01-21 15:40:03:955</time></pt><pt><x>181</x><y>184</y><time>21-01-21 15:40:04:175</time></pt><pt><x>184</x><y>184</y><time>21-01-21 15:40:04:406</time></pt><pt><x>187</x><y>185</y><time>21-01-21 15:40:04:633</time></pt><pt><x>188</x><y>184</y><time>21-01-21 15:40:04:894</time></pt><pt><x>188</x><y>183</y><time>21-01-21 15:40:05:098</time></pt><pt><x>188</x><y>181</y><time>21-01-21 15:40:05:340</time></pt><pt><x>190</x><y>179</y><time>21-01-21 15:40:05:586</time></pt><pt><x>192</x><y>174</y><time>21-01-21 15:40:05:964</time></pt><pt><x>195</x><y>170</y><time>21-01-21 15:40:06:358</time></pt><pt><x>200</x><y>166</y><time>21-01-21 15:40:06:712</time></pt><pt><x>203</x><y>160</y><time>21-01-21 15:40:07:189</time></pt><pt><x>206</x><y>156</y><time>21-01-21 15:40:07:566</time></pt><pt><x>208</x><y>153</y><time>21-01-21 15:40:07:866</time></pt><pt><x>210</x><y>151</y><time>21-01-21 15:40:08:309</time></pt><pt><x>210</x><y>151</y><time>21-01-21 15:40:08:771</time></pt><pt><x>210</x><y>153</y><time>21-01-21 15:40:09:032</time></pt><pt><x>210</x><y>156</y><time>21-01-21 15:40:09:505</time></pt><pt><x>209</x><y>159</y><time>21-01-21 15:40:09:723</time></pt><pt><x>209</x><y>162</y><time>21-01-21 15:40:09:897</time></pt><pt><x>209</x><y>166</y><time>21-01-21 15:40:10:126</time></pt><pt><x>210</x><y>171</y><time>21-01-21 15:40:10:353</time></pt><pt><x>210</x><y>175</y><time>21-01-21 15:40:10:574</time></pt><pt><x>210</x><y>179</y><time>21-01-21 15:40:10:785</time></pt><pt><x>210</x><y>182</y><time>21-01-21 15:40:11:001</time></pt><pt><x>210</x><y>185</y><time>21-01-21 15:40:11:205</time></pt><pt><x>210</x><y>187</y><time>21-01-21 15:40:11:409</time></pt><pt><x>209</x><y>191</y><time>21-01-21 15:40:11:597</time></pt><pt><x>209</x><y>192</y><time>21-01-21 15:40:11:747</time></pt><pt><x>209</x><y>197</y><time>21-01-21 15:40:14:791</time></pt><pt><x>210</x><y>200</y><time>21-01-21 15:40:15:027</time></pt><pt><x>211</x><y>203</y><time>21-01-21 15:40:15:185</time></pt><pt><x>211</x><y>206</y><time>21-01-21 15:40:15:341</time></pt><pt><x>211</x><y>211</y><time>21-01-21 15:40:15:523</time></pt><pt><x>212</x><y>217</y><time>21-01-21 15:40:15:730</time></pt><pt><x>213</x><y>221</y><time>21-01-21 15:40:15:956</time></pt><pt><x>215</x><y>227</y><time>21-01-21 15:40:16:398</time></pt><pt><x>215</x><y>230</y><time>21-01-21 15:40:16:625</time></pt><pt><x>216</x><y>241</y><time>21-01-21 15:40:17:994</time></pt><pt><x>217</x><y>245</y><time>21-01-21 15:40:18:232</time></pt><pt><x>217</x><y>250</y><time>21-01-21 15:40:18:419</time></pt><pt><x>217</x><y>253</y><time>21-01-21 15:40:18:583</time></pt><pt><x>217</x><y>257</y><time>21-01-21 15:40:18:735</time></pt><pt><x>218</x><y>260</y><time>21-01-21 15:40:18:908</time></pt><pt><x>218</x><y>265</y><time>21-01-21 15:40:19:159</time></pt><pt><x>220</x><y>269</y><time>21-01-21 15:40:20:645</time></pt><pt><x>221</x><y>271</y><time>21-01-21 15:40:20:857</time></pt><pt><x>222</x><y>275</y><time>21-01-21 15:40:21:031</time></pt><pt><x>223</x><y>277</y><time>21-01-21 15:40:21:748</time></pt><pt><x>223</x><y>280</y><time>21-01-21 15:40:21:923</time></pt><pt><x>221</x><y>282</y><time>21-01-21 15:40:22:142</time></pt><pt><x>219</x><y>283</y><time>21-01-21 15:40:22:354</time></pt><pt><x>217</x><y>285</y><time>21-01-21 15:40:22:589</time></pt><pt><x>215</x><y>285</y><time>21-01-21 15:40:22:770</time></pt><pt><x>213</x><y>286</y><time>21-01-21 15:40:22:951</time></pt><pt><x>212</x><y>287</y><time>21-01-21 15:40:23:118</time></pt><pt><x>213</x><y>289</y><time>21-01-21 15:40:23:325</time></pt><pt><x>214</x><y>291</y><time>21-01-21 15:40:23:533</time></pt><pt><x>217</x><y>291</y><time>21-01-21 15:40:23:753</time></pt><pt><x>219</x><y>291</y><time>21-01-21 15:40:23:943</time></pt><pt><x>221</x><y>292</y><time>21-01-21 15:40:24:124</time></pt><pt><x>223</x><y>294</y><time>21-01-21 15:40:24:376</time></pt><pt><x>226</x><y>295</y><time>21-01-21 15:40:24:571</time></pt><pt><x>229</x><y>295</y><time>21-01-21 15:40:24:786</time></pt><pt><x>233</x><y>296</y><time>21-01-21 15:40:26:675</time></pt><pt><x>237</x><y>296</y><time>21-01-21 15:40:26:934</time></pt><pt><x>240</x><y>296</y><time>21-01-21 15:40:27:105</time></pt><pt><x>242</x><y>295</y><time>21-01-21 15:40:27:359</time></pt><pt><x>244</x><y>294</y><time>21-01-21 15:40:27:579</time></pt><pt><x>247</x><y>292</y><time>21-01-21 15:40:28:154</time></pt><pt><x>247</x><y>290</y><time>21-01-21 15:40:28:398</time></pt><pt><x>244</x><y>288</y><time>21-01-21 15:40:28:627</time></pt><pt><x>242</x><y>287</y><time>21-01-21 15:40:28:805</time></pt><pt><x>242</x><y>285</y><time>21-01-21 15:40:29:020</time></pt><pt><x>242</x><y>282</y><time>21-01-21 15:40:29:222</time></pt><pt><x>243</x><y>278</y><time>21-01-21 15:40:29:443</time></pt><pt><x>245</x><y>274</y><time>21-01-21 15:40:29:672</time></pt><pt><x>246</x><y>272</y><time>21-01-21 15:40:29:908</time></pt><pt><x>248</x><y>268</y><time>21-01-21 15:40:30:184</time></pt><pt><x>249</x><y>240</y><time>21-01-21 15:40:31:305</time></pt><pt><x>250</x><y>239</y><time>21-01-21 15:40:31:396</time></pt><pt><x>250</x><y>231</y><time>21-01-21 15:40:31:805</time></pt><pt><x>253</x><y>217</y><time>21-01-21 15:40:33:064</time></pt><pt><x>253</x><y>212</y><time>21-01-21 15:40:33:334</time></pt><pt><x>254</x><y>206</y><time>21-01-21 15:40:33:567</time></pt><pt><x>253</x><y>202</y><time>21-01-21 15:40:33:929</time></pt><pt><x>255</x><y>189</y><time>21-01-21 15:40:35:392</time></pt><pt><x>256</x><y>184</y><time>21-01-21 15:40:35:645</time></pt><pt><x>257</x><y>180</y><time>21-01-21 15:40:35:874</time></pt><pt><x>259</x><y>177</y><time>21-01-21 15:40:36:056</time></pt><pt><x>259</x><y>175</y><time>21-01-21 15:40:36:273</time></pt><pt><x>259</x><y>173</y><time>21-01-21 15:40:39:194</time></pt><pt><x>262</x><y>179</y><time>21-01-21 15:40:39:633</time></pt><pt><x>263</x><y>184</y><time>21-01-21 15:40:39:958</time></pt><pt><x>265</x><y>187</y><time>21-01-21 15:40:40:130</time></pt><pt><x>266</x><y>190</y><time>21-01-21 15:40:40:311</time></pt><pt><x>267</x><y>192</y><time>21-01-21 15:40:40:506</time></pt><pt><x>266</x><y>194</y><time>21-01-21 15:40:40:674</time></pt><pt><x>266</x><y>196</y><time>21-01-21 15:40:40:830</time></pt><pt><x>265</x><y>198</y><time>21-01-21 15:40:40:971</time></pt><pt><x>265</x><y>201</y><time>21-01-21 15:40:41:177</time></pt><pt><x>265</x><y>204</y><time>21-01-21 15:40:41:397</time></pt><pt><x>267</x><y>206</y><time>21-01-21 15:40:41:625</time></pt><pt><x>269</x><y>205</y><time>21-01-21 15:40:41:838</time></pt><pt><x>271</x><y>204</y><time>21-01-21 15:40:42:012</time></pt><pt><x>273</x><y>202</y><time>21-01-21 15:40:42:240</time></pt><pt><x>274</x><y>201</y><time>21-01-21 15:40:42:428</time></pt><pt><x>275</x><y>199</y><time>21-01-21 15:40:42:631</time></pt><pt><x>275</x><y>197</y><time>21-01-21 15:40:42:781</time></pt><pt><x>274</x><y>193</y><time>21-01-21 15:40:42:985</time></pt><pt><x>274</x><y>190</y><time>21-01-21 15:40:43:229</time></pt><pt><x>274</x><y>188</y><time>21-01-21 15:40:43:405</time></pt><pt><x>273</x><y>185</y><time>21-01-21 15:40:43:567</time></pt><pt><x>273</x><y>183</y><time>21-01-21 15:40:43:744</time></pt><pt><x>268</x><y>151</y><time>21-01-21 15:40:44:780</time></pt><pt><x>266</x><y>141</y><time>21-01-21 15:40:45:134</time></pt><pt><x>264</x><y>132</y><time>21-01-21 15:40:45:790</time></pt><pt><x>262</x><y>126</y><time>21-01-21 15:40:46:143</time></pt><pt><x>261</x><y>122</y><time>21-01-21 15:40:48:896</time></pt><pt><x>262</x><y>119</y><time>21-01-21 15:40:49:188</time></pt><pt><x>260</x><y>117</y><time>21-01-21 15:40:49:417</time></pt><pt><x>258</x><y>116</y><time>21-01-21 15:40:49:638</time></pt><pt><x>255</x><y>113</y><time>21-01-21 15:40:49:912</time></pt><pt><x>252</x><y>113</y><time>21-01-21 15:40:50:151</time></pt><pt><x>249</x><y>113</y><time>21-01-21 15:40:50:413</time></pt><pt><x>247</x><y>113</y><time>21-01-21 15:40:50:729</time></pt><pt><x>249</x><y>109</y><time>21-01-21 15:40:51:311</time></pt><pt><x>252</x><y>106</y><time>21-01-21 15:40:51:981</time></pt><pt><x>252</x><y>102</y><time>21-01-21 15:40:52:247</time></pt><pt><x>252</x><y>99</y><time>21-01-21 15:40:52:594</time></pt><pt><x>253</x><y>96</y><time>21-01-21 15:40:52:891</time></pt><pt><x>252</x><y>86</y><time>21-01-21 15:40:54:151</time></pt><pt><x>249</x><y>83</y><time>21-01-21 15:40:54:474</time></pt><closed_date>21-01-21 15:40:54:789</closed_date></polygon></object><object><name>person</name><deleted>0</deleted><verified>0</verified><occluded>no</occluded><attributes></attributes><parts><hasparts></hasparts><ispartof></ispartof></parts><date>21-01-21 15:41:43:381</date><id>2</id><polygon><username>7hao</username><pt><x>442</x><y>229</y><time>21-01-21 15:41:24:919</time></pt><pt><x>437</x><y>239</y><time>21-01-21 15:41:25:717</time></pt><pt><x>435</x><y>243</y><time>21-01-21 15:41:26:111</time></pt><pt><x>434</x><y>248</y><time>21-01-21 15:41:26:411</time></pt><pt><x>433</x><y>253</y><time>21-01-21 15:41:26:846</time></pt><pt><x>429</x><y>258</y><time>21-01-21 15:41:27:249</time></pt><pt><x>426</x><y>266</y><time>21-01-21 15:41:27:999</time></pt><pt><x>424</x><y>269</y><time>21-01-21 15:41:28:430</time></pt><pt><x>423</x><y>272</y><time>21-01-21 15:41:28:715</time></pt><pt><x>425</x><y>276</y><time>21-01-21 15:41:29:446</time></pt><pt><x>431</x><y>277</y><time>21-01-21 15:41:29:833</time></pt><pt><x>436</x><y>276</y><time>21-01-21 15:41:30:121</time></pt><pt><x>440</x><y>276</y><time>21-01-21 15:41:30:443</time></pt><pt><x>444</x><y>276</y><time>21-01-21 15:41:30:839</time></pt><pt><x>446</x><y>276</y><time>21-01-21 15:41:31:452</time></pt><pt><x>446</x><y>272</y><time>21-01-21 15:41:32:624</time></pt><pt><x>445</x><y>270</y><time>21-01-21 15:41:33:245</time></pt><pt><x>442</x><y>269</y><time>21-01-21 15:41:33:623</time></pt><pt><x>441</x><y>268</y><time>21-01-21 15:41:33:884</time></pt><pt><x>440</x><y>266</y><time>21-01-21 15:41:34:072</time></pt><pt><x>438</x><y>265</y><time>21-01-21 15:41:34:299</time></pt><pt><x>437</x><y>264</y><time>21-01-21 15:41:34:552</time></pt><pt><x>438</x><y>261</y><time>21-01-21 15:41:34:820</time></pt><pt><x>441</x><y>258</y><time>21-01-21 15:41:35:121</time></pt><pt><x>442</x><y>254</y><time>21-01-21 15:41:35:464</time></pt><pt><x>444</x><y>250</y><time>21-01-21 15:41:35:866</time></pt><pt><x>444</x><y>248</y><time>21-01-21 15:41:36:370</time></pt><pt><x>444</x><y>224</y><time>21-01-21 15:41:38:400</time></pt><closed_date>21-01-21 15:41:39:576</closed_date></polygon></object><object><name>person</name><deleted>0</deleted><verified>0</verified><occluded>no</occluded><attributes></attributes><parts><hasparts></hasparts><ispartof></ispartof></parts><date>21-01-21 15:42:05:230</date><id>3</id><polygon><username>7hao</username><pt><x>471</x><y>234</y><time>21-01-21 15:41:49:746</time></pt><pt><x>471</x><y>239</y><time>21-01-21 15:41:50:361</time></pt><pt><x>472</x><y>243</y><time>21-01-21 15:41:50:724</time></pt><pt><x>473</x><y>246</y><time>21-01-21 15:41:51:005</time></pt><pt><x>475</x><y>249</y><time>21-01-21 15:41:51:313</time></pt><pt><x>477</x><y>252</y><time>21-01-21 15:41:51:747</time></pt><pt><x>478</x><y>253</y><time>21-01-21 15:41:52:171</time></pt><pt><x>478</x><y>254</y><time>21-01-21 15:41:53:281</time></pt><pt><x>480</x><y>237</y><time>21-01-21 15:41:54:728</time></pt><pt><x>475</x><y>219</y><time>21-01-21 15:41:56:655</time></pt><pt><x>474</x><y>218</y><time>21-01-21 15:41:57:245</time></pt><pt><x>473</x><y>219</y><time>21-01-21 15:41:57:883</time></pt><pt><x>473</x><y>221</y><time>21-01-21 15:41:58:435</time></pt><pt><x>473</x><y>224</y><time>21-01-21 15:41:58:987</time></pt><closed_date>21-01-21 15:42:00:377</closed_date></polygon></object><object><name>person</name><deleted>0</deleted><verified>0</verified><occluded>no</occluded><attributes></attributes><parts><hasparts></hasparts><ispartof></ispartof></parts><date>21-01-21 15:42:49:935</date><id>4</id><polygon><username>7hao</username><pt><x>499</x><y>274</y><time>21-01-21 15:42:41:871</time></pt><pt><x>504</x><y>273</y><time>21-01-21 15:42:42:395</time></pt><pt><x>507</x><y>272</y><time>21-01-21 15:42:42:790</time></pt><pt><x>510</x><y>270</y><time>21-01-21 15:42:43:049</time></pt><pt><x>511</x><y>269</y><time>21-01-21 15:42:43:307</time></pt><pt><x>510</x><y>267</y><time>21-01-21 15:42:43:567</time></pt><pt><x>509</x><y>266</y><time>21-01-21 15:42:43:892</time></pt><pt><x>504</x><y>267</y><time>21-01-21 15:42:44:930</time></pt><pt><x>501</x><y>267</y><time>21-01-21 15:42:45:457</time></pt><pt><x>500</x><y>267</y><time>21-01-21 15:42:45:905</time></pt><closed_date>21-01-21 15:42:46:685</closed_date></polygon></object></annotation>