<annotation><filename>frame0019.jpg</filename><folder>users/lab605//7hao/human_20210119_4</folder><source><submittedBy>lab605</submittedBy></source><imagesize><nrows>480</nrows><ncols>640</ncols></imagesize><object><name>person</name><deleted>0</deleted><verified>0</verified><occluded>no</occluded><attributes></attributes><parts><hasparts></hasparts><ispartof></ispartof></parts><date>21-01-21 16:26:53:590</date><id>0</id><polygon><username>7hao</username><pt><x>489</x><y>54</y><time>21-01-21 16:24:37:398</time></pt><pt><x>485</x><y>54</y><time>21-01-21 16:24:37:922</time></pt><pt><x>480</x><y>56</y><time>21-01-21 16:24:38:475</time></pt><pt><x>477</x><y>57</y><time>21-01-21 16:24:38:860</time></pt><pt><x>472</x><y>61</y><time>21-01-21 16:24:41:133</time></pt><pt><x>470</x><y>67</y><time>21-01-21 16:24:41:785</time></pt><pt><x>470</x><y>72</y><time>21-01-21 16:24:43:139</time></pt><pt><x>471</x><y>76</y><time>21-01-21 16:24:43:807</time></pt><pt><x>472</x><y>80</y><time>21-01-21 16:24:44:407</time></pt><pt><x>472</x><y>83</y><time>21-01-21 16:24:45:316</time></pt><pt><x>473</x><y>85</y><time>21-01-21 16:24:45:710</time></pt><pt><x>476</x><y>87</y><time>21-01-21 16:24:46:127</time></pt><pt><x>478</x><y>88</y><time>21-01-21 16:24:46:505</time></pt><pt><x>476</x><y>91</y><time>21-01-21 16:24:47:457</time></pt><pt><x>470</x><y>92</y><time>21-01-21 16:24:48:218</time></pt><pt><x>462</x><y>97</y><time>21-01-21 16:24:55:023</time></pt><pt><x>455</x><y>101</y><time>21-01-21 16:24:55:557</time></pt><pt><x>453</x><y>107</y><time>21-01-21 16:24:56:046</time></pt><pt><x>449</x><y>120</y><time>21-01-21 16:24:59:475</time></pt><pt><x>448</x><y>130</y><time>21-01-21 16:25:00:009</time></pt><pt><x>448</x><y>143</y><time>21-01-21 16:25:00:749</time></pt><pt><x>449</x><y>158</y><time>21-01-21 16:25:02:235</time></pt><pt><x>451</x><y>166</y><time>21-01-21 16:25:02:935</time></pt><pt><x>455</x><y>173</y><time>21-01-21 16:25:03:643</time></pt><pt><x>458</x><y>179</y><time>21-01-21 16:25:17:337</time></pt><pt><x>460</x><y>181</y><time>21-01-21 16:25:17:927</time></pt><pt><x>461</x><y>185</y><time>21-01-21 16:25:18:345</time></pt><pt><x>461</x><y>200</y><time>21-01-21 16:25:19:635</time></pt><pt><x>461</x><y>205</y><time>21-01-21 16:25:19:917</time></pt><pt><x>462</x><y>209</y><time>21-01-21 16:25:20:177</time></pt><pt><x>460</x><y>213</y><time>21-01-21 16:25:20:499</time></pt><pt><x>460</x><y>217</y><time>21-01-21 16:25:20:813</time></pt><pt><x>459</x><y>224</y><time>21-01-21 16:25:22:073</time></pt><pt><x>461</x><y>228</y><time>21-01-21 16:25:22:340</time></pt><pt><x>461</x><y>231</y><time>21-01-21 16:25:22:835</time></pt><pt><x>460</x><y>233</y><time>21-01-21 16:25:23:262</time></pt><pt><x>459</x><y>236</y><time>21-01-21 16:25:23:518</time></pt><pt><x>458</x><y>247</y><time>21-01-21 16:25:24:792</time></pt><pt><x>457</x><y>253</y><time>21-01-21 16:25:25:297</time></pt><pt><x>457</x><y>257</y><time>21-01-21 16:25:25:738</time></pt><pt><x>456</x><y>274</y><time>21-01-21 16:25:27:082</time></pt><pt><x>457</x><y>277</y><time>21-01-21 16:25:27:397</time></pt><pt><x>457</x><y>280</y><time>21-01-21 16:25:27:799</time></pt><pt><x>457</x><y>283</y><time>21-01-21 16:25:28:129</time></pt><pt><x>456</x><y>286</y><time>21-01-21 16:25:28:545</time></pt><pt><x>455</x><y>290</y><time>21-01-21 16:25:28:853</time></pt><pt><x>453</x><y>294</y><time>21-01-21 16:25:29:355</time></pt><pt><x>453</x><y>297</y><time>21-01-21 16:25:30:001</time></pt><pt><x>454</x><y>298</y><time>21-01-21 16:25:30:497</time></pt><pt><x>455</x><y>301</y><time>21-01-21 16:25:30:835</time></pt><pt><x>455</x><y>305</y><time>21-01-21 16:25:31:219</time></pt><pt><x>469</x><y>307</y><time>21-01-21 16:25:32:109</time></pt><pt><x>472</x><y>305</y><time>21-01-21 16:25:32:721</time></pt><pt><x>473</x><y>304</y><time>21-01-21 16:25:33:066</time></pt><pt><x>473</x><y>299</y><time>21-01-21 16:25:33:508</time></pt><pt><x>470</x><y>294</y><time>21-01-21 16:25:33:940</time></pt><pt><x>469</x><y>287</y><time>21-01-21 16:25:34:421</time></pt><pt><x>471</x><y>283</y><time>21-01-21 16:25:34:964</time></pt><pt><x>472</x><y>282</y><time>21-01-21 16:25:35:292</time></pt><pt><x>471</x><y>277</y><time>21-01-21 16:25:35:726</time></pt><pt><x>472</x><y>275</y><time>21-01-21 16:25:36:050</time></pt><pt><x>473</x><y>273</y><time>21-01-21 16:25:36:277</time></pt><pt><x>477</x><y>246</y><time>21-01-21 16:25:37:543</time></pt><pt><x>478</x><y>242</y><time>21-01-21 16:25:37:913</time></pt><pt><x>479</x><y>238</y><time>21-01-21 16:25:38:180</time></pt><pt><x>481</x><y>234</y><time>21-01-21 16:25:38:565</time></pt><pt><x>482</x><y>228</y><time>21-01-21 16:25:39:130</time></pt><pt><x>486</x><y>213</y><time>21-01-21 16:25:43:600</time></pt><pt><x>486</x><y>209</y><time>21-01-21 16:25:44:072</time></pt><pt><x>486</x><y>206</y><time>21-01-21 16:25:44:308</time></pt><pt><x>486</x><y>204</y><time>21-01-21 16:25:44:660</time></pt><pt><x>487</x><y>205</y><time>21-01-21 16:25:45:023</time></pt><pt><x>488</x><y>206</y><time>21-01-21 16:25:45:315</time></pt><pt><x>488</x><y>208</y><time>21-01-21 16:25:45:551</time></pt><pt><x>489</x><y>210</y><time>21-01-21 16:25:45:889</time></pt><pt><x>489</x><y>215</y><time>21-01-21 16:25:46:211</time></pt><pt><x>490</x><y>221</y><time>21-01-21 16:25:46:597</time></pt><pt><x>491</x><y>230</y><time>21-01-21 16:25:47:117</time></pt><pt><x>492</x><y>237</y><time>21-01-21 16:25:47:619</time></pt><pt><x>494</x><y>239</y><time>21-01-21 16:25:48:076</time></pt><pt><x>495</x><y>249</y><time>21-01-21 16:25:50:238</time></pt><pt><x>495</x><y>257</y><time>21-01-21 16:25:50:860</time></pt><pt><x>496</x><y>265</y><time>21-01-21 16:25:51:443</time></pt><pt><x>499</x><y>280</y><time>21-01-21 16:25:53:235</time></pt><pt><x>500</x><y>285</y><time>21-01-21 16:25:53:552</time></pt><pt><x>500</x><y>289</y><time>21-01-21 16:25:53:788</time></pt><pt><x>498</x><y>292</y><time>21-01-21 16:25:54:069</time></pt><pt><x>497</x><y>293</y><time>21-01-21 16:25:54:329</time></pt><pt><x>497</x><y>297</y><time>21-01-21 16:25:54:605</time></pt><pt><x>499</x><y>298</y><time>21-01-21 16:25:54:975</time></pt><pt><x>500</x><y>299</y><time>21-01-21 16:25:55:351</time></pt><pt><x>502</x><y>300</y><time>21-01-21 16:25:55:744</time></pt><pt><x>512</x><y>301</y><time>21-01-21 16:25:56:688</time></pt><pt><x>516</x><y>301</y><time>21-01-21 16:25:58:671</time></pt><pt><x>516</x><y>297</y><time>21-01-21 16:25:59:065</time></pt><pt><x>514</x><y>293</y><time>21-01-21 16:25:59:448</time></pt><pt><x>512</x><y>286</y><time>21-01-21 16:25:59:835</time></pt><pt><x>511</x><y>283</y><time>21-01-21 16:26:00:118</time></pt><pt><x>512</x><y>281</y><time>21-01-21 16:26:00:425</time></pt><pt><x>514</x><y>276</y><time>21-01-21 16:26:01:564</time></pt><pt><x>513</x><y>271</y><time>21-01-21 16:26:15:197</time></pt><pt><x>514</x><y>263</y><time>21-01-21 16:26:16:179</time></pt><pt><x>514</x><y>258</y><time>21-01-21 16:26:16:731</time></pt><pt><x>513</x><y>243</y><time>21-01-21 16:26:22:497</time></pt><pt><x>512</x><y>240</y><time>21-01-21 16:26:22:912</time></pt><pt><x>514</x><y>224</y><time>21-01-21 16:26:24:329</time></pt><pt><x>516</x><y>214</y><time>21-01-21 16:26:24:886</time></pt><pt><x>520</x><y>203</y><time>21-01-21 16:26:26:343</time></pt><pt><x>521</x><y>198</y><time>21-01-21 16:26:26:798</time></pt><pt><x>522</x><y>189</y><time>21-01-21 16:26:28:056</time></pt><pt><x>523</x><y>185</y><time>21-01-21 16:26:28:349</time></pt><pt><x>524</x><y>183</y><time>21-01-21 16:26:28:646</time></pt><pt><x>525</x><y>178</y><time>21-01-21 16:26:29:025</time></pt><pt><x>526</x><y>171</y><time>21-01-21 16:26:29:489</time></pt><pt><x>527</x><y>140</y><time>21-01-21 16:26:30:604</time></pt><pt><x>525</x><y>134</y><time>21-01-21 16:26:31:038</time></pt><pt><x>526</x><y>130</y><time>21-01-21 16:26:31:352</time></pt><pt><x>524</x><y>120</y><time>21-01-21 16:26:32:493</time></pt><pt><x>521</x><y>106</y><time>21-01-21 16:26:33:680</time></pt><pt><x>518</x><y>98</y><time>21-01-21 16:26:34:120</time></pt><pt><x>511</x><y>94</y><time>21-01-21 16:26:34:592</time></pt><pt><x>499</x><y>92</y><time>21-01-21 16:26:35:183</time></pt><pt><x>496</x><y>91</y><time>21-01-21 16:26:35:994</time></pt><pt><x>495</x><y>90</y><time>21-01-21 16:26:43:670</time></pt><pt><x>495</x><y>87</y><time>21-01-21 16:26:43:985</time></pt><pt><x>496</x><y>84</y><time>21-01-21 16:26:44:237</time></pt><pt><x>497</x><y>82</y><time>21-01-21 16:26:44:497</time></pt><pt><x>500</x><y>81</y><time>21-01-21 16:26:44:794</time></pt><pt><x>502</x><y>75</y><time>21-01-21 16:26:45:599</time></pt><pt><x>502</x><y>71</y><time>21-01-21 16:26:45:896</time></pt><pt><x>504</x><y>67</y><time>21-01-21 16:26:46:345</time></pt><pt><x>502</x><y>62</y><time>21-01-21 16:26:46:856</time></pt><pt><x>498</x><y>57</y><time>21-01-21 16:26:48:240</time></pt><pt><x>493</x><y>55</y><time>21-01-21 16:26:48:602</time></pt><pt><x>490</x><y>54</y><time>21-01-21 16:26:48:885</time></pt><closed_date>21-01-21 16:26:49:352</closed_date></polygon></object><object><name>person</name><deleted>0</deleted><verified>0</verified><occluded>no</occluded><attributes></attributes><parts><hasparts></hasparts><ispartof></ispartof></parts><date>21-01-21 16:29:30:916</date><id>1</id><polygon><username>7hao</username><pt><x>246</x><y>66</y><time>21-01-21 16:27:06:783</time></pt><pt><x>241</x><y>66</y><time>21-01-21 16:27:07:295</time></pt><pt><x>238</x><y>66</y><time>21-01-21 16:27:07:671</time></pt><pt><x>234</x><y>67</y><time>21-01-21 16:27:08:269</time></pt><pt><x>232</x><y>68</y><time>21-01-21 16:27:08:647</time></pt><pt><x>229</x><y>71</y><time>21-01-21 16:27:09:111</time></pt><pt><x>228</x><y>72</y><time>21-01-21 16:27:09:473</time></pt><pt><x>228</x><y>75</y><time>21-01-21 16:27:09:787</time></pt><pt><x>228</x><y>78</y><time>21-01-21 16:27:10:172</time></pt><pt><x>227</x><y>80</y><time>21-01-21 16:27:10:494</time></pt><pt><x>227</x><y>82</y><time>21-01-21 16:27:10:770</time></pt><pt><x>227</x><y>86</y><time>21-01-21 16:27:11:117</time></pt><pt><x>229</x><y>90</y><time>21-01-21 16:27:11:761</time></pt><pt><x>230</x><y>92</y><time>21-01-21 16:27:12:240</time></pt><pt><x>229</x><y>96</y><time>21-01-21 16:27:13:892</time></pt><pt><x>227</x><y>97</y><time>21-01-21 16:27:16:977</time></pt><pt><x>224</x><y>98</y><time>21-01-21 16:27:17:283</time></pt><pt><x>221</x><y>100</y><time>21-01-21 16:27:17:551</time></pt><pt><x>220</x><y>102</y><time>21-01-21 16:27:17:809</time></pt><pt><x>219</x><y>104</y><time>21-01-21 16:27:18:084</time></pt><pt><x>213</x><y>105</y><time>21-01-21 16:27:18:509</time></pt><pt><x>211</x><y>105</y><time>21-01-21 16:27:18:902</time></pt><pt><x>207</x><y>107</y><time>21-01-21 16:27:22:260</time></pt><pt><x>205</x><y>110</y><time>21-01-21 16:27:22:638</time></pt><pt><x>202</x><y>116</y><time>21-01-21 16:27:23:064</time></pt><pt><x>199</x><y>125</y><time>21-01-21 16:27:23:645</time></pt><pt><x>195</x><y>133</y><time>21-01-21 16:27:24:211</time></pt><pt><x>190</x><y>147</y><time>21-01-21 16:27:25:232</time></pt><pt><x>184</x><y>162</y><time>21-01-21 16:27:27:844</time></pt><pt><x>179</x><y>175</y><time>21-01-21 16:27:30:322</time></pt><pt><x>178</x><y>178</y><time>21-01-21 16:27:30:685</time></pt><pt><x>177</x><y>181</y><time>21-01-21 16:27:30:929</time></pt><pt><x>177</x><y>186</y><time>21-01-21 16:27:31:298</time></pt><pt><x>176</x><y>191</y><time>21-01-21 16:27:31:667</time></pt><pt><x>179</x><y>197</y><time>21-01-21 16:27:32:052</time></pt><pt><x>182</x><y>200</y><time>21-01-21 16:27:32:468</time></pt><pt><x>183</x><y>198</y><time>21-01-21 16:27:32:822</time></pt><pt><x>183</x><y>197</y><time>21-01-21 16:27:33:131</time></pt><pt><x>184</x><y>195</y><time>21-01-21 16:27:33:396</time></pt><pt><x>185</x><y>193</y><time>21-01-21 16:27:33:632</time></pt><pt><x>185</x><y>190</y><time>21-01-21 16:27:33:885</time></pt><pt><x>186</x><y>187</y><time>21-01-21 16:27:34:161</time></pt><pt><x>187</x><y>184</y><time>21-01-21 16:27:34:453</time></pt><pt><x>188</x><y>180</y><time>21-01-21 16:27:34:812</time></pt><pt><x>189</x><y>178</y><time>21-01-21 16:27:35:057</time></pt><pt><x>192</x><y>174</y><time>21-01-21 16:27:35:537</time></pt><pt><x>205</x><y>153</y><time>21-01-21 16:27:36:652</time></pt><pt><x>206</x><y>151</y><time>21-01-21 16:27:37:087</time></pt><pt><x>207</x><y>151</y><time>21-01-21 16:27:37:503</time></pt><pt><x>207</x><y>154</y><time>21-01-21 16:27:37:850</time></pt><pt><x>206</x><y>161</y><time>21-01-21 16:27:38:414</time></pt><pt><x>205</x><y>165</y><time>21-01-21 16:27:38:736</time></pt><pt><x>206</x><y>172</y><time>21-01-21 16:27:39:225</time></pt><pt><x>206</x><y>175</y><time>21-01-21 16:27:39:541</time></pt><pt><x>205</x><y>178</y><time>21-01-21 16:27:39:855</time></pt><pt><x>205</x><y>180</y><time>21-01-21 16:27:40:177</time></pt><pt><x>204</x><y>183</y><time>21-01-21 16:27:41:324</time></pt><pt><x>205</x><y>187</y><time>21-01-21 16:27:41:577</time></pt><pt><x>204</x><y>192</y><time>21-01-21 16:27:42:033</time></pt><pt><x>204</x><y>205</y><time>21-01-21 16:27:43:368</time></pt><pt><x>204</x><y>216</y><time>21-01-21 16:27:43:841</time></pt><pt><x>205</x><y>222</y><time>21-01-21 16:27:44:438</time></pt><pt><x>206</x><y>229</y><time>21-01-21 16:27:47:348</time></pt><pt><x>206</x><y>234</y><time>21-01-21 16:27:47:678</time></pt><pt><x>204</x><y>240</y><time>21-01-21 16:27:48:080</time></pt><pt><x>203</x><y>247</y><time>21-01-21 16:27:48:418</time></pt><pt><x>204</x><y>262</y><time>21-01-21 16:27:49:481</time></pt><pt><x>206</x><y>274</y><time>21-01-21 16:27:49:921</time></pt><pt><x>207</x><y>280</y><time>21-01-21 16:27:50:275</time></pt><pt><x>207</x><y>292</y><time>21-01-21 16:27:51:634</time></pt><pt><x>206</x><y>296</y><time>21-01-21 16:27:51:911</time></pt><pt><x>205</x><y>298</y><time>21-01-21 16:27:52:131</time></pt><pt><x>203</x><y>300</y><time>21-01-21 16:27:52:524</time></pt><pt><x>203</x><y>303</y><time>21-01-21 16:27:52:847</time></pt><pt><x>204</x><y>305</y><time>21-01-21 16:27:53:184</time></pt><pt><x>207</x><y>306</y><time>21-01-21 16:27:53:648</time></pt><pt><x>214</x><y>306</y><time>21-01-21 16:27:54:019</time></pt><pt><x>216</x><y>305</y><time>21-01-21 16:27:54:411</time></pt><pt><x>218</x><y>304</y><time>21-01-21 16:27:54:732</time></pt><pt><x>219</x><y>303</y><time>21-01-21 16:27:55:017</time></pt><pt><x>222</x><y>303</y><time>21-01-21 16:27:55:308</time></pt><pt><x>223</x><y>302</y><time>21-01-21 16:27:55:677</time></pt><pt><x>223</x><y>299</y><time>21-01-21 16:27:56:014</time></pt><pt><x>222</x><y>296</y><time>21-01-21 16:27:56:258</time></pt><pt><x>222</x><y>293</y><time>21-01-21 16:27:56:470</time></pt><pt><x>220</x><y>288</y><time>21-01-21 16:27:56:873</time></pt><pt><x>223</x><y>279</y><time>21-01-21 16:28:02:046</time></pt><pt><x>225</x><y>273</y><time>21-01-21 16:28:02:606</time></pt><pt><x>225</x><y>268</y><time>21-01-21 16:28:03:101</time></pt><pt><x>226</x><y>251</y><time>21-01-21 16:28:04:248</time></pt><pt><x>226</x><y>243</y><time>21-01-21 16:28:04:744</time></pt><pt><x>227</x><y>229</y><time>21-01-21 16:28:05:846</time></pt><pt><x>228</x><y>224</y><time>21-01-21 16:28:06:318</time></pt><pt><x>229</x><y>211</y><time>21-01-21 16:28:07:530</time></pt><pt><x>230</x><y>223</y><time>21-01-21 16:28:08:285</time></pt><pt><x>230</x><y>227</y><time>21-01-21 16:28:08:758</time></pt><pt><x>229</x><y>232</y><time>21-01-21 16:28:09:196</time></pt><pt><x>229</x><y>237</y><time>21-01-21 16:28:09:590</time></pt><pt><x>231</x><y>242</y><time>21-01-21 16:28:10:330</time></pt><pt><x>231</x><y>248</y><time>21-01-21 16:28:11:627</time></pt><pt><x>230</x><y>257</y><time>21-01-21 16:28:12:053</time></pt><pt><x>228</x><y>263</y><time>21-01-21 16:28:12:485</time></pt><pt><x>227</x><y>269</y><time>21-01-21 16:28:13:002</time></pt><pt><x>226</x><y>279</y><time>21-01-21 16:28:14:552</time></pt><pt><x>226</x><y>284</y><time>21-01-21 16:28:15:000</time></pt><pt><x>226</x><y>290</y><time>21-01-21 16:28:15:480</time></pt><pt><x>226</x><y>292</y><time>21-01-21 16:28:15:907</time></pt><pt><x>228</x><y>295</y><time>21-01-21 16:28:16:258</time></pt><pt><x>234</x><y>296</y><time>21-01-21 16:28:16:645</time></pt><pt><x>239</x><y>297</y><time>21-01-21 16:28:17:116</time></pt><pt><x>245</x><y>298</y><time>21-01-21 16:28:17:511</time></pt><pt><x>249</x><y>298</y><time>21-01-21 16:28:17:857</time></pt><pt><x>250</x><y>295</y><time>21-01-21 16:28:18:232</time></pt><pt><x>249</x><y>292</y><time>21-01-21 16:28:18:666</time></pt><pt><x>245</x><y>290</y><time>21-01-21 16:28:19:013</time></pt><pt><x>244</x><y>288</y><time>21-01-21 16:28:19:302</time></pt><pt><x>244</x><y>283</y><time>21-01-21 16:28:19:640</time></pt><pt><x>246</x><y>279</y><time>21-01-21 16:28:19:957</time></pt><pt><x>247</x><y>271</y><time>21-01-21 16:28:20:450</time></pt><pt><x>248</x><y>261</y><time>21-01-21 16:28:21:032</time></pt><pt><x>250</x><y>243</y><time>21-01-21 16:28:22:142</time></pt><pt><x>254</x><y>229</y><time>21-01-21 16:28:22:991</time></pt><pt><x>257</x><y>221</y><time>21-01-21 16:28:56:235</time></pt><pt><x>257</x><y>213</y><time>21-01-21 16:28:56:694</time></pt><pt><x>257</x><y>199</y><time>21-01-21 16:28:57:729</time></pt><pt><x>258</x><y>196</y><time>21-01-21 16:28:58:059</time></pt><pt><x>257</x><y>191</y><time>21-01-21 16:28:58:391</time></pt><pt><x>255</x><y>188</y><time>21-01-21 16:28:58:762</time></pt><pt><x>256</x><y>180</y><time>21-01-21 16:28:59:726</time></pt><pt><x>257</x><y>171</y><time>21-01-21 16:29:00:137</time></pt><pt><x>257</x><y>152</y><time>21-01-21 16:29:01:347</time></pt><pt><x>258</x><y>153</y><time>21-01-21 16:29:02:379</time></pt><pt><x>264</x><y>165</y><time>21-01-21 16:29:02:961</time></pt><pt><x>265</x><y>169</y><time>21-01-21 16:29:03:448</time></pt><pt><x>267</x><y>173</y><time>21-01-21 16:29:03:763</time></pt><pt><x>270</x><y>178</y><time>21-01-21 16:29:05:289</time></pt><pt><x>270</x><y>185</y><time>21-01-21 16:29:05:729</time></pt><pt><x>271</x><y>189</y><time>21-01-21 16:29:06:035</time></pt><pt><x>272</x><y>191</y><time>21-01-21 16:29:06:514</time></pt><pt><x>275</x><y>190</y><time>21-01-21 16:29:09:175</time></pt><pt><x>278</x><y>189</y><time>21-01-21 16:29:09:513</time></pt><pt><x>280</x><y>185</y><time>21-01-21 16:29:09:858</time></pt><pt><x>280</x><y>181</y><time>21-01-21 16:29:10:165</time></pt><pt><x>279</x><y>179</y><time>21-01-21 16:29:10:377</time></pt><pt><x>280</x><y>175</y><time>21-01-21 16:29:10:661</time></pt><pt><x>279</x><y>168</y><time>21-01-21 16:29:11:345</time></pt><pt><x>272</x><y>145</y><time>21-01-21 16:29:12:462</time></pt><pt><x>267</x><y>127</y><time>21-01-21 16:29:13:169</time></pt><pt><x>262</x><y>114</y><time>21-01-21 16:29:16:095</time></pt><pt><x>261</x><y>112</y><time>21-01-21 16:29:16:403</time></pt><pt><x>262</x><y>108</y><time>21-01-21 16:29:16:725</time></pt><pt><x>259</x><y>104</y><time>21-01-21 16:29:17:025</time></pt><pt><x>252</x><y>102</y><time>21-01-21 16:29:17:779</time></pt><pt><x>246</x><y>100</y><time>21-01-21 16:29:19:949</time></pt><pt><x>250</x><y>97</y><time>21-01-21 16:29:23:127</time></pt><pt><x>252</x><y>94</y><time>21-01-21 16:29:23:457</time></pt><pt><x>253</x><y>91</y><time>21-01-21 16:29:23:781</time></pt><pt><x>253</x><y>86</y><time>21-01-21 16:29:24:457</time></pt><pt><x>254</x><y>83</y><time>21-01-21 16:29:24:738</time></pt><pt><x>254</x><y>78</y><time>21-01-21 16:29:25:683</time></pt><pt><x>252</x><y>73</y><time>21-01-21 16:29:26:203</time></pt><pt><x>250</x><y>69</y><time>21-01-21 16:29:26:650</time></pt><pt><x>248</x><y>67</y><time>21-01-21 16:29:27:106</time></pt><pt><x>246</x><y>66</y><time>21-01-21 16:29:27:626</time></pt><closed_date>21-01-21 16:29:28:507</closed_date></polygon></object><object><name>person</name><deleted>0</deleted><verified>0</verified><occluded>no</occluded><attributes></attributes><parts><hasparts></hasparts><ispartof></ispartof></parts><date>21-01-21 16:29:57:774</date><id>2</id><polygon><username>7hao</username><pt><x>491</x><y>239</y><time>21-01-21 16:29:38:093</time></pt><pt><x>491</x><y>242</y><time>21-01-21 16:29:38:566</time></pt><pt><x>492</x><y>247</y><time>21-01-21 16:29:39:063</time></pt><pt><x>492</x><y>251</y><time>21-01-21 16:29:39:457</time></pt><pt><x>492</x><y>255</y><time>21-01-21 16:29:39:914</time></pt><pt><x>492</x><y>260</y><time>21-01-21 16:29:40:439</time></pt><pt><x>492</x><y>262</y><time>21-01-21 16:29:40:865</time></pt><pt><x>491</x><y>266</y><time>21-01-21 16:29:41:163</time></pt><pt><x>490</x><y>267</y><time>21-01-21 16:29:41:479</time></pt><pt><x>489</x><y>271</y><time>21-01-21 16:29:41:737</time></pt><pt><x>489</x><y>275</y><time>21-01-21 16:29:42:250</time></pt><pt><x>491</x><y>276</y><time>21-01-21 16:29:42:633</time></pt><pt><x>495</x><y>276</y><time>21-01-21 16:29:42:987</time></pt><pt><x>497</x><y>276</y><time>21-01-21 16:29:43:388</time></pt><pt><x>497</x><y>273</y><time>21-01-21 16:29:44:222</time></pt><pt><x>496</x><y>268</y><time>21-01-21 16:29:44:898</time></pt><pt><x>495</x><y>262</y><time>21-01-21 16:29:45:606</time></pt><pt><x>494</x><y>257</y><time>21-01-21 16:29:46:330</time></pt><pt><x>494</x><y>252</y><time>21-01-21 16:29:47:108</time></pt><pt><x>494</x><y>247</y><time>21-01-21 16:29:48:060</time></pt><pt><x>494</x><y>243</y><time>21-01-21 16:29:48:768</time></pt><pt><x>494</x><y>240</y><time>21-01-21 16:29:49:610</time></pt><pt><x>493</x><y>238</y><time>21-01-21 16:29:50:241</time></pt><closed_date>21-01-21 16:29:51:112</closed_date></polygon></object><object><name>person</name><deleted>0</deleted><verified>0</verified><occluded>no</occluded><attributes></attributes><parts><hasparts></hasparts><ispartof></ispartof></parts><date>21-01-21 16:30:48:302</date><id>3</id><polygon><username>7hao</username><pt><x>515</x><y>264</y><time>21-01-21 16:30:34:667</time></pt><pt><x>518</x><y>264</y><time>21-01-21 16:30:35:057</time></pt><pt><x>520</x><y>264</y><time>21-01-21 16:30:35:340</time></pt><pt><x>522</x><y>266</y><time>21-01-21 16:30:35:593</time></pt><pt><x>525</x><y>268</y><time>21-01-21 16:30:35:931</time></pt><pt><x>528</x><y>270</y><time>21-01-21 16:30:36:204</time></pt><pt><x>531</x><y>272</y><time>21-01-21 16:30:36:457</time></pt><pt><x>534</x><y>272</y><time>21-01-21 16:30:36:787</time></pt><pt><x>530</x><y>275</y><time>21-01-21 16:30:37:259</time></pt><pt><x>526</x><y>278</y><time>21-01-21 16:30:37:825</time></pt><pt><x>521</x><y>278</y><time>21-01-21 16:30:38:179</time></pt><pt><x>516</x><y>278</y><time>21-01-21 16:30:38:675</time></pt><pt><x>514</x><y>278</y><time>21-01-21 16:30:39:264</time></pt><pt><x>514</x><y>277</y><time>21-01-21 16:30:39:712</time></pt><pt><x>515</x><y>276</y><time>21-01-21 16:30:40:538</time></pt><pt><x>514</x><y>274</y><time>21-01-21 16:30:41:153</time></pt><pt><x>514</x><y>271</y><time>21-01-21 16:30:41:962</time></pt><pt><x>514</x><y>270</y><time>21-01-21 16:30:43:944</time></pt><pt><x>514</x><y>267</y><time>21-01-21 16:30:44:526</time></pt><closed_date>21-01-21 16:30:45:219</closed_date></polygon></object></annotation>