<annotation><filename>frame0023.jpg</filename><folder>users/lab605//7hao/human_20210119_4</folder><source><submittedBy>lab605</submittedBy></source><imagesize><nrows>480</nrows><ncols>640</ncols></imagesize><object><name>person</name><deleted>0</deleted><verified>0</verified><occluded>no</occluded><attributes></attributes><parts><hasparts></hasparts><ispartof></ispartof></parts><date>22-01-21 15:09:14:479</date><id>0</id><polygon><username>7hao</username><pt><x>494</x><y>65</y><time>22-01-21 15:06:51:292</time></pt><pt><x>489</x><y>66</y><time>22-01-21 15:06:51:662</time></pt><pt><x>485</x><y>69</y><time>22-01-21 15:06:51:986</time></pt><pt><x>483</x><y>71</y><time>22-01-21 15:06:52:411</time></pt><pt><x>482</x><y>76</y><time>22-01-21 15:06:52:881</time></pt><pt><x>481</x><y>79</y><time>22-01-21 15:06:53:196</time></pt><pt><x>481</x><y>82</y><time>22-01-21 15:06:53:481</time></pt><pt><x>482</x><y>85</y><time>22-01-21 15:06:53:868</time></pt><pt><x>483</x><y>88</y><time>22-01-21 15:06:54:235</time></pt><pt><x>483</x><y>91</y><time>22-01-21 15:06:54:549</time></pt><pt><x>485</x><y>92</y><time>22-01-21 15:06:54:873</time></pt><pt><x>486</x><y>95</y><time>22-01-21 15:06:55:226</time></pt><pt><x>486</x><y>96</y><time>22-01-21 15:06:55:604</time></pt><pt><x>483</x><y>98</y><time>22-01-21 15:06:56:000</time></pt><pt><x>479</x><y>100</y><time>22-01-21 15:06:56:351</time></pt><pt><x>476</x><y>102</y><time>22-01-21 15:06:56:816</time></pt><pt><x>473</x><y>103</y><time>22-01-21 15:06:57:200</time></pt><pt><x>471</x><y>104</y><time>22-01-21 15:07:01:935</time></pt><pt><x>468</x><y>107</y><time>22-01-21 15:07:02:243</time></pt><pt><x>466</x><y>110</y><time>22-01-21 15:07:02:565</time></pt><pt><x>464</x><y>115</y><time>22-01-21 15:07:02:897</time></pt><pt><x>463</x><y>121</y><time>22-01-21 15:07:03:282</time></pt><pt><x>459</x><y>131</y><time>22-01-21 15:07:04:847</time></pt><pt><x>459</x><y>137</y><time>22-01-21 15:07:05:162</time></pt><pt><x>457</x><y>142</y><time>22-01-21 15:07:05:470</time></pt><pt><x>456</x><y>150</y><time>22-01-21 15:07:05:956</time></pt><pt><x>455</x><y>158</y><time>22-01-21 15:07:06:451</time></pt><pt><x>454</x><y>171</y><time>22-01-21 15:07:08:017</time></pt><pt><x>454</x><y>180</y><time>22-01-21 15:07:08:357</time></pt><pt><x>455</x><y>185</y><time>22-01-21 15:07:08:657</time></pt><pt><x>455</x><y>187</y><time>22-01-21 15:07:08:965</time></pt><pt><x>455</x><y>189</y><time>22-01-21 15:07:19:261</time></pt><pt><x>455</x><y>192</y><time>22-01-21 15:07:19:673</time></pt><pt><x>455</x><y>196</y><time>22-01-21 15:07:19:955</time></pt><pt><x>456</x><y>199</y><time>22-01-21 15:07:20:261</time></pt><pt><x>458</x><y>203</y><time>22-01-21 15:07:20:537</time></pt><pt><x>460</x><y>205</y><time>22-01-21 15:07:20:804</time></pt><pt><x>463</x><y>204</y><time>22-01-21 15:07:21:072</time></pt><pt><x>465</x><y>203</y><time>22-01-21 15:07:21:323</time></pt><pt><x>464</x><y>199</y><time>22-01-21 15:07:21:716</time></pt><pt><x>463</x><y>194</y><time>22-01-21 15:07:22:086</time></pt><pt><x>463</x><y>190</y><time>22-01-21 15:07:22:464</time></pt><pt><x>464</x><y>183</y><time>22-01-21 15:07:22:834</time></pt><pt><x>469</x><y>166</y><time>22-01-21 15:07:24:131</time></pt><pt><x>474</x><y>148</y><time>22-01-21 15:07:25:014</time></pt><pt><x>474</x><y>153</y><time>22-01-21 15:07:25:651</time></pt><pt><x>473</x><y>157</y><time>22-01-21 15:07:25:996</time></pt><pt><x>472</x><y>159</y><time>22-01-21 15:07:26:201</time></pt><pt><x>472</x><y>162</y><time>22-01-21 15:07:26:452</time></pt><pt><x>474</x><y>165</y><time>22-01-21 15:07:26:768</time></pt><pt><x>475</x><y>167</y><time>22-01-21 15:07:27:115</time></pt><pt><x>475</x><y>170</y><time>22-01-21 15:07:27:358</time></pt><pt><x>474</x><y>176</y><time>22-01-21 15:07:27:656</time></pt><pt><x>472</x><y>181</y><time>22-01-21 15:07:27:939</time></pt><pt><x>471</x><y>186</y><time>22-01-21 15:07:28:286</time></pt><pt><x>472</x><y>203</y><time>22-01-21 15:07:30:276</time></pt><pt><x>473</x><y>212</y><time>22-01-21 15:07:30:702</time></pt><pt><x>475</x><y>228</y><time>22-01-21 15:07:35:400</time></pt><pt><x>475</x><y>232</y><time>22-01-21 15:07:35:872</time></pt><pt><x>472</x><y>244</y><time>22-01-21 15:07:38:642</time></pt><pt><x>471</x><y>253</y><time>22-01-21 15:07:39:168</time></pt><pt><x>471</x><y>261</y><time>22-01-21 15:07:39:656</time></pt><pt><x>471</x><y>268</y><time>22-01-21 15:07:40:121</time></pt><pt><x>470</x><y>273</y><time>22-01-21 15:07:42:047</time></pt><pt><x>470</x><y>274</y><time>22-01-21 15:07:42:386</time></pt><pt><x>471</x><y>276</y><time>22-01-21 15:07:42:646</time></pt><pt><x>471</x><y>279</y><time>22-01-21 15:07:42:882</time></pt><pt><x>470</x><y>281</y><time>22-01-21 15:07:43:159</time></pt><pt><x>468</x><y>282</y><time>22-01-21 15:07:43:684</time></pt><pt><x>464</x><y>283</y><time>22-01-21 15:07:44:242</time></pt><pt><x>462</x><y>287</y><time>22-01-21 15:07:44:596</time></pt><pt><x>462</x><y>292</y><time>22-01-21 15:07:45:856</time></pt><pt><x>465</x><y>293</y><time>22-01-21 15:07:46:327</time></pt><pt><x>469</x><y>296</y><time>22-01-21 15:07:47:043</time></pt><pt><x>471</x><y>296</y><time>22-01-21 15:07:47:516</time></pt><pt><x>473</x><y>296</y><time>22-01-21 15:07:47:839</time></pt><pt><x>477</x><y>296</y><time>22-01-21 15:07:48:123</time></pt><pt><x>481</x><y>296</y><time>22-01-21 15:07:48:444</time></pt><pt><x>483</x><y>296</y><time>22-01-21 15:07:48:867</time></pt><pt><x>483</x><y>294</y><time>22-01-21 15:07:49:143</time></pt><pt><x>482</x><y>291</y><time>22-01-21 15:07:49:545</time></pt><pt><x>482</x><y>287</y><time>22-01-21 15:07:49:859</time></pt><pt><x>482</x><y>284</y><time>22-01-21 15:07:50:173</time></pt><pt><x>482</x><y>281</y><time>22-01-21 15:07:50:433</time></pt><pt><x>483</x><y>278</y><time>22-01-21 15:07:50:672</time></pt><pt><x>490</x><y>250</y><time>22-01-21 15:07:54:611</time></pt><pt><x>492</x><y>239</y><time>22-01-21 15:07:55:295</time></pt><pt><x>495</x><y>218</y><time>22-01-21 15:07:56:539</time></pt><pt><x>496</x><y>212</y><time>22-01-21 15:07:56:965</time></pt><pt><x>499</x><y>206</y><time>22-01-21 15:07:57:625</time></pt><pt><x>502</x><y>223</y><time>22-01-21 15:07:58:411</time></pt><pt><x>504</x><y>232</y><time>22-01-21 15:07:58:885</time></pt><pt><x>506</x><y>238</y><time>22-01-21 15:07:59:254</time></pt><pt><x>507</x><y>242</y><time>22-01-21 15:07:59:577</time></pt><pt><x>509</x><y>256</y><time>22-01-21 15:08:00:908</time></pt><pt><x>509</x><y>264</y><time>22-01-21 15:08:01:394</time></pt><pt><x>510</x><y>271</y><time>22-01-21 15:08:01:984</time></pt><pt><x>513</x><y>279</y><time>22-01-21 15:08:19:439</time></pt><pt><x>514</x><y>283</y><time>22-01-21 15:08:19:779</time></pt><pt><x>516</x><y>287</y><time>22-01-21 15:08:20:022</time></pt><pt><x>515</x><y>290</y><time>22-01-21 15:08:20:351</time></pt><pt><x>514</x><y>293</y><time>22-01-21 15:08:20:604</time></pt><pt><x>513</x><y>294</y><time>22-01-21 15:08:20:784</time></pt><pt><x>512</x><y>296</y><time>22-01-21 15:08:21:029</time></pt><pt><x>512</x><y>298</y><time>22-01-21 15:08:21:500</time></pt><pt><x>513</x><y>300</y><time>22-01-21 15:08:21:759</time></pt><pt><x>514</x><y>301</y><time>22-01-21 15:08:23:161</time></pt><pt><x>516</x><y>302</y><time>22-01-21 15:08:23:419</time></pt><pt><x>518</x><y>303</y><time>22-01-21 15:08:23:624</time></pt><pt><x>524</x><y>303</y><time>22-01-21 15:08:23:910</time></pt><pt><x>529</x><y>302</y><time>22-01-21 15:08:24:301</time></pt><pt><x>530</x><y>298</y><time>22-01-21 15:08:24:702</time></pt><pt><x>529</x><y>292</y><time>22-01-21 15:08:25:001</time></pt><pt><x>528</x><y>284</y><time>22-01-21 15:08:25:417</time></pt><pt><x>527</x><y>280</y><time>22-01-21 15:08:25:820</time></pt><pt><x>528</x><y>276</y><time>22-01-21 15:08:26:251</time></pt><pt><x>528</x><y>249</y><time>22-01-21 15:08:27:479</time></pt><pt><x>527</x><y>245</y><time>22-01-21 15:08:27:978</time></pt><pt><x>524</x><y>228</y><time>22-01-21 15:08:28:935</time></pt><pt><x>524</x><y>223</y><time>22-01-21 15:08:29:249</time></pt><pt><x>526</x><y>219</y><time>22-01-21 15:08:29:534</time></pt><pt><x>526</x><y>196</y><time>22-01-21 15:08:30:641</time></pt><pt><x>526</x><y>180</y><time>22-01-21 15:08:32:199</time></pt><pt><x>525</x><y>172</y><time>22-01-21 15:08:32:611</time></pt><pt><x>525</x><y>160</y><time>22-01-21 15:08:33:766</time></pt><pt><x>525</x><y>155</y><time>22-01-21 15:08:34:113</time></pt><pt><x>525</x><y>153</y><time>22-01-21 15:08:34:356</time></pt><pt><x>524</x><y>150</y><time>22-01-21 15:08:34:553</time></pt><pt><x>524</x><y>145</y><time>22-01-21 15:08:34:893</time></pt><pt><x>524</x><y>143</y><time>22-01-21 15:08:35:246</time></pt><pt><x>526</x><y>154</y><time>22-01-21 15:08:35:712</time></pt><pt><x>527</x><y>159</y><time>22-01-21 15:08:36:370</time></pt><pt><x>527</x><y>164</y><time>22-01-21 15:08:36:681</time></pt><pt><x>528</x><y>170</y><time>22-01-21 15:08:37:016</time></pt><pt><x>528</x><y>173</y><time>22-01-21 15:08:37:237</time></pt><pt><x>529</x><y>176</y><time>22-01-21 15:08:37:440</time></pt><pt><x>529</x><y>180</y><time>22-01-21 15:08:37:668</time></pt><pt><x>529</x><y>182</y><time>22-01-21 15:08:37:904</time></pt><pt><x>528</x><y>184</y><time>22-01-21 15:08:39:202</time></pt><pt><x>528</x><y>189</y><time>22-01-21 15:08:39:425</time></pt><pt><x>528</x><y>193</y><time>22-01-21 15:08:39:643</time></pt><pt><x>529</x><y>197</y><time>22-01-21 15:08:39:879</time></pt><pt><x>530</x><y>198</y><time>22-01-21 15:08:49:255</time></pt><pt><x>533</x><y>199</y><time>22-01-21 15:08:49:754</time></pt><pt><x>535</x><y>196</y><time>22-01-21 15:08:50:352</time></pt><pt><x>536</x><y>191</y><time>22-01-21 15:08:50:720</time></pt><pt><x>536</x><y>185</y><time>22-01-21 15:08:50:996</time></pt><pt><x>538</x><y>180</y><time>22-01-21 15:08:51:231</time></pt><pt><x>540</x><y>170</y><time>22-01-21 15:08:53:551</time></pt><pt><x>541</x><y>164</y><time>22-01-21 15:08:54:072</time></pt><pt><x>540</x><y>142</y><time>22-01-21 15:08:55:159</time></pt><pt><x>536</x><y>123</y><time>22-01-21 15:08:56:227</time></pt><pt><x>532</x><y>107</y><time>22-01-21 15:08:56:879</time></pt><pt><x>529</x><y>103</y><time>22-01-21 15:08:57:367</time></pt><pt><x>523</x><y>101</y><time>22-01-21 15:08:57:809</time></pt><pt><x>517</x><y>99</y><time>22-01-21 15:08:58:312</time></pt><pt><x>507</x><y>96</y><time>22-01-21 15:09:02:841</time></pt><pt><x>506</x><y>94</y><time>22-01-21 15:09:03:174</time></pt><pt><x>507</x><y>92</y><time>22-01-21 15:09:03:402</time></pt><pt><x>508</x><y>89</y><time>22-01-21 15:09:03:700</time></pt><pt><x>511</x><y>84</y><time>22-01-21 15:09:04:517</time></pt><pt><x>512</x><y>81</y><time>22-01-21 15:09:04:835</time></pt><pt><x>512</x><y>77</y><time>22-01-21 15:09:05:108</time></pt><pt><x>512</x><y>74</y><time>22-01-21 15:09:05:377</time></pt><pt><x>511</x><y>70</y><time>22-01-21 15:09:07:996</time></pt><pt><x>508</x><y>67</y><time>22-01-21 15:09:08:397</time></pt><pt><x>505</x><y>65</y><time>22-01-21 15:09:08:720</time></pt><pt><x>500</x><y>64</y><time>22-01-21 15:09:08:997</time></pt><pt><x>497</x><y>64</y><time>22-01-21 15:09:09:248</time></pt><pt><x>495</x><y>65</y><time>22-01-21 15:09:09:623</time></pt><closed_date>22-01-21 15:09:10:100</closed_date></polygon></object><object><name>person</name><deleted>0</deleted><verified>0</verified><occluded>no</occluded><attributes></attributes><parts><hasparts></hasparts><ispartof></ispartof></parts><date>22-01-21 15:12:54:557</date><id>1</id><polygon><username>7hao</username><pt><x>258</x><y>48</y><time>22-01-21 15:10:43:324</time></pt><pt><x>254</x><y>47</y><time>22-01-21 15:10:43:770</time></pt><pt><x>250</x><y>47</y><time>22-01-21 15:10:44:100</time></pt><pt><x>246</x><y>49</y><time>22-01-21 15:10:44:371</time></pt><pt><x>242</x><y>52</y><time>22-01-21 15:10:44:691</time></pt><pt><x>240</x><y>57</y><time>22-01-21 15:10:45:005</time></pt><pt><x>239</x><y>61</y><time>22-01-21 15:10:45:312</time></pt><pt><x>239</x><y>67</y><time>22-01-21 15:10:45:626</time></pt><pt><x>240</x><y>72</y><time>22-01-21 15:10:45:990</time></pt><pt><x>241</x><y>75</y><time>22-01-21 15:10:46:224</time></pt><pt><x>242</x><y>78</y><time>22-01-21 15:10:46:611</time></pt><pt><x>241</x><y>80</y><time>22-01-21 15:10:46:869</time></pt><pt><x>239</x><y>79</y><time>22-01-21 15:10:47:128</time></pt><pt><x>236</x><y>81</y><time>22-01-21 15:10:48:091</time></pt><pt><x>232</x><y>84</y><time>22-01-21 15:10:48:709</time></pt><pt><x>227</x><y>86</y><time>22-01-21 15:10:52:140</time></pt><pt><x>223</x><y>87</y><time>22-01-21 15:10:52:446</time></pt><pt><x>220</x><y>89</y><time>22-01-21 15:10:52:636</time></pt><pt><x>215</x><y>99</y><time>22-01-21 15:10:53:023</time></pt><pt><x>213</x><y>106</y><time>22-01-21 15:10:53:312</time></pt><pt><x>211</x><y>115</y><time>22-01-21 15:10:53:808</time></pt><pt><x>210</x><y>119</y><time>22-01-21 15:10:54:203</time></pt><pt><x>208</x><y>128</y><time>22-01-21 15:11:17:094</time></pt><pt><x>208</x><y>138</y><time>22-01-21 15:11:22:985</time></pt><pt><x>208</x><y>141</y><time>22-01-21 15:11:23:404</time></pt><pt><x>208</x><y>147</y><time>22-01-21 15:11:23:694</time></pt><pt><x>208</x><y>151</y><time>22-01-21 15:11:23:933</time></pt><pt><x>209</x><y>154</y><time>22-01-21 15:11:24:121</time></pt><pt><x>210</x><y>156</y><time>22-01-21 15:11:24:355</time></pt><pt><x>210</x><y>157</y><time>22-01-21 15:11:24:458</time></pt><pt><x>208</x><y>162</y><time>22-01-21 15:11:25:976</time></pt><pt><x>208</x><y>164</y><time>22-01-21 15:11:26:157</time></pt><pt><x>209</x><y>166</y><time>22-01-21 15:11:26:307</time></pt><pt><x>209</x><y>169</y><time>22-01-21 15:11:26:489</time></pt><pt><x>210</x><y>169</y><time>22-01-21 15:11:26:654</time></pt><pt><x>212</x><y>170</y><time>22-01-21 15:11:26:914</time></pt><pt><x>214</x><y>171</y><time>22-01-21 15:11:27:174</time></pt><pt><x>215</x><y>171</y><time>22-01-21 15:11:42:642</time></pt><pt><x>217</x><y>173</y><time>22-01-21 15:11:43:075</time></pt><pt><x>217</x><y>175</y><time>22-01-21 15:11:43:341</time></pt><pt><x>215</x><y>178</y><time>22-01-21 15:11:43:539</time></pt><pt><x>215</x><y>180</y><time>22-01-21 15:11:43:737</time></pt><pt><x>219</x><y>207</y><time>22-01-21 15:11:45:032</time></pt><pt><x>219</x><y>211</y><time>22-01-21 15:11:45:229</time></pt><pt><x>218</x><y>218</y><time>22-01-21 15:11:45:538</time></pt><pt><x>217</x><y>222</y><time>22-01-21 15:11:45:718</time></pt><pt><x>217</x><y>228</y><time>22-01-21 15:11:46:002</time></pt><pt><x>217</x><y>231</y><time>22-01-21 15:11:46:173</time></pt><pt><x>217</x><y>234</y><time>22-01-21 15:11:46:347</time></pt><pt><x>218</x><y>240</y><time>22-01-21 15:11:47:804</time></pt><pt><x>218</x><y>243</y><time>22-01-21 15:11:48:007</time></pt><pt><x>217</x><y>248</y><time>22-01-21 15:11:48:195</time></pt><pt><x>216</x><y>255</y><time>22-01-21 15:11:48:439</time></pt><pt><x>215</x><y>261</y><time>22-01-21 15:11:48:607</time></pt><pt><x>214</x><y>269</y><time>22-01-21 15:11:48:802</time></pt><pt><x>216</x><y>276</y><time>22-01-21 15:11:49:583</time></pt><pt><x>216</x><y>280</y><time>22-01-21 15:11:49:778</time></pt><pt><x>216</x><y>282</y><time>22-01-21 15:11:49:941</time></pt><pt><x>217</x><y>284</y><time>22-01-21 15:11:50:988</time></pt><pt><x>217</x><y>288</y><time>22-01-21 15:11:51:161</time></pt><pt><x>216</x><y>291</y><time>22-01-21 15:11:51:319</time></pt><pt><x>216</x><y>295</y><time>22-01-21 15:11:51:483</time></pt><pt><x>213</x><y>299</y><time>22-01-21 15:11:51:673</time></pt><pt><x>211</x><y>301</y><time>22-01-21 15:11:51:861</time></pt><pt><x>211</x><y>304</y><time>22-01-21 15:11:52:060</time></pt><pt><x>211</x><y>305</y><time>22-01-21 15:11:52:272</time></pt><pt><x>214</x><y>307</y><time>22-01-21 15:11:52:507</time></pt><pt><x>219</x><y>307</y><time>22-01-21 15:11:52:705</time></pt><pt><x>223</x><y>306</y><time>22-01-21 15:11:52:894</time></pt><pt><x>226</x><y>306</y><time>22-01-21 15:11:53:081</time></pt><pt><x>229</x><y>305</y><time>22-01-21 15:11:53:245</time></pt><pt><x>232</x><y>305</y><time>22-01-21 15:11:53:419</time></pt><pt><x>233</x><y>303</y><time>22-01-21 15:11:53:650</time></pt><pt><x>232</x><y>300</y><time>22-01-21 15:11:53:828</time></pt><pt><x>231</x><y>297</y><time>22-01-21 15:11:54:002</time></pt><pt><x>231</x><y>294</y><time>22-01-21 15:11:54:144</time></pt><pt><x>233</x><y>291</y><time>22-01-21 15:11:54:340</time></pt><pt><x>233</x><y>287</y><time>22-01-21 15:11:54:559</time></pt><pt><x>232</x><y>285</y><time>22-01-21 15:11:54:742</time></pt><pt><x>232</x><y>280</y><time>22-01-21 15:11:55:024</time></pt><pt><x>234</x><y>277</y><time>22-01-21 15:11:55:228</time></pt><pt><x>238</x><y>252</y><time>22-01-21 15:11:56:446</time></pt><pt><x>239</x><y>249</y><time>22-01-21 15:11:56:614</time></pt><pt><x>240</x><y>245</y><time>22-01-21 15:11:56:792</time></pt><pt><x>241</x><y>240</y><time>22-01-21 15:11:57:007</time></pt><pt><x>241</x><y>238</y><time>22-01-21 15:11:57:203</time></pt><pt><x>243</x><y>233</y><time>22-01-21 15:11:59:485</time></pt><pt><x>245</x><y>230</y><time>22-01-21 15:11:59:831</time></pt><pt><x>245</x><y>229</y><time>22-01-21 15:12:00:059</time></pt><pt><x>247</x><y>232</y><time>22-01-21 15:12:00:287</time></pt><pt><x>248</x><y>234</y><time>22-01-21 15:12:00:467</time></pt><pt><x>248</x><y>238</y><time>22-01-21 15:12:00:704</time></pt><pt><x>248</x><y>241</y><time>22-01-21 15:12:00:894</time></pt><pt><x>248</x><y>245</y><time>22-01-21 15:12:01:115</time></pt><pt><x>249</x><y>249</y><time>22-01-21 15:12:01:309</time></pt><pt><x>249</x><y>255</y><time>22-01-21 15:12:01:553</time></pt><pt><x>250</x><y>259</y><time>22-01-21 15:12:01:757</time></pt><pt><x>250</x><y>263</y><time>22-01-21 15:12:01:931</time></pt><pt><x>252</x><y>267</y><time>22-01-21 15:12:02:121</time></pt><pt><x>253</x><y>269</y><time>22-01-21 15:12:02:285</time></pt><pt><x>254</x><y>272</y><time>22-01-21 15:12:02:498</time></pt><pt><x>256</x><y>276</y><time>22-01-21 15:12:03:630</time></pt><pt><x>257</x><y>282</y><time>22-01-21 15:12:03:820</time></pt><pt><x>257</x><y>286</y><time>22-01-21 15:12:03:984</time></pt><pt><x>257</x><y>289</y><time>22-01-21 15:12:04:158</time></pt><pt><x>258</x><y>291</y><time>22-01-21 15:12:06:109</time></pt><pt><x>258</x><y>295</y><time>22-01-21 15:12:06:265</time></pt><pt><x>257</x><y>298</y><time>22-01-21 15:12:06:424</time></pt><pt><x>257</x><y>302</y><time>22-01-21 15:12:06:573</time></pt><pt><x>257</x><y>304</y><time>22-01-21 15:12:06:729</time></pt><pt><x>258</x><y>307</y><time>22-01-21 15:12:07:012</time></pt><pt><x>260</x><y>308</y><time>22-01-21 15:12:07:193</time></pt><pt><x>263</x><y>308</y><time>22-01-21 15:12:07:383</time></pt><pt><x>267</x><y>308</y><time>22-01-21 15:12:07:587</time></pt><pt><x>274</x><y>307</y><time>22-01-21 15:12:10:915</time></pt><pt><x>278</x><y>305</y><time>22-01-21 15:12:11:090</time></pt><pt><x>282</x><y>305</y><time>22-01-21 15:12:11:252</time></pt><pt><x>291</x><y>304</y><time>22-01-21 15:12:11:599</time></pt><pt><x>295</x><y>302</y><time>22-01-21 15:12:11:796</time></pt><pt><x>298</x><y>301</y><time>22-01-21 15:12:11:985</time></pt><pt><x>299</x><y>299</y><time>22-01-21 15:12:12:189</time></pt><pt><x>297</x><y>297</y><time>22-01-21 15:12:12:425</time></pt><pt><x>294</x><y>295</y><time>22-01-21 15:12:12:621</time></pt><pt><x>291</x><y>295</y><time>22-01-21 15:12:12:795</time></pt><pt><x>288</x><y>295</y><time>22-01-21 15:12:12:976</time></pt><pt><x>285</x><y>294</y><time>22-01-21 15:12:13:181</time></pt><pt><x>282</x><y>293</y><time>22-01-21 15:12:13:369</time></pt><pt><x>280</x><y>289</y><time>22-01-21 15:12:13:691</time></pt><pt><x>281</x><y>285</y><time>22-01-21 15:12:14:007</time></pt><pt><x>282</x><y>283</y><time>22-01-21 15:12:14:213</time></pt><pt><x>282</x><y>280</y><time>22-01-21 15:12:14:855</time></pt><pt><x>281</x><y>277</y><time>22-01-21 15:12:15:045</time></pt><pt><x>280</x><y>273</y><time>22-01-21 15:12:15:203</time></pt><pt><x>280</x><y>270</y><time>22-01-21 15:12:15:431</time></pt><pt><x>278</x><y>257</y><time>22-01-21 15:12:19:781</time></pt><pt><x>277</x><y>240</y><time>22-01-21 15:12:20:380</time></pt><pt><x>275</x><y>235</y><time>22-01-21 15:12:20:695</time></pt><pt><x>274</x><y>232</y><time>22-01-21 15:12:20:916</time></pt><pt><x>273</x><y>230</y><time>22-01-21 15:12:21:080</time></pt><pt><x>275</x><y>226</y><time>22-01-21 15:12:21:293</time></pt><pt><x>275</x><y>223</y><time>22-01-21 15:12:21:481</time></pt><pt><x>276</x><y>208</y><time>22-01-21 15:12:22:621</time></pt><pt><x>275</x><y>201</y><time>22-01-21 15:12:23:015</time></pt><pt><x>275</x><y>197</y><time>22-01-21 15:12:23:210</time></pt><pt><x>273</x><y>193</y><time>22-01-21 15:12:23:449</time></pt><pt><x>272</x><y>190</y><time>22-01-21 15:12:23:648</time></pt><pt><x>272</x><y>187</y><time>22-01-21 15:12:23:828</time></pt><pt><x>273</x><y>182</y><time>22-01-21 15:12:26:477</time></pt><pt><x>273</x><y>181</y><time>22-01-21 15:12:26:697</time></pt><pt><x>273</x><y>180</y><time>22-01-21 15:12:26:831</time></pt><pt><x>275</x><y>182</y><time>22-01-21 15:12:27:067</time></pt><pt><x>276</x><y>184</y><time>22-01-21 15:12:27:343</time></pt><pt><x>276</x><y>187</y><time>22-01-21 15:12:27:539</time></pt><pt><x>276</x><y>188</y><time>22-01-21 15:12:27:742</time></pt><pt><x>277</x><y>190</y><time>22-01-21 15:12:28:042</time></pt><pt><x>277</x><y>191</y><time>22-01-21 15:12:28:224</time></pt><pt><x>277</x><y>194</y><time>22-01-21 15:12:28:405</time></pt><pt><x>277</x><y>196</y><time>22-01-21 15:12:28:577</time></pt><pt><x>278</x><y>196</y><time>22-01-21 15:12:28:774</time></pt><pt><x>280</x><y>196</y><time>22-01-21 15:12:29:049</time></pt><pt><x>281</x><y>195</y><time>22-01-21 15:12:29:317</time></pt><pt><x>283</x><y>195</y><time>22-01-21 15:12:29:452</time></pt><pt><x>284</x><y>194</y><time>22-01-21 15:12:29:576</time></pt><pt><x>287</x><y>191</y><time>22-01-21 15:12:29:859</time></pt><pt><x>286</x><y>188</y><time>22-01-21 15:12:30:111</time></pt><pt><x>284</x><y>185</y><time>22-01-21 15:12:30:300</time></pt><pt><x>283</x><y>184</y><time>22-01-21 15:12:30:522</time></pt><pt><x>283</x><y>182</y><time>22-01-21 15:12:30:742</time></pt><pt><x>283</x><y>180</y><time>22-01-21 15:12:30:947</time></pt><pt><x>283</x><y>178</y><time>22-01-21 15:12:31:119</time></pt><pt><x>282</x><y>175</y><time>22-01-21 15:12:31:339</time></pt><pt><x>282</x><y>172</y><time>22-01-21 15:12:31:550</time></pt><pt><x>277</x><y>154</y><time>22-01-21 15:12:32:738</time></pt><pt><x>275</x><y>149</y><time>22-01-21 15:12:33:037</time></pt><pt><x>274</x><y>132</y><time>22-01-21 15:12:34:367</time></pt><pt><x>274</x><y>129</y><time>22-01-21 15:12:34:635</time></pt><pt><x>274</x><y>123</y><time>22-01-21 15:12:34:839</time></pt><pt><x>273</x><y>119</y><time>22-01-21 15:12:35:208</time></pt><pt><x>273</x><y>103</y><time>22-01-21 15:12:36:310</time></pt><pt><x>273</x><y>100</y><time>22-01-21 15:12:41:015</time></pt><pt><x>272</x><y>98</y><time>22-01-21 15:12:41:243</time></pt><pt><x>270</x><y>96</y><time>22-01-21 15:12:41:495</time></pt><pt><x>268</x><y>94</y><time>22-01-21 15:12:41:708</time></pt><pt><x>265</x><y>92</y><time>22-01-21 15:12:41:887</time></pt><pt><x>263</x><y>91</y><time>22-01-21 15:12:42:180</time></pt><pt><x>261</x><y>90</y><time>22-01-21 15:12:42:402</time></pt><pt><x>260</x><y>88</y><time>22-01-21 15:12:42:611</time></pt><pt><x>260</x><y>87</y><time>22-01-21 15:12:42:809</time></pt><pt><x>261</x><y>86</y><time>22-01-21 15:12:42:999</time></pt><pt><x>262</x><y>85</y><time>22-01-21 15:12:43:247</time></pt><pt><x>263</x><y>85</y><time>22-01-21 15:12:43:775</time></pt><pt><x>266</x><y>82</y><time>22-01-21 15:12:44:374</time></pt><pt><x>269</x><y>77</y><time>22-01-21 15:12:45:546</time></pt><pt><x>269</x><y>75</y><time>22-01-21 15:12:45:749</time></pt><pt><x>270</x><y>70</y><time>22-01-21 15:12:46:536</time></pt><pt><x>269</x><y>67</y><time>22-01-21 15:12:46:733</time></pt><pt><x>269</x><y>64</y><time>22-01-21 15:12:46:953</time></pt><pt><x>268</x><y>58</y><time>22-01-21 15:12:47:795</time></pt><pt><x>265</x><y>54</y><time>22-01-21 15:12:48:111</time></pt><pt><x>263</x><y>52</y><time>22-01-21 15:12:48:378</time></pt><pt><x>260</x><y>50</y><time>22-01-21 15:12:48:785</time></pt><pt><x>259</x><y>49</y><time>22-01-21 15:12:49:297</time></pt><closed_date>22-01-21 15:12:50:101</closed_date></polygon></object><object><name>person</name><deleted>0</deleted><verified>0</verified><occluded>no</occluded><attributes></attributes><parts><hasparts></hasparts><ispartof></ispartof></parts><date>22-01-21 15:21:57:193</date><id>2</id><polygon><username>7hao</username><pt><x>539</x><y>96</y><time>22-01-21 15:20:48:331</time></pt><pt><x>542</x><y>95</y><time>22-01-21 15:20:49:337</time></pt><pt><x>546</x><y>97</y><time>22-01-21 15:20:50:084</time></pt><pt><x>547</x><y>99</y><time>22-01-21 15:20:50:456</time></pt><pt><x>549</x><y>104</y><time>22-01-21 15:20:50:893</time></pt><pt><x>550</x><y>107</y><time>22-01-21 15:20:51:240</time></pt><pt><x>551</x><y>110</y><time>22-01-21 15:20:51:454</time></pt><pt><x>550</x><y>115</y><time>22-01-21 15:20:52:058</time></pt><pt><x>549</x><y>118</y><time>22-01-21 15:20:52:505</time></pt><pt><x>548</x><y>120</y><time>22-01-21 15:20:52:719</time></pt><pt><x>548</x><y>123</y><time>22-01-21 15:20:53:002</time></pt><pt><x>549</x><y>124</y><time>22-01-21 15:20:53:363</time></pt><pt><x>550</x><y>125</y><time>22-01-21 15:20:53:608</time></pt><pt><x>551</x><y>128</y><time>22-01-21 15:20:53:830</time></pt><pt><x>552</x><y>129</y><time>22-01-21 15:20:54:081</time></pt><pt><x>555</x><y>130</y><time>22-01-21 15:20:54:307</time></pt><pt><x>556</x><y>132</y><time>22-01-21 15:20:54:552</time></pt><pt><x>558</x><y>134</y><time>22-01-21 15:20:54:818</time></pt><pt><x>560</x><y>137</y><time>22-01-21 15:20:55:322</time></pt><pt><x>561</x><y>140</y><time>22-01-21 15:20:55:778</time></pt><pt><x>563</x><y>159</y><time>22-01-21 15:20:57:360</time></pt><pt><x>563</x><y>167</y><time>22-01-21 15:20:58:547</time></pt><pt><x>564</x><y>174</y><time>22-01-21 15:20:58:846</time></pt><pt><x>565</x><y>181</y><time>22-01-21 15:20:59:151</time></pt><pt><x>565</x><y>184</y><time>22-01-21 15:20:59:428</time></pt><pt><x>563</x><y>185</y><time>22-01-21 15:20:59:773</time></pt><pt><x>562</x><y>187</y><time>22-01-21 15:20:59:994</time></pt><pt><x>564</x><y>190</y><time>22-01-21 15:21:00:420</time></pt><pt><x>565</x><y>197</y><time>22-01-21 15:21:02:047</time></pt><pt><x>565</x><y>200</y><time>22-01-21 15:21:02:330</time></pt><pt><x>564</x><y>203</y><time>22-01-21 15:21:02:550</time></pt><pt><x>564</x><y>207</y><time>22-01-21 15:21:02:777</time></pt><pt><x>564</x><y>211</y><time>22-01-21 15:21:03:030</time></pt><pt><x>564</x><y>215</y><time>22-01-21 15:21:03:257</time></pt><pt><x>563</x><y>218</y><time>22-01-21 15:21:03:510</time></pt><pt><x>560</x><y>219</y><time>22-01-21 15:21:03:786</time></pt><pt><x>559</x><y>220</y><time>22-01-21 15:21:04:015</time></pt><pt><x>559</x><y>224</y><time>22-01-21 15:21:04:242</time></pt><pt><x>559</x><y>228</y><time>22-01-21 15:21:04:689</time></pt><pt><x>556</x><y>232</y><time>22-01-21 15:21:06:076</time></pt><pt><x>552</x><y>236</y><time>22-01-21 15:21:06:366</time></pt><pt><x>550</x><y>238</y><time>22-01-21 15:21:06:621</time></pt><pt><x>549</x><y>240</y><time>22-01-21 15:21:06:932</time></pt><pt><x>549</x><y>244</y><time>22-01-21 15:21:07:254</time></pt><pt><x>549</x><y>257</y><time>22-01-21 15:21:08:812</time></pt><pt><x>550</x><y>260</y><time>22-01-21 15:21:09:064</time></pt><pt><x>551</x><y>264</y><time>22-01-21 15:21:09:284</time></pt><pt><x>552</x><y>267</y><time>22-01-21 15:21:09:498</time></pt><pt><x>554</x><y>271</y><time>22-01-21 15:21:09:874</time></pt><pt><x>554</x><y>273</y><time>22-01-21 15:21:10:171</time></pt><pt><x>554</x><y>274</y><time>22-01-21 15:21:10:329</time></pt><pt><x>556</x><y>276</y><time>22-01-21 15:21:10:606</time></pt><pt><x>558</x><y>278</y><time>22-01-21 15:21:10:975</time></pt><pt><x>558</x><y>280</y><time>22-01-21 15:21:11:327</time></pt><pt><x>556</x><y>282</y><time>22-01-21 15:21:11:762</time></pt><pt><x>551</x><y>282</y><time>22-01-21 15:21:12:179</time></pt><pt><x>548</x><y>282</y><time>22-01-21 15:21:12:484</time></pt><pt><x>544</x><y>280</y><time>22-01-21 15:21:12:767</time></pt><pt><x>543</x><y>279</y><time>22-01-21 15:21:13:003</time></pt><pt><x>543</x><y>276</y><time>22-01-21 15:21:13:224</time></pt><pt><x>543</x><y>273</y><time>22-01-21 15:21:13:476</time></pt><pt><x>543</x><y>272</y><time>22-01-21 15:21:13:569</time></pt><pt><x>544</x><y>270</y><time>22-01-21 15:21:13:861</time></pt><pt><x>544</x><y>268</y><time>22-01-21 15:21:14:263</time></pt><pt><x>541</x><y>260</y><time>22-01-21 15:21:14:647</time></pt><pt><x>540</x><y>258</y><time>22-01-21 15:21:14:915</time></pt><pt><x>538</x><y>254</y><time>22-01-21 15:21:15:165</time></pt><pt><x>537</x><y>252</y><time>22-01-21 15:21:15:386</time></pt><pt><x>536</x><y>251</y><time>22-01-21 15:21:15:616</time></pt><pt><x>534</x><y>253</y><time>22-01-21 15:21:15:923</time></pt><pt><x>532</x><y>255</y><time>22-01-21 15:21:16:190</time></pt><pt><x>531</x><y>258</y><time>22-01-21 15:21:16:488</time></pt><pt><x>529</x><y>259</y><time>22-01-21 15:21:19:390</time></pt><pt><x>529</x><y>258</y><time>22-01-21 15:21:21:977</time></pt><pt><x>529</x><y>247</y><time>22-01-21 15:21:23:693</time></pt><pt><x>529</x><y>246</y><time>22-01-21 15:21:25:078</time></pt><pt><x>531</x><y>241</y><time>22-01-21 15:21:25:457</time></pt><pt><x>533</x><y>238</y><time>22-01-21 15:21:25:888</time></pt><pt><x>535</x><y>235</y><time>22-01-21 15:21:27:674</time></pt><pt><x>536</x><y>232</y><time>22-01-21 15:21:27:933</time></pt><pt><x>536</x><y>229</y><time>22-01-21 15:21:28:169</time></pt><pt><x>536</x><y>225</y><time>22-01-21 15:21:28:419</time></pt><pt><x>536</x><y>221</y><time>22-01-21 15:21:28:663</time></pt><pt><x>533</x><y>215</y><time>22-01-21 15:21:29:060</time></pt><pt><x>530</x><y>205</y><time>22-01-21 15:21:32:785</time></pt><pt><x>529</x><y>204</y><time>22-01-21 15:21:33:139</time></pt><pt><x>529</x><y>201</y><time>22-01-21 15:21:33:335</time></pt><pt><x>529</x><y>199</y><time>22-01-21 15:21:33:745</time></pt><pt><x>530</x><y>198</y><time>22-01-21 15:21:35:829</time></pt><pt><x>532</x><y>199</y><time>22-01-21 15:21:36:791</time></pt><pt><x>534</x><y>199</y><time>22-01-21 15:21:37:457</time></pt><pt><x>536</x><y>196</y><time>22-01-21 15:21:38:473</time></pt><pt><x>537</x><y>191</y><time>22-01-21 15:21:39:849</time></pt><pt><x>537</x><y>185</y><time>22-01-21 15:21:40:726</time></pt><pt><x>539</x><y>180</y><time>22-01-21 15:21:42:265</time></pt><pt><x>542</x><y>165</y><time>22-01-21 15:21:44:004</time></pt><pt><x>541</x><y>143</y><time>22-01-21 15:21:45:427</time></pt><pt><x>541</x><y>140</y><time>22-01-21 15:21:46:119</time></pt><pt><x>537</x><y>122</y><time>22-01-21 15:21:47:418</time></pt><pt><x>533</x><y>110</y><time>22-01-21 15:21:48:635</time></pt><pt><x>533</x><y>106</y><time>22-01-21 15:21:50:201</time></pt><pt><x>530</x><y>103</y><time>22-01-21 15:21:51:238</time></pt><pt><x>532</x><y>99</y><time>22-01-21 15:21:52:404</time></pt><pt><x>535</x><y>98</y><time>22-01-21 15:21:52:774</time></pt><pt><x>537</x><y>96</y><time>22-01-21 15:21:53:127</time></pt><closed_date>22-01-21 15:21:53:624</closed_date></polygon></object></annotation>