<annotation><filename>frame0022.jpg</filename><folder>users/lab605//7hao/human_20210119_4</folder><source><submittedBy>lab605</submittedBy></source><imagesize><nrows>480</nrows><ncols>640</ncols></imagesize><object><name>person</name><deleted>0</deleted><verified>0</verified><occluded>no</occluded><attributes></attributes><parts><hasparts></hasparts><ispartof></ispartof></parts><date>22-01-21 14:49:45:534</date><id>0</id><polygon><username>7hao</username><pt><x>497</x><y>61</y><time>22-01-21 14:47:39:791</time></pt><pt><x>492</x><y>62</y><time>22-01-21 14:47:40:190</time></pt><pt><x>488</x><y>63</y><time>22-01-21 14:47:40:553</time></pt><pt><x>486</x><y>64</y><time>22-01-21 14:47:40:841</time></pt><pt><x>485</x><y>67</y><time>22-01-21 14:47:41:212</time></pt><pt><x>483</x><y>73</y><time>22-01-21 14:47:41:692</time></pt><pt><x>483</x><y>75</y><time>22-01-21 14:47:42:096</time></pt><pt><x>484</x><y>79</y><time>22-01-21 14:47:42:448</time></pt><pt><x>485</x><y>83</y><time>22-01-21 14:47:43:052</time></pt><pt><x>486</x><y>87</y><time>22-01-21 14:47:43:495</time></pt><pt><x>488</x><y>90</y><time>22-01-21 14:47:44:116</time></pt><pt><x>489</x><y>92</y><time>22-01-21 14:47:44:406</time></pt><pt><x>487</x><y>94</y><time>22-01-21 14:47:44:744</time></pt><pt><x>483</x><y>95</y><time>22-01-21 14:47:45:106</time></pt><pt><x>480</x><y>97</y><time>22-01-21 14:47:45:468</time></pt><pt><x>477</x><y>99</y><time>22-01-21 14:47:45:932</time></pt><pt><x>471</x><y>101</y><time>22-01-21 14:47:50:583</time></pt><pt><x>468</x><y>104</y><time>22-01-21 14:47:50:905</time></pt><pt><x>464</x><y>114</y><time>22-01-21 14:47:51:622</time></pt><pt><x>461</x><y>125</y><time>22-01-21 14:47:52:226</time></pt><pt><x>459</x><y>133</y><time>22-01-21 14:47:52:824</time></pt><pt><x>457</x><y>141</y><time>22-01-21 14:47:53:479</time></pt><pt><x>456</x><y>148</y><time>22-01-21 14:47:55:038</time></pt><pt><x>454</x><y>155</y><time>22-01-21 14:47:55:492</time></pt><pt><x>453</x><y>162</y><time>22-01-21 14:47:55:970</time></pt><pt><x>452</x><y>168</y><time>22-01-21 14:47:57:410</time></pt><pt><x>451</x><y>175</y><time>22-01-21 14:47:58:096</time></pt><pt><x>452</x><y>179</y><time>22-01-21 14:47:58:459</time></pt><pt><x>453</x><y>181</y><time>22-01-21 14:47:58:772</time></pt><pt><x>453</x><y>184</y><time>22-01-21 14:47:59:174</time></pt><pt><x>454</x><y>187</y><time>22-01-21 14:47:59:575</time></pt><pt><x>455</x><y>188</y><time>22-01-21 14:48:00:102</time></pt><pt><x>454</x><y>191</y><time>22-01-21 14:48:00:568</time></pt><pt><x>453</x><y>197</y><time>22-01-21 14:48:02:094</time></pt><pt><x>455</x><y>200</y><time>22-01-21 14:48:02:414</time></pt><pt><x>458</x><y>200</y><time>22-01-21 14:48:02:700</time></pt><pt><x>461</x><y>200</y><time>22-01-21 14:48:02:988</time></pt><pt><x>462</x><y>198</y><time>22-01-21 14:48:03:374</time></pt><pt><x>462</x><y>194</y><time>22-01-21 14:48:03:617</time></pt><pt><x>462</x><y>191</y><time>22-01-21 14:48:03:932</time></pt><pt><x>462</x><y>187</y><time>22-01-21 14:48:04:342</time></pt><pt><x>462</x><y>183</y><time>22-01-21 14:48:04:642</time></pt><pt><x>462</x><y>181</y><time>22-01-21 14:48:04:908</time></pt><pt><x>463</x><y>179</y><time>22-01-21 14:48:05:160</time></pt><pt><x>464</x><y>176</y><time>22-01-21 14:48:05:389</time></pt><pt><x>465</x><y>173</y><time>22-01-21 14:48:05:695</time></pt><pt><x>465</x><y>172</y><time>22-01-21 14:48:05:970</time></pt><pt><x>466</x><y>170</y><time>22-01-21 14:48:06:182</time></pt><pt><x>469</x><y>159</y><time>22-01-21 14:48:07:544</time></pt><pt><x>469</x><y>157</y><time>22-01-21 14:48:07:841</time></pt><pt><x>470</x><y>154</y><time>22-01-21 14:48:08:056</time></pt><pt><x>471</x><y>152</y><time>22-01-21 14:48:08:277</time></pt><pt><x>471</x><y>150</y><time>22-01-21 14:48:08:432</time></pt><pt><x>471</x><y>147</y><time>22-01-21 14:48:08:654</time></pt><pt><x>472</x><y>146</y><time>22-01-21 14:48:08:849</time></pt><pt><x>475</x><y>139</y><time>22-01-21 14:48:10:171</time></pt><pt><x>475</x><y>149</y><time>22-01-21 14:48:10:897</time></pt><pt><x>473</x><y>153</y><time>22-01-21 14:48:11:282</time></pt><pt><x>472</x><y>156</y><time>22-01-21 14:48:11:526</time></pt><pt><x>473</x><y>163</y><time>22-01-21 14:48:11:872</time></pt><pt><x>474</x><y>165</y><time>22-01-21 14:48:12:140</time></pt><pt><x>474</x><y>168</y><time>22-01-21 14:48:12:400</time></pt><pt><x>473</x><y>174</y><time>22-01-21 14:48:13:894</time></pt><pt><x>472</x><y>181</y><time>22-01-21 14:48:14:224</time></pt><pt><x>471</x><y>195</y><time>22-01-21 14:48:14:680</time></pt><pt><x>472</x><y>202</y><time>22-01-21 14:48:15:104</time></pt><pt><x>472</x><y>210</y><time>22-01-21 14:48:17:000</time></pt><pt><x>471</x><y>212</y><time>22-01-21 14:48:17:214</time></pt><pt><x>471</x><y>215</y><time>22-01-21 14:48:17:411</time></pt><pt><x>471</x><y>217</y><time>22-01-21 14:48:17:623</time></pt><pt><x>471</x><y>220</y><time>22-01-21 14:48:17:859</time></pt><pt><x>472</x><y>223</y><time>22-01-21 14:48:18:057</time></pt><pt><x>472</x><y>225</y><time>22-01-21 14:48:18:260</time></pt><pt><x>471</x><y>228</y><time>22-01-21 14:48:18:465</time></pt><pt><x>470</x><y>230</y><time>22-01-21 14:48:18:622</time></pt><pt><x>471</x><y>235</y><time>22-01-21 14:48:19:179</time></pt><pt><x>471</x><y>237</y><time>22-01-21 14:48:19:354</time></pt><pt><x>471</x><y>240</y><time>22-01-21 14:48:19:541</time></pt><pt><x>472</x><y>258</y><time>22-01-21 14:48:21:038</time></pt><pt><x>472</x><y>263</y><time>22-01-21 14:48:21:304</time></pt><pt><x>473</x><y>267</y><time>22-01-21 14:48:21:503</time></pt><pt><x>473</x><y>271</y><time>22-01-21 14:48:21:856</time></pt><pt><x>474</x><y>273</y><time>22-01-21 14:48:22:093</time></pt><pt><x>474</x><y>277</y><time>22-01-21 14:48:22:312</time></pt><pt><x>474</x><y>282</y><time>22-01-21 14:48:22:752</time></pt><pt><x>473</x><y>285</y><time>22-01-21 14:48:24:058</time></pt><pt><x>471</x><y>289</y><time>22-01-21 14:48:24:344</time></pt><pt><x>469</x><y>291</y><time>22-01-21 14:48:24:602</time></pt><pt><x>468</x><y>292</y><time>22-01-21 14:48:24:847</time></pt><pt><x>468</x><y>294</y><time>22-01-21 14:48:25:011</time></pt><pt><x>469</x><y>296</y><time>22-01-21 14:48:25:262</time></pt><pt><x>471</x><y>296</y><time>22-01-21 14:48:29:369</time></pt><pt><x>475</x><y>296</y><time>22-01-21 14:48:29:599</time></pt><pt><x>479</x><y>297</y><time>22-01-21 14:48:29:976</time></pt><pt><x>482</x><y>297</y><time>22-01-21 14:48:30:336</time></pt><pt><x>485</x><y>296</y><time>22-01-21 14:48:30:676</time></pt><pt><x>487</x><y>294</y><time>22-01-21 14:48:30:950</time></pt><pt><x>488</x><y>293</y><time>22-01-21 14:48:31:218</time></pt><pt><x>488</x><y>291</y><time>22-01-21 14:48:31:596</time></pt><pt><x>487</x><y>289</y><time>22-01-21 14:48:31:808</time></pt><pt><x>486</x><y>287</y><time>22-01-21 14:48:32:036</time></pt><pt><x>486</x><y>285</y><time>22-01-21 14:48:32:226</time></pt><pt><x>486</x><y>283</y><time>22-01-21 14:48:32:476</time></pt><pt><x>485</x><y>281</y><time>22-01-21 14:48:32:746</time></pt><pt><x>485</x><y>279</y><time>22-01-21 14:48:32:934</time></pt><pt><x>486</x><y>278</y><time>22-01-21 14:48:33:133</time></pt><pt><x>487</x><y>277</y><time>22-01-21 14:48:34:367</time></pt><pt><x>487</x><y>275</y><time>22-01-21 14:48:34:647</time></pt><pt><x>488</x><y>273</y><time>22-01-21 14:48:34:884</time></pt><pt><x>488</x><y>271</y><time>22-01-21 14:48:35:059</time></pt><pt><x>489</x><y>269</y><time>22-01-21 14:48:35:348</time></pt><pt><x>489</x><y>263</y><time>22-01-21 14:48:35:797</time></pt><pt><x>489</x><y>234</y><time>22-01-21 14:48:37:378</time></pt><pt><x>490</x><y>232</y><time>22-01-21 14:48:37:866</time></pt><pt><x>491</x><y>230</y><time>22-01-21 14:48:38:078</time></pt><pt><x>491</x><y>227</y><time>22-01-21 14:48:38:284</time></pt><pt><x>491</x><y>223</y><time>22-01-21 14:48:38:654</time></pt><pt><x>491</x><y>221</y><time>22-01-21 14:48:38:895</time></pt><pt><x>492</x><y>218</y><time>22-01-21 14:48:39:126</time></pt><pt><x>497</x><y>203</y><time>22-01-21 14:48:40:722</time></pt><pt><x>502</x><y>226</y><time>22-01-21 14:48:43:484</time></pt><pt><x>503</x><y>237</y><time>22-01-21 14:48:44:068</time></pt><pt><x>505</x><y>239</y><time>22-01-21 14:48:44:469</time></pt><pt><x>505</x><y>249</y><time>22-01-21 14:48:46:425</time></pt><pt><x>506</x><y>264</y><time>22-01-21 14:48:47:049</time></pt><pt><x>508</x><y>275</y><time>22-01-21 14:48:47:731</time></pt><pt><x>510</x><y>284</y><time>22-01-21 14:48:49:149</time></pt><pt><x>510</x><y>288</y><time>22-01-21 14:48:49:567</time></pt><pt><x>510</x><y>292</y><time>22-01-21 14:48:49:872</time></pt><pt><x>508</x><y>295</y><time>22-01-21 14:48:50:257</time></pt><pt><x>508</x><y>299</y><time>22-01-21 14:48:51:461</time></pt><pt><x>509</x><y>299</y><time>22-01-21 14:48:51:830</time></pt><pt><x>510</x><y>299</y><time>22-01-21 14:48:52:003</time></pt><pt><x>511</x><y>301</y><time>22-01-21 14:48:52:288</time></pt><pt><x>512</x><y>302</y><time>22-01-21 14:48:52:759</time></pt><pt><x>514</x><y>303</y><time>22-01-21 14:48:53:025</time></pt><pt><x>516</x><y>303</y><time>22-01-21 14:48:53:216</time></pt><pt><x>518</x><y>303</y><time>22-01-21 14:48:53:443</time></pt><pt><x>521</x><y>303</y><time>22-01-21 14:48:57:187</time></pt><pt><x>525</x><y>303</y><time>22-01-21 14:48:57:558</time></pt><pt><x>526</x><y>301</y><time>22-01-21 14:48:57:826</time></pt><pt><x>527</x><y>299</y><time>22-01-21 14:48:58:054</time></pt><pt><x>527</x><y>297</y><time>22-01-21 14:48:58:308</time></pt><pt><x>525</x><y>293</y><time>22-01-21 14:48:58:589</time></pt><pt><x>524</x><y>288</y><time>22-01-21 14:48:58:880</time></pt><pt><x>523</x><y>284</y><time>22-01-21 14:48:59:186</time></pt><pt><x>522</x><y>281</y><time>22-01-21 14:48:59:848</time></pt><pt><x>523</x><y>279</y><time>22-01-21 14:49:00:116</time></pt><pt><x>524</x><y>277</y><time>22-01-21 14:49:00:368</time></pt><pt><x>524</x><y>274</y><time>22-01-21 14:49:00:587</time></pt><pt><x>524</x><y>271</y><time>22-01-21 14:49:00:808</time></pt><pt><x>524</x><y>269</y><time>22-01-21 14:49:00:988</time></pt><pt><x>525</x><y>265</y><time>22-01-21 14:49:01:240</time></pt><pt><x>525</x><y>251</y><time>22-01-21 14:49:13:995</time></pt><pt><x>525</x><y>245</y><time>22-01-21 14:49:14:413</time></pt><pt><x>524</x><y>242</y><time>22-01-21 14:49:14:774</time></pt><pt><x>523</x><y>238</y><time>22-01-21 14:49:15:070</time></pt><pt><x>523</x><y>232</y><time>22-01-21 14:49:15:310</time></pt><pt><x>523</x><y>229</y><time>22-01-21 14:49:15:664</time></pt><pt><x>523</x><y>226</y><time>22-01-21 14:49:15:900</time></pt><pt><x>524</x><y>223</y><time>22-01-21 14:49:16:221</time></pt><pt><x>526</x><y>204</y><time>22-01-21 14:49:17:701</time></pt><pt><x>525</x><y>135</y><time>22-01-21 14:49:21:327</time></pt><pt><x>526</x><y>134</y><time>22-01-21 14:49:21:705</time></pt><pt><x>527</x><y>135</y><time>22-01-21 14:49:22:036</time></pt><pt><x>529</x><y>144</y><time>22-01-21 14:49:22:472</time></pt><pt><x>531</x><y>153</y><time>22-01-21 14:49:23:083</time></pt><pt><x>535</x><y>172</y><time>22-01-21 14:49:24:305</time></pt><pt><x>536</x><y>176</y><time>22-01-21 14:49:24:554</time></pt><pt><x>536</x><y>181</y><time>22-01-21 14:49:24:814</time></pt><pt><x>536</x><y>184</y><time>22-01-21 14:49:24:988</time></pt><pt><x>535</x><y>185</y><time>22-01-21 14:49:25:177</time></pt><pt><x>534</x><y>187</y><time>22-01-21 14:49:25:341</time></pt><pt><x>534</x><y>191</y><time>22-01-21 14:49:25:538</time></pt><pt><x>534</x><y>196</y><time>22-01-21 14:49:25:809</time></pt><pt><x>536</x><y>199</y><time>22-01-21 14:49:26:082</time></pt><pt><x>539</x><y>199</y><time>22-01-21 14:49:26:315</time></pt><pt><x>542</x><y>197</y><time>22-01-21 14:49:26:514</time></pt><pt><x>543</x><y>194</y><time>22-01-21 14:49:26:701</time></pt><pt><x>544</x><y>190</y><time>22-01-21 14:49:26:905</time></pt><pt><x>544</x><y>186</y><time>22-01-21 14:49:27:142</time></pt><pt><x>544</x><y>184</y><time>22-01-21 14:49:27:348</time></pt><pt><x>545</x><y>182</y><time>22-01-21 14:49:27:551</time></pt><pt><x>546</x><y>179</y><time>22-01-21 14:49:27:780</time></pt><pt><x>546</x><y>174</y><time>22-01-21 14:49:28:016</time></pt><pt><x>546</x><y>165</y><time>22-01-21 14:49:28:551</time></pt><pt><x>543</x><y>131</y><time>22-01-21 14:49:29:693</time></pt><pt><x>539</x><y>114</y><time>22-01-21 14:49:30:265</time></pt><pt><x>532</x><y>100</y><time>22-01-21 14:49:31:604</time></pt><pt><x>524</x><y>97</y><time>22-01-21 14:49:32:540</time></pt><pt><x>514</x><y>94</y><time>22-01-21 14:49:33:883</time></pt><pt><x>508</x><y>92</y><time>22-01-21 14:49:37:464</time></pt><pt><x>509</x><y>90</y><time>22-01-21 14:49:38:046</time></pt><pt><x>509</x><y>88</y><time>22-01-21 14:49:38:265</time></pt><pt><x>509</x><y>87</y><time>22-01-21 14:49:38:448</time></pt><pt><x>511</x><y>85</y><time>22-01-21 14:49:38:661</time></pt><pt><x>513</x><y>82</y><time>22-01-21 14:49:39:013</time></pt><pt><x>516</x><y>75</y><time>22-01-21 14:49:40:153</time></pt><pt><x>516</x><y>71</y><time>22-01-21 14:49:40:471</time></pt><pt><x>515</x><y>67</y><time>22-01-21 14:49:40:722</time></pt><pt><x>512</x><y>62</y><time>22-01-21 14:49:41:076</time></pt><pt><x>507</x><y>59</y><time>22-01-21 14:49:41:436</time></pt><pt><x>503</x><y>59</y><time>22-01-21 14:49:41:760</time></pt><pt><x>499</x><y>59</y><time>22-01-21 14:49:42:074</time></pt><closed_date>22-01-21 14:49:42:547</closed_date></polygon></object><object><name>person</name><deleted>0</deleted><verified>0</verified><occluded>no</occluded><attributes></attributes><parts><hasparts></hasparts><ispartof></ispartof></parts><date>22-01-21 14:54:52:446</date><id>1</id><polygon><username>7hao</username><pt><x>251</x><y>51</y><time>22-01-21 14:53:08:018</time></pt><pt><x>245</x><y>50</y><time>22-01-21 14:53:08:469</time></pt><pt><x>239</x><y>51</y><time>22-01-21 14:53:08:910</time></pt><pt><x>235</x><y>54</y><time>22-01-21 14:53:09:389</time></pt><pt><x>231</x><y>58</y><time>22-01-21 14:53:09:808</time></pt><pt><x>231</x><y>63</y><time>22-01-21 14:53:10:144</time></pt><pt><x>231</x><y>68</y><time>22-01-21 14:53:10:483</time></pt><pt><x>232</x><y>72</y><time>22-01-21 14:53:10:797</time></pt><pt><x>233</x><y>76</y><time>22-01-21 14:53:11:182</time></pt><pt><x>235</x><y>79</y><time>22-01-21 14:53:11:460</time></pt><pt><x>234</x><y>83</y><time>22-01-21 14:53:11:829</time></pt><pt><x>231</x><y>83</y><time>22-01-21 14:53:12:222</time></pt><pt><x>229</x><y>83</y><time>22-01-21 14:53:12:442</time></pt><pt><x>227</x><y>84</y><time>22-01-21 14:53:12:765</time></pt><pt><x>224</x><y>86</y><time>22-01-21 14:53:13:024</time></pt><pt><x>222</x><y>89</y><time>22-01-21 14:53:16:177</time></pt><pt><x>220</x><y>90</y><time>22-01-21 14:53:16:681</time></pt><pt><x>216</x><y>90</y><time>22-01-21 14:53:17:037</time></pt><pt><x>212</x><y>91</y><time>22-01-21 14:53:17:384</time></pt><pt><x>209</x><y>93</y><time>22-01-21 14:53:17:634</time></pt><pt><x>205</x><y>104</y><time>22-01-21 14:53:18:146</time></pt><pt><x>201</x><y>113</y><time>22-01-21 14:53:18:602</time></pt><pt><x>199</x><y>119</y><time>22-01-21 14:53:19:066</time></pt><pt><x>194</x><y>131</y><time>22-01-21 14:53:21:418</time></pt><pt><x>192</x><y>137</y><time>22-01-21 14:53:21:718</time></pt><pt><x>192</x><y>143</y><time>22-01-21 14:53:21:979</time></pt><pt><x>191</x><y>151</y><time>22-01-21 14:53:22:300</time></pt><pt><x>190</x><y>158</y><time>22-01-21 14:53:22:654</time></pt><pt><x>191</x><y>162</y><time>22-01-21 14:53:23:102</time></pt><pt><x>191</x><y>165</y><time>22-01-21 14:53:23:426</time></pt><pt><x>190</x><y>166</y><time>22-01-21 14:53:23:716</time></pt><pt><x>190</x><y>171</y><time>22-01-21 14:53:24:820</time></pt><pt><x>189</x><y>175</y><time>22-01-21 14:53:25:204</time></pt><pt><x>190</x><y>178</y><time>22-01-21 14:53:25:518</time></pt><pt><x>194</x><y>179</y><time>22-01-21 14:53:25:754</time></pt><pt><x>198</x><y>181</y><time>22-01-21 14:53:26:094</time></pt><pt><x>199</x><y>180</y><time>22-01-21 14:53:26:327</time></pt><pt><x>200</x><y>177</y><time>22-01-21 14:53:26:542</time></pt><pt><x>202</x><y>172</y><time>22-01-21 14:53:26:934</time></pt><pt><x>202</x><y>167</y><time>22-01-21 14:53:27:217</time></pt><pt><x>202</x><y>163</y><time>22-01-21 14:53:27:580</time></pt><pt><x>204</x><y>158</y><time>22-01-21 14:53:27:958</time></pt><pt><x>208</x><y>144</y><time>22-01-21 14:53:28:846</time></pt><pt><x>207</x><y>163</y><time>22-01-21 14:53:29:626</time></pt><pt><x>209</x><y>165</y><time>22-01-21 14:53:30:036</time></pt><pt><x>210</x><y>168</y><time>22-01-21 14:53:30:248</time></pt><pt><x>209</x><y>170</y><time>22-01-21 14:53:30:579</time></pt><pt><x>209</x><y>171</y><time>22-01-21 14:53:30:758</time></pt><pt><x>209</x><y>173</y><time>22-01-21 14:53:30:972</time></pt><pt><x>209</x><y>174</y><time>22-01-21 14:53:31:151</time></pt><pt><x>209</x><y>175</y><time>22-01-21 14:53:31:356</time></pt><pt><x>209</x><y>177</y><time>22-01-21 14:53:31:547</time></pt><pt><x>208</x><y>180</y><time>22-01-21 14:53:31:788</time></pt><pt><x>209</x><y>181</y><time>22-01-21 14:53:31:954</time></pt><pt><x>210</x><y>184</y><time>22-01-21 14:53:32:157</time></pt><pt><x>209</x><y>217</y><time>22-01-21 14:53:33:851</time></pt><pt><x>210</x><y>250</y><time>22-01-21 14:53:35:181</time></pt><pt><x>210</x><y>265</y><time>22-01-21 14:53:35:881</time></pt><pt><x>212</x><y>277</y><time>22-01-21 14:53:37:267</time></pt><pt><x>214</x><y>282</y><time>22-01-21 14:53:37:706</time></pt><pt><x>215</x><y>285</y><time>22-01-21 14:53:37:966</time></pt><pt><x>216</x><y>286</y><time>22-01-21 14:53:39:603</time></pt><pt><x>216</x><y>287</y><time>22-01-21 14:53:39:822</time></pt><pt><x>213</x><y>289</y><time>22-01-21 14:53:40:168</time></pt><pt><x>212</x><y>294</y><time>22-01-21 14:53:40:815</time></pt><pt><x>212</x><y>296</y><time>22-01-21 14:53:41:114</time></pt><pt><x>210</x><y>300</y><time>22-01-21 14:53:42:709</time></pt><pt><x>209</x><y>303</y><time>22-01-21 14:53:42:915</time></pt><pt><x>209</x><y>305</y><time>22-01-21 14:53:43:121</time></pt><pt><x>211</x><y>307</y><time>22-01-21 14:53:43:380</time></pt><pt><x>214</x><y>307</y><time>22-01-21 14:53:43:670</time></pt><pt><x>218</x><y>306</y><time>22-01-21 14:53:43:930</time></pt><pt><x>223</x><y>307</y><time>22-01-21 14:53:47:124</time></pt><pt><x>225</x><y>306</y><time>22-01-21 14:53:47:480</time></pt><pt><x>227</x><y>306</y><time>22-01-21 14:53:47:652</time></pt><pt><x>229</x><y>305</y><time>22-01-21 14:53:47:864</time></pt><pt><x>230</x><y>304</y><time>22-01-21 14:53:48:084</time></pt><pt><x>230</x><y>303</y><time>22-01-21 14:53:48:336</time></pt><pt><x>230</x><y>300</y><time>22-01-21 14:53:48:533</time></pt><pt><x>229</x><y>298</y><time>22-01-21 14:53:48:737</time></pt><pt><x>229</x><y>298</y><time>22-01-21 14:53:48:902</time></pt><pt><x>229</x><y>286</y><time>22-01-21 14:53:50:255</time></pt><pt><x>229</x><y>284</y><time>22-01-21 14:53:50:555</time></pt><pt><x>229</x><y>283</y><time>22-01-21 14:53:50:751</time></pt><pt><x>230</x><y>281</y><time>22-01-21 14:53:50:924</time></pt><pt><x>231</x><y>278</y><time>22-01-21 14:53:51:325</time></pt><pt><x>231</x><y>254</y><time>22-01-21 14:53:52:523</time></pt><pt><x>238</x><y>222</y><time>22-01-21 14:53:53:514</time></pt><pt><x>239</x><y>222</y><time>22-01-21 14:53:54:577</time></pt><pt><x>240</x><y>223</y><time>22-01-21 14:53:54:931</time></pt><pt><x>240</x><y>226</y><time>22-01-21 14:53:55:244</time></pt><pt><x>241</x><y>230</y><time>22-01-21 14:53:55:835</time></pt><pt><x>242</x><y>232</y><time>22-01-21 14:53:56:142</time></pt><pt><x>242</x><y>234</y><time>22-01-21 14:53:56:370</time></pt><pt><x>242</x><y>236</y><time>22-01-21 14:53:56:701</time></pt><pt><x>242</x><y>237</y><time>22-01-21 14:53:57:024</time></pt><pt><x>242</x><y>239</y><time>22-01-21 14:53:57:236</time></pt><pt><x>242</x><y>242</y><time>22-01-21 14:53:57:448</time></pt><pt><x>243</x><y>244</y><time>22-01-21 14:53:57:653</time></pt><pt><x>244</x><y>246</y><time>22-01-21 14:53:57:834</time></pt><pt><x>244</x><y>248</y><time>22-01-21 14:53:58:030</time></pt><pt><x>243</x><y>251</y><time>22-01-21 14:53:58:322</time></pt><pt><x>241</x><y>253</y><time>22-01-21 14:53:58:536</time></pt><pt><x>241</x><y>257</y><time>22-01-21 14:53:58:739</time></pt><pt><x>240</x><y>264</y><time>22-01-21 14:53:59:110</time></pt><pt><x>241</x><y>266</y><time>22-01-21 14:53:59:344</time></pt><pt><x>239</x><y>271</y><time>22-01-21 14:54:00:832</time></pt><pt><x>237</x><y>275</y><time>22-01-21 14:54:01:090</time></pt><pt><x>236</x><y>279</y><time>22-01-21 14:54:01:279</time></pt><pt><x>236</x><y>283</y><time>22-01-21 14:54:01:483</time></pt><pt><x>237</x><y>286</y><time>22-01-21 14:54:01:641</time></pt><pt><x>236</x><y>289</y><time>22-01-21 14:54:01:894</time></pt><pt><x>234</x><y>293</y><time>22-01-21 14:54:02:184</time></pt><pt><x>233</x><y>296</y><time>22-01-21 14:54:02:452</time></pt><pt><x>235</x><y>298</y><time>22-01-21 14:54:02:689</time></pt><pt><x>239</x><y>299</y><time>22-01-21 14:54:02:980</time></pt><pt><x>243</x><y>299</y><time>22-01-21 14:54:03:246</time></pt><pt><x>248</x><y>301</y><time>22-01-21 14:54:03:658</time></pt><pt><x>250</x><y>302</y><time>22-01-21 14:54:03:900</time></pt><pt><x>254</x><y>303</y><time>22-01-21 14:54:04:182</time></pt><pt><x>261</x><y>305</y><time>22-01-21 14:54:07:630</time></pt><pt><x>267</x><y>306</y><time>22-01-21 14:54:08:024</time></pt><pt><x>270</x><y>304</y><time>22-01-21 14:54:08:305</time></pt><pt><x>270</x><y>298</y><time>22-01-21 14:54:09:047</time></pt><pt><x>268</x><y>296</y><time>22-01-21 14:54:09:400</time></pt><pt><x>265</x><y>295</y><time>22-01-21 14:54:09:676</time></pt><pt><x>260</x><y>292</y><time>22-01-21 14:54:10:023</time></pt><pt><x>258</x><y>290</y><time>22-01-21 14:54:10:336</time></pt><pt><x>257</x><y>287</y><time>22-01-21 14:54:10:557</time></pt><pt><x>255</x><y>285</y><time>22-01-21 14:54:10:893</time></pt><pt><x>257</x><y>282</y><time>22-01-21 14:54:11:233</time></pt><pt><x>262</x><y>279</y><time>22-01-21 14:54:11:745</time></pt><pt><x>264</x><y>272</y><time>22-01-21 14:54:12:130</time></pt><pt><x>266</x><y>266</y><time>22-01-21 14:54:12:516</time></pt><pt><x>267</x><y>263</y><time>22-01-21 14:54:12:924</time></pt><pt><x>268</x><y>233</y><time>22-01-21 14:54:14:151</time></pt><pt><x>271</x><y>205</y><time>22-01-21 14:54:15:197</time></pt><pt><x>267</x><y>197</y><time>22-01-21 14:54:15:742</time></pt><pt><x>266</x><y>186</y><time>22-01-21 14:54:17:214</time></pt><pt><x>263</x><y>182</y><time>22-01-21 14:54:17:546</time></pt><pt><x>262</x><y>180</y><time>22-01-21 14:54:17:763</time></pt><pt><x>262</x><y>178</y><time>22-01-21 14:54:17:975</time></pt><pt><x>261</x><y>176</y><time>22-01-21 14:54:18:141</time></pt><pt><x>261</x><y>174</y><time>22-01-21 14:54:18:332</time></pt><pt><x>261</x><y>172</y><time>22-01-21 14:54:18:536</time></pt><pt><x>262</x><y>171</y><time>22-01-21 14:54:18:725</time></pt><pt><x>262</x><y>169</y><time>22-01-21 14:54:18:920</time></pt><pt><x>261</x><y>167</y><time>22-01-21 14:54:19:101</time></pt><pt><x>260</x><y>166</y><time>22-01-21 14:54:19:355</time></pt><pt><x>260</x><y>164</y><time>22-01-21 14:54:19:574</time></pt><pt><x>261</x><y>161</y><time>22-01-21 14:54:20:807</time></pt><pt><x>262</x><y>160</y><time>22-01-21 14:54:20:973</time></pt><pt><x>263</x><y>160</y><time>22-01-21 14:54:21:170</time></pt><pt><x>265</x><y>164</y><time>22-01-21 14:54:21:485</time></pt><pt><x>267</x><y>168</y><time>22-01-21 14:54:21:762</time></pt><pt><x>268</x><y>172</y><time>22-01-21 14:54:21:958</time></pt><pt><x>269</x><y>174</y><time>22-01-21 14:54:22:155</time></pt><pt><x>271</x><y>176</y><time>22-01-21 14:54:22:357</time></pt><pt><x>273</x><y>178</y><time>22-01-21 14:54:22:573</time></pt><pt><x>274</x><y>181</y><time>22-01-21 14:54:22:761</time></pt><pt><x>274</x><y>184</y><time>22-01-21 14:54:22:948</time></pt><pt><x>275</x><y>186</y><time>22-01-21 14:54:23:154</time></pt><pt><x>275</x><y>188</y><time>22-01-21 14:54:23:333</time></pt><pt><x>275</x><y>191</y><time>22-01-21 14:54:23:508</time></pt><pt><x>276</x><y>193</y><time>22-01-21 14:54:23:712</time></pt><pt><x>279</x><y>193</y><time>22-01-21 14:54:24:176</time></pt><pt><x>281</x><y>193</y><time>22-01-21 14:54:24:460</time></pt><pt><x>283</x><y>192</y><time>22-01-21 14:54:24:658</time></pt><pt><x>284</x><y>190</y><time>22-01-21 14:54:24:868</time></pt><pt><x>285</x><y>187</y><time>22-01-21 14:54:25:073</time></pt><pt><x>284</x><y>185</y><time>22-01-21 14:54:25:285</time></pt><pt><x>283</x><y>183</y><time>22-01-21 14:54:25:449</time></pt><pt><x>282</x><y>180</y><time>22-01-21 14:54:25:843</time></pt><pt><x>282</x><y>178</y><time>22-01-21 14:54:26:025</time></pt><pt><x>282</x><y>177</y><time>22-01-21 14:54:26:229</time></pt><pt><x>282</x><y>175</y><time>22-01-21 14:54:26:458</time></pt><pt><x>281</x><y>171</y><time>22-01-21 14:54:26:678</time></pt><pt><x>274</x><y>147</y><time>22-01-21 14:54:28:629</time></pt><pt><x>274</x><y>141</y><time>22-01-21 14:54:28:865</time></pt><pt><x>273</x><y>138</y><time>22-01-21 14:54:29:094</time></pt><pt><x>271</x><y>134</y><time>22-01-21 14:54:29:306</time></pt><pt><x>270</x><y>130</y><time>22-01-21 14:54:29:550</time></pt><pt><x>268</x><y>114</y><time>22-01-21 14:54:30:803</time></pt><pt><x>267</x><y>110</y><time>22-01-21 14:54:31:093</time></pt><pt><x>265</x><y>105</y><time>22-01-21 14:54:31:469</time></pt><pt><x>264</x><y>103</y><time>22-01-21 14:54:31:832</time></pt><pt><x>265</x><y>101</y><time>22-01-21 14:54:32:092</time></pt><pt><x>266</x><y>100</y><time>22-01-21 14:54:32:345</time></pt><pt><x>263</x><y>96</y><time>22-01-21 14:54:33:625</time></pt><pt><x>258</x><y>92</y><time>22-01-21 14:54:34:090</time></pt><pt><x>255</x><y>91</y><time>22-01-21 14:54:34:443</time></pt><pt><x>251</x><y>90</y><time>22-01-21 14:54:34:821</time></pt><pt><x>251</x><y>89</y><time>22-01-21 14:54:39:023</time></pt><pt><x>251</x><y>88</y><time>22-01-21 14:54:39:252</time></pt><pt><x>253</x><y>87</y><time>22-01-21 14:54:39:471</time></pt><pt><x>255</x><y>85</y><time>22-01-21 14:54:40:249</time></pt><pt><x>258</x><y>83</y><time>22-01-21 14:54:40:550</time></pt><pt><x>260</x><y>81</y><time>22-01-21 14:54:40:802</time></pt><pt><x>260</x><y>78</y><time>22-01-21 14:54:40:990</time></pt><pt><x>260</x><y>76</y><time>22-01-21 14:54:41:217</time></pt><pt><x>261</x><y>74</y><time>22-01-21 14:54:41:896</time></pt><pt><x>262</x><y>72</y><time>22-01-21 14:54:42:133</time></pt><pt><x>262</x><y>70</y><time>22-01-21 14:54:42:377</time></pt><pt><x>260</x><y>69</y><time>22-01-21 14:54:42:627</time></pt><pt><x>260</x><y>67</y><time>22-01-21 14:54:45:376</time></pt><pt><x>260</x><y>62</y><time>22-01-21 14:54:46:119</time></pt><pt><x>259</x><y>58</y><time>22-01-21 14:54:46:411</time></pt><pt><x>256</x><y>55</y><time>22-01-21 14:54:46:664</time></pt><pt><x>253</x><y>53</y><time>22-01-21 14:54:46:875</time></pt><closed_date>22-01-21 14:54:47:402</closed_date></polygon></object><object><name>person</name><deleted>0</deleted><verified>0</verified><occluded>no</occluded><attributes></attributes><parts><hasparts></hasparts><ispartof></ispartof></parts><date>22-01-21 14:58:22:802</date><id>2</id><polygon><username>7hao</username><pt><x>529</x><y>241</y><time>22-01-21 14:57:16:965</time></pt><pt><x>530</x><y>246</y><time>22-01-21 14:57:17:579</time></pt><pt><x>531</x><y>250</y><time>22-01-21 14:57:18:021</time></pt><pt><x>533</x><y>253</y><time>22-01-21 14:57:18:381</time></pt><pt><x>536</x><y>257</y><time>22-01-21 14:57:18:728</time></pt><pt><x>538</x><y>264</y><time>22-01-21 14:57:19:300</time></pt><pt><x>540</x><y>267</y><time>22-01-21 14:57:19:946</time></pt><pt><x>541</x><y>270</y><time>22-01-21 14:57:20:355</time></pt><pt><x>538</x><y>272</y><time>22-01-21 14:57:20:640</time></pt><pt><x>539</x><y>277</y><time>22-01-21 14:57:21:440</time></pt><pt><x>540</x><y>280</y><time>22-01-21 14:57:22:745</time></pt><pt><x>543</x><y>281</y><time>22-01-21 14:57:23:000</time></pt><pt><x>547</x><y>282</y><time>22-01-21 14:57:23:572</time></pt><pt><x>549</x><y>282</y><time>22-01-21 14:57:25:398</time></pt><pt><x>552</x><y>281</y><time>22-01-21 14:57:25:720</time></pt><pt><x>553</x><y>280</y><time>22-01-21 14:57:26:143</time></pt><pt><x>553</x><y>277</y><time>22-01-21 14:57:26:452</time></pt><pt><x>553</x><y>275</y><time>22-01-21 14:57:26:721</time></pt><pt><x>551</x><y>273</y><time>22-01-21 14:57:26:948</time></pt><pt><x>550</x><y>271</y><time>22-01-21 14:57:27:169</time></pt><pt><x>549</x><y>269</y><time>22-01-21 14:57:27:365</time></pt><pt><x>547</x><y>267</y><time>22-01-21 14:57:27:592</time></pt><pt><x>546</x><y>265</y><time>22-01-21 14:57:27:804</time></pt><pt><x>544</x><y>262</y><time>22-01-21 14:57:28:019</time></pt><pt><x>543</x><y>257</y><time>22-01-21 14:57:28:276</time></pt><pt><x>543</x><y>254</y><time>22-01-21 14:57:28:504</time></pt><pt><x>543</x><y>250</y><time>22-01-21 14:57:28:780</time></pt><pt><x>541</x><y>238</y><time>22-01-21 14:57:30:126</time></pt><pt><x>540</x><y>234</y><time>22-01-21 14:57:30:355</time></pt><pt><x>540</x><y>232</y><time>22-01-21 14:57:30:534</time></pt><pt><x>542</x><y>229</y><time>22-01-21 14:57:30:734</time></pt><pt><x>543</x><y>225</y><time>22-01-21 14:57:31:062</time></pt><pt><x>543</x><y>223</y><time>22-01-21 14:57:31:566</time></pt><pt><x>542</x><y>221</y><time>22-01-21 14:57:32:629</time></pt><pt><x>543</x><y>218</y><time>22-01-21 14:57:32:809</time></pt><pt><x>544</x><y>216</y><time>22-01-21 14:57:32:998</time></pt><pt><x>545</x><y>211</y><time>22-01-21 14:57:33:344</time></pt><pt><x>546</x><y>208</y><time>22-01-21 14:57:33:548</time></pt><pt><x>549</x><y>203</y><time>22-01-21 14:57:34:690</time></pt><pt><x>550</x><y>200</y><time>22-01-21 14:57:34:848</time></pt><pt><x>551</x><y>198</y><time>22-01-21 14:57:35:005</time></pt><pt><x>550</x><y>194</y><time>22-01-21 14:57:35:176</time></pt><pt><x>549</x><y>191</y><time>22-01-21 14:57:35:376</time></pt><pt><x>549</x><y>190</y><time>22-01-21 14:57:35:569</time></pt><pt><x>550</x><y>190</y><time>22-01-21 14:57:41:441</time></pt><pt><x>552</x><y>185</y><time>22-01-21 14:57:41:888</time></pt><pt><x>550</x><y>176</y><time>22-01-21 14:57:42:597</time></pt><pt><x>551</x><y>169</y><time>22-01-21 14:57:43:024</time></pt><pt><x>550</x><y>151</y><time>22-01-21 14:57:44:060</time></pt><pt><x>549</x><y>145</y><time>22-01-21 14:57:44:376</time></pt><pt><x>548</x><y>141</y><time>22-01-21 14:57:44:588</time></pt><pt><x>546</x><y>139</y><time>22-01-21 14:57:44:857</time></pt><pt><x>545</x><y>141</y><time>22-01-21 14:57:45:658</time></pt><pt><x>546</x><y>150</y><time>22-01-21 14:57:46:492</time></pt><pt><x>547</x><y>155</y><time>22-01-21 14:57:47:090</time></pt><pt><x>547</x><y>160</y><time>22-01-21 14:57:47:615</time></pt><pt><x>547</x><y>172</y><time>22-01-21 14:57:49:138</time></pt><pt><x>547</x><y>179</y><time>22-01-21 14:57:49:749</time></pt><pt><x>546</x><y>184</y><time>22-01-21 14:57:50:381</time></pt><pt><x>545</x><y>186</y><time>22-01-21 14:57:50:970</time></pt><pt><x>545</x><y>189</y><time>22-01-21 14:57:51:472</time></pt><pt><x>545</x><y>193</y><time>22-01-21 14:57:52:008</time></pt><pt><x>544</x><y>196</y><time>22-01-21 14:57:52:574</time></pt><pt><x>543</x><y>199</y><time>22-01-21 14:57:54:157</time></pt><pt><x>541</x><y>199</y><time>22-01-21 14:57:54:674</time></pt><pt><x>537</x><y>200</y><time>22-01-21 14:57:55:422</time></pt><pt><x>535</x><y>199</y><time>22-01-21 14:57:56:090</time></pt><pt><x>533</x><y>196</y><time>22-01-21 14:57:56:777</time></pt><pt><x>533</x><y>190</y><time>22-01-21 14:57:58:726</time></pt><pt><x>533</x><y>186</y><time>22-01-21 14:57:59:489</time></pt><pt><x>534</x><y>183</y><time>22-01-21 14:58:00:063</time></pt><pt><x>535</x><y>181</y><time>22-01-21 14:58:00:591</time></pt><pt><x>535</x><y>176</y><time>22-01-21 14:58:01:212</time></pt><pt><x>533</x><y>170</y><time>22-01-21 14:58:01:883</time></pt><pt><x>528</x><y>145</y><time>22-01-21 14:58:03:275</time></pt><pt><x>527</x><y>138</y><time>22-01-21 14:58:04:287</time></pt><pt><x>526</x><y>138</y><time>22-01-21 14:58:04:919</time></pt><pt><x>526</x><y>141</y><time>22-01-21 14:58:05:935</time></pt><pt><x>527</x><y>204</y><time>22-01-21 14:58:08:774</time></pt><pt><x>525</x><y>223</y><time>22-01-21 14:58:10:465</time></pt><pt><x>524</x><y>227</y><time>22-01-21 14:58:13:928</time></pt><pt><x>523</x><y>231</y><time>22-01-21 14:58:14:887</time></pt><pt><x>524</x><y>234</y><time>22-01-21 14:58:15:641</time></pt><pt><x>524</x><y>237</y><time>22-01-21 14:58:16:309</time></pt><pt><x>524</x><y>240</y><time>22-01-21 14:58:16:948</time></pt><pt><x>525</x><y>242</y><time>22-01-21 14:58:18:717</time></pt><pt><x>528</x><y>242</y><time>22-01-21 14:58:19:434</time></pt><closed_date>22-01-21 14:58:20:081</closed_date></polygon></object><object><name>person</name><deleted>0</deleted><verified>0</verified><occluded>no</occluded><attributes></attributes><parts><hasparts></hasparts><ispartof></ispartof></parts><date>22-01-21 14:58:36:727</date><id>3</id><polygon><username>7hao</username><pt><x>504</x><y>264</y><time>22-01-21 14:58:29:658</time></pt><pt><x>501</x><y>267</y><time>22-01-21 14:58:30:112</time></pt><pt><x>499</x><y>270</y><time>22-01-21 14:58:30:428</time></pt><pt><x>500</x><y>272</y><time>22-01-21 14:58:30:766</time></pt><pt><x>504</x><y>272</y><time>22-01-21 14:58:31:150</time></pt><pt><x>506</x><y>273</y><time>22-01-21 14:58:31:622</time></pt><pt><x>507</x><y>273</y><time>22-01-21 14:58:32:787</time></pt><pt><x>505</x><y>264</y><time>22-01-21 14:58:33:842</time></pt><closed_date>22-01-21 14:58:34:392</closed_date></polygon></object></annotation>