<annotation><filename>frame0061.jpg</filename><folder>users/lab605//7hao/human_20210119_4</folder><source><submittedBy>lab605</submittedBy></source><imagesize><nrows>480</nrows><ncols>640</ncols></imagesize><object><name>person</name><deleted>0</deleted><verified>0</verified><occluded>no</occluded><attributes></attributes><parts><hasparts></hasparts><ispartof></ispartof></parts><date>26-01-21 13:16:16:181</date><id>0</id><polygon><username>7hao</username><pt><x>315</x><y>0</y><time>26-01-21 13:14:29:955</time></pt><pt><x>315</x><y>3</y><time>26-01-21 13:14:31:242</time></pt><pt><x>315</x><y>5</y><time>26-01-21 13:14:31:546</time></pt><pt><x>315</x><y>6</y><time>26-01-21 13:14:31:892</time></pt><pt><x>314</x><y>7</y><time>26-01-21 13:14:32:290</time></pt><pt><x>313</x><y>8</y><time>26-01-21 13:14:32:478</time></pt><pt><x>313</x><y>11</y><time>26-01-21 13:14:32:713</time></pt><pt><x>313</x><y>17</y><time>26-01-21 13:14:33:140</time></pt><pt><x>314</x><y>20</y><time>26-01-21 13:14:33:475</time></pt><pt><x>315</x><y>21</y><time>26-01-21 13:14:33:727</time></pt><pt><x>316</x><y>22</y><time>26-01-21 13:14:41:883</time></pt><pt><x>317</x><y>24</y><time>26-01-21 13:14:42:104</time></pt><pt><x>317</x><y>26</y><time>26-01-21 13:14:42:341</time></pt><pt><x>316</x><y>27</y><time>26-01-21 13:14:42:509</time></pt><pt><x>315</x><y>28</y><time>26-01-21 13:14:42:741</time></pt><pt><x>315</x><y>30</y><time>26-01-21 13:14:42:882</time></pt><pt><x>315</x><y>32</y><time>26-01-21 13:14:43:108</time></pt><pt><x>313</x><y>34</y><time>26-01-21 13:14:43:283</time></pt><pt><x>309</x><y>36</y><time>26-01-21 13:14:43:568</time></pt><pt><x>305</x><y>37</y><time>26-01-21 13:14:43:819</time></pt><pt><x>303</x><y>38</y><time>26-01-21 13:14:43:959</time></pt><pt><x>301</x><y>41</y><time>26-01-21 13:14:44:195</time></pt><pt><x>299</x><y>50</y><time>26-01-21 13:14:44:630</time></pt><pt><x>298</x><y>54</y><time>26-01-21 13:14:44:976</time></pt><pt><x>296</x><y>77</y><time>26-01-21 13:14:46:306</time></pt><pt><x>296</x><y>85</y><time>26-01-21 13:14:46:635</time></pt><pt><x>296</x><y>92</y><time>26-01-21 13:14:46:944</time></pt><pt><x>296</x><y>103</y><time>26-01-21 13:14:47:563</time></pt><pt><x>294</x><y>132</y><time>26-01-21 13:14:48:949</time></pt><pt><x>292</x><y>144</y><time>26-01-21 13:14:49:603</time></pt><pt><x>293</x><y>148</y><time>26-01-21 13:14:49:823</time></pt><pt><x>295</x><y>151</y><time>26-01-21 13:14:50:099</time></pt><pt><x>297</x><y>154</y><time>26-01-21 13:14:50:279</time></pt><pt><x>297</x><y>157</y><time>26-01-21 13:14:50:659</time></pt><pt><x>299</x><y>158</y><time>26-01-21 13:14:50:878</time></pt><pt><x>300</x><y>159</y><time>26-01-21 13:14:51:038</time></pt><pt><x>300</x><y>160</y><time>26-01-21 13:14:51:192</time></pt><pt><x>300</x><y>162</y><time>26-01-21 13:14:51:357</time></pt><pt><x>302</x><y>167</y><time>26-01-21 13:14:53:091</time></pt><pt><x>304</x><y>169</y><time>26-01-21 13:14:53:254</time></pt><pt><x>306</x><y>169</y><time>26-01-21 13:14:53:524</time></pt><pt><x>308</x><y>170</y><time>26-01-21 13:14:53:662</time></pt><pt><x>309</x><y>172</y><time>26-01-21 13:14:53:937</time></pt><pt><x>310</x><y>178</y><time>26-01-21 13:14:54:263</time></pt><pt><x>310</x><y>182</y><time>26-01-21 13:14:54:427</time></pt><pt><x>309</x><y>189</y><time>26-01-21 13:14:54:694</time></pt><pt><x>310</x><y>198</y><time>26-01-21 13:14:57:833</time></pt><pt><x>310</x><y>201</y><time>26-01-21 13:14:58:085</time></pt><pt><x>310</x><y>206</y><time>26-01-21 13:14:58:281</time></pt><pt><x>310</x><y>208</y><time>26-01-21 13:14:58:466</time></pt><pt><x>311</x><y>212</y><time>26-01-21 13:14:58:707</time></pt><pt><x>313</x><y>219</y><time>26-01-21 13:14:59:707</time></pt><pt><x>314</x><y>225</y><time>26-01-21 13:14:59:895</time></pt><pt><x>315</x><y>233</y><time>26-01-21 13:15:00:249</time></pt><pt><x>315</x><y>239</y><time>26-01-21 13:15:00:533</time></pt><pt><x>312</x><y>253</y><time>26-01-21 13:15:01:744</time></pt><pt><x>312</x><y>257</y><time>26-01-21 13:15:02:043</time></pt><pt><x>312</x><y>261</y><time>26-01-21 13:15:02:197</time></pt><pt><x>311</x><y>267</y><time>26-01-21 13:15:03:744</time></pt><pt><x>309</x><y>277</y><time>26-01-21 13:15:04:232</time></pt><pt><x>307</x><y>289</y><time>26-01-21 13:15:04:979</time></pt><pt><x>305</x><y>292</y><time>26-01-21 13:15:05:412</time></pt><pt><x>303</x><y>293</y><time>26-01-21 13:15:05:750</time></pt><pt><x>300</x><y>293</y><time>26-01-21 13:15:05:932</time></pt><pt><x>299</x><y>294</y><time>26-01-21 13:15:06:108</time></pt><pt><x>298</x><y>299</y><time>26-01-21 13:15:06:892</time></pt><pt><x>297</x><y>301</y><time>26-01-21 13:15:07:340</time></pt><pt><x>295</x><y>302</y><time>26-01-21 13:15:07:663</time></pt><pt><x>292</x><y>303</y><time>26-01-21 13:15:07:977</time></pt><pt><x>290</x><y>304</y><time>26-01-21 13:15:08:222</time></pt><pt><x>289</x><y>305</y><time>26-01-21 13:15:08:434</time></pt><pt><x>287</x><y>307</y><time>26-01-21 13:15:08:835</time></pt><pt><x>286</x><y>310</y><time>26-01-21 13:15:09:047</time></pt><pt><x>288</x><y>312</y><time>26-01-21 13:15:09:299</time></pt><pt><x>290</x><y>313</y><time>26-01-21 13:15:09:401</time></pt><pt><x>295</x><y>314</y><time>26-01-21 13:15:09:749</time></pt><pt><x>299</x><y>314</y><time>26-01-21 13:15:10:183</time></pt><pt><x>304</x><y>316</y><time>26-01-21 13:15:11:494</time></pt><pt><x>306</x><y>317</y><time>26-01-21 13:15:11:809</time></pt><pt><x>310</x><y>317</y><time>26-01-21 13:15:12:031</time></pt><pt><x>317</x><y>317</y><time>26-01-21 13:15:12:347</time></pt><pt><x>319</x><y>317</y><time>26-01-21 13:15:12:644</time></pt><pt><x>321</x><y>315</y><time>26-01-21 13:15:12:936</time></pt><pt><x>321</x><y>313</y><time>26-01-21 13:15:13:130</time></pt><pt><x>320</x><y>311</y><time>26-01-21 13:15:13:407</time></pt><pt><x>319</x><y>309</y><time>26-01-21 13:15:13:595</time></pt><pt><x>319</x><y>306</y><time>26-01-21 13:15:13:855</time></pt><pt><x>319</x><y>304</y><time>26-01-21 13:15:14:091</time></pt><pt><x>319</x><y>301</y><time>26-01-21 13:15:14:315</time></pt><pt><x>317</x><y>298</y><time>26-01-21 13:15:14:518</time></pt><pt><x>317</x><y>297</y><time>26-01-21 13:15:14:713</time></pt><pt><x>318</x><y>292</y><time>26-01-21 13:15:14:966</time></pt><pt><x>320</x><y>285</y><time>26-01-21 13:15:15:493</time></pt><pt><x>326</x><y>271</y><time>26-01-21 13:15:16:838</time></pt><pt><x>332</x><y>261</y><time>26-01-21 13:15:19:073</time></pt><pt><x>334</x><y>253</y><time>26-01-21 13:15:19:702</time></pt><pt><x>335</x><y>248</y><time>26-01-21 13:15:19:989</time></pt><pt><x>335</x><y>245</y><time>26-01-21 13:15:20:216</time></pt><pt><x>336</x><y>242</y><time>26-01-21 13:15:20:411</time></pt><pt><x>338</x><y>240</y><time>26-01-21 13:15:20:631</time></pt><pt><x>341</x><y>241</y><time>26-01-21 13:15:20:821</time></pt><pt><x>342</x><y>243</y><time>26-01-21 13:15:21:089</time></pt><pt><x>346</x><y>248</y><time>26-01-21 13:15:21:387</time></pt><pt><x>349</x><y>254</y><time>26-01-21 13:15:21:674</time></pt><pt><x>352</x><y>258</y><time>26-01-21 13:15:21:907</time></pt><pt><x>356</x><y>264</y><time>26-01-21 13:15:22:238</time></pt><pt><x>361</x><y>269</y><time>26-01-21 13:15:22:632</time></pt><pt><x>366</x><y>275</y><time>26-01-21 13:15:22:971</time></pt><pt><x>369</x><y>278</y><time>26-01-21 13:15:23:206</time></pt><pt><x>372</x><y>283</y><time>26-01-21 13:15:23:467</time></pt><pt><x>375</x><y>286</y><time>26-01-21 13:15:23:763</time></pt><pt><x>377</x><y>290</y><time>26-01-21 13:15:24:026</time></pt><pt><x>375</x><y>292</y><time>26-01-21 13:15:25:321</time></pt><pt><x>374</x><y>295</y><time>26-01-21 13:15:25:511</time></pt><pt><x>374</x><y>301</y><time>26-01-21 13:15:25:943</time></pt><pt><x>373</x><y>307</y><time>26-01-21 13:15:26:227</time></pt><pt><x>372</x><y>312</y><time>26-01-21 13:15:26:626</time></pt><pt><x>369</x><y>315</y><time>26-01-21 13:15:26:857</time></pt><pt><x>365</x><y>317</y><time>26-01-21 13:15:27:225</time></pt><pt><x>360</x><y>319</y><time>26-01-21 13:15:27:495</time></pt><pt><x>359</x><y>320</y><time>26-01-21 13:15:27:653</time></pt><pt><x>358</x><y>322</y><time>26-01-21 13:15:27:912</time></pt><pt><x>359</x><y>324</y><time>26-01-21 13:15:28:163</time></pt><pt><x>362</x><y>325</y><time>26-01-21 13:15:28:400</time></pt><pt><x>369</x><y>326</y><time>26-01-21 13:15:28:665</time></pt><pt><x>374</x><y>326</y><time>26-01-21 13:15:34:569</time></pt><pt><x>380</x><y>325</y><time>26-01-21 13:15:34:915</time></pt><pt><x>388</x><y>322</y><time>26-01-21 13:15:35:325</time></pt><pt><x>399</x><y>314</y><time>26-01-21 13:15:35:661</time></pt><pt><x>407</x><y>308</y><time>26-01-21 13:15:36:019</time></pt><pt><x>409</x><y>301</y><time>26-01-21 13:15:36:409</time></pt><pt><x>405</x><y>295</y><time>26-01-21 13:15:36:767</time></pt><pt><x>399</x><y>290</y><time>26-01-21 13:15:37:089</time></pt><pt><x>393</x><y>285</y><time>26-01-21 13:15:37:401</time></pt><pt><x>388</x><y>280</y><time>26-01-21 13:15:37:723</time></pt><pt><x>379</x><y>262</y><time>26-01-21 13:15:39:061</time></pt><pt><x>370</x><y>245</y><time>26-01-21 13:15:39:471</time></pt><pt><x>365</x><y>232</y><time>26-01-21 13:15:39:918</time></pt><pt><x>358</x><y>223</y><time>26-01-21 13:15:41:249</time></pt><pt><x>355</x><y>219</y><time>26-01-21 13:15:41:603</time></pt><pt><x>353</x><y>215</y><time>26-01-21 13:15:41:822</time></pt><pt><x>351</x><y>207</y><time>26-01-21 13:15:42:147</time></pt><pt><x>350</x><y>199</y><time>26-01-21 13:15:46:926</time></pt><pt><x>350</x><y>187</y><time>26-01-21 13:15:47:245</time></pt><pt><x>352</x><y>179</y><time>26-01-21 13:15:47:946</time></pt><pt><x>359</x><y>168</y><time>26-01-21 13:15:48:473</time></pt><pt><x>362</x><y>161</y><time>26-01-21 13:15:51:055</time></pt><pt><x>364</x><y>152</y><time>26-01-21 13:15:51:662</time></pt><pt><x>364</x><y>146</y><time>26-01-21 13:15:51:984</time></pt><pt><x>364</x><y>141</y><time>26-01-21 13:15:52:393</time></pt><pt><x>363</x><y>140</y><time>26-01-21 13:15:52:512</time></pt><pt><x>363</x><y>136</y><time>26-01-21 13:15:52:850</time></pt><pt><x>366</x><y>132</y><time>26-01-21 13:15:53:362</time></pt><pt><x>367</x><y>123</y><time>26-01-21 13:15:55:172</time></pt><pt><x>367</x><y>106</y><time>26-01-21 13:15:55:729</time></pt><pt><x>368</x><y>83</y><time>26-01-21 13:15:56:752</time></pt><pt><x>367</x><y>69</y><time>26-01-21 13:15:57:247</time></pt><pt><x>366</x><y>61</y><time>26-01-21 13:15:57:846</time></pt><pt><x>361</x><y>54</y><time>26-01-21 13:15:58:230</time></pt><pt><x>362</x><y>51</y><time>26-01-21 13:15:58:971</time></pt><pt><x>361</x><y>46</y><time>26-01-21 13:15:59:366</time></pt><pt><x>355</x><y>34</y><time>26-01-21 13:16:00:931</time></pt><pt><x>347</x><y>29</y><time>26-01-21 13:16:01:339</time></pt><pt><x>343</x><y>26</y><time>26-01-21 13:16:02:010</time></pt><pt><x>345</x><y>24</y><time>26-01-21 13:16:02:348</time></pt><pt><x>347</x><y>21</y><time>26-01-21 13:16:02:710</time></pt><pt><x>347</x><y>19</y><time>26-01-21 13:16:03:033</time></pt><pt><x>346</x><y>17</y><time>26-01-21 13:16:03:222</time></pt><pt><x>345</x><y>15</y><time>26-01-21 13:16:03:481</time></pt><pt><x>346</x><y>12</y><time>26-01-21 13:16:03:717</time></pt><pt><x>348</x><y>9</y><time>26-01-21 13:16:03:983</time></pt><pt><x>349</x><y>5</y><time>26-01-21 13:16:07:549</time></pt><pt><x>349</x><y>2</y><time>26-01-21 13:16:07:863</time></pt><pt><x>348</x><y>0</y><time>26-01-21 13:16:08:294</time></pt><pt><x>347</x><y>0</y><time>26-01-21 13:16:10:593</time></pt><closed_date>26-01-21 13:16:12:039</closed_date></polygon></object><object><name>person</name><deleted>0</deleted><verified>0</verified><occluded>no</occluded><attributes></attributes><parts><hasparts></hasparts><ispartof></ispartof></parts><date>26-01-21 13:18:22:675</date><id>1</id><polygon><username>7hao</username><pt><x>369</x><y>71</y><time>26-01-21 13:16:53:770</time></pt><pt><x>371</x><y>72</y><time>26-01-21 13:16:54:198</time></pt><pt><x>373</x><y>73</y><time>26-01-21 13:16:54:526</time></pt><pt><x>376</x><y>75</y><time>26-01-21 13:16:56:778</time></pt><pt><x>378</x><y>76</y><time>26-01-21 13:16:57:116</time></pt><pt><x>379</x><y>76</y><time>26-01-21 13:16:57:314</time></pt><pt><x>381</x><y>77</y><time>26-01-21 13:16:57:666</time></pt><pt><x>381</x><y>79</y><time>26-01-21 13:16:57:950</time></pt><pt><x>380</x><y>80</y><time>26-01-21 13:16:58:138</time></pt><pt><x>379</x><y>81</y><time>26-01-21 13:16:58:352</time></pt><pt><x>379</x><y>83</y><time>26-01-21 13:16:58:500</time></pt><pt><x>380</x><y>85</y><time>26-01-21 13:16:58:727</time></pt><pt><x>381</x><y>87</y><time>26-01-21 13:16:59:050</time></pt><pt><x>381</x><y>89</y><time>26-01-21 13:16:59:242</time></pt><pt><x>381</x><y>90</y><time>26-01-21 13:16:59:375</time></pt><pt><x>381</x><y>93</y><time>26-01-21 13:16:59:664</time></pt><pt><x>381</x><y>94</y><time>26-01-21 13:16:59:824</time></pt><pt><x>381</x><y>96</y><time>26-01-21 13:16:59:990</time></pt><pt><x>379</x><y>97</y><time>26-01-21 13:17:00:145</time></pt><pt><x>378</x><y>98</y><time>26-01-21 13:17:00:429</time></pt><pt><x>376</x><y>102</y><time>26-01-21 13:17:00:632</time></pt><pt><x>375</x><y>107</y><time>26-01-21 13:17:01:010</time></pt><pt><x>373</x><y>108</y><time>26-01-21 13:17:09:894</time></pt><pt><x>373</x><y>109</y><time>26-01-21 13:17:10:054</time></pt><pt><x>374</x><y>113</y><time>26-01-21 13:17:17:519</time></pt><pt><x>377</x><y>118</y><time>26-01-21 13:17:18:016</time></pt><pt><x>378</x><y>124</y><time>26-01-21 13:17:18:510</time></pt><pt><x>380</x><y>128</y><time>26-01-21 13:17:26:773</time></pt><pt><x>380</x><y>131</y><time>26-01-21 13:17:27:019</time></pt><pt><x>380</x><y>134</y><time>26-01-21 13:17:27:166</time></pt><pt><x>380</x><y>143</y><time>26-01-21 13:17:27:779</time></pt><pt><x>380</x><y>149</y><time>26-01-21 13:17:28:181</time></pt><pt><x>380</x><y>154</y><time>26-01-21 13:17:28:511</time></pt><pt><x>381</x><y>162</y><time>26-01-21 13:17:30:280</time></pt><pt><x>383</x><y>168</y><time>26-01-21 13:17:30:785</time></pt><pt><x>386</x><y>179</y><time>26-01-21 13:17:31:565</time></pt><pt><x>388</x><y>185</y><time>26-01-21 13:17:31:912</time></pt><pt><x>390</x><y>188</y><time>26-01-21 13:17:32:194</time></pt><pt><x>391</x><y>191</y><time>26-01-21 13:17:32:501</time></pt><pt><x>390</x><y>195</y><time>26-01-21 13:17:32:908</time></pt><pt><x>387</x><y>199</y><time>26-01-21 13:17:34:451</time></pt><pt><x>384</x><y>199</y><time>26-01-21 13:17:34:712</time></pt><pt><x>382</x><y>199</y><time>26-01-21 13:17:34:915</time></pt><pt><x>381</x><y>201</y><time>26-01-21 13:17:35:106</time></pt><pt><x>380</x><y>212</y><time>26-01-21 13:17:38:841</time></pt><pt><x>378</x><y>217</y><time>26-01-21 13:17:39:337</time></pt><pt><x>378</x><y>223</y><time>26-01-21 13:17:39:879</time></pt><pt><x>378</x><y>230</y><time>26-01-21 13:17:40:533</time></pt><pt><x>378</x><y>235</y><time>26-01-21 13:17:40:998</time></pt><pt><x>377</x><y>240</y><time>26-01-21 13:17:41:477</time></pt><pt><x>373</x><y>246</y><time>26-01-21 13:17:42:227</time></pt><pt><x>372</x><y>247</y><time>26-01-21 13:17:42:744</time></pt><pt><x>366</x><y>232</y><time>26-01-21 13:17:44:428</time></pt><pt><x>363</x><y>228</y><time>26-01-21 13:17:45:489</time></pt><pt><x>356</x><y>219</y><time>26-01-21 13:17:46:646</time></pt><pt><x>353</x><y>213</y><time>26-01-21 13:17:47:330</time></pt><pt><x>352</x><y>206</y><time>26-01-21 13:17:48:077</time></pt><pt><x>351</x><y>197</y><time>26-01-21 13:17:48:928</time></pt><pt><x>351</x><y>186</y><time>26-01-21 13:17:50:244</time></pt><pt><x>353</x><y>180</y><time>26-01-21 13:17:51:015</time></pt><pt><x>355</x><y>176</y><time>26-01-21 13:17:51:776</time></pt><pt><x>361</x><y>166</y><time>26-01-21 13:17:58:849</time></pt><pt><x>363</x><y>159</y><time>26-01-21 13:17:59:991</time></pt><pt><x>365</x><y>152</y><time>26-01-21 13:18:02:006</time></pt><pt><x>365</x><y>145</y><time>26-01-21 13:18:02:713</time></pt><pt><x>365</x><y>140</y><time>26-01-21 13:18:03:343</time></pt><pt><x>364</x><y>139</y><time>26-01-21 13:18:03:783</time></pt><pt><x>364</x><y>137</y><time>26-01-21 13:18:04:096</time></pt><pt><x>366</x><y>134</y><time>26-01-21 13:18:04:537</time></pt><pt><x>367</x><y>131</y><time>26-01-21 13:18:05:042</time></pt><pt><x>367</x><y>128</y><time>26-01-21 13:18:05:679</time></pt><pt><x>368</x><y>104</y><time>26-01-21 13:18:07:144</time></pt><pt><x>368</x><y>95</y><time>26-01-21 13:18:08:102</time></pt><pt><x>369</x><y>83</y><time>26-01-21 13:18:17:056</time></pt><pt><x>369</x><y>79</y><time>26-01-21 13:18:17:890</time></pt><pt><x>368</x><y>71</y><time>26-01-21 13:18:19:337</time></pt><closed_date>26-01-21 13:18:19:918</closed_date></polygon></object><object><name>person</name><deleted>0</deleted><verified>0</verified><occluded>no</occluded><attributes></attributes><parts><hasparts></hasparts><ispartof></ispartof></parts><date>26-01-21 13:19:01:331</date><id>2</id><polygon><username>7hao</username><pt><x>355</x><y>264</y><time>26-01-21 13:18:31:293</time></pt><pt><x>355</x><y>272</y><time>26-01-21 13:18:32:352</time></pt><pt><x>355</x><y>277</y><time>26-01-21 13:18:32:887</time></pt><pt><x>355</x><y>280</y><time>26-01-21 13:18:33:258</time></pt><pt><x>355</x><y>283</y><time>26-01-21 13:18:35:492</time></pt><pt><x>352</x><y>287</y><time>26-01-21 13:18:35:837</time></pt><pt><x>351</x><y>290</y><time>26-01-21 13:18:36:202</time></pt><pt><x>351</x><y>293</y><time>26-01-21 13:18:36:571</time></pt><pt><x>352</x><y>295</y><time>26-01-21 13:18:36:827</time></pt><pt><x>357</x><y>297</y><time>26-01-21 13:18:37:262</time></pt><pt><x>366</x><y>297</y><time>26-01-21 13:18:37:678</time></pt><pt><x>373</x><y>296</y><time>26-01-21 13:18:38:833</time></pt><pt><x>373</x><y>295</y><time>26-01-21 13:18:39:857</time></pt><pt><x>373</x><y>293</y><time>26-01-21 13:18:45:875</time></pt><pt><x>374</x><y>292</y><time>26-01-21 13:18:46:433</time></pt><pt><x>375</x><y>291</y><time>26-01-21 13:18:47:071</time></pt><pt><x>376</x><y>290</y><time>26-01-21 13:18:48:284</time></pt><pt><x>371</x><y>285</y><time>26-01-21 13:18:49:951</time></pt><pt><x>368</x><y>283</y><time>26-01-21 13:18:56:103</time></pt><pt><x>368</x><y>281</y><time>26-01-21 13:18:56:450</time></pt><pt><x>368</x><y>280</y><time>26-01-21 13:18:56:802</time></pt><pt><x>369</x><y>280</y><time>26-01-21 13:18:57:188</time></pt><closed_date>26-01-21 13:18:58:611</closed_date></polygon></object><object><name>person</name><deleted>0</deleted><verified>0</verified><occluded>no</occluded><attributes></attributes><parts><hasparts></hasparts><ispartof></ispartof></parts><date>26-01-21 13:19:41:555</date><id>3</id><polygon><username>7hao</username><pt><x>324</x><y>279</y><time>26-01-21 13:19:11:172</time></pt><pt><x>326</x><y>282</y><time>26-01-21 13:19:11:671</time></pt><pt><x>331</x><y>286</y><time>26-01-21 13:19:12:175</time></pt><pt><x>335</x><y>290</y><time>26-01-21 13:19:12:835</time></pt><pt><x>341</x><y>291</y><time>26-01-21 13:19:13:347</time></pt><pt><x>344</x><y>292</y><time>26-01-21 13:19:13:778</time></pt><pt><x>345</x><y>290</y><time>26-01-21 13:19:14:055</time></pt><pt><x>344</x><y>288</y><time>26-01-21 13:19:14:498</time></pt><pt><x>341</x><y>284</y><time>26-01-21 13:19:14:873</time></pt><pt><x>339</x><y>280</y><time>26-01-21 13:19:15:179</time></pt><pt><x>338</x><y>275</y><time>26-01-21 13:19:15:558</time></pt><pt><x>339</x><y>269</y><time>26-01-21 13:19:15:889</time></pt><pt><x>342</x><y>265</y><time>26-01-21 13:19:16:621</time></pt><pt><x>349</x><y>259</y><time>26-01-21 13:19:17:241</time></pt><pt><x>350</x><y>257</y><time>26-01-21 13:19:18:003</time></pt><pt><x>349</x><y>255</y><time>26-01-21 13:19:22:450</time></pt><pt><x>347</x><y>252</y><time>26-01-21 13:19:23:142</time></pt><pt><x>346</x><y>249</y><time>26-01-21 13:19:23:887</time></pt><pt><x>343</x><y>246</y><time>26-01-21 13:19:24:628</time></pt><pt><x>340</x><y>242</y><time>26-01-21 13:19:25:950</time></pt><pt><x>339</x><y>241</y><time>26-01-21 13:19:26:524</time></pt><pt><x>337</x><y>242</y><time>26-01-21 13:19:27:296</time></pt><pt><x>336</x><y>244</y><time>26-01-21 13:19:27:948</time></pt><pt><x>336</x><y>247</y><time>26-01-21 13:19:28:483</time></pt><pt><x>333</x><y>261</y><time>26-01-21 13:19:32:069</time></pt><pt><x>332</x><y>263</y><time>26-01-21 13:19:33:107</time></pt><pt><x>326</x><y>273</y><time>26-01-21 13:19:34:603</time></pt><pt><x>325</x><y>277</y><time>26-01-21 13:19:35:981</time></pt><pt><x>324</x><y>278</y><time>26-01-21 13:19:36:737</time></pt><closed_date>26-01-21 13:19:39:214</closed_date></polygon></object></annotation>