<annotation><filename>angle0_15.jpg</filename><folder>users/lab605//shoes_new</folder><source><submittedBy>lab605</submittedBy></source><imagesize><nrows>480</nrows><ncols>640</ncols></imagesize><object><name>right_shoe</name><deleted>0</deleted><verified>0</verified><occluded>no</occluded><attributes></attributes><parts><hasparts></hasparts><ispartof></ispartof></parts><date>14-05-20 16:46:56:313</date><id>0</id><polygon><username>lab605</username><pt><x>229</x><y>14</y><time>14-05-20 16:46:00:686</time></pt><pt><x>227</x><y>25</y><time>14-05-20 16:46:01:439</time></pt><pt><x>228</x><y>40</y><time>14-05-20 16:46:04:090</time></pt><pt><x>230</x><y>49</y><time>14-05-20 16:46:05:278</time></pt><pt><x>228</x><y>59</y><time>14-05-20 16:46:06:303</time></pt><pt><x>227</x><y>68</y><time>14-05-20 16:46:06:929</time></pt><pt><x>227</x><y>76</y><time>14-05-20 16:46:07:398</time></pt><pt><x>227</x><y>82</y><time>14-05-20 16:46:08:671</time></pt><pt><x>226</x><y>94</y><time>14-05-20 16:46:09:507</time></pt><pt><x>229</x><y>106</y><time>14-05-20 16:46:10:640</time></pt><pt><x>232</x><y>115</y><time>14-05-20 16:46:11:222</time></pt><pt><x>237</x><y>122</y><time>14-05-20 16:46:12:976</time></pt><pt><x>242</x><y>130</y><time>14-05-20 16:46:13:492</time></pt><pt><x>247</x><y>137</y><time>14-05-20 16:46:14:039</time></pt><pt><x>255</x><y>141</y><time>14-05-20 16:46:14:657</time></pt><pt><x>263</x><y>142</y><time>14-05-20 16:46:15:762</time></pt><pt><x>270</x><y>138</y><time>14-05-20 16:46:16:271</time></pt><pt><x>276</x><y>137</y><time>14-05-20 16:46:17:701</time></pt><pt><x>280</x><y>130</y><time>14-05-20 16:46:18:164</time></pt><pt><x>286</x><y>120</y><time>14-05-20 16:46:18:851</time></pt><pt><x>289</x><y>111</y><time>14-05-20 16:46:19:513</time></pt><pt><x>291</x><y>103</y><time>14-05-20 16:46:20:025</time></pt><pt><x>289</x><y>91</y><time>14-05-20 16:46:20:960</time></pt><pt><x>286</x><y>78</y><time>14-05-20 16:46:22:831</time></pt><pt><x>283</x><y>65</y><time>14-05-20 16:46:34:535</time></pt><pt><x>280</x><y>57</y><time>14-05-20 16:46:35:433</time></pt><pt><x>280</x><y>47</y><time>14-05-20 16:46:36:020</time></pt><pt><x>281</x><y>37</y><time>14-05-20 16:46:36:877</time></pt><pt><x>286</x><y>27</y><time>14-05-20 16:46:37:690</time></pt><pt><x>287</x><y>17</y><time>14-05-20 16:46:39:231</time></pt><pt><x>287</x><y>10</y><time>14-05-20 16:46:39:813</time></pt><pt><x>284</x><y>2</y><time>14-05-20 16:46:40:498</time></pt><pt><x>283</x><y>2</y><time>14-05-20 16:46:43:229</time></pt><closed_date>14-05-20 16:46:44:267</closed_date></polygon></object><object><name>left_shoe</name><deleted>0</deleted><verified>0</verified><occluded>no</occluded><attributes></attributes><parts><hasparts></hasparts><ispartof></ispartof></parts><date>14-05-20 16:47:33:523</date><id>1</id><polygon><username>lab605</username><pt><x>355</x><y>2</y><time>14-05-20 16:46:59:127</time></pt><pt><x>354</x><y>15</y><time>14-05-20 16:46:59:859</time></pt><pt><x>354</x><y>27</y><time>14-05-20 16:47:01:013</time></pt><pt><x>354</x><y>37</y><time>14-05-20 16:47:02:386</time></pt><pt><x>353</x><y>49</y><time>14-05-20 16:47:03:681</time></pt><pt><x>357</x><y>59</y><time>14-05-20 16:47:05:077</time></pt><pt><x>356</x><y>65</y><time>14-05-20 16:47:05:612</time></pt><pt><x>354</x><y>73</y><time>14-05-20 16:47:06:505</time></pt><pt><x>350</x><y>82</y><time>14-05-20 16:47:07:289</time></pt><pt><x>347</x><y>93</y><time>14-05-20 16:47:08:250</time></pt><pt><x>347</x><y>104</y><time>14-05-20 16:47:08:970</time></pt><pt><x>351</x><y>112</y><time>14-05-20 16:47:09:821</time></pt><pt><x>354</x><y>125</y><time>14-05-20 16:47:10:633</time></pt><pt><x>360</x><y>133</y><time>14-05-20 16:47:11:190</time></pt><pt><x>368</x><y>137</y><time>14-05-20 16:47:11:757</time></pt><pt><x>377</x><y>139</y><time>14-05-20 16:47:12:274</time></pt><pt><x>385</x><y>137</y><time>14-05-20 16:47:12:835</time></pt><pt><x>396</x><y>130</y><time>14-05-20 16:47:13:982</time></pt><pt><x>401</x><y>120</y><time>14-05-20 16:47:14:796</time></pt><pt><x>406</x><y>114</y><time>14-05-20 16:47:15:543</time></pt><pt><x>410</x><y>103</y><time>14-05-20 16:47:16:074</time></pt><pt><x>412</x><y>93</y><time>14-05-20 16:47:16:799</time></pt><pt><x>412</x><y>84</y><time>14-05-20 16:47:17:606</time></pt><pt><x>413</x><y>78</y><time>14-05-20 16:47:18:217</time></pt><pt><x>413</x><y>69</y><time>14-05-20 16:47:18:845</time></pt><pt><x>411</x><y>61</y><time>14-05-20 16:47:19:810</time></pt><pt><x>411</x><y>57</y><time>14-05-20 16:47:20:616</time></pt><pt><x>411</x><y>53</y><time>14-05-20 16:47:21:174</time></pt><pt><x>411</x><y>44</y><time>14-05-20 16:47:22:015</time></pt><pt><x>411</x><y>34</y><time>14-05-20 16:47:23:816</time></pt><pt><x>411</x><y>27</y><time>14-05-20 16:47:24:532</time></pt><pt><x>411</x><y>20</y><time>14-05-20 16:47:25:648</time></pt><pt><x>411</x><y>17</y><time>14-05-20 16:47:27:072</time></pt><closed_date>14-05-20 16:47:28:047</closed_date></polygon></object></annotation>