<annotation><filename>angle0_21.jpg</filename><folder>users/lab605//shoes_new</folder><source><submittedBy>lab605</submittedBy></source><imagesize><nrows>480</nrows><ncols>640</ncols></imagesize><object><name>right_shoe</name><deleted>0</deleted><verified>0</verified><occluded>no</occluded><attributes></attributes><parts><hasparts></hasparts><ispartof></ispartof></parts><date>14-05-20 16:17:33:460</date><id>0</id><polygon><username>anonymous</username><pt><x>229</x><y>74</y><time>14-05-20 16:16:07:408</time></pt><pt><x>231</x><y>103</y><time>14-05-20 16:16:11:216</time></pt><pt><x>226</x><y>115</y><time>14-05-20 16:16:13:296</time></pt><pt><x>227</x><y>129</y><time>14-05-20 16:16:15:744</time></pt><pt><x>224</x><y>138</y><time>14-05-20 16:16:18:320</time></pt><pt><x>224</x><y>148</y><time>14-05-20 16:16:19:376</time></pt><pt><x>225</x><y>157</y><time>14-05-20 16:16:20:672</time></pt><pt><x>225</x><y>166</y><time>14-05-20 16:16:21:608</time></pt><pt><x>226</x><y>176</y><time>14-05-20 16:16:45:016</time></pt><pt><x>226</x><y>187</y><time>14-05-20 16:16:45:584</time></pt><pt><x>229</x><y>202</y><time>14-05-20 16:16:46:559</time></pt><pt><x>234</x><y>215</y><time>14-05-20 16:16:47:712</time></pt><pt><x>241</x><y>224</y><time>14-05-20 16:16:49:087</time></pt><pt><x>249</x><y>228</y><time>14-05-20 16:16:51:015</time></pt><pt><x>259</x><y>228</y><time>14-05-20 16:16:51:807</time></pt><pt><x>272</x><y>228</y><time>14-05-20 16:16:52:904</time></pt><pt><x>279</x><y>224</y><time>14-05-20 16:16:53:456</time></pt><pt><x>283</x><y>217</y><time>14-05-20 16:16:54:064</time></pt><pt><x>288</x><y>208</y><time>14-05-20 16:16:54:551</time></pt><pt><x>292</x><y>199</y><time>14-05-20 16:16:55:024</time></pt><pt><x>300</x><y>181</y><time>14-05-20 16:16:55:951</time></pt><pt><x>303</x><y>170</y><time>14-05-20 16:16:56:839</time></pt><pt><x>305</x><y>160</y><time>14-05-20 16:16:57:336</time></pt><pt><x>307</x><y>143</y><time>14-05-20 16:16:57:943</time></pt><pt><x>310</x><y>122</y><time>14-05-20 16:16:59:991</time></pt><pt><x>311</x><y>107</y><time>14-05-20 16:17:01:055</time></pt><pt><x>311</x><y>94</y><time>14-05-20 16:17:02:071</time></pt><pt><x>313</x><y>90</y><time>14-05-20 16:17:02:663</time></pt><pt><x>314</x><y>87</y><time>14-05-20 16:17:03:287</time></pt><pt><x>300</x><y>91</y><time>14-05-20 16:17:06:136</time></pt><pt><x>287</x><y>92</y><time>14-05-20 16:17:06:879</time></pt><pt><x>274</x><y>91</y><time>14-05-20 16:17:07:799</time></pt><pt><x>261</x><y>87</y><time>14-05-20 16:17:09:096</time></pt><pt><x>253</x><y>85</y><time>14-05-20 16:17:09:648</time></pt><pt><x>243</x><y>81</y><time>14-05-20 16:17:10:263</time></pt><pt><x>236</x><y>78</y><time>14-05-20 16:17:10:888</time></pt><pt><x>235</x><y>76</y><time>14-05-20 16:17:12:360</time></pt><closed_date>14-05-20 16:17:14:013</closed_date></polygon></object><object><name>left_shoe</name><deleted>0</deleted><verified>0</verified><occluded>no</occluded><attributes></attributes><parts><hasparts></hasparts><ispartof></ispartof></parts><date>14-05-20 16:18:46:032</date><id>1</id><polygon><username>anonymous</username><pt><x>335</x><y>93</y><time>14-05-20 16:17:59:894</time></pt><pt><x>338</x><y>112</y><time>14-05-20 16:18:01:535</time></pt><pt><x>341</x><y>124</y><time>14-05-20 16:18:02:575</time></pt><pt><x>342</x><y>134</y><time>14-05-20 16:18:03:207</time></pt><pt><x>344</x><y>147</y><time>14-05-20 16:18:03:863</time></pt><pt><x>346</x><y>161</y><time>14-05-20 16:18:04:463</time></pt><pt><x>351</x><y>174</y><time>14-05-20 16:18:05:151</time></pt><pt><x>355</x><y>189</y><time>14-05-20 16:18:06:335</time></pt><pt><x>358</x><y>202</y><time>14-05-20 16:18:07:423</time></pt><pt><x>362</x><y>212</y><time>14-05-20 16:18:08:071</time></pt><pt><x>370</x><y>221</y><time>14-05-20 16:18:08:935</time></pt><pt><x>376</x><y>226</y><time>14-05-20 16:18:09:575</time></pt><pt><x>386</x><y>230</y><time>14-05-20 16:18:10:288</time></pt><pt><x>398</x><y>230</y><time>14-05-20 16:18:11:903</time></pt><pt><x>409</x><y>231</y><time>14-05-20 16:18:13:671</time></pt><pt><x>416</x><y>227</y><time>14-05-20 16:18:14:519</time></pt><pt><x>422</x><y>218</y><time>14-05-20 16:18:15:375</time></pt><pt><x>427</x><y>208</y><time>14-05-20 16:18:16:143</time></pt><pt><x>433</x><y>194</y><time>14-05-20 16:18:17:143</time></pt><pt><x>434</x><y>178</y><time>14-05-20 16:18:17:792</time></pt><pt><x>432</x><y>172</y><time>14-05-20 16:18:21:344</time></pt><pt><x>432</x><y>158</y><time>14-05-20 16:18:22:191</time></pt><pt><x>431</x><y>144</y><time>14-05-20 16:18:23:199</time></pt><pt><x>428</x><y>135</y><time>14-05-20 16:18:23:919</time></pt><pt><x>425</x><y>123</y><time>14-05-20 16:18:24:511</time></pt><pt><x>421</x><y>111</y><time>14-05-20 16:18:25:127</time></pt><pt><x>420</x><y>103</y><time>14-05-20 16:18:25:623</time></pt><pt><x>421</x><y>94</y><time>14-05-20 16:18:26:247</time></pt><pt><x>422</x><y>83</y><time>14-05-20 16:18:26:703</time></pt><pt><x>422</x><y>81</y><time>14-05-20 16:18:27:439</time></pt><pt><x>413</x><y>85</y><time>14-05-20 16:18:28:359</time></pt><pt><x>397</x><y>91</y><time>14-05-20 16:18:29:919</time></pt><pt><x>389</x><y>92</y><time>14-05-20 16:18:30:663</time></pt><pt><x>377</x><y>96</y><time>14-05-20 16:18:31:391</time></pt><pt><x>366</x><y>97</y><time>14-05-20 16:18:32:207</time></pt><pt><x>355</x><y>97</y><time>14-05-20 16:18:33:095</time></pt><pt><x>346</x><y>97</y><time>14-05-20 16:18:33:608</time></pt><pt><x>342</x><y>96</y><time>14-05-20 16:18:34:391</time></pt><closed_date>14-05-20 16:18:35:303</closed_date></polygon></object></annotation>