<annotation><filename>angle0_22.jpg</filename><folder>users/lab605//shoes_new</folder><source><submittedBy>lab605</submittedBy></source><imagesize><nrows>480</nrows><ncols>640</ncols></imagesize><object><name>right_shoe</name><deleted>0</deleted><verified>0</verified><occluded>no</occluded><attributes></attributes><parts><hasparts></hasparts><ispartof></ispartof></parts><date>14-05-20 16:21:30:894</date><id>0</id><polygon><username>anonymous</username><pt><x>207</x><y>99</y><time>14-05-20 16:20:10:797</time></pt><pt><x>220</x><y>108</y><time>14-05-20 16:20:11:854</time></pt><pt><x>226</x><y>119</y><time>14-05-20 16:20:12:430</time></pt><pt><x>231</x><y>129</y><time>14-05-20 16:20:13:102</time></pt><pt><x>239</x><y>139</y><time>14-05-20 16:20:13:662</time></pt><pt><x>244</x><y>150</y><time>14-05-20 16:20:14:262</time></pt><pt><x>249</x><y>162</y><time>14-05-20 16:20:14:886</time></pt><pt><x>250</x><y>173</y><time>14-05-20 16:20:15:478</time></pt><pt><x>249</x><y>190</y><time>14-05-20 16:20:16:878</time></pt><pt><x>251</x><y>203</y><time>14-05-20 16:20:18:166</time></pt><pt><x>249</x><y>220</y><time>14-05-20 16:20:29:206</time></pt><pt><x>248</x><y>229</y><time>14-05-20 16:20:29:798</time></pt><pt><x>246</x><y>242</y><time>14-05-20 16:20:30:278</time></pt><pt><x>246</x><y>259</y><time>14-05-20 16:20:31:566</time></pt><pt><x>247</x><y>278</y><time>14-05-20 16:20:33:254</time></pt><pt><x>250</x><y>287</y><time>14-05-20 16:20:33:886</time></pt><pt><x>255</x><y>302</y><time>14-05-20 16:20:34:506</time></pt><pt><x>257</x><y>314</y><time>14-05-20 16:20:35:118</time></pt><pt><x>257</x><y>324</y><time>14-05-20 16:20:35:966</time></pt><pt><x>257</x><y>336</y><time>14-05-20 16:20:36:446</time></pt><pt><x>250</x><y>351</y><time>14-05-20 16:20:37:758</time></pt><pt><x>249</x><y>364</y><time>14-05-20 16:20:39:726</time></pt><pt><x>246</x><y>374</y><time>14-05-20 16:20:40:326</time></pt><pt><x>245</x><y>384</y><time>14-05-20 16:20:40:942</time></pt><pt><x>239</x><y>393</y><time>14-05-20 16:20:41:686</time></pt><pt><x>232</x><y>398</y><time>14-05-20 16:20:42:582</time></pt><pt><x>225</x><y>403</y><time>14-05-20 16:20:43:414</time></pt><pt><x>213</x><y>408</y><time>14-05-20 16:20:43:934</time></pt><pt><x>204</x><y>409</y><time>14-05-20 16:20:44:462</time></pt><pt><x>193</x><y>407</y><time>14-05-20 16:20:45:150</time></pt><pt><x>185</x><y>404</y><time>14-05-20 16:20:46:542</time></pt><pt><x>180</x><y>398</y><time>14-05-20 16:20:47:086</time></pt><pt><x>174</x><y>390</y><time>14-05-20 16:20:47:926</time></pt><pt><x>169</x><y>383</y><time>14-05-20 16:20:48:566</time></pt><pt><x>164</x><y>378</y><time>14-05-20 16:20:49:182</time></pt><pt><x>161</x><y>368</y><time>14-05-20 16:20:49:926</time></pt><pt><x>158</x><y>360</y><time>14-05-20 16:20:50:774</time></pt><pt><x>152</x><y>350</y><time>14-05-20 16:20:51:710</time></pt><pt><x>149</x><y>338</y><time>14-05-20 16:20:52:838</time></pt><pt><x>147</x><y>327</y><time>14-05-20 16:20:53:934</time></pt><pt><x>148</x><y>313</y><time>14-05-20 16:20:55:638</time></pt><pt><x>147</x><y>301</y><time>14-05-20 16:20:56:134</time></pt><pt><x>147</x><y>291</y><time>14-05-20 16:20:56:774</time></pt><pt><x>147</x><y>280</y><time>14-05-20 16:20:57:294</time></pt><pt><x>147</x><y>266</y><time>14-05-20 16:20:58:374</time></pt><pt><x>151</x><y>258</y><time>14-05-20 16:21:01:982</time></pt><pt><x>153</x><y>247</y><time>14-05-20 16:21:02:758</time></pt><pt><x>153</x><y>235</y><time>14-05-20 16:21:03:326</time></pt><pt><x>153</x><y>222</y><time>14-05-20 16:21:03:806</time></pt><pt><x>152</x><y>212</y><time>14-05-20 16:21:04:846</time></pt><pt><x>150</x><y>200</y><time>14-05-20 16:21:05:398</time></pt><pt><x>150</x><y>181</y><time>14-05-20 16:21:05:822</time></pt><pt><x>151</x><y>175</y><time>14-05-20 16:21:06:478</time></pt><pt><x>163</x><y>165</y><time>14-05-20 16:21:16:854</time></pt><pt><x>173</x><y>147</y><time>14-05-20 16:21:17:582</time></pt><pt><x>185</x><y>132</y><time>14-05-20 16:21:17:998</time></pt><pt><x>192</x><y>124</y><time>14-05-20 16:21:18:494</time></pt><pt><x>201</x><y>114</y><time>14-05-20 16:21:18:878</time></pt><closed_date>14-05-20 16:21:20:126</closed_date></polygon></object><object><name>left_shoe</name><deleted>0</deleted><verified>0</verified><occluded>no</occluded><attributes></attributes><parts><hasparts></hasparts><ispartof></ispartof></parts><date>14-05-20 16:22:49:006</date><id>1</id><polygon><username>anonymous</username><pt><x>291</x><y>108</y><time>14-05-20 16:21:38:316</time></pt><pt><x>282</x><y>119</y><time>14-05-20 16:21:39:725</time></pt><pt><x>273</x><y>129</y><time>14-05-20 16:21:40:757</time></pt><pt><x>269</x><y>133</y><time>14-05-20 16:21:41:333</time></pt><pt><x>264</x><y>141</y><time>14-05-20 16:21:41:845</time></pt><pt><x>259</x><y>151</y><time>14-05-20 16:21:43:341</time></pt><pt><x>257</x><y>162</y><time>14-05-20 16:21:43:973</time></pt><pt><x>254</x><y>174</y><time>14-05-20 16:21:44:613</time></pt><pt><x>257</x><y>188</y><time>14-05-20 16:21:45:293</time></pt><pt><x>259</x><y>204</y><time>14-05-20 16:21:46:045</time></pt><pt><x>262</x><y>216</y><time>14-05-20 16:21:48:438</time></pt><pt><x>263</x><y>227</y><time>14-05-20 16:21:49:797</time></pt><pt><x>266</x><y>236</y><time>14-05-20 16:21:50:445</time></pt><pt><x>266</x><y>248</y><time>14-05-20 16:21:51:053</time></pt><pt><x>268</x><y>260</y><time>14-05-20 16:21:51:605</time></pt><pt><x>269</x><y>273</y><time>14-05-20 16:21:52:149</time></pt><pt><x>271</x><y>287</y><time>14-05-20 16:22:09:037</time></pt><pt><x>268</x><y>300</y><time>14-05-20 16:22:09:685</time></pt><pt><x>264</x><y>313</y><time>14-05-20 16:22:10:189</time></pt><pt><x>263</x><y>322</y><time>14-05-20 16:22:10:677</time></pt><pt><x>266</x><y>334</y><time>14-05-20 16:22:11:109</time></pt><pt><x>264</x><y>343</y><time>14-05-20 16:22:11:965</time></pt><pt><x>266</x><y>351</y><time>14-05-20 16:22:12:517</time></pt><pt><x>268</x><y>358</y><time>14-05-20 16:22:13:061</time></pt><pt><x>273</x><y>370</y><time>14-05-20 16:22:13:749</time></pt><pt><x>277</x><y>383</y><time>14-05-20 16:22:14:381</time></pt><pt><x>286</x><y>393</y><time>14-05-20 16:22:14:941</time></pt><pt><x>296</x><y>404</y><time>14-05-20 16:22:15:653</time></pt><pt><x>313</x><y>407</y><time>14-05-20 16:22:16:453</time></pt><pt><x>323</x><y>405</y><time>14-05-20 16:22:16:941</time></pt><pt><x>332</x><y>403</y><time>14-05-20 16:22:17:677</time></pt><pt><x>341</x><y>398</y><time>14-05-20 16:22:18:085</time></pt><pt><x>347</x><y>386</y><time>14-05-20 16:22:18:781</time></pt><pt><x>351</x><y>378</y><time>14-05-20 16:22:19:245</time></pt><pt><x>355</x><y>367</y><time>14-05-20 16:22:19:789</time></pt><pt><x>358</x><y>356</y><time>14-05-20 16:22:21:045</time></pt><pt><x>364</x><y>347</y><time>14-05-20 16:22:21:533</time></pt><pt><x>366</x><y>335</y><time>14-05-20 16:22:21:957</time></pt><pt><x>367</x><y>328</y><time>14-05-20 16:22:22:517</time></pt><pt><x>365</x><y>318</y><time>14-05-20 16:22:22:861</time></pt><pt><x>365</x><y>300</y><time>14-05-20 16:22:23:517</time></pt><pt><x>362</x><y>288</y><time>14-05-20 16:22:24:285</time></pt><pt><x>361</x><y>272</y><time>14-05-20 16:22:25:341</time></pt><pt><x>360</x><y>261</y><time>14-05-20 16:22:25:893</time></pt><pt><x>357</x><y>253</y><time>14-05-20 16:22:26:341</time></pt><pt><x>357</x><y>240</y><time>14-05-20 16:22:26:789</time></pt><pt><x>357</x><y>231</y><time>14-05-20 16:22:27:349</time></pt><pt><x>355</x><y>216</y><time>14-05-20 16:22:29:133</time></pt><pt><x>351</x><y>201</y><time>14-05-20 16:22:29:581</time></pt><pt><x>353</x><y>193</y><time>14-05-20 16:22:30:333</time></pt><pt><x>351</x><y>181</y><time>14-05-20 16:22:30:901</time></pt><pt><x>351</x><y>175</y><time>14-05-20 16:22:31:637</time></pt><pt><x>338</x><y>167</y><time>14-05-20 16:22:32:549</time></pt><pt><x>329</x><y>158</y><time>14-05-20 16:22:33:037</time></pt><pt><x>323</x><y>150</y><time>14-05-20 16:22:33:741</time></pt><pt><x>315</x><y>140</y><time>14-05-20 16:22:34:357</time></pt><pt><x>308</x><y>130</y><time>14-05-20 16:22:34:893</time></pt><pt><x>302</x><y>123</y><time>14-05-20 16:22:35:445</time></pt><closed_date>14-05-20 16:22:36:317</closed_date></polygon></object></annotation>