<annotation><filename>angle0_33.jpg</filename><folder>users/lab605//shoes_new</folder><source><submittedBy>lab605</submittedBy></source><imagesize><nrows>480</nrows><ncols>640</ncols></imagesize><object><name>right_shoe</name><deleted>0</deleted><verified>0</verified><occluded>no</occluded><attributes></attributes><parts><hasparts></hasparts><ispartof></ispartof></parts><date>14-05-20 16:35:38:871</date><id>0</id><polygon><username>anonymous</username><pt><x>184</x><y>1</y><time>14-05-20 16:34:53:766</time></pt><pt><x>196</x><y>7</y><time>14-05-20 16:34:54:376</time></pt><pt><x>203</x><y>17</y><time>14-05-20 16:34:54:776</time></pt><pt><x>209</x><y>29</y><time>14-05-20 16:34:55:103</time></pt><pt><x>217</x><y>36</y><time>14-05-20 16:34:55:503</time></pt><pt><x>223</x><y>50</y><time>14-05-20 16:34:55:896</time></pt><pt><x>233</x><y>64</y><time>14-05-20 16:34:56:496</time></pt><pt><x>240</x><y>74</y><time>14-05-20 16:34:57:152</time></pt><pt><x>246</x><y>88</y><time>14-05-20 16:34:57:568</time></pt><pt><x>249</x><y>98</y><time>14-05-20 16:34:57:904</time></pt><pt><x>251</x><y>111</y><time>14-05-20 16:34:58:240</time></pt><pt><x>253</x><y>124</y><time>14-05-20 16:34:58:584</time></pt><pt><x>251</x><y>138</y><time>14-05-20 16:34:58:904</time></pt><pt><x>246</x><y>151</y><time>14-05-20 16:34:59:256</time></pt><pt><x>240</x><y>164</y><time>14-05-20 16:34:59:632</time></pt><pt><x>230</x><y>176</y><time>14-05-20 16:34:59:992</time></pt><pt><x>225</x><y>187</y><time>14-05-20 16:35:00:448</time></pt><pt><x>220</x><y>197</y><time>14-05-20 16:35:00:832</time></pt><pt><x>217</x><y>208</y><time>14-05-20 16:35:01:424</time></pt><pt><x>214</x><y>222</y><time>14-05-20 16:35:01:824</time></pt><pt><x>213</x><y>239</y><time>14-05-20 16:35:02:648</time></pt><pt><x>217</x><y>253</y><time>14-05-20 16:35:04:152</time></pt><pt><x>217</x><y>262</y><time>14-05-20 16:35:04:752</time></pt><pt><x>219</x><y>270</y><time>14-05-20 16:35:05:152</time></pt><pt><x>225</x><y>277</y><time>14-05-20 16:35:05:712</time></pt><pt><x>229</x><y>291</y><time>14-05-20 16:35:06:792</time></pt><pt><x>234</x><y>311</y><time>14-05-20 16:35:07:312</time></pt><pt><x>233</x><y>323</y><time>14-05-20 16:35:07:807</time></pt><pt><x>232</x><y>342</y><time>14-05-20 16:35:08:263</time></pt><pt><x>230</x><y>358</y><time>14-05-20 16:35:08:784</time></pt><pt><x>226</x><y>374</y><time>14-05-20 16:35:09:295</time></pt><pt><x>221</x><y>386</y><time>14-05-20 16:35:09:720</time></pt><pt><x>215</x><y>401</y><time>14-05-20 16:35:10:183</time></pt><pt><x>209</x><y>412</y><time>14-05-20 16:35:10:712</time></pt><pt><x>202</x><y>423</y><time>14-05-20 16:35:11:424</time></pt><pt><x>191</x><y>431</y><time>14-05-20 16:35:11:928</time></pt><pt><x>176</x><y>440</y><time>14-05-20 16:35:12:375</time></pt><pt><x>165</x><y>445</y><time>14-05-20 16:35:12:799</time></pt><pt><x>147</x><y>450</y><time>14-05-20 16:35:13:247</time></pt><pt><x>130</x><y>454</y><time>14-05-20 16:35:13:759</time></pt><pt><x>118</x><y>450</y><time>14-05-20 16:35:14:256</time></pt><pt><x>108</x><y>448</y><time>14-05-20 16:35:14:695</time></pt><pt><x>100</x><y>441</y><time>14-05-20 16:35:15:096</time></pt><pt><x>95</x><y>436</y><time>14-05-20 16:35:15:407</time></pt><pt><x>90</x><y>420</y><time>14-05-20 16:35:15:912</time></pt><pt><x>84</x><y>411</y><time>14-05-20 16:35:16:311</time></pt><pt><x>82</x><y>399</y><time>14-05-20 16:35:16:728</time></pt><pt><x>75</x><y>383</y><time>14-05-20 16:35:17:151</time></pt><pt><x>73</x><y>367</y><time>14-05-20 16:35:17:680</time></pt><pt><x>68</x><y>349</y><time>14-05-20 16:35:18:104</time></pt><pt><x>67</x><y>330</y><time>14-05-20 16:35:19:008</time></pt><pt><x>68</x><y>315</y><time>14-05-20 16:35:19:535</time></pt><pt><x>68</x><y>305</y><time>14-05-20 16:35:20:096</time></pt><pt><x>67</x><y>283</y><time>14-05-20 16:35:20:543</time></pt><pt><x>67</x><y>268</y><time>14-05-20 16:35:20:968</time></pt><pt><x>76</x><y>241</y><time>14-05-20 16:35:24:912</time></pt><pt><x>81</x><y>223</y><time>14-05-20 16:35:25:647</time></pt><pt><x>86</x><y>202</y><time>14-05-20 16:35:27:695</time></pt><pt><x>92</x><y>192</y><time>14-05-20 16:35:28:056</time></pt><pt><x>91</x><y>176</y><time>14-05-20 16:35:28:663</time></pt><pt><x>89</x><y>164</y><time>14-05-20 16:35:29:071</time></pt><pt><x>88</x><y>156</y><time>14-05-20 16:35:29:455</time></pt><pt><x>86</x><y>144</y><time>14-05-20 16:35:29:872</time></pt><pt><x>85</x><y>131</y><time>14-05-20 16:35:30:295</time></pt><pt><x>85</x><y>117</y><time>14-05-20 16:35:30:640</time></pt><pt><x>88</x><y>108</y><time>14-05-20 16:35:31:087</time></pt><closed_date>14-05-20 16:35:32:704</closed_date></polygon></object><object><name>left_shoe</name><deleted>0</deleted><verified>0</verified><occluded>no</occluded><attributes></attributes><parts><hasparts></hasparts><ispartof></ispartof></parts><date>14-05-20 16:36:17:743</date><id>1</id><polygon><username>anonymous</username><pt><x>495</x><y>3</y><time>14-05-20 16:35:41:432</time></pt><pt><x>487</x><y>6</y><time>14-05-20 16:35:42:103</time></pt><pt><x>478</x><y>11</y><time>14-05-20 16:35:42:639</time></pt><pt><x>473</x><y>16</y><time>14-05-20 16:35:42:999</time></pt><pt><x>470</x><y>26</y><time>14-05-20 16:35:43:367</time></pt><pt><x>467</x><y>35</y><time>14-05-20 16:35:43:703</time></pt><pt><x>460</x><y>43</y><time>14-05-20 16:35:44:087</time></pt><pt><x>456</x><y>51</y><time>14-05-20 16:35:44:503</time></pt><pt><x>448</x><y>62</y><time>14-05-20 16:35:44:864</time></pt><pt><x>442</x><y>68</y><time>14-05-20 16:35:45:215</time></pt><pt><x>436</x><y>76</y><time>14-05-20 16:35:45:535</time></pt><pt><x>432</x><y>88</y><time>14-05-20 16:35:45:911</time></pt><pt><x>427</x><y>99</y><time>14-05-20 16:35:46:359</time></pt><pt><x>424</x><y>109</y><time>14-05-20 16:35:46:735</time></pt><pt><x>424</x><y>124</y><time>14-05-20 16:35:47:127</time></pt><pt><x>423</x><y>138</y><time>14-05-20 16:35:47:607</time></pt><pt><x>423</x><y>151</y><time>14-05-20 16:35:48:176</time></pt><pt><x>430</x><y>166</y><time>14-05-20 16:35:48:583</time></pt><pt><x>435</x><y>176</y><time>14-05-20 16:35:49:047</time></pt><pt><x>440</x><y>190</y><time>14-05-20 16:35:49:439</time></pt><pt><x>445</x><y>203</y><time>14-05-20 16:35:49:863</time></pt><pt><x>447</x><y>217</y><time>14-05-20 16:35:50:247</time></pt><pt><x>446</x><y>232</y><time>14-05-20 16:35:50:655</time></pt><pt><x>439</x><y>243</y><time>14-05-20 16:35:51:031</time></pt><pt><x>436</x><y>265</y><time>14-05-20 16:35:51:863</time></pt><pt><x>426</x><y>283</y><time>14-05-20 16:35:53:439</time></pt><pt><x>422</x><y>298</y><time>14-05-20 16:35:53:850</time></pt><pt><x>416</x><y>316</y><time>14-05-20 16:35:54:240</time></pt><pt><x>416</x><y>335</y><time>14-05-20 16:35:54:719</time></pt><pt><x>416</x><y>353</y><time>14-05-20 16:35:55:119</time></pt><pt><x>417</x><y>367</y><time>14-05-20 16:35:55:480</time></pt><pt><x>423</x><y>379</y><time>14-05-20 16:35:55:888</time></pt><pt><x>429</x><y>393</y><time>14-05-20 16:35:56:288</time></pt><pt><x>435</x><y>403</y><time>14-05-20 16:35:56:664</time></pt><pt><x>441</x><y>416</y><time>14-05-20 16:35:57:064</time></pt><pt><x>445</x><y>420</y><time>14-05-20 16:35:57:488</time></pt><pt><x>457</x><y>429</y><time>14-05-20 16:35:57:944</time></pt><pt><x>464</x><y>435</y><time>14-05-20 16:35:58:431</time></pt><pt><x>472</x><y>439</y><time>14-05-20 16:35:58:816</time></pt><pt><x>482</x><y>444</y><time>14-05-20 16:35:59:224</time></pt><pt><x>498</x><y>447</y><time>14-05-20 16:35:59:599</time></pt><pt><x>516</x><y>448</y><time>14-05-20 16:36:00:016</time></pt><pt><x>529</x><y>447</y><time>14-05-20 16:36:00:376</time></pt><pt><x>542</x><y>441</y><time>14-05-20 16:36:00:760</time></pt><pt><x>547</x><y>435</y><time>14-05-20 16:36:01:128</time></pt><pt><x>554</x><y>423</y><time>14-05-20 16:36:01:463</time></pt><pt><x>566</x><y>408</y><time>14-05-20 16:36:01:848</time></pt><pt><x>570</x><y>384</y><time>14-05-20 16:36:02:744</time></pt><pt><x>577</x><y>362</y><time>14-05-20 16:36:03:103</time></pt><pt><x>579</x><y>341</y><time>14-05-20 16:36:03:455</time></pt><pt><x>585</x><y>322</y><time>14-05-20 16:36:03:831</time></pt><pt><x>584</x><y>297</y><time>14-05-20 16:36:04:783</time></pt><pt><x>584</x><y>286</y><time>14-05-20 16:36:05:376</time></pt><pt><x>584</x><y>270</y><time>14-05-20 16:36:05:719</time></pt><pt><x>582</x><y>257</y><time>14-05-20 16:36:06:072</time></pt><pt><x>579</x><y>240</y><time>14-05-20 16:36:06:424</time></pt><pt><x>576</x><y>227</y><time>14-05-20 16:36:06:751</time></pt><pt><x>574</x><y>207</y><time>14-05-20 16:36:07:319</time></pt><pt><x>574</x><y>193</y><time>14-05-20 16:36:07:727</time></pt><pt><x>572</x><y>182</y><time>14-05-20 16:36:08:023</time></pt><pt><x>577</x><y>164</y><time>14-05-20 16:36:09:312</time></pt><pt><x>582</x><y>142</y><time>14-05-20 16:36:09:695</time></pt><pt><x>591</x><y>128</y><time>14-05-20 16:36:10:095</time></pt><pt><x>588</x><y>110</y><time>14-05-20 16:36:10:647</time></pt><pt><x>585</x><y>102</y><time>14-05-20 16:36:11:024</time></pt><closed_date>14-05-20 16:36:12:304</closed_date></polygon></object></annotation>