<annotation><filename>angle0_70.jpg</filename><folder>users/lab605//shoes_new</folder><source><submittedBy>lab605</submittedBy></source><imagesize><nrows>480</nrows><ncols>640</ncols></imagesize><object><name>right_shoe</name><deleted>0</deleted><verified>0</verified><occluded>no</occluded><attributes></attributes><parts><hasparts></hasparts><ispartof></ispartof></parts><date>14-05-20 17:02:41:748</date><id>0</id><polygon><username>samliu</username><pt><x>289</x><y>107</y><time>14-05-20 17:02:16:727</time></pt><pt><x>295</x><y>125</y><time>14-05-20 17:02:17:608</time></pt><pt><x>286</x><y>149</y><time>14-05-20 17:02:18:756</time></pt><pt><x>281</x><y>177</y><time>14-05-20 17:02:20:198</time></pt><pt><x>277</x><y>198</y><time>14-05-20 17:02:21:370</time></pt><pt><x>263</x><y>211</y><time>14-05-20 17:02:22:400</time></pt><pt><x>245</x><y>207</y><time>14-05-20 17:02:23:850</time></pt><pt><x>235</x><y>184</y><time>14-05-20 17:02:25:168</time></pt><pt><x>238</x><y>167</y><time>14-05-20 17:02:25:920</time></pt><pt><x>249</x><y>142</y><time>14-05-20 17:02:26:961</time></pt><pt><x>257</x><y>131</y><time>14-05-20 17:02:27:758</time></pt><pt><x>258</x><y>127</y><time>14-05-20 17:02:28:332</time></pt><closed_date>14-05-20 17:02:29:130</closed_date></polygon></object><object><name>left_shoe</name><deleted>0</deleted><verified>0</verified><occluded>no</occluded><attributes></attributes><parts><hasparts></hasparts><ispartof></ispartof></parts><date>14-05-20 17:03:33:707</date><id>1</id><polygon><username>samliu</username><pt><x>358</x><y>129</y><time>14-05-20 17:02:43:969</time></pt><pt><x>358</x><y>152</y><time>14-05-20 17:02:44:633</time></pt><pt><x>363</x><y>179</y><time>14-05-20 17:02:45:997</time></pt><pt><x>364</x><y>191</y><time>14-05-20 17:02:46:609</time></pt><pt><x>347</x><y>212</y><time>14-05-20 17:02:47:518</time></pt><pt><x>336</x><y>215</y><time>14-05-20 17:02:48:231</time></pt><pt><x>320</x><y>197</y><time>14-05-20 17:02:49:045</time></pt><pt><x>319</x><y>181</y><time>14-05-20 17:02:49:533</time></pt><pt><x>324</x><y>167</y><time>14-05-20 17:02:49:999</time></pt><pt><x>325</x><y>148</y><time>14-05-20 17:02:50:501</time></pt><pt><x>322</x><y>139</y><time>14-05-20 17:02:50:999</time></pt><closed_date>14-05-20 17:02:51:983</closed_date></polygon></object></annotation>