<annotation><filename>angle0_63.jpg</filename><folder>users/lab605//shoes_new</folder><source><submittedBy>lab605</submittedBy></source><imagesize><nrows>480</nrows><ncols>640</ncols></imagesize><object><name>right_shoe</name><deleted>0</deleted><verified>0</verified><occluded>no</occluded><attributes></attributes><parts><hasparts></hasparts><ispartof></ispartof></parts><date>14-05-20 16:47:11:844</date><id>0</id><polygon><username>samliu</username><pt><x>301</x><y>68</y><time>14-05-20 16:45:53:384</time></pt><pt><x>315</x><y>106</y><time>14-05-20 16:45:54:390</time></pt><pt><x>319</x><y>155</y><time>14-05-20 16:45:55:328</time></pt><pt><x>325</x><y>207</y><time>14-05-20 16:45:56:336</time></pt><pt><x>327</x><y>315</y><time>14-05-20 16:45:57:600</time></pt><pt><x>319</x><y>358</y><time>14-05-20 16:45:58:615</time></pt><pt><x>299</x><y>384</y><time>14-05-20 16:45:59:522</time></pt><pt><x>251</x><y>378</y><time>14-05-20 16:46:00:934</time></pt><pt><x>213</x><y>347</y><time>14-05-20 16:46:01:873</time></pt><pt><x>195</x><y>295</y><time>14-05-20 16:46:03:191</time></pt><pt><x>190</x><y>253</y><time>14-05-20 16:46:03:981</time></pt><pt><x>194</x><y>210</y><time>14-05-20 16:46:04:687</time></pt><pt><x>197</x><y>167</y><time>14-05-20 16:46:05:609</time></pt><pt><x>201</x><y>132</y><time>14-05-20 16:46:06:307</time></pt><pt><x>206</x><y>102</y><time>14-05-20 16:46:06:913</time></pt><closed_date>14-05-20 16:46:09:852</closed_date></polygon></object><object><name>left_shoe</name><deleted>0</deleted><verified>0</verified><occluded>no</occluded><attributes></attributes><parts><hasparts></hasparts><ispartof></ispartof></parts><date>14-05-20 16:47:53:691</date><id>1</id><polygon><username>samliu</username><pt><x>375</x><y>45</y><time>14-05-20 16:47:13:680</time></pt><pt><x>359</x><y>75</y><time>14-05-20 16:47:14:484</time></pt><pt><x>357</x><y>148</y><time>14-05-20 16:47:15:756</time></pt><pt><x>351</x><y>184</y><time>14-05-20 16:47:16:632</time></pt><pt><x>343</x><y>205</y><time>14-05-20 16:47:17:478</time></pt><pt><x>338</x><y>264</y><time>14-05-20 16:47:19:082</time></pt><pt><x>340</x><y>306</y><time>14-05-20 16:47:20:144</time></pt><pt><x>346</x><y>340</y><time>14-05-20 16:47:21:293</time></pt><pt><x>348</x><y>358</y><time>14-05-20 16:47:22:510</time></pt><pt><x>361</x><y>377</y><time>14-05-20 16:47:23:548</time></pt><pt><x>383</x><y>386</y><time>14-05-20 16:47:24:346</time></pt><pt><x>411</x><y>388</y><time>14-05-20 16:47:25:300</time></pt><pt><x>433</x><y>377</y><time>14-05-20 16:47:26:138</time></pt><pt><x>455</x><y>357</y><time>14-05-20 16:47:27:348</time></pt><pt><x>468</x><y>336</y><time>14-05-20 16:47:28:076</time></pt><pt><x>478</x><y>307</y><time>14-05-20 16:47:29:192</time></pt><pt><x>483</x><y>278</y><time>14-05-20 16:47:29:898</time></pt><pt><x>480</x><y>238</y><time>14-05-20 16:47:30:836</time></pt><pt><x>478</x><y>201</y><time>14-05-20 16:47:32:085</time></pt><pt><x>472</x><y>155</y><time>14-05-20 16:47:33:108</time></pt><pt><x>471</x><y>133</y><time>14-05-20 16:47:33:876</time></pt><pt><x>475</x><y>109</y><time>14-05-20 16:47:34:596</time></pt><pt><x>465</x><y>82</y><time>14-05-20 16:47:35:658</time></pt><closed_date>14-05-20 16:47:36:868</closed_date></polygon></object></annotation>