<annotation><filename>angle0_75.jpg</filename><folder>users/lab605//shoes_new</folder><source><submittedBy>lab605</submittedBy></source><imagesize><nrows>480</nrows><ncols>640</ncols></imagesize><object><name>right_shoe</name><deleted>0</deleted><verified>0</verified><occluded>no</occluded><attributes></attributes><parts><hasparts></hasparts><ispartof></ispartof></parts><date>14-05-20 17:07:51:357</date><id>0</id><polygon><username>samliu</username><pt><x>224</x><y>251</y><time>14-05-20 17:07:31:610</time></pt><pt><x>235</x><y>266</y><time>14-05-20 17:07:32:290</time></pt><pt><x>242</x><y>286</y><time>14-05-20 17:07:32:903</time></pt><pt><x>237</x><y>307</y><time>14-05-20 17:07:33:552</time></pt><pt><x>232</x><y>326</y><time>14-05-20 17:07:34:142</time></pt><pt><x>230</x><y>345</y><time>14-05-20 17:07:34:740</time></pt><pt><x>234</x><y>368</y><time>14-05-20 17:07:35:736</time></pt><pt><x>240</x><y>386</y><time>14-05-20 17:07:36:414</time></pt><pt><x>235</x><y>411</y><time>14-05-20 17:07:37:126</time></pt><pt><x>226</x><y>431</y><time>14-05-20 17:07:37:794</time></pt><pt><x>214</x><y>443</y><time>14-05-20 17:07:38:522</time></pt><pt><x>194</x><y>446</y><time>14-05-20 17:07:39:305</time></pt><pt><x>180</x><y>437</y><time>14-05-20 17:07:39:994</time></pt><pt><x>169</x><y>415</y><time>14-05-20 17:07:40:732</time></pt><pt><x>163</x><y>382</y><time>14-05-20 17:07:41:522</time></pt><pt><x>169</x><y>350</y><time>14-05-20 17:07:42:436</time></pt><pt><x>171</x><y>332</y><time>14-05-20 17:07:43:048</time></pt><pt><x>174</x><y>314</y><time>14-05-20 17:07:43:568</time></pt><pt><x>172</x><y>292</y><time>14-05-20 17:07:44:142</time></pt><pt><x>175</x><y>282</y><time>14-05-20 17:07:44:630</time></pt><closed_date>14-05-20 17:07:45:320</closed_date></polygon></object><object><name>left_shoe</name><deleted>0</deleted><verified>0</verified><occluded>no</occluded><attributes></attributes><parts><hasparts></hasparts><ispartof></ispartof></parts><date>14-05-20 17:08:14:971</date><id>1</id><polygon><username>samliu</username><pt><x>333</x><y>244</y><time>14-05-20 17:07:52:276</time></pt><pt><x>327</x><y>260</y><time>14-05-20 17:07:52:988</time></pt><pt><x>321</x><y>267</y><time>14-05-20 17:07:53:522</time></pt><pt><x>317</x><y>279</y><time>14-05-20 17:07:54:050</time></pt><pt><x>320</x><y>310</y><time>14-05-20 17:07:54:786</time></pt><pt><x>325</x><y>333</y><time>14-05-20 17:07:55:538</time></pt><pt><x>317</x><y>361</y><time>14-05-20 17:07:56:492</time></pt><pt><x>310</x><y>385</y><time>14-05-20 17:07:57:484</time></pt><pt><x>312</x><y>413</y><time>14-05-20 17:07:58:406</time></pt><pt><x>321</x><y>427</y><time>14-05-20 17:07:59:072</time></pt><pt><x>338</x><y>437</y><time>14-05-20 17:08:00:724</time></pt><pt><x>355</x><y>434</y><time>14-05-20 17:08:01:314</time></pt><pt><x>368</x><y>418</y><time>14-05-20 17:08:01:918</time></pt><pt><x>374</x><y>406</y><time>14-05-20 17:08:02:468</time></pt><pt><x>379</x><y>385</y><time>14-05-20 17:08:03:104</time></pt><pt><x>381</x><y>359</y><time>14-05-20 17:08:03:778</time></pt><pt><x>374</x><y>332</y><time>14-05-20 17:08:04:306</time></pt><pt><x>376</x><y>299</y><time>14-05-20 17:08:05:290</time></pt><pt><x>375</x><y>286</y><time>14-05-20 17:08:05:739</time></pt><pt><x>372</x><y>277</y><time>14-05-20 17:08:07:670</time></pt><closed_date>14-05-20 17:08:08:414</closed_date></polygon></object></annotation>