<annotation><filename>angle0_87.jpg</filename><folder>users/lab605//shoes_new</folder><source><submittedBy>lab605</submittedBy></source><imagesize><nrows>480</nrows><ncols>640</ncols></imagesize><object><name>right_shoe</name><deleted>0</deleted><verified>0</verified><occluded>no</occluded><attributes></attributes><parts><hasparts></hasparts><ispartof></ispartof></parts><date>14-05-20 17:25:28:459</date><id>0</id><polygon><username>lab605</username><pt><x>250</x><y>125</y><time>14-05-20 17:24:56:344</time></pt><pt><x>245</x><y>142</y><time>14-05-20 17:24:56:973</time></pt><pt><x>242</x><y>161</y><time>14-05-20 17:24:57:708</time></pt><pt><x>238</x><y>179</y><time>14-05-20 17:24:58:434</time></pt><pt><x>232</x><y>195</y><time>14-05-20 17:24:59:216</time></pt><pt><x>231</x><y>215</y><time>14-05-20 17:24:59:790</time></pt><pt><x>231</x><y>234</y><time>14-05-20 17:25:00:797</time></pt><pt><x>237</x><y>251</y><time>14-05-20 17:25:01:597</time></pt><pt><x>246</x><y>263</y><time>14-05-20 17:25:02:256</time></pt><pt><x>257</x><y>269</y><time>14-05-20 17:25:02:893</time></pt><pt><x>272</x><y>276</y><time>14-05-20 17:25:03:601</time></pt><pt><x>284</x><y>276</y><time>14-05-20 17:25:04:119</time></pt><pt><x>292</x><y>275</y><time>14-05-20 17:25:04:587</time></pt><pt><x>297</x><y>272</y><time>14-05-20 17:25:05:102</time></pt><pt><x>303</x><y>263</y><time>14-05-20 17:25:05:695</time></pt><pt><x>305</x><y>250</y><time>14-05-20 17:25:06:332</time></pt><pt><x>307</x><y>237</y><time>14-05-20 17:25:07:011</time></pt><pt><x>307</x><y>215</y><time>14-05-20 17:25:08:099</time></pt><pt><x>309</x><y>200</y><time>14-05-20 17:25:08:946</time></pt><pt><x>307</x><y>179</y><time>14-05-20 17:25:09:825</time></pt><pt><x>306</x><y>166</y><time>14-05-20 17:25:10:664</time></pt><pt><x>309</x><y>147</y><time>14-05-20 17:25:11:619</time></pt><pt><x>308</x><y>134</y><time>14-05-20 17:25:12:340</time></pt><pt><x>309</x><y>118</y><time>14-05-20 17:25:17:538</time></pt><pt><x>309</x><y>107</y><time>14-05-20 17:25:18:421</time></pt><pt><x>308</x><y>98</y><time>14-05-20 17:25:19:174</time></pt><pt><x>305</x><y>93</y><time>14-05-20 17:25:19:741</time></pt><pt><x>302</x><y>86</y><time>14-05-20 17:25:20:240</time></pt><pt><x>299</x><y>81</y><time>14-05-20 17:25:20:721</time></pt><pt><x>294</x><y>80</y><time>14-05-20 17:25:21:359</time></pt><closed_date>14-05-20 17:25:22:371</closed_date></polygon></object><object><name>left_shoe</name><deleted>0</deleted><verified>0</verified><occluded>no</occluded><attributes></attributes><parts><hasparts></hasparts><ispartof></ispartof></parts><date>14-05-20 17:26:06:647</date><id>1</id><polygon><username>lab605</username><pt><x>344</x><y>85</y><time>14-05-20 17:25:31:220</time></pt><pt><x>335</x><y>91</y><time>14-05-20 17:25:32:107</time></pt><pt><x>332</x><y>101</y><time>14-05-20 17:25:32:655</time></pt><pt><x>332</x><y>113</y><time>14-05-20 17:25:33:194</time></pt><pt><x>332</x><y>125</y><time>14-05-20 17:25:33:729</time></pt><pt><x>332</x><y>143</y><time>14-05-20 17:25:34:869</time></pt><pt><x>330</x><y>158</y><time>14-05-20 17:25:35:757</time></pt><pt><x>328</x><y>174</y><time>14-05-20 17:25:37:270</time></pt><pt><x>328</x><y>184</y><time>14-05-20 17:25:37:800</time></pt><pt><x>328</x><y>196</y><time>14-05-20 17:25:38:383</time></pt><pt><x>326</x><y>208</y><time>14-05-20 17:25:38:823</time></pt><pt><x>325</x><y>218</y><time>14-05-20 17:25:39:208</time></pt><pt><x>325</x><y>227</y><time>14-05-20 17:25:39:573</time></pt><pt><x>327</x><y>240</y><time>14-05-20 17:25:40:232</time></pt><pt><x>326</x><y>247</y><time>14-05-20 17:25:40:941</time></pt><pt><x>328</x><y>263</y><time>14-05-20 17:25:41:715</time></pt><pt><x>330</x><y>272</y><time>14-05-20 17:25:42:356</time></pt><pt><x>335</x><y>275</y><time>14-05-20 17:25:42:860</time></pt><pt><x>352</x><y>278</y><time>14-05-20 17:25:43:760</time></pt><pt><x>360</x><y>277</y><time>14-05-20 17:25:44:297</time></pt><pt><x>369</x><y>273</y><time>14-05-20 17:25:44:869</time></pt><pt><x>376</x><y>268</y><time>14-05-20 17:25:45:489</time></pt><pt><x>380</x><y>263</y><time>14-05-20 17:25:45:997</time></pt><pt><x>386</x><y>259</y><time>14-05-20 17:25:46:510</time></pt><pt><x>389</x><y>253</y><time>14-05-20 17:25:47:159</time></pt><pt><x>394</x><y>246</y><time>14-05-20 17:25:47:720</time></pt><pt><x>397</x><y>238</y><time>14-05-20 17:25:48:239</time></pt><pt><x>399</x><y>232</y><time>14-05-20 17:25:48:766</time></pt><pt><x>399</x><y>221</y><time>14-05-20 17:25:49:282</time></pt><pt><x>399</x><y>217</y><time>14-05-20 17:25:49:822</time></pt><pt><x>399</x><y>208</y><time>14-05-20 17:25:50:355</time></pt><pt><x>398</x><y>201</y><time>14-05-20 17:25:50:853</time></pt><pt><x>401</x><y>195</y><time>14-05-20 17:25:52:041</time></pt><pt><x>399</x><y>185</y><time>14-05-20 17:25:52:565</time></pt><pt><x>397</x><y>182</y><time>14-05-20 17:25:52:994</time></pt><pt><x>395</x><y>175</y><time>14-05-20 17:25:53:552</time></pt><pt><x>393</x><y>166</y><time>14-05-20 17:25:54:776</time></pt><pt><x>397</x><y>160</y><time>14-05-20 17:25:55:656</time></pt><pt><x>397</x><y>150</y><time>14-05-20 17:25:56:222</time></pt><pt><x>395</x><y>144</y><time>14-05-20 17:25:56:815</time></pt><pt><x>394</x><y>140</y><time>14-05-20 17:25:57:434</time></pt><pt><x>392</x><y>137</y><time>14-05-20 17:25:57:890</time></pt><pt><x>388</x><y>127</y><time>14-05-20 17:25:58:791</time></pt><pt><x>385</x><y>125</y><time>14-05-20 17:25:59:384</time></pt><closed_date>14-05-20 17:26:00:287</closed_date></polygon></object></annotation>