<annotation><filename>angle0_74.jpg</filename><folder>users/lab605//shoes_new</folder><source><submittedBy>lab605</submittedBy></source><imagesize><nrows>480</nrows><ncols>640</ncols></imagesize><object><name>right_shoe</name><deleted>0</deleted><verified>0</verified><occluded>no</occluded><attributes></attributes><parts><hasparts/><ispartof/></parts><date>14-05-20 17:06:57:072</date><id>0</id><polygon><username>samliu</username><pt><x>275</x><y>67</y><time>14-05-20 17:06:17:416</time></pt><pt><x>286</x><y>108</y><time>14-05-20 17:06:18:222</time></pt><pt><x>276</x><y>141</y><time>14-05-20 17:06:19:570</time></pt><pt><x>266</x><y>186</y><time>14-05-20 17:06:20:982</time></pt><pt><x>260</x><y>220</y><time>14-05-20 17:06:22:190</time></pt><pt><x>256</x><y>251</y><time>14-05-20 17:06:22:912</time></pt><pt><x>244</x><y>288</y><time>14-05-20 17:06:24:346</time></pt><pt><x>227</x><y>312</y><time>14-05-20 17:06:32:365</time></pt><pt><x>202</x><y>323</y><time>14-05-20 17:06:33:466</time></pt><pt><x>172</x><y>309</y><time>14-05-20 17:06:34:590</time></pt><pt><x>161</x><y>279</y><time>14-05-20 17:06:35:520</time></pt><pt><x>161</x><y>240</y><time>14-05-20 17:06:36:552</time></pt><pt><x>167</x><y>220</y><time>14-05-20 17:06:37:258</time></pt><pt><x>173</x><y>190</y><time>14-05-20 17:06:43:234</time></pt><pt><x>185</x><y>160</y><time>14-05-20 17:06:45:824</time></pt><pt><x>190</x><y>142</y><time>14-05-20 17:06:46:405</time></pt><pt><x>194</x><y>122</y><time>14-05-20 17:06:46:988</time></pt><pt><x>193</x><y>109</y><time>14-05-20 17:06:47:430</time></pt><pt><x>272</x><y>59</y><time>14-05-20 17:06:49:181</time></pt><closed_date>14-05-20 17:06:50:313</closed_date></polygon></object><object><name>left_shoe</name><deleted>0</deleted><verified>0</verified><occluded>no</occluded><attributes/><parts><hasparts/><ispartof/></parts><date>14-05-20 17:07:22:719</date><id>1</id><polygon><username>samliu</username><pt><x>382</x><y>56</y><time>14-05-20 17:06:59:008</time></pt><pt><x>372</x><y>76</y><time>14-05-20 17:06:59:805</time></pt><pt><x>370</x><y>98</y><time>14-05-20 17:07:00:355</time></pt><pt><x>369</x><y>120</y><time>14-05-20 17:07:01:053</time></pt><pt><x>377</x><y>147</y><time>14-05-20 17:07:01:743</time></pt><pt><x>390</x><y>189</y><time>14-05-20 17:07:02:665</time></pt><pt><x>398</x><y>232</y><time>14-05-20 17:07:03:534</time></pt><pt><x>409</x><y>271</y><time>14-05-20 17:07:04:339</time></pt><pt><x>430</x><y>304</y><time>14-05-20 17:07:05:425</time></pt><pt><x>455</x><y>314</y><time>14-05-20 17:07:06:411</time></pt><pt><x>477</x><y>307</y><time>14-05-20 17:07:07:387</time></pt><pt><x>489</x><y>286</y><time>14-05-20 17:07:08:279</time></pt><pt><x>495</x><y>260</y><time>14-05-20 17:07:09:007</time></pt><pt><x>492</x><y>230</y><time>14-05-20 17:07:09:759</time></pt><pt><x>487</x><y>203</y><time>14-05-20 17:07:10:379</time></pt><pt><x>480</x><y>175</y><time>14-05-20 17:07:11:263</time></pt><pt><x>465</x><y>140</y><time>14-05-20 17:07:12:411</time></pt><pt><x>454</x><y>115</y><time>14-05-20 17:07:13:729</time></pt><pt><x>452</x><y>108</y><time>14-05-20 17:07:14:279</time></pt><closed_date>14-05-20 17:07:15:519</closed_date></polygon></object></annotation>