<annotation><filename>angle0_10.jpg</filename><folder>users/lab605//shoes_new</folder><source><submittedBy>lab605</submittedBy></source><imagesize><nrows>480</nrows><ncols>640</ncols></imagesize><object><name>right_shoe</name><deleted>0</deleted><verified>0</verified><occluded>no</occluded><attributes></attributes><parts><hasparts></hasparts><ispartof></ispartof></parts><date>14-05-20 16:38:25:840</date><id>0</id><polygon><username>lab605</username><pt><x>195</x><y>88</y><time>14-05-20 16:37:54:494</time></pt><pt><x>196</x><y>104</y><time>14-05-20 16:37:55:170</time></pt><pt><x>199</x><y>117</y><time>14-05-20 16:37:55:745</time></pt><pt><x>200</x><y>133</y><time>14-05-20 16:37:56:300</time></pt><pt><x>202</x><y>146</y><time>14-05-20 16:37:57:178</time></pt><pt><x>196</x><y>156</y><time>14-05-20 16:37:59:244</time></pt><pt><x>194</x><y>171</y><time>14-05-20 16:38:00:389</time></pt><pt><x>192</x><y>184</y><time>14-05-20 16:38:00:760</time></pt><pt><x>192</x><y>204</y><time>14-05-20 16:38:01:260</time></pt><pt><x>191</x><y>213</y><time>14-05-20 16:38:03:011</time></pt><pt><x>193</x><y>224</y><time>14-05-20 16:38:03:546</time></pt><pt><x>196</x><y>240</y><time>14-05-20 16:38:04:132</time></pt><pt><x>202</x><y>254</y><time>14-05-20 16:38:04:701</time></pt><pt><x>215</x><y>263</y><time>14-05-20 16:38:05:310</time></pt><pt><x>228</x><y>266</y><time>14-05-20 16:38:05:783</time></pt><pt><x>243</x><y>263</y><time>14-05-20 16:38:06:404</time></pt><pt><x>252</x><y>258</y><time>14-05-20 16:38:06:997</time></pt><pt><x>262</x><y>250</y><time>14-05-20 16:38:07:506</time></pt><pt><x>270</x><y>237</y><time>14-05-20 16:38:08:030</time></pt><pt><x>272</x><y>225</y><time>14-05-20 16:38:08:560</time></pt><pt><x>275</x><y>210</y><time>14-05-20 16:38:09:182</time></pt><pt><x>275</x><y>196</y><time>14-05-20 16:38:09:688</time></pt><pt><x>272</x><y>186</y><time>14-05-20 16:38:10:200</time></pt><pt><x>267</x><y>176</y><time>14-05-20 16:38:10:605</time></pt><pt><x>266</x><y>166</y><time>14-05-20 16:38:11:121</time></pt><pt><x>264</x><y>154</y><time>14-05-20 16:38:11:741</time></pt><pt><x>267</x><y>137</y><time>14-05-20 16:38:12:804</time></pt><pt><x>268</x><y>124</y><time>14-05-20 16:38:13:304</time></pt><pt><x>268</x><y>118</y><time>14-05-20 16:38:13:853</time></pt><pt><x>268</x><y>106</y><time>14-05-20 16:38:14:349</time></pt><pt><x>269</x><y>98</y><time>14-05-20 16:38:14:787</time></pt><pt><x>272</x><y>88</y><time>14-05-20 16:38:15:431</time></pt><pt><x>271</x><y>77</y><time>14-05-20 16:38:15:941</time></pt><pt><x>266</x><y>66</y><time>14-05-20 16:38:16:537</time></pt><pt><x>259</x><y>59</y><time>14-05-20 16:38:17:155</time></pt><pt><x>251</x><y>50</y><time>14-05-20 16:38:17:944</time></pt><pt><x>242</x><y>46</y><time>14-05-20 16:38:18:544</time></pt><closed_date>14-05-20 16:38:19:710</closed_date></polygon></object><object><name>left_shoe</name><deleted>0</deleted><verified>0</verified><occluded>no</occluded><attributes></attributes><parts><hasparts></hasparts><ispartof></ispartof></parts><date>14-05-20 16:39:12:635</date><id>1</id><polygon><username>lab605</username><pt><x>399</x><y>62</y><time>14-05-20 16:38:29:191</time></pt><pt><x>389</x><y>69</y><time>14-05-20 16:38:29:864</time></pt><pt><x>388</x><y>78</y><time>14-05-20 16:38:30:371</time></pt><pt><x>388</x><y>88</y><time>14-05-20 16:38:30:901</time></pt><pt><x>389</x><y>97</y><time>14-05-20 16:38:31:478</time></pt><pt><x>385</x><y>107</y><time>14-05-20 16:38:34:936</time></pt><pt><x>383</x><y>120</y><time>14-05-20 16:38:36:280</time></pt><pt><x>381</x><y>137</y><time>14-05-20 16:38:36:856</time></pt><pt><x>380</x><y>154</y><time>14-05-20 16:38:38:004</time></pt><pt><x>379</x><y>166</y><time>14-05-20 16:38:38:842</time></pt><pt><x>377</x><y>179</y><time>14-05-20 16:38:39:721</time></pt><pt><x>373</x><y>187</y><time>14-05-20 16:38:40:515</time></pt><pt><x>367</x><y>201</y><time>14-05-20 16:38:41:576</time></pt><pt><x>366</x><y>213</y><time>14-05-20 16:38:42:326</time></pt><pt><x>368</x><y>227</y><time>14-05-20 16:38:43:665</time></pt><pt><x>370</x><y>240</y><time>14-05-20 16:38:44:597</time></pt><pt><x>373</x><y>251</y><time>14-05-20 16:38:45:297</time></pt><pt><x>390</x><y>264</y><time>14-05-20 16:38:46:943</time></pt><pt><x>408</x><y>267</y><time>14-05-20 16:38:47:919</time></pt><pt><x>422</x><y>266</y><time>14-05-20 16:38:48:716</time></pt><pt><x>427</x><y>259</y><time>14-05-20 16:38:49:437</time></pt><pt><x>438</x><y>250</y><time>14-05-20 16:38:50:479</time></pt><pt><x>444</x><y>237</y><time>14-05-20 16:38:51:150</time></pt><pt><x>447</x><y>229</y><time>14-05-20 16:38:51:598</time></pt><pt><x>451</x><y>217</y><time>14-05-20 16:38:52:834</time></pt><pt><x>453</x><y>208</y><time>14-05-20 16:38:53:410</time></pt><pt><x>455</x><y>194</y><time>14-05-20 16:38:57:088</time></pt><pt><x>453</x><y>179</y><time>14-05-20 16:38:59:050</time></pt><pt><x>453</x><y>172</y><time>14-05-20 16:38:59:568</time></pt><pt><x>453</x><y>158</y><time>14-05-20 16:39:00:183</time></pt><pt><x>450</x><y>148</y><time>14-05-20 16:39:01:424</time></pt><pt><x>448</x><y>136</y><time>14-05-20 16:39:02:503</time></pt><pt><x>450</x><y>125</y><time>14-05-20 16:39:03:298</time></pt><pt><x>450</x><y>117</y><time>14-05-20 16:39:03:894</time></pt><pt><x>453</x><y>107</y><time>14-05-20 16:39:04:479</time></pt><pt><x>454</x><y>99</y><time>14-05-20 16:39:05:018</time></pt><pt><x>457</x><y>89</y><time>14-05-20 16:39:05:553</time></pt><pt><x>457</x><y>84</y><time>14-05-20 16:39:06:080</time></pt><closed_date>14-05-20 16:39:07:228</closed_date></polygon></object></annotation>