<annotation><filename>angle0_76.jpg</filename><folder>users/lab605//shoes_new</folder><source><submittedBy>lab605</submittedBy></source><imagesize><nrows>480</nrows><ncols>640</ncols></imagesize><object><name>right_shoe</name><deleted>0</deleted><verified>0</verified><occluded>no</occluded><attributes></attributes><parts><hasparts></hasparts><ispartof></ispartof></parts><date>14-05-20 17:10:18:546</date><id>0</id><polygon><username>samliu</username><pt><x>286</x><y>31</y><time>14-05-20 17:08:29:892</time></pt><pt><x>294</x><y>85</y><time>14-05-20 17:08:30:781</time></pt><pt><x>297</x><y>122</y><time>14-05-20 17:08:31:472</time></pt><pt><x>277</x><y>158</y><time>14-05-20 17:08:32:223</time></pt><pt><x>256</x><y>222</y><time>14-05-20 17:08:33:239</time></pt><pt><x>249</x><y>265</y><time>14-05-20 17:08:34:053</time></pt><pt><x>248</x><y>304</y><time>14-05-20 17:08:34:967</time></pt><pt><x>261</x><y>337</y><time>14-05-20 17:08:35:781</time></pt><pt><x>254</x><y>382</y><time>14-05-20 17:08:36:921</time></pt><pt><x>242</x><y>418</y><time>14-05-20 17:08:37:687</time></pt><pt><x>217</x><y>462</y><time>14-05-20 17:08:39:045</time></pt><pt><x>198</x><y>479</y><time>14-05-20 17:08:39:773</time></pt><pt><x>62</x><y>479</y><time>14-05-20 17:08:41:625</time></pt><pt><x>42</x><y>464</y><time>14-05-20 17:08:42:315</time></pt><pt><x>30</x><y>429</y><time>14-05-20 17:08:43:067</time></pt><pt><x>30</x><y>378</y><time>14-05-20 17:08:43:867</time></pt><pt><x>33</x><y>317</y><time>14-05-20 17:08:44:743</time></pt><pt><x>47</x><y>258</y><time>14-05-20 17:08:45:595</time></pt><pt><x>59</x><y>225</y><time>14-05-20 17:08:46:169</time></pt><pt><x>79</x><y>205</y><time>14-05-20 17:08:46:951</time></pt><pt><x>98</x><y>168</y><time>14-05-20 17:08:47:657</time></pt><pt><x>108</x><y>141</y><time>14-05-20 17:08:48:153</time></pt><pt><x>110</x><y>121</y><time>14-05-20 17:08:48:741</time></pt><pt><x>116</x><y>83</y><time>14-05-20 17:08:49:299</time></pt><pt><x>114</x><y>59</y><time>14-05-20 17:08:49:856</time></pt><pt><x>129</x><y>50</y><time>14-05-20 17:08:50:665</time></pt><pt><x>133</x><y>38</y><time>14-05-20 17:08:51:129</time></pt><pt><x>141</x><y>30</y><time>14-05-20 17:08:51:541</time></pt><pt><x>258</x><y>0</y><time>14-05-20 17:08:55:641</time></pt><pt><x>270</x><y>3</y><time>14-05-20 17:08:57:625</time></pt><closed_date>14-05-20 17:08:59:447</closed_date></polygon></object><object><name>left_shoe</name><deleted>0</deleted><verified>0</verified><occluded>no</occluded><attributes></attributes><parts><hasparts></hasparts><ispartof></ispartof></parts><date>14-05-20 17:11:23:977</date><id>1</id><polygon><username>samliu</username><pt><x>358</x><y>30</y><time>14-05-20 17:10:20:037</time></pt><pt><x>355</x><y>62</y><time>14-05-20 17:10:20:763</time></pt><pt><x>342</x><y>80</y><time>14-05-20 17:10:21:353</time></pt><pt><x>355</x><y>123</y><time>14-05-20 17:10:22:384</time></pt><pt><x>374</x><y>178</y><time>14-05-20 17:10:24:491</time></pt><pt><x>391</x><y>212</y><time>14-05-20 17:10:25:647</time></pt><pt><x>396</x><y>242</y><time>14-05-20 17:10:27:219</time></pt><pt><x>400</x><y>276</y><time>14-05-20 17:10:27:893</time></pt><pt><x>395</x><y>312</y><time>14-05-20 17:10:29:071</time></pt><pt><x>397</x><y>354</y><time>14-05-20 17:10:30:025</time></pt><pt><x>407</x><y>385</y><time>14-05-20 17:10:30:987</time></pt><pt><x>421</x><y>427</y><time>14-05-20 17:10:32:117</time></pt><pt><x>444</x><y>457</y><time>14-05-20 17:10:32:985</time></pt><pt><x>462</x><y>470</y><time>14-05-20 17:10:33:861</time></pt><pt><x>499</x><y>479</y><time>14-05-20 17:10:35:869</time></pt><pt><x>541</x><y>476</y><time>14-05-20 17:10:36:807</time></pt><pt><x>581</x><y>460</y><time>14-05-20 17:10:37:799</time></pt><pt><x>605</x><y>437</y><time>14-05-20 17:10:38:761</time></pt><pt><x>612</x><y>411</y><time>14-05-20 17:10:39:459</time></pt><pt><x>615</x><y>394</y><time>14-05-20 17:10:39:893</time></pt><pt><x>614</x><y>365</y><time>14-05-20 17:10:40:543</time></pt><pt><x>608</x><y>323</y><time>14-05-20 17:10:41:419</time></pt><pt><x>606</x><y>284</y><time>14-05-20 17:10:41:969</time></pt><pt><x>596</x><y>251</y><time>14-05-20 17:10:42:543</time></pt><pt><x>586</x><y>224</y><time>14-05-20 17:10:42:985</time></pt><pt><x>576</x><y>200</y><time>14-05-20 17:10:43:411</time></pt><pt><x>562</x><y>187</y><time>14-05-20 17:10:43:923</time></pt><pt><x>549</x><y>145</y><time>14-05-20 17:10:45:233</time></pt><pt><x>539</x><y>128</y><time>14-05-20 17:10:45:737</time></pt><pt><x>530</x><y>117</y><time>14-05-20 17:10:46:443</time></pt><pt><x>517</x><y>81</y><time>14-05-20 17:10:47:389</time></pt><pt><x>516</x><y>52</y><time>14-05-20 17:10:48:287</time></pt><pt><x>506</x><y>37</y><time>14-05-20 17:10:48:831</time></pt><pt><x>489</x><y>24</y><time>14-05-20 17:10:49:589</time></pt><closed_date>14-05-20 17:10:51:233</closed_date></polygon></object></annotation>