<annotation><filename>angle0_91.jpg</filename><folder>users/lab605//shoes_new</folder><source><submittedBy>lab605</submittedBy></source><imagesize><nrows>480</nrows><ncols>640</ncols></imagesize><object><name>right_shoe</name><deleted>0</deleted><verified>0</verified><occluded>no</occluded><attributes></attributes><parts><hasparts></hasparts><ispartof></ispartof></parts><date>14-05-20 17:19:40:266</date><id>0</id><polygon><username>lab605</username><pt><x>271</x><y>104</y><time>14-05-20 17:19:08:842</time></pt><pt><x>267</x><y>117</y><time>14-05-20 17:19:09:995</time></pt><pt><x>267</x><y>127</y><time>14-05-20 17:19:11:926</time></pt><pt><x>265</x><y>141</y><time>14-05-20 17:19:12:893</time></pt><pt><x>265</x><y>150</y><time>14-05-20 17:19:13:824</time></pt><pt><x>265</x><y>167</y><time>14-05-20 17:19:15:196</time></pt><pt><x>268</x><y>183</y><time>14-05-20 17:19:15:982</time></pt><pt><x>272</x><y>193</y><time>14-05-20 17:19:17:467</time></pt><pt><x>280</x><y>200</y><time>14-05-20 17:19:18:223</time></pt><pt><x>288</x><y>204</y><time>14-05-20 17:19:19:092</time></pt><pt><x>296</x><y>204</y><time>14-05-20 17:19:20:013</time></pt><pt><x>303</x><y>204</y><time>14-05-20 17:19:20:931</time></pt><pt><x>309</x><y>202</y><time>14-05-20 17:19:22:266</time></pt><pt><x>310</x><y>192</y><time>14-05-20 17:19:23:259</time></pt><pt><x>312</x><y>177</y><time>14-05-20 17:19:24:044</time></pt><pt><x>311</x><y>161</y><time>14-05-20 17:19:24:832</time></pt><pt><x>309</x><y>147</y><time>14-05-20 17:19:26:370</time></pt><pt><x>309</x><y>137</y><time>14-05-20 17:19:27:236</time></pt><pt><x>308</x><y>124</y><time>14-05-20 17:19:28:847</time></pt><pt><x>308</x><y>113</y><time>14-05-20 17:19:29:494</time></pt><pt><x>305</x><y>101</y><time>14-05-20 17:19:30:273</time></pt><pt><x>304</x><y>91</y><time>14-05-20 17:19:31:129</time></pt><pt><x>301</x><y>85</y><time>14-05-20 17:19:31:650</time></pt><pt><x>297</x><y>84</y><time>14-05-20 17:19:32:205</time></pt><closed_date>14-05-20 17:19:33:106</closed_date></polygon></object><object><name>left_shoe</name><deleted>0</deleted><verified>0</verified><occluded>no</occluded><attributes></attributes><parts><hasparts></hasparts><ispartof></ispartof></parts><date>14-05-20 17:20:13:527</date><id>1</id><polygon><username>lab605</username><pt><x>322</x><y>104</y><time>14-05-20 17:19:44:558</time></pt><pt><x>322</x><y>119</y><time>14-05-20 17:19:45:195</time></pt><pt><x>322</x><y>130</y><time>14-05-20 17:19:46:222</time></pt><pt><x>319</x><y>140</y><time>14-05-20 17:19:47:303</time></pt><pt><x>318</x><y>148</y><time>14-05-20 17:19:48:227</time></pt><pt><x>316</x><y>161</y><time>14-05-20 17:19:49:290</time></pt><pt><x>315</x><y>171</y><time>14-05-20 17:19:50:078</time></pt><pt><x>315</x><y>182</y><time>14-05-20 17:19:51:049</time></pt><pt><x>314</x><y>188</y><time>14-05-20 17:19:52:491</time></pt><pt><x>314</x><y>196</y><time>14-05-20 17:19:53:118</time></pt><pt><x>318</x><y>203</y><time>14-05-20 17:19:53:741</time></pt><pt><x>324</x><y>204</y><time>14-05-20 17:19:54:300</time></pt><pt><x>331</x><y>204</y><time>14-05-20 17:19:54:993</time></pt><pt><x>339</x><y>204</y><time>14-05-20 17:19:55:567</time></pt><pt><x>343</x><y>198</y><time>14-05-20 17:19:56:127</time></pt><pt><x>352</x><y>192</y><time>14-05-20 17:19:57:216</time></pt><pt><x>358</x><y>179</y><time>14-05-20 17:19:58:412</time></pt><pt><x>364</x><y>171</y><time>14-05-20 17:19:59:468</time></pt><pt><x>365</x><y>160</y><time>14-05-20 17:20:00:382</time></pt><pt><x>364</x><y>149</y><time>14-05-20 17:20:01:019</time></pt><pt><x>364</x><y>133</y><time>14-05-20 17:20:01:625</time></pt><pt><x>362</x><y>121</y><time>14-05-20 17:20:02:254</time></pt><pt><x>360</x><y>107</y><time>14-05-20 17:20:03:014</time></pt><pt><x>360</x><y>103</y><time>14-05-20 17:20:05:002</time></pt><closed_date>14-05-20 17:20:05:885</closed_date></polygon></object></annotation>