<annotation><filename>angle0_56.jpg</filename><folder>users/lab605//shoes_new</folder><source><submittedBy>lab605</submittedBy></source><imagesize><nrows>480</nrows><ncols>640</ncols></imagesize><object><name>right_shoe</name><deleted>0</deleted><verified>0</verified><occluded>no</occluded><attributes></attributes><parts><hasparts></hasparts><ispartof></ispartof></parts><date>14-05-20 16:27:49:855</date><id>0</id><polygon><username>samliu</username><pt><x>272</x><y>113</y><time>14-05-20 16:27:15:964</time></pt><pt><x>289</x><y>122</y><time>14-05-20 16:27:16:752</time></pt><pt><x>293</x><y>144</y><time>14-05-20 16:27:17:954</time></pt><pt><x>284</x><y>171</y><time>14-05-20 16:27:19:216</time></pt><pt><x>276</x><y>194</y><time>14-05-20 16:27:20:486</time></pt><pt><x>273</x><y>217</y><time>14-05-20 16:27:21:586</time></pt><pt><x>278</x><y>245</y><time>14-05-20 16:27:22:959</time></pt><pt><x>273</x><y>260</y><time>14-05-20 16:27:23:824</time></pt><pt><x>266</x><y>277</y><time>14-05-20 16:27:25:514</time></pt><pt><x>248</x><y>292</y><time>14-05-20 16:27:26:498</time></pt><pt><x>230</x><y>293</y><time>14-05-20 16:27:27:250</time></pt><pt><x>216</x><y>278</y><time>14-05-20 16:27:28:070</time></pt><pt><x>216</x><y>250</y><time>14-05-20 16:27:29:861</time></pt><pt><x>220</x><y>220</y><time>14-05-20 16:27:31:060</time></pt><pt><x>220</x><y>198</y><time>14-05-20 16:27:32:354</time></pt><pt><x>215</x><y>182</y><time>14-05-20 16:27:32:944</time></pt><pt><x>217</x><y>169</y><time>14-05-20 16:27:33:751</time></pt><pt><x>221</x><y>157</y><time>14-05-20 16:27:34:594</time></pt><pt><x>249</x><y>108</y><time>14-05-20 16:27:36:972</time></pt><pt><x>256</x><y>106</y><time>14-05-20 16:27:38:019</time></pt><closed_date>14-05-20 16:27:40:288</closed_date></polygon></object><object><name>left_shoe</name><deleted>0</deleted><verified>0</verified><occluded>no</occluded><attributes></attributes><parts><hasparts></hasparts><ispartof></ispartof></parts><date>14-05-20 16:28:47:363</date><id>1</id><polygon><username>samliu</username><pt><x>382</x><y>94</y><time>14-05-20 16:27:52:067</time></pt><pt><x>371</x><y>93</y><time>14-05-20 16:27:53:451</time></pt><pt><x>359</x><y>104</y><time>14-05-20 16:27:54:490</time></pt><pt><x>356</x><y>123</y><time>14-05-20 16:27:55:349</time></pt><pt><x>357</x><y>139</y><time>14-05-20 16:27:56:883</time></pt><pt><x>363</x><y>161</y><time>14-05-20 16:27:58:782</time></pt><pt><x>368</x><y>181</y><time>14-05-20 16:27:59:897</time></pt><pt><x>363</x><y>199</y><time>14-05-20 16:28:01:143</time></pt><pt><x>358</x><y>214</y><time>14-05-20 16:28:02:375</time></pt><pt><x>357</x><y>233</y><time>14-05-20 16:28:03:785</time></pt><pt><x>361</x><y>255</y><time>14-05-20 16:28:05:010</time></pt><pt><x>372</x><y>272</y><time>14-05-20 16:28:06:047</time></pt><pt><x>387</x><y>279</y><time>14-05-20 16:28:07:435</time></pt><pt><x>401</x><y>278</y><time>14-05-20 16:28:08:441</time></pt><pt><x>410</x><y>267</y><time>14-05-20 16:28:09:355</time></pt><pt><x>418</x><y>247</y><time>14-05-20 16:28:10:641</time></pt><pt><x>418</x><y>218</y><time>14-05-20 16:28:11:828</time></pt><pt><x>419</x><y>193</y><time>14-05-20 16:28:12:952</time></pt><pt><x>426</x><y>164</y><time>14-05-20 16:28:14:128</time></pt><pt><x>428</x><y>152</y><time>14-05-20 16:28:15:198</time></pt><pt><x>426</x><y>148</y><time>14-05-20 16:28:16:066</time></pt><pt><x>400</x><y>90</y><time>14-05-20 16:28:19:010</time></pt><pt><x>391</x><y>90</y><time>14-05-20 16:28:20:388</time></pt><closed_date>14-05-20 16:28:21:558</closed_date></polygon></object></annotation>