<annotation><filename>angle0_42.jpg</filename><folder>users/lab605//shoes_new</folder><source><submittedBy>lab605</submittedBy></source><imagesize><nrows>480</nrows><ncols>640</ncols></imagesize><object><name>right_shoe</name><deleted>0</deleted><verified>0</verified><occluded>no</occluded><attributes></attributes><parts><hasparts></hasparts><ispartof></ispartof></parts><date>14-05-20 16:44:41:486</date><id>0</id><polygon><username>anonymous</username><pt><x>234</x><y>127</y><time>14-05-20 16:44:26:492</time></pt><pt><x>232</x><y>136</y><time>14-05-20 16:44:27:059</time></pt><pt><x>231</x><y>144</y><time>14-05-20 16:44:27:411</time></pt><pt><x>230</x><y>150</y><time>14-05-20 16:44:27:715</time></pt><pt><x>226</x><y>156</y><time>14-05-20 16:44:28:019</time></pt><pt><x>220</x><y>162</y><time>14-05-20 16:44:28:307</time></pt><pt><x>216</x><y>169</y><time>14-05-20 16:44:28:651</time></pt><pt><x>211</x><y>178</y><time>14-05-20 16:44:28:947</time></pt><pt><x>209</x><y>184</y><time>14-05-20 16:44:29:315</time></pt><pt><x>209</x><y>198</y><time>14-05-20 16:44:29:755</time></pt><pt><x>212</x><y>203</y><time>14-05-20 16:44:30:019</time></pt><pt><x>218</x><y>213</y><time>14-05-20 16:44:30:483</time></pt><pt><x>225</x><y>220</y><time>14-05-20 16:44:30:907</time></pt><pt><x>234</x><y>217</y><time>14-05-20 16:44:31:267</time></pt><pt><x>242</x><y>214</y><time>14-05-20 16:44:31:523</time></pt><pt><x>248</x><y>206</y><time>14-05-20 16:44:31:811</time></pt><pt><x>254</x><y>194</y><time>14-05-20 16:44:32:067</time></pt><pt><x>257</x><y>184</y><time>14-05-20 16:44:32:339</time></pt><pt><x>257</x><y>174</y><time>14-05-20 16:44:32:635</time></pt><pt><x>260</x><y>163</y><time>14-05-20 16:44:32:963</time></pt><pt><x>263</x><y>154</y><time>14-05-20 16:44:33:387</time></pt><pt><x>268</x><y>144</y><time>14-05-20 16:44:33:747</time></pt><pt><x>272</x><y>137</y><time>14-05-20 16:44:34:011</time></pt><pt><x>273</x><y>126</y><time>14-05-20 16:44:34:315</time></pt><pt><x>272</x><y>119</y><time>14-05-20 16:44:34:579</time></pt><pt><x>268</x><y>113</y><time>14-05-20 16:44:34:923</time></pt><closed_date>14-05-20 16:44:35:779</closed_date></polygon></object><object><name>left_shoe</name><deleted>0</deleted><verified>0</verified><occluded>no</occluded><attributes></attributes><parts><hasparts></hasparts><ispartof></ispartof></parts><date>14-05-20 16:44:56:846</date><id>1</id><polygon><username>anonymous</username><pt><x>307</x><y>141</y><time>14-05-20 16:44:42:580</time></pt><pt><x>302</x><y>150</y><time>14-05-20 16:44:42:971</time></pt><pt><x>300</x><y>160</y><time>14-05-20 16:44:43:291</time></pt><pt><x>300</x><y>166</y><time>14-05-20 16:44:43:587</time></pt><pt><x>300</x><y>176</y><time>14-05-20 16:44:43:987</time></pt><pt><x>301</x><y>182</y><time>14-05-20 16:44:44:363</time></pt><pt><x>301</x><y>192</y><time>14-05-20 16:44:44:667</time></pt><pt><x>300</x><y>203</y><time>14-05-20 16:44:45:043</time></pt><pt><x>298</x><y>210</y><time>14-05-20 16:44:45:387</time></pt><pt><x>296</x><y>218</y><time>14-05-20 16:44:45:715</time></pt><pt><x>296</x><y>227</y><time>14-05-20 16:44:46:019</time></pt><pt><x>297</x><y>237</y><time>14-05-20 16:44:46:387</time></pt><pt><x>302</x><y>244</y><time>14-05-20 16:44:46:755</time></pt><pt><x>305</x><y>247</y><time>14-05-20 16:44:47:107</time></pt><pt><x>317</x><y>249</y><time>14-05-20 16:44:47:419</time></pt><pt><x>324</x><y>248</y><time>14-05-20 16:44:47:763</time></pt><pt><x>330</x><y>239</y><time>14-05-20 16:44:48:243</time></pt><pt><x>333</x><y>231</y><time>14-05-20 16:44:48:563</time></pt><pt><x>335</x><y>220</y><time>14-05-20 16:44:48:851</time></pt><pt><x>337</x><y>211</y><time>14-05-20 16:44:49:099</time></pt><pt><x>338</x><y>199</y><time>14-05-20 16:44:49:395</time></pt><pt><x>336</x><y>186</y><time>14-05-20 16:44:50:323</time></pt><pt><x>334</x><y>180</y><time>14-05-20 16:44:50:707</time></pt><pt><x>335</x><y>171</y><time>14-05-20 16:44:51:011</time></pt><pt><x>336</x><y>160</y><time>14-05-20 16:44:51:347</time></pt><closed_date>14-05-20 16:44:52:131</closed_date></polygon></object></annotation>