<annotation><filename>angle0_25.jpg</filename><folder>users/lab605//shoes_new</folder><source><submittedBy>lab605</submittedBy></source><imagesize><nrows>480</nrows><ncols>640</ncols></imagesize><object><name>right_shoe</name><deleted>0</deleted><verified>0</verified><occluded>no</occluded><attributes></attributes><parts><hasparts></hasparts><ispartof></ispartof></parts><date>14-05-20 16:26:24:670</date><id>0</id><polygon><username>anonymous</username><pt><x>286</x><y>221</y><time>14-05-20 16:26:00:339</time></pt><pt><x>290</x><y>229</y><time>14-05-20 16:26:01:012</time></pt><pt><x>290</x><y>235</y><time>14-05-20 16:26:01:395</time></pt><pt><x>291</x><y>243</y><time>14-05-20 16:26:01:963</time></pt><pt><x>292</x><y>253</y><time>14-05-20 16:26:03:019</time></pt><pt><x>291</x><y>260</y><time>14-05-20 16:26:03:556</time></pt><pt><x>287</x><y>266</y><time>14-05-20 16:26:03:932</time></pt><pt><x>285</x><y>268</y><time>14-05-20 16:26:05:052</time></pt><pt><x>285</x><y>273</y><time>14-05-20 16:26:05:428</time></pt><pt><x>286</x><y>278</y><time>14-05-20 16:26:06:051</time></pt><pt><x>286</x><y>282</y><time>14-05-20 16:26:06:611</time></pt><pt><x>287</x><y>288</y><time>14-05-20 16:26:06:972</time></pt><pt><x>287</x><y>292</y><time>14-05-20 16:26:07:259</time></pt><pt><x>287</x><y>298</y><time>14-05-20 16:26:07:699</time></pt><pt><x>287</x><y>306</y><time>14-05-20 16:26:08:083</time></pt><pt><x>284</x><y>312</y><time>14-05-20 16:26:08:460</time></pt><pt><x>283</x><y>315</y><time>14-05-20 16:26:08:795</time></pt><pt><x>278</x><y>322</y><time>14-05-20 16:26:09:245</time></pt><pt><x>274</x><y>324</y><time>14-05-20 16:26:09:683</time></pt><pt><x>268</x><y>325</y><time>14-05-20 16:26:10:084</time></pt><pt><x>259</x><y>325</y><time>14-05-20 16:26:10:436</time></pt><pt><x>255</x><y>320</y><time>14-05-20 16:26:10:979</time></pt><pt><x>251</x><y>316</y><time>14-05-20 16:26:11:396</time></pt><pt><x>249</x><y>309</y><time>14-05-20 16:26:11:851</time></pt><pt><x>246</x><y>305</y><time>14-05-20 16:26:12:268</time></pt><pt><x>246</x><y>296</y><time>14-05-20 16:26:12:699</time></pt><pt><x>245</x><y>292</y><time>14-05-20 16:26:13:051</time></pt><pt><x>245</x><y>284</y><time>14-05-20 16:26:13:483</time></pt><pt><x>246</x><y>279</y><time>14-05-20 16:26:13:843</time></pt><pt><x>249</x><y>269</y><time>14-05-20 16:26:14:788</time></pt><pt><x>253</x><y>263</y><time>14-05-20 16:26:15:212</time></pt><pt><x>254</x><y>256</y><time>14-05-20 16:26:15:564</time></pt><pt><x>255</x><y>248</y><time>14-05-20 16:26:15:979</time></pt><pt><x>255</x><y>237</y><time>14-05-20 16:26:16:339</time></pt><pt><x>256</x><y>232</y><time>14-05-20 16:26:16:651</time></pt><closed_date>14-05-20 16:26:18:483</closed_date></polygon></object><object><name>left_shoe</name><deleted>0</deleted><verified>0</verified><occluded>no</occluded><attributes></attributes><parts><hasparts></hasparts><ispartof></ispartof></parts><date>14-05-20 16:26:53:883</date><id>1</id><polygon><username>anonymous</username><pt><x>349</x><y>139</y><time>14-05-20 16:26:26:317</time></pt><pt><x>339</x><y>142</y><time>14-05-20 16:26:27:403</time></pt><pt><x>339</x><y>150</y><time>14-05-20 16:26:27:795</time></pt><pt><x>334</x><y>157</y><time>14-05-20 16:26:28:755</time></pt><pt><x>333</x><y>166</y><time>14-05-20 16:26:29:731</time></pt><pt><x>333</x><y>173</y><time>14-05-20 16:26:30:243</time></pt><pt><x>335</x><y>180</y><time>14-05-20 16:26:30:763</time></pt><pt><x>336</x><y>189</y><time>14-05-20 16:26:31:675</time></pt><pt><x>336</x><y>195</y><time>14-05-20 16:26:32:155</time></pt><pt><x>335</x><y>202</y><time>14-05-20 16:26:32:539</time></pt><pt><x>333</x><y>208</y><time>14-05-20 16:26:32:987</time></pt><pt><x>333</x><y>216</y><time>14-05-20 16:26:33:339</time></pt><pt><x>333</x><y>224</y><time>14-05-20 16:26:33:739</time></pt><pt><x>333</x><y>234</y><time>14-05-20 16:26:34:195</time></pt><pt><x>335</x><y>237</y><time>14-05-20 16:26:34:603</time></pt><pt><x>339</x><y>244</y><time>14-05-20 16:26:35:115</time></pt><pt><x>346</x><y>249</y><time>14-05-20 16:26:35:943</time></pt><pt><x>352</x><y>251</y><time>14-05-20 16:26:36:403</time></pt><pt><x>358</x><y>248</y><time>14-05-20 16:26:36:995</time></pt><pt><x>361</x><y>245</y><time>14-05-20 16:26:37:531</time></pt><pt><x>363</x><y>240</y><time>14-05-20 16:26:38:187</time></pt><pt><x>366</x><y>234</y><time>14-05-20 16:26:38:531</time></pt><pt><x>371</x><y>226</y><time>14-05-20 16:26:38:907</time></pt><pt><x>372</x><y>215</y><time>14-05-20 16:26:39:963</time></pt><pt><x>374</x><y>204</y><time>14-05-20 16:26:40:371</time></pt><pt><x>373</x><y>197</y><time>14-05-20 16:26:40:835</time></pt><pt><x>372</x><y>187</y><time>14-05-20 16:26:41:267</time></pt><pt><x>372</x><y>181</y><time>14-05-20 16:26:41:683</time></pt><pt><x>371</x><y>174</y><time>14-05-20 16:26:42:803</time></pt><pt><x>371</x><y>169</y><time>14-05-20 16:26:43:203</time></pt><closed_date>14-05-20 16:26:45:019</closed_date></polygon></object></annotation>