<annotation><filename>angle0_5.jpg</filename><folder>users/lab605//shoes_new</folder><source><submittedBy>lab605</submittedBy></source><imagesize><nrows>480</nrows><ncols>640</ncols></imagesize><object><name>right_shoe</name><deleted>0</deleted><verified>0</verified><occluded>no</occluded><attributes></attributes><parts><hasparts></hasparts><ispartof></ispartof></parts><date>14-05-20 16:28:13:838</date><id>0</id><polygon><username>lab605</username><pt><x>202</x><y>65</y><time>14-05-20 16:27:26:885</time></pt><pt><x>200</x><y>85</y><time>14-05-20 16:27:27:702</time></pt><pt><x>199</x><y>103</y><time>14-05-20 16:27:28:271</time></pt><pt><x>196</x><y>120</y><time>14-05-20 16:27:28:882</time></pt><pt><x>193</x><y>139</y><time>14-05-20 16:27:29:472</time></pt><pt><x>190</x><y>158</y><time>14-05-20 16:27:30:105</time></pt><pt><x>186</x><y>175</y><time>14-05-20 16:27:30:690</time></pt><pt><x>181</x><y>187</y><time>14-05-20 16:27:31:294</time></pt><pt><x>182</x><y>201</y><time>14-05-20 16:27:33:832</time></pt><pt><x>182</x><y>217</y><time>14-05-20 16:27:34:568</time></pt><pt><x>187</x><y>238</y><time>14-05-20 16:27:35:533</time></pt><pt><x>193</x><y>259</y><time>14-05-20 16:27:36:228</time></pt><pt><x>202</x><y>273</y><time>14-05-20 16:27:37:122</time></pt><pt><x>216</x><y>293</y><time>14-05-20 16:27:37:874</time></pt><pt><x>228</x><y>308</y><time>14-05-20 16:27:38:502</time></pt><pt><x>241</x><y>317</y><time>14-05-20 16:27:39:054</time></pt><pt><x>264</x><y>322</y><time>14-05-20 16:27:39:999</time></pt><pt><x>288</x><y>317</y><time>14-05-20 16:27:41:650</time></pt><pt><x>298</x><y>310</y><time>14-05-20 16:27:42:219</time></pt><pt><x>306</x><y>297</y><time>14-05-20 16:27:42:740</time></pt><pt><x>311</x><y>276</y><time>14-05-20 16:27:43:815</time></pt><pt><x>312</x><y>263</y><time>14-05-20 16:27:44:459</time></pt><pt><x>314</x><y>245</y><time>14-05-20 16:27:45:076</time></pt><pt><x>318</x><y>217</y><time>14-05-20 16:27:45:919</time></pt><pt><x>318</x><y>204</y><time>14-05-20 16:27:46:536</time></pt><pt><x>320</x><y>192</y><time>14-05-20 16:27:47:092</time></pt><pt><x>319</x><y>176</y><time>14-05-20 16:27:47:825</time></pt><pt><x>321</x><y>155</y><time>14-05-20 16:27:48:690</time></pt><pt><x>320</x><y>141</y><time>14-05-20 16:27:49:246</time></pt><pt><x>319</x><y>119</y><time>14-05-20 16:27:49:927</time></pt><pt><x>319</x><y>101</y><time>14-05-20 16:27:51:402</time></pt><pt><x>318</x><y>81</y><time>14-05-20 16:27:52:732</time></pt><pt><x>318</x><y>65</y><time>14-05-20 16:27:53:353</time></pt><pt><x>314</x><y>49</y><time>14-05-20 16:27:54:067</time></pt><pt><x>314</x><y>45</y><time>14-05-20 16:27:57:013</time></pt><closed_date>14-05-20 16:27:58:101</closed_date></polygon></object><object><name>left_shoe</name><deleted>0</deleted><verified>0</verified><occluded>no</occluded><attributes></attributes><parts><hasparts></hasparts><ispartof></ispartof></parts><date>14-05-20 16:29:03:947</date><id>1</id><polygon><username>lab605</username><pt><x>428</x><y>42</y><time>14-05-20 16:28:18:718</time></pt><pt><x>433</x><y>61</y><time>14-05-20 16:28:19:715</time></pt><pt><x>436</x><y>82</y><time>14-05-20 16:28:20:457</time></pt><pt><x>440</x><y>98</y><time>14-05-20 16:28:21:340</time></pt><pt><x>441</x><y>115</y><time>14-05-20 16:28:22:153</time></pt><pt><x>445</x><y>137</y><time>14-05-20 16:28:23:118</time></pt><pt><x>448</x><y>155</y><time>14-05-20 16:28:23:766</time></pt><pt><x>449</x><y>169</y><time>14-05-20 16:28:24:290</time></pt><pt><x>449</x><y>181</y><time>14-05-20 16:28:24:962</time></pt><pt><x>449</x><y>193</y><time>14-05-20 16:28:25:424</time></pt><pt><x>448</x><y>208</y><time>14-05-20 16:28:25:879</time></pt><pt><x>448</x><y>221</y><time>14-05-20 16:28:26:452</time></pt><pt><x>444</x><y>234</y><time>14-05-20 16:28:27:111</time></pt><pt><x>441</x><y>248</y><time>14-05-20 16:28:28:328</time></pt><pt><x>436</x><y>258</y><time>14-05-20 16:28:28:966</time></pt><pt><x>432</x><y>270</y><time>14-05-20 16:28:29:502</time></pt><pt><x>425</x><y>280</y><time>14-05-20 16:28:30:273</time></pt><pt><x>415</x><y>293</y><time>14-05-20 16:28:31:357</time></pt><pt><x>410</x><y>299</y><time>14-05-20 16:28:35:100</time></pt><pt><x>402</x><y>305</y><time>14-05-20 16:28:35:776</time></pt><pt><x>391</x><y>309</y><time>14-05-20 16:28:36:407</time></pt><pt><x>379</x><y>310</y><time>14-05-20 16:28:36:989</time></pt><pt><x>363</x><y>310</y><time>14-05-20 16:28:38:270</time></pt><pt><x>355</x><y>306</y><time>14-05-20 16:28:38:873</time></pt><pt><x>348</x><y>301</y><time>14-05-20 16:28:39:628</time></pt><pt><x>339</x><y>289</y><time>14-05-20 16:28:40:343</time></pt><pt><x>331</x><y>279</y><time>14-05-20 16:28:41:731</time></pt><pt><x>325</x><y>260</y><time>14-05-20 16:28:42:648</time></pt><pt><x>322</x><y>245</y><time>14-05-20 16:28:43:357</time></pt><pt><x>321</x><y>226</y><time>14-05-20 16:28:44:180</time></pt><pt><x>322</x><y>210</y><time>14-05-20 16:28:45:169</time></pt><pt><x>321</x><y>195</y><time>14-05-20 16:28:45:846</time></pt><pt><x>322</x><y>165</y><time>14-05-20 16:28:47:493</time></pt><pt><x>322</x><y>147</y><time>14-05-20 16:28:48:462</time></pt><pt><x>322</x><y>128</y><time>14-05-20 16:28:50:428</time></pt><pt><x>321</x><y>114</y><time>14-05-20 16:28:51:019</time></pt><pt><x>321</x><y>91</y><time>14-05-20 16:28:51:979</time></pt><pt><x>321</x><y>79</y><time>14-05-20 16:28:52:614</time></pt><pt><x>318</x><y>65</y><time>14-05-20 16:28:53:291</time></pt><pt><x>318</x><y>49</y><time>14-05-20 16:28:53:997</time></pt><pt><x>317</x><y>43</y><time>14-05-20 16:28:54:570</time></pt><closed_date>14-05-20 16:28:55:902</closed_date></polygon></object></annotation>