<annotation><filename>angle0_94.jpg</filename><folder>users/lab605//shoes_new</folder><source><submittedBy>lab605</submittedBy></source><imagesize><nrows>480</nrows><ncols>640</ncols></imagesize><object><name>right_shoe</name><deleted>0</deleted><verified>0</verified><occluded>no</occluded><attributes></attributes><parts><hasparts></hasparts><ispartof></ispartof></parts><date>14-05-20 17:15:20:792</date><id>0</id><polygon><username>lab605</username><pt><x>242</x><y>133</y><time>14-05-20 17:14:38:954</time></pt><pt><x>242</x><y>147</y><time>14-05-20 17:14:40:058</time></pt><pt><x>243</x><y>154</y><time>14-05-20 17:14:41:226</time></pt><pt><x>239</x><y>162</y><time>14-05-20 17:14:42:018</time></pt><pt><x>234</x><y>172</y><time>14-05-20 17:14:42:836</time></pt><pt><x>235</x><y>184</y><time>14-05-20 17:14:43:934</time></pt><pt><x>231</x><y>193</y><time>14-05-20 17:14:44:864</time></pt><pt><x>230</x><y>204</y><time>14-05-20 17:14:46:146</time></pt><pt><x>230</x><y>220</y><time>14-05-20 17:14:46:745</time></pt><pt><x>235</x><y>231</y><time>14-05-20 17:14:47:464</time></pt><pt><x>239</x><y>241</y><time>14-05-20 17:14:48:674</time></pt><pt><x>242</x><y>250</y><time>14-05-20 17:14:49:356</time></pt><pt><x>247</x><y>259</y><time>14-05-20 17:14:49:944</time></pt><pt><x>257</x><y>263</y><time>14-05-20 17:14:51:022</time></pt><pt><x>265</x><y>263</y><time>14-05-20 17:14:51:658</time></pt><pt><x>273</x><y>261</y><time>14-05-20 17:14:52:216</time></pt><pt><x>282</x><y>253</y><time>14-05-20 17:14:53:705</time></pt><pt><x>291</x><y>237</y><time>14-05-20 17:14:54:401</time></pt><pt><x>296</x><y>221</y><time>14-05-20 17:14:55:320</time></pt><pt><x>297</x><y>208</y><time>14-05-20 17:14:56:358</time></pt><pt><x>296</x><y>196</y><time>14-05-20 17:15:03:753</time></pt><pt><x>297</x><y>192</y><time>14-05-20 17:15:04:912</time></pt><pt><x>300</x><y>178</y><time>14-05-20 17:15:06:058</time></pt><pt><x>302</x><y>164</y><time>14-05-20 17:15:07:000</time></pt><pt><x>305</x><y>154</y><time>14-05-20 17:15:08:666</time></pt><pt><x>307</x><y>145</y><time>14-05-20 17:15:09:887</time></pt><pt><x>309</x><y>141</y><time>14-05-20 17:15:11:032</time></pt><closed_date>14-05-20 17:15:12:345</closed_date></polygon></object><object><name>left_shoe</name><deleted>0</deleted><verified>0</verified><occluded>no</occluded><attributes></attributes><parts><hasparts></hasparts><ispartof></ispartof></parts><date>14-05-20 17:15:49:407</date><id>1</id><polygon><username>lab605</username><pt><x>360</x><y>147</y><time>14-05-20 17:15:23:478</time></pt><pt><x>365</x><y>168</y><time>14-05-20 17:15:24:575</time></pt><pt><x>366</x><y>182</y><time>14-05-20 17:15:25:662</time></pt><pt><x>368</x><y>198</y><time>14-05-20 17:15:26:458</time></pt><pt><x>368</x><y>212</y><time>14-05-20 17:15:27:493</time></pt><pt><x>370</x><y>234</y><time>14-05-20 17:15:29:089</time></pt><pt><x>373</x><y>246</y><time>14-05-20 17:15:29:920</time></pt><pt><x>380</x><y>256</y><time>14-05-20 17:15:30:665</time></pt><pt><x>385</x><y>263</y><time>14-05-20 17:15:31:413</time></pt><pt><x>394</x><y>267</y><time>14-05-20 17:15:31:978</time></pt><pt><x>402</x><y>267</y><time>14-05-20 17:15:32:657</time></pt><pt><x>413</x><y>259</y><time>14-05-20 17:15:33:396</time></pt><pt><x>421</x><y>253</y><time>14-05-20 17:15:33:899</time></pt><pt><x>425</x><y>242</y><time>14-05-20 17:15:34:401</time></pt><pt><x>432</x><y>225</y><time>14-05-20 17:15:35:450</time></pt><pt><x>432</x><y>211</y><time>14-05-20 17:15:36:804</time></pt><pt><x>431</x><y>193</y><time>14-05-20 17:15:38:297</time></pt><pt><x>428</x><y>179</y><time>14-05-20 17:15:39:271</time></pt><pt><x>428</x><y>167</y><time>14-05-20 17:15:40:062</time></pt><pt><x>425</x><y>155</y><time>14-05-20 17:15:41:151</time></pt><pt><x>423</x><y>143</y><time>14-05-20 17:15:42:491</time></pt><closed_date>14-05-20 17:15:44:028</closed_date></polygon></object></annotation>