<annotation><filename>angle0_82.jpg</filename><folder>users/lab605//shoes_new</folder><source><submittedBy>lab605</submittedBy></source><imagesize><nrows>480</nrows><ncols>640</ncols></imagesize><object><name>right_shoe</name><deleted>0</deleted><verified>0</verified><occluded>no</occluded><attributes></attributes><parts><hasparts></hasparts><ispartof></ispartof></parts><date>14-05-20 17:25:58:728</date><id>0</id><polygon><username>samliu</username><pt><x>302</x><y>98</y><time>14-05-20 17:25:35:400</time></pt><pt><x>315</x><y>138</y><time>14-05-20 17:25:36:794</time></pt><pt><x>319</x><y>188</y><time>14-05-20 17:25:37:871</time></pt><pt><x>313</x><y>222</y><time>14-05-20 17:25:38:779</time></pt><pt><x>299</x><y>231</y><time>14-05-20 17:25:39:780</time></pt><pt><x>284</x><y>226</y><time>14-05-20 17:25:42:284</time></pt><pt><x>273</x><y>205</y><time>14-05-20 17:25:43:252</time></pt><pt><x>268</x><y>176</y><time>14-05-20 17:25:43:973</time></pt><pt><x>271</x><y>141</y><time>14-05-20 17:25:45:556</time></pt><pt><x>273</x><y>108</y><time>14-05-20 17:25:46:455</time></pt><closed_date>14-05-20 17:25:47:370</closed_date></polygon></object><object><name>left_shoe</name><deleted>0</deleted><verified>0</verified><occluded>no</occluded><attributes></attributes><parts><hasparts></hasparts><ispartof></ispartof></parts><date>14-05-20 17:26:14:339</date><id>1</id><polygon><username>samliu</username><pt><x>332</x><y>97</y><time>14-05-20 17:26:00:058</time></pt><pt><x>322</x><y>116</y><time>14-05-20 17:26:01:553</time></pt><pt><x>323</x><y>157</y><time>14-05-20 17:26:02:894</time></pt><pt><x>325</x><y>191</y><time>14-05-20 17:26:03:988</time></pt><pt><x>335</x><y>219</y><time>14-05-20 17:26:05:034</time></pt><pt><x>346</x><y>225</y><time>14-05-20 17:26:05:903</time></pt><pt><x>358</x><y>222</y><time>14-05-20 17:26:06:669</time></pt><pt><x>366</x><y>210</y><time>14-05-20 17:26:07:747</time></pt><pt><x>372</x><y>191</y><time>14-05-20 17:26:08:477</time></pt><pt><x>372</x><y>170</y><time>14-05-20 17:26:09:197</time></pt><pt><x>362</x><y>117</y><time>14-05-20 17:26:10:027</time></pt><closed_date>14-05-20 17:26:11:060</closed_date></polygon></object></annotation>