<annotation><filename>angle0_9.jpg</filename><folder>users/lab605//shoes_new</folder><source><submittedBy>lab605</submittedBy></source><imagesize><nrows>480</nrows><ncols>640</ncols></imagesize><object><name>right_shoe</name><deleted>0</deleted><verified>0</verified><occluded>no</occluded><attributes></attributes><parts><hasparts></hasparts><ispartof></ispartof></parts><date>14-05-20 16:36:44:258</date><id>0</id><polygon><username>lab605</username><pt><x>128</x><y>74</y><time>14-05-20 16:35:55:022</time></pt><pt><x>124</x><y>95</y><time>14-05-20 16:35:55:805</time></pt><pt><x>118</x><y>114</y><time>14-05-20 16:35:56:784</time></pt><pt><x>116</x><y>130</y><time>14-05-20 16:35:57:431</time></pt><pt><x>112</x><y>149</y><time>14-05-20 16:35:57:956</time></pt><pt><x>108</x><y>165</y><time>14-05-20 16:35:58:716</time></pt><pt><x>108</x><y>183</y><time>14-05-20 16:35:59:388</time></pt><pt><x>105</x><y>202</y><time>14-05-20 16:36:00:002</time></pt><pt><x>103</x><y>221</y><time>14-05-20 16:36:00:536</time></pt><pt><x>103</x><y>243</y><time>14-05-20 16:36:01:117</time></pt><pt><x>105</x><y>276</y><time>14-05-20 16:36:02:864</time></pt><pt><x>111</x><y>314</y><time>14-05-20 16:36:04:931</time></pt><pt><x>118</x><y>340</y><time>14-05-20 16:36:06:073</time></pt><pt><x>128</x><y>373</y><time>14-05-20 16:36:07:443</time></pt><pt><x>134</x><y>392</y><time>14-05-20 16:36:08:092</time></pt><pt><x>144</x><y>415</y><time>14-05-20 16:36:08:732</time></pt><pt><x>155</x><y>435</y><time>14-05-20 16:36:09:414</time></pt><pt><x>168</x><y>448</y><time>14-05-20 16:36:10:034</time></pt><pt><x>190</x><y>457</y><time>14-05-20 16:36:11:254</time></pt><pt><x>205</x><y>457</y><time>14-05-20 16:36:11:693</time></pt><pt><x>233</x><y>453</y><time>14-05-20 16:36:12:860</time></pt><pt><x>241</x><y>447</y><time>14-05-20 16:36:13:455</time></pt><pt><x>255</x><y>436</y><time>14-05-20 16:36:14:155</time></pt><pt><x>266</x><y>418</y><time>14-05-20 16:36:14:858</time></pt><pt><x>271</x><y>403</y><time>14-05-20 16:36:15:621</time></pt><pt><x>276</x><y>391</y><time>14-05-20 16:36:16:268</time></pt><pt><x>283</x><y>370</y><time>14-05-20 16:36:17:105</time></pt><pt><x>289</x><y>348</y><time>14-05-20 16:36:18:401</time></pt><pt><x>289</x><y>335</y><time>14-05-20 16:36:19:051</time></pt><pt><x>291</x><y>319</y><time>14-05-20 16:36:19:765</time></pt><pt><x>293</x><y>305</y><time>14-05-20 16:36:20:949</time></pt><pt><x>293</x><y>295</y><time>14-05-20 16:36:21:813</time></pt><pt><x>291</x><y>279</y><time>14-05-20 16:36:22:799</time></pt><pt><x>288</x><y>267</y><time>14-05-20 16:36:23:381</time></pt><pt><x>286</x><y>254</y><time>14-05-20 16:36:24:078</time></pt><pt><x>283</x><y>245</y><time>14-05-20 16:36:24:634</time></pt><pt><x>283</x><y>230</y><time>14-05-20 16:36:25:813</time></pt><pt><x>280</x><y>214</y><time>14-05-20 16:36:26:826</time></pt><pt><x>281</x><y>196</y><time>14-05-20 16:36:28:680</time></pt><pt><x>280</x><y>176</y><time>14-05-20 16:36:30:027</time></pt><pt><x>280</x><y>154</y><time>14-05-20 16:36:31:271</time></pt><pt><x>284</x><y>134</y><time>14-05-20 16:36:32:766</time></pt><pt><x>285</x><y>120</y><time>14-05-20 16:36:33:534</time></pt><pt><x>286</x><y>106</y><time>14-05-20 16:36:34:087</time></pt><pt><x>286</x><y>96</y><time>14-05-20 16:36:34:628</time></pt><closed_date>14-05-20 16:36:36:164</closed_date></polygon></object><object><name>left_shoe</name><deleted>0</deleted><verified>0</verified><occluded>no</occluded><attributes></attributes><parts><hasparts></hasparts><ispartof></ispartof></parts><date>14-05-20 16:37:49:469</date><id>1</id><polygon><username>lab605</username><pt><x>358</x><y>4</y><time>14-05-20 16:36:51:386</time></pt><pt><x>356</x><y>23</y><time>14-05-20 16:36:52:673</time></pt><pt><x>356</x><y>42</y><time>14-05-20 16:36:53:311</time></pt><pt><x>358</x><y>62</y><time>14-05-20 16:36:54:111</time></pt><pt><x>360</x><y>82</y><time>14-05-20 16:36:57:010</time></pt><pt><x>360</x><y>100</y><time>14-05-20 16:36:57:556</time></pt><pt><x>361</x><y>116</y><time>14-05-20 16:36:58:150</time></pt><pt><x>362</x><y>136</y><time>14-05-20 16:37:00:258</time></pt><pt><x>361</x><y>161</y><time>14-05-20 16:37:01:118</time></pt><pt><x>360</x><y>183</y><time>14-05-20 16:37:02:131</time></pt><pt><x>357</x><y>205</y><time>14-05-20 16:37:02:763</time></pt><pt><x>357</x><y>223</y><time>14-05-20 16:37:03:600</time></pt><pt><x>356</x><y>231</y><time>14-05-20 16:37:03:993</time></pt><pt><x>347</x><y>245</y><time>14-05-20 16:37:04:421</time></pt><pt><x>343</x><y>262</y><time>14-05-20 16:37:05:015</time></pt><pt><x>344</x><y>294</y><time>14-05-20 16:37:08:697</time></pt><pt><x>347</x><y>314</y><time>14-05-20 16:37:09:638</time></pt><pt><x>350</x><y>335</y><time>14-05-20 16:37:10:333</time></pt><pt><x>354</x><y>363</y><time>14-05-20 16:37:11:054</time></pt><pt><x>360</x><y>377</y><time>14-05-20 16:37:12:298</time></pt><pt><x>372</x><y>401</y><time>14-05-20 16:37:12:958</time></pt><pt><x>384</x><y>419</y><time>14-05-20 16:37:13:559</time></pt><pt><x>402</x><y>438</y><time>14-05-20 16:37:14:319</time></pt><pt><x>414</x><y>447</y><time>14-05-20 16:37:15:973</time></pt><pt><x>439</x><y>450</y><time>14-05-20 16:37:16:478</time></pt><pt><x>453</x><y>449</y><time>14-05-20 16:37:16:916</time></pt><pt><x>472</x><y>444</y><time>14-05-20 16:37:17:391</time></pt><pt><x>482</x><y>433</y><time>14-05-20 16:37:17:902</time></pt><pt><x>493</x><y>421</y><time>14-05-20 16:37:18:546</time></pt><pt><x>501</x><y>400</y><time>14-05-20 16:37:19:447</time></pt><pt><x>507</x><y>385</y><time>14-05-20 16:37:20:047</time></pt><pt><x>513</x><y>363</y><time>14-05-20 16:37:20:967</time></pt><pt><x>516</x><y>350</y><time>14-05-20 16:37:21:659</time></pt><pt><x>522</x><y>335</y><time>14-05-20 16:37:22:774</time></pt><pt><x>523</x><y>321</y><time>14-05-20 16:37:24:105</time></pt><pt><x>525</x><y>311</y><time>14-05-20 16:37:24:939</time></pt><pt><x>528</x><y>300</y><time>14-05-20 16:37:25:565</time></pt><pt><x>530</x><y>287</y><time>14-05-20 16:37:26:489</time></pt><pt><x>532</x><y>266</y><time>14-05-20 16:37:29:164</time></pt><pt><x>533</x><y>258</y><time>14-05-20 16:37:29:820</time></pt><pt><x>534</x><y>242</y><time>14-05-20 16:37:30:491</time></pt><pt><x>533</x><y>224</y><time>14-05-20 16:37:31:549</time></pt><pt><x>533</x><y>208</y><time>14-05-20 16:37:32:998</time></pt><pt><x>531</x><y>192</y><time>14-05-20 16:37:34:332</time></pt><pt><x>530</x><y>175</y><time>14-05-20 16:37:35:978</time></pt><pt><x>528</x><y>160</y><time>14-05-20 16:37:36:609</time></pt><pt><x>525</x><y>134</y><time>14-05-20 16:37:37:668</time></pt><pt><x>524</x><y>118</y><time>14-05-20 16:37:39:307</time></pt><pt><x>521</x><y>106</y><time>14-05-20 16:37:39:864</time></pt><pt><x>520</x><y>95</y><time>14-05-20 16:37:40:594</time></pt><pt><x>520</x><y>89</y><time>14-05-20 16:37:41:414</time></pt><closed_date>14-05-20 16:37:43:192</closed_date></polygon></object></annotation>