<annotation><filename>angle0_34.jpg</filename><folder>users/lab605//shoes_new</folder><source><submittedBy>lab605</submittedBy></source><imagesize><nrows>480</nrows><ncols>640</ncols></imagesize><object><name>right_shoe</name><deleted>0</deleted><verified>0</verified><occluded>no</occluded><attributes></attributes><parts><hasparts></hasparts><ispartof></ispartof></parts><date>14-05-20 16:36:44:417</date><id>0</id><polygon><username>anonymous</username><pt><x>260</x><y>181</y><time>14-05-20 16:36:21:817</time></pt><pt><x>268</x><y>189</y><time>14-05-20 16:36:22:295</time></pt><pt><x>276</x><y>194</y><time>14-05-20 16:36:22:728</time></pt><pt><x>283</x><y>198</y><time>14-05-20 16:36:23:128</time></pt><pt><x>288</x><y>211</y><time>14-05-20 16:36:23:839</time></pt><pt><x>292</x><y>217</y><time>14-05-20 16:36:24:328</time></pt><pt><x>292</x><y>228</y><time>14-05-20 16:36:24:655</time></pt><pt><x>290</x><y>239</y><time>14-05-20 16:36:25:135</time></pt><pt><x>289</x><y>245</y><time>14-05-20 16:36:25:471</time></pt><pt><x>287</x><y>254</y><time>14-05-20 16:36:25:807</time></pt><pt><x>286</x><y>263</y><time>14-05-20 16:36:26:183</time></pt><pt><x>285</x><y>274</y><time>14-05-20 16:36:26:583</time></pt><pt><x>289</x><y>288</y><time>14-05-20 16:36:27:040</time></pt><pt><x>290</x><y>300</y><time>14-05-20 16:36:27:519</time></pt><pt><x>296</x><y>314</y><time>14-05-20 16:36:27:880</time></pt><pt><x>297</x><y>323</y><time>14-05-20 16:36:28:351</time></pt><pt><x>298</x><y>335</y><time>14-05-20 16:36:28:759</time></pt><pt><x>292</x><y>346</y><time>14-05-20 16:36:29:343</time></pt><pt><x>288</x><y>357</y><time>14-05-20 16:36:29:751</time></pt><pt><x>284</x><y>367</y><time>14-05-20 16:36:30:175</time></pt><pt><x>274</x><y>373</y><time>14-05-20 16:36:30:639</time></pt><pt><x>262</x><y>377</y><time>14-05-20 16:36:31:031</time></pt><pt><x>253</x><y>379</y><time>14-05-20 16:36:31:359</time></pt><pt><x>244</x><y>376</y><time>14-05-20 16:36:31:752</time></pt><pt><x>240</x><y>365</y><time>14-05-20 16:36:32:087</time></pt><pt><x>231</x><y>355</y><time>14-05-20 16:36:32:464</time></pt><pt><x>226</x><y>343</y><time>14-05-20 16:36:32:863</time></pt><pt><x>226</x><y>329</y><time>14-05-20 16:36:33:312</time></pt><pt><x>222</x><y>318</y><time>14-05-20 16:36:33:671</time></pt><pt><x>223</x><y>302</y><time>14-05-20 16:36:34:175</time></pt><pt><x>225</x><y>291</y><time>14-05-20 16:36:34:559</time></pt><pt><x>225</x><y>281</y><time>14-05-20 16:36:34:927</time></pt><pt><x>226</x><y>270</y><time>14-05-20 16:36:35:407</time></pt><pt><x>227</x><y>259</y><time>14-05-20 16:36:35:799</time></pt><pt><x>227</x><y>250</y><time>14-05-20 16:36:36:191</time></pt><pt><x>231</x><y>239</y><time>14-05-20 16:36:36:623</time></pt><pt><x>234</x><y>233</y><time>14-05-20 16:36:37:048</time></pt><closed_date>14-05-20 16:36:37:871</closed_date></polygon></object><object><name>left_shoe</name><deleted>0</deleted><verified>0</verified><occluded>no</occluded><attributes></attributes><parts><hasparts></hasparts><ispartof></ispartof></parts><date>14-05-20 16:37:14:809</date><id>1</id><polygon><username>anonymous</username><pt><x>406</x><y>189</y><time>14-05-20 16:36:46:369</time></pt><pt><x>400</x><y>194</y><time>14-05-20 16:36:47:048</time></pt><pt><x>396</x><y>199</y><time>14-05-20 16:36:47:431</time></pt><pt><x>392</x><y>204</y><time>14-05-20 16:36:47:815</time></pt><pt><x>391</x><y>211</y><time>14-05-20 16:36:48:223</time></pt><pt><x>390</x><y>218</y><time>14-05-20 16:36:48:631</time></pt><pt><x>388</x><y>227</y><time>14-05-20 16:36:49:111</time></pt><pt><x>388</x><y>234</y><time>14-05-20 16:36:49:583</time></pt><pt><x>388</x><y>240</y><time>14-05-20 16:36:50:055</time></pt><pt><x>388</x><y>250</y><time>14-05-20 16:36:50:463</time></pt><pt><x>388</x><y>259</y><time>14-05-20 16:36:50:927</time></pt><pt><x>388</x><y>272</y><time>14-05-20 16:36:51:775</time></pt><pt><x>384</x><y>277</y><time>14-05-20 16:36:52:215</time></pt><pt><x>383</x><y>287</y><time>14-05-20 16:36:52:647</time></pt><pt><x>380</x><y>302</y><time>14-05-20 16:36:53:063</time></pt><pt><x>380</x><y>315</y><time>14-05-20 16:36:53:695</time></pt><pt><x>380</x><y>324</y><time>14-05-20 16:36:54:071</time></pt><pt><x>380</x><y>333</y><time>14-05-20 16:36:54:519</time></pt><pt><x>381</x><y>348</y><time>14-05-20 16:36:55:567</time></pt><pt><x>382</x><y>358</y><time>14-05-20 16:36:56:287</time></pt><pt><x>386</x><y>369</y><time>14-05-20 16:36:57:327</time></pt><pt><x>389</x><y>374</y><time>14-05-20 16:36:57:807</time></pt><pt><x>397</x><y>376</y><time>14-05-20 16:36:58:215</time></pt><pt><x>403</x><y>380</y><time>14-05-20 16:36:58:719</time></pt><pt><x>412</x><y>381</y><time>14-05-20 16:36:59:087</time></pt><pt><x>421</x><y>380</y><time>14-05-20 16:36:59:575</time></pt><pt><x>428</x><y>376</y><time>14-05-20 16:36:59:975</time></pt><pt><x>437</x><y>366</y><time>14-05-20 16:37:00:687</time></pt><pt><x>443</x><y>358</y><time>14-05-20 16:37:01:111</time></pt><pt><x>448</x><y>348</y><time>14-05-20 16:37:01:503</time></pt><pt><x>451</x><y>335</y><time>14-05-20 16:37:01:951</time></pt><pt><x>454</x><y>321</y><time>14-05-20 16:37:02:367</time></pt><pt><x>454</x><y>309</y><time>14-05-20 16:37:02:799</time></pt><pt><x>454</x><y>301</y><time>14-05-20 16:37:03:215</time></pt><pt><x>455</x><y>292</y><time>14-05-20 16:37:03:647</time></pt><pt><x>453</x><y>285</y><time>14-05-20 16:37:04:158</time></pt><pt><x>451</x><y>275</y><time>14-05-20 16:37:04:591</time></pt><pt><x>448</x><y>267</y><time>14-05-20 16:37:04:999</time></pt><pt><x>446</x><y>254</y><time>14-05-20 16:37:05:431</time></pt><pt><x>445</x><y>245</y><time>14-05-20 16:37:05:999</time></pt><pt><x>442</x><y>230</y><time>14-05-20 16:37:06:343</time></pt><pt><x>441</x><y>225</y><time>14-05-20 16:37:06:935</time></pt><closed_date>14-05-20 16:37:07:839</closed_date></polygon></object></annotation>