<annotation><filename>angle0_92.jpg</filename><folder>users/lab605//shoes_new</folder><source><submittedBy>lab605</submittedBy></source><imagesize><nrows>480</nrows><ncols>640</ncols></imagesize><object><name>right_shoe</name><deleted>0</deleted><verified>0</verified><occluded>no</occluded><attributes></attributes><parts><hasparts></hasparts><ispartof></ispartof></parts><date>14-05-20 17:18:16:026</date><id>0</id><polygon><username>lab605</username><pt><x>237</x><y>179</y><time>14-05-20 17:17:24:581</time></pt><pt><x>236</x><y>196</y><time>14-05-20 17:17:27:641</time></pt><pt><x>234</x><y>200</y><time>14-05-20 17:17:28:789</time></pt><pt><x>233</x><y>211</y><time>14-05-20 17:17:29:677</time></pt><pt><x>231</x><y>217</y><time>14-05-20 17:17:30:897</time></pt><pt><x>229</x><y>230</y><time>14-05-20 17:17:31:670</time></pt><pt><x>228</x><y>237</y><time>14-05-20 17:17:32:635</time></pt><pt><x>226</x><y>246</y><time>14-05-20 17:17:33:749</time></pt><pt><x>226</x><y>252</y><time>14-05-20 17:17:34:775</time></pt><pt><x>225</x><y>260</y><time>14-05-20 17:17:39:612</time></pt><pt><x>225</x><y>274</y><time>14-05-20 17:17:40:473</time></pt><pt><x>228</x><y>288</y><time>14-05-20 17:17:41:137</time></pt><pt><x>233</x><y>298</y><time>14-05-20 17:17:42:552</time></pt><pt><x>234</x><y>305</y><time>14-05-20 17:17:43:291</time></pt><pt><x>239</x><y>311</y><time>14-05-20 17:17:44:264</time></pt><pt><x>245</x><y>320</y><time>14-05-20 17:17:45:026</time></pt><pt><x>253</x><y>325</y><time>14-05-20 17:17:45:891</time></pt><pt><x>263</x><y>324</y><time>14-05-20 17:17:46:666</time></pt><pt><x>273</x><y>321</y><time>14-05-20 17:17:47:323</time></pt><pt><x>280</x><y>314</y><time>14-05-20 17:17:48:245</time></pt><pt><x>286</x><y>305</y><time>14-05-20 17:17:48:860</time></pt><pt><x>293</x><y>290</y><time>14-05-20 17:17:49:751</time></pt><pt><x>294</x><y>276</y><time>14-05-20 17:17:50:945</time></pt><pt><x>293</x><y>263</y><time>14-05-20 17:17:52:539</time></pt><pt><x>291</x><y>253</y><time>14-05-20 17:17:53:469</time></pt><pt><x>289</x><y>246</y><time>14-05-20 17:17:54:320</time></pt><pt><x>287</x><y>238</y><time>14-05-20 17:17:55:242</time></pt><pt><x>286</x><y>219</y><time>14-05-20 17:18:00:373</time></pt><pt><x>284</x><y>206</y><time>14-05-20 17:18:01:351</time></pt><pt><x>287</x><y>192</y><time>14-05-20 17:18:02:458</time></pt><pt><x>289</x><y>177</y><time>14-05-20 17:18:03:704</time></pt><pt><x>284</x><y>166</y><time>14-05-20 17:18:04:519</time></pt><pt><x>281</x><y>160</y><time>14-05-20 17:18:05:401</time></pt><closed_date>14-05-20 17:18:07:528</closed_date></polygon></object><object><name>left_shoe</name><deleted>0</deleted><verified>0</verified><occluded>no</occluded><attributes></attributes><parts><hasparts></hasparts><ispartof></ispartof></parts><date>14-05-20 17:19:00:513</date><id>1</id><polygon><username>lab605</username><pt><x>383</x><y>156</y><time>14-05-20 17:18:18:869</time></pt><pt><x>376</x><y>166</y><time>14-05-20 17:18:20:105</time></pt><pt><x>370</x><y>169</y><time>14-05-20 17:18:20:991</time></pt><pt><x>368</x><y>177</y><time>14-05-20 17:18:22:415</time></pt><pt><x>368</x><y>187</y><time>14-05-20 17:18:23:403</time></pt><pt><x>369</x><y>201</y><time>14-05-20 17:18:24:372</time></pt><pt><x>373</x><y>209</y><time>14-05-20 17:18:25:061</time></pt><pt><x>375</x><y>220</y><time>14-05-20 17:18:26:019</time></pt><pt><x>378</x><y>227</y><time>14-05-20 17:18:27:335</time></pt><pt><x>380</x><y>235</y><time>14-05-20 17:18:28:004</time></pt><pt><x>377</x><y>245</y><time>14-05-20 17:18:29:165</time></pt><pt><x>377</x><y>253</y><time>14-05-20 17:18:30:242</time></pt><pt><x>374</x><y>261</y><time>14-05-20 17:18:31:129</time></pt><pt><x>374</x><y>266</y><time>14-05-20 17:18:32:366</time></pt><pt><x>373</x><y>272</y><time>14-05-20 17:18:33:390</time></pt><pt><x>373</x><y>283</y><time>14-05-20 17:18:34:631</time></pt><pt><x>377</x><y>293</y><time>14-05-20 17:18:35:994</time></pt><pt><x>377</x><y>301</y><time>14-05-20 17:18:37:747</time></pt><pt><x>383</x><y>311</y><time>14-05-20 17:18:38:492</time></pt><pt><x>388</x><y>319</y><time>14-05-20 17:18:39:182</time></pt><pt><x>394</x><y>326</y><time>14-05-20 17:18:40:076</time></pt><pt><x>408</x><y>328</y><time>14-05-20 17:18:40:956</time></pt><pt><x>420</x><y>326</y><time>14-05-20 17:18:41:668</time></pt><pt><x>431</x><y>318</y><time>14-05-20 17:18:42:246</time></pt><pt><x>433</x><y>306</y><time>14-05-20 17:18:43:337</time></pt><pt><x>438</x><y>294</y><time>14-05-20 17:18:44:245</time></pt><pt><x>438</x><y>282</y><time>14-05-20 17:18:44:932</time></pt><pt><x>440</x><y>266</y><time>14-05-20 17:18:46:755</time></pt><pt><x>439</x><y>254</y><time>14-05-20 17:18:47:617</time></pt><pt><x>436</x><y>235</y><time>14-05-20 17:18:49:207</time></pt><pt><x>432</x><y>222</y><time>14-05-20 17:18:50:643</time></pt><pt><x>428</x><y>210</y><time>14-05-20 17:18:51:776</time></pt><pt><x>427</x><y>200</y><time>14-05-20 17:18:52:620</time></pt><pt><x>425</x><y>188</y><time>14-05-20 17:18:53:599</time></pt><pt><x>422</x><y>180</y><time>14-05-20 17:18:54:535</time></pt><closed_date>14-05-20 17:18:55:462</closed_date></polygon></object></annotation>