<annotation><filename>angle0_39.jpg</filename><folder>users/lab605//shoes_new</folder><source><submittedBy>lab605</submittedBy></source><imagesize><nrows>480</nrows><ncols>640</ncols></imagesize><object><name>right_shoe</name><deleted>0</deleted><verified>0</verified><occluded>no</occluded><attributes></attributes><parts><hasparts></hasparts><ispartof></ispartof></parts><date>14-05-20 16:41:55:397</date><id>0</id><polygon><username>anonymous</username><pt><x>235</x><y>13</y><time>14-05-20 16:41:32:246</time></pt><pt><x>230</x><y>25</y><time>14-05-20 16:41:32:725</time></pt><pt><x>227</x><y>36</y><time>14-05-20 16:41:33:101</time></pt><pt><x>228</x><y>46</y><time>14-05-20 16:41:33:645</time></pt><pt><x>228</x><y>55</y><time>14-05-20 16:41:34:005</time></pt><pt><x>227</x><y>65</y><time>14-05-20 16:41:34:325</time></pt><pt><x>227</x><y>78</y><time>14-05-20 16:41:34:829</time></pt><pt><x>224</x><y>89</y><time>14-05-20 16:41:35:197</time></pt><pt><x>219</x><y>102</y><time>14-05-20 16:41:35:533</time></pt><pt><x>217</x><y>119</y><time>14-05-20 16:41:36:005</time></pt><pt><x>215</x><y>134</y><time>14-05-20 16:41:36:389</time></pt><pt><x>211</x><y>153</y><time>14-05-20 16:41:36:765</time></pt><pt><x>215</x><y>170</y><time>14-05-20 16:41:37:197</time></pt><pt><x>215</x><y>185</y><time>14-05-20 16:41:37:821</time></pt><pt><x>215</x><y>201</y><time>14-05-20 16:41:38:941</time></pt><pt><x>217</x><y>212</y><time>14-05-20 16:41:39:357</time></pt><pt><x>219</x><y>220</y><time>14-05-20 16:41:39:837</time></pt><pt><x>223</x><y>229</y><time>14-05-20 16:41:40:253</time></pt><pt><x>229</x><y>236</y><time>14-05-20 16:41:40:645</time></pt><pt><x>239</x><y>242</y><time>14-05-20 16:41:41:029</time></pt><pt><x>249</x><y>247</y><time>14-05-20 16:41:41:437</time></pt><pt><x>260</x><y>249</y><time>14-05-20 16:41:41:781</time></pt><pt><x>276</x><y>245</y><time>14-05-20 16:41:42:125</time></pt><pt><x>285</x><y>238</y><time>14-05-20 16:41:42:429</time></pt><pt><x>292</x><y>226</y><time>14-05-20 16:41:42:773</time></pt><pt><x>296</x><y>218</y><time>14-05-20 16:41:43:077</time></pt><pt><x>300</x><y>205</y><time>14-05-20 16:41:43:381</time></pt><pt><x>304</x><y>186</y><time>14-05-20 16:41:43:901</time></pt><pt><x>306</x><y>177</y><time>14-05-20 16:41:44:365</time></pt><pt><x>303</x><y>163</y><time>14-05-20 16:41:44:757</time></pt><pt><x>303</x><y>152</y><time>14-05-20 16:41:45:197</time></pt><pt><x>301</x><y>143</y><time>14-05-20 16:41:45:533</time></pt><pt><x>301</x><y>130</y><time>14-05-20 16:41:45:909</time></pt><pt><x>302</x><y>118</y><time>14-05-20 16:41:46:277</time></pt><pt><x>305</x><y>107</y><time>14-05-20 16:41:46:597</time></pt><pt><x>312</x><y>92</y><time>14-05-20 16:41:47:085</time></pt><pt><x>315</x><y>81</y><time>14-05-20 16:41:47:525</time></pt><pt><x>318</x><y>69</y><time>14-05-20 16:41:47:861</time></pt><pt><x>321</x><y>58</y><time>14-05-20 16:41:48:325</time></pt><pt><x>321</x><y>44</y><time>14-05-20 16:41:48:741</time></pt><pt><x>321</x><y>32</y><time>14-05-20 16:41:49:085</time></pt><pt><x>321</x><y>22</y><time>14-05-20 16:41:49:445</time></pt><pt><x>320</x><y>17</y><time>14-05-20 16:41:49:797</time></pt><closed_date>14-05-20 16:41:50:813</closed_date></polygon></object><object><name>left_shoe</name><deleted>0</deleted><verified>0</verified><occluded>no</occluded><attributes></attributes><parts><hasparts></hasparts><ispartof></ispartof></parts><date>14-05-20 16:42:20:757</date><id>1</id><polygon><username>anonymous</username><pt><x>347</x><y>6</y><time>14-05-20 16:41:57:486</time></pt><pt><x>339</x><y>24</y><time>14-05-20 16:41:58:205</time></pt><pt><x>337</x><y>32</y><time>14-05-20 16:41:58:557</time></pt><pt><x>336</x><y>46</y><time>14-05-20 16:41:58:957</time></pt><pt><x>334</x><y>60</y><time>14-05-20 16:41:59:685</time></pt><pt><x>334</x><y>75</y><time>14-05-20 16:42:00:085</time></pt><pt><x>338</x><y>85</y><time>14-05-20 16:42:00:501</time></pt><pt><x>338</x><y>94</y><time>14-05-20 16:42:00:901</time></pt><pt><x>339</x><y>108</y><time>14-05-20 16:42:01:261</time></pt><pt><x>340</x><y>124</y><time>14-05-20 16:42:01:645</time></pt><pt><x>340</x><y>139</y><time>14-05-20 16:42:01:997</time></pt><pt><x>339</x><y>151</y><time>14-05-20 16:42:02:333</time></pt><pt><x>337</x><y>171</y><time>14-05-20 16:42:02:813</time></pt><pt><x>334</x><y>188</y><time>14-05-20 16:42:03:285</time></pt><pt><x>334</x><y>201</y><time>14-05-20 16:42:03:653</time></pt><pt><x>333</x><y>215</y><time>14-05-20 16:42:04:101</time></pt><pt><x>335</x><y>225</y><time>14-05-20 16:42:04:501</time></pt><pt><x>339</x><y>237</y><time>14-05-20 16:42:04:965</time></pt><pt><x>343</x><y>245</y><time>14-05-20 16:42:05:333</time></pt><pt><x>349</x><y>254</y><time>14-05-20 16:42:05:701</time></pt><pt><x>358</x><y>260</y><time>14-05-20 16:42:06:253</time></pt><pt><x>371</x><y>262</y><time>14-05-20 16:42:06:701</time></pt><pt><x>383</x><y>263</y><time>14-05-20 16:42:07:157</time></pt><pt><x>401</x><y>260</y><time>14-05-20 16:42:07:541</time></pt><pt><x>412</x><y>254</y><time>14-05-20 16:42:07:909</time></pt><pt><x>418</x><y>240</y><time>14-05-20 16:42:08:285</time></pt><pt><x>425</x><y>223</y><time>14-05-20 16:42:08:613</time></pt><pt><x>428</x><y>211</y><time>14-05-20 16:42:08:941</time></pt><pt><x>433</x><y>194</y><time>14-05-20 16:42:09:301</time></pt><pt><x>434</x><y>180</y><time>14-05-20 16:42:09:669</time></pt><pt><x>435</x><y>164</y><time>14-05-20 16:42:10:029</time></pt><pt><x>435</x><y>152</y><time>14-05-20 16:42:10:373</time></pt><pt><x>431</x><y>141</y><time>14-05-20 16:42:10:749</time></pt><pt><x>430</x><y>127</y><time>14-05-20 16:42:11:165</time></pt><pt><x>428</x><y>114</y><time>14-05-20 16:42:11:493</time></pt><pt><x>428</x><y>97</y><time>14-05-20 16:42:11:829</time></pt><pt><x>425</x><y>86</y><time>14-05-20 16:42:12:245</time></pt><pt><x>425</x><y>73</y><time>14-05-20 16:42:12:621</time></pt><pt><x>426</x><y>60</y><time>14-05-20 16:42:12:957</time></pt><pt><x>430</x><y>50</y><time>14-05-20 16:42:13:349</time></pt><pt><x>426</x><y>45</y><time>14-05-20 16:42:13:797</time></pt><pt><x>421</x><y>35</y><time>14-05-20 16:42:14:237</time></pt><pt><x>420</x><y>30</y><time>14-05-20 16:42:14:605</time></pt><closed_date>14-05-20 16:42:15:357</closed_date></polygon></object></annotation>