<annotation><filename>angle0_40.jpg</filename><folder>users/lab605//shoes_new</folder><source><submittedBy>lab605</submittedBy></source><imagesize><nrows>480</nrows><ncols>640</ncols></imagesize><object><name>right_shoe</name><deleted>0</deleted><verified>0</verified><occluded>no</occluded><attributes></attributes><parts><hasparts></hasparts><ispartof></ispartof></parts><date>14-05-20 16:42:55:143</date><id>0</id><polygon><username>anonymous</username><pt><x>36</x><y>76</y><time>14-05-20 16:42:24:302</time></pt><pt><x>28</x><y>94</y><time>14-05-20 16:42:24:789</time></pt><pt><x>26</x><y>109</y><time>14-05-20 16:42:25:180</time></pt><pt><x>24</x><y>122</y><time>14-05-20 16:42:25:509</time></pt><pt><x>24</x><y>134</y><time>14-05-20 16:42:25:900</time></pt><pt><x>23</x><y>158</y><time>14-05-20 16:42:26:269</time></pt><pt><x>22</x><y>176</y><time>14-05-20 16:42:26:717</time></pt><pt><x>20</x><y>196</y><time>14-05-20 16:42:27:156</time></pt><pt><x>15</x><y>216</y><time>14-05-20 16:42:27:580</time></pt><pt><x>15</x><y>232</y><time>14-05-20 16:42:28:020</time></pt><pt><x>16</x><y>250</y><time>14-05-20 16:42:28:372</time></pt><pt><x>11</x><y>273</y><time>14-05-20 16:42:28:925</time></pt><pt><x>3</x><y>289</y><time>14-05-20 16:42:29:292</time></pt><pt><x>1</x><y>315</y><time>14-05-20 16:42:29:877</time></pt><pt><x>1</x><y>326</y><time>14-05-20 16:42:30:293</time></pt><pt><x>0</x><y>365</y><time>14-05-20 16:42:32:445</time></pt><pt><x>1</x><y>391</y><time>14-05-20 16:42:34:037</time></pt><pt><x>0</x><y>401</y><time>14-05-20 16:42:34:437</time></pt><pt><x>3</x><y>411</y><time>14-05-20 16:42:34:820</time></pt><pt><x>14</x><y>423</y><time>14-05-20 16:42:35:245</time></pt><pt><x>21</x><y>430</y><time>14-05-20 16:42:35:540</time></pt><pt><x>34</x><y>435</y><time>14-05-20 16:42:35:909</time></pt><pt><x>49</x><y>443</y><time>14-05-20 16:42:37:069</time></pt><pt><x>62</x><y>445</y><time>14-05-20 16:42:37:452</time></pt><pt><x>82</x><y>446</y><time>14-05-20 16:42:37:741</time></pt><pt><x>99</x><y>444</y><time>14-05-20 16:42:38:116</time></pt><pt><x>120</x><y>443</y><time>14-05-20 16:42:38:468</time></pt><pt><x>145</x><y>439</y><time>14-05-20 16:42:38:828</time></pt><pt><x>156</x><y>432</y><time>14-05-20 16:42:39:188</time></pt><pt><x>169</x><y>423</y><time>14-05-20 16:42:39:613</time></pt><pt><x>179</x><y>402</y><time>14-05-20 16:42:39:956</time></pt><pt><x>185</x><y>385</y><time>14-05-20 16:42:40:300</time></pt><pt><x>191</x><y>366</y><time>14-05-20 16:42:40:572</time></pt><pt><x>192</x><y>346</y><time>14-05-20 16:42:41:005</time></pt><pt><x>187</x><y>330</y><time>14-05-20 16:42:41:316</time></pt><pt><x>183</x><y>311</y><time>14-05-20 16:42:41:652</time></pt><pt><x>178</x><y>287</y><time>14-05-20 16:42:41:964</time></pt><pt><x>176</x><y>267</y><time>14-05-20 16:42:42:332</time></pt><pt><x>173</x><y>235</y><time>14-05-20 16:42:42:684</time></pt><pt><x>176</x><y>221</y><time>14-05-20 16:42:43:244</time></pt><pt><x>181</x><y>204</y><time>14-05-20 16:42:43:572</time></pt><pt><x>183</x><y>189</y><time>14-05-20 16:42:43:884</time></pt><pt><x>183</x><y>170</y><time>14-05-20 16:42:44:220</time></pt><pt><x>185</x><y>151</y><time>14-05-20 16:42:44:532</time></pt><pt><x>185</x><y>136</y><time>14-05-20 16:42:44:836</time></pt><pt><x>180</x><y>121</y><time>14-05-20 16:42:45:236</time></pt><pt><x>170</x><y>99</y><time>14-05-20 16:42:45:676</time></pt><pt><x>165</x><y>89</y><time>14-05-20 16:42:45:997</time></pt><pt><x>160</x><y>82</y><time>14-05-20 16:42:46:452</time></pt><closed_date>14-05-20 16:42:47:925</closed_date></polygon></object><object><name>left_shoe</name><deleted>0</deleted><verified>0</verified><occluded>no</occluded><attributes></attributes><parts><hasparts></hasparts><ispartof></ispartof></parts><date>14-05-20 16:43:31:548</date><id>1</id><polygon><username>anonymous</username><pt><x>220</x><y>185</y><time>14-05-20 16:42:59:395</time></pt><pt><x>216</x><y>198</y><time>14-05-20 16:42:59:772</time></pt><pt><x>210</x><y>213</y><time>14-05-20 16:43:00:124</time></pt><pt><x>207</x><y>222</y><time>14-05-20 16:43:00:500</time></pt><pt><x>202</x><y>230</y><time>14-05-20 16:43:00:852</time></pt><pt><x>200</x><y>243</y><time>14-05-20 16:43:01:252</time></pt><pt><x>202</x><y>260</y><time>14-05-20 16:43:01:700</time></pt><pt><x>199</x><y>281</y><time>14-05-20 16:43:02:380</time></pt><pt><x>198</x><y>300</y><time>14-05-20 16:43:02:860</time></pt><pt><x>197</x><y>310</y><time>14-05-20 16:43:03:204</time></pt><pt><x>197</x><y>323</y><time>14-05-20 16:43:03:692</time></pt><pt><x>195</x><y>332</y><time>14-05-20 16:43:04:108</time></pt><pt><x>194</x><y>342</y><time>14-05-20 16:43:04:476</time></pt><pt><x>193</x><y>351</y><time>14-05-20 16:43:04:956</time></pt><pt><x>189</x><y>365</y><time>14-05-20 16:43:05:796</time></pt><pt><x>184</x><y>385</y><time>14-05-20 16:43:06:692</time></pt><pt><x>180</x><y>399</y><time>14-05-20 16:43:07:068</time></pt><pt><x>177</x><y>410</y><time>14-05-20 16:43:07:636</time></pt><pt><x>170</x><y>419</y><time>14-05-20 16:43:08:092</time></pt><pt><x>167</x><y>427</y><time>14-05-20 16:43:08:484</time></pt><pt><x>169</x><y>440</y><time>14-05-20 16:43:08:796</time></pt><pt><x>179</x><y>449</y><time>14-05-20 16:43:09:236</time></pt><pt><x>197</x><y>454</y><time>14-05-20 16:43:09:780</time></pt><pt><x>213</x><y>457</y><time>14-05-20 16:43:10:100</time></pt><pt><x>231</x><y>458</y><time>14-05-20 16:43:10:404</time></pt><pt><x>258</x><y>461</y><time>14-05-20 16:43:10:764</time></pt><pt><x>286</x><y>457</y><time>14-05-20 16:43:11:164</time></pt><pt><x>319</x><y>459</y><time>14-05-20 16:43:11:700</time></pt><pt><x>349</x><y>450</y><time>14-05-20 16:43:12:068</time></pt><pt><x>371</x><y>448</y><time>14-05-20 16:43:12:620</time></pt><pt><x>389</x><y>435</y><time>14-05-20 16:43:13:156</time></pt><pt><x>392</x><y>417</y><time>14-05-20 16:43:13:532</time></pt><pt><x>388</x><y>401</y><time>14-05-20 16:43:13:908</time></pt><pt><x>383</x><y>387</y><time>14-05-20 16:43:14:276</time></pt><pt><x>378</x><y>371</y><time>14-05-20 16:43:14:620</time></pt><pt><x>371</x><y>346</y><time>14-05-20 16:43:14:972</time></pt><pt><x>369</x><y>331</y><time>14-05-20 16:43:15:332</time></pt><pt><x>361</x><y>301</y><time>14-05-20 16:43:15:724</time></pt><pt><x>356</x><y>281</y><time>14-05-20 16:43:16:116</time></pt><pt><x>352</x><y>264</y><time>14-05-20 16:43:16:484</time></pt><pt><x>349</x><y>247</y><time>14-05-20 16:43:16:828</time></pt><pt><x>349</x><y>229</y><time>14-05-20 16:43:17:164</time></pt><pt><x>348</x><y>222</y><time>14-05-20 16:43:17:444</time></pt><pt><x>338</x><y>215</y><time>14-05-20 16:43:21:948</time></pt><pt><x>321</x><y>199</y><time>14-05-20 16:43:22:284</time></pt><pt><x>313</x><y>184</y><time>14-05-20 16:43:22:596</time></pt><pt><x>300</x><y>171</y><time>14-05-20 16:43:22:948</time></pt><pt><x>281</x><y>166</y><time>14-05-20 16:43:23:260</time></pt><pt><x>252</x><y>169</y><time>14-05-20 16:43:23:612</time></pt><pt><x>232</x><y>173</y><time>14-05-20 16:43:24:012</time></pt><pt><x>223</x><y>182</y><time>14-05-20 16:43:24:404</time></pt><closed_date>14-05-20 16:43:24:708</closed_date></polygon></object></annotation>