<annotation><filename>angle0_46.jpg</filename><folder>users/lab605//shoes_new</folder><source><submittedBy>lab605</submittedBy></source><imagesize><nrows>480</nrows><ncols>640</ncols></imagesize><object><name>right_shoe</name><deleted>0</deleted><verified>0</verified><occluded>no</occluded><attributes></attributes><parts><hasparts></hasparts><ispartof></ispartof></parts><date>14-05-20 16:47:58:357</date><id>0</id><polygon><username>anonymous</username><pt><x>272</x><y>258</y><time>14-05-20 16:47:32:604</time></pt><pt><x>279</x><y>271</y><time>14-05-20 16:47:33:122</time></pt><pt><x>286</x><y>285</y><time>14-05-20 16:47:33:746</time></pt><pt><x>286</x><y>298</y><time>14-05-20 16:47:34:154</time></pt><pt><x>286</x><y>310</y><time>14-05-20 16:47:34:938</time></pt><pt><x>285</x><y>323</y><time>14-05-20 16:47:35:514</time></pt><pt><x>286</x><y>334</y><time>14-05-20 16:47:35:874</time></pt><pt><x>288</x><y>346</y><time>14-05-20 16:47:36:202</time></pt><pt><x>289</x><y>360</y><time>14-05-20 16:47:36:570</time></pt><pt><x>292</x><y>372</y><time>14-05-20 16:47:36:906</time></pt><pt><x>290</x><y>388</y><time>14-05-20 16:47:37:466</time></pt><pt><x>290</x><y>398</y><time>14-05-20 16:47:37:795</time></pt><pt><x>290</x><y>410</y><time>14-05-20 16:47:38:178</time></pt><pt><x>287</x><y>417</y><time>14-05-20 16:47:38:514</time></pt><pt><x>282</x><y>428</y><time>14-05-20 16:47:38:930</time></pt><pt><x>277</x><y>436</y><time>14-05-20 16:47:39:362</time></pt><pt><x>269</x><y>442</y><time>14-05-20 16:47:39:738</time></pt><pt><x>257</x><y>444</y><time>14-05-20 16:47:40:106</time></pt><pt><x>246</x><y>437</y><time>14-05-20 16:47:40:706</time></pt><pt><x>239</x><y>427</y><time>14-05-20 16:47:41:026</time></pt><pt><x>230</x><y>414</y><time>14-05-20 16:47:41:474</time></pt><pt><x>225</x><y>402</y><time>14-05-20 16:47:41:858</time></pt><pt><x>224</x><y>385</y><time>14-05-20 16:47:42:346</time></pt><pt><x>223</x><y>371</y><time>14-05-20 16:47:43:082</time></pt><pt><x>223</x><y>357</y><time>14-05-20 16:47:43:722</time></pt><pt><x>226</x><y>343</y><time>14-05-20 16:47:45:234</time></pt><pt><x>230</x><y>330</y><time>14-05-20 16:47:45:602</time></pt><pt><x>236</x><y>318</y><time>14-05-20 16:47:45:970</time></pt><pt><x>236</x><y>306</y><time>14-05-20 16:47:46:362</time></pt><pt><x>237</x><y>294</y><time>14-05-20 16:47:46:722</time></pt><pt><x>237</x><y>286</y><time>14-05-20 16:47:47:050</time></pt><closed_date>14-05-20 16:47:47:722</closed_date></polygon></object><object><name>left_shoe</name><deleted>0</deleted><verified>0</verified><occluded>no</occluded><attributes></attributes><parts><hasparts></hasparts><ispartof></ispartof></parts><date>14-05-20 16:48:19:020</date><id>1</id><polygon><username>anonymous</username><pt><x>367</x><y>263</y><time>14-05-20 16:47:59:531</time></pt><pt><x>358</x><y>273</y><time>14-05-20 16:47:59:930</time></pt><pt><x>356</x><y>281</y><time>14-05-20 16:48:00:282</time></pt><pt><x>353</x><y>292</y><time>14-05-20 16:48:00:858</time></pt><pt><x>353</x><y>302</y><time>14-05-20 16:48:01:218</time></pt><pt><x>354</x><y>311</y><time>14-05-20 16:48:01:514</time></pt><pt><x>358</x><y>325</y><time>14-05-20 16:48:01:842</time></pt><pt><x>358</x><y>340</y><time>14-05-20 16:48:02:242</time></pt><pt><x>358</x><y>349</y><time>14-05-20 16:48:02:618</time></pt><pt><x>359</x><y>363</y><time>14-05-20 16:48:03:050</time></pt><pt><x>358</x><y>377</y><time>14-05-20 16:48:03:450</time></pt><pt><x>358</x><y>388</y><time>14-05-20 16:48:03:762</time></pt><pt><x>358</x><y>402</y><time>14-05-20 16:48:04:114</time></pt><pt><x>361</x><y>412</y><time>14-05-20 16:48:04:450</time></pt><pt><x>363</x><y>419</y><time>14-05-20 16:48:04:802</time></pt><pt><x>367</x><y>430</y><time>14-05-20 16:48:05:186</time></pt><pt><x>371</x><y>437</y><time>14-05-20 16:48:05:522</time></pt><pt><x>379</x><y>441</y><time>14-05-20 16:48:05:922</time></pt><pt><x>390</x><y>446</y><time>14-05-20 16:48:06:490</time></pt><pt><x>403</x><y>446</y><time>14-05-20 16:48:06:842</time></pt><pt><x>409</x><y>436</y><time>14-05-20 16:48:07:210</time></pt><pt><x>414</x><y>427</y><time>14-05-20 16:48:07:514</time></pt><pt><x>421</x><y>412</y><time>14-05-20 16:48:07:858</time></pt><pt><x>423</x><y>398</y><time>14-05-20 16:48:08:194</time></pt><pt><x>423</x><y>386</y><time>14-05-20 16:48:08:530</time></pt><pt><x>424</x><y>378</y><time>14-05-20 16:48:08:850</time></pt><pt><x>424</x><y>365</y><time>14-05-20 16:48:09:154</time></pt><pt><x>416</x><y>348</y><time>14-05-20 16:48:09:506</time></pt><pt><x>414</x><y>336</y><time>14-05-20 16:48:09:954</time></pt><pt><x>408</x><y>320</y><time>14-05-20 16:48:10:306</time></pt><pt><x>407</x><y>309</y><time>14-05-20 16:48:10:650</time></pt><pt><x>403</x><y>302</y><time>14-05-20 16:48:11:082</time></pt><closed_date>14-05-20 16:48:12:010</closed_date></polygon></object></annotation>