<annotation><filename>angle0_17.jpg</filename><folder>users/lab605//shoes_new</folder><source><submittedBy>lab605</submittedBy></source><imagesize><nrows>480</nrows><ncols>640</ncols></imagesize><object><name>right_shoe</name><deleted>0</deleted><verified>0</verified><occluded>no</occluded><attributes></attributes><parts><hasparts></hasparts><ispartof></ispartof></parts><date>14-05-20 16:50:22:466</date><id>0</id><polygon><username>lab605</username><pt><x>267</x><y>30</y><time>14-05-20 16:49:42:388</time></pt><pt><x>266</x><y>47</y><time>14-05-20 16:49:43:486</time></pt><pt><x>263</x><y>63</y><time>14-05-20 16:49:44:152</time></pt><pt><x>262</x><y>76</y><time>14-05-20 16:49:45:662</time></pt><pt><x>262</x><y>91</y><time>14-05-20 16:49:46:243</time></pt><pt><x>262</x><y>102</y><time>14-05-20 16:49:47:170</time></pt><pt><x>265</x><y>113</y><time>14-05-20 16:49:48:252</time></pt><pt><x>270</x><y>124</y><time>14-05-20 16:49:48:852</time></pt><pt><x>276</x><y>133</y><time>14-05-20 16:49:50:342</time></pt><pt><x>283</x><y>140</y><time>14-05-20 16:49:56:672</time></pt><pt><x>293</x><y>140</y><time>14-05-20 16:49:57:431</time></pt><pt><x>299</x><y>133</y><time>14-05-20 16:49:58:111</time></pt><pt><x>304</x><y>128</y><time>14-05-20 16:49:58:764</time></pt><pt><x>305</x><y>120</y><time>14-05-20 16:49:59:348</time></pt><pt><x>309</x><y>107</y><time>14-05-20 16:50:01:089</time></pt><pt><x>309</x><y>95</y><time>14-05-20 16:50:01:889</time></pt><pt><x>309</x><y>83</y><time>14-05-20 16:50:02:614</time></pt><pt><x>309</x><y>70</y><time>14-05-20 16:50:03:483</time></pt><pt><x>309</x><y>64</y><time>14-05-20 16:50:04:330</time></pt><pt><x>308</x><y>54</y><time>14-05-20 16:50:05:315</time></pt><pt><x>307</x><y>46</y><time>14-05-20 16:50:05:875</time></pt><pt><x>309</x><y>33</y><time>14-05-20 16:50:07:107</time></pt><pt><x>309</x><y>23</y><time>14-05-20 16:50:08:599</time></pt><pt><x>306</x><y>15</y><time>14-05-20 16:50:09:556</time></pt><pt><x>302</x><y>9</y><time>14-05-20 16:50:10:268</time></pt><pt><x>300</x><y>8</y><time>14-05-20 16:50:10:949</time></pt><closed_date>14-05-20 16:50:12:259</closed_date></polygon></object><object><name>left_shoe</name><deleted>0</deleted><verified>0</verified><occluded>no</occluded><attributes></attributes><parts><hasparts></hasparts><ispartof></ispartof></parts><date>14-05-20 16:50:58:229</date><id>1</id><polygon><username>lab605</username><pt><x>347</x><y>4</y><time>14-05-20 16:50:25:586</time></pt><pt><x>339</x><y>14</y><time>14-05-20 16:50:26:692</time></pt><pt><x>337</x><y>20</y><time>14-05-20 16:50:27:780</time></pt><pt><x>335</x><y>29</y><time>14-05-20 16:50:28:572</time></pt><pt><x>336</x><y>40</y><time>14-05-20 16:50:29:353</time></pt><pt><x>339</x><y>49</y><time>14-05-20 16:50:30:774</time></pt><pt><x>340</x><y>56</y><time>14-05-20 16:50:31:596</time></pt><pt><x>338</x><y>72</y><time>14-05-20 16:50:32:578</time></pt><pt><x>338</x><y>82</y><time>14-05-20 16:50:33:440</time></pt><pt><x>337</x><y>96</y><time>14-05-20 16:50:34:321</time></pt><pt><x>338</x><y>107</y><time>14-05-20 16:50:35:082</time></pt><pt><x>339</x><y>119</y><time>14-05-20 16:50:35:748</time></pt><pt><x>341</x><y>127</y><time>14-05-20 16:50:37:366</time></pt><pt><x>346</x><y>133</y><time>14-05-20 16:50:37:911</time></pt><pt><x>351</x><y>137</y><time>14-05-20 16:50:38:784</time></pt><pt><x>360</x><y>137</y><time>14-05-20 16:50:39:516</time></pt><pt><x>368</x><y>132</y><time>14-05-20 16:50:41:345</time></pt><pt><x>370</x><y>126</y><time>14-05-20 16:50:41:953</time></pt><pt><x>373</x><y>119</y><time>14-05-20 16:50:42:555</time></pt><pt><x>377</x><y>112</y><time>14-05-20 16:50:43:149</time></pt><pt><x>380</x><y>103</y><time>14-05-20 16:50:43:749</time></pt><pt><x>381</x><y>90</y><time>14-05-20 16:50:44:720</time></pt><pt><x>381</x><y>80</y><time>14-05-20 16:50:45:794</time></pt><pt><x>381</x><y>69</y><time>14-05-20 16:50:46:533</time></pt><pt><x>380</x><y>57</y><time>14-05-20 16:50:47:547</time></pt><pt><x>378</x><y>49</y><time>14-05-20 16:50:48:131</time></pt><pt><x>379</x><y>41</y><time>14-05-20 16:50:49:233</time></pt><pt><x>379</x><y>33</y><time>14-05-20 16:50:49:865</time></pt><pt><x>378</x><y>27</y><time>14-05-20 16:50:51:766</time></pt><closed_date>14-05-20 16:50:52:683</closed_date></polygon></object></annotation>