<annotation><filename>angle0_88.jpg</filename><folder>users/lab605//shoes_new</folder><source><submittedBy>lab605</submittedBy></source><imagesize><nrows>480</nrows><ncols>640</ncols></imagesize><object><name>right_shoe</name><deleted>0</deleted><verified>0</verified><occluded>no</occluded><attributes></attributes><parts><hasparts></hasparts><ispartof></ispartof></parts><date>14-05-20 17:24:07:084</date><id>0</id><polygon><username>lab605</username><pt><x>242</x><y>228</y><time>14-05-20 17:23:33:461</time></pt><pt><x>242</x><y>250</y><time>14-05-20 17:23:34:072</time></pt><pt><x>243</x><y>263</y><time>14-05-20 17:23:34:848</time></pt><pt><x>242</x><y>275</y><time>14-05-20 17:23:35:602</time></pt><pt><x>244</x><y>282</y><time>14-05-20 17:23:36:579</time></pt><pt><x>242</x><y>288</y><time>14-05-20 17:23:37:175</time></pt><pt><x>238</x><y>293</y><time>14-05-20 17:23:37:789</time></pt><pt><x>236</x><y>303</y><time>14-05-20 17:23:38:466</time></pt><pt><x>235</x><y>314</y><time>14-05-20 17:23:39:313</time></pt><pt><x>237</x><y>322</y><time>14-05-20 17:23:40:578</time></pt><pt><x>238</x><y>331</y><time>14-05-20 17:23:41:405</time></pt><pt><x>242</x><y>339</y><time>14-05-20 17:23:42:107</time></pt><pt><x>245</x><y>347</y><time>14-05-20 17:23:42:920</time></pt><pt><x>250</x><y>352</y><time>14-05-20 17:23:43:738</time></pt><pt><x>257</x><y>360</y><time>14-05-20 17:23:44:315</time></pt><pt><x>266</x><y>364</y><time>14-05-20 17:23:44:976</time></pt><pt><x>272</x><y>366</y><time>14-05-20 17:23:45:886</time></pt><pt><x>283</x><y>366</y><time>14-05-20 17:23:46:538</time></pt><pt><x>293</x><y>363</y><time>14-05-20 17:23:47:508</time></pt><pt><x>301</x><y>360</y><time>14-05-20 17:23:48:185</time></pt><pt><x>306</x><y>352</y><time>14-05-20 17:23:48:868</time></pt><pt><x>309</x><y>340</y><time>14-05-20 17:23:49:742</time></pt><pt><x>310</x><y>331</y><time>14-05-20 17:23:50:651</time></pt><pt><x>309</x><y>321</y><time>14-05-20 17:23:51:359</time></pt><pt><x>308</x><y>309</y><time>14-05-20 17:23:51:980</time></pt><pt><x>305</x><y>298</y><time>14-05-20 17:23:52:643</time></pt><pt><x>302</x><y>290</y><time>14-05-20 17:23:53:186</time></pt><pt><x>303</x><y>276</y><time>14-05-20 17:23:55:170</time></pt><pt><x>306</x><y>259</y><time>14-05-20 17:23:56:151</time></pt><pt><x>307</x><y>248</y><time>14-05-20 17:23:56:924</time></pt><pt><x>305</x><y>237</y><time>14-05-20 17:23:57:515</time></pt><pt><x>305</x><y>227</y><time>14-05-20 17:23:58:768</time></pt><pt><x>298</x><y>214</y><time>14-05-20 17:23:59:889</time></pt><pt><x>293</x><y>204</y><time>14-05-20 17:24:00:754</time></pt><closed_date>14-05-20 17:24:01:541</closed_date></polygon></object><object><name>left_shoe</name><deleted>0</deleted><verified>0</verified><occluded>no</occluded><attributes></attributes><parts><hasparts></hasparts><ispartof></ispartof></parts><date>14-05-20 17:24:47:558</date><id>1</id><polygon><username>lab605</username><pt><x>335</x><y>201</y><time>14-05-20 17:24:09:165</time></pt><pt><x>328</x><y>208</y><time>14-05-20 17:24:10:114</time></pt><pt><x>326</x><y>214</y><time>14-05-20 17:24:10:909</time></pt><pt><x>325</x><y>224</y><time>14-05-20 17:24:11:477</time></pt><pt><x>326</x><y>235</y><time>14-05-20 17:24:13:145</time></pt><pt><x>331</x><y>245</y><time>14-05-20 17:24:13:896</time></pt><pt><x>332</x><y>258</y><time>14-05-20 17:24:14:544</time></pt><pt><x>333</x><y>272</y><time>14-05-20 17:24:15:347</time></pt><pt><x>331</x><y>284</y><time>14-05-20 17:24:16:080</time></pt><pt><x>328</x><y>297</y><time>14-05-20 17:24:17:031</time></pt><pt><x>326</x><y>309</y><time>14-05-20 17:24:18:047</time></pt><pt><x>326</x><y>318</y><time>14-05-20 17:24:19:214</time></pt><pt><x>328</x><y>331</y><time>14-05-20 17:24:21:250</time></pt><pt><x>331</x><y>339</y><time>14-05-20 17:24:21:841</time></pt><pt><x>335</x><y>348</y><time>14-05-20 17:24:23:005</time></pt><pt><x>340</x><y>356</y><time>14-05-20 17:24:24:045</time></pt><pt><x>352</x><y>359</y><time>14-05-20 17:24:25:058</time></pt><pt><x>361</x><y>358</y><time>14-05-20 17:24:25:761</time></pt><pt><x>368</x><y>356</y><time>14-05-20 17:24:26:379</time></pt><pt><x>377</x><y>354</y><time>14-05-20 17:24:26:999</time></pt><pt><x>385</x><y>347</y><time>14-05-20 17:24:28:225</time></pt><pt><x>389</x><y>337</y><time>14-05-20 17:24:28:874</time></pt><pt><x>393</x><y>327</y><time>14-05-20 17:24:29:751</time></pt><pt><x>396</x><y>319</y><time>14-05-20 17:24:30:279</time></pt><pt><x>396</x><y>311</y><time>14-05-20 17:24:30:825</time></pt><pt><x>396</x><y>301</y><time>14-05-20 17:24:31:419</time></pt><pt><x>394</x><y>287</y><time>14-05-20 17:24:33:804</time></pt><pt><x>392</x><y>280</y><time>14-05-20 17:24:34:522</time></pt><pt><x>388</x><y>270</y><time>14-05-20 17:24:35:301</time></pt><pt><x>388</x><y>257</y><time>14-05-20 17:24:36:250</time></pt><pt><x>389</x><y>247</y><time>14-05-20 17:24:37:072</time></pt><pt><x>392</x><y>237</y><time>14-05-20 17:24:38:037</time></pt><pt><x>391</x><y>228</y><time>14-05-20 17:24:38:770</time></pt><pt><x>389</x><y>221</y><time>14-05-20 17:24:39:589</time></pt><closed_date>14-05-20 17:24:41:639</closed_date></polygon></object></annotation>