<annotation><filename>angle0_54.jpg</filename><folder>users/lab605//shoes_new</folder><source><submittedBy>lab605</submittedBy></source><imagesize><nrows>480</nrows><ncols>640</ncols></imagesize><object><name>right_shoe</name><deleted>0</deleted><verified>0</verified><occluded>no</occluded><attributes></attributes><parts><hasparts></hasparts><ispartof></ispartof></parts><date>14-05-20 16:24:53:300</date><id>0</id><polygon><username>samliu</username><pt><x>311</x><y>57</y><time>14-05-20 16:23:18:242</time></pt><pt><x>286</x><y>122</y><time>14-05-20 16:23:20:059</time></pt><pt><x>276</x><y>171</y><time>14-05-20 16:23:22:159</time></pt><pt><x>272</x><y>200</y><time>14-05-20 16:23:24:245</time></pt><pt><x>275</x><y>242</y><time>14-05-20 16:23:26:035</time></pt><pt><x>285</x><y>268</y><time>14-05-20 16:23:27:297</time></pt><pt><x>303</x><y>291</y><time>14-05-20 16:23:28:786</time></pt><pt><x>327</x><y>299</y><time>14-05-20 16:23:29:786</time></pt><pt><x>349</x><y>295</y><time>14-05-20 16:23:31:010</time></pt><pt><x>365</x><y>282</y><time>14-05-20 16:23:32:287</time></pt><pt><x>374</x><y>266</y><time>14-05-20 16:23:33:861</time></pt><pt><x>383</x><y>243</y><time>14-05-20 16:23:34:900</time></pt><pt><x>392</x><y>199</y><time>14-05-20 16:23:54:735</time></pt><pt><x>399</x><y>167</y><time>14-05-20 16:23:56:742</time></pt><pt><x>413</x><y>90</y><time>14-05-20 16:24:39:565</time></pt><pt><x>414</x><y>66</y><time>14-05-20 16:24:42:889</time></pt><closed_date>14-05-20 16:24:43:874</closed_date></polygon></object><object><name>left_shoe</name><deleted>0</deleted><verified>0</verified><occluded>no</occluded><attributes></attributes><parts><hasparts></hasparts><ispartof></ispartof></parts><date>14-05-20 16:25:29:253</date><id>1</id><polygon><username>samliu</username><pt><x>520</x><y>68</y><time>14-05-20 16:24:55:869</time></pt><pt><x>520</x><y>123</y><time>14-05-20 16:24:57:169</time></pt><pt><x>522</x><y>180</y><time>14-05-20 16:24:58:051</time></pt><pt><x>516</x><y>227</y><time>14-05-20 16:24:59:509</time></pt><pt><x>502</x><y>268</y><time>14-05-20 16:25:00:423</time></pt><pt><x>476</x><y>305</y><time>14-05-20 16:25:01:444</time></pt><pt><x>437</x><y>321</y><time>14-05-20 16:25:02:933</time></pt><pt><x>397</x><y>305</y><time>14-05-20 16:25:04:351</time></pt><pt><x>384</x><y>268</y><time>14-05-20 16:25:05:645</time></pt><pt><x>384</x><y>242</y><time>14-05-20 16:25:06:961</time></pt><pt><x>408</x><y>118</y><time>14-05-20 16:25:10:037</time></pt><pt><x>415</x><y>68</y><time>14-05-20 16:25:12:456</time></pt><closed_date>14-05-20 16:25:15:494</closed_date></polygon></object></annotation>