<annotation><filename>angle0_44.jpg</filename><folder>users/lab605//shoes_new</folder><source><submittedBy>lab605</submittedBy></source><imagesize><nrows>480</nrows><ncols>640</ncols></imagesize><object><name>right_shoe</name><deleted>0</deleted><verified>0</verified><occluded>no</occluded><attributes></attributes><parts><hasparts></hasparts><ispartof></ispartof></parts><date>14-05-20 16:46:13:469</date><id>0</id><polygon><username>anonymous</username><pt><x>277</x><y>215</y><time>14-05-20 16:45:58:410</time></pt><pt><x>277</x><y>225</y><time>14-05-20 16:45:58:787</time></pt><pt><x>273</x><y>237</y><time>14-05-20 16:45:59:131</time></pt><pt><x>271</x><y>246</y><time>14-05-20 16:45:59:515</time></pt><pt><x>271</x><y>256</y><time>14-05-20 16:45:59:891</time></pt><pt><x>271</x><y>267</y><time>14-05-20 16:46:00:275</time></pt><pt><x>270</x><y>279</y><time>14-05-20 16:46:00:699</time></pt><pt><x>269</x><y>286</y><time>14-05-20 16:46:01:051</time></pt><pt><x>272</x><y>298</y><time>14-05-20 16:46:01:387</time></pt><pt><x>278</x><y>310</y><time>14-05-20 16:46:01:803</time></pt><pt><x>285</x><y>317</y><time>14-05-20 16:46:02:171</time></pt><pt><x>295</x><y>319</y><time>14-05-20 16:46:02:531</time></pt><pt><x>314</x><y>315</y><time>14-05-20 16:46:03:115</time></pt><pt><x>319</x><y>307</y><time>14-05-20 16:46:03:467</time></pt><pt><x>323</x><y>293</y><time>14-05-20 16:46:03:795</time></pt><pt><x>325</x><y>279</y><time>14-05-20 16:46:04:107</time></pt><pt><x>327</x><y>265</y><time>14-05-20 16:46:04:419</time></pt><pt><x>327</x><y>245</y><time>14-05-20 16:46:04:755</time></pt><pt><x>321</x><y>229</y><time>14-05-20 16:46:05:259</time></pt><pt><x>321</x><y>218</y><time>14-05-20 16:46:05:595</time></pt><pt><x>320</x><y>206</y><time>14-05-20 16:46:05:899</time></pt><pt><x>320</x><y>196</y><time>14-05-20 16:46:06:202</time></pt><pt><x>320</x><y>193</y><time>14-05-20 16:46:06:546</time></pt><pt><x>319</x><y>189</y><time>14-05-20 16:46:07:059</time></pt><pt><x>281</x><y>212</y><time>14-05-20 16:46:07:883</time></pt><closed_date>14-05-20 16:46:08:779</closed_date></polygon></object><object><name>left_shoe</name><deleted>0</deleted><verified>0</verified><occluded>no</occluded><attributes></attributes><parts><hasparts></hasparts><ispartof></ispartof></parts><date>14-05-20 16:46:30:558</date><id>1</id><polygon><username>anonymous</username><pt><x>383</x><y>209</y><time>14-05-20 16:46:15:867</time></pt><pt><x>383</x><y>221</y><time>14-05-20 16:46:16:219</time></pt><pt><x>381</x><y>233</y><time>14-05-20 16:46:16:555</time></pt><pt><x>383</x><y>242</y><time>14-05-20 16:46:16:907</time></pt><pt><x>387</x><y>252</y><time>14-05-20 16:46:17:291</time></pt><pt><x>387</x><y>260</y><time>14-05-20 16:46:17:658</time></pt><pt><x>388</x><y>273</y><time>14-05-20 16:46:17:938</time></pt><pt><x>387</x><y>281</y><time>14-05-20 16:46:18:291</time></pt><pt><x>386</x><y>290</y><time>14-05-20 16:46:18:691</time></pt><pt><x>386</x><y>300</y><time>14-05-20 16:46:19:139</time></pt><pt><x>381</x><y>307</y><time>14-05-20 16:46:19:563</time></pt><pt><x>372</x><y>313</y><time>14-05-20 16:46:19:914</time></pt><pt><x>365</x><y>318</y><time>14-05-20 16:46:20:274</time></pt><pt><x>354</x><y>319</y><time>14-05-20 16:46:20:570</time></pt><pt><x>347</x><y>313</y><time>14-05-20 16:46:20:914</time></pt><pt><x>339</x><y>309</y><time>14-05-20 16:46:21:266</time></pt><pt><x>336</x><y>302</y><time>14-05-20 16:46:21:562</time></pt><pt><x>335</x><y>286</y><time>14-05-20 16:46:21:922</time></pt><pt><x>335</x><y>275</y><time>14-05-20 16:46:22:258</time></pt><pt><x>336</x><y>259</y><time>14-05-20 16:46:22:571</time></pt><pt><x>337</x><y>239</y><time>14-05-20 16:46:22:874</time></pt><pt><x>338</x><y>222</y><time>14-05-20 16:46:23:178</time></pt><pt><x>336</x><y>209</y><time>14-05-20 16:46:23:570</time></pt><pt><x>336</x><y>203</y><time>14-05-20 16:46:24:266</time></pt><closed_date>14-05-20 16:46:24:938</closed_date></polygon></object></annotation>