<annotation><filename>angle0_52.jpg</filename><folder>users/lab605//shoes_new</folder><source><submittedBy>lab605</submittedBy></source><imagesize><nrows>480</nrows><ncols>640</ncols></imagesize><object><name>right_shoe</name><deleted>0</deleted><verified>0</verified><occluded>no</occluded><attributes></attributes><parts><hasparts></hasparts><ispartof></ispartof></parts><date>14-05-20 16:20:17:059</date><id>0</id><polygon><username>samliu</username><pt><x>320</x><y>131</y><time>14-05-20 16:19:16:143</time></pt><pt><x>335</x><y>143</y><time>14-05-20 16:19:19:233</time></pt><pt><x>341</x><y>163</y><time>14-05-20 16:19:20:295</time></pt><pt><x>338</x><y>201</y><time>14-05-20 16:19:22:807</time></pt><pt><x>338</x><y>215</y><time>14-05-20 16:19:26:007</time></pt><pt><x>341</x><y>237</y><time>14-05-20 16:19:27:372</time></pt><pt><x>341</x><y>255</y><time>14-05-20 16:19:28:868</time></pt><pt><x>327</x><y>276</y><time>14-05-20 16:19:30:760</time></pt><pt><x>302</x><y>274</y><time>14-05-20 16:19:32:992</time></pt><pt><x>287</x><y>237</y><time>14-05-20 16:19:35:402</time></pt><pt><x>288</x><y>208</y><time>14-05-20 16:19:37:370</time></pt><pt><x>291</x><y>191</y><time>14-05-20 16:19:42:875</time></pt><pt><x>289</x><y>177</y><time>14-05-20 16:19:45:632</time></pt><pt><x>290</x><y>163</y><time>14-05-20 16:19:47:664</time></pt><closed_date>14-05-20 16:19:49:107</closed_date></polygon></object><object><name>left_shoe</name><deleted>0</deleted><verified>0</verified><occluded>no</occluded><attributes></attributes><parts><hasparts></hasparts><ispartof></ispartof></parts><date>14-05-20 16:21:16:971</date><id>1</id><polygon><username>samliu</username><pt><x>393</x><y>211</y><time>14-05-20 16:20:21:837</time></pt><pt><x>385</x><y>233</y><time>14-05-20 16:20:23:275</time></pt><pt><x>383</x><y>241</y><time>14-05-20 16:20:24:431</time></pt><pt><x>385</x><y>252</y><time>14-05-20 16:20:27:981</time></pt><pt><x>386</x><y>278</y><time>14-05-20 16:20:29:601</time></pt><pt><x>384</x><y>298</y><time>14-05-20 16:20:30:507</time></pt><pt><x>382</x><y>312</y><time>14-05-20 16:20:37:166</time></pt><pt><x>386</x><y>327</y><time>14-05-20 16:20:38:761</time></pt><pt><x>389</x><y>347</y><time>14-05-20 16:20:41:961</time></pt><pt><x>403</x><y>356</y><time>14-05-20 16:20:44:730</time></pt><pt><x>417</x><y>353</y><time>14-05-20 16:20:46:124</time></pt><pt><x>431</x><y>330</y><time>14-05-20 16:20:48:195</time></pt><pt><x>438</x><y>309</y><time>14-05-20 16:20:50:286</time></pt><pt><x>440</x><y>285</y><time>14-05-20 16:20:56:378</time></pt><pt><x>435</x><y>270</y><time>14-05-20 16:21:00:036</time></pt><pt><x>435</x><y>250</y><time>14-05-20 16:21:02:113</time></pt><pt><x>434</x><y>239</y><time>14-05-20 16:21:03:633</time></pt><pt><x>431</x><y>230</y><time>14-05-20 16:21:06:181</time></pt><closed_date>14-05-20 16:21:07:367</closed_date></polygon></object></annotation>