<annotation><filename>angle0_71.jpg</filename><folder>users/lab605//shoes_new</folder><source><submittedBy>lab605</submittedBy></source><imagesize><nrows>480</nrows><ncols>640</ncols></imagesize><object><name>right_shoe</name><deleted>0</deleted><verified>0</verified><occluded>no</occluded><attributes></attributes><parts><hasparts></hasparts><ispartof></ispartof></parts><date>14-05-20 17:04:01:360</date><id>0</id><polygon><username>samliu</username><pt><x>370</x><y>42</y><time>14-05-20 17:03:37:379</time></pt><pt><x>385</x><y>69</y><time>14-05-20 17:03:38:022</time></pt><pt><x>382</x><y>102</y><time>14-05-20 17:03:38:517</time></pt><pt><x>370</x><y>120</y><time>14-05-20 17:03:39:051</time></pt><pt><x>362</x><y>135</y><time>14-05-20 17:03:39:555</time></pt><pt><x>365</x><y>155</y><time>14-05-20 17:03:40:867</time></pt><pt><x>368</x><y>174</y><time>14-05-20 17:03:41:347</time></pt><pt><x>376</x><y>200</y><time>14-05-20 17:03:41:921</time></pt><pt><x>363</x><y>233</y><time>14-05-20 17:03:42:619</time></pt><pt><x>347</x><y>257</y><time>14-05-20 17:03:43:349</time></pt><pt><x>324</x><y>267</y><time>14-05-20 17:03:44:131</time></pt><pt><x>293</x><y>266</y><time>14-05-20 17:03:46:381</time></pt><pt><x>280</x><y>247</y><time>14-05-20 17:03:46:869</time></pt><pt><x>272</x><y>229</y><time>14-05-20 17:03:47:373</time></pt><pt><x>268</x><y>209</y><time>14-05-20 17:03:47:877</time></pt><pt><x>276</x><y>156</y><time>14-05-20 17:03:48:732</time></pt><pt><x>280</x><y>106</y><time>14-05-20 17:03:49:793</time></pt><pt><x>284</x><y>80</y><time>14-05-20 17:03:50:451</time></pt><pt><x>279</x><y>64</y><time>14-05-20 17:03:50:933</time></pt><pt><x>277</x><y>53</y><time>14-05-20 17:03:51:545</time></pt><pt><x>289</x><y>56</y><time>14-05-20 17:03:52:165</time></pt><closed_date>14-05-20 17:03:53:855</closed_date></polygon></object></annotation>