<annotation><filename>angle0_62.jpg</filename><folder>users/lab605//shoes_new</folder><source><submittedBy>lab605</submittedBy></source><imagesize><nrows>480</nrows><ncols>640</ncols></imagesize><object><name>right_shoe</name><deleted>0</deleted><verified>0</verified><occluded>no</occluded><attributes></attributes><parts><hasparts></hasparts><ispartof></ispartof></parts><date>14-05-20 16:45:10:738</date><id>0</id><polygon><username>samliu</username><pt><x>256</x><y>89</y><time>14-05-20 16:44:40:968</time></pt><pt><x>262</x><y>132</y><time>14-05-20 16:44:42:230</time></pt><pt><x>256</x><y>166</y><time>14-05-20 16:44:43:601</time></pt><pt><x>249</x><y>201</y><time>14-05-20 16:44:46:447</time></pt><pt><x>262</x><y>249</y><time>14-05-20 16:44:49:765</time></pt><pt><x>259</x><y>283</y><time>14-05-20 16:44:50:782</time></pt><pt><x>252</x><y>306</y><time>14-05-20 16:44:51:727</time></pt><pt><x>236</x><y>326</y><time>14-05-20 16:44:53:068</time></pt><pt><x>202</x><y>326</y><time>14-05-20 16:44:54:363</time></pt><pt><x>180</x><y>304</y><time>14-05-20 16:44:55:812</time></pt><pt><x>164</x><y>260</y><time>14-05-20 16:44:57:153</time></pt><pt><x>165</x><y>227</y><time>14-05-20 16:44:58:091</time></pt><pt><x>171</x><y>201</y><time>14-05-20 16:44:58:976</time></pt><pt><x>176</x><y>182</y><time>14-05-20 16:44:59:874</time></pt><pt><x>181</x><y>155</y><time>14-05-20 16:45:00:509</time></pt><pt><x>188</x><y>123</y><time>14-05-20 16:45:01:122</time></pt><closed_date>14-05-20 16:45:02:100</closed_date></polygon></object><object><name>left_shoe</name><deleted>0</deleted><verified>0</verified><occluded>no</occluded><attributes></attributes><parts><hasparts></hasparts><ispartof></ispartof></parts><date>14-05-20 16:45:48:956</date><id>1</id><polygon><username>samliu</username><pt><x>376</x><y>83</y><time>14-05-20 16:45:12:810</time></pt><pt><x>370</x><y>127</y><time>14-05-20 16:45:13:574</time></pt><pt><x>372</x><y>161</y><time>14-05-20 16:45:14:697</time></pt><pt><x>380</x><y>201</y><time>14-05-20 16:45:15:776</time></pt><pt><x>378</x><y>224</y><time>14-05-20 16:45:17:094</time></pt><pt><x>372</x><y>255</y><time>14-05-20 16:45:22:376</time></pt><pt><x>378</x><y>288</y><time>14-05-20 16:45:24:244</time></pt><pt><x>391</x><y>312</y><time>14-05-20 16:45:25:369</time></pt><pt><x>407</x><y>321</y><time>14-05-20 16:45:26:414</time></pt><pt><x>426</x><y>320</y><time>14-05-20 16:45:27:600</time></pt><pt><x>440</x><y>313</y><time>14-05-20 16:45:29:004</time></pt><pt><x>453</x><y>296</y><time>14-05-20 16:45:30:616</time></pt><pt><x>464</x><y>259</y><time>14-05-20 16:45:31:664</time></pt><pt><x>466</x><y>233</y><time>14-05-20 16:45:34:308</time></pt><pt><x>458</x><y>190</y><time>14-05-20 16:45:38:101</time></pt><pt><x>450</x><y>163</y><time>14-05-20 16:45:39:132</time></pt><pt><x>445</x><y>141</y><time>14-05-20 16:45:39:743</time></pt><pt><x>442</x><y>127</y><time>14-05-20 16:45:40:450</time></pt><closed_date>14-05-20 16:45:43:302</closed_date></polygon></object></annotation>