<annotation><filename>angle0_41.jpg</filename><folder>users/lab605//shoes_new</folder><source><submittedBy>lab605</submittedBy></source><imagesize><nrows>480</nrows><ncols>640</ncols></imagesize><object><name>right_shoe</name><deleted>0</deleted><verified>0</verified><occluded>no</occluded><attributes></attributes><parts><hasparts></hasparts><ispartof></ispartof></parts><date>14-05-20 16:43:57:060</date><id>0</id><polygon><username>anonymous</username><pt><x>222</x><y>108</y><time>14-05-20 16:43:34:837</time></pt><pt><x>217</x><y>123</y><time>14-05-20 16:43:35:228</time></pt><pt><x>216</x><y>138</y><time>14-05-20 16:43:35:628</time></pt><pt><x>214</x><y>152</y><time>14-05-20 16:43:35:956</time></pt><pt><x>212</x><y>166</y><time>14-05-20 16:43:36:276</time></pt><pt><x>208</x><y>179</y><time>14-05-20 16:43:36:604</time></pt><pt><x>204</x><y>194</y><time>14-05-20 16:43:36:956</time></pt><pt><x>202</x><y>215</y><time>14-05-20 16:43:37:412</time></pt><pt><x>197</x><y>236</y><time>14-05-20 16:43:37:812</time></pt><pt><x>197</x><y>254</y><time>14-05-20 16:43:38:156</time></pt><pt><x>197</x><y>273</y><time>14-05-20 16:43:38:468</time></pt><pt><x>199</x><y>293</y><time>14-05-20 16:43:38:812</time></pt><pt><x>203</x><y>315</y><time>14-05-20 16:43:39:219</time></pt><pt><x>207</x><y>337</y><time>14-05-20 16:43:39:892</time></pt><pt><x>213</x><y>353</y><time>14-05-20 16:43:40:324</time></pt><pt><x>221</x><y>369</y><time>14-05-20 16:43:40:708</time></pt><pt><x>229</x><y>380</y><time>14-05-20 16:43:41:084</time></pt><pt><x>236</x><y>386</y><time>14-05-20 16:43:41:420</time></pt><pt><x>248</x><y>394</y><time>14-05-20 16:43:41:676</time></pt><pt><x>261</x><y>398</y><time>14-05-20 16:43:42:020</time></pt><pt><x>278</x><y>403</y><time>14-05-20 16:43:42:348</time></pt><pt><x>299</x><y>406</y><time>14-05-20 16:43:42:692</time></pt><pt><x>314</x><y>400</y><time>14-05-20 16:43:43:084</time></pt><pt><x>325</x><y>395</y><time>14-05-20 16:43:43:348</time></pt><pt><x>339</x><y>386</y><time>14-05-20 16:43:43:684</time></pt><pt><x>346</x><y>375</y><time>14-05-20 16:43:43:995</time></pt><pt><x>349</x><y>358</y><time>14-05-20 16:43:44:283</time></pt><pt><x>353</x><y>346</y><time>14-05-20 16:43:44:603</time></pt><pt><x>360</x><y>327</y><time>14-05-20 16:43:44:916</time></pt><pt><x>363</x><y>304</y><time>14-05-20 16:43:45:260</time></pt><pt><x>363</x><y>288</y><time>14-05-20 16:43:45:627</time></pt><pt><x>363</x><y>272</y><time>14-05-20 16:43:45:924</time></pt><pt><x>358</x><y>257</y><time>14-05-20 16:43:46:227</time></pt><pt><x>353</x><y>238</y><time>14-05-20 16:43:46:523</time></pt><pt><x>348</x><y>220</y><time>14-05-20 16:43:46:884</time></pt><pt><x>348</x><y>203</y><time>14-05-20 16:43:47:212</time></pt><pt><x>348</x><y>184</y><time>14-05-20 16:43:47:531</time></pt><pt><x>347</x><y>164</y><time>14-05-20 16:43:47:892</time></pt><pt><x>353</x><y>129</y><time>14-05-20 16:43:48:260</time></pt><pt><x>352</x><y>118</y><time>14-05-20 16:43:48:611</time></pt><pt><x>351</x><y>97</y><time>14-05-20 16:43:48:916</time></pt><pt><x>351</x><y>86</y><time>14-05-20 16:43:49:195</time></pt><pt><x>349</x><y>69</y><time>14-05-20 16:43:49:507</time></pt><pt><x>348</x><y>56</y><time>14-05-20 16:43:49:835</time></pt><pt><x>349</x><y>49</y><time>14-05-20 16:43:50:332</time></pt><closed_date>14-05-20 16:43:51:548</closed_date></polygon></object><object><name>left_shoe</name><deleted>0</deleted><verified>0</verified><occluded>no</occluded><attributes></attributes><parts><hasparts></hasparts><ispartof></ispartof></parts><date>14-05-20 16:44:23:011</date><id>1</id><polygon><username>anonymous</username><pt><x>360</x><y>58</y><time>14-05-20 16:43:58:597</time></pt><pt><x>358</x><y>80</y><time>14-05-20 16:43:59:011</time></pt><pt><x>361</x><y>96</y><time>14-05-20 16:43:59:355</time></pt><pt><x>364</x><y>109</y><time>14-05-20 16:43:59:659</time></pt><pt><x>367</x><y>127</y><time>14-05-20 16:43:59:979</time></pt><pt><x>367</x><y>141</y><time>14-05-20 16:44:00:300</time></pt><pt><x>371</x><y>166</y><time>14-05-20 16:44:00:939</time></pt><pt><x>371</x><y>184</y><time>14-05-20 16:44:01:267</time></pt><pt><x>367</x><y>201</y><time>14-05-20 16:44:01:835</time></pt><pt><x>364</x><y>215</y><time>14-05-20 16:44:02:147</time></pt><pt><x>364</x><y>230</y><time>14-05-20 16:44:02:451</time></pt><pt><x>362</x><y>248</y><time>14-05-20 16:44:02:771</time></pt><pt><x>361</x><y>263</y><time>14-05-20 16:44:03:027</time></pt><pt><x>367</x><y>283</y><time>14-05-20 16:44:03:491</time></pt><pt><x>372</x><y>311</y><time>14-05-20 16:44:04:115</time></pt><pt><x>377</x><y>326</y><time>14-05-20 16:44:04:507</time></pt><pt><x>381</x><y>337</y><time>14-05-20 16:44:04:891</time></pt><pt><x>395</x><y>346</y><time>14-05-20 16:44:05:243</time></pt><pt><x>408</x><y>349</y><time>14-05-20 16:44:05:635</time></pt><pt><x>428</x><y>353</y><time>14-05-20 16:44:06:163</time></pt><pt><x>456</x><y>350</y><time>14-05-20 16:44:06:539</time></pt><pt><x>474</x><y>344</y><time>14-05-20 16:44:06:859</time></pt><pt><x>486</x><y>337</y><time>14-05-20 16:44:07:219</time></pt><pt><x>502</x><y>323</y><time>14-05-20 16:44:07:523</time></pt><pt><x>511</x><y>304</y><time>14-05-20 16:44:07:883</time></pt><pt><x>513</x><y>282</y><time>14-05-20 16:44:08:259</time></pt><pt><x>523</x><y>260</y><time>14-05-20 16:44:08:587</time></pt><pt><x>525</x><y>240</y><time>14-05-20 16:44:08:915</time></pt><pt><x>524</x><y>219</y><time>14-05-20 16:44:09:284</time></pt><pt><x>519</x><y>199</y><time>14-05-20 16:44:09:571</time></pt><pt><x>516</x><y>187</y><time>14-05-20 16:44:09:875</time></pt><pt><x>508</x><y>169</y><time>14-05-20 16:44:10:171</time></pt><pt><x>505</x><y>156</y><time>14-05-20 16:44:10:467</time></pt><pt><x>505</x><y>139</y><time>14-05-20 16:44:10:739</time></pt><pt><x>501</x><y>120</y><time>14-05-20 16:44:11:035</time></pt><pt><x>500</x><y>103</y><time>14-05-20 16:44:11:339</time></pt><pt><x>498</x><y>93</y><time>14-05-20 16:44:11:635</time></pt><pt><x>496</x><y>80</y><time>14-05-20 16:44:11:899</time></pt><pt><x>506</x><y>68</y><time>14-05-20 16:44:13:891</time></pt><pt><x>508</x><y>63</y><time>14-05-20 16:44:14:283</time></pt><closed_date>14-05-20 16:44:16:267</closed_date></polygon></object></annotation>