<annotation><filename>angle0_47.jpg</filename><folder>users/lab605//shoes_new</folder><source><submittedBy>lab605</submittedBy></source><imagesize><nrows>480</nrows><ncols>640</ncols></imagesize><object><name>right_shoe</name><deleted>0</deleted><verified>0</verified><occluded>no</occluded><attributes></attributes><parts><hasparts></hasparts><ispartof></ispartof></parts><date>14-05-20 16:48:41:890</date><id>0</id><polygon><username>anonymous</username><pt><x>236</x><y>141</y><time>14-05-20 16:48:25:251</time></pt><pt><x>235</x><y>151</y><time>14-05-20 16:48:25:810</time></pt><pt><x>235</x><y>159</y><time>14-05-20 16:48:26:130</time></pt><pt><x>233</x><y>166</y><time>14-05-20 16:48:26:513</time></pt><pt><x>230</x><y>175</y><time>14-05-20 16:48:27:033</time></pt><pt><x>228</x><y>182</y><time>14-05-20 16:48:27:377</time></pt><pt><x>226</x><y>193</y><time>14-05-20 16:48:27:721</time></pt><pt><x>226</x><y>206</y><time>14-05-20 16:48:28:025</time></pt><pt><x>227</x><y>222</y><time>14-05-20 16:48:28:385</time></pt><pt><x>230</x><y>234</y><time>14-05-20 16:48:28:825</time></pt><pt><x>232</x><y>248</y><time>14-05-20 16:48:29:194</time></pt><pt><x>237</x><y>267</y><time>14-05-20 16:48:29:921</time></pt><pt><x>245</x><y>280</y><time>14-05-20 16:48:30:274</time></pt><pt><x>257</x><y>296</y><time>14-05-20 16:48:30:833</time></pt><pt><x>265</x><y>304</y><time>14-05-20 16:48:31:250</time></pt><pt><x>278</x><y>310</y><time>14-05-20 16:48:31:625</time></pt><pt><x>288</x><y>313</y><time>14-05-20 16:48:31:929</time></pt><pt><x>310</x><y>315</y><time>14-05-20 16:48:32:249</time></pt><pt><x>319</x><y>302</y><time>14-05-20 16:48:32:617</time></pt><pt><x>330</x><y>286</y><time>14-05-20 16:48:33:025</time></pt><pt><x>335</x><y>264</y><time>14-05-20 16:48:33:353</time></pt><pt><x>334</x><y>238</y><time>14-05-20 16:48:33:697</time></pt><pt><x>326</x><y>217</y><time>14-05-20 16:48:34:233</time></pt><pt><x>324</x><y>197</y><time>14-05-20 16:48:34:633</time></pt><pt><x>324</x><y>181</y><time>14-05-20 16:48:34:945</time></pt><pt><x>322</x><y>162</y><time>14-05-20 16:48:35:257</time></pt><pt><x>322</x><y>140</y><time>14-05-20 16:48:35:609</time></pt><pt><x>322</x><y>131</y><time>14-05-20 16:48:36:009</time></pt><closed_date>14-05-20 16:48:36:986</closed_date></polygon></object><object><name>left_shoe</name><deleted>0</deleted><verified>0</verified><occluded>no</occluded><attributes></attributes><parts><hasparts></hasparts><ispartof></ispartof></parts><date>14-05-20 16:49:03:354</date><id>1</id><polygon><username>anonymous</username><pt><x>356</x><y>69</y><time>14-05-20 16:48:43:050</time></pt><pt><x>342</x><y>71</y><time>14-05-20 16:48:43:490</time></pt><pt><x>337</x><y>80</y><time>14-05-20 16:48:43:929</time></pt><pt><x>330</x><y>86</y><time>14-05-20 16:48:44:714</time></pt><pt><x>328</x><y>94</y><time>14-05-20 16:48:45:058</time></pt><pt><x>329</x><y>110</y><time>14-05-20 16:48:45:465</time></pt><pt><x>327</x><y>128</y><time>14-05-20 16:48:46:073</time></pt><pt><x>327</x><y>141</y><time>14-05-20 16:48:46:433</time></pt><pt><x>330</x><y>151</y><time>14-05-20 16:48:46:777</time></pt><pt><x>333</x><y>167</y><time>14-05-20 16:48:47:153</time></pt><pt><x>338</x><y>191</y><time>14-05-20 16:48:47:602</time></pt><pt><x>336</x><y>213</y><time>14-05-20 16:48:48:233</time></pt><pt><x>336</x><y>227</y><time>14-05-20 16:48:48:601</time></pt><pt><x>337</x><y>237</y><time>14-05-20 16:48:48:969</time></pt><pt><x>335</x><y>255</y><time>14-05-20 16:48:49:442</time></pt><pt><x>333</x><y>271</y><time>14-05-20 16:48:50:041</time></pt><pt><x>333</x><y>286</y><time>14-05-20 16:48:50:425</time></pt><pt><x>337</x><y>297</y><time>14-05-20 16:48:50:849</time></pt><pt><x>341</x><y>316</y><time>14-05-20 16:48:51:690</time></pt><pt><x>351</x><y>324</y><time>14-05-20 16:48:52:057</time></pt><pt><x>362</x><y>330</y><time>14-05-20 16:48:52:505</time></pt><pt><x>378</x><y>336</y><time>14-05-20 16:48:52:953</time></pt><pt><x>390</x><y>337</y><time>14-05-20 16:48:53:305</time></pt><pt><x>407</x><y>327</y><time>14-05-20 16:48:53:625</time></pt><pt><x>419</x><y>316</y><time>14-05-20 16:48:53:969</time></pt><pt><x>425</x><y>306</y><time>14-05-20 16:48:54:257</time></pt><pt><x>434</x><y>288</y><time>14-05-20 16:48:54:601</time></pt><pt><x>437</x><y>262</y><time>14-05-20 16:48:55:201</time></pt><pt><x>441</x><y>240</y><time>14-05-20 16:48:55:561</time></pt><pt><x>441</x><y>223</y><time>14-05-20 16:48:55:882</time></pt><pt><x>436</x><y>199</y><time>14-05-20 16:48:56:209</time></pt><pt><x>434</x><y>184</y><time>14-05-20 16:48:56:577</time></pt><pt><x>426</x><y>171</y><time>14-05-20 16:48:57:289</time></pt><closed_date>14-05-20 16:48:58:282</closed_date></polygon></object></annotation>