<annotation><filename>angle0_18.jpg</filename><folder>users/lab605//shoes_new</folder><source><submittedBy>lab605</submittedBy></source><imagesize><nrows>480</nrows><ncols>640</ncols></imagesize><object><name>right_shoe</name><deleted>0</deleted><verified>0</verified><occluded>no</occluded><attributes></attributes><parts><hasparts></hasparts><ispartof></ispartof></parts><date>14-05-20 16:52:36:080</date><id>0</id><polygon><username>lab605</username><pt><x>269</x><y>85</y><time>14-05-20 16:51:35:153</time></pt><pt><x>267</x><y>99</y><time>14-05-20 16:51:37:095</time></pt><pt><x>267</x><y>114</y><time>14-05-20 16:51:38:121</time></pt><pt><x>264</x><y>124</y><time>14-05-20 16:51:38:888</time></pt><pt><x>263</x><y>137</y><time>14-05-20 16:51:39:685</time></pt><pt><x>263</x><y>149</y><time>14-05-20 16:51:40:573</time></pt><pt><x>260</x><y>162</y><time>14-05-20 16:51:47:103</time></pt><pt><x>254</x><y>172</y><time>14-05-20 16:51:48:272</time></pt><pt><x>249</x><y>183</y><time>14-05-20 16:51:48:893</time></pt><pt><x>246</x><y>192</y><time>14-05-20 16:51:49:962</time></pt><pt><x>244</x><y>203</y><time>14-05-20 16:51:50:699</time></pt><pt><x>242</x><y>217</y><time>14-05-20 16:51:51:926</time></pt><pt><x>244</x><y>237</y><time>14-05-20 16:51:53:259</time></pt><pt><x>246</x><y>249</y><time>14-05-20 16:51:53:985</time></pt><pt><x>250</x><y>263</y><time>14-05-20 16:51:54:690</time></pt><pt><x>254</x><y>272</y><time>14-05-20 16:51:55:508</time></pt><pt><x>261</x><y>285</y><time>14-05-20 16:51:56:263</time></pt><pt><x>273</x><y>293</y><time>14-05-20 16:51:56:955</time></pt><pt><x>285</x><y>295</y><time>14-05-20 16:51:57:578</time></pt><pt><x>300</x><y>295</y><time>14-05-20 16:51:58:145</time></pt><pt><x>314</x><y>290</y><time>14-05-20 16:51:58:956</time></pt><pt><x>321</x><y>284</y><time>14-05-20 16:51:59:524</time></pt><pt><x>329</x><y>276</y><time>14-05-20 16:52:00:184</time></pt><pt><x>336</x><y>263</y><time>14-05-20 16:52:01:109</time></pt><pt><x>338</x><y>252</y><time>14-05-20 16:52:01:708</time></pt><pt><x>341</x><y>234</y><time>14-05-20 16:52:03:286</time></pt><pt><x>342</x><y>225</y><time>14-05-20 16:52:03:945</time></pt><pt><x>341</x><y>211</y><time>14-05-20 16:52:04:802</time></pt><pt><x>339</x><y>200</y><time>14-05-20 16:52:05:883</time></pt><pt><x>337</x><y>188</y><time>14-05-20 16:52:06:512</time></pt><pt><x>336</x><y>179</y><time>14-05-20 16:52:07:314</time></pt><pt><x>338</x><y>166</y><time>14-05-20 16:52:09:446</time></pt><pt><x>339</x><y>154</y><time>14-05-20 16:52:10:813</time></pt><pt><x>341</x><y>145</y><time>14-05-20 16:52:11:836</time></pt><pt><x>347</x><y>130</y><time>14-05-20 16:52:13:266</time></pt><pt><x>351</x><y>114</y><time>14-05-20 16:52:15:529</time></pt><pt><x>354</x><y>99</y><time>14-05-20 16:52:16:739</time></pt><pt><x>354</x><y>89</y><time>14-05-20 16:52:17:316</time></pt><pt><x>352</x><y>81</y><time>14-05-20 16:52:17:882</time></pt><pt><x>351</x><y>74</y><time>14-05-20 16:52:18:395</time></pt><pt><x>347</x><y>69</y><time>14-05-20 16:52:21:212</time></pt><pt><x>344</x><y>62</y><time>14-05-20 16:52:21:852</time></pt><pt><x>341</x><y>61</y><time>14-05-20 16:52:22:574</time></pt><pt><x>337</x><y>59</y><time>14-05-20 16:52:23:298</time></pt><pt><x>335</x><y>52</y><time>14-05-20 16:52:24:060</time></pt><pt><x>331</x><y>43</y><time>14-05-20 16:52:25:102</time></pt><closed_date>14-05-20 16:52:26:374</closed_date></polygon></object><object><name>left_shoe</name><deleted>0</deleted><verified>0</verified><occluded>no</occluded><attributes></attributes><parts><hasparts></hasparts><ispartof></ispartof></parts><date>14-05-20 16:53:53:259</date><id>1</id><polygon><username>lab605</username><pt><x>394</x><y>69</y><time>14-05-20 16:52:47:559</time></pt><pt><x>383</x><y>75</y><time>14-05-20 16:52:48:556</time></pt><pt><x>377</x><y>82</y><time>14-05-20 16:52:49:301</time></pt><pt><x>370</x><y>88</y><time>14-05-20 16:52:50:266</time></pt><pt><x>368</x><y>98</y><time>14-05-20 16:52:50:950</time></pt><pt><x>365</x><y>107</y><time>14-05-20 16:52:52:039</time></pt><pt><x>364</x><y>120</y><time>14-05-20 16:52:53:355</time></pt><pt><x>367</x><y>130</y><time>14-05-20 16:52:54:022</time></pt><pt><x>368</x><y>141</y><time>14-05-20 16:52:54:678</time></pt><pt><x>371</x><y>149</y><time>14-05-20 16:52:55:417</time></pt><pt><x>373</x><y>156</y><time>14-05-20 16:52:57:788</time></pt><pt><x>380</x><y>166</y><time>14-05-20 16:52:58:786</time></pt><pt><x>384</x><y>172</y><time>14-05-20 16:52:59:333</time></pt><pt><x>386</x><y>179</y><time>14-05-20 16:52:59:988</time></pt><pt><x>389</x><y>187</y><time>14-05-20 16:53:00:832</time></pt><pt><x>389</x><y>199</y><time>14-05-20 16:53:01:468</time></pt><pt><x>385</x><y>210</y><time>14-05-20 16:53:02:762</time></pt><pt><x>383</x><y>221</y><time>14-05-20 16:53:03:576</time></pt><pt><x>380</x><y>229</y><time>14-05-20 16:53:04:134</time></pt><pt><x>378</x><y>239</y><time>14-05-20 16:53:04:771</time></pt><pt><x>377</x><y>246</y><time>14-05-20 16:53:06:770</time></pt><pt><x>380</x><y>256</y><time>14-05-20 16:53:07:465</time></pt><pt><x>381</x><y>267</y><time>14-05-20 16:53:13:710</time></pt><pt><x>384</x><y>276</y><time>14-05-20 16:53:14:799</time></pt><pt><x>387</x><y>285</y><time>14-05-20 16:53:16:102</time></pt><pt><x>392</x><y>293</y><time>14-05-20 16:53:16:672</time></pt><pt><x>396</x><y>302</y><time>14-05-20 16:53:17:327</time></pt><pt><x>403</x><y>308</y><time>14-05-20 16:53:17:959</time></pt><pt><x>411</x><y>314</y><time>14-05-20 16:53:18:583</time></pt><pt><x>427</x><y>318</y><time>14-05-20 16:53:19:337</time></pt><pt><x>439</x><y>318</y><time>14-05-20 16:53:20:738</time></pt><pt><x>447</x><y>314</y><time>14-05-20 16:53:21:406</time></pt><pt><x>453</x><y>309</y><time>14-05-20 16:53:22:026</time></pt><pt><x>457</x><y>305</y><time>14-05-20 16:53:22:636</time></pt><pt><x>462</x><y>301</y><time>14-05-20 16:53:23:132</time></pt><pt><x>468</x><y>292</y><time>14-05-20 16:53:24:066</time></pt><pt><x>470</x><y>282</y><time>14-05-20 16:53:24:679</time></pt><pt><x>474</x><y>272</y><time>14-05-20 16:53:25:426</time></pt><pt><x>474</x><y>263</y><time>14-05-20 16:53:26:073</time></pt><pt><x>475</x><y>252</y><time>14-05-20 16:53:26:698</time></pt><pt><x>478</x><y>234</y><time>14-05-20 16:53:29:066</time></pt><pt><x>476</x><y>221</y><time>14-05-20 16:53:30:848</time></pt><pt><x>474</x><y>213</y><time>14-05-20 16:53:35:212</time></pt><pt><x>471</x><y>204</y><time>14-05-20 16:53:36:330</time></pt><pt><x>469</x><y>195</y><time>14-05-20 16:53:37:233</time></pt><pt><x>466</x><y>187</y><time>14-05-20 16:53:37:881</time></pt><pt><x>465</x><y>179</y><time>14-05-20 16:53:39:138</time></pt><pt><x>464</x><y>169</y><time>14-05-20 16:53:39:907</time></pt><pt><x>461</x><y>159</y><time>14-05-20 16:53:40:645</time></pt><pt><x>461</x><y>149</y><time>14-05-20 16:53:41:450</time></pt><pt><x>461</x><y>143</y><time>14-05-20 16:53:42:193</time></pt><pt><x>458</x><y>136</y><time>14-05-20 16:53:43:537</time></pt><pt><x>456</x><y>125</y><time>14-05-20 16:53:44:684</time></pt><closed_date>14-05-20 16:53:45:846</closed_date></polygon></object></annotation>