<annotation><filename>angle0_58.jpg</filename><folder>users/lab605//shoes_new</folder><source><submittedBy>lab605</submittedBy></source><imagesize><nrows>480</nrows><ncols>640</ncols></imagesize><object><name>right_shoe</name><deleted>0</deleted><verified>0</verified><occluded>no</occluded><attributes></attributes><parts><hasparts></hasparts><ispartof></ispartof></parts><date>14-05-20 16:31:59:753</date><id>0</id><polygon><username>samliu</username><pt><x>291</x><y>332</y><time>14-05-20 16:31:02:711</time></pt><pt><x>310</x><y>352</y><time>14-05-20 16:31:03:795</time></pt><pt><x>309</x><y>378</y><time>14-05-20 16:31:05:119</time></pt><pt><x>302</x><y>395</y><time>14-05-20 16:31:06:027</time></pt><pt><x>305</x><y>415</y><time>14-05-20 16:31:07:272</time></pt><pt><x>308</x><y>429</y><time>14-05-20 16:31:07:892</time></pt><pt><x>305</x><y>457</y><time>14-05-20 16:31:08:960</time></pt><pt><x>289</x><y>474</y><time>14-05-20 16:31:10:200</time></pt><pt><x>258</x><y>474</y><time>14-05-20 16:31:11:649</time></pt><pt><x>253</x><y>455</y><time>14-05-20 16:31:13:012</time></pt><pt><x>249</x><y>434</y><time>14-05-20 16:31:13:687</time></pt><pt><x>254</x><y>409</y><time>14-05-20 16:31:14:771</time></pt><pt><x>254</x><y>377</y><time>14-05-20 16:31:15:825</time></pt><pt><x>253</x><y>362</y><time>14-05-20 16:31:16:599</time></pt><pt><x>258</x><y>352</y><time>14-05-20 16:31:17:559</time></pt><closed_date>14-05-20 16:31:20:109</closed_date></polygon></object><object><name>left_shoe</name><deleted>0</deleted><verified>0</verified><occluded>no</occluded><attributes></attributes><parts><hasparts></hasparts><ispartof></ispartof></parts><date>14-05-20 16:32:45:372</date><id>1</id><polygon><username>samliu</username><pt><x>330</x><y>339</y><time>14-05-20 16:32:02:414</time></pt><pt><x>317</x><y>351</y><time>14-05-20 16:32:03:604</time></pt><pt><x>315</x><y>365</y><time>14-05-20 16:32:04:736</time></pt><pt><x>320</x><y>378</y><time>14-05-20 16:32:07:168</time></pt><pt><x>319</x><y>399</y><time>14-05-20 16:32:09:112</time></pt><pt><x>313</x><y>418</y><time>14-05-20 16:32:10:206</time></pt><pt><x>310</x><y>429</y><time>14-05-20 16:32:11:724</time></pt><pt><x>310</x><y>450</y><time>14-05-20 16:32:13:630</time></pt><pt><x>319</x><y>469</y><time>14-05-20 16:32:14:930</time></pt><pt><x>331</x><y>477</y><time>14-05-20 16:32:16:791</time></pt><pt><x>352</x><y>478</y><time>14-05-20 16:32:17:806</time></pt><pt><x>360</x><y>467</y><time>14-05-20 16:32:19:526</time></pt><pt><x>365</x><y>448</y><time>14-05-20 16:32:21:741</time></pt><pt><x>367</x><y>432</y><time>14-05-20 16:32:23:035</time></pt><pt><x>365</x><y>407</y><time>14-05-20 16:32:25:167</time></pt><pt><x>363</x><y>381</y><time>14-05-20 16:32:30:047</time></pt><pt><x>364</x><y>369</y><time>14-05-20 16:32:31:327</time></pt><pt><x>363</x><y>356</y><time>14-05-20 16:32:32:217</time></pt><pt><x>360</x><y>349</y><time>14-05-20 16:32:33:673</time></pt><closed_date>14-05-20 16:32:35:511</closed_date></polygon></object></annotation>