<annotation><filename>angle0_86.jpg</filename><folder>users/lab605//shoes_new</folder><source><submittedBy>lab605</submittedBy></source><imagesize><nrows>480</nrows><ncols>640</ncols></imagesize><object><name>right_shoe</name><deleted>0</deleted><verified>0</verified><occluded>no</occluded><attributes></attributes><parts><hasparts></hasparts><ispartof></ispartof></parts><date>14-05-20 17:27:09:806</date><id>0</id><polygon><username>lab605</username><pt><x>2</x><y>60</y><time>14-05-20 17:26:23:305</time></pt><pt><x>18</x><y>59</y><time>14-05-20 17:26:24:382</time></pt><pt><x>36</x><y>61</y><time>14-05-20 17:26:25:070</time></pt><pt><x>59</x><y>69</y><time>14-05-20 17:26:25:752</time></pt><pt><x>74</x><y>80</y><time>14-05-20 17:26:26:451</time></pt><pt><x>86</x><y>95</y><time>14-05-20 17:26:27:187</time></pt><pt><x>91</x><y>108</y><time>14-05-20 17:26:27:884</time></pt><pt><x>92</x><y>125</y><time>14-05-20 17:26:28:610</time></pt><pt><x>91</x><y>145</y><time>14-05-20 17:26:29:193</time></pt><pt><x>89</x><y>162</y><time>14-05-20 17:26:29:808</time></pt><pt><x>84</x><y>175</y><time>14-05-20 17:26:30:386</time></pt><pt><x>77</x><y>186</y><time>14-05-20 17:26:30:981</time></pt><pt><x>72</x><y>196</y><time>14-05-20 17:26:31:586</time></pt><pt><x>66</x><y>206</y><time>14-05-20 17:26:32:542</time></pt><pt><x>63</x><y>214</y><time>14-05-20 17:26:33:109</time></pt><pt><x>66</x><y>228</y><time>14-05-20 17:26:33:600</time></pt><pt><x>70</x><y>246</y><time>14-05-20 17:26:34:417</time></pt><pt><x>79</x><y>261</y><time>14-05-20 17:26:35:130</time></pt><pt><x>85</x><y>274</y><time>14-05-20 17:26:35:824</time></pt><pt><x>85</x><y>288</y><time>14-05-20 17:26:36:419</time></pt><pt><x>86</x><y>302</y><time>14-05-20 17:26:37:417</time></pt><pt><x>86</x><y>315</y><time>14-05-20 17:26:38:191</time></pt><pt><x>85</x><y>335</y><time>14-05-20 17:26:38:792</time></pt><pt><x>82</x><y>353</y><time>14-05-20 17:26:39:638</time></pt><pt><x>77</x><y>358</y><time>14-05-20 17:26:40:462</time></pt><pt><x>74</x><y>365</y><time>14-05-20 17:26:41:391</time></pt><pt><x>71</x><y>377</y><time>14-05-20 17:26:42:207</time></pt><pt><x>66</x><y>385</y><time>14-05-20 17:26:42:908</time></pt><pt><x>55</x><y>391</y><time>14-05-20 17:26:43:628</time></pt><pt><x>45</x><y>398</y><time>14-05-20 17:26:44:469</time></pt><pt><x>31</x><y>402</y><time>14-05-20 17:26:45:154</time></pt><pt><x>21</x><y>405</y><time>14-05-20 17:26:45:880</time></pt><pt><x>11</x><y>406</y><time>14-05-20 17:26:46:437</time></pt><pt><x>4</x><y>406</y><time>14-05-20 17:26:46:934</time></pt><pt><x>2</x><y>405</y><time>14-05-20 17:26:48:397</time></pt><closed_date>14-05-20 17:26:51:749</closed_date></polygon></object><object><name>left_shoe</name><deleted>0</deleted><verified>0</verified><occluded>no</occluded><attributes></attributes><parts><hasparts></hasparts><ispartof></ispartof></parts><date>14-05-20 17:28:14:467</date><id>1</id><polygon><username>lab605</username><pt><x>587</x><y>38</y><time>14-05-20 17:27:12:345</time></pt><pt><x>575</x><y>43</y><time>14-05-20 17:27:13:347</time></pt><pt><x>562</x><y>46</y><time>14-05-20 17:27:14:153</time></pt><pt><x>554</x><y>53</y><time>14-05-20 17:27:14:836</time></pt><pt><x>545</x><y>61</y><time>14-05-20 17:27:15:528</time></pt><pt><x>537</x><y>69</y><time>14-05-20 17:27:16:122</time></pt><pt><x>534</x><y>82</y><time>14-05-20 17:27:16:845</time></pt><pt><x>531</x><y>91</y><time>14-05-20 17:27:17:689</time></pt><pt><x>528</x><y>106</y><time>14-05-20 17:27:18:622</time></pt><pt><x>528</x><y>122</y><time>14-05-20 17:27:20:497</time></pt><pt><x>533</x><y>137</y><time>14-05-20 17:27:21:564</time></pt><pt><x>537</x><y>151</y><time>14-05-20 17:27:22:554</time></pt><pt><x>538</x><y>162</y><time>14-05-20 17:27:23:279</time></pt><pt><x>541</x><y>171</y><time>14-05-20 17:27:24:666</time></pt><pt><x>543</x><y>182</y><time>14-05-20 17:27:25:314</time></pt><pt><x>543</x><y>195</y><time>14-05-20 17:27:26:143</time></pt><pt><x>543</x><y>209</y><time>14-05-20 17:27:26:861</time></pt><pt><x>544</x><y>224</y><time>14-05-20 17:27:28:848</time></pt><pt><x>543</x><y>234</y><time>14-05-20 17:27:29:451</time></pt><pt><x>537</x><y>247</y><time>14-05-20 17:27:30:277</time></pt><pt><x>533</x><y>259</y><time>14-05-20 17:27:31:160</time></pt><pt><x>529</x><y>267</y><time>14-05-20 17:27:31:909</time></pt><pt><x>530</x><y>279</y><time>14-05-20 17:27:32:641</time></pt><pt><x>528</x><y>305</y><time>14-05-20 17:27:33:885</time></pt><pt><x>530</x><y>318</y><time>14-05-20 17:27:34:807</time></pt><pt><x>535</x><y>333</y><time>14-05-20 17:27:35:394</time></pt><pt><x>538</x><y>348</y><time>14-05-20 17:27:36:028</time></pt><pt><x>542</x><y>364</y><time>14-05-20 17:27:36:844</time></pt><pt><x>550</x><y>373</y><time>14-05-20 17:27:37:484</time></pt><pt><x>564</x><y>386</y><time>14-05-20 17:27:38:255</time></pt><pt><x>584</x><y>395</y><time>14-05-20 17:27:39:372</time></pt><pt><x>599</x><y>398</y><time>14-05-20 17:27:40:161</time></pt><pt><x>611</x><y>398</y><time>14-05-20 17:27:40:844</time></pt><pt><x>620</x><y>391</y><time>14-05-20 17:27:41:708</time></pt><pt><x>625</x><y>383</y><time>14-05-20 17:27:42:238</time></pt><pt><x>632</x><y>376</y><time>14-05-20 17:27:42:821</time></pt><pt><x>639</x><y>370</y><time>14-05-20 17:27:43:490</time></pt><pt><x>638</x><y>40</y><time>14-05-20 17:27:50:004</time></pt><closed_date>14-05-20 17:27:51:855</closed_date></polygon></object></annotation>