<annotation><filename>angle0_30.jpg</filename><folder>users/lab605//shoes_new</folder><source><submittedBy>lab605</submittedBy></source><imagesize><nrows>480</nrows><ncols>640</ncols></imagesize><object><name>right_shoe</name><deleted>0</deleted><verified>0</verified><occluded>no</occluded><attributes></attributes><parts><hasparts></hasparts><ispartof></ispartof></parts><date>14-05-20 16:31:51:516</date><id>0</id><polygon><username>anonymous</username><pt><x>217</x><y>8</y><time>14-05-20 16:31:19:234</time></pt><pt><x>225</x><y>20</y><time>14-05-20 16:31:19:673</time></pt><pt><x>233</x><y>34</y><time>14-05-20 16:31:20:041</time></pt><pt><x>240</x><y>46</y><time>14-05-20 16:31:20:369</time></pt><pt><x>244</x><y>62</y><time>14-05-20 16:31:20:697</time></pt><pt><x>244</x><y>76</y><time>14-05-20 16:31:21:017</time></pt><pt><x>245</x><y>97</y><time>14-05-20 16:31:21:433</time></pt><pt><x>245</x><y>113</y><time>14-05-20 16:31:21:841</time></pt><pt><x>245</x><y>131</y><time>14-05-20 16:31:22:209</time></pt><pt><x>244</x><y>147</y><time>14-05-20 16:31:22:497</time></pt><pt><x>244</x><y>165</y><time>14-05-20 16:31:22:825</time></pt><pt><x>244</x><y>181</y><time>14-05-20 16:31:23:177</time></pt><pt><x>242</x><y>201</y><time>14-05-20 16:31:23:545</time></pt><pt><x>240</x><y>221</y><time>14-05-20 16:31:23:889</time></pt><pt><x>240</x><y>237</y><time>14-05-20 16:31:24:249</time></pt><pt><x>244</x><y>257</y><time>14-05-20 16:31:26:209</time></pt><pt><x>243</x><y>281</y><time>14-05-20 16:31:26:569</time></pt><pt><x>248</x><y>292</y><time>14-05-20 16:31:27:153</time></pt><pt><x>245</x><y>315</y><time>14-05-20 16:31:27:561</time></pt><pt><x>243</x><y>329</y><time>14-05-20 16:31:27:865</time></pt><pt><x>240</x><y>349</y><time>14-05-20 16:31:28:233</time></pt><pt><x>238</x><y>368</y><time>14-05-20 16:31:28:633</time></pt><pt><x>231</x><y>390</y><time>14-05-20 16:31:28:969</time></pt><pt><x>227</x><y>400</y><time>14-05-20 16:31:29:313</time></pt><pt><x>217</x><y>421</y><time>14-05-20 16:31:29:761</time></pt><pt><x>208</x><y>440</y><time>14-05-20 16:31:30:481</time></pt><pt><x>193</x><y>453</y><time>14-05-20 16:31:31:529</time></pt><pt><x>177</x><y>453</y><time>14-05-20 16:31:31:945</time></pt><pt><x>159</x><y>457</y><time>14-05-20 16:31:32:713</time></pt><pt><x>148</x><y>450</y><time>14-05-20 16:31:33:049</time></pt><pt><x>139</x><y>445</y><time>14-05-20 16:31:33:425</time></pt><pt><x>132</x><y>433</y><time>14-05-20 16:31:33:793</time></pt><pt><x>121</x><y>417</y><time>14-05-20 16:31:34:161</time></pt><pt><x>116</x><y>393</y><time>14-05-20 16:31:34:889</time></pt><pt><x>113</x><y>377</y><time>14-05-20 16:31:35:297</time></pt><pt><x>108</x><y>363</y><time>14-05-20 16:31:35:673</time></pt><pt><x>106</x><y>350</y><time>14-05-20 16:31:35:985</time></pt><pt><x>104</x><y>337</y><time>14-05-20 16:31:36:377</time></pt><pt><x>102</x><y>323</y><time>14-05-20 16:31:36:705</time></pt><pt><x>98</x><y>304</y><time>14-05-20 16:31:37:081</time></pt><pt><x>99</x><y>290</y><time>14-05-20 16:31:37:609</time></pt><pt><x>104</x><y>273</y><time>14-05-20 16:31:38:058</time></pt><pt><x>104</x><y>263</y><time>14-05-20 16:31:38:417</time></pt><pt><x>107</x><y>248</y><time>14-05-20 16:31:39:073</time></pt><pt><x>110</x><y>221</y><time>14-05-20 16:31:39:473</time></pt><pt><x>110</x><y>212</y><time>14-05-20 16:31:39:889</time></pt><pt><x>113</x><y>193</y><time>14-05-20 16:31:40:297</time></pt><pt><x>114</x><y>172</y><time>14-05-20 16:31:40:945</time></pt><pt><x>122</x><y>151</y><time>14-05-20 16:31:41:569</time></pt><pt><x>127</x><y>131</y><time>14-05-20 16:31:41:961</time></pt><pt><x>127</x><y>118</y><time>14-05-20 16:31:42:441</time></pt><pt><x>127</x><y>108</y><time>14-05-20 16:31:42:761</time></pt><pt><x>129</x><y>100</y><time>14-05-20 16:31:43:489</time></pt><closed_date>14-05-20 16:31:44:705</closed_date></polygon></object><object><name>left_shoe</name><deleted>0</deleted><verified>0</verified><occluded>no</occluded><attributes></attributes><parts><hasparts></hasparts><ispartof></ispartof></parts><date>14-05-20 16:32:33:048</date><id>1</id><polygon><username>anonymous</username><pt><x>367</x><y>18</y><time>14-05-20 16:31:52:842</time></pt><pt><x>357</x><y>30</y><time>14-05-20 16:31:53:608</time></pt><pt><x>351</x><y>44</y><time>14-05-20 16:31:54:016</time></pt><pt><x>348</x><y>55</y><time>14-05-20 16:31:54:544</time></pt><pt><x>345</x><y>68</y><time>14-05-20 16:31:54:928</time></pt><pt><x>344</x><y>81</y><time>14-05-20 16:31:55:281</time></pt><pt><x>344</x><y>97</y><time>14-05-20 16:31:55:704</time></pt><pt><x>346</x><y>113</y><time>14-05-20 16:31:56:441</time></pt><pt><x>346</x><y>127</y><time>14-05-20 16:31:56:849</time></pt><pt><x>351</x><y>141</y><time>14-05-20 16:31:57:232</time></pt><pt><x>356</x><y>153</y><time>14-05-20 16:31:57:584</time></pt><pt><x>359</x><y>166</y><time>14-05-20 16:31:57:952</time></pt><pt><x>362</x><y>186</y><time>14-05-20 16:31:58:304</time></pt><pt><x>366</x><y>202</y><time>14-05-20 16:31:59:328</time></pt><pt><x>367</x><y>224</y><time>14-05-20 16:31:59:728</time></pt><pt><x>367</x><y>237</y><time>14-05-20 16:32:00:112</time></pt><pt><x>369</x><y>262</y><time>14-05-20 16:32:01:345</time></pt><pt><x>369</x><y>275</y><time>14-05-20 16:32:01:920</time></pt><pt><x>367</x><y>292</y><time>14-05-20 16:32:03:281</time></pt><pt><x>369</x><y>310</y><time>14-05-20 16:32:03:720</time></pt><pt><x>376</x><y>323</y><time>14-05-20 16:32:04:136</time></pt><pt><x>379</x><y>343</y><time>14-05-20 16:32:04:616</time></pt><pt><x>388</x><y>355</y><time>14-05-20 16:32:05:240</time></pt><pt><x>394</x><y>377</y><time>14-05-20 16:32:05:776</time></pt><pt><x>404</x><y>396</y><time>14-05-20 16:32:06:264</time></pt><pt><x>415</x><y>416</y><time>14-05-20 16:32:06:872</time></pt><pt><x>423</x><y>430</y><time>14-05-20 16:32:07:505</time></pt><pt><x>436</x><y>437</y><time>14-05-20 16:32:07:896</time></pt><pt><x>442</x><y>452</y><time>14-05-20 16:32:08:960</time></pt><pt><x>454</x><y>455</y><time>14-05-20 16:32:09:584</time></pt><pt><x>469</x><y>464</y><time>14-05-20 16:32:10:400</time></pt><pt><x>490</x><y>467</y><time>14-05-20 16:32:10:865</time></pt><pt><x>500</x><y>457</y><time>14-05-20 16:32:11:272</time></pt><pt><x>505</x><y>450</y><time>14-05-20 16:32:11:656</time></pt><pt><x>514</x><y>438</y><time>14-05-20 16:32:12:136</time></pt><pt><x>517</x><y>423</y><time>14-05-20 16:32:12:504</time></pt><pt><x>525</x><y>407</y><time>14-05-20 16:32:13:056</time></pt><pt><x>526</x><y>390</y><time>14-05-20 16:32:13:480</time></pt><pt><x>528</x><y>372</y><time>14-05-20 16:32:13:904</time></pt><pt><x>530</x><y>356</y><time>14-05-20 16:32:14:328</time></pt><pt><x>533</x><y>334</y><time>14-05-20 16:32:14:720</time></pt><pt><x>532</x><y>318</y><time>14-05-20 16:32:15:104</time></pt><pt><x>532</x><y>295</y><time>14-05-20 16:32:15:592</time></pt><pt><x>530</x><y>273</y><time>14-05-20 16:32:16:009</time></pt><pt><x>526</x><y>255</y><time>14-05-20 16:32:16:424</time></pt><pt><x>521</x><y>236</y><time>14-05-20 16:32:16:960</time></pt><pt><x>516</x><y>217</y><time>14-05-20 16:32:17:824</time></pt><pt><x>505</x><y>202</y><time>14-05-20 16:32:18:296</time></pt><pt><x>503</x><y>179</y><time>14-05-20 16:32:19:384</time></pt><pt><x>500</x><y>165</y><time>14-05-20 16:32:19:904</time></pt><pt><x>497</x><y>151</y><time>14-05-20 16:32:20:304</time></pt><pt><x>493</x><y>140</y><time>14-05-20 16:32:20:665</time></pt><pt><x>489</x><y>122</y><time>14-05-20 16:32:21:144</time></pt><pt><x>485</x><y>114</y><time>14-05-20 16:32:21:936</time></pt><pt><x>484</x><y>104</y><time>14-05-20 16:32:22:320</time></pt><pt><x>480</x><y>101</y><time>14-05-20 16:32:22:849</time></pt><closed_date>14-05-20 16:32:24:313</closed_date></polygon></object></annotation>