<annotation><filename>angle0_81.jpg</filename><folder>users/lab605//shoes_new</folder><source><submittedBy>lab605</submittedBy></source><imagesize><nrows>480</nrows><ncols>640</ncols></imagesize><object><name>right_shoe</name><deleted>0</deleted><verified>0</verified><occluded>no</occluded><attributes></attributes><parts><hasparts></hasparts><ispartof></ispartof></parts><date>14-05-20 17:23:40:700</date><id>0</id><polygon><username>samliu</username><pt><x>260</x><y>125</y><time>14-05-20 17:23:23:724</time></pt><pt><x>254</x><y>152</y><time>14-05-20 17:23:24:614</time></pt><pt><x>254</x><y>174</y><time>14-05-20 17:23:25:318</time></pt><pt><x>265</x><y>200</y><time>14-05-20 17:23:26:272</time></pt><pt><x>278</x><y>210</y><time>14-05-20 17:23:27:110</time></pt><pt><x>293</x><y>205</y><time>14-05-20 17:23:27:886</time></pt><pt><x>301</x><y>197</y><time>14-05-20 17:23:28:590</time></pt><pt><x>306</x><y>183</y><time>14-05-20 17:23:29:274</time></pt><pt><x>309</x><y>166</y><time>14-05-20 17:23:29:779</time></pt><pt><x>312</x><y>156</y><time>14-05-20 17:23:30:358</time></pt><pt><x>312</x><y>141</y><time>14-05-20 17:23:30:800</time></pt><pt><x>312</x><y>132</y><time>14-05-20 17:23:31:919</time></pt><closed_date>14-05-20 17:23:32:732</closed_date></polygon></object><object><name>left_shoe</name><deleted>0</deleted><verified>0</verified><occluded>no</occluded><attributes></attributes><parts><hasparts></hasparts><ispartof></ispartof></parts><date>14-05-20 17:25:21:716</date><id>1</id><polygon><username>samliu</username><pt><x>328</x><y>141</y><time>14-05-20 17:23:42:272</time></pt><pt><x>334</x><y>155</y><time>14-05-20 17:23:42:860</time></pt><pt><x>334</x><y>179</y><time>14-05-20 17:23:44:016</time></pt><pt><x>343</x><y>198</y><time>14-05-20 17:23:44:644</time></pt><pt><x>351</x><y>210</y><time>14-05-20 17:23:45:194</time></pt><pt><x>372</x><y>214</y><time>14-05-20 17:23:45:922</time></pt><pt><x>380</x><y>204</y><time>14-05-20 17:23:47:108</time></pt><pt><x>386</x><y>182</y><time>14-05-20 17:23:48:024</time></pt><pt><x>388</x><y>173</y><time>14-05-20 17:23:48:644</time></pt><pt><x>388</x><y>156</y><time>14-05-20 17:23:49:442</time></pt><pt><x>381</x><y>135</y><time>14-05-20 17:23:50:318</time></pt><pt><x>379</x><y>128</y><time>14-05-20 17:23:50:738</time></pt><closed_date>14-05-20 17:23:51:962</closed_date></polygon></object></annotation>