<annotation><filename>angle0_68.jpg</filename><folder>users/lab605//shoes_new</folder><source><submittedBy>lab605</submittedBy></source><imagesize><nrows>480</nrows><ncols>640</ncols></imagesize><object><name>right_shoe</name><deleted>0</deleted><verified>0</verified><occluded>no</occluded><attributes></attributes><parts><hasparts></hasparts><ispartof></ispartof></parts><date>14-05-20 17:00:42:812</date><id>0</id><polygon><username>samliu</username><pt><x>253</x><y>160</y><time>14-05-20 17:00:15:920</time></pt><pt><x>279</x><y>206</y><time>14-05-20 17:00:16:769</time></pt><pt><x>299</x><y>261</y><time>14-05-20 17:00:17:710</time></pt><pt><x>311</x><y>310</y><time>14-05-20 17:00:18:530</time></pt><pt><x>299</x><y>352</y><time>14-05-20 17:00:19:748</time></pt><pt><x>293</x><y>372</y><time>14-05-20 17:00:20:408</time></pt><pt><x>289</x><y>385</y><time>14-05-20 17:00:21:594</time></pt><pt><x>289</x><y>428</y><time>14-05-20 17:00:22:516</time></pt><pt><x>299</x><y>465</y><time>14-05-20 17:00:23:378</time></pt><pt><x>303</x><y>478</y><time>14-05-20 17:00:24:138</time></pt><pt><x>305</x><y>479</y><time>14-05-20 17:00:28:076</time></pt><pt><x>105</x><y>479</y><time>14-05-20 17:00:29:541</time></pt><pt><x>114</x><y>447</y><time>14-05-20 17:00:30:673</time></pt><pt><x>128</x><y>402</y><time>14-05-20 17:00:31:611</time></pt><pt><x>133</x><y>359</y><time>14-05-20 17:00:32:549</time></pt><pt><x>141</x><y>311</y><time>14-05-20 17:00:33:185</time></pt><pt><x>145</x><y>279</y><time>14-05-20 17:00:33:751</time></pt><pt><x>157</x><y>255</y><time>14-05-20 17:00:34:668</time></pt><closed_date>14-05-20 17:00:35:861</closed_date></polygon></object><object><name>left_shoe</name><deleted>0</deleted><verified>0</verified><occluded>no</occluded><attributes></attributes><parts><hasparts></hasparts><ispartof></ispartof></parts><date>14-05-20 17:01:07:582</date><id>1</id><polygon><username>samliu</username><pt><x>387</x><y>186</y><time>14-05-20 17:00:44:223</time></pt><pt><x>372</x><y>214</y><time>14-05-20 17:00:44:911</time></pt><pt><x>360</x><y>252</y><time>14-05-20 17:00:46:161</time></pt><pt><x>358</x><y>283</y><time>14-05-20 17:00:47:362</time></pt><pt><x>349</x><y>305</y><time>14-05-20 17:00:48:479</time></pt><pt><x>357</x><y>342</y><time>14-05-20 17:00:49:308</time></pt><pt><x>365</x><y>349</y><time>14-05-20 17:00:50:068</time></pt><pt><x>370</x><y>340</y><time>14-05-20 17:00:50:533</time></pt><pt><x>379</x><y>391</y><time>14-05-20 17:00:51:914</time></pt><pt><x>379</x><y>424</y><time>14-05-20 17:00:52:960</time></pt><pt><x>374</x><y>457</y><time>14-05-20 17:00:53:744</time></pt><pt><x>365</x><y>478</y><time>14-05-20 17:00:54:961</time></pt><pt><x>563</x><y>479</y><time>14-05-20 17:00:58:380</time></pt><pt><x>542</x><y>401</y><time>14-05-20 17:00:59:552</time></pt><pt><x>523</x><y>356</y><time>14-05-20 17:01:00:318</time></pt><pt><x>523</x><y>319</y><time>14-05-20 17:01:00:970</time></pt><pt><x>520</x><y>284</y><time>14-05-20 17:01:01:870</time></pt><pt><x>513</x><y>260</y><time>14-05-20 17:01:02:584</time></pt><pt><x>497</x><y>243</y><time>14-05-20 17:01:03:088</time></pt><closed_date>14-05-20 17:01:03:932</closed_date></polygon></object></annotation>