<annotation><filename>angle0_27.jpg</filename><folder>users/lab605//shoes_new</folder><source><submittedBy>lab605</submittedBy></source><imagesize><nrows>480</nrows><ncols>640</ncols></imagesize><object><name>right_shoe</name><deleted>0</deleted><verified>0</verified><occluded>no</occluded><attributes></attributes><parts><hasparts></hasparts><ispartof></ispartof></parts><date>14-05-20 16:28:49:746</date><id>0</id><polygon><username>anonymous</username><pt><x>288</x><y>61</y><time>14-05-20 16:28:27:585</time></pt><pt><x>285</x><y>75</y><time>14-05-20 16:28:29:506</time></pt><pt><x>285</x><y>83</y><time>14-05-20 16:28:30:018</time></pt><pt><x>285</x><y>93</y><time>14-05-20 16:28:30:450</time></pt><pt><x>283</x><y>99</y><time>14-05-20 16:28:30:978</time></pt><pt><x>281</x><y>108</y><time>14-05-20 16:28:31:722</time></pt><pt><x>278</x><y>115</y><time>14-05-20 16:28:32:370</time></pt><pt><x>277</x><y>126</y><time>14-05-20 16:28:33:250</time></pt><pt><x>277</x><y>136</y><time>14-05-20 16:28:33:714</time></pt><pt><x>277</x><y>147</y><time>14-05-20 16:28:34:170</time></pt><pt><x>279</x><y>157</y><time>14-05-20 16:28:34:594</time></pt><pt><x>282</x><y>167</y><time>14-05-20 16:28:35:394</time></pt><pt><x>286</x><y>174</y><time>14-05-20 16:28:35:866</time></pt><pt><x>289</x><y>178</y><time>14-05-20 16:28:36:226</time></pt><pt><x>297</x><y>180</y><time>14-05-20 16:28:36:842</time></pt><pt><x>305</x><y>180</y><time>14-05-20 16:28:37:274</time></pt><pt><x>315</x><y>176</y><time>14-05-20 16:28:37:834</time></pt><pt><x>321</x><y>163</y><time>14-05-20 16:28:38:458</time></pt><pt><x>321</x><y>153</y><time>14-05-20 16:28:38:834</time></pt><pt><x>325</x><y>141</y><time>14-05-20 16:28:39:266</time></pt><pt><x>325</x><y>125</y><time>14-05-20 16:28:39:970</time></pt><pt><x>327</x><y>114</y><time>14-05-20 16:28:40:642</time></pt><pt><x>327</x><y>104</y><time>14-05-20 16:28:41:186</time></pt><pt><x>327</x><y>96</y><time>14-05-20 16:28:41:586</time></pt><pt><x>328</x><y>85</y><time>14-05-20 16:28:41:978</time></pt><pt><x>328</x><y>78</y><time>14-05-20 16:28:42:410</time></pt><pt><x>327</x><y>73</y><time>14-05-20 16:28:42:818</time></pt><closed_date>14-05-20 16:28:43:770</closed_date></polygon></object><object><name>left_shoe</name><deleted>0</deleted><verified>0</verified><occluded>no</occluded><attributes></attributes><parts><hasparts></hasparts><ispartof></ispartof></parts><date>14-05-20 16:29:17:133</date><id>1</id><polygon><username>anonymous</username><pt><x>328</x><y>162</y><time>14-05-20 16:28:52:112</time></pt><pt><x>321</x><y>167</y><time>14-05-20 16:28:52:954</time></pt><pt><x>319</x><y>174</y><time>14-05-20 16:28:53:402</time></pt><pt><x>315</x><y>181</y><time>14-05-20 16:28:53:962</time></pt><pt><x>314</x><y>189</y><time>14-05-20 16:28:54:402</time></pt><pt><x>311</x><y>199</y><time>14-05-20 16:28:54:890</time></pt><pt><x>313</x><y>209</y><time>14-05-20 16:28:55:346</time></pt><pt><x>313</x><y>218</y><time>14-05-20 16:28:56:138</time></pt><pt><x>313</x><y>227</y><time>14-05-20 16:28:56:642</time></pt><pt><x>315</x><y>236</y><time>14-05-20 16:28:57:082</time></pt><pt><x>315</x><y>247</y><time>14-05-20 16:28:57:610</time></pt><pt><x>315</x><y>261</y><time>14-05-20 16:28:58:194</time></pt><pt><x>316</x><y>273</y><time>14-05-20 16:28:58:642</time></pt><pt><x>316</x><y>282</y><time>14-05-20 16:28:59:106</time></pt><pt><x>321</x><y>297</y><time>14-05-20 16:29:00:386</time></pt><pt><x>327</x><y>305</y><time>14-05-20 16:29:00:914</time></pt><pt><x>334</x><y>306</y><time>14-05-20 16:29:01:370</time></pt><pt><x>341</x><y>304</y><time>14-05-20 16:29:01:786</time></pt><pt><x>349</x><y>302</y><time>14-05-20 16:29:02:330</time></pt><pt><x>356</x><y>297</y><time>14-05-20 16:29:02:706</time></pt><pt><x>358</x><y>292</y><time>14-05-20 16:29:03:090</time></pt><pt><x>360</x><y>280</y><time>14-05-20 16:29:03:458</time></pt><pt><x>362</x><y>268</y><time>14-05-20 16:29:03:810</time></pt><pt><x>363</x><y>258</y><time>14-05-20 16:29:04:234</time></pt><pt><x>364</x><y>243</y><time>14-05-20 16:29:04:578</time></pt><pt><x>361</x><y>234</y><time>14-05-20 16:29:04:946</time></pt><pt><x>358</x><y>223</y><time>14-05-20 16:29:05:354</time></pt><pt><x>358</x><y>212</y><time>14-05-20 16:29:05:754</time></pt><pt><x>359</x><y>204</y><time>14-05-20 16:29:06:146</time></pt><pt><x>359</x><y>195</y><time>14-05-20 16:29:06:546</time></pt><closed_date>14-05-20 16:29:07:474</closed_date></polygon></object></annotation>