<annotation><filename>angle0_67.jpg</filename><folder>users/lab605//shoes_new</folder><source><submittedBy>lab605</submittedBy></source><imagesize><nrows>480</nrows><ncols>640</ncols></imagesize><object><name>right_shoe</name><deleted>0</deleted><verified>0</verified><occluded>no</occluded><attributes></attributes><parts><hasparts></hasparts><ispartof></ispartof></parts><date>14-05-20 16:59:16:400</date><id>0</id><polygon><username>samliu</username><pt><x>161</x><y>38</y><time>14-05-20 16:58:35:184</time></pt><pt><x>148</x><y>67</y><time>14-05-20 16:58:35:872</time></pt><pt><x>133</x><y>113</y><time>14-05-20 16:58:37:322</time></pt><pt><x>125</x><y>174</y><time>14-05-20 16:58:39:098</time></pt><pt><x>122</x><y>210</y><time>14-05-20 16:58:40:052</time></pt><pt><x>115</x><y>255</y><time>14-05-20 16:58:41:882</time></pt><pt><x>112</x><y>283</y><time>14-05-20 16:58:42:636</time></pt><pt><x>131</x><y>358</y><time>14-05-20 16:58:45:366</time></pt><pt><x>157</x><y>389</y><time>14-05-20 16:58:46:419</time></pt><pt><x>193</x><y>402</y><time>14-05-20 16:58:59:161</time></pt><pt><x>227</x><y>397</y><time>14-05-20 16:59:00:238</time></pt><pt><x>249</x><y>377</y><time>14-05-20 16:59:01:192</time></pt><pt><x>266</x><y>334</y><time>14-05-20 16:59:02:574</time></pt><pt><x>266</x><y>296</y><time>14-05-20 16:59:03:326</time></pt><pt><x>266</x><y>250</y><time>14-05-20 16:59:04:286</time></pt><pt><x>271</x><y>197</y><time>14-05-20 16:59:07:606</time></pt><pt><x>272</x><y>141</y><time>14-05-20 16:59:08:762</time></pt><pt><x>267</x><y>113</y><time>14-05-20 16:59:09:351</time></pt><pt><x>265</x><y>98</y><time>14-05-20 16:59:10:072</time></pt><closed_date>14-05-20 16:59:10:948</closed_date></polygon></object><object><name>left_shoe</name><deleted>0</deleted><verified>0</verified><occluded>no</occluded><attributes></attributes><parts><hasparts></hasparts><ispartof></ispartof></parts><date>14-05-20 17:00:06:633</date><id>1</id><polygon><username>samliu</username><pt><x>383</x><y>149</y><time>14-05-20 16:59:17:373</time></pt><pt><x>365</x><y>168</y><time>14-05-20 16:59:18:037</time></pt><pt><x>351</x><y>203</y><time>14-05-20 16:59:19:147</time></pt><pt><x>343</x><y>229</y><time>14-05-20 16:59:19:946</time></pt><pt><x>341</x><y>263</y><time>14-05-20 16:59:21:023</time></pt><pt><x>345</x><y>310</y><time>14-05-20 16:59:22:303</time></pt><pt><x>345</x><y>351</y><time>14-05-20 16:59:23:055</time></pt><pt><x>342</x><y>398</y><time>14-05-20 16:59:24:017</time></pt><pt><x>339</x><y>434</y><time>14-05-20 16:59:24:885</time></pt><pt><x>351</x><y>479</y><time>14-05-20 16:59:27:593</time></pt><pt><x>493</x><y>478</y><time>14-05-20 16:59:32:439</time></pt><pt><x>502</x><y>454</y><time>14-05-20 16:59:35:510</time></pt><pt><x>496</x><y>385</y><time>14-05-20 16:59:37:588</time></pt><pt><x>488</x><y>280</y><time>14-05-20 16:59:47:670</time></pt><pt><x>480</x><y>223</y><time>14-05-20 16:59:48:966</time></pt><pt><x>477</x><y>184</y><time>14-05-20 16:59:49:841</time></pt><closed_date>14-05-20 16:59:51:688</closed_date></polygon></object></annotation>