<annotation><filename>angle0_20.jpg</filename><folder>users/lab605//shoes_new</folder><source><submittedBy>lab605</submittedBy></source><imagesize><nrows>480</nrows><ncols>640</ncols></imagesize><object><name>right_shoe</name><deleted>0</deleted><verified>0</verified><occluded>no</occluded><attributes></attributes><parts><hasparts></hasparts><ispartof></ispartof></parts><date>14-05-20 16:57:03:600</date><id>0</id><polygon><username>lab605</username><pt><x>295</x><y>366</y><time>14-05-20 16:56:41:627</time></pt><pt><x>295</x><y>385</y><time>14-05-20 16:56:42:326</time></pt><pt><x>295</x><y>395</y><time>14-05-20 16:56:43:493</time></pt><pt><x>296</x><y>405</y><time>14-05-20 16:56:44:813</time></pt><pt><x>297</x><y>414</y><time>14-05-20 16:56:45:949</time></pt><pt><x>305</x><y>418</y><time>14-05-20 16:56:46:862</time></pt><pt><x>311</x><y>416</y><time>14-05-20 16:56:47:493</time></pt><pt><x>314</x><y>406</y><time>14-05-20 16:56:49:654</time></pt><pt><x>314</x><y>398</y><time>14-05-20 16:56:50:631</time></pt><pt><x>312</x><y>389</y><time>14-05-20 16:56:51:556</time></pt><pt><x>309</x><y>376</y><time>14-05-20 16:56:52:299</time></pt><pt><x>309</x><y>368</y><time>14-05-20 16:56:52:949</time></pt><pt><x>309</x><y>363</y><time>14-05-20 16:56:53:483</time></pt><pt><x>307</x><y>360</y><time>14-05-20 16:56:54:167</time></pt><closed_date>14-05-20 16:56:54:953</closed_date></polygon></object><object><name>left_shoe</name><deleted>0</deleted><verified>0</verified><occluded>no</occluded><attributes></attributes><parts><hasparts></hasparts><ispartof></ispartof></parts><date>14-05-20 16:57:27:603</date><id>1</id><polygon><username>lab605</username><pt><x>322</x><y>364</y><time>14-05-20 16:57:06:078</time></pt><pt><x>321</x><y>375</y><time>14-05-20 16:57:07:028</time></pt><pt><x>321</x><y>385</y><time>14-05-20 16:57:07:795</time></pt><pt><x>320</x><y>394</y><time>14-05-20 16:57:09:391</time></pt><pt><x>318</x><y>402</y><time>14-05-20 16:57:10:312</time></pt><pt><x>318</x><y>412</y><time>14-05-20 16:57:11:009</time></pt><pt><x>321</x><y>416</y><time>14-05-20 16:57:11:661</time></pt><pt><x>325</x><y>418</y><time>14-05-20 16:57:13:327</time></pt><pt><x>330</x><y>418</y><time>14-05-20 16:57:13:842</time></pt><pt><x>334</x><y>415</y><time>14-05-20 16:57:14:424</time></pt><pt><x>336</x><y>411</y><time>14-05-20 16:57:15:101</time></pt><pt><x>338</x><y>405</y><time>14-05-20 16:57:15:730</time></pt><pt><x>338</x><y>400</y><time>14-05-20 16:57:16:344</time></pt><pt><x>339</x><y>392</y><time>14-05-20 16:57:17:008</time></pt><pt><x>337</x><y>384</y><time>14-05-20 16:57:17:951</time></pt><pt><x>337</x><y>378</y><time>14-05-20 16:57:18:759</time></pt><pt><x>338</x><y>370</y><time>14-05-20 16:57:19:542</time></pt><pt><x>337</x><y>363</y><time>14-05-20 16:57:20:410</time></pt><closed_date>14-05-20 16:57:21:440</closed_date></polygon></object></annotation>