<annotation><filename>angle0_72.jpg</filename><folder>users/lab605//shoes_new</folder><source><submittedBy>lab605</submittedBy></source><imagesize><nrows>480</nrows><ncols>640</ncols></imagesize><object><name>right_shoe</name><deleted>0</deleted><verified>0</verified><occluded>no</occluded><attributes></attributes><parts><hasparts></hasparts><ispartof></ispartof></parts><date>14-05-20 17:04:32:165</date><id>0</id><polygon><username>samliu</username><pt><x>293</x><y>95</y><time>14-05-20 17:04:05:651</time></pt><pt><x>310</x><y>116</y><time>14-05-20 17:04:06:270</time></pt><pt><x>312</x><y>142</y><time>14-05-20 17:04:06:766</time></pt><pt><x>308</x><y>164</y><time>14-05-20 17:04:07:354</time></pt><pt><x>302</x><y>193</y><time>14-05-20 17:04:07:952</time></pt><pt><x>296</x><y>212</y><time>14-05-20 17:04:08:680</time></pt><pt><x>293</x><y>236</y><time>14-05-20 17:04:11:193</time></pt><pt><x>299</x><y>275</y><time>14-05-20 17:04:12:364</time></pt><pt><x>293</x><y>300</y><time>14-05-20 17:04:13:084</time></pt><pt><x>285</x><y>321</y><time>14-05-20 17:04:13:526</time></pt><pt><x>279</x><y>334</y><time>14-05-20 17:04:14:054</time></pt><pt><x>261</x><y>352</y><time>14-05-20 17:04:14:628</time></pt><pt><x>232</x><y>355</y><time>14-05-20 17:04:15:774</time></pt><pt><x>207</x><y>340</y><time>14-05-20 17:04:16:582</time></pt><pt><x>196</x><y>321</y><time>14-05-20 17:04:17:116</time></pt><pt><x>188</x><y>294</y><time>14-05-20 17:04:17:590</time></pt><pt><x>189</x><y>262</y><time>14-05-20 17:04:18:094</time></pt><pt><x>201</x><y>220</y><time>14-05-20 17:04:18:674</time></pt><pt><x>212</x><y>194</y><time>14-05-20 17:04:19:318</time></pt><pt><x>211</x><y>179</y><time>14-05-20 17:04:19:784</time></pt><closed_date>14-05-20 17:04:20:652</closed_date></polygon></object><object><name>left_shoe</name><deleted>0</deleted><verified>0</verified><occluded>no</occluded><attributes></attributes><parts><hasparts></hasparts><ispartof></ispartof></parts><date>14-05-20 17:05:14:634</date><id>1</id><polygon><username>samliu</username><pt><x>436</x><y>187</y><time>14-05-20 17:04:38:185</time></pt><pt><x>442</x><y>234</y><time>14-05-20 17:04:39:277</time></pt><pt><x>444</x><y>275</y><time>14-05-20 17:04:40:433</time></pt><pt><x>438</x><y>301</y><time>14-05-20 17:04:41:323</time></pt><pt><x>429</x><y>323</y><time>14-05-20 17:04:42:045</time></pt><pt><x>407</x><y>341</y><time>14-05-20 17:04:42:905</time></pt><pt><x>384</x><y>353</y><time>14-05-20 17:04:43:945</time></pt><pt><x>353</x><y>343</y><time>14-05-20 17:04:44:797</time></pt><pt><x>339</x><y>318</y><time>14-05-20 17:04:45:465</time></pt><pt><x>336</x><y>285</y><time>14-05-20 17:04:46:007</time></pt><pt><x>336</x><y>259</y><time>14-05-20 17:04:46:519</time></pt><pt><x>344</x><y>214</y><time>14-05-20 17:04:47:605</time></pt><pt><x>345</x><y>187</y><time>14-05-20 17:04:48:435</time></pt><pt><x>339</x><y>146</y><time>14-05-20 17:04:49:077</time></pt><pt><x>340</x><y>121</y><time>14-05-20 17:04:49:869</time></pt><pt><x>348</x><y>95</y><time>14-05-20 17:05:07:223</time></pt><closed_date>14-05-20 17:05:09:634</closed_date></polygon></object></annotation>