<annotation><filename>angle0_51.jpg</filename><folder>users/lab605//shoes_new</folder><source><submittedBy>lab605</submittedBy></source><imagesize><nrows>480</nrows><ncols>640</ncols></imagesize><object><name>right_shoe</name><deleted>0</deleted><verified>0</verified><occluded>no</occluded><attributes></attributes><parts><hasparts></hasparts><ispartof></ispartof></parts><date>14-05-20 16:13:01:452</date><id>0</id><polygon><username>samliu</username><pt><x>155</x><y>1</y><time>14-05-20 16:10:57:549</time></pt><pt><x>184</x><y>33</y><time>14-05-20 16:10:58:625</time></pt><pt><x>191</x><y>77</y><time>14-05-20 16:10:59:649</time></pt><pt><x>185</x><y>108</y><time>14-05-20 16:11:01:105</time></pt><pt><x>182</x><y>149</y><time>14-05-20 16:11:02:765</time></pt><pt><x>179</x><y>166</y><time>14-05-20 16:11:04:533</time></pt><pt><x>184</x><y>193</y><time>14-05-20 16:11:05:625</time></pt><pt><x>196</x><y>224</y><time>14-05-20 16:11:07:145</time></pt><pt><x>199</x><y>256</y><time>14-05-20 16:11:08:710</time></pt><pt><x>196</x><y>286</y><time>14-05-20 16:11:09:757</time></pt><pt><x>188</x><y>310</y><time>14-05-20 16:11:11:315</time></pt><pt><x>167</x><y>334</y><time>14-05-20 16:11:12:919</time></pt><pt><x>143</x><y>340</y><time>14-05-20 16:11:16:261</time></pt><pt><x>109</x><y>341</y><time>14-05-20 16:11:18:129</time></pt><pt><x>96</x><y>332</y><time>14-05-20 16:11:19:747</time></pt><pt><x>72</x><y>286</y><time>14-05-20 16:12:24:613</time></pt><pt><x>64</x><y>246</y><time>14-05-20 16:12:27:443</time></pt><pt><x>64</x><y>197</y><time>14-05-20 16:12:29:349</time></pt><pt><x>65</x><y>159</y><time>14-05-20 16:12:31:063</time></pt><pt><x>65</x><y>131</y><time>14-05-20 16:12:32:303</time></pt><pt><x>66</x><y>119</y><time>14-05-20 16:12:34:583</time></pt><pt><x>52</x><y>90</y><time>14-05-20 16:12:35:483</time></pt><pt><x>55</x><y>75</y><time>14-05-20 16:12:41:755</time></pt><pt><x>61</x><y>54</y><time>14-05-20 16:12:43:243</time></pt><closed_date>14-05-20 16:12:45:383</closed_date></polygon></object><object><name>left_shoe</name><deleted>0</deleted><verified>0</verified><occluded>no</occluded><attributes></attributes><parts><hasparts></hasparts><ispartof></ispartof></parts><date>14-05-20 16:18:44:998</date><id>1</id><polygon><username>samliu</username><pt><x>447</x><y>0</y><time>14-05-20 16:16:46:885</time></pt><pt><x>435</x><y>30</y><time>14-05-20 16:16:48:464</time></pt><pt><x>434</x><y>80</y><time>14-05-20 16:16:50:116</time></pt><pt><x>437</x><y>121</y><time>14-05-20 16:16:52:054</time></pt><pt><x>440</x><y>135</y><time>14-05-20 16:16:53:488</time></pt><pt><x>436</x><y>150</y><time>14-05-20 16:16:59:968</time></pt><pt><x>430</x><y>185</y><time>14-05-20 16:17:02:426</time></pt><pt><x>423</x><y>220</y><time>14-05-20 16:17:05:404</time></pt><pt><x>421</x><y>243</y><time>14-05-20 16:17:07:582</time></pt><pt><x>425</x><y>274</y><time>14-05-20 16:17:08:792</time></pt><pt><x>436</x><y>298</y><time>14-05-20 16:17:10:676</time></pt><pt><x>453</x><y>311</y><time>14-05-20 16:17:12:700</time></pt><pt><x>474</x><y>320</y><time>14-05-20 16:17:14:242</time></pt><pt><x>497</x><y>322</y><time>14-05-20 16:17:16:064</time></pt><pt><x>515</x><y>313</y><time>14-05-20 16:17:19:258</time></pt><pt><x>533</x><y>301</y><time>14-05-20 16:17:20:678</time></pt><pt><x>547</x><y>275</y><time>14-05-20 16:17:22:546</time></pt><pt><x>560</x><y>231</y><time>14-05-20 16:17:24:624</time></pt><pt><x>562</x><y>207</y><time>14-05-20 16:17:25:980</time></pt><pt><x>561</x><y>196</y><time>14-05-20 16:17:28:470</time></pt><pt><x>560</x><y>146</y><time>14-05-20 16:18:06:572</time></pt><pt><x>556</x><y>115</y><time>14-05-20 16:18:09:392</time></pt><pt><x>558</x><y>109</y><time>14-05-20 16:18:12:424</time></pt><pt><x>562</x><y>92</y><time>14-05-20 16:18:13:772</time></pt><pt><x>557</x><y>81</y><time>14-05-20 16:18:14:742</time></pt><pt><x>562</x><y>61</y><time>14-05-20 16:18:16:735</time></pt><pt><x>565</x><y>52</y><time>14-05-20 16:18:19:432</time></pt><pt><x>557</x><y>17</y><time>14-05-20 16:18:22:176</time></pt><pt><x>553</x><y>10</y><time>14-05-20 16:18:23:362</time></pt><closed_date>14-05-20 16:18:27:914</closed_date></polygon></object></annotation>