<annotation><filename>angle0_49.jpg</filename><folder>users/lab605//shoes_new</folder><source><submittedBy>lab605</submittedBy></source><imagesize><nrows>480</nrows><ncols>640</ncols></imagesize><object><name>right_shoe</name><deleted>0</deleted><verified>0</verified><occluded>no</occluded><attributes></attributes><parts><hasparts></hasparts><ispartof></ispartof></parts><date>14-05-20 16:50:25:157</date><id>0</id><polygon><username>anonymous</username><pt><x>245</x><y>353</y><time>14-05-20 16:50:06:944</time></pt><pt><x>243</x><y>368</y><time>14-05-20 16:50:07:257</time></pt><pt><x>243</x><y>380</y><time>14-05-20 16:50:07:609</time></pt><pt><x>243</x><y>397</y><time>14-05-20 16:50:07:969</time></pt><pt><x>246</x><y>407</y><time>14-05-20 16:50:08:305</time></pt><pt><x>245</x><y>422</y><time>14-05-20 16:50:08:633</time></pt><pt><x>246</x><y>437</y><time>14-05-20 16:50:08:977</time></pt><pt><x>251</x><y>457</y><time>14-05-20 16:50:09:305</time></pt><pt><x>254</x><y>474</y><time>14-05-20 16:50:09:913</time></pt><pt><x>255</x><y>478</y><time>14-05-20 16:50:11:313</time></pt><pt><x>259</x><y>476</y><time>14-05-20 16:50:12:297</time></pt><pt><x>265</x><y>478</y><time>14-05-20 16:50:12:665</time></pt><pt><x>277</x><y>479</y><time>14-05-20 16:50:13:001</time></pt><pt><x>288</x><y>478</y><time>14-05-20 16:50:13:313</time></pt><pt><x>301</x><y>477</y><time>14-05-20 16:50:14:353</time></pt><pt><x>304</x><y>477</y><time>14-05-20 16:50:14:809</time></pt><pt><x>311</x><y>467</y><time>14-05-20 16:50:15:289</time></pt><pt><x>312</x><y>452</y><time>14-05-20 16:50:15:577</time></pt><pt><x>312</x><y>441</y><time>14-05-20 16:50:15:825</time></pt><pt><x>307</x><y>430</y><time>14-05-20 16:50:16:121</time></pt><pt><x>305</x><y>417</y><time>14-05-20 16:50:16:449</time></pt><pt><x>302</x><y>404</y><time>14-05-20 16:50:16:712</time></pt><pt><x>300</x><y>392</y><time>14-05-20 16:50:17:009</time></pt><pt><x>297</x><y>370</y><time>14-05-20 16:50:17:257</time></pt><pt><x>297</x><y>356</y><time>14-05-20 16:50:17:569</time></pt><pt><x>297</x><y>343</y><time>14-05-20 16:50:17:793</time></pt><pt><x>292</x><y>328</y><time>14-05-20 16:50:18:265</time></pt><pt><x>287</x><y>320</y><time>14-05-20 16:50:18:593</time></pt><pt><x>287</x><y>320</y><time>14-05-20 16:50:18:865</time></pt><pt><x>282</x><y>316</y><time>14-05-20 16:50:19:193</time></pt><closed_date>14-05-20 16:50:20:166</closed_date></polygon></object><object><name>left_shoe</name><deleted>0</deleted><verified>0</verified><occluded>no</occluded><attributes></attributes><parts><hasparts></hasparts><ispartof></ispartof></parts><date>14-05-20 16:50:46:323</date><id>1</id><polygon><username>anonymous</username><pt><x>341</x><y>315</y><time>14-05-20 16:50:27:546</time></pt><pt><x>335</x><y>327</y><time>14-05-20 16:50:27:993</time></pt><pt><x>332</x><y>338</y><time>14-05-20 16:50:28:336</time></pt><pt><x>332</x><y>349</y><time>14-05-20 16:50:28:657</time></pt><pt><x>332</x><y>359</y><time>14-05-20 16:50:28:960</time></pt><pt><x>332</x><y>370</y><time>14-05-20 16:50:29:265</time></pt><pt><x>334</x><y>379</y><time>14-05-20 16:50:29:576</time></pt><pt><x>331</x><y>392</y><time>14-05-20 16:50:29:856</time></pt><pt><x>331</x><y>404</y><time>14-05-20 16:50:30:225</time></pt><pt><x>330</x><y>420</y><time>14-05-20 16:50:30:553</time></pt><pt><x>332</x><y>431</y><time>14-05-20 16:50:30:865</time></pt><pt><x>333</x><y>444</y><time>14-05-20 16:50:31:537</time></pt><pt><x>333</x><y>454</y><time>14-05-20 16:50:31:872</time></pt><pt><x>339</x><y>466</y><time>14-05-20 16:50:32:353</time></pt><pt><x>341</x><y>474</y><time>14-05-20 16:50:32:720</time></pt><pt><x>344</x><y>479</y><time>14-05-20 16:50:33:793</time></pt><pt><x>350</x><y>479</y><time>14-05-20 16:50:34:249</time></pt><pt><x>360</x><y>477</y><time>14-05-20 16:50:35:041</time></pt><pt><x>368</x><y>477</y><time>14-05-20 16:50:35:537</time></pt><pt><x>375</x><y>478</y><time>14-05-20 16:50:35:864</time></pt><pt><x>381</x><y>478</y><time>14-05-20 16:50:36:128</time></pt><pt><x>386</x><y>476</y><time>14-05-20 16:50:36:400</time></pt><pt><x>390</x><y>469</y><time>14-05-20 16:50:36:704</time></pt><pt><x>394</x><y>454</y><time>14-05-20 16:50:36:976</time></pt><pt><x>397</x><y>444</y><time>14-05-20 16:50:37:209</time></pt><pt><x>400</x><y>428</y><time>14-05-20 16:50:37:656</time></pt><pt><x>399</x><y>421</y><time>14-05-20 16:50:37:960</time></pt><pt><x>397</x><y>412</y><time>14-05-20 16:50:38:248</time></pt><pt><x>395</x><y>404</y><time>14-05-20 16:50:38:513</time></pt><pt><x>393</x><y>390</y><time>14-05-20 16:50:38:784</time></pt><pt><x>392</x><y>382</y><time>14-05-20 16:50:39:056</time></pt><pt><x>389</x><y>374</y><time>14-05-20 16:50:39:320</time></pt><pt><x>389</x><y>366</y><time>14-05-20 16:50:39:568</time></pt><pt><x>388</x><y>358</y><time>14-05-20 16:50:39:816</time></pt><pt><x>386</x><y>346</y><time>14-05-20 16:50:40:033</time></pt><pt><x>385</x><y>343</y><time>14-05-20 16:50:40:289</time></pt><pt><x>384</x><y>339</y><time>14-05-20 16:50:40:737</time></pt><pt><x>381</x><y>334</y><time>14-05-20 16:50:41:160</time></pt><closed_date>14-05-20 16:50:42:073</closed_date></polygon></object></annotation>