<annotation><filename>angle0_35.jpg</filename><folder>users/lab605//shoes_new</folder><source><submittedBy>lab605</submittedBy></source><imagesize><nrows>480</nrows><ncols>640</ncols></imagesize><object><name>right_shoe</name><deleted>0</deleted><verified>0</verified><occluded>no</occluded><attributes></attributes><parts><hasparts></hasparts><ispartof></ispartof></parts><date>14-05-20 16:37:39:481</date><id>0</id><polygon><username>anonymous</username><pt><x>208</x><y>246</y><time>14-05-20 16:37:19:008</time></pt><pt><x>207</x><y>262</y><time>14-05-20 16:37:19:511</time></pt><pt><x>206</x><y>277</y><time>14-05-20 16:37:19:943</time></pt><pt><x>206</x><y>287</y><time>14-05-20 16:37:20:486</time></pt><pt><x>204</x><y>300</y><time>14-05-20 16:37:21:335</time></pt><pt><x>205</x><y>311</y><time>14-05-20 16:37:21:750</time></pt><pt><x>205</x><y>321</y><time>14-05-20 16:37:22:335</time></pt><pt><x>204</x><y>332</y><time>14-05-20 16:37:22:694</time></pt><pt><x>203</x><y>344</y><time>14-05-20 16:37:23:150</time></pt><pt><x>204</x><y>358</y><time>14-05-20 16:37:23:574</time></pt><pt><x>206</x><y>374</y><time>14-05-20 16:37:24:342</time></pt><pt><x>209</x><y>388</y><time>14-05-20 16:37:24:894</time></pt><pt><x>215</x><y>397</y><time>14-05-20 16:37:25:478</time></pt><pt><x>223</x><y>407</y><time>14-05-20 16:37:25:950</time></pt><pt><x>228</x><y>411</y><time>14-05-20 16:37:26:350</time></pt><pt><x>237</x><y>414</y><time>14-05-20 16:37:26:759</time></pt><pt><x>244</x><y>418</y><time>14-05-20 16:37:27:262</time></pt><pt><x>251</x><y>417</y><time>14-05-20 16:37:27:710</time></pt><pt><x>263</x><y>416</y><time>14-05-20 16:37:28:071</time></pt><pt><x>272</x><y>412</y><time>14-05-20 16:37:28:470</time></pt><pt><x>277</x><y>404</y><time>14-05-20 16:37:28:815</time></pt><pt><x>280</x><y>390</y><time>14-05-20 16:37:29:206</time></pt><pt><x>282</x><y>381</y><time>14-05-20 16:37:29:583</time></pt><pt><x>282</x><y>367</y><time>14-05-20 16:37:30:007</time></pt><pt><x>282</x><y>357</y><time>14-05-20 16:37:30:398</time></pt><pt><x>281</x><y>346</y><time>14-05-20 16:37:30:774</time></pt><pt><x>279</x><y>334</y><time>14-05-20 16:37:31:158</time></pt><pt><x>275</x><y>324</y><time>14-05-20 16:37:31:518</time></pt><pt><x>273</x><y>312</y><time>14-05-20 16:37:31:910</time></pt><pt><x>273</x><y>304</y><time>14-05-20 16:37:32:286</time></pt><pt><x>278</x><y>285</y><time>14-05-20 16:37:32:665</time></pt><pt><x>278</x><y>277</y><time>14-05-20 16:37:32:999</time></pt><pt><x>276</x><y>262</y><time>14-05-20 16:37:33:358</time></pt><pt><x>274</x><y>256</y><time>14-05-20 16:37:33:798</time></pt><closed_date>14-05-20 16:37:34:726</closed_date></polygon></object><object><name>left_shoe</name><deleted>0</deleted><verified>0</verified><occluded>no</occluded><attributes></attributes><parts><hasparts></hasparts><ispartof></ispartof></parts><date>14-05-20 16:38:02:985</date><id>1</id><polygon><username>anonymous</username><pt><x>342</x><y>232</y><time>14-05-20 16:37:42:120</time></pt><pt><x>335</x><y>243</y><time>14-05-20 16:37:42:766</time></pt><pt><x>330</x><y>251</y><time>14-05-20 16:37:43:190</time></pt><pt><x>326</x><y>262</y><time>14-05-20 16:37:43:710</time></pt><pt><x>324</x><y>272</y><time>14-05-20 16:37:44:166</time></pt><pt><x>324</x><y>282</y><time>14-05-20 16:37:44:550</time></pt><pt><x>327</x><y>290</y><time>14-05-20 16:37:44:918</time></pt><pt><x>328</x><y>301</y><time>14-05-20 16:37:45:342</time></pt><pt><x>328</x><y>315</y><time>14-05-20 16:37:45:758</time></pt><pt><x>327</x><y>327</y><time>14-05-20 16:37:46:166</time></pt><pt><x>325</x><y>336</y><time>14-05-20 16:37:46:582</time></pt><pt><x>325</x><y>346</y><time>14-05-20 16:37:46:974</time></pt><pt><x>321</x><y>358</y><time>14-05-20 16:37:47:438</time></pt><pt><x>319</x><y>370</y><time>14-05-20 16:37:47:942</time></pt><pt><x>319</x><y>383</y><time>14-05-20 16:37:48:350</time></pt><pt><x>323</x><y>394</y><time>14-05-20 16:37:48:702</time></pt><pt><x>326</x><y>410</y><time>14-05-20 16:37:49:542</time></pt><pt><x>333</x><y>423</y><time>14-05-20 16:37:50:102</time></pt><pt><x>342</x><y>427</y><time>14-05-20 16:37:50:582</time></pt><pt><x>356</x><y>428</y><time>14-05-20 16:37:51:006</time></pt><pt><x>366</x><y>423</y><time>14-05-20 16:37:51:422</time></pt><pt><x>373</x><y>420</y><time>14-05-20 16:37:51:862</time></pt><pt><x>379</x><y>411</y><time>14-05-20 16:37:52:302</time></pt><pt><x>384</x><y>401</y><time>14-05-20 16:37:52:702</time></pt><pt><x>385</x><y>393</y><time>14-05-20 16:37:53:071</time></pt><pt><x>387</x><y>381</y><time>14-05-20 16:37:53:526</time></pt><pt><x>389</x><y>370</y><time>14-05-20 16:37:53:974</time></pt><pt><x>391</x><y>357</y><time>14-05-20 16:37:54:406</time></pt><pt><x>393</x><y>344</y><time>14-05-20 16:37:54:822</time></pt><pt><x>391</x><y>331</y><time>14-05-20 16:37:55:246</time></pt><pt><x>390</x><y>320</y><time>14-05-20 16:37:56:102</time></pt><pt><x>389</x><y>304</y><time>14-05-20 16:37:56:486</time></pt><pt><x>389</x><y>296</y><time>14-05-20 16:37:56:838</time></pt><pt><x>390</x><y>286</y><time>14-05-20 16:37:57:206</time></pt><closed_date>14-05-20 16:37:58:014</closed_date></polygon></object></annotation>