<annotation><filename>angle0_8.jpg</filename><folder>users/lab605//shoes_new</folder><source><submittedBy>lab605</submittedBy></source><imagesize><nrows>480</nrows><ncols>640</ncols></imagesize><object><name>right_shoe</name><deleted>0</deleted><verified>0</verified><occluded>no</occluded><attributes></attributes><parts><hasparts></hasparts><ispartof></ispartof></parts><date>14-05-20 16:34:39:886</date><id>0</id><polygon><username>lab605</username><pt><x>274</x><y>44</y><time>14-05-20 16:33:55:147</time></pt><pt><x>273</x><y>57</y><time>14-05-20 16:33:55:815</time></pt><pt><x>273</x><y>70</y><time>14-05-20 16:33:56:731</time></pt><pt><x>276</x><y>81</y><time>14-05-20 16:33:58:107</time></pt><pt><x>276</x><y>86</y><time>14-05-20 16:33:59:453</time></pt><pt><x>276</x><y>92</y><time>14-05-20 16:34:00:493</time></pt><pt><x>274</x><y>101</y><time>14-05-20 16:34:00:999</time></pt><pt><x>272</x><y>104</y><time>14-05-20 16:34:01:943</time></pt><pt><x>270</x><y>116</y><time>14-05-20 16:34:02:357</time></pt><pt><x>272</x><y>128</y><time>14-05-20 16:34:04:385</time></pt><pt><x>273</x><y>144</y><time>14-05-20 16:34:05:227</time></pt><pt><x>277</x><y>155</y><time>14-05-20 16:34:05:978</time></pt><pt><x>280</x><y>164</y><time>14-05-20 16:34:06:834</time></pt><pt><x>283</x><y>172</y><time>14-05-20 16:34:08:787</time></pt><pt><x>288</x><y>179</y><time>14-05-20 16:34:09:927</time></pt><pt><x>296</x><y>189</y><time>14-05-20 16:34:10:970</time></pt><pt><x>310</x><y>192</y><time>14-05-20 16:34:11:783</time></pt><pt><x>317</x><y>189</y><time>14-05-20 16:34:12:434</time></pt><pt><x>325</x><y>186</y><time>14-05-20 16:34:12:932</time></pt><pt><x>330</x><y>180</y><time>14-05-20 16:34:13:677</time></pt><pt><x>333</x><y>169</y><time>14-05-20 16:34:18:741</time></pt><pt><x>335</x><y>158</y><time>14-05-20 16:34:19:706</time></pt><pt><x>335</x><y>142</y><time>14-05-20 16:34:20:623</time></pt><pt><x>336</x><y>124</y><time>14-05-20 16:34:21:647</time></pt><pt><x>334</x><y>105</y><time>14-05-20 16:34:22:724</time></pt><pt><x>333</x><y>91</y><time>14-05-20 16:34:23:642</time></pt><pt><x>333</x><y>74</y><time>14-05-20 16:34:24:561</time></pt><pt><x>331</x><y>61</y><time>14-05-20 16:34:25:498</time></pt><pt><x>331</x><y>49</y><time>14-05-20 16:34:26:250</time></pt><pt><x>328</x><y>36</y><time>14-05-20 16:34:27:188</time></pt><pt><x>325</x><y>23</y><time>14-05-20 16:34:28:024</time></pt><pt><x>321</x><y>19</y><time>14-05-20 16:34:28:633</time></pt><pt><x>315</x><y>14</y><time>14-05-20 16:34:29:165</time></pt><pt><x>314</x><y>9</y><time>14-05-20 16:34:30:018</time></pt><closed_date>14-05-20 16:34:31:024</closed_date></polygon></object><object><name>left_shoe</name><deleted>0</deleted><verified>0</verified><occluded>no</occluded><attributes></attributes><parts><hasparts></hasparts><ispartof></ispartof></parts><date>14-05-20 16:35:21:415</date><id>1</id><polygon><username>lab605</username><pt><x>347</x><y>2</y><time>14-05-20 16:34:46:188</time></pt><pt><x>344</x><y>12</y><time>14-05-20 16:34:47:069</time></pt><pt><x>340</x><y>20</y><time>14-05-20 16:34:47:697</time></pt><pt><x>335</x><y>27</y><time>14-05-20 16:34:48:719</time></pt><pt><x>335</x><y>40</y><time>14-05-20 16:34:49:319</time></pt><pt><x>335</x><y>57</y><time>14-05-20 16:34:50:900</time></pt><pt><x>336</x><y>75</y><time>14-05-20 16:34:52:300</time></pt><pt><x>337</x><y>93</y><time>14-05-20 16:34:53:446</time></pt><pt><x>339</x><y>108</y><time>14-05-20 16:34:54:524</time></pt><pt><x>339</x><y>122</y><time>14-05-20 16:34:55:200</time></pt><pt><x>339</x><y>136</y><time>14-05-20 16:34:55:988</time></pt><pt><x>338</x><y>149</y><time>14-05-20 16:34:56:659</time></pt><pt><x>341</x><y>167</y><time>14-05-20 16:34:57:579</time></pt><pt><x>347</x><y>175</y><time>14-05-20 16:34:58:323</time></pt><pt><x>353</x><y>182</y><time>14-05-20 16:34:59:701</time></pt><pt><x>363</x><y>183</y><time>14-05-20 16:35:00:904</time></pt><pt><x>373</x><y>183</y><time>14-05-20 16:35:01:437</time></pt><pt><x>381</x><y>179</y><time>14-05-20 16:35:02:242</time></pt><pt><x>386</x><y>171</y><time>14-05-20 16:35:02:843</time></pt><pt><x>391</x><y>162</y><time>14-05-20 16:35:03:818</time></pt><pt><x>394</x><y>156</y><time>14-05-20 16:35:04:484</time></pt><pt><x>396</x><y>149</y><time>14-05-20 16:35:05:073</time></pt><pt><x>400</x><y>137</y><time>14-05-20 16:35:05:626</time></pt><pt><x>399</x><y>126</y><time>14-05-20 16:35:06:483</time></pt><pt><x>399</x><y>115</y><time>14-05-20 16:35:07:316</time></pt><pt><x>398</x><y>107</y><time>14-05-20 16:35:07:855</time></pt><pt><x>397</x><y>98</y><time>14-05-20 16:35:08:524</time></pt><pt><x>394</x><y>86</y><time>14-05-20 16:35:09:124</time></pt><pt><x>393</x><y>75</y><time>14-05-20 16:35:10:407</time></pt><pt><x>394</x><y>67</y><time>14-05-20 16:35:11:183</time></pt><pt><x>395</x><y>57</y><time>14-05-20 16:35:11:760</time></pt><pt><x>395</x><y>48</y><time>14-05-20 16:35:12:406</time></pt><pt><x>394</x><y>40</y><time>14-05-20 16:35:13:331</time></pt><pt><x>392</x><y>37</y><time>14-05-20 16:35:14:207</time></pt><closed_date>14-05-20 16:35:15:417</closed_date></polygon></object></annotation>