<annotation><filename>angle0_97.jpg</filename><folder>users/lab605//shoes_new</folder><source><submittedBy>lab605</submittedBy></source><imagesize><nrows>480</nrows><ncols>640</ncols></imagesize><object><name>right_shoe</name><deleted>0</deleted><verified>0</verified><occluded>no</occluded><attributes></attributes><parts><hasparts></hasparts><ispartof></ispartof></parts><date>14-05-20 17:09:46:647</date><id>0</id><polygon><username>lab605</username><pt><x>225</x><y>215</y><time>14-05-20 17:08:53:534</time></pt><pt><x>225</x><y>229</y><time>14-05-20 17:08:54:722</time></pt><pt><x>223</x><y>236</y><time>14-05-20 17:08:56:246</time></pt><pt><x>224</x><y>246</y><time>14-05-20 17:08:57:069</time></pt><pt><x>224</x><y>251</y><time>14-05-20 17:08:59:618</time></pt><pt><x>220</x><y>257</y><time>14-05-20 17:09:00:580</time></pt><pt><x>216</x><y>263</y><time>14-05-20 17:09:01:385</time></pt><pt><x>211</x><y>268</y><time>14-05-20 17:09:02:191</time></pt><pt><x>206</x><y>275</y><time>14-05-20 17:09:03:133</time></pt><pt><x>204</x><y>283</y><time>14-05-20 17:09:03:961</time></pt><pt><x>203</x><y>291</y><time>14-05-20 17:09:04:728</time></pt><pt><x>206</x><y>299</y><time>14-05-20 17:09:05:391</time></pt><pt><x>208</x><y>305</y><time>14-05-20 17:09:06:069</time></pt><pt><x>219</x><y>310</y><time>14-05-20 17:09:06:575</time></pt><pt><x>232</x><y>311</y><time>14-05-20 17:09:07:131</time></pt><pt><x>242</x><y>310</y><time>14-05-20 17:09:07:616</time></pt><pt><x>253</x><y>307</y><time>14-05-20 17:09:08:636</time></pt><pt><x>263</x><y>301</y><time>14-05-20 17:09:09:258</time></pt><pt><x>267</x><y>291</y><time>14-05-20 17:09:10:209</time></pt><pt><x>267</x><y>283</y><time>14-05-20 17:09:10:824</time></pt><pt><x>266</x><y>274</y><time>14-05-20 17:09:11:586</time></pt><pt><x>266</x><y>266</y><time>14-05-20 17:09:12:253</time></pt><pt><x>269</x><y>259</y><time>14-05-20 17:09:12:981</time></pt><pt><x>270</x><y>250</y><time>14-05-20 17:09:13:765</time></pt><pt><x>273</x><y>246</y><time>14-05-20 17:09:14:596</time></pt><pt><x>272</x><y>235</y><time>14-05-20 17:09:15:443</time></pt><pt><x>268</x><y>227</y><time>14-05-20 17:09:16:179</time></pt><pt><x>263</x><y>221</y><time>14-05-20 17:09:16:853</time></pt><closed_date>14-05-20 17:09:18:275</closed_date></polygon></object><object><name>left_shoe</name><deleted>0</deleted><verified>0</verified><occluded>no</occluded><attributes></attributes><parts><hasparts></hasparts><ispartof></ispartof></parts><date>14-05-20 17:10:18:350</date><id>1</id><polygon><username>lab605</username><pt><x>334</x><y>229</y><time>14-05-20 17:09:51:066</time></pt><pt><x>334</x><y>245</y><time>14-05-20 17:09:51:666</time></pt><pt><x>334</x><y>254</y><time>14-05-20 17:09:52:689</time></pt><pt><x>334</x><y>263</y><time>14-05-20 17:09:53:518</time></pt><pt><x>335</x><y>266</y><time>14-05-20 17:09:54:381</time></pt><pt><x>338</x><y>269</y><time>14-05-20 17:09:55:020</time></pt><pt><x>335</x><y>278</y><time>14-05-20 17:09:55:859</time></pt><pt><x>335</x><y>288</y><time>14-05-20 17:09:56:890</time></pt><pt><x>335</x><y>297</y><time>14-05-20 17:09:57:654</time></pt><pt><x>338</x><y>305</y><time>14-05-20 17:09:58:320</time></pt><pt><x>344</x><y>310</y><time>14-05-20 17:09:58:850</time></pt><pt><x>354</x><y>314</y><time>14-05-20 17:09:59:344</time></pt><pt><x>367</x><y>315</y><time>14-05-20 17:10:00:160</time></pt><pt><x>380</x><y>314</y><time>14-05-20 17:10:00:829</time></pt><pt><x>394</x><y>305</y><time>14-05-20 17:10:01:529</time></pt><pt><x>398</x><y>295</y><time>14-05-20 17:10:02:581</time></pt><pt><x>398</x><y>284</y><time>14-05-20 17:10:03:459</time></pt><pt><x>395</x><y>273</y><time>14-05-20 17:10:04:314</time></pt><pt><x>388</x><y>263</y><time>14-05-20 17:10:05:851</time></pt><pt><x>384</x><y>258</y><time>14-05-20 17:10:06:694</time></pt><pt><x>381</x><y>251</y><time>14-05-20 17:10:07:220</time></pt><pt><x>381</x><y>240</y><time>14-05-20 17:10:07:848</time></pt><pt><x>379</x><y>231</y><time>14-05-20 17:10:08:513</time></pt><pt><x>380</x><y>226</y><time>14-05-20 17:10:10:080</time></pt><closed_date>14-05-20 17:10:11:170</closed_date></polygon></object></annotation>