<annotation><filename>angle0_89.jpg</filename><folder>users/lab605//shoes_new</folder><source><submittedBy>lab605</submittedBy></source><imagesize><nrows>480</nrows><ncols>640</ncols></imagesize><object><name>left_shoe</name><deleted>0</deleted><verified>0</verified><occluded>no</occluded><attributes></attributes><parts><hasparts></hasparts><ispartof></ispartof></parts><date>14-05-20 17:23:13:115</date><id>0</id><polygon><username>lab605</username><pt><x>311</x><y>53</y><time>14-05-20 17:22:42:368</time></pt><pt><x>310</x><y>69</y><time>14-05-20 17:22:43:342</time></pt><pt><x>310</x><y>88</y><time>14-05-20 17:22:44:056</time></pt><pt><x>310</x><y>105</y><time>14-05-20 17:22:44:790</time></pt><pt><x>310</x><y>124</y><time>14-05-20 17:22:45:478</time></pt><pt><x>309</x><y>139</y><time>14-05-20 17:22:46:397</time></pt><pt><x>308</x><y>149</y><time>14-05-20 17:22:47:203</time></pt><pt><x>309</x><y>165</y><time>14-05-20 17:22:48:804</time></pt><pt><x>312</x><y>175</y><time>14-05-20 17:22:49:610</time></pt><pt><x>315</x><y>185</y><time>14-05-20 17:22:50:234</time></pt><pt><x>322</x><y>198</y><time>14-05-20 17:22:51:389</time></pt><pt><x>328</x><y>208</y><time>14-05-20 17:22:52:069</time></pt><pt><x>339</x><y>212</y><time>14-05-20 17:22:52:695</time></pt><pt><x>356</x><y>211</y><time>14-05-20 17:22:53:544</time></pt><pt><x>364</x><y>203</y><time>14-05-20 17:22:54:525</time></pt><pt><x>370</x><y>192</y><time>14-05-20 17:22:55:282</time></pt><pt><x>377</x><y>177</y><time>14-05-20 17:22:56:898</time></pt><pt><x>380</x><y>168</y><time>14-05-20 17:22:57:483</time></pt><pt><x>381</x><y>153</y><time>14-05-20 17:22:58:590</time></pt><pt><x>380</x><y>137</y><time>14-05-20 17:22:59:523</time></pt><pt><x>380</x><y>117</y><time>14-05-20 17:23:00:275</time></pt><pt><x>376</x><y>96</y><time>14-05-20 17:23:01:478</time></pt><pt><x>374</x><y>82</y><time>14-05-20 17:23:02:973</time></pt><pt><x>373</x><y>74</y><time>14-05-20 17:23:03:834</time></pt><pt><x>373</x><y>65</y><time>14-05-20 17:23:04:716</time></pt><pt><x>371</x><y>57</y><time>14-05-20 17:23:05:416</time></pt><pt><x>369</x><y>55</y><time>14-05-20 17:23:06:417</time></pt><closed_date>14-05-20 17:23:07:193</closed_date></polygon></object></annotation>