<annotation><filename>angle0_48.jpg</filename><folder>users/lab605//shoes_new</folder><source><submittedBy>lab605</submittedBy></source><imagesize><nrows>480</nrows><ncols>640</ncols></imagesize><object><name>right_shoe</name><deleted>0</deleted><verified>0</verified><occluded>no</occluded><attributes></attributes><parts><hasparts></hasparts><ispartof></ispartof></parts><date>14-05-20 16:49:26:740</date><id>0</id><polygon><username>anonymous</username><pt><x>216</x><y>211</y><time>14-05-20 16:49:08:131</time></pt><pt><x>228</x><y>211</y><time>14-05-20 16:49:08:570</time></pt><pt><x>237</x><y>213</y><time>14-05-20 16:49:08:930</time></pt><pt><x>244</x><y>218</y><time>14-05-20 16:49:09:266</time></pt><pt><x>250</x><y>229</y><time>14-05-20 16:49:09:658</time></pt><pt><x>249</x><y>241</y><time>14-05-20 16:49:09:994</time></pt><pt><x>247</x><y>257</y><time>14-05-20 16:49:10:474</time></pt><pt><x>244</x><y>270</y><time>14-05-20 16:49:10:874</time></pt><pt><x>243</x><y>277</y><time>14-05-20 16:49:11:218</time></pt><pt><x>240</x><y>287</y><time>14-05-20 16:49:11:610</time></pt><pt><x>237</x><y>299</y><time>14-05-20 16:49:12:002</time></pt><pt><x>236</x><y>310</y><time>14-05-20 16:49:12:354</time></pt><pt><x>239</x><y>320</y><time>14-05-20 16:49:12:666</time></pt><pt><x>236</x><y>333</y><time>14-05-20 16:49:13:186</time></pt><pt><x>230</x><y>345</y><time>14-05-20 16:49:13:578</time></pt><pt><x>221</x><y>356</y><time>14-05-20 16:49:13:954</time></pt><pt><x>213</x><y>365</y><time>14-05-20 16:49:14:426</time></pt><pt><x>204</x><y>366</y><time>14-05-20 16:49:14:930</time></pt><pt><x>195</x><y>367</y><time>14-05-20 16:49:15:386</time></pt><pt><x>187</x><y>361</y><time>14-05-20 16:49:15:835</time></pt><pt><x>185</x><y>353</y><time>14-05-20 16:49:16:202</time></pt><pt><x>183</x><y>343</y><time>14-05-20 16:49:16:490</time></pt><pt><x>181</x><y>331</y><time>14-05-20 16:49:16:810</time></pt><pt><x>182</x><y>317</y><time>14-05-20 16:49:17:138</time></pt><pt><x>185</x><y>308</y><time>14-05-20 16:49:17:498</time></pt><pt><x>188</x><y>292</y><time>14-05-20 16:49:17:818</time></pt><pt><x>185</x><y>278</y><time>14-05-20 16:49:18:130</time></pt><pt><x>185</x><y>270</y><time>14-05-20 16:49:18:546</time></pt><pt><x>181</x><y>258</y><time>14-05-20 16:49:19:618</time></pt><pt><x>184</x><y>253</y><time>14-05-20 16:49:20:026</time></pt><pt><x>185</x><y>251</y><time>14-05-20 16:49:20:354</time></pt><closed_date>14-05-20 16:49:21:394</closed_date></polygon></object><object><name>left_shoe</name><deleted>0</deleted><verified>0</verified><occluded>no</occluded><attributes></attributes><parts><hasparts></hasparts><ispartof></ispartof></parts><date>14-05-20 16:49:48:420</date><id>1</id><polygon><username>anonymous</username><pt><x>444</x><y>211</y><time>14-05-20 16:49:28:235</time></pt><pt><x>432</x><y>210</y><time>14-05-20 16:49:28:746</time></pt><pt><x>428</x><y>213</y><time>14-05-20 16:49:29:162</time></pt><pt><x>422</x><y>219</y><time>14-05-20 16:49:29:498</time></pt><pt><x>420</x><y>226</y><time>14-05-20 16:49:29:882</time></pt><pt><x>419</x><y>236</y><time>14-05-20 16:49:30:178</time></pt><pt><x>417</x><y>245</y><time>14-05-20 16:49:30:642</time></pt><pt><x>418</x><y>254</y><time>14-05-20 16:49:31:018</time></pt><pt><x>422</x><y>264</y><time>14-05-20 16:49:31:394</time></pt><pt><x>425</x><y>275</y><time>14-05-20 16:49:31:706</time></pt><pt><x>427</x><y>283</y><time>14-05-20 16:49:32:050</time></pt><pt><x>428</x><y>298</y><time>14-05-20 16:49:32:434</time></pt><pt><x>430</x><y>310</y><time>14-05-20 16:49:32:794</time></pt><pt><x>431</x><y>317</y><time>14-05-20 16:49:33:114</time></pt><pt><x>432</x><y>333</y><time>14-05-20 16:49:33:514</time></pt><pt><x>435</x><y>348</y><time>14-05-20 16:49:34:234</time></pt><pt><x>441</x><y>358</y><time>14-05-20 16:49:34:762</time></pt><pt><x>447</x><y>364</y><time>14-05-20 16:49:35:426</time></pt><pt><x>458</x><y>367</y><time>14-05-20 16:49:35:834</time></pt><pt><x>464</x><y>369</y><time>14-05-20 16:49:36:450</time></pt><pt><x>478</x><y>364</y><time>14-05-20 16:49:36:906</time></pt><pt><x>482</x><y>357</y><time>14-05-20 16:49:37:290</time></pt><pt><x>483</x><y>349</y><time>14-05-20 16:49:37:553</time></pt><pt><x>488</x><y>334</y><time>14-05-20 16:49:38:146</time></pt><pt><x>489</x><y>319</y><time>14-05-20 16:49:38:570</time></pt><pt><x>489</x><y>311</y><time>14-05-20 16:49:38:954</time></pt><pt><x>488</x><y>300</y><time>14-05-20 16:49:39:378</time></pt><pt><x>486</x><y>287</y><time>14-05-20 16:49:39:794</time></pt><pt><x>486</x><y>276</y><time>14-05-20 16:49:40:186</time></pt><pt><x>484</x><y>263</y><time>14-05-20 16:49:40:521</time></pt><pt><x>484</x><y>253</y><time>14-05-20 16:49:40:865</time></pt><pt><x>482</x><y>249</y><time>14-05-20 16:49:41:178</time></pt><pt><x>481</x><y>244</y><time>14-05-20 16:49:41:490</time></pt><pt><x>478</x><y>243</y><time>14-05-20 16:49:41:890</time></pt><closed_date>14-05-20 16:49:42:697</closed_date></polygon></object></annotation>