<annotation><filename>angle0_32.jpg</filename><folder>users/lab605//shoes_new</folder><source><submittedBy>lab605</submittedBy></source><imagesize><nrows>480</nrows><ncols>640</ncols></imagesize><object><name>right_shoe</name><deleted>0</deleted><verified>0</verified><occluded>no</occluded><attributes></attributes><parts><hasparts></hasparts><ispartof></ispartof></parts><date>14-05-20 16:34:17:514</date><id>0</id><polygon><username>anonymous</username><pt><x>250</x><y>301</y><time>14-05-20 16:33:45:824</time></pt><pt><x>251</x><y>314</y><time>14-05-20 16:33:46:432</time></pt><pt><x>253</x><y>325</y><time>14-05-20 16:33:46:840</time></pt><pt><x>255</x><y>333</y><time>14-05-20 16:33:47:520</time></pt><pt><x>255</x><y>343</y><time>14-05-20 16:33:47:912</time></pt><pt><x>253</x><y>353</y><time>14-05-20 16:33:48:304</time></pt><pt><x>254</x><y>365</y><time>14-05-20 16:33:48:744</time></pt><pt><x>256</x><y>384</y><time>14-05-20 16:33:49:424</time></pt><pt><x>258</x><y>398</y><time>14-05-20 16:33:49:880</time></pt><pt><x>261</x><y>411</y><time>14-05-20 16:33:50:280</time></pt><pt><x>268</x><y>420</y><time>14-05-20 16:33:50:856</time></pt><pt><x>277</x><y>431</y><time>14-05-20 16:33:51:344</time></pt><pt><x>283</x><y>441</y><time>14-05-20 16:33:51:808</time></pt><pt><x>293</x><y>446</y><time>14-05-20 16:33:52:576</time></pt><pt><x>303</x><y>449</y><time>14-05-20 16:33:53:016</time></pt><pt><x>311</x><y>448</y><time>14-05-20 16:33:53:384</time></pt><pt><x>318</x><y>446</y><time>14-05-20 16:33:53:740</time></pt><pt><x>325</x><y>438</y><time>14-05-20 16:33:54:088</time></pt><pt><x>331</x><y>431</y><time>14-05-20 16:33:54:472</time></pt><pt><x>334</x><y>417</y><time>14-05-20 16:33:55:056</time></pt><pt><x>335</x><y>407</y><time>14-05-20 16:33:55:464</time></pt><pt><x>336</x><y>396</y><time>14-05-20 16:33:55:848</time></pt><pt><x>335</x><y>386</y><time>14-05-20 16:33:56:240</time></pt><pt><x>333</x><y>375</y><time>14-05-20 16:33:56:640</time></pt><pt><x>330</x><y>366</y><time>14-05-20 16:33:57:056</time></pt><pt><x>328</x><y>350</y><time>14-05-20 16:33:57:728</time></pt><pt><x>322</x><y>336</y><time>14-05-20 16:33:58:888</time></pt><pt><x>321</x><y>327</y><time>14-05-20 16:33:59:336</time></pt><pt><x>318</x><y>313</y><time>14-05-20 16:34:01:184</time></pt><pt><x>316</x><y>303</y><time>14-05-20 16:34:01:584</time></pt><pt><x>315</x><y>292</y><time>14-05-20 16:34:01:976</time></pt><pt><x>312</x><y>287</y><time>14-05-20 16:34:04:800</time></pt><pt><x>311</x><y>285</y><time>14-05-20 16:34:05:576</time></pt><closed_date>14-05-20 16:34:11:408</closed_date></polygon></object><object><name>left_shoe</name><deleted>0</deleted><verified>0</verified><occluded>no</occluded><attributes></attributes><parts><hasparts></hasparts><ispartof></ispartof></parts><date>14-05-20 16:34:44:707</date><id>1</id><polygon><username>anonymous</username><pt><x>390</x><y>258</y><time>14-05-20 16:34:21:535</time></pt><pt><x>384</x><y>264</y><time>14-05-20 16:34:21:968</time></pt><pt><x>379</x><y>269</y><time>14-05-20 16:34:22:384</time></pt><pt><x>376</x><y>278</y><time>14-05-20 16:34:22:704</time></pt><pt><x>376</x><y>286</y><time>14-05-20 16:34:23:064</time></pt><pt><x>376</x><y>295</y><time>14-05-20 16:34:23:440</time></pt><pt><x>380</x><y>303</y><time>14-05-20 16:34:23:776</time></pt><pt><x>382</x><y>314</y><time>14-05-20 16:34:24:160</time></pt><pt><x>384</x><y>325</y><time>14-05-20 16:34:24:512</time></pt><pt><x>383</x><y>335</y><time>14-05-20 16:34:24:816</time></pt><pt><x>383</x><y>346</y><time>14-05-20 16:34:25:168</time></pt><pt><x>378</x><y>356</y><time>14-05-20 16:34:25:544</time></pt><pt><x>376</x><y>363</y><time>14-05-20 16:34:25:944</time></pt><pt><x>371</x><y>374</y><time>14-05-20 16:34:26:344</time></pt><pt><x>370</x><y>385</y><time>14-05-20 16:34:26:736</time></pt><pt><x>370</x><y>393</y><time>14-05-20 16:34:27:112</time></pt><pt><x>369</x><y>406</y><time>14-05-20 16:34:27:560</time></pt><pt><x>371</x><y>416</y><time>14-05-20 16:34:28:120</time></pt><pt><x>375</x><y>424</y><time>14-05-20 16:34:28:488</time></pt><pt><x>380</x><y>435</y><time>14-05-20 16:34:28:848</time></pt><pt><x>385</x><y>445</y><time>14-05-20 16:34:29:256</time></pt><pt><x>392</x><y>448</y><time>14-05-20 16:34:29:784</time></pt><pt><x>400</x><y>448</y><time>14-05-20 16:34:30:056</time></pt><pt><x>412</x><y>449</y><time>14-05-20 16:34:30:472</time></pt><pt><x>416</x><y>444</y><time>14-05-20 16:34:30:840</time></pt><pt><x>421</x><y>440</y><time>14-05-20 16:34:31:224</time></pt><pt><x>428</x><y>434</y><time>14-05-20 16:34:31:552</time></pt><pt><x>432</x><y>426</y><time>14-05-20 16:34:31:904</time></pt><pt><x>438</x><y>408</y><time>14-05-20 16:34:32:848</time></pt><pt><x>442</x><y>399</y><time>14-05-20 16:34:33:240</time></pt><pt><x>444</x><y>386</y><time>14-05-20 16:34:33:624</time></pt><pt><x>442</x><y>370</y><time>14-05-20 16:34:35:248</time></pt><pt><x>442</x><y>355</y><time>14-05-20 16:34:35:936</time></pt><pt><x>442</x><y>343</y><time>14-05-20 16:34:36:352</time></pt><pt><x>444</x><y>332</y><time>14-05-20 16:34:36:784</time></pt><pt><x>443</x><y>322</y><time>14-05-20 16:34:37:280</time></pt><pt><x>444</x><y>314</y><time>14-05-20 16:34:37:704</time></pt><pt><x>445</x><y>309</y><time>14-05-20 16:34:38:400</time></pt><closed_date>14-05-20 16:34:39:512</closed_date></polygon></object></annotation>