<annotation><filename>angle0_69.jpg</filename><folder>users/lab605//shoes_new</folder><source><submittedBy>lab605</submittedBy></source><imagesize><nrows>480</nrows><ncols>640</ncols></imagesize><object><name>right_shoe</name><deleted>0</deleted><verified>0</verified><occluded>no</occluded><attributes></attributes><parts><hasparts></hasparts><ispartof></ispartof></parts><date>14-05-20 17:01:38:364</date><id>0</id><polygon><username>samliu</username><pt><x>236</x><y>85</y><time>14-05-20 17:01:11:913</time></pt><pt><x>258</x><y>109</y><time>14-05-20 17:01:12:733</time></pt><pt><x>266</x><y>137</y><time>14-05-20 17:01:13:471</time></pt><pt><x>267</x><y>167</y><time>14-05-20 17:01:14:177</time></pt><pt><x>261</x><y>198</y><time>14-05-20 17:01:15:068</time></pt><pt><x>254</x><y>227</y><time>14-05-20 17:01:15:967</time></pt><pt><x>260</x><y>266</y><time>14-05-20 17:01:17:209</time></pt><pt><x>273</x><y>302</y><time>14-05-20 17:01:18:107</time></pt><pt><x>280</x><y>330</y><time>14-05-20 17:01:19:527</time></pt><pt><x>273</x><y>366</y><time>14-05-20 17:01:20:333</time></pt><pt><x>264</x><y>389</y><time>14-05-20 17:01:21:117</time></pt><pt><x>248</x><y>410</y><time>14-05-20 17:01:21:877</time></pt><pt><x>228</x><y>419</y><time>14-05-20 17:01:23:211</time></pt><pt><x>197</x><y>420</y><time>14-05-20 17:01:24:103</time></pt><pt><x>185</x><y>415</y><time>14-05-20 17:01:24:785</time></pt><pt><x>148</x><y>363</y><time>14-05-20 17:01:26:079</time></pt><pt><x>135</x><y>314</y><time>14-05-20 17:01:26:871</time></pt><pt><x>133</x><y>274</y><time>14-05-20 17:01:27:507</time></pt><pt><x>140</x><y>243</y><time>14-05-20 17:01:28:375</time></pt><pt><x>146</x><y>218</y><time>14-05-20 17:01:29:259</time></pt><pt><x>152</x><y>211</y><time>14-05-20 17:01:30:313</time></pt><pt><x>142</x><y>182</y><time>14-05-20 17:01:31:088</time></pt><pt><x>143</x><y>149</y><time>14-05-20 17:01:31:972</time></pt><pt><x>141</x><y>137</y><time>14-05-20 17:01:33:158</time></pt><closed_date>14-05-20 17:01:33:988</closed_date></polygon></object><object><name>left_shoe</name><deleted>0</deleted><verified>0</verified><occluded>no</occluded><attributes></attributes><parts><hasparts></hasparts><ispartof></ispartof></parts><date>14-05-20 17:02:11:015</date><id>1</id><polygon><username>samliu</username><pt><x>402</x><y>69</y><time>14-05-20 17:01:39:908</time></pt><pt><x>386</x><y>87</y><time>14-05-20 17:01:40:790</time></pt><pt><x>377</x><y>107</y><time>14-05-20 17:01:41:634</time></pt><pt><x>369</x><y>122</y><time>14-05-20 17:01:43:720</time></pt><pt><x>370</x><y>153</y><time>14-05-20 17:01:44:590</time></pt><pt><x>374</x><y>178</y><time>14-05-20 17:01:45:614</time></pt><pt><x>385</x><y>198</y><time>14-05-20 17:01:46:250</time></pt><pt><x>388</x><y>210</y><time>14-05-20 17:01:46:822</time></pt><pt><x>385</x><y>233</y><time>14-05-20 17:01:47:428</time></pt><pt><x>374</x><y>273</y><time>14-05-20 17:01:48:714</time></pt><pt><x>369</x><y>297</y><time>14-05-20 17:01:49:280</time></pt><pt><x>365</x><y>326</y><time>14-05-20 17:01:50:328</time></pt><pt><x>373</x><y>352</y><time>14-05-20 17:01:51:204</time></pt><pt><x>393</x><y>380</y><time>14-05-20 17:01:52:096</time></pt><pt><x>407</x><y>394</y><time>14-05-20 17:01:52:802</time></pt><pt><x>430</x><y>401</y><time>14-05-20 17:01:53:500</time></pt><pt><x>459</x><y>400</y><time>14-05-20 17:01:54:623</time></pt><pt><x>480</x><y>380</y><time>14-05-20 17:01:55:421</time></pt><pt><x>496</x><y>355</y><time>14-05-20 17:01:56:562</time></pt><pt><x>506</x><y>324</y><time>14-05-20 17:01:57:763</time></pt><pt><x>510</x><y>299</y><time>14-05-20 17:01:58:383</time></pt><pt><x>513</x><y>276</y><time>14-05-20 17:01:59:167</time></pt><pt><x>505</x><y>250</y><time>14-05-20 17:01:59:873</time></pt><pt><x>497</x><y>214</y><time>14-05-20 17:02:00:967</time></pt><pt><x>492</x><y>198</y><time>14-05-20 17:02:01:525</time></pt><pt><x>496</x><y>174</y><time>14-05-20 17:02:02:363</time></pt><pt><x>499</x><y>154</y><time>14-05-20 17:02:02:967</time></pt><pt><x>496</x><y>135</y><time>14-05-20 17:02:03:641</time></pt><pt><x>491</x><y>130</y><time>14-05-20 17:02:04:201</time></pt><closed_date>14-05-20 17:02:05:053</closed_date></polygon></object></annotation>