<annotation><filename>angle0_3.jpg</filename><folder>users/lab605//shoes_new</folder><source><submittedBy>lab605</submittedBy></source><imagesize><nrows>480</nrows><ncols>640</ncols></imagesize><object><name>right_shoe</name><deleted>0</deleted><verified>0</verified><occluded>no</occluded><attributes></attributes><parts><hasparts></hasparts><ispartof></ispartof></parts><date>14-05-20 16:22:59:697</date><id>0</id><polygon><username>lab605</username><pt><x>95</x><y>158</y><time>14-05-20 16:22:02:380</time></pt><pt><x>99</x><y>173</y><time>14-05-20 16:22:03:414</time></pt><pt><x>101</x><y>184</y><time>14-05-20 16:22:03:989</time></pt><pt><x>103</x><y>196</y><time>14-05-20 16:22:05:253</time></pt><pt><x>102</x><y>208</y><time>14-05-20 16:22:06:164</time></pt><pt><x>101</x><y>217</y><time>14-05-20 16:22:06:796</time></pt><pt><x>98</x><y>225</y><time>14-05-20 16:22:07:397</time></pt><pt><x>95</x><y>234</y><time>14-05-20 16:22:08:019</time></pt><pt><x>93</x><y>244</y><time>14-05-20 16:22:08:744</time></pt><pt><x>90</x><y>253</y><time>14-05-20 16:22:09:499</time></pt><pt><x>91</x><y>263</y><time>14-05-20 16:22:10:461</time></pt><pt><x>91</x><y>272</y><time>14-05-20 16:22:11:296</time></pt><pt><x>92</x><y>281</y><time>14-05-20 16:22:12:060</time></pt><pt><x>92</x><y>291</y><time>14-05-20 16:22:12:754</time></pt><pt><x>94</x><y>305</y><time>14-05-20 16:22:14:262</time></pt><pt><x>96</x><y>318</y><time>14-05-20 16:22:15:588</time></pt><pt><x>100</x><y>334</y><time>14-05-20 16:22:16:698</time></pt><pt><x>104</x><y>348</y><time>14-05-20 16:22:17:307</time></pt><pt><x>108</x><y>360</y><time>14-05-20 16:22:18:655</time></pt><pt><x>115</x><y>368</y><time>14-05-20 16:22:19:389</time></pt><pt><x>121</x><y>373</y><time>14-05-20 16:22:19:932</time></pt><pt><x>134</x><y>378</y><time>14-05-20 16:22:20:791</time></pt><pt><x>149</x><y>380</y><time>14-05-20 16:22:21:378</time></pt><pt><x>167</x><y>377</y><time>14-05-20 16:22:22:374</time></pt><pt><x>178</x><y>369</y><time>14-05-20 16:22:23:047</time></pt><pt><x>187</x><y>362</y><time>14-05-20 16:22:23:582</time></pt><pt><x>196</x><y>350</y><time>14-05-20 16:22:24:110</time></pt><pt><x>205</x><y>330</y><time>14-05-20 16:22:25:124</time></pt><pt><x>212</x><y>308</y><time>14-05-20 16:22:26:309</time></pt><pt><x>214</x><y>295</y><time>14-05-20 16:22:27:002</time></pt><pt><x>215</x><y>276</y><time>14-05-20 16:22:27:655</time></pt><pt><x>209</x><y>255</y><time>14-05-20 16:22:30:098</time></pt><pt><x>208</x><y>243</y><time>14-05-20 16:22:30:935</time></pt><pt><x>206</x><y>233</y><time>14-05-20 16:22:31:781</time></pt><pt><x>208</x><y>221</y><time>14-05-20 16:22:32:959</time></pt><pt><x>208</x><y>208</y><time>14-05-20 16:22:34:309</time></pt><pt><x>209</x><y>195</y><time>14-05-20 16:22:35:343</time></pt><pt><x>210</x><y>186</y><time>14-05-20 16:22:37:561</time></pt><pt><x>218</x><y>170</y><time>14-05-20 16:22:38:767</time></pt><pt><x>224</x><y>158</y><time>14-05-20 16:22:39:435</time></pt><pt><x>230</x><y>137</y><time>14-05-20 16:22:41:577</time></pt><pt><x>234</x><y>120</y><time>14-05-20 16:22:42:347</time></pt><pt><x>229</x><y>101</y><time>14-05-20 16:22:43:784</time></pt><pt><x>224</x><y>93</y><time>14-05-20 16:22:44:475</time></pt><pt><x>220</x><y>91</y><time>14-05-20 16:22:45:281</time></pt><pt><x>208</x><y>91</y><time>14-05-20 16:22:45:983</time></pt><closed_date>14-05-20 16:22:48:264</closed_date></polygon></object><object><name>left_shoe</name><deleted>0</deleted><verified>0</verified><occluded>no</occluded><attributes></attributes><parts><hasparts></hasparts><ispartof></ispartof></parts><date>14-05-20 16:26:15:835</date><id>1</id><polygon><username>lab605</username><pt><x>419</x><y>91</y><time>14-05-20 16:25:16:787</time></pt><pt><x>412</x><y>113</y><time>14-05-20 16:25:18:398</time></pt><pt><x>412</x><y>127</y><time>14-05-20 16:25:19:490</time></pt><pt><x>415</x><y>143</y><time>14-05-20 16:25:20:491</time></pt><pt><x>420</x><y>156</y><time>14-05-20 16:25:21:136</time></pt><pt><x>425</x><y>170</y><time>14-05-20 16:25:21:726</time></pt><pt><x>432</x><y>187</y><time>14-05-20 16:25:22:315</time></pt><pt><x>436</x><y>213</y><time>14-05-20 16:25:23:918</time></pt><pt><x>436</x><y>230</y><time>14-05-20 16:25:24:397</time></pt><pt><x>436</x><y>250</y><time>14-05-20 16:25:25:165</time></pt><pt><x>431</x><y>262</y><time>14-05-20 16:25:26:112</time></pt><pt><x>431</x><y>276</y><time>14-05-20 16:25:26:771</time></pt><pt><x>428</x><y>292</y><time>14-05-20 16:25:27:269</time></pt><pt><x>428</x><y>311</y><time>14-05-20 16:25:27:794</time></pt><pt><x>435</x><y>333</y><time>14-05-20 16:25:28:438</time></pt><pt><x>441</x><y>350</y><time>14-05-20 16:25:30:061</time></pt><pt><x>450</x><y>363</y><time>14-05-20 16:25:30:722</time></pt><pt><x>461</x><y>373</y><time>14-05-20 16:25:31:176</time></pt><pt><x>473</x><y>383</y><time>14-05-20 16:25:32:589</time></pt><pt><x>492</x><y>386</y><time>14-05-20 16:25:33:168</time></pt><pt><x>507</x><y>386</y><time>14-05-20 16:25:33:754</time></pt><pt><x>521</x><y>379</y><time>14-05-20 16:25:34:291</time></pt><pt><x>531</x><y>370</y><time>14-05-20 16:25:34:854</time></pt><pt><x>538</x><y>357</y><time>14-05-20 16:25:35:662</time></pt><pt><x>543</x><y>345</y><time>14-05-20 16:25:36:301</time></pt><pt><x>547</x><y>331</y><time>14-05-20 16:25:36:792</time></pt><pt><x>551</x><y>313</y><time>14-05-20 16:25:37:416</time></pt><pt><x>552</x><y>293</y><time>14-05-20 16:25:38:023</time></pt><pt><x>555</x><y>272</y><time>14-05-20 16:25:38:659</time></pt><pt><x>555</x><y>258</y><time>14-05-20 16:25:39:464</time></pt><pt><x>554</x><y>246</y><time>14-05-20 16:25:40:478</time></pt><pt><x>547</x><y>227</y><time>14-05-20 16:25:41:291</time></pt><pt><x>543</x><y>203</y><time>14-05-20 16:25:42:908</time></pt><pt><x>540</x><y>185</y><time>14-05-20 16:25:43:607</time></pt><pt><x>535</x><y>175</y><time>14-05-20 16:25:44:129</time></pt><pt><x>536</x><y>168</y><time>14-05-20 16:25:44:954</time></pt><pt><x>538</x><y>159</y><time>14-05-20 16:25:45:581</time></pt><pt><x>538</x><y>152</y><time>14-05-20 16:25:46:116</time></pt><pt><x>538</x><y>149</y><time>14-05-20 16:25:46:614</time></pt><closed_date>14-05-20 16:25:48:170</closed_date></polygon></object></annotation>