<annotation><filename>angle0_65.jpg</filename><folder>users/lab605//shoes_new</folder><source><submittedBy>lab605</submittedBy></source><imagesize><nrows>480</nrows><ncols>640</ncols></imagesize><object><name>right_shoe</name><deleted>0</deleted><verified>0</verified><occluded>no</occluded><attributes></attributes><parts><hasparts></hasparts><ispartof></ispartof></parts><date>14-05-20 16:52:04:793</date><id>0</id><polygon><username>samliu</username><pt><x>86</x><y>297</y><time>14-05-20 16:51:38:652</time></pt><pt><x>83</x><y>326</y><time>14-05-20 16:51:39:316</time></pt><pt><x>67</x><y>353</y><time>14-05-20 16:51:40:419</time></pt><pt><x>55</x><y>368</y><time>14-05-20 16:51:41:176</time></pt><pt><x>45</x><y>389</y><time>14-05-20 16:51:42:224</time></pt><pt><x>42</x><y>413</y><time>14-05-20 16:51:43:170</time></pt><pt><x>42</x><y>428</y><time>14-05-20 16:51:43:790</time></pt><pt><x>47</x><y>432</y><time>14-05-20 16:51:44:542</time></pt><pt><x>65</x><y>428</y><time>14-05-20 16:51:45:612</time></pt><pt><x>86</x><y>418</y><time>14-05-20 16:51:46:372</time></pt><pt><x>106</x><y>409</y><time>14-05-20 16:51:47:208</time></pt><pt><x>117</x><y>397</y><time>14-05-20 16:51:48:334</time></pt><pt><x>120</x><y>374</y><time>14-05-20 16:51:49:380</time></pt><pt><x>123</x><y>361</y><time>14-05-20 16:51:50:032</time></pt><pt><x>128</x><y>367</y><time>14-05-20 16:51:50:917</time></pt><pt><x>142</x><y>356</y><time>14-05-20 16:51:52:048</time></pt><pt><x>147</x><y>334</y><time>14-05-20 16:51:52:855</time></pt><pt><x>143</x><y>312</y><time>14-05-20 16:51:53:574</time></pt><pt><x>138</x><y>301</y><time>14-05-20 16:51:54:482</time></pt><closed_date>14-05-20 16:51:55:590</closed_date></polygon></object><object><name>left_shoe</name><deleted>0</deleted><verified>0</verified><occluded>no</occluded><attributes></attributes><parts><hasparts></hasparts><ispartof></ispartof></parts><date>14-05-20 16:55:26:002</date><id>1</id><polygon><username>samliu</username><pt><x>225</x><y>313</y><time>14-05-20 16:52:06:960</time></pt><pt><x>225</x><y>344</y><time>14-05-20 16:52:08:369</time></pt><pt><x>226</x><y>366</y><time>14-05-20 16:52:08:967</time></pt><pt><x>222</x><y>381</y><time>14-05-20 16:52:09:725</time></pt><pt><x>220</x><y>398</y><time>14-05-20 16:52:10:673</time></pt><pt><x>217</x><y>413</y><time>14-05-20 16:52:12:231</time></pt><pt><x>225</x><y>430</y><time>14-05-20 16:52:12:936</time></pt><pt><x>240</x><y>432</y><time>14-05-20 16:52:13:845</time></pt><pt><x>262</x><y>429</y><time>14-05-20 16:52:14:735</time></pt><pt><x>276</x><y>415</y><time>14-05-20 16:52:15:449</time></pt><pt><x>285</x><y>406</y><time>14-05-20 16:52:16:543</time></pt><pt><x>286</x><y>390</y><time>14-05-20 16:52:17:015</time></pt><pt><x>289</x><y>385</y><time>14-05-20 16:52:17:775</time></pt><pt><x>288</x><y>375</y><time>14-05-20 16:52:18:365</time></pt><pt><x>280</x><y>346</y><time>14-05-20 16:52:19:511</time></pt><pt><x>275</x><y>327</y><time>14-05-20 16:52:20:195</time></pt><pt><x>271</x><y>319</y><time>14-05-20 16:52:20:829</time></pt><pt><x>261</x><y>312</y><time>14-05-20 16:52:21:939</time></pt><pt><x>245</x><y>309</y><time>14-05-20 16:52:22:985</time></pt><closed_date>14-05-20 16:52:23:853</closed_date></polygon></object><object><name>right_shoe</name><deleted>0</deleted><verified>0</verified><occluded>no</occluded><attributes></attributes><parts><hasparts></hasparts><ispartof></ispartof></parts><date>14-05-20 16:56:39:924</date><id>2</id><polygon><username>samliu</username><pt><x>372</x><y>316</y><time>14-05-20 16:56:16:045</time></pt><pt><x>358</x><y>369</y><time>14-05-20 16:56:17:150</time></pt><pt><x>356</x><y>394</y><time>14-05-20 16:56:17:779</time></pt><pt><x>358</x><y>422</y><time>14-05-20 16:56:18:500</time></pt><pt><x>378</x><y>436</y><time>14-05-20 16:56:19:811</time></pt><pt><x>400</x><y>437</y><time>14-05-20 16:56:20:789</time></pt><pt><x>416</x><y>431</y><time>14-05-20 16:56:21:462</time></pt><pt><x>425</x><y>413</y><time>14-05-20 16:56:22:184</time></pt><pt><x>421</x><y>387</y><time>14-05-20 16:56:23:046</time></pt><pt><x>419</x><y>361</y><time>14-05-20 16:56:23:812</time></pt><pt><x>418</x><y>326</y><time>14-05-20 16:56:24:798</time></pt><pt><x>418</x><y>309</y><time>14-05-20 16:56:29:272</time></pt><closed_date>14-05-20 16:56:31:778</closed_date></polygon></object><object><name>left_shoe</name><deleted>0</deleted><verified>0</verified><occluded>no</occluded><attributes></attributes><parts><hasparts></hasparts><ispartof></ispartof></parts><date>14-05-20 16:57:10:445</date><id>3</id><polygon><username>samliu</username><pt><x>490</x><y>308</y><time>14-05-20 16:56:41:278</time></pt><pt><x>480</x><y>333</y><time>14-05-20 16:56:42:556</time></pt><pt><x>477</x><y>346</y><time>14-05-20 16:56:43:184</time></pt><pt><x>475</x><y>364</y><time>14-05-20 16:56:44:036</time></pt><pt><x>490</x><y>378</y><time>14-05-20 16:56:45:214</time></pt><pt><x>497</x><y>386</y><time>14-05-20 16:56:46:532</time></pt><pt><x>494</x><y>413</y><time>14-05-20 16:56:47:556</time></pt><pt><x>513</x><y>434</y><time>14-05-20 16:56:48:548</time></pt><pt><x>539</x><y>444</y><time>14-05-20 16:56:49:386</time></pt><pt><x>563</x><y>440</y><time>14-05-20 16:56:50:146</time></pt><pt><x>567</x><y>426</y><time>14-05-20 16:56:51:046</time></pt><pt><x>557</x><y>389</y><time>14-05-20 16:56:52:061</time></pt><pt><x>546</x><y>363</y><time>14-05-20 16:56:53:147</time></pt><pt><x>536</x><y>333</y><time>14-05-20 16:56:54:155</time></pt><pt><x>539</x><y>325</y><time>14-05-20 16:56:55:411</time></pt><closed_date>14-05-20 16:56:58:047</closed_date></polygon></object></annotation>