<annotation><filename>angle0_53.jpg</filename><folder>users/lab605//shoes_new</folder><source><submittedBy>lab605</submittedBy></source><imagesize><nrows>480</nrows><ncols>640</ncols></imagesize><object><name>right_shoe</name><deleted>0</deleted><verified>0</verified><occluded>no</occluded><attributes></attributes><parts><hasparts></hasparts><ispartof></ispartof></parts><date>14-05-20 16:22:07:579</date><id>0</id><polygon><username>samliu</username><pt><x>307</x><y>64</y><time>14-05-20 16:21:33:985</time></pt><pt><x>312</x><y>82</y><time>14-05-20 16:21:35:516</time></pt><pt><x>306</x><y>152</y><time>14-05-20 16:21:37:400</time></pt><pt><x>293</x><y>180</y><time>14-05-20 16:21:39:352</time></pt><pt><x>276</x><y>185</y><time>14-05-20 16:21:40:943</time></pt><pt><x>264</x><y>177</y><time>14-05-20 16:21:43:493</time></pt><pt><x>259</x><y>156</y><time>14-05-20 16:21:44:809</time></pt><pt><x>256</x><y>135</y><time>14-05-20 16:21:46:461</time></pt><pt><x>263</x><y>112</y><time>14-05-20 16:21:48:769</time></pt><pt><x>271</x><y>90</y><time>14-05-20 16:21:50:305</time></pt><pt><x>276</x><y>74</y><time>14-05-20 16:21:53:002</time></pt><closed_date>14-05-20 16:21:53:907</closed_date></polygon></object><object><name>left_shoe</name><deleted>0</deleted><verified>0</verified><occluded>no</occluded><attributes></attributes><parts><hasparts></hasparts><ispartof></ispartof></parts><date>14-05-20 16:23:02:647</date><id>1</id><polygon><username>samliu</username><pt><x>383</x><y>164</y><time>14-05-20 16:22:10:348</time></pt><pt><x>366</x><y>180</y><time>14-05-20 16:22:11:524</time></pt><pt><x>364</x><y>189</y><time>14-05-20 16:22:14:600</time></pt><pt><x>366</x><y>214</y><time>14-05-20 16:22:16:190</time></pt><pt><x>366</x><y>262</y><time>14-05-20 16:22:18:779</time></pt><pt><x>365</x><y>275</y><time>14-05-20 16:22:20:296</time></pt><pt><x>363</x><y>278</y><time>14-05-20 16:22:21:482</time></pt><pt><x>365</x><y>300</y><time>14-05-20 16:22:23:949</time></pt><pt><x>377</x><y>318</y><time>14-05-20 16:22:26:273</time></pt><pt><x>386</x><y>327</y><time>14-05-20 16:22:27:615</time></pt><pt><x>399</x><y>327</y><time>14-05-20 16:22:28:739</time></pt><pt><x>413</x><y>322</y><time>14-05-20 16:22:29:730</time></pt><pt><x>419</x><y>307</y><time>14-05-20 16:22:30:777</time></pt><pt><x>425</x><y>286</y><time>14-05-20 16:22:32:341</time></pt><pt><x>426</x><y>268</y><time>14-05-20 16:22:33:613</time></pt><pt><x>423</x><y>241</y><time>14-05-20 16:22:34:853</time></pt><pt><x>423</x><y>226</y><time>14-05-20 16:22:42:008</time></pt><pt><x>420</x><y>225</y><time>14-05-20 16:22:42:806</time></pt><pt><x>419</x><y>217</y><time>14-05-20 16:22:43:775</time></pt><pt><x>400</x><y>166</y><time>14-05-20 16:22:47:898</time></pt><pt><x>394</x><y>164</y><time>14-05-20 16:22:52:486</time></pt><closed_date>14-05-20 16:22:53:370</closed_date></polygon></object></annotation>