<annotation><filename>angle0_2.jpg</filename><folder>users/lab605//shoes_new</folder><source><submittedBy>lab605</submittedBy></source><imagesize><nrows>480</nrows><ncols>640</ncols></imagesize><object><name>right_shoe</name><deleted>0</deleted><verified>0</verified><occluded>no</occluded><attributes></attributes><parts><hasparts></hasparts><ispartof></ispartof></parts><date>14-05-20 16:20:31:500</date><id>0</id><polygon><username>lab605</username><pt><x>146</x><y>158</y><time>14-05-20 16:19:17:670</time></pt><pt><x>143</x><y>174</y><time>14-05-20 16:19:18:829</time></pt><pt><x>142</x><y>183</y><time>14-05-20 16:19:19:550</time></pt><pt><x>142</x><y>193</y><time>14-05-20 16:19:20:506</time></pt><pt><x>144</x><y>200</y><time>14-05-20 16:19:23:269</time></pt><pt><x>144</x><y>208</y><time>14-05-20 16:19:24:079</time></pt><pt><x>146</x><y>218</y><time>14-05-20 16:19:25:076</time></pt><pt><x>147</x><y>227</y><time>14-05-20 16:19:25:944</time></pt><pt><x>147</x><y>238</y><time>14-05-20 16:19:27:123</time></pt><pt><x>147</x><y>250</y><time>14-05-20 16:19:28:039</time></pt><pt><x>145</x><y>259</y><time>14-05-20 16:19:29:246</time></pt><pt><x>144</x><y>268</y><time>14-05-20 16:19:30:281</time></pt><pt><x>143</x><y>279</y><time>14-05-20 16:19:31:467</time></pt><pt><x>144</x><y>285</y><time>14-05-20 16:19:32:121</time></pt><pt><x>144</x><y>298</y><time>14-05-20 16:19:33:671</time></pt><pt><x>146</x><y>304</y><time>14-05-20 16:19:34:394</time></pt><pt><x>147</x><y>314</y><time>14-05-20 16:19:35:755</time></pt><pt><x>154</x><y>325</y><time>14-05-20 16:19:37:625</time></pt><pt><x>156</x><y>333</y><time>14-05-20 16:19:38:583</time></pt><pt><x>159</x><y>340</y><time>14-05-20 16:19:39:477</time></pt><pt><x>164</x><y>350</y><time>14-05-20 16:19:40:352</time></pt><pt><x>171</x><y>356</y><time>14-05-20 16:19:42:078</time></pt><pt><x>176</x><y>363</y><time>14-05-20 16:19:42:723</time></pt><pt><x>186</x><y>364</y><time>14-05-20 16:19:43:400</time></pt><pt><x>200</x><y>361</y><time>14-05-20 16:19:44:835</time></pt><pt><x>205</x><y>357</y><time>14-05-20 16:19:45:478</time></pt><pt><x>217</x><y>351</y><time>14-05-20 16:19:46:603</time></pt><pt><x>225</x><y>340</y><time>14-05-20 16:19:47:571</time></pt><pt><x>230</x><y>334</y><time>14-05-20 16:19:48:275</time></pt><pt><x>235</x><y>316</y><time>14-05-20 16:19:49:659</time></pt><pt><x>238</x><y>303</y><time>14-05-20 16:19:50:905</time></pt><pt><x>238</x><y>293</y><time>14-05-20 16:19:56:880</time></pt><pt><x>239</x><y>285</y><time>14-05-20 16:19:57:744</time></pt><pt><x>238</x><y>279</y><time>14-05-20 16:19:58:376</time></pt><pt><x>234</x><y>267</y><time>14-05-20 16:19:59:101</time></pt><pt><x>231</x><y>255</y><time>14-05-20 16:19:59:804</time></pt><pt><x>226</x><y>246</y><time>14-05-20 16:20:00:703</time></pt><pt><x>222</x><y>236</y><time>14-05-20 16:20:02:150</time></pt><pt><x>221</x><y>225</y><time>14-05-20 16:20:03:124</time></pt><pt><x>222</x><y>214</y><time>14-05-20 16:20:04:359</time></pt><pt><x>225</x><y>208</y><time>14-05-20 16:20:05:119</time></pt><pt><x>227</x><y>200</y><time>14-05-20 16:20:05:903</time></pt><pt><x>229</x><y>191</y><time>14-05-20 16:20:06:673</time></pt><pt><x>232</x><y>183</y><time>14-05-20 16:20:07:466</time></pt><pt><x>231</x><y>172</y><time>14-05-20 16:20:08:720</time></pt><pt><x>229</x><y>164</y><time>14-05-20 16:20:10:379</time></pt><pt><x>225</x><y>156</y><time>14-05-20 16:20:10:915</time></pt><pt><x>217</x><y>145</y><time>14-05-20 16:20:12:132</time></pt><pt><x>211</x><y>140</y><time>14-05-20 16:20:12:914</time></pt><pt><x>203</x><y>133</y><time>14-05-20 16:20:13:988</time></pt><pt><x>200</x><y>128</y><time>14-05-20 16:20:14:620</time></pt><pt><x>197</x><y>124</y><time>14-05-20 16:20:15:403</time></pt><pt><x>192</x><y>119</y><time>14-05-20 16:20:16:330</time></pt><pt><x>187</x><y>117</y><time>14-05-20 16:20:17:258</time></pt><pt><x>186</x><y>117</y><time>14-05-20 16:20:18:581</time></pt><closed_date>14-05-20 16:20:20:121</closed_date></polygon></object><object><name>left_shoe</name><deleted>0</deleted><verified>0</verified><occluded>no</occluded><attributes></attributes><parts><hasparts></hasparts><ispartof></ispartof></parts><date>14-05-20 16:21:48:744</date><id>1</id><polygon><username>lab605</username><pt><x>421</x><y>123</y><time>14-05-20 16:20:39:979</time></pt><pt><x>411</x><y>137</y><time>14-05-20 16:20:41:816</time></pt><pt><x>407</x><y>146</y><time>14-05-20 16:20:42:897</time></pt><pt><x>402</x><y>153</y><time>14-05-20 16:20:43:888</time></pt><pt><x>396</x><y>161</y><time>14-05-20 16:20:45:557</time></pt><pt><x>395</x><y>169</y><time>14-05-20 16:20:46:188</time></pt><pt><x>396</x><y>179</y><time>14-05-20 16:20:47:162</time></pt><pt><x>397</x><y>190</y><time>14-05-20 16:20:47:958</time></pt><pt><x>398</x><y>198</y><time>14-05-20 16:20:49:271</time></pt><pt><x>402</x><y>205</y><time>14-05-20 16:20:50:568</time></pt><pt><x>403</x><y>217</y><time>14-05-20 16:20:51:661</time></pt><pt><x>403</x><y>226</y><time>14-05-20 16:20:52:209</time></pt><pt><x>402</x><y>237</y><time>14-05-20 16:20:53:735</time></pt><pt><x>401</x><y>244</y><time>14-05-20 16:20:54:542</time></pt><pt><x>398</x><y>251</y><time>14-05-20 16:20:55:125</time></pt><pt><x>394</x><y>256</y><time>14-05-20 16:20:55:762</time></pt><pt><x>391</x><y>263</y><time>14-05-20 16:20:56:551</time></pt><pt><x>389</x><y>272</y><time>14-05-20 16:20:57:349</time></pt><pt><x>387</x><y>285</y><time>14-05-20 16:20:58:522</time></pt><pt><x>387</x><y>305</y><time>14-05-20 16:21:00:729</time></pt><pt><x>388</x><y>314</y><time>14-05-20 16:21:01:634</time></pt><pt><x>390</x><y>322</y><time>14-05-20 16:21:02:420</time></pt><pt><x>396</x><y>334</y><time>14-05-20 16:21:04:486</time></pt><pt><x>402</x><y>343</y><time>14-05-20 16:21:05:498</time></pt><pt><x>411</x><y>352</y><time>14-05-20 16:21:06:311</time></pt><pt><x>418</x><y>360</y><time>14-05-20 16:21:07:135</time></pt><pt><x>429</x><y>362</y><time>14-05-20 16:21:07:694</time></pt><pt><x>441</x><y>362</y><time>14-05-20 16:21:08:329</time></pt><pt><x>448</x><y>360</y><time>14-05-20 16:21:08:840</time></pt><pt><x>455</x><y>353</y><time>14-05-20 16:21:09:807</time></pt><pt><x>463</x><y>343</y><time>14-05-20 16:21:10:672</time></pt><pt><x>469</x><y>331</y><time>14-05-20 16:21:11:859</time></pt><pt><x>474</x><y>319</y><time>14-05-20 16:21:12:527</time></pt><pt><x>480</x><y>301</y><time>14-05-20 16:21:13:686</time></pt><pt><x>484</x><y>285</y><time>14-05-20 16:21:15:088</time></pt><pt><x>484</x><y>270</y><time>14-05-20 16:21:22:265</time></pt><pt><x>482</x><y>258</y><time>14-05-20 16:21:23:128</time></pt><pt><x>480</x><y>246</y><time>14-05-20 16:21:24:002</time></pt><pt><x>478</x><y>227</y><time>14-05-20 16:21:25:240</time></pt><pt><x>477</x><y>208</y><time>14-05-20 16:21:26:337</time></pt><pt><x>481</x><y>192</y><time>14-05-20 16:21:27:105</time></pt><pt><x>480</x><y>175</y><time>14-05-20 16:21:27:769</time></pt><pt><x>480</x><y>163</y><time>14-05-20 16:21:28:814</time></pt><pt><x>476</x><y>152</y><time>14-05-20 16:21:29:923</time></pt><pt><x>474</x><y>143</y><time>14-05-20 16:21:30:710</time></pt><pt><x>471</x><y>137</y><time>14-05-20 16:21:31:430</time></pt><closed_date>14-05-20 16:21:32:687</closed_date></polygon></object></annotation>