<annotation><filename>angle0_38.jpg</filename><folder>users/lab605//shoes_new</folder><source><submittedBy>lab605</submittedBy></source><imagesize><nrows>480</nrows><ncols>640</ncols></imagesize><object><name>right_shoe</name><deleted>0</deleted><verified>0</verified><occluded>no</occluded><attributes></attributes><parts><hasparts></hasparts><ispartof></ispartof></parts><date>14-05-20 16:41:12:832</date><id>0</id><polygon><username>anonymous</username><pt><x>282</x><y>172</y><time>14-05-20 16:40:58:126</time></pt><pt><x>281</x><y>185</y><time>14-05-20 16:40:58:693</time></pt><pt><x>281</x><y>196</y><time>14-05-20 16:40:59:077</time></pt><pt><x>281</x><y>203</y><time>14-05-20 16:40:59:389</time></pt><pt><x>283</x><y>213</y><time>14-05-20 16:40:59:717</time></pt><pt><x>285</x><y>222</y><time>14-05-20 16:41:00:085</time></pt><pt><x>287</x><y>230</y><time>14-05-20 16:41:00:437</time></pt><pt><x>292</x><y>237</y><time>14-05-20 16:41:00:765</time></pt><pt><x>293</x><y>243</y><time>14-05-20 16:41:01:781</time></pt><pt><x>297</x><y>249</y><time>14-05-20 16:41:02:197</time></pt><pt><x>302</x><y>256</y><time>14-05-20 16:41:02:605</time></pt><pt><x>306</x><y>258</y><time>14-05-20 16:41:02:965</time></pt><pt><x>313</x><y>260</y><time>14-05-20 16:41:03:309</time></pt><pt><x>319</x><y>260</y><time>14-05-20 16:41:03:653</time></pt><pt><x>328</x><y>255</y><time>14-05-20 16:41:03:981</time></pt><pt><x>333</x><y>247</y><time>14-05-20 16:41:04:301</time></pt><pt><x>335</x><y>237</y><time>14-05-20 16:41:04:597</time></pt><pt><x>339</x><y>222</y><time>14-05-20 16:41:04:925</time></pt><pt><x>338</x><y>211</y><time>14-05-20 16:41:05:245</time></pt><pt><x>337</x><y>198</y><time>14-05-20 16:41:05:581</time></pt><pt><x>336</x><y>189</y><time>14-05-20 16:41:05:901</time></pt><pt><x>336</x><y>180</y><time>14-05-20 16:41:06:213</time></pt><pt><x>336</x><y>176</y><time>14-05-20 16:41:06:485</time></pt><closed_date>14-05-20 16:41:07:989</closed_date></polygon></object><object><name>left_shoe</name><deleted>0</deleted><verified>0</verified><occluded>no</occluded><attributes></attributes><parts><hasparts></hasparts><ispartof></ispartof></parts><date>14-05-20 16:41:28:296</date><id>1</id><polygon><username>anonymous</username><pt><x>387</x><y>169</y><time>14-05-20 16:41:14:582</time></pt><pt><x>385</x><y>182</y><time>14-05-20 16:41:15:341</time></pt><pt><x>384</x><y>191</y><time>14-05-20 16:41:15:909</time></pt><pt><x>384</x><y>199</y><time>14-05-20 16:41:16:269</time></pt><pt><x>383</x><y>209</y><time>14-05-20 16:41:16:965</time></pt><pt><x>383</x><y>220</y><time>14-05-20 16:41:17:333</time></pt><pt><x>382</x><y>232</y><time>14-05-20 16:41:17:893</time></pt><pt><x>383</x><y>244</y><time>14-05-20 16:41:18:325</time></pt><pt><x>385</x><y>253</y><time>14-05-20 16:41:18:701</time></pt><pt><x>392</x><y>261</y><time>14-05-20 16:41:19:141</time></pt><pt><x>399</x><y>264</y><time>14-05-20 16:41:19:557</time></pt><pt><x>407</x><y>265</y><time>14-05-20 16:41:19:917</time></pt><pt><x>416</x><y>258</y><time>14-05-20 16:41:20:237</time></pt><pt><x>427</x><y>249</y><time>14-05-20 16:41:20:805</time></pt><pt><x>434</x><y>236</y><time>14-05-20 16:41:21:189</time></pt><pt><x>436</x><y>229</y><time>14-05-20 16:41:21:485</time></pt><pt><x>440</x><y>211</y><time>14-05-20 16:41:21:821</time></pt><pt><x>442</x><y>195</y><time>14-05-20 16:41:22:181</time></pt><pt><x>445</x><y>177</y><time>14-05-20 16:41:22:573</time></pt><pt><x>445</x><y>170</y><time>14-05-20 16:41:22:989</time></pt><closed_date>14-05-20 16:41:23:685</closed_date></polygon></object></annotation>