<annotation><filename>angle0_19.jpg</filename><folder>users/lab605//shoes_new</folder><source><submittedBy>lab605</submittedBy></source><imagesize><nrows>480</nrows><ncols>640</ncols></imagesize><object><name>right_shoe</name><deleted>0</deleted><verified>0</verified><occluded>no</occluded><attributes></attributes><parts><hasparts></hasparts><ispartof></ispartof></parts><date>14-05-20 16:55:28:639</date><id>0</id><polygon><username>lab605</username><pt><x>203</x><y>132</y><time>14-05-20 16:54:06:418</time></pt><pt><x>196</x><y>152</y><time>14-05-20 16:54:09:944</time></pt><pt><x>194</x><y>164</y><time>14-05-20 16:54:10:948</time></pt><pt><x>192</x><y>180</y><time>14-05-20 16:54:11:988</time></pt><pt><x>188</x><y>195</y><time>14-05-20 16:54:12:942</time></pt><pt><x>187</x><y>211</y><time>14-05-20 16:54:13:657</time></pt><pt><x>183</x><y>223</y><time>14-05-20 16:54:14:838</time></pt><pt><x>182</x><y>230</y><time>14-05-20 16:54:15:641</time></pt><pt><x>179</x><y>241</y><time>14-05-20 16:54:16:384</time></pt><pt><x>175</x><y>253</y><time>14-05-20 16:54:17:545</time></pt><pt><x>173</x><y>261</y><time>14-05-20 16:54:21:596</time></pt><pt><x>171</x><y>270</y><time>14-05-20 16:54:22:223</time></pt><pt><x>169</x><y>283</y><time>14-05-20 16:54:23:776</time></pt><pt><x>170</x><y>294</y><time>14-05-20 16:54:25:372</time></pt><pt><x>171</x><y>304</y><time>14-05-20 16:54:26:572</time></pt><pt><x>174</x><y>311</y><time>14-05-20 16:54:27:354</time></pt><pt><x>177</x><y>321</y><time>14-05-20 16:54:28:196</time></pt><pt><x>182</x><y>330</y><time>14-05-20 16:54:28:899</time></pt><pt><x>186</x><y>339</y><time>14-05-20 16:54:29:679</time></pt><pt><x>192</x><y>347</y><time>14-05-20 16:54:30:276</time></pt><pt><x>196</x><y>354</y><time>14-05-20 16:54:30:738</time></pt><pt><x>208</x><y>363</y><time>14-05-20 16:54:31:696</time></pt><pt><x>215</x><y>366</y><time>14-05-20 16:54:32:383</time></pt><pt><x>225</x><y>368</y><time>14-05-20 16:54:32:822</time></pt><pt><x>238</x><y>370</y><time>14-05-20 16:54:42:058</time></pt><pt><x>256</x><y>367</y><time>14-05-20 16:54:43:602</time></pt><pt><x>264</x><y>359</y><time>14-05-20 16:54:44:608</time></pt><pt><x>273</x><y>349</y><time>14-05-20 16:54:45:421</time></pt><pt><x>277</x><y>338</y><time>14-05-20 16:54:46:179</time></pt><pt><x>283</x><y>328</y><time>14-05-20 16:54:47:086</time></pt><pt><x>284</x><y>319</y><time>14-05-20 16:54:47:855</time></pt><pt><x>284</x><y>305</y><time>14-05-20 16:54:48:927</time></pt><pt><x>284</x><y>292</y><time>14-05-20 16:54:51:300</time></pt><pt><x>282</x><y>273</y><time>14-05-20 16:54:55:660</time></pt><pt><x>280</x><y>269</y><time>14-05-20 16:54:56:442</time></pt><pt><x>278</x><y>261</y><time>14-05-20 16:54:57:293</time></pt><pt><x>276</x><y>256</y><time>14-05-20 16:54:58:091</time></pt><pt><x>275</x><y>224</y><time>14-05-20 16:55:02:694</time></pt><pt><x>276</x><y>196</y><time>14-05-20 16:55:07:879</time></pt><pt><x>280</x><y>179</y><time>14-05-20 16:55:10:029</time></pt><pt><x>280</x><y>165</y><time>14-05-20 16:55:11:335</time></pt><pt><x>283</x><y>153</y><time>14-05-20 16:55:12:689</time></pt><pt><x>282</x><y>141</y><time>14-05-20 16:55:14:325</time></pt><pt><x>278</x><y>125</y><time>14-05-20 16:55:18:679</time></pt><pt><x>276</x><y>118</y><time>14-05-20 16:55:19:961</time></pt><pt><x>273</x><y>110</y><time>14-05-20 16:55:20:900</time></pt><pt><x>270</x><y>104</y><time>14-05-20 16:55:21:974</time></pt><closed_date>14-05-20 16:55:22:869</closed_date></polygon></object><object><name>left_shoe</name><deleted>0</deleted><verified>0</verified><occluded>no</occluded><attributes></attributes><parts><hasparts></hasparts><ispartof></ispartof></parts><date>14-05-20 16:56:21:430</date><id>1</id><polygon><username>lab605</username><pt><x>370</x><y>103</y><time>14-05-20 16:55:34:816</time></pt><pt><x>363</x><y>117</y><time>14-05-20 16:55:35:585</time></pt><pt><x>358</x><y>126</y><time>14-05-20 16:55:36:367</time></pt><pt><x>354</x><y>133</y><time>14-05-20 16:55:37:017</time></pt><pt><x>349</x><y>143</y><time>14-05-20 16:55:37:822</time></pt><pt><x>349</x><y>154</y><time>14-05-20 16:55:38:524</time></pt><pt><x>351</x><y>166</y><time>14-05-20 16:55:39:210</time></pt><pt><x>351</x><y>179</y><time>14-05-20 16:55:39:980</time></pt><pt><x>353</x><y>197</y><time>14-05-20 16:55:40:961</time></pt><pt><x>354</x><y>209</y><time>14-05-20 16:55:42:119</time></pt><pt><x>353</x><y>225</y><time>14-05-20 16:55:42:889</time></pt><pt><x>354</x><y>246</y><time>14-05-20 16:55:43:721</time></pt><pt><x>352</x><y>259</y><time>14-05-20 16:55:44:629</time></pt><pt><x>347</x><y>276</y><time>14-05-20 16:55:45:564</time></pt><pt><x>340</x><y>295</y><time>14-05-20 16:55:47:118</time></pt><pt><x>339</x><y>308</y><time>14-05-20 16:55:47:897</time></pt><pt><x>339</x><y>324</y><time>14-05-20 16:55:49:006</time></pt><pt><x>341</x><y>335</y><time>14-05-20 16:55:49:967</time></pt><pt><x>344</x><y>350</y><time>14-05-20 16:55:50:597</time></pt><pt><x>354</x><y>364</y><time>14-05-20 16:55:51:314</time></pt><pt><x>362</x><y>373</y><time>14-05-20 16:55:51:911</time></pt><pt><x>372</x><y>376</y><time>14-05-20 16:55:52:518</time></pt><pt><x>385</x><y>377</y><time>14-05-20 16:55:53:151</time></pt><pt><x>398</x><y>376</y><time>14-05-20 16:55:53:888</time></pt><pt><x>408</x><y>372</y><time>14-05-20 16:55:54:564</time></pt><pt><x>419</x><y>363</y><time>14-05-20 16:55:55:398</time></pt><pt><x>427</x><y>356</y><time>14-05-20 16:55:56:012</time></pt><pt><x>441</x><y>339</y><time>14-05-20 16:55:56:704</time></pt><pt><x>449</x><y>322</y><time>14-05-20 16:55:57:442</time></pt><pt><x>456</x><y>308</y><time>14-05-20 16:55:58:282</time></pt><pt><x>457</x><y>293</y><time>14-05-20 16:55:59:210</time></pt><pt><x>457</x><y>287</y><time>14-05-20 16:55:59:684</time></pt><pt><x>457</x><y>276</y><time>14-05-20 16:56:00:326</time></pt><pt><x>451</x><y>263</y><time>14-05-20 16:56:01:597</time></pt><pt><x>450</x><y>257</y><time>14-05-20 16:56:02:476</time></pt><pt><x>445</x><y>234</y><time>14-05-20 16:56:04:435</time></pt><pt><x>443</x><y>214</y><time>14-05-20 16:56:06:179</time></pt><pt><x>438</x><y>196</y><time>14-05-20 16:56:09:236</time></pt><pt><x>438</x><y>187</y><time>14-05-20 16:56:09:941</time></pt><pt><x>437</x><y>175</y><time>14-05-20 16:56:11:614</time></pt><pt><x>437</x><y>163</y><time>14-05-20 16:56:13:002</time></pt><pt><x>434</x><y>150</y><time>14-05-20 16:56:13:676</time></pt><pt><x>429</x><y>143</y><time>14-05-20 16:56:14:509</time></pt><closed_date>14-05-20 16:56:15:745</closed_date></polygon></object></annotation>