<annotation><filename>angle0_23.jpg</filename><folder>users/lab605//shoes_new</folder><source><submittedBy>lab605</submittedBy></source><imagesize><nrows>480</nrows><ncols>640</ncols></imagesize><object><name>right_shoe</name><deleted>0</deleted><verified>0</verified><occluded>no</occluded><attributes></attributes><parts><hasparts></hasparts><ispartof></ispartof></parts><date>14-05-20 16:23:49:613</date><id>0</id><polygon><username>anonymous</username><pt><x>286</x><y>64</y><time>14-05-20 16:23:14:891</time></pt><pt><x>291</x><y>72</y><time>14-05-20 16:23:15:980</time></pt><pt><x>293</x><y>80</y><time>14-05-20 16:23:16:380</time></pt><pt><x>293</x><y>84</y><time>14-05-20 16:23:16:892</time></pt><pt><x>295</x><y>91</y><time>14-05-20 16:23:17:292</time></pt><pt><x>293</x><y>101</y><time>14-05-20 16:23:17:844</time></pt><pt><x>292</x><y>110</y><time>14-05-20 16:23:18:260</time></pt><pt><x>291</x><y>114</y><time>14-05-20 16:23:18:652</time></pt><pt><x>288</x><y>121</y><time>14-05-20 16:23:19:084</time></pt><pt><x>286</x><y>125</y><time>14-05-20 16:23:19:605</time></pt><pt><x>289</x><y>137</y><time>14-05-20 16:23:20:068</time></pt><pt><x>288</x><y>145</y><time>14-05-20 16:23:20:508</time></pt><pt><x>288</x><y>152</y><time>14-05-20 16:23:20:868</time></pt><pt><x>291</x><y>160</y><time>14-05-20 16:23:21:364</time></pt><pt><x>291</x><y>171</y><time>14-05-20 16:23:21:900</time></pt><pt><x>291</x><y>180</y><time>14-05-20 16:23:22:332</time></pt><pt><x>291</x><y>188</y><time>14-05-20 16:23:22:724</time></pt><pt><x>292</x><y>197</y><time>14-05-20 16:23:23:156</time></pt><pt><x>292</x><y>203</y><time>14-05-20 16:23:23:836</time></pt><pt><x>290</x><y>209</y><time>14-05-20 16:23:24:324</time></pt><pt><x>284</x><y>215</y><time>14-05-20 16:23:24:772</time></pt><pt><x>279</x><y>216</y><time>14-05-20 16:23:25:220</time></pt><pt><x>271</x><y>218</y><time>14-05-20 16:23:25:612</time></pt><pt><x>265</x><y>218</y><time>14-05-20 16:23:26:116</time></pt><pt><x>259</x><y>217</y><time>14-05-20 16:23:26:484</time></pt><pt><x>252</x><y>213</y><time>14-05-20 16:23:27:108</time></pt><pt><x>250</x><y>208</y><time>14-05-20 16:23:27:572</time></pt><pt><x>248</x><y>203</y><time>14-05-20 16:23:28:052</time></pt><pt><x>244</x><y>198</y><time>14-05-20 16:23:28:556</time></pt><pt><x>240</x><y>191</y><time>14-05-20 16:23:28:956</time></pt><pt><x>239</x><y>183</y><time>14-05-20 16:23:30:556</time></pt><pt><x>239</x><y>173</y><time>14-05-20 16:23:31:005</time></pt><pt><x>237</x><y>167</y><time>14-05-20 16:23:31:485</time></pt><pt><x>237</x><y>160</y><time>14-05-20 16:23:32:125</time></pt><pt><x>239</x><y>153</y><time>14-05-20 16:23:32:589</time></pt><pt><x>241</x><y>147</y><time>14-05-20 16:23:33:013</time></pt><pt><x>243</x><y>138</y><time>14-05-20 16:23:33:461</time></pt><pt><x>243</x><y>131</y><time>14-05-20 16:23:34:133</time></pt><pt><x>244</x><y>125</y><time>14-05-20 16:23:34:837</time></pt><pt><x>245</x><y>121</y><time>14-05-20 16:23:35:253</time></pt><pt><x>246</x><y>114</y><time>14-05-20 16:23:35:821</time></pt><pt><x>246</x><y>113</y><time>14-05-20 16:23:36:445</time></pt><pt><x>245</x><y>108</y><time>14-05-20 16:23:38:757</time></pt><pt><x>256</x><y>102</y><time>14-05-20 16:23:39:381</time></pt><pt><x>266</x><y>94</y><time>14-05-20 16:23:39:829</time></pt><closed_date>14-05-20 16:23:41:157</closed_date></polygon></object><object><name>left_shoe</name><deleted>0</deleted><verified>0</verified><occluded>no</occluded><attributes></attributes><parts><hasparts></hasparts><ispartof></ispartof></parts><date>14-05-20 16:24:28:070</date><id>1</id><polygon><username>anonymous</username><pt><x>357</x><y>65</y><time>14-05-20 16:23:52:102</time></pt><pt><x>352</x><y>70</y><time>14-05-20 16:23:52:997</time></pt><pt><x>349</x><y>78</y><time>14-05-20 16:23:53:421</time></pt><pt><x>348</x><y>84</y><time>14-05-20 16:23:53:845</time></pt><pt><x>349</x><y>93</y><time>14-05-20 16:23:55:109</time></pt><pt><x>352</x><y>100</y><time>14-05-20 16:23:55:845</time></pt><pt><x>353</x><y>108</y><time>14-05-20 16:23:56:325</time></pt><pt><x>353</x><y>114</y><time>14-05-20 16:23:56:885</time></pt><pt><x>354</x><y>120</y><time>14-05-20 16:23:57:373</time></pt><pt><x>356</x><y>128</y><time>14-05-20 16:23:57:837</time></pt><pt><x>356</x><y>137</y><time>14-05-20 16:23:58:293</time></pt><pt><x>356</x><y>145</y><time>14-05-20 16:23:58:813</time></pt><pt><x>356</x><y>152</y><time>14-05-20 16:23:59:245</time></pt><pt><x>356</x><y>160</y><time>14-05-20 16:23:59:645</time></pt><pt><x>354</x><y>165</y><time>14-05-20 16:24:00:061</time></pt><pt><x>353</x><y>172</y><time>14-05-20 16:24:00:493</time></pt><pt><x>353</x><y>180</y><time>14-05-20 16:24:00:949</time></pt><pt><x>352</x><y>188</y><time>14-05-20 16:24:01:445</time></pt><pt><x>352</x><y>195</y><time>14-05-20 16:24:04:293</time></pt><pt><x>353</x><y>203</y><time>14-05-20 16:24:04:757</time></pt><pt><x>357</x><y>211</y><time>14-05-20 16:24:05:413</time></pt><pt><x>361</x><y>212</y><time>14-05-20 16:24:06:061</time></pt><pt><x>367</x><y>215</y><time>14-05-20 16:24:06:501</time></pt><pt><x>378</x><y>215</y><time>14-05-20 16:24:06:925</time></pt><pt><x>386</x><y>212</y><time>14-05-20 16:24:07:357</time></pt><pt><x>393</x><y>208</y><time>14-05-20 16:24:07:805</time></pt><pt><x>399</x><y>204</y><time>14-05-20 16:24:08:181</time></pt><pt><x>403</x><y>197</y><time>14-05-20 16:24:08:621</time></pt><pt><x>404</x><y>190</y><time>14-05-20 16:24:09:149</time></pt><pt><x>404</x><y>183</y><time>14-05-20 16:24:09:589</time></pt><pt><x>405</x><y>174</y><time>14-05-20 16:24:10:005</time></pt><pt><x>407</x><y>166</y><time>14-05-20 16:24:10:717</time></pt><pt><x>407</x><y>160</y><time>14-05-20 16:24:11:205</time></pt><pt><x>407</x><y>155</y><time>14-05-20 16:24:11:637</time></pt><pt><x>404</x><y>146</y><time>14-05-20 16:24:12:037</time></pt><pt><x>402</x><y>139</y><time>14-05-20 16:24:12:533</time></pt><pt><x>401</x><y>130</y><time>14-05-20 16:24:12:917</time></pt><pt><x>398</x><y>124</y><time>14-05-20 16:24:13:437</time></pt><pt><x>398</x><y>116</y><time>14-05-20 16:24:14:341</time></pt><pt><x>398</x><y>111</y><time>14-05-20 16:24:14:781</time></pt><pt><x>398</x><y>102</y><time>14-05-20 16:24:15:165</time></pt><pt><x>398</x><y>97</y><time>14-05-20 16:24:15:837</time></pt><pt><x>399</x><y>94</y><time>14-05-20 16:24:17:221</time></pt><pt><x>361</x><y>67</y><time>14-05-20 16:24:18:197</time></pt><closed_date>14-05-20 16:24:20:325</closed_date></polygon></object></annotation>