<annotation><filename>angle0_26.jpg</filename><folder>users/lab605//shoes_new</folder><source><submittedBy>lab605</submittedBy></source><imagesize><nrows>480</nrows><ncols>640</ncols></imagesize><object><name>right_shoe</name><deleted>0</deleted><verified>0</verified><occluded>no</occluded><attributes></attributes><parts><hasparts></hasparts><ispartof></ispartof></parts><date>14-05-20 16:27:28:362</date><id>0</id><polygon><username>anonymous</username><pt><x>254</x><y>157</y><time>14-05-20 16:26:59:580</time></pt><pt><x>255</x><y>176</y><time>14-05-20 16:27:00:755</time></pt><pt><x>253</x><y>187</y><time>14-05-20 16:27:01:275</time></pt><pt><x>251</x><y>199</y><time>14-05-20 16:27:01:659</time></pt><pt><x>248</x><y>219</y><time>14-05-20 16:27:02:266</time></pt><pt><x>246</x><y>229</y><time>14-05-20 16:27:02:771</time></pt><pt><x>243</x><y>242</y><time>14-05-20 16:27:05:203</time></pt><pt><x>243</x><y>251</y><time>14-05-20 16:27:05:667</time></pt><pt><x>243</x><y>263</y><time>14-05-20 16:27:06:035</time></pt><pt><x>245</x><y>277</y><time>14-05-20 16:27:06:602</time></pt><pt><x>250</x><y>288</y><time>14-05-20 16:27:07:011</time></pt><pt><x>255</x><y>296</y><time>14-05-20 16:27:07:435</time></pt><pt><x>262</x><y>301</y><time>14-05-20 16:27:07:850</time></pt><pt><x>269</x><y>304</y><time>14-05-20 16:27:08:275</time></pt><pt><x>283</x><y>305</y><time>14-05-20 16:27:08:707</time></pt><pt><x>303</x><y>304</y><time>14-05-20 16:27:09:259</time></pt><pt><x>307</x><y>297</y><time>14-05-20 16:27:10:587</time></pt><pt><x>314</x><y>292</y><time>14-05-20 16:27:11:035</time></pt><pt><x>321</x><y>285</y><time>14-05-20 16:27:11:387</time></pt><pt><x>329</x><y>276</y><time>14-05-20 16:27:11:787</time></pt><pt><x>329</x><y>267</y><time>14-05-20 16:27:12:202</time></pt><pt><x>330</x><y>256</y><time>14-05-20 16:27:12:603</time></pt><pt><x>330</x><y>245</y><time>14-05-20 16:27:14:667</time></pt><pt><x>330</x><y>232</y><time>14-05-20 16:27:15:051</time></pt><pt><x>328</x><y>225</y><time>14-05-20 16:27:15:427</time></pt><pt><x>328</x><y>215</y><time>14-05-20 16:27:15:819</time></pt><pt><x>328</x><y>201</y><time>14-05-20 16:27:16:226</time></pt><pt><x>328</x><y>187</y><time>14-05-20 16:27:17:523</time></pt><pt><x>328</x><y>175</y><time>14-05-20 16:27:17:994</time></pt><pt><x>328</x><y>168</y><time>14-05-20 16:27:18:395</time></pt><pt><x>327</x><y>157</y><time>14-05-20 16:27:18:835</time></pt><pt><x>325</x><y>150</y><time>14-05-20 16:27:19:707</time></pt><pt><x>323</x><y>148</y><time>14-05-20 16:27:20:483</time></pt><closed_date>14-05-20 16:27:21:618</closed_date></polygon></object><object><name>left_shoe</name><deleted>0</deleted><verified>0</verified><occluded>no</occluded><attributes></attributes><parts><hasparts></hasparts><ispartof></ispartof></parts><date>14-05-20 16:28:19:690</date><id>1</id><polygon><username>anonymous</username><pt><x>369</x><y>224</y><time>14-05-20 16:27:47:348</time></pt><pt><x>370</x><y>244</y><time>14-05-20 16:27:49:811</time></pt><pt><x>371</x><y>255</y><time>14-05-20 16:27:50:314</time></pt><pt><x>371</x><y>268</y><time>14-05-20 16:27:51:794</time></pt><pt><x>370</x><y>280</y><time>14-05-20 16:27:52:434</time></pt><pt><x>370</x><y>295</y><time>14-05-20 16:27:52:866</time></pt><pt><x>370</x><y>309</y><time>14-05-20 16:27:53:306</time></pt><pt><x>367</x><y>320</y><time>14-05-20 16:27:54:282</time></pt><pt><x>368</x><y>329</y><time>14-05-20 16:27:54:978</time></pt><pt><x>369</x><y>338</y><time>14-05-20 16:27:55:450</time></pt><pt><x>370</x><y>344</y><time>14-05-20 16:27:55:906</time></pt><pt><x>375</x><y>350</y><time>14-05-20 16:27:56:354</time></pt><pt><x>383</x><y>351</y><time>14-05-20 16:27:56:778</time></pt><pt><x>394</x><y>352</y><time>14-05-20 16:27:57:490</time></pt><pt><x>409</x><y>351</y><time>14-05-20 16:27:58:482</time></pt><pt><x>424</x><y>351</y><time>14-05-20 16:27:58:922</time></pt><pt><x>430</x><y>351</y><time>14-05-20 16:27:59:314</time></pt><pt><x>444</x><y>350</y><time>14-05-20 16:27:59:682</time></pt><pt><x>451</x><y>350</y><time>14-05-20 16:28:00:099</time></pt><pt><x>460</x><y>347</y><time>14-05-20 16:28:00:474</time></pt><pt><x>467</x><y>340</y><time>14-05-20 16:28:01:090</time></pt><pt><x>470</x><y>330</y><time>14-05-20 16:28:01:506</time></pt><pt><x>470</x><y>318</y><time>14-05-20 16:28:02:426</time></pt><pt><x>466</x><y>312</y><time>14-05-20 16:28:02:794</time></pt><pt><x>460</x><y>301</y><time>14-05-20 16:28:03:362</time></pt><pt><x>457</x><y>292</y><time>14-05-20 16:28:03:874</time></pt><pt><x>453</x><y>283</y><time>14-05-20 16:28:04:314</time></pt><pt><x>447</x><y>273</y><time>14-05-20 16:28:04:762</time></pt><pt><x>445</x><y>266</y><time>14-05-20 16:28:05:266</time></pt><pt><x>445</x><y>258</y><time>14-05-20 16:28:05:626</time></pt><pt><x>442</x><y>246</y><time>14-05-20 16:28:06:018</time></pt><pt><x>445</x><y>237</y><time>14-05-20 16:28:06:434</time></pt><pt><x>445</x><y>230</y><time>14-05-20 16:28:06:890</time></pt><pt><x>448</x><y>225</y><time>14-05-20 16:28:07:226</time></pt><pt><x>449</x><y>219</y><time>14-05-20 16:28:07:522</time></pt><closed_date>14-05-20 16:28:10:035</closed_date></polygon></object></annotation>