<annotation><filename>angle0_13.jpg</filename><folder>users/lab605//shoes_new</folder><source><submittedBy>lab605</submittedBy></source><imagesize><nrows>480</nrows><ncols>640</ncols></imagesize><object><name>right_shoe</name><deleted>0</deleted><verified>0</verified><occluded>no</occluded><attributes></attributes><parts><hasparts></hasparts><ispartof></ispartof></parts><date>14-05-20 16:43:54:089</date><id>0</id><polygon><username>lab605</username><pt><x>259</x><y>143</y><time>14-05-20 16:43:23:241</time></pt><pt><x>254</x><y>155</y><time>14-05-20 16:43:24:432</time></pt><pt><x>250</x><y>164</y><time>14-05-20 16:43:25:394</time></pt><pt><x>248</x><y>172</y><time>14-05-20 16:43:26:490</time></pt><pt><x>244</x><y>178</y><time>14-05-20 16:43:27:182</time></pt><pt><x>244</x><y>185</y><time>14-05-20 16:43:27:945</time></pt><pt><x>244</x><y>195</y><time>14-05-20 16:43:29:010</time></pt><pt><x>244</x><y>203</y><time>14-05-20 16:43:30:035</time></pt><pt><x>245</x><y>212</y><time>14-05-20 16:43:31:024</time></pt><pt><x>247</x><y>220</y><time>14-05-20 16:43:32:313</time></pt><pt><x>251</x><y>225</y><time>14-05-20 16:43:32:932</time></pt><pt><x>260</x><y>227</y><time>14-05-20 16:43:33:647</time></pt><pt><x>268</x><y>227</y><time>14-05-20 16:43:34:216</time></pt><pt><x>277</x><y>224</y><time>14-05-20 16:43:35:048</time></pt><pt><x>282</x><y>217</y><time>14-05-20 16:43:35:911</time></pt><pt><x>285</x><y>208</y><time>14-05-20 16:43:36:802</time></pt><pt><x>288</x><y>201</y><time>14-05-20 16:43:37:527</time></pt><pt><x>291</x><y>192</y><time>14-05-20 16:43:38:153</time></pt><pt><x>293</x><y>181</y><time>14-05-20 16:43:38:908</time></pt><pt><x>293</x><y>172</y><time>14-05-20 16:43:39:463</time></pt><pt><x>296</x><y>162</y><time>14-05-20 16:43:40:352</time></pt><pt><x>299</x><y>153</y><time>14-05-20 16:43:40:945</time></pt><pt><x>299</x><y>145</y><time>14-05-20 16:43:41:442</time></pt><closed_date>14-05-20 16:43:45:796</closed_date></polygon></object><object><name>left_shoe</name><deleted>0</deleted><verified>0</verified><occluded>no</occluded><attributes></attributes><parts><hasparts></hasparts><ispartof></ispartof></parts><date>14-05-20 16:44:30:241</date><id>1</id><polygon><username>lab605</username><pt><x>331</x><y>143</y><time>14-05-20 16:44:00:358</time></pt><pt><x>331</x><y>159</y><time>14-05-20 16:44:01:031</time></pt><pt><x>334</x><y>173</y><time>14-05-20 16:44:01:718</time></pt><pt><x>338</x><y>188</y><time>14-05-20 16:44:02:602</time></pt><pt><x>341</x><y>200</y><time>14-05-20 16:44:03:336</time></pt><pt><x>345</x><y>208</y><time>14-05-20 16:44:03:974</time></pt><pt><x>348</x><y>218</y><time>14-05-20 16:44:04:604</time></pt><pt><x>357</x><y>225</y><time>14-05-20 16:44:05:563</time></pt><pt><x>364</x><y>228</y><time>14-05-20 16:44:06:367</time></pt><pt><x>372</x><y>227</y><time>14-05-20 16:44:06:956</time></pt><pt><x>380</x><y>221</y><time>14-05-20 16:44:07:609</time></pt><pt><x>383</x><y>215</y><time>14-05-20 16:44:08:306</time></pt><pt><x>385</x><y>204</y><time>14-05-20 16:44:12:838</time></pt><pt><x>386</x><y>194</y><time>14-05-20 16:44:13:857</time></pt><pt><x>386</x><y>188</y><time>14-05-20 16:44:14:419</time></pt><pt><x>386</x><y>179</y><time>14-05-20 16:44:15:026</time></pt><pt><x>385</x><y>171</y><time>14-05-20 16:44:15:781</time></pt><pt><x>380</x><y>162</y><time>14-05-20 16:44:16:791</time></pt><pt><x>377</x><y>155</y><time>14-05-20 16:44:18:061</time></pt><pt><x>373</x><y>149</y><time>14-05-20 16:44:18:644</time></pt><pt><x>372</x><y>146</y><time>14-05-20 16:44:19:258</time></pt><closed_date>14-05-20 16:44:20:578</closed_date></polygon></object></annotation>