<annotation><filename>angle0_85.jpg</filename><folder>users/lab605//shoes_new</folder><source><submittedBy>lab605</submittedBy></source><imagesize><nrows>480</nrows><ncols>640</ncols></imagesize><object><name>right_shoe</name><deleted>0</deleted><verified>0</verified><occluded>no</occluded><attributes></attributes><parts><hasparts></hasparts><ispartof></ispartof></parts><date>14-05-20 17:29:12:090</date><id>0</id><polygon><username>lab605</username><pt><x>270</x><y>195</y><time>14-05-20 17:28:35:224</time></pt><pt><x>276</x><y>207</y><time>14-05-20 17:28:35:906</time></pt><pt><x>279</x><y>210</y><time>14-05-20 17:28:36:974</time></pt><pt><x>280</x><y>221</y><time>14-05-20 17:28:37:714</time></pt><pt><x>279</x><y>229</y><time>14-05-20 17:28:38:450</time></pt><pt><x>280</x><y>234</y><time>14-05-20 17:28:39:289</time></pt><pt><x>282</x><y>247</y><time>14-05-20 17:28:40:062</time></pt><pt><x>288</x><y>257</y><time>14-05-20 17:28:40:716</time></pt><pt><x>293</x><y>263</y><time>14-05-20 17:28:41:504</time></pt><pt><x>299</x><y>266</y><time>14-05-20 17:28:42:015</time></pt><pt><x>302</x><y>263</y><time>14-05-20 17:28:48:262</time></pt><pt><x>306</x><y>258</y><time>14-05-20 17:28:48:874</time></pt><pt><x>309</x><y>251</y><time>14-05-20 17:28:49:466</time></pt><pt><x>313</x><y>240</y><time>14-05-20 17:28:50:815</time></pt><pt><x>314</x><y>234</y><time>14-05-20 17:28:51:550</time></pt><pt><x>313</x><y>221</y><time>14-05-20 17:28:56:979</time></pt><pt><x>313</x><y>212</y><time>14-05-20 17:28:58:290</time></pt><pt><x>313</x><y>203</y><time>14-05-20 17:28:59:288</time></pt><pt><x>312</x><y>195</y><time>14-05-20 17:29:00:241</time></pt><pt><x>312</x><y>185</y><time>14-05-20 17:29:01:611</time></pt><pt><x>314</x><y>179</y><time>14-05-20 17:29:02:852</time></pt><pt><x>310</x><y>173</y><time>14-05-20 17:29:03:835</time></pt><closed_date>14-05-20 17:29:05:501</closed_date></polygon></object><object><name>left_shoe</name><deleted>0</deleted><verified>0</verified><occluded>no</occluded><attributes></attributes><parts><hasparts></hasparts><ispartof></ispartof></parts><date>14-05-20 17:29:45:754</date><id>1</id><polygon><username>lab605</username><pt><x>335</x><y>169</y><time>14-05-20 17:29:16:023</time></pt><pt><x>333</x><y>181</y><time>14-05-20 17:29:16:713</time></pt><pt><x>331</x><y>192</y><time>14-05-20 17:29:17:727</time></pt><pt><x>331</x><y>200</y><time>14-05-20 17:29:18:773</time></pt><pt><x>328</x><y>207</y><time>14-05-20 17:29:19:728</time></pt><pt><x>326</x><y>214</y><time>14-05-20 17:29:20:796</time></pt><pt><x>325</x><y>219</y><time>14-05-20 17:29:21:762</time></pt><pt><x>323</x><y>225</y><time>14-05-20 17:29:22:544</time></pt><pt><x>325</x><y>234</y><time>14-05-20 17:29:23:322</time></pt><pt><x>325</x><y>241</y><time>14-05-20 17:29:24:275</time></pt><pt><x>326</x><y>246</y><time>14-05-20 17:29:25:219</time></pt><pt><x>331</x><y>251</y><time>14-05-20 17:29:25:808</time></pt><pt><x>336</x><y>252</y><time>14-05-20 17:29:27:264</time></pt><pt><x>343</x><y>246</y><time>14-05-20 17:29:28:112</time></pt><pt><x>348</x><y>238</y><time>14-05-20 17:29:28:821</time></pt><pt><x>354</x><y>232</y><time>14-05-20 17:29:29:637</time></pt><pt><x>358</x><y>225</y><time>14-05-20 17:29:30:638</time></pt><pt><x>360</x><y>217</y><time>14-05-20 17:29:31:456</time></pt><pt><x>362</x><y>210</y><time>14-05-20 17:29:33:009</time></pt><pt><x>363</x><y>204</y><time>14-05-20 17:29:33:731</time></pt><pt><x>365</x><y>198</y><time>14-05-20 17:29:34:454</time></pt><pt><x>367</x><y>192</y><time>14-05-20 17:29:35:657</time></pt><pt><x>366</x><y>187</y><time>14-05-20 17:29:36:445</time></pt><pt><x>367</x><y>185</y><time>14-05-20 17:29:38:275</time></pt><closed_date>14-05-20 17:29:39:056</closed_date></polygon></object></annotation>