<annotation><filename>angle0_79.jpg</filename><folder>users/lab605//shoes_new</folder><source><submittedBy>lab605</submittedBy></source><imagesize><nrows>480</nrows><ncols>640</ncols></imagesize><object><name>right_shoe</name><deleted>0</deleted><verified>0</verified><occluded>no</occluded><attributes></attributes><parts><hasparts></hasparts><ispartof></ispartof></parts><date>14-05-20 17:21:53:974</date><id>0</id><polygon><username>samliu</username><pt><x>248</x><y>57</y><time>14-05-20 17:21:17:077</time></pt><pt><x>257</x><y>87</y><time>14-05-20 17:21:18:643</time></pt><pt><x>247</x><y>111</y><time>14-05-20 17:21:19:573</time></pt><pt><x>237</x><y>139</y><time>14-05-20 17:21:20:449</time></pt><pt><x>239</x><y>165</y><time>14-05-20 17:21:21:891</time></pt><pt><x>239</x><y>204</y><time>14-05-20 17:21:22:799</time></pt><pt><x>227</x><y>227</y><time>14-05-20 17:21:23:961</time></pt><pt><x>207</x><y>239</y><time>14-05-20 17:21:24:853</time></pt><pt><x>190</x><y>238</y><time>14-05-20 17:21:25:403</time></pt><pt><x>181</x><y>229</y><time>14-05-20 17:21:25:923</time></pt><pt><x>172</x><y>198</y><time>14-05-20 17:21:26:699</time></pt><pt><x>169</x><y>174</y><time>14-05-20 17:21:27:265</time></pt><pt><x>174</x><y>152</y><time>14-05-20 17:21:27:917</time></pt><pt><x>180</x><y>121</y><time>14-05-20 17:21:28:551</time></pt><pt><x>183</x><y>104</y><time>14-05-20 17:21:29:211</time></pt><closed_date>14-05-20 17:21:31:079</closed_date></polygon></object><object><name>left_shoe</name><deleted>0</deleted><verified>0</verified><occluded>no</occluded><attributes></attributes><parts><hasparts></hasparts><ispartof></ispartof></parts><date>14-05-20 17:22:17:583</date><id>1</id><polygon><username>samliu</username><pt><x>301</x><y>71</y><time>14-05-20 17:21:55:575</time></pt><pt><x>311</x><y>119</y><time>14-05-20 17:21:56:503</time></pt><pt><x>315</x><y>160</y><time>14-05-20 17:21:57:427</time></pt><pt><x>310</x><y>189</y><time>14-05-20 17:21:58:558</time></pt><pt><x>327</x><y>220</y><time>14-05-20 17:21:59:473</time></pt><pt><x>351</x><y>224</y><time>14-05-20 17:22:00:488</time></pt><pt><x>367</x><y>217</y><time>14-05-20 17:22:01:248</time></pt><pt><x>382</x><y>191</y><time>14-05-20 17:22:02:801</time></pt><pt><x>385</x><y>165</y><time>14-05-20 17:22:03:644</time></pt><pt><x>383</x><y>142</y><time>14-05-20 17:22:04:250</time></pt><pt><x>380</x><y>123</y><time>14-05-20 17:22:04:817</time></pt><pt><x>372</x><y>103</y><time>14-05-20 17:22:05:528</time></pt><pt><x>365</x><y>88</y><time>14-05-20 17:22:06:049</time></pt><closed_date>14-05-20 17:22:07:421</closed_date></polygon></object></annotation>