<annotation><filename>angle0_36.jpg</filename><folder>users/lab605//shoes_new</folder><source><submittedBy>lab605</submittedBy></source><imagesize><nrows>480</nrows><ncols>640</ncols></imagesize><object><name>right_shoe</name><deleted>0</deleted><verified>0</verified><occluded>no</occluded><attributes></attributes><parts><hasparts></hasparts><ispartof></ispartof></parts><date>14-05-20 16:39:12:610</date><id>0</id><polygon><username>anonymous</username><pt><x>298</x><y>147</y><time>14-05-20 16:38:43:396</time></pt><pt><x>304</x><y>161</y><time>14-05-20 16:38:44:094</time></pt><pt><x>306</x><y>170</y><time>14-05-20 16:38:44:461</time></pt><pt><x>307</x><y>180</y><time>14-05-20 16:38:44:838</time></pt><pt><x>305</x><y>189</y><time>14-05-20 16:38:45:254</time></pt><pt><x>305</x><y>201</y><time>14-05-20 16:38:45:726</time></pt><pt><x>304</x><y>213</y><time>14-05-20 16:38:46:102</time></pt><pt><x>303</x><y>225</y><time>14-05-20 16:38:46:453</time></pt><pt><x>303</x><y>238</y><time>14-05-20 16:38:46:909</time></pt><pt><x>302</x><y>249</y><time>14-05-20 16:38:47:485</time></pt><pt><x>303</x><y>260</y><time>14-05-20 16:38:47:893</time></pt><pt><x>307</x><y>269</y><time>14-05-20 16:38:48:294</time></pt><pt><x>309</x><y>281</y><time>14-05-20 16:38:48:733</time></pt><pt><x>313</x><y>293</y><time>14-05-20 16:38:49:421</time></pt><pt><x>314</x><y>307</y><time>14-05-20 16:38:49:909</time></pt><pt><x>314</x><y>318</y><time>14-05-20 16:38:50:318</time></pt><pt><x>313</x><y>327</y><time>14-05-20 16:38:50:725</time></pt><pt><x>311</x><y>334</y><time>14-05-20 16:38:51:166</time></pt><pt><x>307</x><y>347</y><time>14-05-20 16:38:51:605</time></pt><pt><x>300</x><y>356</y><time>14-05-20 16:38:52:013</time></pt><pt><x>294</x><y>363</y><time>14-05-20 16:38:52:541</time></pt><pt><x>282</x><y>371</y><time>14-05-20 16:38:53:021</time></pt><pt><x>273</x><y>374</y><time>14-05-20 16:38:53:437</time></pt><pt><x>261</x><y>375</y><time>14-05-20 16:38:53:821</time></pt><pt><x>250</x><y>372</y><time>14-05-20 16:38:54:182</time></pt><pt><x>243</x><y>366</y><time>14-05-20 16:38:54:525</time></pt><pt><x>238</x><y>360</y><time>14-05-20 16:38:54:893</time></pt><pt><x>232</x><y>348</y><time>14-05-20 16:38:55:301</time></pt><pt><x>229</x><y>338</y><time>14-05-20 16:38:55:685</time></pt><pt><x>223</x><y>325</y><time>14-05-20 16:38:56:062</time></pt><pt><x>222</x><y>314</y><time>14-05-20 16:38:56:677</time></pt><pt><x>225</x><y>297</y><time>14-05-20 16:38:57:053</time></pt><pt><x>225</x><y>282</y><time>14-05-20 16:38:57:437</time></pt><pt><x>227</x><y>269</y><time>14-05-20 16:38:57:765</time></pt><pt><x>229</x><y>259</y><time>14-05-20 16:38:58:102</time></pt><pt><x>232</x><y>248</y><time>14-05-20 16:38:58:437</time></pt><pt><x>232</x><y>235</y><time>14-05-20 16:38:58:789</time></pt><pt><x>231</x><y>224</y><time>14-05-20 16:38:59:110</time></pt><pt><x>230</x><y>210</y><time>14-05-20 16:38:59:405</time></pt><pt><x>229</x><y>198</y><time>14-05-20 16:39:03:350</time></pt><pt><x>232</x><y>186</y><time>14-05-20 16:39:03:957</time></pt><pt><x>235</x><y>175</y><time>14-05-20 16:39:04:517</time></pt><pt><x>236</x><y>171</y><time>14-05-20 16:39:04:925</time></pt><closed_date>14-05-20 16:39:06:019</closed_date></polygon></object><object><name>left_shoe</name><deleted>0</deleted><verified>0</verified><occluded>no</occluded><attributes></attributes><parts><hasparts></hasparts><ispartof></ispartof></parts><date>14-05-20 16:39:38:403</date><id>1</id><polygon><username>anonymous</username><pt><x>355</x><y>127</y><time>14-05-20 16:39:14:911</time></pt><pt><x>350</x><y>138</y><time>14-05-20 16:39:15:429</time></pt><pt><x>347</x><y>150</y><time>14-05-20 16:39:16:029</time></pt><pt><x>344</x><y>159</y><time>14-05-20 16:39:16:413</time></pt><pt><x>342</x><y>170</y><time>14-05-20 16:39:16:837</time></pt><pt><x>341</x><y>183</y><time>14-05-20 16:39:17:285</time></pt><pt><x>340</x><y>194</y><time>14-05-20 16:39:17:669</time></pt><pt><x>341</x><y>205</y><time>14-05-20 16:39:18:069</time></pt><pt><x>344</x><y>216</y><time>14-05-20 16:39:18:429</time></pt><pt><x>346</x><y>225</y><time>14-05-20 16:39:18:789</time></pt><pt><x>347</x><y>241</y><time>14-05-20 16:39:19:197</time></pt><pt><x>348</x><y>253</y><time>14-05-20 16:39:19:645</time></pt><pt><x>349</x><y>265</y><time>14-05-20 16:39:20:061</time></pt><pt><x>346</x><y>276</y><time>14-05-20 16:39:20:453</time></pt><pt><x>344</x><y>286</y><time>14-05-20 16:39:20:917</time></pt><pt><x>341</x><y>297</y><time>14-05-20 16:39:21:285</time></pt><pt><x>341</x><y>307</y><time>14-05-20 16:39:21:805</time></pt><pt><x>342</x><y>318</y><time>14-05-20 16:39:22:205</time></pt><pt><x>344</x><y>328</y><time>14-05-20 16:39:22:621</time></pt><pt><x>348</x><y>341</y><time>14-05-20 16:39:23:037</time></pt><pt><x>353</x><y>347</y><time>14-05-20 16:39:23:501</time></pt><pt><x>357</x><y>356</y><time>14-05-20 16:39:23:909</time></pt><pt><x>364</x><y>361</y><time>14-05-20 16:39:24:286</time></pt><pt><x>372</x><y>365</y><time>14-05-20 16:39:24:693</time></pt><pt><x>384</x><y>368</y><time>14-05-20 16:39:25:086</time></pt><pt><x>395</x><y>371</y><time>14-05-20 16:39:25:397</time></pt><pt><x>409</x><y>366</y><time>14-05-20 16:39:25:813</time></pt><pt><x>417</x><y>360</y><time>14-05-20 16:39:26:149</time></pt><pt><x>430</x><y>345</y><time>14-05-20 16:39:26:461</time></pt><pt><x>431</x><y>332</y><time>14-05-20 16:39:26:861</time></pt><pt><x>434</x><y>314</y><time>14-05-20 16:39:27:189</time></pt><pt><x>437</x><y>299</y><time>14-05-20 16:39:27:597</time></pt><pt><x>436</x><y>282</y><time>14-05-20 16:39:27:949</time></pt><pt><x>431</x><y>272</y><time>14-05-20 16:39:28:365</time></pt><pt><x>425</x><y>263</y><time>14-05-20 16:39:28:717</time></pt><pt><x>422</x><y>241</y><time>14-05-20 16:39:29:229</time></pt><pt><x>420</x><y>223</y><time>14-05-20 16:39:29:645</time></pt><pt><x>418</x><y>208</y><time>14-05-20 16:39:30:029</time></pt><pt><x>418</x><y>191</y><time>14-05-20 16:39:30:421</time></pt><pt><x>417</x><y>179</y><time>14-05-20 16:39:30:757</time></pt><pt><x>417</x><y>175</y><time>14-05-20 16:39:31:165</time></pt><pt><x>416</x><y>170</y><time>14-05-20 16:39:31:821</time></pt><closed_date>14-05-20 16:39:32:470</closed_date></polygon></object></annotation>