<annotation><filename>angle0_45.jpg</filename><folder>users/lab605//shoes_new</folder><source><submittedBy>lab605</submittedBy></source><imagesize><nrows>480</nrows><ncols>640</ncols></imagesize><object><name>right_shoe</name><deleted>0</deleted><verified>0</verified><occluded>no</occluded><attributes></attributes><parts><hasparts></hasparts><ispartof></ispartof></parts><date>14-05-20 16:47:07:487</date><id>0</id><polygon><username>anonymous</username><pt><x>217</x><y>305</y><time>14-05-20 16:46:52:028</time></pt><pt><x>213</x><y>314</y><time>14-05-20 16:46:52:403</time></pt><pt><x>213</x><y>324</y><time>14-05-20 16:46:52:714</time></pt><pt><x>211</x><y>333</y><time>14-05-20 16:46:53:027</time></pt><pt><x>206</x><y>344</y><time>14-05-20 16:46:53:730</time></pt><pt><x>201</x><y>349</y><time>14-05-20 16:46:54:050</time></pt><pt><x>198</x><y>360</y><time>14-05-20 16:46:54:394</time></pt><pt><x>195</x><y>372</y><time>14-05-20 16:46:54:746</time></pt><pt><x>193</x><y>387</y><time>14-05-20 16:46:55:074</time></pt><pt><x>193</x><y>397</y><time>14-05-20 16:46:55:426</time></pt><pt><x>193</x><y>404</y><time>14-05-20 16:46:55:850</time></pt><pt><x>198</x><y>415</y><time>14-05-20 16:46:56:130</time></pt><pt><x>201</x><y>420</y><time>14-05-20 16:46:56:506</time></pt><pt><x>206</x><y>424</y><time>14-05-20 16:46:56:947</time></pt><pt><x>216</x><y>423</y><time>14-05-20 16:46:57:242</time></pt><pt><x>222</x><y>416</y><time>14-05-20 16:46:57:562</time></pt><pt><x>232</x><y>408</y><time>14-05-20 16:46:57:866</time></pt><pt><x>235</x><y>396</y><time>14-05-20 16:46:58:194</time></pt><pt><x>237</x><y>379</y><time>14-05-20 16:46:58:691</time></pt><pt><x>248</x><y>366</y><time>14-05-20 16:46:59:106</time></pt><pt><x>248</x><y>355</y><time>14-05-20 16:46:59:522</time></pt><pt><x>248</x><y>345</y><time>14-05-20 16:46:59:826</time></pt><pt><x>255</x><y>333</y><time>14-05-20 16:47:00:138</time></pt><pt><x>259</x><y>320</y><time>14-05-20 16:47:00:426</time></pt><pt><x>260</x><y>307</y><time>14-05-20 16:47:00:746</time></pt><pt><x>258</x><y>296</y><time>14-05-20 16:47:01:058</time></pt><pt><x>256</x><y>290</y><time>14-05-20 16:47:01:338</time></pt><pt><x>255</x><y>288</y><time>14-05-20 16:47:01:779</time></pt><closed_date>14-05-20 16:47:02:664</closed_date></polygon></object><object><name>left_shoe</name><deleted>0</deleted><verified>0</verified><occluded>no</occluded><attributes></attributes><parts><hasparts></hasparts><ispartof></ispartof></parts><date>14-05-20 16:47:28:613</date><id>1</id><polygon><username>anonymous</username><pt><x>374</x><y>303</y><time>14-05-20 16:47:08:740</time></pt><pt><x>369</x><y>315</y><time>14-05-20 16:47:09:162</time></pt><pt><x>366</x><y>324</y><time>14-05-20 16:47:09:490</time></pt><pt><x>365</x><y>333</y><time>14-05-20 16:47:09:834</time></pt><pt><x>365</x><y>343</y><time>14-05-20 16:47:10:210</time></pt><pt><x>370</x><y>352</y><time>14-05-20 16:47:10:634</time></pt><pt><x>371</x><y>362</y><time>14-05-20 16:47:10:978</time></pt><pt><x>374</x><y>374</y><time>14-05-20 16:47:11:306</time></pt><pt><x>376</x><y>385</y><time>14-05-20 16:47:11:827</time></pt><pt><x>379</x><y>397</y><time>14-05-20 16:47:12:274</time></pt><pt><x>380</x><y>406</y><time>14-05-20 16:47:12:666</time></pt><pt><x>382</x><y>416</y><time>14-05-20 16:47:12:978</time></pt><pt><x>385</x><y>424</y><time>14-05-20 16:47:13:370</time></pt><pt><x>390</x><y>433</y><time>14-05-20 16:47:13:746</time></pt><pt><x>397</x><y>439</y><time>14-05-20 16:47:14:147</time></pt><pt><x>403</x><y>444</y><time>14-05-20 16:47:14:594</time></pt><pt><x>413</x><y>445</y><time>14-05-20 16:47:14:962</time></pt><pt><x>425</x><y>436</y><time>14-05-20 16:47:15:770</time></pt><pt><x>428</x><y>426</y><time>14-05-20 16:47:16:170</time></pt><pt><x>432</x><y>418</y><time>14-05-20 16:47:16:506</time></pt><pt><x>432</x><y>406</y><time>14-05-20 16:47:16:818</time></pt><pt><x>432</x><y>395</y><time>14-05-20 16:47:17:130</time></pt><pt><x>430</x><y>385</y><time>14-05-20 16:47:17:474</time></pt><pt><x>425</x><y>375</y><time>14-05-20 16:47:18:122</time></pt><pt><x>420</x><y>364</y><time>14-05-20 16:47:18:562</time></pt><pt><x>417</x><y>355</y><time>14-05-20 16:47:18:907</time></pt><pt><x>413</x><y>341</y><time>14-05-20 16:47:19:274</time></pt><pt><x>412</x><y>332</y><time>14-05-20 16:47:19:650</time></pt><pt><x>409</x><y>324</y><time>14-05-20 16:47:20:210</time></pt><pt><x>407</x><y>318</y><time>14-05-20 16:47:20:594</time></pt><pt><x>406</x><y>317</y><time>14-05-20 16:47:21:162</time></pt><closed_date>14-05-20 16:47:22:162</closed_date></polygon></object></annotation>