<annotation><filename>angle0_77.jpg</filename><folder>users/lab605//shoes_new</folder><source><submittedBy>lab605</submittedBy></source><imagesize><nrows>480</nrows><ncols>640</ncols></imagesize><object><name>right_shoe</name><deleted>0</deleted><verified>0</verified><occluded>no</occluded><attributes></attributes><parts><hasparts></hasparts><ispartof></ispartof></parts><date>14-05-20 17:12:17:899</date><id>0</id><polygon><username>samliu</username><pt><x>266</x><y>41</y><time>14-05-20 17:11:46:059</time></pt><pt><x>293</x><y>97</y><time>14-05-20 17:11:46:870</time></pt><pt><x>298</x><y>143</y><time>14-05-20 17:11:47:607</time></pt><pt><x>296</x><y>177</y><time>14-05-20 17:11:48:250</time></pt><pt><x>299</x><y>217</y><time>14-05-20 17:11:49:334</time></pt><pt><x>313</x><y>248</y><time>14-05-20 17:11:50:000</time></pt><pt><x>319</x><y>291</y><time>14-05-20 17:11:51:496</time></pt><pt><x>313</x><y>328</y><time>14-05-20 17:11:52:442</time></pt><pt><x>294</x><y>353</y><time>14-05-20 17:11:53:790</time></pt><pt><x>263</x><y>360</y><time>14-05-20 17:11:54:744</time></pt><pt><x>239</x><y>354</y><time>14-05-20 17:11:55:550</time></pt><pt><x>223</x><y>333</y><time>14-05-20 17:11:56:014</time></pt><pt><x>211</x><y>314</y><time>14-05-20 17:11:56:636</time></pt><pt><x>199</x><y>280</y><time>14-05-20 17:11:57:224</time></pt><pt><x>199</x><y>245</y><time>14-05-20 17:11:58:138</time></pt><pt><x>198</x><y>212</y><time>14-05-20 17:11:58:836</time></pt><pt><x>195</x><y>191</y><time>14-05-20 17:11:59:402</time></pt><pt><x>194</x><y>168</y><time>14-05-20 17:12:00:246</time></pt><pt><x>193</x><y>140</y><time>14-05-20 17:12:01:294</time></pt><pt><x>194</x><y>124</y><time>14-05-20 17:12:01:890</time></pt><pt><x>192</x><y>115</y><time>14-05-20 17:12:02:394</time></pt><pt><x>193</x><y>107</y><time>14-05-20 17:12:02:982</time></pt><pt><x>192</x><y>99</y><time>14-05-20 17:12:03:712</time></pt><closed_date>14-05-20 17:12:04:710</closed_date></polygon></object><object><name>left_shoe</name><deleted>0</deleted><verified>0</verified><occluded>no</occluded><attributes></attributes><parts><hasparts></hasparts><ispartof></ispartof></parts><date>14-05-20 17:16:20:993</date><id>1</id><polygon><username>samliu</username><pt><x>345</x><y>75</y><time>14-05-20 17:12:34:913</time></pt><pt><x>339</x><y>117</y><time>14-05-20 17:12:35:770</time></pt><pt><x>350</x><y>159</y><time>14-05-20 17:12:37:685</time></pt><pt><x>355</x><y>197</y><time>14-05-20 17:12:39:299</time></pt><pt><x>357</x><y>227</y><time>14-05-20 17:12:40:741</time></pt><pt><x>353</x><y>270</y><time>14-05-20 17:12:42:160</time></pt><pt><x>372</x><y>325</y><time>14-05-20 17:12:43:779</time></pt><pt><x>406</x><y>352</y><time>14-05-20 17:12:44:841</time></pt><pt><x>450</x><y>347</y><time>14-05-20 17:12:45:639</time></pt><pt><x>464</x><y>318</y><time>14-05-20 17:12:46:445</time></pt><pt><x>475</x><y>288</y><time>14-05-20 17:12:47:475</time></pt><pt><x>476</x><y>257</y><time>14-05-20 17:12:48:321</time></pt><pt><x>471</x><y>219</y><time>14-05-20 17:12:49:321</time></pt><pt><x>457</x><y>189</y><time>14-05-20 17:12:50:817</time></pt><pt><x>454</x><y>176</y><time>14-05-20 17:12:52:095</time></pt><pt><x>447</x><y>148</y><time>14-05-20 17:12:52:724</time></pt><pt><x>445</x><y>131</y><time>14-05-20 17:12:53:157</time></pt><pt><x>443</x><y>109</y><time>14-05-20 17:12:53:715</time></pt><pt><x>439</x><y>90</y><time>14-05-20 17:12:54:343</time></pt><pt><x>431</x><y>80</y><time>14-05-20 17:12:54:879</time></pt><pt><x>431</x><y>75</y><time>14-05-20 17:12:55:413</time></pt><closed_date>14-05-20 17:12:56:731</closed_date></polygon></object></annotation>