<annotation><filename>angle0_73.jpg</filename><folder>users/lab605//shoes_new</folder><source><submittedBy>lab605</submittedBy></source><imagesize><nrows>480</nrows><ncols>640</ncols></imagesize><object><name>right_shoe</name><deleted>0</deleted><verified>0</verified><occluded>no</occluded><attributes></attributes><parts><hasparts></hasparts><ispartof></ispartof></parts><date>14-05-20 17:05:36:915</date><id>0</id><polygon><username>samliu</username><pt><x>293</x><y>27</y><time>14-05-20 17:05:20:166</time></pt><pt><x>291</x><y>60</y><time>14-05-20 17:05:20:970</time></pt><pt><x>292</x><y>97</y><time>14-05-20 17:05:21:838</time></pt><pt><x>295</x><y>127</y><time>14-05-20 17:05:22:442</time></pt><pt><x>281</x><y>155</y><time>14-05-20 17:05:23:242</time></pt><pt><x>272</x><y>168</y><time>14-05-20 17:05:23:900</time></pt><pt><x>246</x><y>174</y><time>14-05-20 17:05:24:622</time></pt><pt><x>227</x><y>155</y><time>14-05-20 17:05:25:374</time></pt><pt><x>218</x><y>122</y><time>14-05-20 17:05:26:350</time></pt><pt><x>220</x><y>82</y><time>14-05-20 17:05:26:994</time></pt><pt><x>228</x><y>54</y><time>14-05-20 17:05:27:576</time></pt><pt><x>231</x><y>26</y><time>14-05-20 17:05:28:156</time></pt><closed_date>14-05-20 17:05:29:102</closed_date></polygon></object><object><name>left_shoe</name><deleted>0</deleted><verified>0</verified><occluded>no</occluded><attributes></attributes><parts><hasparts></hasparts><ispartof></ispartof></parts><date>14-05-20 17:06:02:687</date><id>1</id><polygon><username>samliu</username><pt><x>327</x><y>23</y><time>14-05-20 17:05:38:402</time></pt><pt><x>332</x><y>58</y><time>14-05-20 17:05:39:345</time></pt><pt><x>336</x><y>96</y><time>14-05-20 17:05:40:206</time></pt><pt><x>335</x><y>120</y><time>14-05-20 17:05:41:129</time></pt><pt><x>340</x><y>146</y><time>14-05-20 17:05:42:113</time></pt><pt><x>358</x><y>165</y><time>14-05-20 17:05:43:113</time></pt><pt><x>378</x><y>173</y><time>14-05-20 17:05:44:539</time></pt><pt><x>391</x><y>165</y><time>14-05-20 17:05:45:207</time></pt><pt><x>399</x><y>156</y><time>14-05-20 17:05:45:836</time></pt><pt><x>404</x><y>142</y><time>14-05-20 17:05:46:485</time></pt><pt><x>409</x><y>123</y><time>14-05-20 17:05:47:625</time></pt><pt><x>407</x><y>103</y><time>14-05-20 17:05:48:091</time></pt><pt><x>408</x><y>89</y><time>14-05-20 17:05:48:750</time></pt><pt><x>405</x><y>71</y><time>14-05-20 17:05:49:231</time></pt><pt><x>395</x><y>24</y><time>14-05-20 17:05:50:145</time></pt><closed_date>14-05-20 17:05:51:013</closed_date></polygon></object></annotation>