<annotation><filename>angle0_64.jpg</filename><folder>users/lab605//shoes_new</folder><source><submittedBy>lab605</submittedBy></source><imagesize><nrows>480</nrows><ncols>640</ncols></imagesize><object><name>right_shoe</name><deleted>0</deleted><verified>0</verified><occluded>no</occluded><attributes></attributes><parts><hasparts></hasparts><ispartof></ispartof></parts><date>14-05-20 16:49:03:781</date><id>0</id><polygon><username>samliu</username><pt><x>277</x><y>0</y><time>14-05-20 16:47:58:208</time></pt><pt><x>291</x><y>64</y><time>14-05-20 16:47:59:617</time></pt><pt><x>293</x><y>112</y><time>14-05-20 16:48:00:741</time></pt><pt><x>284</x><y>132</y><time>14-05-20 16:48:02:183</time></pt><pt><x>278</x><y>186</y><time>14-05-20 16:48:03:641</time></pt><pt><x>273</x><y>221</y><time>14-05-20 16:48:04:773</time></pt><pt><x>278</x><y>269</y><time>14-05-20 16:48:05:859</time></pt><pt><x>287</x><y>306</y><time>14-05-20 16:48:07:261</time></pt><pt><x>296</x><y>344</y><time>14-05-20 16:48:08:462</time></pt><pt><x>301</x><y>366</y><time>14-05-20 16:48:09:169</time></pt><pt><x>299</x><y>399</y><time>14-05-20 16:48:10:673</time></pt><pt><x>291</x><y>427</y><time>14-05-20 16:48:11:473</time></pt><pt><x>284</x><y>455</y><time>14-05-20 16:48:12:263</time></pt><pt><x>266</x><y>479</y><time>14-05-20 16:48:13:597</time></pt><pt><x>194</x><y>479</y><time>14-05-20 16:48:22:467</time></pt><pt><x>114</x><y>479</y><time>14-05-20 16:48:26:291</time></pt><pt><x>97</x><y>450</y><time>14-05-20 16:48:27:857</time></pt><pt><x>86</x><y>392</y><time>14-05-20 16:48:28:873</time></pt><pt><x>86</x><y>373</y><time>14-05-20 16:48:29:579</time></pt><pt><x>86</x><y>341</y><time>14-05-20 16:48:30:485</time></pt><pt><x>87</x><y>322</y><time>14-05-20 16:48:31:083</time></pt><pt><x>98</x><y>281</y><time>14-05-20 16:48:32:556</time></pt><pt><x>108</x><y>241</y><time>14-05-20 16:48:33:245</time></pt><pt><x>108</x><y>214</y><time>14-05-20 16:48:34:463</time></pt><pt><x>118</x><y>187</y><time>14-05-20 16:48:40:031</time></pt><pt><x>115</x><y>162</y><time>14-05-20 16:48:41:792</time></pt><pt><x>115</x><y>144</y><time>14-05-20 16:48:42:373</time></pt><pt><x>112</x><y>130</y><time>14-05-20 16:48:42:954</time></pt><pt><x>111</x><y>124</y><time>14-05-20 16:48:43:473</time></pt><pt><x>114</x><y>115</y><time>14-05-20 16:48:43:861</time></pt><pt><x>117</x><y>102</y><time>14-05-20 16:48:44:459</time></pt><pt><x>111</x><y>71</y><time>14-05-20 16:48:45:349</time></pt><pt><x>116</x><y>56</y><time>14-05-20 16:48:46:063</time></pt><pt><x>126</x><y>53</y><time>14-05-20 16:48:46:591</time></pt><pt><x>128</x><y>46</y><time>14-05-20 16:48:47:273</time></pt><pt><x>256</x><y>1</y><time>14-05-20 16:48:52:004</time></pt><closed_date>14-05-20 16:48:53:112</closed_date></polygon></object><object><name>left_shoe</name><deleted>0</deleted><verified>0</verified><occluded>no</occluded><attributes></attributes><parts><hasparts></hasparts><ispartof></ispartof></parts><date>14-05-20 16:51:32:336</date><id>1</id><polygon><username>samliu</username><pt><x>513</x><y>36</y><time>14-05-20 16:49:06:110</time></pt><pt><x>528</x><y>64</y><time>14-05-20 16:49:06:830</time></pt><pt><x>525</x><y>102</y><time>14-05-20 16:49:08:318</time></pt><pt><x>521</x><y>126</y><time>14-05-20 16:49:09:862</time></pt><pt><x>519</x><y>165</y><time>14-05-20 16:49:11:274</time></pt><pt><x>522</x><y>208</y><time>14-05-20 16:49:12:910</time></pt><pt><x>529</x><y>254</y><time>14-05-20 16:49:14:026</time></pt><pt><x>539</x><y>293</y><time>14-05-20 16:49:15:252</time></pt><pt><x>542</x><y>339</y><time>14-05-20 16:49:16:794</time></pt><pt><x>541</x><y>384</y><time>14-05-20 16:49:18:570</time></pt><pt><x>536</x><y>418</y><time>14-05-20 16:49:19:438</time></pt><pt><x>530</x><y>444</y><time>14-05-20 16:49:21:074</time></pt><pt><x>516</x><y>469</y><time>14-05-20 16:49:22:066</time></pt><pt><x>506</x><y>479</y><time>14-05-20 16:49:24:060</time></pt><pt><x>368</x><y>479</y><time>14-05-20 16:49:26:750</time></pt><pt><x>339</x><y>432</y><time>14-05-20 16:49:27:922</time></pt><pt><x>332</x><y>411</y><time>14-05-20 16:49:28:704</time></pt><pt><x>324</x><y>375</y><time>14-05-20 16:49:29:766</time></pt><pt><x>324</x><y>344</y><time>14-05-20 16:49:30:464</time></pt><pt><x>329</x><y>314</y><time>14-05-20 16:49:31:054</time></pt><pt><x>336</x><y>286</y><time>14-05-20 16:49:31:706</time></pt><pt><x>357</x><y>250</y><time>14-05-20 16:49:33:846</time></pt><pt><x>357</x><y>239</y><time>14-05-20 16:49:34:529</time></pt><pt><x>358</x><y>216</y><time>14-05-20 16:49:35:528</time></pt><pt><x>357</x><y>193</y><time>14-05-20 16:49:36:040</time></pt><pt><x>339</x><y>168</y><time>14-05-20 16:49:40:492</time></pt><pt><x>336</x><y>148</y><time>14-05-20 16:49:41:452</time></pt><pt><x>332</x><y>108</y><time>14-05-20 16:49:46:743</time></pt><pt><x>332</x><y>90</y><time>14-05-20 16:49:47:710</time></pt><pt><x>334</x><y>78</y><time>14-05-20 16:49:48:276</time></pt><pt><x>325</x><y>26</y><time>14-05-20 16:51:19:281</time></pt><pt><x>332</x><y>0</y><time>14-05-20 16:51:20:118</time></pt><closed_date>14-05-20 16:51:22:490</closed_date></polygon></object></annotation>