<annotation><filename>angle0_57.jpg</filename><folder>users/lab605//shoes_new</folder><source><submittedBy>lab605</submittedBy></source><imagesize><nrows>480</nrows><ncols>640</ncols></imagesize><object><name>right_shoe</name><deleted>0</deleted><verified>0</verified><occluded>no</occluded><attributes></attributes><parts><hasparts></hasparts><ispartof></ispartof></parts><date>14-05-20 16:29:54:959</date><id>0</id><polygon><username>samliu</username><pt><x>306</x><y>273</y><time>14-05-20 16:28:55:223</time></pt><pt><x>321</x><y>301</y><time>14-05-20 16:28:56:057</time></pt><pt><x>317</x><y>316</y><time>14-05-20 16:28:57:003</time></pt><pt><x>307</x><y>328</y><time>14-05-20 16:28:57:761</time></pt><pt><x>306</x><y>356</y><time>14-05-20 16:28:58:939</time></pt><pt><x>307</x><y>379</y><time>14-05-20 16:28:59:799</time></pt><pt><x>306</x><y>404</y><time>14-05-20 16:29:00:635</time></pt><pt><x>287</x><y>426</y><time>14-05-20 16:29:01:689</time></pt><pt><x>273</x><y>435</y><time>14-05-20 16:29:02:983</time></pt><pt><x>252</x><y>429</y><time>14-05-20 16:29:03:717</time></pt><pt><x>243</x><y>404</y><time>14-05-20 16:29:04:787</time></pt><pt><x>243</x><y>375</y><time>14-05-20 16:29:05:561</time></pt><pt><x>249</x><y>356</y><time>14-05-20 16:29:06:197</time></pt><pt><x>257</x><y>334</y><time>14-05-20 16:29:06:809</time></pt><pt><x>264</x><y>307</y><time>14-05-20 16:29:07:737</time></pt><pt><x>266</x><y>295</y><time>14-05-20 16:29:08:452</time></pt><closed_date>14-05-20 16:29:26:503</closed_date></polygon></object><object><name>left_shoe</name><deleted>0</deleted><verified>0</verified><occluded>no</occluded><attributes></attributes><parts><hasparts></hasparts><ispartof></ispartof></parts><date>14-05-20 16:30:43:105</date><id>1</id><polygon><username>samliu</username><pt><x>346</x><y>260</y><time>14-05-20 16:30:14:027</time></pt><pt><x>339</x><y>277</y><time>14-05-20 16:30:14:645</time></pt><pt><x>330</x><y>292</y><time>14-05-20 16:30:15:870</time></pt><pt><x>336</x><y>312</y><time>14-05-20 16:30:16:535</time></pt><pt><x>345</x><y>320</y><time>14-05-20 16:30:17:209</time></pt><pt><x>351</x><y>331</y><time>14-05-20 16:30:18:177</time></pt><pt><x>352</x><y>345</y><time>14-05-20 16:30:19:377</time></pt><pt><x>353</x><y>356</y><time>14-05-20 16:30:20:531</time></pt><pt><x>360</x><y>378</y><time>14-05-20 16:30:21:693</time></pt><pt><x>367</x><y>394</y><time>14-05-20 16:30:22:709</time></pt><pt><x>374</x><y>403</y><time>14-05-20 16:30:23:553</time></pt><pt><x>386</x><y>417</y><time>14-05-20 16:30:24:437</time></pt><pt><x>404</x><y>413</y><time>14-05-20 16:30:25:529</time></pt><pt><x>411</x><y>407</y><time>14-05-20 16:30:26:706</time></pt><pt><x>412</x><y>390</y><time>14-05-20 16:30:27:953</time></pt><pt><x>413</x><y>370</y><time>14-05-20 16:30:29:627</time></pt><pt><x>407</x><y>345</y><time>14-05-20 16:30:31:075</time></pt><pt><x>393</x><y>308</y><time>14-05-20 16:30:32:237</time></pt><pt><x>396</x><y>291</y><time>14-05-20 16:30:34:144</time></pt><pt><x>387</x><y>278</y><time>14-05-20 16:30:35:284</time></pt><closed_date>14-05-20 16:30:36:282</closed_date></polygon></object></annotation>