<annotation><filename>angle0_37.jpg</filename><folder>users/lab605//shoes_new</folder><source><submittedBy>lab605</submittedBy></source><imagesize><nrows>480</nrows><ncols>640</ncols></imagesize><object><name>right_shoe</name><deleted>0</deleted><verified>0</verified><occluded>no</occluded><attributes></attributes><parts><hasparts></hasparts><ispartof></ispartof></parts><date>14-05-20 16:40:03:553</date><id>0</id><polygon><username>anonymous</username><pt><x>289</x><y>315</y><time>14-05-20 16:39:42:966</time></pt><pt><x>295</x><y>325</y><time>14-05-20 16:39:43:597</time></pt><pt><x>300</x><y>334</y><time>14-05-20 16:39:43:989</time></pt><pt><x>297</x><y>348</y><time>14-05-20 16:39:45:029</time></pt><pt><x>295</x><y>355</y><time>14-05-20 16:39:45:373</time></pt><pt><x>294</x><y>361</y><time>14-05-20 16:39:45:725</time></pt><pt><x>292</x><y>370</y><time>14-05-20 16:39:46:061</time></pt><pt><x>292</x><y>379</y><time>14-05-20 16:39:46:445</time></pt><pt><x>291</x><y>389</y><time>14-05-20 16:39:47:149</time></pt><pt><x>292</x><y>397</y><time>14-05-20 16:39:47:605</time></pt><pt><x>294</x><y>403</y><time>14-05-20 16:39:47:973</time></pt><pt><x>297</x><y>413</y><time>14-05-20 16:39:48:317</time></pt><pt><x>297</x><y>423</y><time>14-05-20 16:39:48:838</time></pt><pt><x>297</x><y>430</y><time>14-05-20 16:39:49:197</time></pt><pt><x>293</x><y>440</y><time>14-05-20 16:39:49:565</time></pt><pt><x>290</x><y>447</y><time>14-05-20 16:39:49:933</time></pt><pt><x>283</x><y>456</y><time>14-05-20 16:39:50:301</time></pt><pt><x>276</x><y>459</y><time>14-05-20 16:39:50:829</time></pt><pt><x>264</x><y>459</y><time>14-05-20 16:39:51:357</time></pt><pt><x>257</x><y>455</y><time>14-05-20 16:39:51:757</time></pt><pt><x>252</x><y>451</y><time>14-05-20 16:39:52:117</time></pt><pt><x>248</x><y>443</y><time>14-05-20 16:39:52:461</time></pt><pt><x>244</x><y>435</y><time>14-05-20 16:39:52:861</time></pt><pt><x>241</x><y>426</y><time>14-05-20 16:39:53:229</time></pt><pt><x>241</x><y>419</y><time>14-05-20 16:39:53:605</time></pt><pt><x>241</x><y>409</y><time>14-05-20 16:39:53:981</time></pt><pt><x>243</x><y>400</y><time>14-05-20 16:39:54:365</time></pt><pt><x>245</x><y>393</y><time>14-05-20 16:39:54:766</time></pt><pt><x>249</x><y>382</y><time>14-05-20 16:39:55:134</time></pt><pt><x>251</x><y>372</y><time>14-05-20 16:39:55:510</time></pt><pt><x>252</x><y>363</y><time>14-05-20 16:39:55:862</time></pt><pt><x>252</x><y>352</y><time>14-05-20 16:39:56:166</time></pt><pt><x>252</x><y>345</y><time>14-05-20 16:39:56:502</time></pt><pt><x>253</x><y>340</y><time>14-05-20 16:39:56:862</time></pt><pt><x>253</x><y>337</y><time>14-05-20 16:39:57:150</time></pt><closed_date>14-05-20 16:39:57:990</closed_date></polygon></object><object><name>left_shoe</name><deleted>0</deleted><verified>0</verified><occluded>no</occluded><attributes></attributes><parts><hasparts></hasparts><ispartof></ispartof></parts><date>14-05-20 16:40:52:809</date><id>1</id><polygon><username>anonymous</username><pt><x>346</x><y>324</y><time>14-05-20 16:40:04:967</time></pt><pt><x>337</x><y>333</y><time>14-05-20 16:40:05:406</time></pt><pt><x>332</x><y>344</y><time>14-05-20 16:40:05:958</time></pt><pt><x>332</x><y>352</y><time>14-05-20 16:40:12:534</time></pt><pt><x>333</x><y>360</y><time>14-05-20 16:40:13:038</time></pt><pt><x>332</x><y>365</y><time>14-05-20 16:40:13:438</time></pt><pt><x>329</x><y>372</y><time>14-05-20 16:40:13:990</time></pt><pt><x>328</x><y>381</y><time>14-05-20 16:40:14:382</time></pt><pt><x>324</x><y>392</y><time>14-05-20 16:40:30:902</time></pt><pt><x>319</x><y>399</y><time>14-05-20 16:40:31:709</time></pt><pt><x>316</x><y>405</y><time>14-05-20 16:40:32:198</time></pt><pt><x>313</x><y>411</y><time>14-05-20 16:40:32:725</time></pt><pt><x>309</x><y>415</y><time>14-05-20 16:40:33:221</time></pt><pt><x>306</x><y>422</y><time>14-05-20 16:40:33:693</time></pt><pt><x>304</x><y>429</y><time>14-05-20 16:40:34:069</time></pt><pt><x>302</x><y>436</y><time>14-05-20 16:40:34:494</time></pt><pt><x>304</x><y>444</y><time>14-05-20 16:40:34:917</time></pt><pt><x>304</x><y>453</y><time>14-05-20 16:40:36:006</time></pt><pt><x>307</x><y>458</y><time>14-05-20 16:40:36:477</time></pt><pt><x>313</x><y>462</y><time>14-05-20 16:40:37:045</time></pt><pt><x>318</x><y>465</y><time>14-05-20 16:40:37:525</time></pt><pt><x>325</x><y>464</y><time>14-05-20 16:40:38:110</time></pt><pt><x>332</x><y>463</y><time>14-05-20 16:40:38:574</time></pt><pt><x>338</x><y>458</y><time>14-05-20 16:40:39:189</time></pt><pt><x>349</x><y>453</y><time>14-05-20 16:40:39:574</time></pt><pt><x>352</x><y>444</y><time>14-05-20 16:40:40:061</time></pt><pt><x>356</x><y>436</y><time>14-05-20 16:40:40:469</time></pt><pt><x>360</x><y>430</y><time>14-05-20 16:40:40:861</time></pt><pt><x>362</x><y>423</y><time>14-05-20 16:40:41:238</time></pt><pt><x>365</x><y>415</y><time>14-05-20 16:40:41:613</time></pt><pt><x>367</x><y>404</y><time>14-05-20 16:40:42:013</time></pt><pt><x>368</x><y>395</y><time>14-05-20 16:40:42:445</time></pt><pt><x>365</x><y>384</y><time>14-05-20 16:40:43:229</time></pt><pt><x>370</x><y>376</y><time>14-05-20 16:40:44:134</time></pt><pt><x>375</x><y>366</y><time>14-05-20 16:40:44:510</time></pt><pt><x>378</x><y>361</y><time>14-05-20 16:40:44:885</time></pt><pt><x>378</x><y>356</y><time>14-05-20 16:40:45:269</time></pt><pt><x>378</x><y>352</y><time>14-05-20 16:40:45:677</time></pt><closed_date>14-05-20 16:40:46:477</closed_date></polygon></object></annotation>