<annotation><filename>angle0_7.jpg</filename><folder>users/lab605//shoes_new</folder><source><submittedBy>lab605</submittedBy></source><imagesize><nrows>480</nrows><ncols>640</ncols></imagesize><object><name>right_shoe</name><deleted>0</deleted><verified>0</verified><occluded>no</occluded><attributes></attributes><parts><hasparts></hasparts><ispartof></ispartof></parts><date>14-05-20 16:32:50:731</date><id>0</id><polygon><username>lab605</username><pt><x>191</x><y>101</y><time>14-05-20 16:31:48:134</time></pt><pt><x>191</x><y>115</y><time>14-05-20 16:31:49:536</time></pt><pt><x>189</x><y>128</y><time>14-05-20 16:31:50:757</time></pt><pt><x>192</x><y>140</y><time>14-05-20 16:31:51:570</time></pt><pt><x>191</x><y>151</y><time>14-05-20 16:31:52:275</time></pt><pt><x>187</x><y>169</y><time>14-05-20 16:31:53:927</time></pt><pt><x>186</x><y>179</y><time>14-05-20 16:31:54:570</time></pt><pt><x>183</x><y>187</y><time>14-05-20 16:31:55:185</time></pt><pt><x>180</x><y>196</y><time>14-05-20 16:31:57:061</time></pt><pt><x>175</x><y>208</y><time>14-05-20 16:31:58:363</time></pt><pt><x>173</x><y>217</y><time>14-05-20 16:31:59:187</time></pt><pt><x>170</x><y>227</y><time>14-05-20 16:31:59:737</time></pt><pt><x>167</x><y>234</y><time>14-05-20 16:32:00:318</time></pt><pt><x>166</x><y>243</y><time>14-05-20 16:32:01:077</time></pt><pt><x>166</x><y>253</y><time>14-05-20 16:32:01:860</time></pt><pt><x>165</x><y>269</y><time>14-05-20 16:32:03:003</time></pt><pt><x>163</x><y>282</y><time>14-05-20 16:32:04:714</time></pt><pt><x>165</x><y>295</y><time>14-05-20 16:32:05:660</time></pt><pt><x>166</x><y>305</y><time>14-05-20 16:32:06:480</time></pt><pt><x>166</x><y>314</y><time>14-05-20 16:32:08:036</time></pt><pt><x>170</x><y>324</y><time>14-05-20 16:32:08:905</time></pt><pt><x>173</x><y>335</y><time>14-05-20 16:32:10:035</time></pt><pt><x>175</x><y>344</y><time>14-05-20 16:32:10:695</time></pt><pt><x>182</x><y>354</y><time>14-05-20 16:32:11:302</time></pt><pt><x>190</x><y>365</y><time>14-05-20 16:32:11:954</time></pt><pt><x>196</x><y>368</y><time>14-05-20 16:32:12:494</time></pt><pt><x>204</x><y>373</y><time>14-05-20 16:32:13:238</time></pt><pt><x>214</x><y>375</y><time>14-05-20 16:32:13:757</time></pt><pt><x>225</x><y>377</y><time>14-05-20 16:32:14:281</time></pt><pt><x>233</x><y>376</y><time>14-05-20 16:32:14:845</time></pt><pt><x>242</x><y>373</y><time>14-05-20 16:32:15:569</time></pt><pt><x>251</x><y>367</y><time>14-05-20 16:32:16:132</time></pt><pt><x>265</x><y>359</y><time>14-05-20 16:32:17:271</time></pt><pt><x>272</x><y>350</y><time>14-05-20 16:32:17:903</time></pt><pt><x>278</x><y>337</y><time>14-05-20 16:32:18:981</time></pt><pt><x>282</x><y>329</y><time>14-05-20 16:32:19:553</time></pt><pt><x>289</x><y>313</y><time>14-05-20 16:32:20:341</time></pt><pt><x>293</x><y>297</y><time>14-05-20 16:32:20:965</time></pt><pt><x>294</x><y>280</y><time>14-05-20 16:32:21:857</time></pt><pt><x>296</x><y>263</y><time>14-05-20 16:32:22:989</time></pt><pt><x>296</x><y>250</y><time>14-05-20 16:32:23:820</time></pt><pt><x>293</x><y>235</y><time>14-05-20 16:32:24:666</time></pt><pt><x>293</x><y>229</y><time>14-05-20 16:32:25:257</time></pt><pt><x>293</x><y>219</y><time>14-05-20 16:32:25:874</time></pt><pt><x>296</x><y>209</y><time>14-05-20 16:32:27:884</time></pt><pt><x>297</x><y>198</y><time>14-05-20 16:32:31:070</time></pt><pt><x>300</x><y>187</y><time>14-05-20 16:32:32:096</time></pt><pt><x>303</x><y>171</y><time>14-05-20 16:32:33:597</time></pt><pt><x>305</x><y>158</y><time>14-05-20 16:32:34:243</time></pt><pt><x>309</x><y>141</y><time>14-05-20 16:32:36:289</time></pt><pt><x>312</x><y>128</y><time>14-05-20 16:32:37:015</time></pt><pt><x>309</x><y>119</y><time>14-05-20 16:32:37:503</time></pt><pt><x>306</x><y>111</y><time>14-05-20 16:32:38:187</time></pt><pt><x>301</x><y>94</y><time>14-05-20 16:32:39:842</time></pt><pt><x>299</x><y>88</y><time>14-05-20 16:32:40:354</time></pt><pt><x>295</x><y>78</y><time>14-05-20 16:32:40:855</time></pt><pt><x>292</x><y>72</y><time>14-05-20 16:32:41:371</time></pt><pt><x>288</x><y>64</y><time>14-05-20 16:32:41:899</time></pt><pt><x>284</x><y>60</y><time>14-05-20 16:32:42:702</time></pt><closed_date>14-05-20 16:32:44:277</closed_date></polygon></object><object><name>left_shoe</name><deleted>0</deleted><verified>0</verified><occluded>no</occluded><attributes></attributes><parts><hasparts></hasparts><ispartof></ispartof></parts><date>14-05-20 16:33:45:307</date><id>1</id><polygon><username>lab605</username><pt><x>331</x><y>72</y><time>14-05-20 16:32:53:455</time></pt><pt><x>326</x><y>84</y><time>14-05-20 16:32:54:168</time></pt><pt><x>323</x><y>95</y><time>14-05-20 16:32:54:722</time></pt><pt><x>321</x><y>105</y><time>14-05-20 16:32:55:349</time></pt><pt><x>320</x><y>117</y><time>14-05-20 16:32:55:850</time></pt><pt><x>321</x><y>133</y><time>14-05-20 16:32:56:690</time></pt><pt><x>321</x><y>144</y><time>14-05-20 16:32:57:813</time></pt><pt><x>322</x><y>158</y><time>14-05-20 16:32:58:781</time></pt><pt><x>322</x><y>171</y><time>14-05-20 16:32:59:613</time></pt><pt><x>322</x><y>180</y><time>14-05-20 16:33:00:579</time></pt><pt><x>322</x><y>192</y><time>14-05-20 16:33:01:175</time></pt><pt><x>323</x><y>205</y><time>14-05-20 16:33:01:706</time></pt><pt><x>322</x><y>217</y><time>14-05-20 16:33:02:224</time></pt><pt><x>322</x><y>230</y><time>14-05-20 16:33:02:724</time></pt><pt><x>321</x><y>243</y><time>14-05-20 16:33:03:462</time></pt><pt><x>318</x><y>256</y><time>14-05-20 16:33:04:087</time></pt><pt><x>315</x><y>268</y><time>14-05-20 16:33:04:668</time></pt><pt><x>315</x><y>288</y><time>14-05-20 16:33:05:355</time></pt><pt><x>318</x><y>315</y><time>14-05-20 16:33:07:043</time></pt><pt><x>318</x><y>326</y><time>14-05-20 16:33:07:670</time></pt><pt><x>323</x><y>340</y><time>14-05-20 16:33:08:283</time></pt><pt><x>330</x><y>353</y><time>14-05-20 16:33:08:945</time></pt><pt><x>339</x><y>363</y><time>14-05-20 16:33:09:626</time></pt><pt><x>347</x><y>366</y><time>14-05-20 16:33:10:131</time></pt><pt><x>357</x><y>373</y><time>14-05-20 16:33:11:172</time></pt><pt><x>367</x><y>376</y><time>14-05-20 16:33:11:744</time></pt><pt><x>383</x><y>376</y><time>14-05-20 16:33:12:400</time></pt><pt><x>398</x><y>374</y><time>14-05-20 16:33:12:982</time></pt><pt><x>405</x><y>371</y><time>14-05-20 16:33:13:550</time></pt><pt><x>417</x><y>363</y><time>14-05-20 16:33:14:471</time></pt><pt><x>425</x><y>353</y><time>14-05-20 16:33:15:124</time></pt><pt><x>434</x><y>339</y><time>14-05-20 16:33:16:558</time></pt><pt><x>438</x><y>330</y><time>14-05-20 16:33:17:220</time></pt><pt><x>441</x><y>309</y><time>14-05-20 16:33:18:172</time></pt><pt><x>445</x><y>294</y><time>14-05-20 16:33:19:263</time></pt><pt><x>447</x><y>282</y><time>14-05-20 16:33:20:071</time></pt><pt><x>448</x><y>266</y><time>14-05-20 16:33:20:965</time></pt><pt><x>448</x><y>246</y><time>14-05-20 16:33:22:164</time></pt><pt><x>448</x><y>239</y><time>14-05-20 16:33:22:773</time></pt><pt><x>443</x><y>229</y><time>14-05-20 16:33:23:462</time></pt><pt><x>440</x><y>217</y><time>14-05-20 16:33:24:386</time></pt><pt><x>436</x><y>204</y><time>14-05-20 16:33:25:334</time></pt><pt><x>432</x><y>187</y><time>14-05-20 16:33:26:992</time></pt><pt><x>430</x><y>179</y><time>14-05-20 16:33:27:665</time></pt><pt><x>428</x><y>167</y><time>14-05-20 16:33:28:223</time></pt><pt><x>427</x><y>158</y><time>14-05-20 16:33:28:798</time></pt><pt><x>427</x><y>145</y><time>14-05-20 16:33:31:027</time></pt><pt><x>427</x><y>136</y><time>14-05-20 16:33:34:575</time></pt><pt><x>427</x><y>127</y><time>14-05-20 16:33:35:581</time></pt><pt><x>427</x><y>120</y><time>14-05-20 16:33:36:085</time></pt><pt><x>426</x><y>109</y><time>14-05-20 16:33:36:608</time></pt><pt><x>425</x><y>100</y><time>14-05-20 16:33:37:291</time></pt><closed_date>14-05-20 16:33:39:024</closed_date></polygon></object></annotation>