<annotation><filename>angle0_99.jpg</filename><folder>users/lab605//shoes_new</folder><source><submittedBy>lab605</submittedBy></source><imagesize><nrows>480</nrows><ncols>640</ncols></imagesize><object><name>right_shoe</name><deleted>0</deleted><verified>0</verified><occluded>no</occluded><attributes></attributes><parts><hasparts></hasparts><ispartof></ispartof></parts><date>14-05-20 17:05:20:735</date><id>0</id><polygon><username>lab605</username><pt><x>124</x><y>263</y><time>14-05-20 17:04:16:977</time></pt><pt><x>121</x><y>285</y><time>14-05-20 17:04:17:715</time></pt><pt><x>123</x><y>304</y><time>14-05-20 17:04:19:018</time></pt><pt><x>120</x><y>318</y><time>14-05-20 17:04:19:697</time></pt><pt><x>118</x><y>337</y><time>14-05-20 17:04:20:838</time></pt><pt><x>117</x><y>353</y><time>14-05-20 17:04:30:927</time></pt><pt><x>116</x><y>370</y><time>14-05-20 17:04:31:933</time></pt><pt><x>115</x><y>383</y><time>14-05-20 17:04:32:855</time></pt><pt><x>112</x><y>394</y><time>14-05-20 17:04:34:128</time></pt><pt><x>113</x><y>406</y><time>14-05-20 17:04:35:085</time></pt><pt><x>114</x><y>421</y><time>14-05-20 17:04:35:902</time></pt><pt><x>115</x><y>436</y><time>14-05-20 17:04:36:830</time></pt><pt><x>121</x><y>448</y><time>14-05-20 17:04:37:925</time></pt><pt><x>125</x><y>460</y><time>14-05-20 17:04:38:676</time></pt><pt><x>133</x><y>473</y><time>14-05-20 17:04:39:586</time></pt><pt><x>143</x><y>479</y><time>14-05-20 17:04:40:372</time></pt><pt><x>149</x><y>479</y><time>14-05-20 17:04:42:897</time></pt><pt><x>160</x><y>478</y><time>14-05-20 17:04:43:611</time></pt><pt><x>170</x><y>478</y><time>14-05-20 17:04:44:472</time></pt><pt><x>179</x><y>478</y><time>14-05-20 17:04:45:056</time></pt><pt><x>186</x><y>478</y><time>14-05-20 17:04:46:254</time></pt><pt><x>190</x><y>477</y><time>14-05-20 17:04:46:983</time></pt><pt><x>196</x><y>474</y><time>14-05-20 17:04:47:986</time></pt><pt><x>204</x><y>463</y><time>14-05-20 17:04:48:802</time></pt><pt><x>208</x><y>446</y><time>14-05-20 17:04:50:489</time></pt><pt><x>215</x><y>427</y><time>14-05-20 17:04:51:731</time></pt><pt><x>216</x><y>410</y><time>14-05-20 17:04:52:525</time></pt><pt><x>216</x><y>398</y><time>14-05-20 17:04:53:113</time></pt><pt><x>213</x><y>383</y><time>14-05-20 17:04:54:229</time></pt><pt><x>210</x><y>371</y><time>14-05-20 17:04:55:100</time></pt><pt><x>206</x><y>363</y><time>14-05-20 17:04:55:782</time></pt><pt><x>204</x><y>353</y><time>14-05-20 17:04:56:562</time></pt><pt><x>202</x><y>340</y><time>14-05-20 17:04:58:278</time></pt><pt><x>205</x><y>326</y><time>14-05-20 17:04:59:837</time></pt><pt><x>205</x><y>314</y><time>14-05-20 17:05:00:827</time></pt><pt><x>207</x><y>299</y><time>14-05-20 17:05:02:490</time></pt><pt><x>207</x><y>288</y><time>14-05-20 17:05:03:521</time></pt><pt><x>208</x><y>276</y><time>14-05-20 17:05:08:292</time></pt><pt><x>210</x><y>266</y><time>14-05-20 17:05:09:354</time></pt><pt><x>208</x><y>255</y><time>14-05-20 17:05:10:507</time></pt><pt><x>204</x><y>246</y><time>14-05-20 17:05:11:563</time></pt><pt><x>199</x><y>240</y><time>14-05-20 17:05:12:521</time></pt><pt><x>193</x><y>238</y><time>14-05-20 17:05:13:527</time></pt><closed_date>14-05-20 17:05:14:778</closed_date></polygon></object><object><name>left_shoe</name><deleted>0</deleted><verified>0</verified><occluded>no</occluded><attributes></attributes><parts><hasparts></hasparts><ispartof></ispartof></parts><date>14-05-20 17:06:29:564</date><id>1</id><polygon><username>lab605</username><pt><x>432</x><y>243</y><time>14-05-20 17:05:23:641</time></pt><pt><x>422</x><y>250</y><time>14-05-20 17:05:24:947</time></pt><pt><x>418</x><y>256</y><time>14-05-20 17:05:25:732</time></pt><pt><x>415</x><y>263</y><time>14-05-20 17:05:26:515</time></pt><pt><x>409</x><y>273</y><time>14-05-20 17:05:27:981</time></pt><pt><x>410</x><y>284</y><time>14-05-20 17:05:28:731</time></pt><pt><x>412</x><y>300</y><time>14-05-20 17:05:29:801</time></pt><pt><x>415</x><y>312</y><time>14-05-20 17:05:30:645</time></pt><pt><x>417</x><y>322</y><time>14-05-20 17:05:32:253</time></pt><pt><x>417</x><y>333</y><time>14-05-20 17:05:33:141</time></pt><pt><x>415</x><y>342</y><time>14-05-20 17:05:34:016</time></pt><pt><x>412</x><y>354</y><time>14-05-20 17:05:35:466</time></pt><pt><x>406</x><y>366</y><time>14-05-20 17:05:38:460</time></pt><pt><x>402</x><y>377</y><time>14-05-20 17:05:39:296</time></pt><pt><x>396</x><y>387</y><time>14-05-20 17:05:40:365</time></pt><pt><x>392</x><y>400</y><time>14-05-20 17:05:41:402</time></pt><pt><x>389</x><y>416</y><time>14-05-20 17:05:42:949</time></pt><pt><x>389</x><y>425</y><time>14-05-20 17:05:43:821</time></pt><pt><x>391</x><y>438</y><time>14-05-20 17:05:45:171</time></pt><pt><x>394</x><y>449</y><time>14-05-20 17:05:46:268</time></pt><pt><x>399</x><y>460</y><time>14-05-20 17:05:47:020</time></pt><pt><x>402</x><y>466</y><time>14-05-20 17:05:47:847</time></pt><pt><x>406</x><y>474</y><time>14-05-20 17:05:49:507</time></pt><pt><x>411</x><y>479</y><time>14-05-20 17:05:50:210</time></pt><pt><x>430</x><y>479</y><time>14-05-20 17:05:52:251</time></pt><pt><x>448</x><y>479</y><time>14-05-20 17:05:52:945</time></pt><pt><x>457</x><y>479</y><time>14-05-20 17:05:55:827</time></pt><pt><x>465</x><y>479</y><time>14-05-20 17:05:57:078</time></pt><pt><x>469</x><y>479</y><time>14-05-20 17:05:58:256</time></pt><pt><x>476</x><y>472</y><time>14-05-20 17:05:59:600</time></pt><pt><x>484</x><y>460</y><time>14-05-20 17:06:00:712</time></pt><pt><x>490</x><y>447</y><time>14-05-20 17:06:02:154</time></pt><pt><x>493</x><y>436</y><time>14-05-20 17:06:08:825</time></pt><pt><x>496</x><y>425</y><time>14-05-20 17:06:09:529</time></pt><pt><x>499</x><y>412</y><time>14-05-20 17:06:10:227</time></pt><pt><x>499</x><y>399</y><time>14-05-20 17:06:11:069</time></pt><pt><x>497</x><y>377</y><time>14-05-20 17:06:12:937</time></pt><pt><x>496</x><y>366</y><time>14-05-20 17:06:14:063</time></pt><pt><x>496</x><y>352</y><time>14-05-20 17:06:15:533</time></pt><pt><x>491</x><y>339</y><time>14-05-20 17:06:16:448</time></pt><pt><x>493</x><y>326</y><time>14-05-20 17:06:18:129</time></pt><pt><x>494</x><y>312</y><time>14-05-20 17:06:18:821</time></pt><pt><x>496</x><y>301</y><time>14-05-20 17:06:19:544</time></pt><pt><x>499</x><y>290</y><time>14-05-20 17:06:21:159</time></pt><pt><x>493</x><y>280</y><time>14-05-20 17:06:21:938</time></pt><closed_date>14-05-20 17:06:23:681</closed_date></polygon></object></annotation>