<annotation><filename>angle0_6.jpg</filename><folder>users/lab605//shoes_new</folder><source><submittedBy>lab605</submittedBy></source><imagesize><nrows>480</nrows><ncols>640</ncols></imagesize><object><name>right_shoe</name><deleted>0</deleted><verified>0</verified><occluded>no</occluded><attributes></attributes><parts><hasparts></hasparts><ispartof></ispartof></parts><date>14-05-20 16:30:34:351</date><id>0</id><polygon><username>lab605</username><pt><x>186</x><y>73</y><time>14-05-20 16:29:20:627</time></pt><pt><x>181</x><y>90</y><time>14-05-20 16:29:21:405</time></pt><pt><x>179</x><y>106</y><time>14-05-20 16:29:22:006</time></pt><pt><x>176</x><y>116</y><time>14-05-20 16:29:23:312</time></pt><pt><x>176</x><y>126</y><time>14-05-20 16:29:24:364</time></pt><pt><x>176</x><y>143</y><time>14-05-20 16:29:25:498</time></pt><pt><x>177</x><y>158</y><time>14-05-20 16:29:26:377</time></pt><pt><x>176</x><y>175</y><time>14-05-20 16:29:27:459</time></pt><pt><x>176</x><y>187</y><time>14-05-20 16:29:28:112</time></pt><pt><x>173</x><y>207</y><time>14-05-20 16:29:29:944</time></pt><pt><x>172</x><y>227</y><time>14-05-20 16:29:30:798</time></pt><pt><x>170</x><y>247</y><time>14-05-20 16:29:31:758</time></pt><pt><x>170</x><y>260</y><time>14-05-20 16:29:32:807</time></pt><pt><x>166</x><y>276</y><time>14-05-20 16:29:33:582</time></pt><pt><x>164</x><y>299</y><time>14-05-20 16:29:35:309</time></pt><pt><x>164</x><y>322</y><time>14-05-20 16:29:36:819</time></pt><pt><x>166</x><y>340</y><time>14-05-20 16:29:37:726</time></pt><pt><x>171</x><y>351</y><time>14-05-20 16:29:38:529</time></pt><pt><x>179</x><y>364</y><time>14-05-20 16:29:39:438</time></pt><pt><x>190</x><y>382</y><time>14-05-20 16:29:41:247</time></pt><pt><x>198</x><y>395</y><time>14-05-20 16:29:42:123</time></pt><pt><x>212</x><y>405</y><time>14-05-20 16:29:42:973</time></pt><pt><x>219</x><y>411</y><time>14-05-20 16:29:43:767</time></pt><pt><x>234</x><y>419</y><time>14-05-20 16:29:44:688</time></pt><pt><x>256</x><y>418</y><time>14-05-20 16:29:58:831</time></pt><pt><x>270</x><y>415</y><time>14-05-20 16:29:59:647</time></pt><pt><x>282</x><y>409</y><time>14-05-20 16:30:00:310</time></pt><pt><x>293</x><y>398</y><time>14-05-20 16:30:01:043</time></pt><pt><x>297</x><y>384</y><time>14-05-20 16:30:01:621</time></pt><pt><x>306</x><y>373</y><time>14-05-20 16:30:03:449</time></pt><pt><x>311</x><y>361</y><time>14-05-20 16:30:04:125</time></pt><pt><x>317</x><y>343</y><time>14-05-20 16:30:04:829</time></pt><pt><x>319</x><y>324</y><time>14-05-20 16:30:05:949</time></pt><pt><x>320</x><y>310</y><time>14-05-20 16:30:06:951</time></pt><pt><x>322</x><y>297</y><time>14-05-20 16:30:08:183</time></pt><pt><x>321</x><y>281</y><time>14-05-20 16:30:08:807</time></pt><pt><x>318</x><y>267</y><time>14-05-20 16:30:09:415</time></pt><pt><x>315</x><y>253</y><time>14-05-20 16:30:10:093</time></pt><pt><x>312</x><y>246</y><time>14-05-20 16:30:10:663</time></pt><pt><x>309</x><y>234</y><time>14-05-20 16:30:11:509</time></pt><pt><x>309</x><y>219</y><time>14-05-20 16:30:12:143</time></pt><pt><x>306</x><y>201</y><time>14-05-20 16:30:12:985</time></pt><pt><x>306</x><y>192</y><time>14-05-20 16:30:13:438</time></pt><pt><x>305</x><y>184</y><time>14-05-20 16:30:13:853</time></pt><pt><x>305</x><y>172</y><time>14-05-20 16:30:14:330</time></pt><pt><x>305</x><y>144</y><time>14-05-20 16:30:16:493</time></pt><pt><x>308</x><y>133</y><time>14-05-20 16:30:17:263</time></pt><pt><x>308</x><y>120</y><time>14-05-20 16:30:17:885</time></pt><pt><x>308</x><y>105</y><time>14-05-20 16:30:18:447</time></pt><pt><x>308</x><y>92</y><time>14-05-20 16:30:19:075</time></pt><pt><x>306</x><y>82</y><time>14-05-20 16:30:19:993</time></pt><pt><x>300</x><y>65</y><time>14-05-20 16:30:20:521</time></pt><pt><x>295</x><y>53</y><time>14-05-20 16:30:21:211</time></pt><pt><x>288</x><y>46</y><time>14-05-20 16:30:21:769</time></pt><pt><x>280</x><y>35</y><time>14-05-20 16:30:22:630</time></pt><pt><x>272</x><y>24</y><time>14-05-20 16:30:23:380</time></pt><pt><x>266</x><y>17</y><time>14-05-20 16:30:24:124</time></pt><pt><x>267</x><y>17</y><time>14-05-20 16:30:26:614</time></pt><closed_date>14-05-20 16:30:27:642</closed_date></polygon></object><object><name>left_shoe</name><deleted>0</deleted><verified>0</verified><occluded>no</occluded><attributes></attributes><parts><hasparts></hasparts><ispartof></ispartof></parts><date>14-05-20 16:31:40:149</date><id>1</id><polygon><username>lab605</username><pt><x>415</x><y>6</y><time>14-05-20 16:30:39:992</time></pt><pt><x>402</x><y>19</y><time>14-05-20 16:30:40:822</time></pt><pt><x>389</x><y>32</y><time>14-05-20 16:30:42:573</time></pt><pt><x>378</x><y>43</y><time>14-05-20 16:30:43:346</time></pt><pt><x>369</x><y>55</y><time>14-05-20 16:30:44:243</time></pt><pt><x>364</x><y>65</y><time>14-05-20 16:30:44:875</time></pt><pt><x>360</x><y>75</y><time>14-05-20 16:30:45:455</time></pt><pt><x>356</x><y>95</y><time>14-05-20 16:30:47:240</time></pt><pt><x>360</x><y>111</y><time>14-05-20 16:30:48:202</time></pt><pt><x>360</x><y>122</y><time>14-05-20 16:30:49:504</time></pt><pt><x>360</x><y>134</y><time>14-05-20 16:30:50:412</time></pt><pt><x>365</x><y>146</y><time>14-05-20 16:30:50:892</time></pt><pt><x>368</x><y>158</y><time>14-05-20 16:30:51:656</time></pt><pt><x>370</x><y>175</y><time>14-05-20 16:30:52:563</time></pt><pt><x>370</x><y>194</y><time>14-05-20 16:30:53:579</time></pt><pt><x>371</x><y>208</y><time>14-05-20 16:30:54:548</time></pt><pt><x>367</x><y>224</y><time>14-05-20 16:30:55:424</time></pt><pt><x>361</x><y>238</y><time>14-05-20 16:30:56:405</time></pt><pt><x>357</x><y>249</y><time>14-05-20 16:30:57:188</time></pt><pt><x>353</x><y>262</y><time>14-05-20 16:30:57:750</time></pt><pt><x>351</x><y>279</y><time>14-05-20 16:30:58:406</time></pt><pt><x>347</x><y>295</y><time>14-05-20 16:30:59:133</time></pt><pt><x>349</x><y>310</y><time>14-05-20 16:31:00:644</time></pt><pt><x>350</x><y>326</y><time>14-05-20 16:31:01:776</time></pt><pt><x>352</x><y>340</y><time>14-05-20 16:31:02:517</time></pt><pt><x>356</x><y>355</y><time>14-05-20 16:31:03:345</time></pt><pt><x>360</x><y>365</y><time>14-05-20 16:31:04:063</time></pt><pt><x>370</x><y>377</y><time>14-05-20 16:31:04:764</time></pt><pt><x>376</x><y>389</y><time>14-05-20 16:31:05:712</time></pt><pt><x>384</x><y>398</y><time>14-05-20 16:31:06:391</time></pt><pt><x>396</x><y>406</y><time>14-05-20 16:31:06:916</time></pt><pt><x>407</x><y>409</y><time>14-05-20 16:31:07:492</time></pt><pt><x>425</x><y>411</y><time>14-05-20 16:31:08:060</time></pt><pt><x>443</x><y>411</y><time>14-05-20 16:31:08:633</time></pt><pt><x>458</x><y>406</y><time>14-05-20 16:31:09:294</time></pt><pt><x>465</x><y>394</y><time>14-05-20 16:31:10:219</time></pt><pt><x>480</x><y>379</y><time>14-05-20 16:31:11:342</time></pt><pt><x>487</x><y>365</y><time>14-05-20 16:31:12:127</time></pt><pt><x>498</x><y>348</y><time>14-05-20 16:31:13:525</time></pt><pt><x>503</x><y>334</y><time>14-05-20 16:31:14:473</time></pt><pt><x>506</x><y>319</y><time>14-05-20 16:31:15:118</time></pt><pt><x>508</x><y>305</y><time>14-05-20 16:31:15:775</time></pt><pt><x>508</x><y>285</y><time>14-05-20 16:31:17:622</time></pt><pt><x>507</x><y>270</y><time>14-05-20 16:31:18:865</time></pt><pt><x>503</x><y>257</y><time>14-05-20 16:31:19:716</time></pt><pt><x>503</x><y>240</y><time>14-05-20 16:31:21:012</time></pt><pt><x>499</x><y>224</y><time>14-05-20 16:31:22:014</time></pt><pt><x>497</x><y>211</y><time>14-05-20 16:31:22:754</time></pt><pt><x>495</x><y>192</y><time>14-05-20 16:31:23:368</time></pt><pt><x>495</x><y>179</y><time>14-05-20 16:31:23:914</time></pt><pt><x>493</x><y>162</y><time>14-05-20 16:31:24:483</time></pt><pt><x>496</x><y>151</y><time>14-05-20 16:31:26:642</time></pt><pt><x>496</x><y>140</y><time>14-05-20 16:31:27:157</time></pt><pt><x>498</x><y>127</y><time>14-05-20 16:31:27:651</time></pt><pt><x>499</x><y>115</y><time>14-05-20 16:31:28:335</time></pt><pt><x>495</x><y>100</y><time>14-05-20 16:31:30:123</time></pt><pt><x>493</x><y>91</y><time>14-05-20 16:31:30:699</time></pt><pt><x>490</x><y>79</y><time>14-05-20 16:31:31:235</time></pt><pt><x>487</x><y>76</y><time>14-05-20 16:31:31:831</time></pt><closed_date>14-05-20 16:31:33:196</closed_date></polygon></object></annotation>