<annotation><filename>angle0_96.jpg</filename><folder>users/lab605//shoes_new</folder><source><submittedBy>lab605</submittedBy></source><imagesize><nrows>480</nrows><ncols>640</ncols></imagesize><object><name>right_shoe</name><deleted>0</deleted><verified>0</verified><occluded>no</occluded><attributes></attributes><parts><hasparts></hasparts><ispartof></ispartof></parts><date>14-05-20 17:11:38:133</date><id>0</id><polygon><username>lab605</username><pt><x>175</x><y>57</y><time>14-05-20 17:10:24:142</time></pt><pt><x>175</x><y>78</y><time>14-05-20 17:10:25:816</time></pt><pt><x>175</x><y>90</y><time>14-05-20 17:10:26:454</time></pt><pt><x>170</x><y>101</y><time>14-05-20 17:10:27:164</time></pt><pt><x>162</x><y>118</y><time>14-05-20 17:10:27:789</time></pt><pt><x>157</x><y>130</y><time>14-05-20 17:10:33:951</time></pt><pt><x>149</x><y>145</y><time>14-05-20 17:10:35:418</time></pt><pt><x>144</x><y>162</y><time>14-05-20 17:10:36:614</time></pt><pt><x>137</x><y>180</y><time>14-05-20 17:10:38:005</time></pt><pt><x>131</x><y>195</y><time>14-05-20 17:10:38:882</time></pt><pt><x>125</x><y>210</y><time>14-05-20 17:10:40:977</time></pt><pt><x>120</x><y>225</y><time>14-05-20 17:10:41:777</time></pt><pt><x>116</x><y>240</y><time>14-05-20 17:10:42:535</time></pt><pt><x>115</x><y>254</y><time>14-05-20 17:10:43:400</time></pt><pt><x>112</x><y>271</y><time>14-05-20 17:10:44:057</time></pt><pt><x>113</x><y>287</y><time>14-05-20 17:10:45:659</time></pt><pt><x>110</x><y>301</y><time>14-05-20 17:10:46:643</time></pt><pt><x>113</x><y>311</y><time>14-05-20 17:10:47:523</time></pt><pt><x>113</x><y>327</y><time>14-05-20 17:10:48:899</time></pt><pt><x>115</x><y>340</y><time>14-05-20 17:10:50:441</time></pt><pt><x>118</x><y>354</y><time>14-05-20 17:10:51:391</time></pt><pt><x>121</x><y>366</y><time>14-05-20 17:10:56:442</time></pt><pt><x>123</x><y>377</y><time>14-05-20 17:10:57:191</time></pt><pt><x>124</x><y>385</y><time>14-05-20 17:10:57:948</time></pt><pt><x>128</x><y>394</y><time>14-05-20 17:10:58:715</time></pt><pt><x>136</x><y>411</y><time>14-05-20 17:10:59:733</time></pt><pt><x>144</x><y>420</y><time>14-05-20 17:11:00:815</time></pt><pt><x>152</x><y>428</y><time>14-05-20 17:11:01:714</time></pt><pt><x>164</x><y>432</y><time>14-05-20 17:11:02:395</time></pt><pt><x>177</x><y>437</y><time>14-05-20 17:11:03:513</time></pt><pt><x>192</x><y>439</y><time>14-05-20 17:11:04:102</time></pt><pt><x>208</x><y>439</y><time>14-05-20 17:11:04:743</time></pt><pt><x>226</x><y>431</y><time>14-05-20 17:11:05:858</time></pt><pt><x>238</x><y>421</y><time>14-05-20 17:11:06:808</time></pt><pt><x>251</x><y>407</y><time>14-05-20 17:11:07:543</time></pt><pt><x>263</x><y>386</y><time>14-05-20 17:11:09:327</time></pt><pt><x>273</x><y>365</y><time>14-05-20 17:11:10:779</time></pt><pt><x>278</x><y>345</y><time>14-05-20 17:11:12:285</time></pt><pt><x>282</x><y>334</y><time>14-05-20 17:11:13:029</time></pt><pt><x>283</x><y>299</y><time>14-05-20 17:11:14:123</time></pt><pt><x>283</x><y>280</y><time>14-05-20 17:11:14:767</time></pt><pt><x>278</x><y>264</y><time>14-05-20 17:11:15:639</time></pt><pt><x>290</x><y>202</y><time>14-05-20 17:11:18:082</time></pt><pt><x>293</x><y>187</y><time>14-05-20 17:11:20:054</time></pt><pt><x>300</x><y>153</y><time>14-05-20 17:11:21:405</time></pt><pt><x>307</x><y>129</y><time>14-05-20 17:11:22:204</time></pt><pt><x>310</x><y>107</y><time>14-05-20 17:11:23:600</time></pt><pt><x>322</x><y>83</y><time>14-05-20 17:11:24:895</time></pt><pt><x>322</x><y>61</y><time>14-05-20 17:11:25:897</time></pt><pt><x>318</x><y>44</y><time>14-05-20 17:11:26:704</time></pt><pt><x>312</x><y>31</y><time>14-05-20 17:11:27:375</time></pt><pt><x>305</x><y>21</y><time>14-05-20 17:11:28:289</time></pt><pt><x>293</x><y>23</y><time>14-05-20 17:11:29:792</time></pt><pt><x>288</x><y>24</y><time>14-05-20 17:11:30:672</time></pt><closed_date>14-05-20 17:11:31:539</closed_date></polygon></object><object><name>left_shoe</name><deleted>0</deleted><verified>0</verified><occluded>no</occluded><attributes></attributes><parts><hasparts></hasparts><ispartof></ispartof></parts><date>14-05-20 17:12:57:754</date><id>1</id><polygon><username>lab605</username><pt><x>350</x><y>23</y><time>14-05-20 17:11:41:395</time></pt><pt><x>343</x><y>33</y><time>14-05-20 17:11:42:497</time></pt><pt><x>340</x><y>42</y><time>14-05-20 17:11:43:586</time></pt><pt><x>336</x><y>50</y><time>14-05-20 17:11:44:413</time></pt><pt><x>337</x><y>61</y><time>14-05-20 17:11:45:094</time></pt><pt><x>338</x><y>72</y><time>14-05-20 17:11:45:811</time></pt><pt><x>341</x><y>85</y><time>14-05-20 17:11:46:900</time></pt><pt><x>347</x><y>100</y><time>14-05-20 17:11:47:622</time></pt><pt><x>353</x><y>113</y><time>14-05-20 17:11:48:213</time></pt><pt><x>356</x><y>121</y><time>14-05-20 17:11:49:155</time></pt><pt><x>357</x><y>139</y><time>14-05-20 17:11:49:845</time></pt><pt><x>362</x><y>156</y><time>14-05-20 17:11:50:596</time></pt><pt><x>365</x><y>174</y><time>14-05-20 17:11:51:756</time></pt><pt><x>368</x><y>194</y><time>14-05-20 17:11:53:763</time></pt><pt><x>373</x><y>209</y><time>14-05-20 17:11:54:808</time></pt><pt><x>377</x><y>224</y><time>14-05-20 17:11:56:100</time></pt><pt><x>379</x><y>238</y><time>14-05-20 17:11:56:983</time></pt><pt><x>381</x><y>253</y><time>14-05-20 17:11:57:691</time></pt><pt><x>382</x><y>263</y><time>14-05-20 17:11:58:531</time></pt><pt><x>377</x><y>283</y><time>14-05-20 17:12:01:134</time></pt><pt><x>377</x><y>301</y><time>14-05-20 17:12:02:828</time></pt><pt><x>379</x><y>321</y><time>14-05-20 17:12:03:547</time></pt><pt><x>381</x><y>338</y><time>14-05-20 17:12:04:274</time></pt><pt><x>386</x><y>351</y><time>14-05-20 17:12:05:129</time></pt><pt><x>391</x><y>364</y><time>14-05-20 17:12:05:842</time></pt><pt><x>396</x><y>376</y><time>14-05-20 17:12:07:312</time></pt><pt><x>403</x><y>390</y><time>14-05-20 17:12:08:453</time></pt><pt><x>415</x><y>403</y><time>14-05-20 17:12:09:232</time></pt><pt><x>423</x><y>415</y><time>14-05-20 17:12:10:119</time></pt><pt><x>433</x><y>424</y><time>14-05-20 17:12:11:279</time></pt><pt><x>447</x><y>430</y><time>14-05-20 17:12:11:950</time></pt><pt><x>464</x><y>431</y><time>14-05-20 17:12:12:625</time></pt><pt><x>491</x><y>427</y><time>14-05-20 17:12:13:456</time></pt><pt><x>506</x><y>421</y><time>14-05-20 17:12:14:260</time></pt><pt><x>520</x><y>405</y><time>14-05-20 17:12:15:349</time></pt><pt><x>528</x><y>392</y><time>14-05-20 17:12:16:177</time></pt><pt><x>535</x><y>369</y><time>14-05-20 17:12:18:558</time></pt><pt><x>539</x><y>356</y><time>14-05-20 17:12:19:395</time></pt><pt><x>543</x><y>339</y><time>14-05-20 17:12:21:562</time></pt><pt><x>545</x><y>327</y><time>14-05-20 17:12:22:551</time></pt><pt><x>546</x><y>309</y><time>14-05-20 17:12:24:632</time></pt><pt><x>548</x><y>292</y><time>14-05-20 17:12:26:123</time></pt><pt><x>548</x><y>277</y><time>14-05-20 17:12:26:786</time></pt><pt><x>545</x><y>262</y><time>14-05-20 17:12:27:779</time></pt><pt><x>541</x><y>240</y><time>14-05-20 17:12:29:588</time></pt><pt><x>541</x><y>225</y><time>14-05-20 17:12:30:529</time></pt><pt><x>537</x><y>213</y><time>14-05-20 17:12:31:302</time></pt><pt><x>528</x><y>194</y><time>14-05-20 17:12:33:337</time></pt><pt><x>524</x><y>180</y><time>14-05-20 17:12:36:355</time></pt><pt><x>519</x><y>162</y><time>14-05-20 17:12:37:912</time></pt><pt><x>512</x><y>145</y><time>14-05-20 17:12:38:864</time></pt><pt><x>501</x><y>120</y><time>14-05-20 17:12:40:410</time></pt><pt><x>490</x><y>96</y><time>14-05-20 17:12:42:928</time></pt><pt><x>486</x><y>81</y><time>14-05-20 17:12:43:964</time></pt><pt><x>482</x><y>69</y><time>14-05-20 17:12:44:679</time></pt><pt><x>479</x><y>59</y><time>14-05-20 17:12:45:572</time></pt><closed_date>14-05-20 17:12:47:603</closed_date></polygon></object></annotation>