<annotation><filename>angle0_4.jpg</filename><folder>users/lab605//shoes_new</folder><source><submittedBy>lab605</submittedBy></source><imagesize><nrows>480</nrows><ncols>640</ncols></imagesize><object><name>right_shoe</name><deleted>0</deleted><verified>0</verified><occluded>no</occluded><attributes></attributes><parts><hasparts></hasparts><ispartof></ispartof></parts><date>14-05-20 16:26:43:712</date><id>0</id><polygon><username>lab605</username><pt><x>273</x><y>135</y><time>14-05-20 16:26:21:156</time></pt><pt><x>270</x><y>149</y><time>14-05-20 16:26:22:073</time></pt><pt><x>268</x><y>161</y><time>14-05-20 16:26:22:733</time></pt><pt><x>265</x><y>171</y><time>14-05-20 16:26:23:379</time></pt><pt><x>263</x><y>183</y><time>14-05-20 16:26:23:965</time></pt><pt><x>258</x><y>192</y><time>14-05-20 16:26:24:697</time></pt><pt><x>253</x><y>197</y><time>14-05-20 16:26:25:738</time></pt><pt><x>254</x><y>206</y><time>14-05-20 16:26:26:279</time></pt><pt><x>255</x><y>220</y><time>14-05-20 16:26:26:989</time></pt><pt><x>260</x><y>238</y><time>14-05-20 16:26:28:557</time></pt><pt><x>267</x><y>249</y><time>14-05-20 16:26:29:140</time></pt><pt><x>277</x><y>254</y><time>14-05-20 16:26:29:579</time></pt><pt><x>288</x><y>259</y><time>14-05-20 16:26:30:132</time></pt><pt><x>308</x><y>255</y><time>14-05-20 16:26:30:778</time></pt><pt><x>312</x><y>240</y><time>14-05-20 16:26:31:534</time></pt><pt><x>315</x><y>223</y><time>14-05-20 16:26:32:104</time></pt><pt><x>318</x><y>205</y><time>14-05-20 16:26:32:631</time></pt><pt><x>318</x><y>190</y><time>14-05-20 16:26:33:514</time></pt><pt><x>318</x><y>181</y><time>14-05-20 16:26:34:012</time></pt><pt><x>322</x><y>170</y><time>14-05-20 16:26:34:488</time></pt><pt><x>323</x><y>156</y><time>14-05-20 16:26:34:993</time></pt><pt><x>326</x><y>143</y><time>14-05-20 16:26:35:599</time></pt><closed_date>14-05-20 16:26:37:475</closed_date></polygon></object><object><name>left_shoe</name><deleted>0</deleted><verified>0</verified><occluded>no</occluded><attributes></attributes><parts><hasparts></hasparts><ispartof></ispartof></parts><date>14-05-20 16:27:19:711</date><id>1</id><polygon><username>lab605</username><pt><x>340</x><y>124</y><time>14-05-20 16:26:48:239</time></pt><pt><x>335</x><y>132</y><time>14-05-20 16:26:49:151</time></pt><pt><x>335</x><y>142</y><time>14-05-20 16:26:50:808</time></pt><pt><x>335</x><y>153</y><time>14-05-20 16:26:51:711</time></pt><pt><x>338</x><y>162</y><time>14-05-20 16:26:52:607</time></pt><pt><x>337</x><y>172</y><time>14-05-20 16:26:53:294</time></pt><pt><x>338</x><y>183</y><time>14-05-20 16:26:54:284</time></pt><pt><x>338</x><y>195</y><time>14-05-20 16:26:54:983</time></pt><pt><x>339</x><y>204</y><time>14-05-20 16:26:55:502</time></pt><pt><x>337</x><y>211</y><time>14-05-20 16:26:55:990</time></pt><pt><x>335</x><y>216</y><time>14-05-20 16:26:56:354</time></pt><pt><x>335</x><y>221</y><time>14-05-20 16:26:56:702</time></pt><pt><x>335</x><y>231</y><time>14-05-20 16:26:58:246</time></pt><pt><x>335</x><y>240</y><time>14-05-20 16:26:58:737</time></pt><pt><x>338</x><y>250</y><time>14-05-20 16:26:59:449</time></pt><pt><x>339</x><y>259</y><time>14-05-20 16:27:00:264</time></pt><pt><x>344</x><y>266</y><time>14-05-20 16:27:00:966</time></pt><pt><x>349</x><y>270</y><time>14-05-20 16:27:01:732</time></pt><pt><x>355</x><y>272</y><time>14-05-20 16:27:02:226</time></pt><pt><x>364</x><y>275</y><time>14-05-20 16:27:02:755</time></pt><pt><x>373</x><y>273</y><time>14-05-20 16:27:03:528</time></pt><pt><x>380</x><y>270</y><time>14-05-20 16:27:03:980</time></pt><pt><x>385</x><y>266</y><time>14-05-20 16:27:04:546</time></pt><pt><x>389</x><y>255</y><time>14-05-20 16:27:05:343</time></pt><pt><x>392</x><y>246</y><time>14-05-20 16:27:06:360</time></pt><pt><x>395</x><y>234</y><time>14-05-20 16:27:07:415</time></pt><pt><x>396</x><y>224</y><time>14-05-20 16:27:08:213</time></pt><pt><x>394</x><y>201</y><time>14-05-20 16:27:09:253</time></pt><pt><x>394</x><y>185</y><time>14-05-20 16:27:10:172</time></pt><pt><x>393</x><y>171</y><time>14-05-20 16:27:10:922</time></pt><pt><x>390</x><y>160</y><time>14-05-20 16:27:11:608</time></pt><pt><x>389</x><y>154</y><time>14-05-20 16:27:12:808</time></pt><closed_date>14-05-20 16:27:13:963</closed_date></polygon></object></annotation>