<annotation><filename>angle0_43.jpg</filename><folder>users/lab605//shoes_new</folder><source><submittedBy>lab605</submittedBy></source><imagesize><nrows>480</nrows><ncols>640</ncols></imagesize><object><name>right_shoe</name><deleted>0</deleted><verified>0</verified><occluded>no</occluded><attributes></attributes><parts><hasparts></hasparts><ispartof></ispartof></parts><date>14-05-20 16:45:19:683</date><id>0</id><polygon><username>anonymous</username><pt><x>235</x><y>276</y><time>14-05-20 16:45:00:844</time></pt><pt><x>230</x><y>288</y><time>14-05-20 16:45:01:219</time></pt><pt><x>226</x><y>297</y><time>14-05-20 16:45:01:555</time></pt><pt><x>222</x><y>310</y><time>14-05-20 16:45:02:395</time></pt><pt><x>220</x><y>320</y><time>14-05-20 16:45:02:779</time></pt><pt><x>216</x><y>329</y><time>14-05-20 16:45:03:316</time></pt><pt><x>212</x><y>338</y><time>14-05-20 16:45:03:747</time></pt><pt><x>212</x><y>344</y><time>14-05-20 16:45:04:155</time></pt><pt><x>212</x><y>353</y><time>14-05-20 16:45:04:531</time></pt><pt><x>215</x><y>358</y><time>14-05-20 16:45:04:923</time></pt><pt><x>222</x><y>359</y><time>14-05-20 16:45:05:363</time></pt><pt><x>239</x><y>362</y><time>14-05-20 16:45:05:707</time></pt><pt><x>251</x><y>361</y><time>14-05-20 16:45:06:092</time></pt><pt><x>264</x><y>366</y><time>14-05-20 16:45:06:443</time></pt><pt><x>272</x><y>364</y><time>14-05-20 16:45:06:811</time></pt><pt><x>285</x><y>361</y><time>14-05-20 16:45:07:171</time></pt><pt><x>292</x><y>361</y><time>14-05-20 16:45:07:699</time></pt><pt><x>297</x><y>347</y><time>14-05-20 16:45:08:075</time></pt><pt><x>297</x><y>330</y><time>14-05-20 16:45:08:443</time></pt><pt><x>299</x><y>310</y><time>14-05-20 16:45:08:771</time></pt><pt><x>302</x><y>290</y><time>14-05-20 16:45:09:115</time></pt><pt><x>299</x><y>275</y><time>14-05-20 16:45:09:451</time></pt><pt><x>295</x><y>270</y><time>14-05-20 16:45:09:883</time></pt><pt><x>288</x><y>261</y><time>14-05-20 16:45:10:251</time></pt><pt><x>283</x><y>251</y><time>14-05-20 16:45:10:547</time></pt><pt><x>278</x><y>249</y><time>14-05-20 16:45:10:995</time></pt><pt><x>271</x><y>249</y><time>14-05-20 16:45:11:363</time></pt><pt><x>265</x><y>251</y><time>14-05-20 16:45:11:731</time></pt><pt><x>262</x><y>252</y><time>14-05-20 16:45:12:155</time></pt><pt><x>257</x><y>263</y><time>14-05-20 16:45:12:563</time></pt><pt><x>249</x><y>269</y><time>14-05-20 16:45:13:379</time></pt><closed_date>14-05-20 16:45:13:755</closed_date></polygon></object><object><name>left_shoe</name><deleted>0</deleted><verified>0</verified><occluded>no</occluded><attributes></attributes><parts><hasparts></hasparts><ispartof></ispartof></parts><date>14-05-20 16:45:39:662</date><id>1</id><polygon><username>anonymous</username><pt><x>313</x><y>203</y><time>14-05-20 16:45:21:348</time></pt><pt><x>304</x><y>209</y><time>14-05-20 16:45:21:715</time></pt><pt><x>301</x><y>220</y><time>14-05-20 16:45:22:075</time></pt><pt><x>298</x><y>228</y><time>14-05-20 16:45:22:371</time></pt><pt><x>294</x><y>236</y><time>14-05-20 16:45:22:659</time></pt><pt><x>294</x><y>244</y><time>14-05-20 16:45:22:963</time></pt><pt><x>294</x><y>255</y><time>14-05-20 16:45:23:299</time></pt><pt><x>297</x><y>267</y><time>14-05-20 16:45:23:635</time></pt><pt><x>297</x><y>274</y><time>14-05-20 16:45:23:963</time></pt><pt><x>302</x><y>286</y><time>14-05-20 16:45:24:611</time></pt><pt><x>303</x><y>297</y><time>14-05-20 16:45:24:971</time></pt><pt><x>302</x><y>309</y><time>14-05-20 16:45:25:363</time></pt><pt><x>302</x><y>320</y><time>14-05-20 16:45:25:867</time></pt><pt><x>305</x><y>325</y><time>14-05-20 16:45:26:283</time></pt><pt><x>309</x><y>329</y><time>14-05-20 16:45:26:611</time></pt><pt><x>320</x><y>333</y><time>14-05-20 16:45:26:939</time></pt><pt><x>341</x><y>335</y><time>14-05-20 16:45:27:259</time></pt><pt><x>355</x><y>333</y><time>14-05-20 16:45:27:723</time></pt><pt><x>362</x><y>331</y><time>14-05-20 16:45:28:067</time></pt><pt><x>367</x><y>324</y><time>14-05-20 16:45:28:411</time></pt><pt><x>370</x><y>307</y><time>14-05-20 16:45:28:699</time></pt><pt><x>369</x><y>302</y><time>14-05-20 16:45:28:995</time></pt><pt><x>365</x><y>294</y><time>14-05-20 16:45:29:243</time></pt><pt><x>364</x><y>285</y><time>14-05-20 16:45:29:547</time></pt><pt><x>361</x><y>267</y><time>14-05-20 16:45:29:875</time></pt><pt><x>362</x><y>251</y><time>14-05-20 16:45:30:211</time></pt><pt><x>363</x><y>236</y><time>14-05-20 16:45:30:507</time></pt><pt><x>360</x><y>226</y><time>14-05-20 16:45:30:859</time></pt><pt><x>357</x><y>214</y><time>14-05-20 16:45:31:131</time></pt><pt><x>354</x><y>207</y><time>14-05-20 16:45:31:499</time></pt><closed_date>14-05-20 16:45:32:195</closed_date></polygon></object></annotation>