<annotation><filename>angle0_80.jpg</filename><folder>users/lab605//shoes_new</folder><source><submittedBy>lab605</submittedBy></source><imagesize><nrows>480</nrows><ncols>640</ncols></imagesize><object><name>right_shoe</name><deleted>0</deleted><verified>0</verified><occluded>no</occluded><attributes></attributes><parts><hasparts></hasparts><ispartof></ispartof></parts><date>14-05-20 17:22:53:723</date><id>0</id><polygon><username>samliu</username><pt><x>277</x><y>57</y><time>14-05-20 17:22:28:615</time></pt><pt><x>223</x><y>107</y><time>14-05-20 17:22:30:148</time></pt><pt><x>214</x><y>158</y><time>14-05-20 17:22:31:644</time></pt><pt><x>204</x><y>200</y><time>14-05-20 17:22:32:552</time></pt><pt><x>206</x><y>240</y><time>14-05-20 17:22:33:846</time></pt><pt><x>213</x><y>277</y><time>14-05-20 17:22:34:847</time></pt><pt><x>225</x><y>305</y><time>14-05-20 17:22:35:628</time></pt><pt><x>240</x><y>318</y><time>14-05-20 17:22:36:374</time></pt><pt><x>262</x><y>325</y><time>14-05-20 17:22:37:320</time></pt><pt><x>282</x><y>320</y><time>14-05-20 17:22:38:048</time></pt><pt><x>295</x><y>306</y><time>14-05-20 17:22:38:785</time></pt><pt><x>302</x><y>276</y><time>14-05-20 17:22:39:452</time></pt><pt><x>304</x><y>253</y><time>14-05-20 17:22:39:970</time></pt><pt><x>300</x><y>222</y><time>14-05-20 17:22:40:746</time></pt><pt><x>300</x><y>196</y><time>14-05-20 17:22:41:498</time></pt><pt><x>305</x><y>167</y><time>14-05-20 17:22:42:150</time></pt><pt><x>302</x><y>139</y><time>14-05-20 17:22:42:825</time></pt><pt><x>298</x><y>123</y><time>14-05-20 17:22:43:406</time></pt><pt><x>299</x><y>102</y><time>14-05-20 17:22:44:554</time></pt><pt><x>293</x><y>85</y><time>14-05-20 17:22:45:654</time></pt><closed_date>14-05-20 17:22:46:228</closed_date></polygon></object><object><name>left_shoe</name><deleted>0</deleted><verified>0</verified><occluded>no</occluded><attributes></attributes><parts><hasparts></hasparts><ispartof></ispartof></parts><date>14-05-20 17:23:18:990</date><id>1</id><polygon><username>samliu</username><pt><x>349</x><y>69</y><time>14-05-20 17:22:55:630</time></pt><pt><x>334</x><y>102</y><time>14-05-20 17:22:56:666</time></pt><pt><x>331</x><y>128</y><time>14-05-20 17:22:57:364</time></pt><pt><x>325</x><y>145</y><time>14-05-20 17:22:58:094</time></pt><pt><x>325</x><y>183</y><time>14-05-20 17:22:59:591</time></pt><pt><x>327</x><y>220</y><time>14-05-20 17:23:00:892</time></pt><pt><x>327</x><y>247</y><time>14-05-20 17:23:01:644</time></pt><pt><x>327</x><y>285</y><time>14-05-20 17:23:02:614</time></pt><pt><x>336</x><y>314</y><time>14-05-20 17:23:03:404</time></pt><pt><x>358</x><y>325</y><time>14-05-20 17:23:04:840</time></pt><pt><x>387</x><y>319</y><time>14-05-20 17:23:05:716</time></pt><pt><x>403</x><y>306</y><time>14-05-20 17:23:06:498</time></pt><pt><x>413</x><y>276</y><time>14-05-20 17:23:07:244</time></pt><pt><x>420</x><y>251</y><time>14-05-20 17:23:08:026</time></pt><pt><x>423</x><y>227</y><time>14-05-20 17:23:08:762</time></pt><pt><x>412</x><y>135</y><time>14-05-20 17:23:10:275</time></pt><pt><x>408</x><y>110</y><time>14-05-20 17:23:10:996</time></pt><pt><x>409</x><y>99</y><time>14-05-20 17:23:11:492</time></pt><closed_date>14-05-20 17:23:12:492</closed_date></polygon></object></annotation>