<annotation><filename>angle0_59.jpg</filename><folder>users/lab605//shoes_new</folder><source><submittedBy>lab605</submittedBy></source><imagesize><nrows>480</nrows><ncols>640</ncols></imagesize><object><name>right_shoe</name><deleted>0</deleted><verified>0</verified><occluded>no</occluded><attributes></attributes><parts><hasparts></hasparts><ispartof></ispartof></parts><date>14-05-20 16:40:56:912</date><id>0</id><polygon><username>samliu</username><pt><x>329</x><y>94</y><time>14-05-20 16:40:28:498</time></pt><pt><x>333</x><y>163</y><time>14-05-20 16:40:29:620</time></pt><pt><x>339</x><y>209</y><time>14-05-20 16:40:30:799</time></pt><pt><x>338</x><y>247</y><time>14-05-20 16:40:31:907</time></pt><pt><x>324</x><y>267</y><time>14-05-20 16:40:33:637</time></pt><pt><x>303</x><y>271</y><time>14-05-20 16:40:34:993</time></pt><pt><x>294</x><y>260</y><time>14-05-20 16:40:37:289</time></pt><pt><x>279</x><y>230</y><time>14-05-20 16:40:38:545</time></pt><pt><x>281</x><y>208</y><time>14-05-20 16:40:40:321</time></pt><pt><x>283</x><y>197</y><time>14-05-20 16:40:41:399</time></pt><pt><x>284</x><y>178</y><time>14-05-20 16:40:42:175</time></pt><pt><x>279</x><y>168</y><time>14-05-20 16:40:42:631</time></pt><pt><x>280</x><y>147</y><time>14-05-20 16:40:43:733</time></pt><pt><x>272</x><y>128</y><time>14-05-20 16:40:45:021</time></pt><pt><x>269</x><y>116</y><time>14-05-20 16:40:46:485</time></pt><closed_date>14-05-20 16:40:47:285</closed_date></polygon></object><object><name>left_shoe</name><deleted>0</deleted><verified>0</verified><occluded>no</occluded><attributes></attributes><parts><hasparts></hasparts><ispartof></ispartof></parts><date>14-05-20 16:41:24:947</date><id>1</id><polygon><username>samliu</username><pt><x>393</x><y>113</y><time>14-05-20 16:41:02:640</time></pt><pt><x>395</x><y>148</y><time>14-05-20 16:41:03:963</time></pt><pt><x>397</x><y>179</y><time>14-05-20 16:41:04:940</time></pt><pt><x>398</x><y>199</y><time>14-05-20 16:41:05:885</time></pt><pt><x>398</x><y>222</y><time>14-05-20 16:41:07:057</time></pt><pt><x>385</x><y>247</y><time>14-05-20 16:41:08:591</time></pt><pt><x>367</x><y>255</y><time>14-05-20 16:41:09:934</time></pt><pt><x>350</x><y>252</y><time>14-05-20 16:41:11:095</time></pt><pt><x>341</x><y>227</y><time>14-05-20 16:41:12:128</time></pt><pt><x>339</x><y>194</y><time>14-05-20 16:41:13:228</time></pt><pt><x>345</x><y>177</y><time>14-05-20 16:41:13:901</time></pt><pt><x>338</x><y>146</y><time>14-05-20 16:41:14:979</time></pt><pt><x>339</x><y>112</y><time>14-05-20 16:41:15:995</time></pt><pt><x>339</x><y>103</y><time>14-05-20 16:41:16:616</time></pt><pt><x>342</x><y>99</y><time>14-05-20 16:41:17:282</time></pt><closed_date>14-05-20 16:41:18:058</closed_date></polygon></object></annotation>