<annotation><filename>angle0_16.jpg</filename><folder>users/lab605//shoes_new</folder><source><submittedBy>lab605</submittedBy></source><imagesize><nrows>480</nrows><ncols>640</ncols></imagesize><object><name>right_shoe</name><deleted>0</deleted><verified>0</verified><occluded>no</occluded><attributes></attributes><parts><hasparts></hasparts><ispartof></ispartof></parts><date>14-05-20 16:48:39:265</date><id>0</id><polygon><username>lab605</username><pt><x>240</x><y>104</y><time>14-05-20 16:47:44:050</time></pt><pt><x>241</x><y>118</y><time>14-05-20 16:47:45:373</time></pt><pt><x>244</x><y>125</y><time>14-05-20 16:47:46:526</time></pt><pt><x>244</x><y>133</y><time>14-05-20 16:47:47:129</time></pt><pt><x>242</x><y>143</y><time>14-05-20 16:47:47:819</time></pt><pt><x>242</x><y>153</y><time>14-05-20 16:47:48:962</time></pt><pt><x>242</x><y>164</y><time>14-05-20 16:47:50:031</time></pt><pt><x>241</x><y>175</y><time>14-05-20 16:47:51:976</time></pt><pt><x>238</x><y>185</y><time>14-05-20 16:47:56:284</time></pt><pt><x>239</x><y>192</y><time>14-05-20 16:47:56:827</time></pt><pt><x>242</x><y>204</y><time>14-05-20 16:47:58:098</time></pt><pt><x>244</x><y>211</y><time>14-05-20 16:47:59:084</time></pt><pt><x>247</x><y>218</y><time>14-05-20 16:47:59:950</time></pt><pt><x>253</x><y>224</y><time>14-05-20 16:48:10:017</time></pt><pt><x>256</x><y>227</y><time>14-05-20 16:48:10:572</time></pt><pt><x>261</x><y>229</y><time>14-05-20 16:48:11:105</time></pt><pt><x>267</x><y>229</y><time>14-05-20 16:48:11:751</time></pt><pt><x>274</x><y>229</y><time>14-05-20 16:48:12:316</time></pt><pt><x>281</x><y>223</y><time>14-05-20 16:48:12:922</time></pt><pt><x>290</x><y>214</y><time>14-05-20 16:48:13:985</time></pt><pt><x>295</x><y>206</y><time>14-05-20 16:48:14:576</time></pt><pt><x>299</x><y>194</y><time>14-05-20 16:48:15:132</time></pt><pt><x>300</x><y>185</y><time>14-05-20 16:48:15:770</time></pt><pt><x>298</x><y>175</y><time>14-05-20 16:48:16:862</time></pt><pt><x>296</x><y>164</y><time>14-05-20 16:48:18:301</time></pt><pt><x>292</x><y>154</y><time>14-05-20 16:48:19:632</time></pt><pt><x>289</x><y>141</y><time>14-05-20 16:48:20:754</time></pt><pt><x>293</x><y>129</y><time>14-05-20 16:48:22:516</time></pt><pt><x>296</x><y>121</y><time>14-05-20 16:48:25:451</time></pt><pt><x>299</x><y>112</y><time>14-05-20 16:48:25:932</time></pt><pt><x>299</x><y>107</y><time>14-05-20 16:48:26:373</time></pt><pt><x>293</x><y>100</y><time>14-05-20 16:48:27:089</time></pt><pt><x>289</x><y>95</y><time>14-05-20 16:48:27:694</time></pt><closed_date>14-05-20 16:48:29:509</closed_date></polygon></object><object><name>left_shoe</name><deleted>0</deleted><verified>0</verified><occluded>no</occluded><attributes></attributes><parts><hasparts></hasparts><ispartof></ispartof></parts><date>14-05-20 16:49:18:081</date><id>1</id><polygon><username>lab605</username><pt><x>377</x><y>130</y><time>14-05-20 16:48:46:244</time></pt><pt><x>378</x><y>145</y><time>14-05-20 16:48:46:944</time></pt><pt><x>380</x><y>158</y><time>14-05-20 16:48:47:980</time></pt><pt><x>379</x><y>166</y><time>14-05-20 16:48:49:397</time></pt><pt><x>379</x><y>177</y><time>14-05-20 16:48:50:404</time></pt><pt><x>379</x><y>183</y><time>14-05-20 16:48:51:294</time></pt><pt><x>377</x><y>192</y><time>14-05-20 16:48:52:540</time></pt><pt><x>376</x><y>200</y><time>14-05-20 16:48:54:646</time></pt><pt><x>377</x><y>211</y><time>14-05-20 16:48:55:688</time></pt><pt><x>381</x><y>218</y><time>14-05-20 16:48:56:214</time></pt><pt><x>382</x><y>226</y><time>14-05-20 16:48:57:173</time></pt><pt><x>389</x><y>232</y><time>14-05-20 16:48:57:801</time></pt><pt><x>393</x><y>236</y><time>14-05-20 16:48:58:517</time></pt><pt><x>400</x><y>241</y><time>14-05-20 16:48:59:799</time></pt><pt><x>406</x><y>241</y><time>14-05-20 16:49:00:396</time></pt><pt><x>413</x><y>237</y><time>14-05-20 16:49:00:994</time></pt><pt><x>415</x><y>234</y><time>14-05-20 16:49:01:682</time></pt><pt><x>423</x><y>227</y><time>14-05-20 16:49:02:271</time></pt><pt><x>427</x><y>222</y><time>14-05-20 16:49:02:789</time></pt><pt><x>429</x><y>213</y><time>14-05-20 16:49:03:297</time></pt><pt><x>436</x><y>200</y><time>14-05-20 16:49:04:900</time></pt><pt><x>436</x><y>186</y><time>14-05-20 16:49:05:840</time></pt><pt><x>436</x><y>175</y><time>14-05-20 16:49:06:512</time></pt><pt><x>432</x><y>156</y><time>14-05-20 16:49:07:754</time></pt><pt><x>431</x><y>144</y><time>14-05-20 16:49:09:632</time></pt><pt><x>428</x><y>133</y><time>14-05-20 16:49:10:681</time></pt><closed_date>14-05-20 16:49:12:295</closed_date></polygon></object></annotation>