<annotation><filename>angle0_61.jpg</filename><folder>users/lab605//shoes_new</folder><source><submittedBy>lab605</submittedBy></source><imagesize><nrows>480</nrows><ncols>640</ncols></imagesize><object><name>right_shoe</name><deleted>0</deleted><verified>0</verified><occluded>no</occluded><attributes></attributes><parts><hasparts></hasparts><ispartof></ispartof></parts><date>14-05-20 16:43:16:832</date><id>0</id><polygon><username>samliu</username><pt><x>219</x><y>139</y><time>14-05-20 16:42:46:248</time></pt><pt><x>230</x><y>155</y><time>14-05-20 16:42:47:107</time></pt><pt><x>231</x><y>174</y><time>14-05-20 16:42:48:278</time></pt><pt><x>235</x><y>209</y><time>14-05-20 16:42:50:247</time></pt><pt><x>244</x><y>240</y><time>14-05-20 16:42:51:339</time></pt><pt><x>245</x><y>272</y><time>14-05-20 16:42:52:713</time></pt><pt><x>235</x><y>302</y><time>14-05-20 16:42:55:745</time></pt><pt><x>227</x><y>311</y><time>14-05-20 16:42:56:729</time></pt><pt><x>211</x><y>315</y><time>14-05-20 16:42:58:660</time></pt><pt><x>192</x><y>307</y><time>14-05-20 16:42:59:535</time></pt><pt><x>179</x><y>283</y><time>14-05-20 16:43:00:575</time></pt><pt><x>173</x><y>250</y><time>14-05-20 16:43:01:497</time></pt><pt><x>169</x><y>240</y><time>14-05-20 16:43:02:217</time></pt><pt><x>172</x><y>200</y><time>14-05-20 16:43:03:932</time></pt><pt><x>170</x><y>168</y><time>14-05-20 16:43:05:769</time></pt><pt><x>159</x><y>151</y><time>14-05-20 16:43:06:683</time></pt><closed_date>14-05-20 16:43:07:708</closed_date></polygon></object><object><name>left_shoe</name><deleted>0</deleted><verified>0</verified><occluded>no</occluded><attributes></attributes><parts><hasparts></hasparts><ispartof></ispartof></parts><date>14-05-20 16:44:32:031</date><id>1</id><polygon><username>samliu</username><pt><x>272</x><y>135</y><time>14-05-20 16:43:18:372</time></pt><pt><x>272</x><y>153</y><time>14-05-20 16:43:19:370</time></pt><pt><x>268</x><y>163</y><time>14-05-20 16:43:20:090</time></pt><pt><x>265</x><y>185</y><time>14-05-20 16:43:21:540</time></pt><pt><x>260</x><y>215</y><time>14-05-20 16:43:23:084</time></pt><pt><x>253</x><y>234</y><time>14-05-20 16:43:24:146</time></pt><pt><x>249</x><y>245</y><time>14-05-20 16:43:25:866</time></pt><pt><x>248</x><y>271</y><time>14-05-20 16:43:27:052</time></pt><pt><x>253</x><y>291</y><time>14-05-20 16:43:30:000</time></pt><pt><x>263</x><y>307</y><time>14-05-20 16:43:31:364</time></pt><pt><x>280</x><y>309</y><time>14-05-20 16:43:33:450</time></pt><pt><x>290</x><y>306</y><time>14-05-20 16:43:34:186</time></pt><pt><x>305</x><y>293</y><time>14-05-20 16:43:35:364</time></pt><pt><x>313</x><y>269</y><time>14-05-20 16:43:37:434</time></pt><pt><x>318</x><y>251</y><time>14-05-20 16:43:39:304</time></pt><pt><x>319</x><y>238</y><time>14-05-20 16:43:40:127</time></pt><pt><x>318</x><y>214</y><time>14-05-20 16:43:41:118</time></pt><pt><x>319</x><y>188</y><time>14-05-20 16:43:42:522</time></pt><pt><x>320</x><y>172</y><time>14-05-20 16:43:43:150</time></pt><pt><x>328</x><y>159</y><time>14-05-20 16:43:44:026</time></pt><pt><x>329</x><y>148</y><time>14-05-20 16:43:45:126</time></pt><pt><x>332</x><y>142</y><time>14-05-20 16:43:48:050</time></pt><closed_date>14-05-20 16:43:49:856</closed_date></polygon></object></annotation>