<annotation><filename>angle0_31.jpg</filename><folder>users/lab605//shoes_new</folder><source><submittedBy>lab605</submittedBy></source><imagesize><nrows>480</nrows><ncols>640</ncols></imagesize><object><name>right_shoe</name><deleted>0</deleted><verified>0</verified><occluded>no</occluded><attributes></attributes><parts><hasparts></hasparts><ispartof></ispartof></parts><date>14-05-20 16:33:09:996</date><id>0</id><polygon><username>anonymous</username><pt><x>264</x><y>206</y><time>14-05-20 16:32:41:439</time></pt><pt><x>273</x><y>215</y><time>14-05-20 16:32:41:936</time></pt><pt><x>278</x><y>231</y><time>14-05-20 16:32:42:504</time></pt><pt><x>280</x><y>245</y><time>14-05-20 16:32:43:200</time></pt><pt><x>280</x><y>254</y><time>14-05-20 16:32:43:680</time></pt><pt><x>277</x><y>263</y><time>14-05-20 16:32:44:144</time></pt><pt><x>274</x><y>273</y><time>14-05-20 16:32:44:616</time></pt><pt><x>273</x><y>281</y><time>14-05-20 16:32:44:992</time></pt><pt><x>271</x><y>290</y><time>14-05-20 16:32:45:360</time></pt><pt><x>271</x><y>300</y><time>14-05-20 16:32:45:736</time></pt><pt><x>271</x><y>309</y><time>14-05-20 16:32:46:128</time></pt><pt><x>271</x><y>318</y><time>14-05-20 16:32:46:616</time></pt><pt><x>271</x><y>326</y><time>14-05-20 16:32:47:088</time></pt><pt><x>272</x><y>332</y><time>14-05-20 16:32:47:472</time></pt><pt><x>273</x><y>343</y><time>14-05-20 16:32:47:897</time></pt><pt><x>271</x><y>353</y><time>14-05-20 16:32:49:993</time></pt><pt><x>265</x><y>362</y><time>14-05-20 16:32:50:441</time></pt><pt><x>262</x><y>371</y><time>14-05-20 16:32:51:017</time></pt><pt><x>259</x><y>379</y><time>14-05-20 16:32:51:425</time></pt><pt><x>255</x><y>384</y><time>14-05-20 16:32:51:793</time></pt><pt><x>246</x><y>389</y><time>14-05-20 16:32:53:208</time></pt><pt><x>241</x><y>390</y><time>14-05-20 16:32:53:697</time></pt><pt><x>233</x><y>392</y><time>14-05-20 16:32:54:153</time></pt><pt><x>226</x><y>390</y><time>14-05-20 16:32:54:808</time></pt><pt><x>220</x><y>387</y><time>14-05-20 16:32:55:201</time></pt><pt><x>216</x><y>383</y><time>14-05-20 16:32:55:697</time></pt><pt><x>213</x><y>376</y><time>14-05-20 16:32:56:057</time></pt><pt><x>208</x><y>364</y><time>14-05-20 16:32:57:289</time></pt><pt><x>206</x><y>360</y><time>14-05-20 16:32:57:777</time></pt><pt><x>203</x><y>352</y><time>14-05-20 16:32:58:168</time></pt><pt><x>201</x><y>343</y><time>14-05-20 16:32:58:553</time></pt><pt><x>199</x><y>335</y><time>14-05-20 16:32:58:977</time></pt><pt><x>199</x><y>327</y><time>14-05-20 16:32:59:408</time></pt><pt><x>200</x><y>316</y><time>14-05-20 16:33:00:097</time></pt><pt><x>201</x><y>309</y><time>14-05-20 16:33:00:673</time></pt><pt><x>203</x><y>300</y><time>14-05-20 16:33:01:176</time></pt><pt><x>207</x><y>289</y><time>14-05-20 16:33:01:592</time></pt><pt><x>211</x><y>280</y><time>14-05-20 16:33:02:033</time></pt><pt><x>213</x><y>269</y><time>14-05-20 16:33:02:441</time></pt><pt><x>215</x><y>258</y><time>14-05-20 16:33:02:784</time></pt><pt><x>215</x><y>251</y><time>14-05-20 16:33:03:232</time></pt><pt><x>215</x><y>248</y><time>14-05-20 16:33:03:552</time></pt><closed_date>14-05-20 16:33:04:369</closed_date></polygon></object><object><name>left_shoe</name><deleted>0</deleted><verified>0</verified><occluded>no</occluded><attributes></attributes><parts><hasparts></hasparts><ispartof></ispartof></parts><date>14-05-20 16:33:38:347</date><id>1</id><polygon><username>anonymous</username><pt><x>374</x><y>204</y><time>14-05-20 16:33:12:330</time></pt><pt><x>366</x><y>215</y><time>14-05-20 16:33:12:929</time></pt><pt><x>359</x><y>223</y><time>14-05-20 16:33:13:352</time></pt><pt><x>357</x><y>234</y><time>14-05-20 16:33:14:072</time></pt><pt><x>354</x><y>245</y><time>14-05-20 16:33:14:432</time></pt><pt><x>353</x><y>254</y><time>14-05-20 16:33:14:872</time></pt><pt><x>354</x><y>263</y><time>14-05-20 16:33:15:304</time></pt><pt><x>355</x><y>278</y><time>14-05-20 16:33:15:864</time></pt><pt><x>353</x><y>288</y><time>14-05-20 16:33:16:360</time></pt><pt><x>353</x><y>297</y><time>14-05-20 16:33:16:777</time></pt><pt><x>352</x><y>308</y><time>14-05-20 16:33:17:440</time></pt><pt><x>346</x><y>314</y><time>14-05-20 16:33:17:864</time></pt><pt><x>344</x><y>322</y><time>14-05-20 16:33:18:264</time></pt><pt><x>343</x><y>336</y><time>14-05-20 16:33:19:088</time></pt><pt><x>342</x><y>348</y><time>14-05-20 16:33:19:624</time></pt><pt><x>341</x><y>356</y><time>14-05-20 16:33:20:184</time></pt><pt><x>343</x><y>365</y><time>14-05-20 16:33:20:808</time></pt><pt><x>347</x><y>372</y><time>14-05-20 16:33:21:296</time></pt><pt><x>354</x><y>380</y><time>14-05-20 16:33:21:792</time></pt><pt><x>360</x><y>386</y><time>14-05-20 16:33:22:337</time></pt><pt><x>370</x><y>389</y><time>14-05-20 16:33:22:729</time></pt><pt><x>379</x><y>387</y><time>14-05-20 16:33:23:200</time></pt><pt><x>386</x><y>382</y><time>14-05-20 16:33:23:752</time></pt><pt><x>393</x><y>374</y><time>14-05-20 16:33:24:152</time></pt><pt><x>397</x><y>368</y><time>14-05-20 16:33:24:536</time></pt><pt><x>404</x><y>360</y><time>14-05-20 16:33:24:928</time></pt><pt><x>407</x><y>351</y><time>14-05-20 16:33:25:552</time></pt><pt><x>411</x><y>342</y><time>14-05-20 16:33:25:944</time></pt><pt><x>414</x><y>333</y><time>14-05-20 16:33:26:360</time></pt><pt><x>417</x><y>323</y><time>14-05-20 16:33:26:760</time></pt><pt><x>418</x><y>314</y><time>14-05-20 16:33:27:232</time></pt><pt><x>414</x><y>305</y><time>14-05-20 16:33:29:104</time></pt><pt><x>414</x><y>293</y><time>14-05-20 16:33:29:808</time></pt><pt><x>414</x><y>281</y><time>14-05-20 16:33:30:232</time></pt><pt><x>416</x><y>274</y><time>14-05-20 16:33:30:672</time></pt><pt><x>416</x><y>263</y><time>14-05-20 16:33:31:049</time></pt><pt><x>416</x><y>253</y><time>14-05-20 16:33:31:464</time></pt><closed_date>14-05-20 16:33:33:081</closed_date></polygon></object></annotation>