<annotation><filename>angle0_50.jpg</filename><folder>users/lab605//shoes_new</folder><source><submittedBy>lab605</submittedBy></source><imagesize><nrows>480</nrows><ncols>640</ncols></imagesize><object><name>right_shoe</name><deleted>0</deleted><verified>0</verified><occluded>no</occluded><attributes></attributes><parts><hasparts></hasparts><ispartof></ispartof></parts><date>14-05-20 17:01:13:368</date><id>0</id><polygon><username>lab605</username><pt><x>184</x><y>240</y><time>14-05-20 17:00:33:481</time></pt><pt><x>190</x><y>255</y><time>14-05-20 17:00:34:150</time></pt><pt><x>200</x><y>263</y><time>14-05-20 17:00:34:666</time></pt><pt><x>211</x><y>272</y><time>14-05-20 17:00:35:264</time></pt><pt><x>220</x><y>282</y><time>14-05-20 17:00:36:060</time></pt><pt><x>225</x><y>290</y><time>14-05-20 17:00:36:878</time></pt><pt><x>231</x><y>304</y><time>14-05-20 17:00:37:751</time></pt><pt><x>236</x><y>316</y><time>14-05-20 17:00:38:551</time></pt><pt><x>242</x><y>325</y><time>14-05-20 17:00:39:242</time></pt><pt><x>247</x><y>333</y><time>14-05-20 17:00:39:755</time></pt><pt><x>255</x><y>335</y><time>14-05-20 17:00:40:316</time></pt><pt><x>265</x><y>334</y><time>14-05-20 17:00:40:797</time></pt><pt><x>273</x><y>326</y><time>14-05-20 17:00:41:442</time></pt><pt><x>280</x><y>316</y><time>14-05-20 17:00:42:057</time></pt><pt><x>282</x><y>307</y><time>14-05-20 17:00:42:657</time></pt><pt><x>286</x><y>297</y><time>14-05-20 17:00:43:227</time></pt><pt><x>286</x><y>285</y><time>14-05-20 17:00:43:751</time></pt><pt><x>285</x><y>276</y><time>14-05-20 17:00:44:276</time></pt><pt><x>280</x><y>267</y><time>14-05-20 17:00:44:825</time></pt><pt><x>276</x><y>256</y><time>14-05-20 17:00:45:679</time></pt><pt><x>273</x><y>248</y><time>14-05-20 17:00:46:238</time></pt><pt><x>272</x><y>237</y><time>14-05-20 17:00:47:511</time></pt><pt><x>272</x><y>227</y><time>14-05-20 17:00:48:048</time></pt><pt><x>273</x><y>213</y><time>14-05-20 17:00:48:642</time></pt><pt><x>276</x><y>201</y><time>14-05-20 17:00:49:192</time></pt><pt><x>276</x><y>189</y><time>14-05-20 17:00:49:885</time></pt><pt><x>274</x><y>176</y><time>14-05-20 17:00:50:821</time></pt><pt><x>267</x><y>169</y><time>14-05-20 17:00:51:429</time></pt><pt><x>261</x><y>166</y><time>14-05-20 17:00:52:003</time></pt><pt><x>254</x><y>162</y><time>14-05-20 17:00:52:490</time></pt><pt><x>246</x><y>160</y><time>14-05-20 17:00:53:024</time></pt><pt><x>242</x><y>162</y><time>14-05-20 17:01:01:123</time></pt><pt><x>240</x><y>165</y><time>14-05-20 17:01:01:615</time></pt><pt><x>235</x><y>167</y><time>14-05-20 17:01:02:145</time></pt><pt><x>231</x><y>169</y><time>14-05-20 17:01:02:729</time></pt><pt><x>222</x><y>171</y><time>14-05-20 17:01:03:244</time></pt><pt><x>217</x><y>172</y><time>14-05-20 17:01:04:166</time></pt><closed_date>14-05-20 17:01:06:120</closed_date></polygon></object><object><name>left_shoe</name><deleted>0</deleted><verified>0</verified><occluded>no</occluded><attributes></attributes><parts><hasparts></hasparts><ispartof></ispartof></parts><date>14-05-20 17:01:59:996</date><id>1</id><polygon><username>lab605</username><pt><x>357</x><y>162</y><time>14-05-20 17:01:15:702</time></pt><pt><x>350</x><y>172</y><time>14-05-20 17:01:16:583</time></pt><pt><x>348</x><y>183</y><time>14-05-20 17:01:24:075</time></pt><pt><x>349</x><y>195</y><time>14-05-20 17:01:24:793</time></pt><pt><x>354</x><y>205</y><time>14-05-20 17:01:25:414</time></pt><pt><x>354</x><y>218</y><time>14-05-20 17:01:26:028</time></pt><pt><x>358</x><y>230</y><time>14-05-20 17:01:27:484</time></pt><pt><x>357</x><y>240</y><time>14-05-20 17:01:27:996</time></pt><pt><x>354</x><y>251</y><time>14-05-20 17:01:29:394</time></pt><pt><x>351</x><y>257</y><time>14-05-20 17:01:29:897</time></pt><pt><x>348</x><y>262</y><time>14-05-20 17:01:30:396</time></pt><pt><x>347</x><y>272</y><time>14-05-20 17:01:31:191</time></pt><pt><x>348</x><y>282</y><time>14-05-20 17:01:32:057</time></pt><pt><x>351</x><y>292</y><time>14-05-20 17:01:32:817</time></pt><pt><x>354</x><y>301</y><time>14-05-20 17:01:33:683</time></pt><pt><x>360</x><y>309</y><time>14-05-20 17:01:34:798</time></pt><pt><x>364</x><y>314</y><time>14-05-20 17:01:35:791</time></pt><pt><x>367</x><y>318</y><time>14-05-20 17:01:36:997</time></pt><pt><x>374</x><y>319</y><time>14-05-20 17:01:37:474</time></pt><pt><x>383</x><y>318</y><time>14-05-20 17:01:38:251</time></pt><pt><x>387</x><y>314</y><time>14-05-20 17:01:38:819</time></pt><pt><x>398</x><y>305</y><time>14-05-20 17:01:40:098</time></pt><pt><x>404</x><y>298</y><time>14-05-20 17:01:40:659</time></pt><pt><x>406</x><y>289</y><time>14-05-20 17:01:41:191</time></pt><pt><x>410</x><y>281</y><time>14-05-20 17:01:41:865</time></pt><pt><x>413</x><y>269</y><time>14-05-20 17:01:42:420</time></pt><pt><x>414</x><y>257</y><time>14-05-20 17:01:44:104</time></pt><pt><x>414</x><y>250</y><time>14-05-20 17:01:45:073</time></pt><pt><x>415</x><y>242</y><time>14-05-20 17:01:45:600</time></pt><pt><x>415</x><y>237</y><time>14-05-20 17:01:46:145</time></pt><pt><x>396</x><y>166</y><time>14-05-20 17:01:48:122</time></pt><pt><x>396</x><y>161</y><time>14-05-20 17:01:49:124</time></pt><pt><x>387</x><y>158</y><time>14-05-20 17:01:50:103</time></pt><pt><x>378</x><y>156</y><time>14-05-20 17:01:51:193</time></pt><pt><x>372</x><y>156</y><time>14-05-20 17:01:51:838</time></pt><pt><x>364</x><y>158</y><time>14-05-20 17:01:52:467</time></pt><closed_date>14-05-20 17:01:53:054</closed_date></polygon></object></annotation>