<annotation><filename>angle0_95.jpg</filename><folder>users/lab605//shoes_new</folder><source><submittedBy>lab605</submittedBy></source><imagesize><nrows>480</nrows><ncols>640</ncols></imagesize><object><name>right_shoe</name><deleted>0</deleted><verified>0</verified><occluded>no</occluded><attributes></attributes><parts><hasparts></hasparts><ispartof></ispartof></parts><date>14-05-20 17:13:47:280</date><id>0</id><polygon><username>lab605</username><pt><x>241</x><y>127</y><time>14-05-20 17:13:11:654</time></pt><pt><x>244</x><y>141</y><time>14-05-20 17:13:13:054</time></pt><pt><x>242</x><y>153</y><time>14-05-20 17:13:13:737</time></pt><pt><x>239</x><y>164</y><time>14-05-20 17:13:14:697</time></pt><pt><x>236</x><y>181</y><time>14-05-20 17:13:16:094</time></pt><pt><x>233</x><y>192</y><time>14-05-20 17:13:17:117</time></pt><pt><x>231</x><y>208</y><time>14-05-20 17:13:18:129</time></pt><pt><x>238</x><y>228</y><time>14-05-20 17:13:19:450</time></pt><pt><x>241</x><y>238</y><time>14-05-20 17:13:20:654</time></pt><pt><x>246</x><y>248</y><time>14-05-20 17:13:21:343</time></pt><pt><x>251</x><y>257</y><time>14-05-20 17:13:22:318</time></pt><pt><x>255</x><y>262</y><time>14-05-20 17:13:23:353</time></pt><pt><x>260</x><y>267</y><time>14-05-20 17:13:24:278</time></pt><pt><x>267</x><y>270</y><time>14-05-20 17:13:24:929</time></pt><pt><x>277</x><y>270</y><time>14-05-20 17:13:25:694</time></pt><pt><x>281</x><y>266</y><time>14-05-20 17:13:26:464</time></pt><pt><x>288</x><y>259</y><time>14-05-20 17:13:27:277</time></pt><pt><x>293</x><y>251</y><time>14-05-20 17:13:27:860</time></pt><pt><x>296</x><y>241</y><time>14-05-20 17:13:28:516</time></pt><pt><x>298</x><y>230</y><time>14-05-20 17:13:29:208</time></pt><pt><x>299</x><y>219</y><time>14-05-20 17:13:29:814</time></pt><pt><x>298</x><y>206</y><time>14-05-20 17:13:31:779</time></pt><pt><x>297</x><y>198</y><time>14-05-20 17:13:32:477</time></pt><pt><x>299</x><y>177</y><time>14-05-20 17:13:34:796</time></pt><pt><x>299</x><y>159</y><time>14-05-20 17:13:35:716</time></pt><pt><x>302</x><y>137</y><time>14-05-20 17:13:36:993</time></pt><pt><x>301</x><y>121</y><time>14-05-20 17:13:37:907</time></pt><pt><x>299</x><y>112</y><time>14-05-20 17:13:38:619</time></pt><pt><x>296</x><y>111</y><time>14-05-20 17:13:39:627</time></pt><closed_date>14-05-20 17:13:40:967</closed_date></polygon></object><object><name>left_shoe</name><deleted>0</deleted><verified>0</verified><occluded>no</occluded><attributes></attributes><parts><hasparts></hasparts><ispartof></ispartof></parts><date>14-05-20 17:14:26:311</date><id>1</id><polygon><username>lab605</username><pt><x>331</x><y>111</y><time>14-05-20 17:13:51:614</time></pt><pt><x>328</x><y>123</y><time>14-05-20 17:13:52:663</time></pt><pt><x>323</x><y>131</y><time>14-05-20 17:13:54:046</time></pt><pt><x>323</x><y>145</y><time>14-05-20 17:13:56:519</time></pt><pt><x>323</x><y>160</y><time>14-05-20 17:13:58:676</time></pt><pt><x>322</x><y>175</y><time>14-05-20 17:13:59:753</time></pt><pt><x>323</x><y>191</y><time>14-05-20 17:14:00:424</time></pt><pt><x>322</x><y>205</y><time>14-05-20 17:14:01:279</time></pt><pt><x>322</x><y>223</y><time>14-05-20 17:14:02:166</time></pt><pt><x>322</x><y>238</y><time>14-05-20 17:14:03:447</time></pt><pt><x>327</x><y>251</y><time>14-05-20 17:14:04:099</time></pt><pt><x>330</x><y>263</y><time>14-05-20 17:14:04:904</time></pt><pt><x>335</x><y>269</y><time>14-05-20 17:14:05:514</time></pt><pt><x>346</x><y>272</y><time>14-05-20 17:14:06:251</time></pt><pt><x>354</x><y>269</y><time>14-05-20 17:14:07:133</time></pt><pt><x>360</x><y>264</y><time>14-05-20 17:14:07:769</time></pt><pt><x>367</x><y>255</y><time>14-05-20 17:14:08:362</time></pt><pt><x>374</x><y>246</y><time>14-05-20 17:14:09:112</time></pt><pt><x>382</x><y>230</y><time>14-05-20 17:14:10:384</time></pt><pt><x>385</x><y>217</y><time>14-05-20 17:14:11:680</time></pt><pt><x>387</x><y>202</y><time>14-05-20 17:14:12:418</time></pt><pt><x>388</x><y>187</y><time>14-05-20 17:14:13:693</time></pt><pt><x>387</x><y>175</y><time>14-05-20 17:14:14:565</time></pt><pt><x>384</x><y>160</y><time>14-05-20 17:14:15:339</time></pt><pt><x>380</x><y>145</y><time>14-05-20 17:14:16:779</time></pt><pt><x>380</x><y>137</y><time>14-05-20 17:14:17:689</time></pt><pt><x>379</x><y>127</y><time>14-05-20 17:14:18:276</time></pt><pt><x>377</x><y>122</y><time>14-05-20 17:14:19:001</time></pt><closed_date>14-05-20 17:14:19:966</closed_date></polygon></object></annotation>