<annotation><filename>angle0_1.jpg</filename><folder>users/lab605//shoes_new</folder><source><submittedBy>lab605</submittedBy></source><imagesize><nrows>480</nrows><ncols>640</ncols></imagesize><object><name>right_shoe</name><deleted>1</deleted><verified>0</verified><occluded>no</occluded><attributes></attributes><parts><hasparts></hasparts><ispartof></ispartof></parts><date>14-05-20 16:07:00:776</date><id>0</id><polygon><username>lab605</username><pt><x>154</x><y>107</y><time>14-05-20 16:04:37:885</time></pt><pt><x>150</x><y>124</y><time>14-05-20 16:04:42:490</time></pt><pt><x>149</x><y>131</y><time>14-05-20 16:04:44:235</time></pt><pt><x>152</x><y>135</y><time>14-05-20 16:04:45:358</time></pt><pt><x>153</x><y>141</y><time>14-05-20 16:04:46:302</time></pt><pt><x>151</x><y>143</y><time>14-05-20 16:04:48:469</time></pt><pt><x>154</x><y>150</y><time>14-05-20 16:04:51:565</time></pt><pt><x>151</x><y>158</y><time>14-05-20 16:04:53:022</time></pt><pt><x>151</x><y>166</y><time>14-05-20 16:04:54:381</time></pt><pt><x>153</x><y>167</y><time>14-05-20 16:04:56:499</time></pt><pt><x>150</x><y>174</y><time>14-05-20 16:04:58:068</time></pt><pt><x>149</x><y>183</y><time>14-05-20 16:04:59:193</time></pt><pt><x>146</x><y>188</y><time>14-05-20 16:05:00:526</time></pt><pt><x>147</x><y>195</y><time>14-05-20 16:05:29:117</time></pt><pt><x>146</x><y>198</y><time>14-05-20 16:05:30:765</time></pt><pt><x>145</x><y>203</y><time>14-05-20 16:05:32:361</time></pt><pt><x>145</x><y>208</y><time>14-05-20 16:05:33:968</time></pt><pt><x>144</x><y>213</y><time>14-05-20 16:05:35:046</time></pt><pt><x>142</x><y>217</y><time>14-05-20 16:05:36:513</time></pt><pt><x>141</x><y>223</y><time>14-05-20 16:05:38:153</time></pt><pt><x>141</x><y>231</y><time>14-05-20 16:05:46:533</time></pt><pt><x>143</x><y>238</y><time>14-05-20 16:05:47:892</time></pt><pt><x>145</x><y>246</y><time>14-05-20 16:05:48:532</time></pt><pt><x>147</x><y>256</y><time>14-05-20 16:05:49:554</time></pt><pt><x>150</x><y>263</y><time>14-05-20 16:05:50:791</time></pt><pt><x>156</x><y>273</y><time>14-05-20 16:05:52:002</time></pt><pt><x>160</x><y>282</y><time>14-05-20 16:05:52:693</time></pt><pt><x>168</x><y>290</y><time>14-05-20 16:05:53:722</time></pt><pt><x>174</x><y>297</y><time>14-05-20 16:05:54:621</time></pt><pt><x>183</x><y>301</y><time>14-05-20 16:05:55:359</time></pt><pt><x>198</x><y>301</y><time>14-05-20 16:05:55:960</time></pt><pt><x>207</x><y>298</y><time>14-05-20 16:05:58:111</time></pt><pt><x>218</x><y>295</y><time>14-05-20 16:05:59:062</time></pt><pt><x>227</x><y>288</y><time>14-05-20 16:05:59:773</time></pt><pt><x>227</x><y>284</y><time>14-05-20 16:06:08:000</time></pt><pt><x>231</x><y>276</y><time>14-05-20 16:06:09:226</time></pt><pt><x>234</x><y>268</y><time>14-05-20 16:06:09:866</time></pt><pt><x>237</x><y>255</y><time>14-05-20 16:06:10:526</time></pt><pt><x>238</x><y>242</y><time>14-05-20 16:06:11:226</time></pt><pt><x>238</x><y>231</y><time>14-05-20 16:06:11:809</time></pt><pt><x>236</x><y>225</y><time>14-05-20 16:06:12:255</time></pt><pt><x>233</x><y>212</y><time>14-05-20 16:06:12:904</time></pt><pt><x>231</x><y>208</y><time>14-05-20 16:06:13:534</time></pt><pt><x>228</x><y>199</y><time>14-05-20 16:06:14:078</time></pt><pt><x>229</x><y>192</y><time>14-05-20 16:06:14:694</time></pt><pt><x>229</x><y>179</y><time>14-05-20 16:06:15:400</time></pt><pt><x>227</x><y>165</y><time>14-05-20 16:06:16:013</time></pt><pt><x>226</x><y>154</y><time>14-05-20 16:06:16:624</time></pt><pt><x>226</x><y>143</y><time>14-05-20 16:06:17:214</time></pt><pt><x>228</x><y>133</y><time>14-05-20 16:06:17:985</time></pt><pt><x>228</x><y>119</y><time>14-05-20 16:06:18:573</time></pt><pt><x>228</x><y>112</y><time>14-05-20 16:06:19:098</time></pt><pt><x>225</x><y>114</y><time>14-05-20 16:06:20:042</time></pt><pt><x>217</x><y>125</y><time>14-05-20 16:06:20:752</time></pt><pt><x>209</x><y>129</y><time>14-05-20 16:06:22:444</time></pt><pt><x>202</x><y>131</y><time>14-05-20 16:06:22:912</time></pt><pt><x>193</x><y>132</y><time>14-05-20 16:06:23:334</time></pt><pt><x>186</x><y>131</y><time>14-05-20 16:06:23:950</time></pt><pt><x>175</x><y>124</y><time>14-05-20 16:06:24:437</time></pt><pt><x>167</x><y>118</y><time>14-05-20 16:06:25:045</time></pt><pt><x>163</x><y>116</y><time>14-05-20 16:06:25:664</time></pt><pt><x>159</x><y>112</y><time>14-05-20 16:06:26:231</time></pt><closed_date>14-05-20 16:06:31:893</closed_date></polygon></object><object><name>right_shoe</name><deleted>0</deleted><verified>0</verified><occluded>no</occluded><attributes></attributes><parts><hasparts></hasparts><ispartof></ispartof></parts><date>14-05-20 16:11:55:525</date><id>1</id><polygon><username>lab605</username><pt><x>154</x><y>107</y><time>14-05-20 16:10:58:859</time></pt><pt><x>151</x><y>122</y><time>14-05-20 16:11:00:297</time></pt><pt><x>150</x><y>133</y><time>14-05-20 16:11:02:382</time></pt><pt><x>153</x><y>138</y><time>14-05-20 16:11:03:948</time></pt><pt><x>154</x><y>143</y><time>14-05-20 16:11:04:807</time></pt><pt><x>154</x><y>151</y><time>14-05-20 16:11:05:690</time></pt><pt><x>154</x><y>159</y><time>14-05-20 16:11:06:234</time></pt><pt><x>151</x><y>170</y><time>14-05-20 16:11:06:762</time></pt><pt><x>150</x><y>179</y><time>14-05-20 16:11:07:661</time></pt><pt><x>148</x><y>186</y><time>14-05-20 16:11:08:202</time></pt><pt><x>146</x><y>194</y><time>14-05-20 16:11:08:949</time></pt><pt><x>145</x><y>200</y><time>14-05-20 16:11:09:625</time></pt><pt><x>143</x><y>207</y><time>14-05-20 16:11:10:235</time></pt><pt><x>141</x><y>215</y><time>14-05-20 16:11:11:640</time></pt><pt><x>141</x><y>222</y><time>14-05-20 16:11:12:322</time></pt><pt><x>142</x><y>234</y><time>14-05-20 16:11:13:084</time></pt><pt><x>144</x><y>243</y><time>14-05-20 16:11:14:577</time></pt><pt><x>147</x><y>255</y><time>14-05-20 16:11:15:807</time></pt><pt><x>151</x><y>264</y><time>14-05-20 16:11:16:821</time></pt><pt><x>157</x><y>276</y><time>14-05-20 16:11:18:199</time></pt><pt><x>162</x><y>283</y><time>14-05-20 16:11:19:075</time></pt><pt><x>171</x><y>294</y><time>14-05-20 16:11:19:717</time></pt><pt><x>180</x><y>301</y><time>14-05-20 16:11:20:264</time></pt><pt><x>193</x><y>302</y><time>14-05-20 16:11:20:986</time></pt><pt><x>208</x><y>299</y><time>14-05-20 16:11:21:913</time></pt><pt><x>215</x><y>295</y><time>14-05-20 16:11:22:632</time></pt><pt><x>225</x><y>288</y><time>14-05-20 16:11:23:380</time></pt><pt><x>229</x><y>279</y><time>14-05-20 16:11:23:897</time></pt><pt><x>234</x><y>266</y><time>14-05-20 16:11:24:549</time></pt><pt><x>236</x><y>253</y><time>14-05-20 16:11:25:121</time></pt><pt><x>236</x><y>232</y><time>14-05-20 16:11:27:475</time></pt><pt><x>234</x><y>218</y><time>14-05-20 16:11:28:841</time></pt><pt><x>230</x><y>208</y><time>14-05-20 16:11:29:472</time></pt><pt><x>229</x><y>200</y><time>14-05-20 16:11:29:956</time></pt><pt><x>231</x><y>187</y><time>14-05-20 16:11:30:593</time></pt><pt><x>228</x><y>168</y><time>14-05-20 16:11:32:994</time></pt><pt><x>227</x><y>156</y><time>14-05-20 16:11:34:233</time></pt><pt><x>228</x><y>144</y><time>14-05-20 16:11:34:767</time></pt><pt><x>229</x><y>130</y><time>14-05-20 16:11:35:263</time></pt><pt><x>229</x><y>117</y><time>14-05-20 16:11:35:900</time></pt><pt><x>228</x><y>114</y><time>14-05-20 16:11:38:028</time></pt><closed_date>14-05-20 16:11:40:328</closed_date></polygon></object><object><name>left_shoe</name><deleted>0</deleted><verified>0</verified><occluded>no</occluded><attributes></attributes><parts><hasparts></hasparts><ispartof></ispartof></parts><date>14-05-20 16:12:40:422</date><id>2</id><polygon><username>lab605</username><pt><x>400</x><y>83</y><time>14-05-20 16:11:59:300</time></pt><pt><x>391</x><y>89</y><time>14-05-20 16:12:00:349</time></pt><pt><x>386</x><y>97</y><time>14-05-20 16:12:01:095</time></pt><pt><x>385</x><y>107</y><time>14-05-20 16:12:01:970</time></pt><pt><x>385</x><y>118</y><time>14-05-20 16:12:02:712</time></pt><pt><x>385</x><y>130</y><time>14-05-20 16:12:04:326</time></pt><pt><x>389</x><y>141</y><time>14-05-20 16:12:05:374</time></pt><pt><x>392</x><y>147</y><time>14-05-20 16:12:06:266</time></pt><pt><x>397</x><y>156</y><time>14-05-20 16:12:06:749</time></pt><pt><x>400</x><y>162</y><time>14-05-20 16:12:07:180</time></pt><pt><x>403</x><y>169</y><time>14-05-20 16:12:08:062</time></pt><pt><x>403</x><y>183</y><time>14-05-20 16:12:08:504</time></pt><pt><x>402</x><y>198</y><time>14-05-20 16:12:08:972</time></pt><pt><x>399</x><y>203</y><time>14-05-20 16:12:09:447</time></pt><pt><x>394</x><y>208</y><time>14-05-20 16:12:09:978</time></pt><pt><x>392</x><y>217</y><time>14-05-20 16:12:10:435</time></pt><pt><x>393</x><y>237</y><time>14-05-20 16:12:11:624</time></pt><pt><x>395</x><y>246</y><time>14-05-20 16:12:12:314</time></pt><pt><x>400</x><y>259</y><time>14-05-20 16:12:13:324</time></pt><pt><x>406</x><y>269</y><time>14-05-20 16:12:13:901</time></pt><pt><x>415</x><y>280</y><time>14-05-20 16:12:14:534</time></pt><pt><x>427</x><y>286</y><time>14-05-20 16:12:15:374</time></pt><pt><x>443</x><y>289</y><time>14-05-20 16:12:16:845</time></pt><pt><x>460</x><y>285</y><time>14-05-20 16:12:17:875</time></pt><pt><x>467</x><y>278</y><time>14-05-20 16:12:18:543</time></pt><pt><x>474</x><y>264</y><time>14-05-20 16:12:19:112</time></pt><pt><x>480</x><y>246</y><time>14-05-20 16:12:20:221</time></pt><pt><x>481</x><y>238</y><time>14-05-20 16:12:20:952</time></pt><pt><x>484</x><y>218</y><time>14-05-20 16:12:22:043</time></pt><pt><x>482</x><y>210</y><time>14-05-20 16:12:22:778</time></pt><pt><x>480</x><y>192</y><time>14-05-20 16:12:23:455</time></pt><pt><x>476</x><y>176</y><time>14-05-20 16:12:24:308</time></pt><pt><x>477</x><y>163</y><time>14-05-20 16:12:25:062</time></pt><pt><x>476</x><y>143</y><time>14-05-20 16:12:26:387</time></pt><pt><x>476</x><y>135</y><time>14-05-20 16:12:26:963</time></pt><pt><x>477</x><y>127</y><time>14-05-20 16:12:27:673</time></pt><pt><x>477</x><y>120</y><time>14-05-20 16:12:29:669</time></pt><closed_date>14-05-20 16:12:31:097</closed_date></polygon></object></annotation>