<annotation><filename>angle0_66.jpg</filename><folder>users/lab605//shoes_new</folder><source><submittedBy>lab605</submittedBy></source><imagesize><nrows>480</nrows><ncols>640</ncols></imagesize><object><name>right_shoe</name><deleted>0</deleted><verified>0</verified><occluded>no</occluded><attributes></attributes><parts><hasparts></hasparts><ispartof></ispartof></parts><date>14-05-20 16:58:09:272</date><id>0</id><polygon><username>samliu</username><pt><x>256</x><y>94</y><time>14-05-20 16:57:42:970</time></pt><pt><x>254</x><y>115</y><time>14-05-20 16:57:44:906</time></pt><pt><x>252</x><y>171</y><time>14-05-20 16:57:46:045</time></pt><pt><x>259</x><y>210</y><time>14-05-20 16:57:46:851</time></pt><pt><x>277</x><y>236</y><time>14-05-20 16:57:48:016</time></pt><pt><x>303</x><y>240</y><time>14-05-20 16:57:48:851</time></pt><pt><x>313</x><y>230</y><time>14-05-20 16:57:49:713</time></pt><pt><x>320</x><y>214</y><time>14-05-20 16:57:50:495</time></pt><pt><x>321</x><y>189</y><time>14-05-20 16:57:51:441</time></pt><pt><x>320</x><y>172</y><time>14-05-20 16:57:52:077</time></pt><pt><x>315</x><y>142</y><time>14-05-20 16:57:53:209</time></pt><pt><x>315</x><y>114</y><time>14-05-20 16:57:53:953</time></pt><pt><x>310</x><y>93</y><time>14-05-20 16:57:54:645</time></pt><pt><x>310</x><y>89</y><time>14-05-20 16:57:55:273</time></pt><closed_date>14-05-20 16:57:55:909</closed_date></polygon></object><object><name>left_shoe</name><deleted>0</deleted><verified>0</verified><occluded>no</occluded><attributes></attributes><parts><hasparts></hasparts><ispartof></ispartof></parts><date>14-05-20 16:58:31:770</date><id>1</id><polygon><username>samliu</username><pt><x>348</x><y>90</y><time>14-05-20 16:58:10:602</time></pt><pt><x>344</x><y>108</y><time>14-05-20 16:58:11:756</time></pt><pt><x>349</x><y>128</y><time>14-05-20 16:58:12:354</time></pt><pt><x>349</x><y>153</y><time>14-05-20 16:58:13:252</time></pt><pt><x>345</x><y>182</y><time>14-05-20 16:58:14:788</time></pt><pt><x>342</x><y>206</y><time>14-05-20 16:58:15:889</time></pt><pt><x>345</x><y>228</y><time>14-05-20 16:58:16:486</time></pt><pt><x>355</x><y>243</y><time>14-05-20 16:58:17:331</time></pt><pt><x>372</x><y>245</y><time>14-05-20 16:58:18:719</time></pt><pt><x>390</x><y>233</y><time>14-05-20 16:58:19:588</time></pt><pt><x>404</x><y>216</y><time>14-05-20 16:58:20:751</time></pt><pt><x>409</x><y>194</y><time>14-05-20 16:58:21:829</time></pt><pt><x>411</x><y>172</y><time>14-05-20 16:58:22:589</time></pt><pt><x>411</x><y>136</y><time>14-05-20 16:58:23:419</time></pt><pt><x>407</x><y>106</y><time>14-05-20 16:58:24:155</time></pt><pt><x>407</x><y>95</y><time>14-05-20 16:58:24:985</time></pt><pt><x>402</x><y>99</y><time>14-05-20 16:58:26:031</time></pt><closed_date>14-05-20 16:58:26:939</closed_date></polygon></object></annotation>