<annotation><filename>angle0_14.jpg</filename><folder>users/lab605//shoes_new</folder><source><submittedBy>lab605</submittedBy></source><imagesize><nrows>480</nrows><ncols>640</ncols></imagesize><object><name>right_shoe</name><deleted>0</deleted><verified>0</verified><occluded>no</occluded><attributes></attributes><parts><hasparts></hasparts><ispartof></ispartof></parts><date>14-05-20 16:45:12:395</date><id>0</id><polygon><username>lab605</username><pt><x>246</x><y>53</y><time>14-05-20 16:44:46:182</time></pt><pt><x>244</x><y>69</y><time>14-05-20 16:44:46:996</time></pt><pt><x>241</x><y>83</y><time>14-05-20 16:44:47:689</time></pt><pt><x>239</x><y>93</y><time>14-05-20 16:44:48:229</time></pt><pt><x>234</x><y>103</y><time>14-05-20 16:44:48:747</time></pt><pt><x>233</x><y>114</y><time>14-05-20 16:44:49:504</time></pt><pt><x>231</x><y>125</y><time>14-05-20 16:44:50:110</time></pt><pt><x>228</x><y>134</y><time>14-05-20 16:44:50:765</time></pt><pt><x>227</x><y>143</y><time>14-05-20 16:44:51:371</time></pt><pt><x>226</x><y>153</y><time>14-05-20 16:44:52:606</time></pt><pt><x>228</x><y>166</y><time>14-05-20 16:44:53:986</time></pt><pt><x>232</x><y>175</y><time>14-05-20 16:44:54:669</time></pt><pt><x>238</x><y>182</y><time>14-05-20 16:44:55:253</time></pt><pt><x>246</x><y>186</y><time>14-05-20 16:44:55:875</time></pt><pt><x>254</x><y>190</y><time>14-05-20 16:44:56:716</time></pt><pt><x>263</x><y>190</y><time>14-05-20 16:44:57:301</time></pt><pt><x>273</x><y>190</y><time>14-05-20 16:44:57:765</time></pt><pt><x>280</x><y>187</y><time>14-05-20 16:44:58:322</time></pt><pt><x>288</x><y>183</y><time>14-05-20 16:44:58:865</time></pt><pt><x>293</x><y>175</y><time>14-05-20 16:44:59:620</time></pt><pt><x>296</x><y>162</y><time>14-05-20 16:45:00:412</time></pt><pt><x>296</x><y>153</y><time>14-05-20 16:45:00:916</time></pt><pt><x>296</x><y>142</y><time>14-05-20 16:45:01:594</time></pt><pt><x>295</x><y>131</y><time>14-05-20 16:45:02:151</time></pt><pt><x>295</x><y>120</y><time>14-05-20 16:45:02:742</time></pt><pt><x>295</x><y>111</y><time>14-05-20 16:45:03:241</time></pt><pt><x>297</x><y>103</y><time>14-05-20 16:45:04:046</time></pt><pt><x>301</x><y>92</y><time>14-05-20 16:45:04:840</time></pt><pt><x>300</x><y>85</y><time>14-05-20 16:45:05:611</time></pt><closed_date>14-05-20 16:45:06:786</closed_date></polygon></object><object><name>left_shoe</name><deleted>0</deleted><verified>0</verified><occluded>no</occluded><attributes></attributes><parts><hasparts></hasparts><ispartof></ispartof></parts><date>14-05-20 16:45:53:351</date><id>1</id><polygon><username>lab605</username><pt><x>367</x><y>144</y><time>14-05-20 16:45:16:703</time></pt><pt><x>358</x><y>156</y><time>14-05-20 16:45:17:326</time></pt><pt><x>352</x><y>167</y><time>14-05-20 16:45:18:285</time></pt><pt><x>347</x><y>175</y><time>14-05-20 16:45:19:116</time></pt><pt><x>347</x><y>186</y><time>14-05-20 16:45:19:888</time></pt><pt><x>349</x><y>200</y><time>14-05-20 16:45:20:660</time></pt><pt><x>354</x><y>209</y><time>14-05-20 16:45:21:359</time></pt><pt><x>359</x><y>217</y><time>14-05-20 16:45:21:968</time></pt><pt><x>357</x><y>239</y><time>14-05-20 16:45:23:156</time></pt><pt><x>354</x><y>249</y><time>14-05-20 16:45:24:288</time></pt><pt><x>353</x><y>260</y><time>14-05-20 16:45:25:095</time></pt><pt><x>352</x><y>272</y><time>14-05-20 16:45:25:610</time></pt><pt><x>352</x><y>287</y><time>14-05-20 16:45:26:241</time></pt><pt><x>356</x><y>297</y><time>14-05-20 16:45:26:946</time></pt><pt><x>364</x><y>305</y><time>14-05-20 16:45:27:664</time></pt><pt><x>373</x><y>311</y><time>14-05-20 16:45:28:140</time></pt><pt><x>383</x><y>315</y><time>14-05-20 16:45:28:638</time></pt><pt><x>395</x><y>316</y><time>14-05-20 16:45:29:146</time></pt><pt><x>404</x><y>314</y><time>14-05-20 16:45:29:744</time></pt><pt><x>415</x><y>305</y><time>14-05-20 16:45:30:590</time></pt><pt><x>422</x><y>300</y><time>14-05-20 16:45:31:230</time></pt><pt><x>428</x><y>291</y><time>14-05-20 16:45:31:774</time></pt><pt><x>431</x><y>280</y><time>14-05-20 16:45:32:394</time></pt><pt><x>432</x><y>270</y><time>14-05-20 16:45:33:104</time></pt><pt><x>432</x><y>259</y><time>14-05-20 16:45:34:015</time></pt><pt><x>430</x><y>250</y><time>14-05-20 16:45:34:772</time></pt><pt><x>428</x><y>240</y><time>14-05-20 16:45:35:442</time></pt><pt><x>425</x><y>230</y><time>14-05-20 16:45:36:048</time></pt><pt><x>422</x><y>221</y><time>14-05-20 16:45:36:932</time></pt><pt><x>419</x><y>209</y><time>14-05-20 16:45:38:143</time></pt><pt><x>419</x><y>204</y><time>14-05-20 16:45:38:856</time></pt><pt><x>419</x><y>196</y><time>14-05-20 16:45:39:583</time></pt><pt><x>421</x><y>190</y><time>14-05-20 16:45:40:183</time></pt><pt><x>422</x><y>175</y><time>14-05-20 16:45:41:066</time></pt><pt><x>420</x><y>167</y><time>14-05-20 16:45:42:303</time></pt><pt><x>420</x><y>158</y><time>14-05-20 16:45:43:287</time></pt><pt><x>417</x><y>153</y><time>14-05-20 16:45:43:845</time></pt><pt><x>415</x><y>148</y><time>14-05-20 16:45:44:493</time></pt><closed_date>14-05-20 16:45:45:893</closed_date></polygon></object></annotation>