<annotation><filename>angle0_29.jpg</filename><folder>users/lab605//shoes_new</folder><source><submittedBy>lab605</submittedBy></source><imagesize><nrows>480</nrows><ncols>640</ncols></imagesize><object><name>right_shoe</name><deleted>0</deleted><verified>0</verified><occluded>no</occluded><attributes></attributes><parts><hasparts></hasparts><ispartof></ispartof></parts><date>14-05-20 16:30:38:369</date><id>0</id><polygon><username>anonymous</username><pt><x>208</x><y>69</y><time>14-05-20 16:30:17:912</time></pt><pt><x>215</x><y>78</y><time>14-05-20 16:30:18:385</time></pt><pt><x>219</x><y>83</y><time>14-05-20 16:30:18:753</time></pt><pt><x>222</x><y>94</y><time>14-05-20 16:30:19:265</time></pt><pt><x>223</x><y>102</y><time>14-05-20 16:30:19:633</time></pt><pt><x>223</x><y>111</y><time>14-05-20 16:30:20:018</time></pt><pt><x>222</x><y>119</y><time>14-05-20 16:30:20:601</time></pt><pt><x>222</x><y>127</y><time>14-05-20 16:30:20:929</time></pt><pt><x>222</x><y>134</y><time>14-05-20 16:30:21:337</time></pt><pt><x>222</x><y>139</y><time>14-05-20 16:30:21:689</time></pt><pt><x>224</x><y>149</y><time>14-05-20 16:30:22:041</time></pt><pt><x>226</x><y>156</y><time>14-05-20 16:30:22:410</time></pt><pt><x>228</x><y>165</y><time>14-05-20 16:30:22:801</time></pt><pt><x>231</x><y>174</y><time>14-05-20 16:30:23:257</time></pt><pt><x>231</x><y>182</y><time>14-05-20 16:30:23:673</time></pt><pt><x>231</x><y>193</y><time>14-05-20 16:30:24:017</time></pt><pt><x>228</x><y>200</y><time>14-05-20 16:30:24:417</time></pt><pt><x>225</x><y>204</y><time>14-05-20 16:30:24:777</time></pt><pt><x>218</x><y>208</y><time>14-05-20 16:30:25:162</time></pt><pt><x>209</x><y>210</y><time>14-05-20 16:30:25:625</time></pt><pt><x>201</x><y>206</y><time>14-05-20 16:30:26:026</time></pt><pt><x>195</x><y>203</y><time>14-05-20 16:30:26:418</time></pt><pt><x>190</x><y>195</y><time>14-05-20 16:30:27:297</time></pt><pt><x>185</x><y>189</y><time>14-05-20 16:30:27:697</time></pt><pt><x>184</x><y>179</y><time>14-05-20 16:30:28:121</time></pt><pt><x>180</x><y>171</y><time>14-05-20 16:30:28:497</time></pt><pt><x>178</x><y>162</y><time>14-05-20 16:30:28:841</time></pt><pt><x>179</x><y>153</y><time>14-05-20 16:30:29:281</time></pt><pt><x>180</x><y>141</y><time>14-05-20 16:30:29:681</time></pt><pt><x>180</x><y>130</y><time>14-05-20 16:30:29:993</time></pt><pt><x>181</x><y>120</y><time>14-05-20 16:30:30:313</time></pt><pt><x>179</x><y>113</y><time>14-05-20 16:30:30:810</time></pt><pt><x>179</x><y>103</y><time>14-05-20 16:30:31:153</time></pt><pt><x>178</x><y>95</y><time>14-05-20 16:30:31:569</time></pt><closed_date>14-05-20 16:30:32:817</closed_date></polygon></object><object><name>left_shoe</name><deleted>0</deleted><verified>0</verified><occluded>no</occluded><attributes></attributes><parts><hasparts></hasparts><ispartof></ispartof></parts><date>14-05-20 16:31:15:457</date><id>1</id><polygon><username>anonymous</username><pt><x>261</x><y>78</y><time>14-05-20 16:30:47:304</time></pt><pt><x>257</x><y>86</y><time>14-05-20 16:30:47:897</time></pt><pt><x>254</x><y>94</y><time>14-05-20 16:30:48:289</time></pt><pt><x>253</x><y>103</y><time>14-05-20 16:30:48:673</time></pt><pt><x>253</x><y>112</y><time>14-05-20 16:30:49:217</time></pt><pt><x>255</x><y>122</y><time>14-05-20 16:30:49:601</time></pt><pt><x>256</x><y>129</y><time>14-05-20 16:30:49:921</time></pt><pt><x>257</x><y>138</y><time>14-05-20 16:30:50:265</time></pt><pt><x>255</x><y>147</y><time>14-05-20 16:30:50:585</time></pt><pt><x>254</x><y>156</y><time>14-05-20 16:30:51:217</time></pt><pt><x>250</x><y>164</y><time>14-05-20 16:30:51:657</time></pt><pt><x>249</x><y>172</y><time>14-05-20 16:30:52:089</time></pt><pt><x>250</x><y>187</y><time>14-05-20 16:30:52:465</time></pt><pt><x>253</x><y>195</y><time>14-05-20 16:30:52:833</time></pt><pt><x>257</x><y>205</y><time>14-05-20 16:30:53:185</time></pt><pt><x>264</x><y>213</y><time>14-05-20 16:30:53:873</time></pt><pt><x>273</x><y>214</y><time>14-05-20 16:30:54:353</time></pt><pt><x>281</x><y>212</y><time>14-05-20 16:30:54:761</time></pt><pt><x>287</x><y>206</y><time>14-05-20 16:30:55:169</time></pt><pt><x>289</x><y>196</y><time>14-05-20 16:30:55:505</time></pt><pt><x>292</x><y>186</y><time>14-05-20 16:30:55:905</time></pt><pt><x>298</x><y>177</y><time>14-05-20 16:30:56:297</time></pt><pt><x>299</x><y>167</y><time>14-05-20 16:30:56:665</time></pt><pt><x>301</x><y>159</y><time>14-05-20 16:30:57:009</time></pt><pt><x>300</x><y>145</y><time>14-05-20 16:30:57:409</time></pt><pt><x>300</x><y>134</y><time>14-05-20 16:30:57:777</time></pt><pt><x>300</x><y>124</y><time>14-05-20 16:30:58:121</time></pt><pt><x>300</x><y>115</y><time>14-05-20 16:30:58:497</time></pt><pt><x>300</x><y>106</y><time>14-05-20 16:30:58:905</time></pt><pt><x>300</x><y>101</y><time>14-05-20 16:30:59:337</time></pt><pt><x>299</x><y>99</y><time>14-05-20 16:30:59:729</time></pt><closed_date>14-05-20 16:31:02:553</closed_date></polygon></object></annotation>