<annotation><filename>angle0_28.jpg</filename><folder>users/lab605//shoes_new</folder><source><submittedBy>lab605</submittedBy></source><imagesize><nrows>480</nrows><ncols>640</ncols></imagesize><object><name>right_shoe</name><deleted>0</deleted><verified>0</verified><occluded>no</occluded><attributes></attributes><parts><hasparts></hasparts><ispartof></ispartof></parts><date>14-05-20 16:29:46:178</date><id>0</id><polygon><username>anonymous</username><pt><x>226</x><y>71</y><time>14-05-20 16:29:23:945</time></pt><pt><x>225</x><y>80</y><time>14-05-20 16:29:24:538</time></pt><pt><x>225</x><y>91</y><time>14-05-20 16:29:24:978</time></pt><pt><x>225</x><y>100</y><time>14-05-20 16:29:25:434</time></pt><pt><x>224</x><y>110</y><time>14-05-20 16:29:25:826</time></pt><pt><x>224</x><y>116</y><time>14-05-20 16:29:26:202</time></pt><pt><x>225</x><y>128</y><time>14-05-20 16:29:26:634</time></pt><pt><x>226</x><y>139</y><time>14-05-20 16:29:27:106</time></pt><pt><x>227</x><y>152</y><time>14-05-20 16:29:28:162</time></pt><pt><x>229</x><y>162</y><time>14-05-20 16:29:28:658</time></pt><pt><x>230</x><y>167</y><time>14-05-20 16:29:29:010</time></pt><pt><x>235</x><y>176</y><time>14-05-20 16:29:29:410</time></pt><pt><x>245</x><y>180</y><time>14-05-20 16:29:30:106</time></pt><pt><x>254</x><y>181</y><time>14-05-20 16:29:30:514</time></pt><pt><x>262</x><y>179</y><time>14-05-20 16:29:30:850</time></pt><pt><x>264</x><y>174</y><time>14-05-20 16:29:31:178</time></pt><pt><x>271</x><y>169</y><time>14-05-20 16:29:31:546</time></pt><pt><x>272</x><y>161</y><time>14-05-20 16:29:31:906</time></pt><pt><x>274</x><y>155</y><time>14-05-20 16:29:32:242</time></pt><pt><x>274</x><y>145</y><time>14-05-20 16:29:32:570</time></pt><pt><x>277</x><y>131</y><time>14-05-20 16:29:33:010</time></pt><pt><x>274</x><y>115</y><time>14-05-20 16:29:34:994</time></pt><pt><x>274</x><y>102</y><time>14-05-20 16:29:35:394</time></pt><pt><x>273</x><y>87</y><time>14-05-20 16:29:35:770</time></pt><pt><x>273</x><y>78</y><time>14-05-20 16:29:36:186</time></pt><pt><x>274</x><y>66</y><time>14-05-20 16:29:36:570</time></pt><pt><x>274</x><y>52</y><time>14-05-20 16:29:37:010</time></pt><pt><x>273</x><y>41</y><time>14-05-20 16:29:37:450</time></pt><pt><x>271</x><y>31</y><time>14-05-20 16:29:37:850</time></pt><pt><x>267</x><y>22</y><time>14-05-20 16:29:38:434</time></pt><pt><x>261</x><y>18</y><time>14-05-20 16:29:39:354</time></pt><pt><x>259</x><y>17</y><time>14-05-20 16:29:40:122</time></pt><closed_date>14-05-20 16:29:41:034</closed_date></polygon></object><object><name>left_shoe</name><deleted>0</deleted><verified>0</verified><occluded>no</occluded><attributes></attributes><parts><hasparts></hasparts><ispartof></ispartof></parts><date>14-05-20 16:30:10:996</date><id>1</id><polygon><username>anonymous</username><pt><x>329</x><y>22</y><time>14-05-20 16:29:48:499</time></pt><pt><x>323</x><y>29</y><time>14-05-20 16:29:49:138</time></pt><pt><x>317</x><y>34</y><time>14-05-20 16:29:49:674</time></pt><pt><x>316</x><y>41</y><time>14-05-20 16:29:50:082</time></pt><pt><x>314</x><y>49</y><time>14-05-20 16:29:50:530</time></pt><pt><x>311</x><y>56</y><time>14-05-20 16:29:50:978</time></pt><pt><x>309</x><y>67</y><time>14-05-20 16:29:51:370</time></pt><pt><x>307</x><y>73</y><time>14-05-20 16:29:51:794</time></pt><pt><x>305</x><y>82</y><time>14-05-20 16:29:52:217</time></pt><pt><x>303</x><y>94</y><time>14-05-20 16:29:52:658</time></pt><pt><x>304</x><y>104</y><time>14-05-20 16:29:53:121</time></pt><pt><x>304</x><y>111</y><time>14-05-20 16:29:53:529</time></pt><pt><x>302</x><y>119</y><time>14-05-20 16:29:53:905</time></pt><pt><x>300</x><y>134</y><time>14-05-20 16:29:54:417</time></pt><pt><x>300</x><y>143</y><time>14-05-20 16:29:54:842</time></pt><pt><x>300</x><y>158</y><time>14-05-20 16:29:55:273</time></pt><pt><x>301</x><y>169</y><time>14-05-20 16:29:55:690</time></pt><pt><x>301</x><y>173</y><time>14-05-20 16:29:56:089</time></pt><pt><x>305</x><y>179</y><time>14-05-20 16:29:56:650</time></pt><pt><x>315</x><y>182</y><time>14-05-20 16:29:57:177</time></pt><pt><x>323</x><y>183</y><time>14-05-20 16:29:57:545</time></pt><pt><x>334</x><y>174</y><time>14-05-20 16:29:58:114</time></pt><pt><x>343</x><y>166</y><time>14-05-20 16:29:58:514</time></pt><pt><x>347</x><y>153</y><time>14-05-20 16:29:58:873</time></pt><pt><x>350</x><y>147</y><time>14-05-20 16:29:59:318</time></pt><pt><x>351</x><y>137</y><time>14-05-20 16:29:59:874</time></pt><pt><x>353</x><y>127</y><time>14-05-20 16:30:00:258</time></pt><pt><x>355</x><y>115</y><time>14-05-20 16:30:00:602</time></pt><pt><x>357</x><y>102</y><time>14-05-20 16:30:01:066</time></pt><pt><x>357</x><y>94</y><time>14-05-20 16:30:01:465</time></pt><pt><x>357</x><y>81</y><time>14-05-20 16:30:01:842</time></pt><pt><x>357</x><y>74</y><time>14-05-20 16:30:02:281</time></pt><closed_date>14-05-20 16:30:03:034</closed_date></polygon></object></annotation>