<annotation><filename>angle0_55.jpg</filename><folder>users/lab605//shoes_new</folder><source><submittedBy>lab605</submittedBy></source><imagesize><nrows>480</nrows><ncols>640</ncols></imagesize><object><name>right_shoe</name><deleted>0</deleted><verified>0</verified><occluded>no</occluded><attributes></attributes><parts><hasparts></hasparts><ispartof></ispartof></parts><date>14-05-20 16:26:29:051</date><id>0</id><polygon><username>samliu</username><pt><x>308</x><y>122</y><time>14-05-20 16:26:05:067</time></pt><pt><x>316</x><y>139</y><time>14-05-20 16:26:06:815</time></pt><pt><x>316</x><y>156</y><time>14-05-20 16:26:07:559</time></pt><pt><x>324</x><y>172</y><time>14-05-20 16:26:09:169</time></pt><pt><x>328</x><y>189</y><time>14-05-20 16:26:10:339</time></pt><pt><x>323</x><y>209</y><time>14-05-20 16:26:11:798</time></pt><pt><x>314</x><y>221</y><time>14-05-20 16:26:12:773</time></pt><pt><x>298</x><y>219</y><time>14-05-20 16:26:13:998</time></pt><pt><x>288</x><y>202</y><time>14-05-20 16:26:15:476</time></pt><pt><x>281</x><y>189</y><time>14-05-20 16:26:16:158</time></pt><pt><x>281</x><y>177</y><time>14-05-20 16:26:16:754</time></pt><pt><x>281</x><y>170</y><time>14-05-20 16:26:17:530</time></pt><pt><x>281</x><y>168</y><time>14-05-20 16:26:18:824</time></pt><pt><x>276</x><y>163</y><time>14-05-20 16:26:19:614</time></pt><pt><x>273</x><y>154</y><time>14-05-20 16:26:20:086</time></pt><pt><x>276</x><y>149</y><time>14-05-20 16:26:20:676</time></pt><closed_date>14-05-20 16:26:21:984</closed_date></polygon></object><object><name>left_shoe</name><deleted>0</deleted><verified>0</verified><occluded>no</occluded><attributes></attributes><parts><hasparts></hasparts><ispartof></ispartof></parts><date>14-05-20 16:27:04:013</date><id>1</id><polygon><username>samliu</username><pt><x>345</x><y>92</y><time>14-05-20 16:26:33:817</time></pt><pt><x>341</x><y>102</y><time>14-05-20 16:26:34:768</time></pt><pt><x>336</x><y>110</y><time>14-05-20 16:26:35:705</time></pt><pt><x>336</x><y>124</y><time>14-05-20 16:26:36:372</time></pt><pt><x>341</x><y>136</y><time>14-05-20 16:26:36:915</time></pt><pt><x>341</x><y>149</y><time>14-05-20 16:26:38:028</time></pt><pt><x>339</x><y>158</y><time>14-05-20 16:26:39:122</time></pt><pt><x>334</x><y>165</y><time>14-05-20 16:26:39:632</time></pt><pt><x>332</x><y>168</y><time>14-05-20 16:26:40:128</time></pt><pt><x>335</x><y>179</y><time>14-05-20 16:26:42:468</time></pt><pt><x>332</x><y>192</y><time>14-05-20 16:26:44:289</time></pt><pt><x>332</x><y>204</y><time>14-05-20 16:26:46:017</time></pt><pt><x>341</x><y>214</y><time>14-05-20 16:26:46:683</time></pt><pt><x>347</x><y>219</y><time>14-05-20 16:26:47:473</time></pt><pt><x>358</x><y>215</y><time>14-05-20 16:26:48:287</time></pt><pt><x>367</x><y>205</y><time>14-05-20 16:26:49:573</time></pt><pt><x>372</x><y>191</y><time>14-05-20 16:26:50:317</time></pt><pt><x>375</x><y>172</y><time>14-05-20 16:26:51:555</time></pt><pt><x>377</x><y>163</y><time>14-05-20 16:26:52:431</time></pt><pt><x>382</x><y>152</y><time>14-05-20 16:26:53:523</time></pt><pt><x>385</x><y>144</y><time>14-05-20 16:26:54:321</time></pt><closed_date>14-05-20 16:26:57:150</closed_date></polygon></object></annotation>