<annotation><filename>angle0_83.jpg</filename><folder>users/lab605//shoes_new</folder><source><submittedBy>lab605</submittedBy></source><imagesize><nrows>480</nrows><ncols>640</ncols></imagesize><object><name>right_shoe</name><deleted>0</deleted><verified>0</verified><occluded>no</occluded><attributes></attributes><parts><hasparts></hasparts><ispartof></ispartof></parts><date>14-05-20 17:26:35:371</date><id>0</id><polygon><username>samliu</username><pt><x>285</x><y>217</y><time>14-05-20 17:26:20:025</time></pt><pt><x>292</x><y>236</y><time>14-05-20 17:26:20:907</time></pt><pt><x>293</x><y>258</y><time>14-05-20 17:26:21:724</time></pt><pt><x>286</x><y>267</y><time>14-05-20 17:26:22:397</time></pt><pt><x>289</x><y>292</y><time>14-05-20 17:26:23:467</time></pt><pt><x>286</x><y>313</y><time>14-05-20 17:26:24:382</time></pt><pt><x>274</x><y>324</y><time>14-05-20 17:26:25:297</time></pt><pt><x>254</x><y>321</y><time>14-05-20 17:26:26:211</time></pt><pt><x>246</x><y>301</y><time>14-05-20 17:26:26:917</time></pt><pt><x>245</x><y>279</y><time>14-05-20 17:26:27:521</time></pt><pt><x>251</x><y>266</y><time>14-05-20 17:26:28:111</time></pt><pt><x>255</x><y>249</y><time>14-05-20 17:26:28:607</time></pt><pt><x>255</x><y>233</y><time>14-05-20 17:26:29:065</time></pt><closed_date>14-05-20 17:26:30:019</closed_date></polygon></object><object><name>left_shoe</name><deleted>0</deleted><verified>0</verified><occluded>no</occluded><attributes></attributes><parts><hasparts></hasparts><ispartof></ispartof></parts><date>14-05-20 17:27:01:810</date><id>1</id><polygon><username>samliu</username><pt><x>343</x><y>137</y><time>14-05-20 17:26:36:843</time></pt><pt><x>335</x><y>156</y><time>14-05-20 17:26:37:687</time></pt><pt><x>336</x><y>174</y><time>14-05-20 17:26:38:245</time></pt><pt><x>338</x><y>194</y><time>14-05-20 17:26:38:873</time></pt><pt><x>332</x><y>216</y><time>14-05-20 17:26:40:315</time></pt><pt><x>334</x><y>233</y><time>14-05-20 17:26:41:053</time></pt><pt><x>342</x><y>247</y><time>14-05-20 17:26:41:711</time></pt><pt><x>359</x><y>247</y><time>14-05-20 17:26:42:426</time></pt><pt><x>371</x><y>227</y><time>14-05-20 17:26:43:625</time></pt><pt><x>372</x><y>211</y><time>14-05-20 17:26:44:285</time></pt><pt><x>372</x><y>189</y><time>14-05-20 17:26:44:959</time></pt><pt><x>371</x><y>171</y><time>14-05-20 17:26:45:463</time></pt><pt><x>371</x><y>163</y><time>14-05-20 17:26:45:967</time></pt><closed_date>14-05-20 17:26:46:713</closed_date></polygon></object></annotation>