<annotation><filename>angle0_84.jpg</filename><folder>users/lab605//shoes_new</folder><source><submittedBy>lab605</submittedBy></source><imagesize><nrows>480</nrows><ncols>640</ncols></imagesize><object><name>right_shoe</name><deleted>0</deleted><verified>0</verified><occluded>no</occluded><attributes></attributes><parts><hasparts></hasparts><ispartof></ispartof></parts><date>14-05-20 17:28:11:974</date><id>0</id><polygon><username>samliu</username><pt><x>280</x><y>273</y><time>14-05-20 17:27:45:734</time></pt><pt><x>295</x><y>313</y><time>14-05-20 17:27:46:494</time></pt><pt><x>299</x><y>366</y><time>14-05-20 17:27:47:446</time></pt><pt><x>306</x><y>409</y><time>14-05-20 17:27:48:448</time></pt><pt><x>300</x><y>450</y><time>14-05-20 17:27:49:363</time></pt><pt><x>291</x><y>459</y><time>14-05-20 17:27:49:961</time></pt><pt><x>268</x><y>462</y><time>14-05-20 17:27:50:727</time></pt><pt><x>245</x><y>447</y><time>14-05-20 17:27:56:156</time></pt><pt><x>232</x><y>425</y><time>14-05-20 17:27:56:924</time></pt><pt><x>228</x><y>397</y><time>14-05-20 17:27:57:838</time></pt><pt><x>227</x><y>375</y><time>14-05-20 17:27:58:582</time></pt><pt><x>233</x><y>336</y><time>14-05-20 17:27:59:506</time></pt><pt><x>233</x><y>308</y><time>14-05-20 17:28:00:234</time></pt><pt><x>235</x><y>287</y><time>14-05-20 17:28:01:212</time></pt><closed_date>14-05-20 17:28:01:972</closed_date></polygon></object><object><name>left_shoe</name><deleted>0</deleted><verified>0</verified><occluded>no</occluded><attributes></attributes><parts><hasparts></hasparts><ispartof></ispartof></parts><date>14-05-20 17:28:50:380</date><id>1</id><polygon><username>samliu</username><pt><x>325</x><y>271</y><time>14-05-20 17:28:22:805</time></pt><pt><x>315</x><y>295</y><time>14-05-20 17:28:23:902</time></pt><pt><x>312</x><y>316</y><time>14-05-20 17:28:30:310</time></pt><pt><x>312</x><y>344</y><time>14-05-20 17:28:31:619</time></pt><pt><x>311</x><y>371</y><time>14-05-20 17:28:32:464</time></pt><pt><x>310</x><y>391</y><time>14-05-20 17:28:33:145</time></pt><pt><x>308</x><y>408</y><time>14-05-20 17:28:34:084</time></pt><pt><x>312</x><y>436</y><time>14-05-20 17:28:35:054</time></pt><pt><x>322</x><y>458</y><time>14-05-20 17:28:36:372</time></pt><pt><x>342</x><y>467</y><time>14-05-20 17:28:37:264</time></pt><pt><x>362</x><y>456</y><time>14-05-20 17:28:38:310</time></pt><pt><x>375</x><y>430</y><time>14-05-20 17:28:39:054</time></pt><pt><x>383</x><y>404</y><time>14-05-20 17:28:39:698</time></pt><pt><x>385</x><y>387</y><time>14-05-20 17:28:40:272</time></pt><pt><x>383</x><y>371</y><time>14-05-20 17:28:40:955</time></pt><pt><x>376</x><y>340</y><time>14-05-20 17:28:42:111</time></pt><pt><x>370</x><y>311</y><time>14-05-20 17:28:42:706</time></pt><pt><x>372</x><y>290</y><time>14-05-20 17:28:43:443</time></pt><closed_date>14-05-20 17:28:44:507</closed_date></polygon></object></annotation>