<annotation><filename>angle0_78.jpg</filename><folder>users/lab605//shoes_new</folder><source><submittedBy>lab605</submittedBy></source><imagesize><nrows>480</nrows><ncols>640</ncols></imagesize><object><name>right_shoe</name><deleted>0</deleted><verified>0</verified><occluded>no</occluded><attributes></attributes><parts><hasparts></hasparts><ispartof></ispartof></parts><date>14-05-20 17:20:33:759</date><id>0</id><polygon><username>samliu</username><pt><x>306</x><y>279</y><time>14-05-20 17:16:25:399</time></pt><pt><x>325</x><y>299</y><time>14-05-20 17:16:26:125</time></pt><pt><x>324</x><y>328</y><time>14-05-20 17:16:27:249</time></pt><pt><x>319</x><y>347</y><time>14-05-20 17:16:28:032</time></pt><pt><x>329</x><y>370</y><time>14-05-20 17:16:28:947</time></pt><pt><x>332</x><y>400</y><time>14-05-20 17:16:29:793</time></pt><pt><x>323</x><y>420</y><time>14-05-20 17:16:30:847</time></pt><pt><x>308</x><y>427</y><time>14-05-20 17:16:31:661</time></pt><pt><x>288</x><y>425</y><time>14-05-20 17:16:32:281</time></pt><pt><x>273</x><y>396</y><time>14-05-20 17:16:33:071</time></pt><pt><x>270</x><y>367</y><time>14-05-20 17:16:33:785</time></pt><pt><x>275</x><y>351</y><time>14-05-20 17:16:34:434</time></pt><pt><x>279</x><y>325</y><time>14-05-20 17:16:35:017</time></pt><pt><x>279</x><y>311</y><time>14-05-20 17:16:35:551</time></pt><closed_date>14-05-20 17:16:36:257</closed_date></polygon></object><object><name>left_shoe</name><deleted>0</deleted><verified>0</verified><occluded>no</occluded><attributes></attributes><parts><hasparts></hasparts><ispartof></ispartof></parts><date>14-05-20 17:20:55:707</date><id>1</id><polygon><username>samliu</username><pt><x>348</x><y>291</y><time>14-05-20 17:20:34:961</time></pt><pt><x>337</x><y>312</y><time>14-05-20 17:20:35:889</time></pt><pt><x>339</x><y>337</y><time>14-05-20 17:20:37:037</time></pt><pt><x>345</x><y>358</y><time>14-05-20 17:20:37:765</time></pt><pt><x>340</x><y>381</y><time>14-05-20 17:20:38:517</time></pt><pt><x>339</x><y>409</y><time>14-05-20 17:20:39:897</time></pt><pt><x>355</x><y>431</y><time>14-05-20 17:20:40:937</time></pt><pt><x>376</x><y>431</y><time>14-05-20 17:20:41:875</time></pt><pt><x>390</x><y>418</y><time>14-05-20 17:20:42:659</time></pt><pt><x>397</x><y>394</y><time>14-05-20 17:20:43:767</time></pt><pt><x>397</x><y>374</y><time>14-05-20 17:20:44:503</time></pt><pt><x>393</x><y>361</y><time>14-05-20 17:20:45:209</time></pt><pt><x>385</x><y>335</y><time>14-05-20 17:20:45:993</time></pt><pt><x>384</x><y>310</y><time>14-05-20 17:20:46:767</time></pt><pt><x>383</x><y>306</y><time>14-05-20 17:20:47:497</time></pt><closed_date>14-05-20 17:20:48:271</closed_date></polygon></object></annotation>