<annotation><filename>angle0_11.jpg</filename><folder>users/lab605//shoes_new</folder><source><submittedBy>lab605</submittedBy></source><imagesize><nrows>480</nrows><ncols>640</ncols></imagesize><object><name>right_shoe</name><deleted>0</deleted><verified>0</verified><occluded>no</occluded><attributes></attributes><parts><hasparts></hasparts><ispartof></ispartof></parts><date>14-05-20 16:40:13:326</date><id>0</id><polygon><username>lab605</username><pt><x>314</x><y>187</y><time>14-05-20 16:39:33:642</time></pt><pt><x>310</x><y>202</y><time>14-05-20 16:39:37:611</time></pt><pt><x>311</x><y>213</y><time>14-05-20 16:39:38:464</time></pt><pt><x>308</x><y>222</y><time>14-05-20 16:39:39:281</time></pt><pt><x>306</x><y>232</y><time>14-05-20 16:39:40:282</time></pt><pt><x>304</x><y>242</y><time>14-05-20 16:39:41:087</time></pt><pt><x>302</x><y>254</y><time>14-05-20 16:39:42:102</time></pt><pt><x>302</x><y>267</y><time>14-05-20 16:39:42:826</time></pt><pt><x>303</x><y>279</y><time>14-05-20 16:39:43:672</time></pt><pt><x>306</x><y>289</y><time>14-05-20 16:39:44:969</time></pt><pt><x>310</x><y>297</y><time>14-05-20 16:39:45:685</time></pt><pt><x>315</x><y>305</y><time>14-05-20 16:39:46:242</time></pt><pt><x>319</x><y>311</y><time>14-05-20 16:39:46:780</time></pt><pt><x>329</x><y>318</y><time>14-05-20 16:39:47:307</time></pt><pt><x>337</x><y>318</y><time>14-05-20 16:39:47:873</time></pt><pt><x>344</x><y>315</y><time>14-05-20 16:39:48:397</time></pt><pt><x>352</x><y>308</y><time>14-05-20 16:39:49:491</time></pt><pt><x>355</x><y>298</y><time>14-05-20 16:39:50:110</time></pt><pt><x>359</x><y>290</y><time>14-05-20 16:39:50:626</time></pt><pt><x>360</x><y>283</y><time>14-05-20 16:39:51:092</time></pt><pt><x>360</x><y>272</y><time>14-05-20 16:39:51:619</time></pt><pt><x>357</x><y>263</y><time>14-05-20 16:39:52:164</time></pt><pt><x>357</x><y>255</y><time>14-05-20 16:39:52:616</time></pt><pt><x>356</x><y>246</y><time>14-05-20 16:39:53:132</time></pt><pt><x>356</x><y>234</y><time>14-05-20 16:39:53:886</time></pt><pt><x>357</x><y>223</y><time>14-05-20 16:39:54:477</time></pt><pt><x>355</x><y>211</y><time>14-05-20 16:39:57:074</time></pt><pt><x>357</x><y>202</y><time>14-05-20 16:39:57:827</time></pt><pt><x>356</x><y>192</y><time>14-05-20 16:39:58:781</time></pt><pt><x>354</x><y>185</y><time>14-05-20 16:39:59:427</time></pt><pt><x>351</x><y>179</y><time>14-05-20 16:40:00:054</time></pt><pt><x>347</x><y>172</y><time>14-05-20 16:40:00:644</time></pt><pt><x>339</x><y>169</y><time>14-05-20 16:40:01:324</time></pt><closed_date>14-05-20 16:40:02:266</closed_date></polygon></object><object><name>left_shoe</name><deleted>0</deleted><verified>0</verified><occluded>no</occluded><attributes></attributes><parts><hasparts></hasparts><ispartof></ispartof></parts><date>14-05-20 16:41:04:179</date><id>1</id><polygon><username>lab605</username><pt><x>420</x><y>172</y><time>14-05-20 16:40:20:949</time></pt><pt><x>411</x><y>178</y><time>14-05-20 16:40:21:667</time></pt><pt><x>404</x><y>184</y><time>14-05-20 16:40:22:584</time></pt><pt><x>402</x><y>191</y><time>14-05-20 16:40:23:268</time></pt><pt><x>398</x><y>198</y><time>14-05-20 16:40:28:636</time></pt><pt><x>399</x><y>208</y><time>14-05-20 16:40:29:202</time></pt><pt><x>401</x><y>216</y><time>14-05-20 16:40:29:825</time></pt><pt><x>401</x><y>225</y><time>14-05-20 16:40:30:861</time></pt><pt><x>400</x><y>239</y><time>14-05-20 16:40:31:380</time></pt><pt><x>400</x><y>249</y><time>14-05-20 16:40:32:072</time></pt><pt><x>399</x><y>259</y><time>14-05-20 16:40:32:917</time></pt><pt><x>396</x><y>267</y><time>14-05-20 16:40:33:921</time></pt><pt><x>394</x><y>275</y><time>14-05-20 16:40:34:565</time></pt><pt><x>394</x><y>285</y><time>14-05-20 16:40:35:338</time></pt><pt><x>393</x><y>292</y><time>14-05-20 16:40:35:950</time></pt><pt><x>397</x><y>302</y><time>14-05-20 16:40:39:593</time></pt><pt><x>401</x><y>308</y><time>14-05-20 16:40:40:354</time></pt><pt><x>406</x><y>314</y><time>14-05-20 16:40:41:154</time></pt><pt><x>409</x><y>320</y><time>14-05-20 16:40:42:063</time></pt><pt><x>418</x><y>322</y><time>14-05-20 16:40:42:928</time></pt><pt><x>425</x><y>322</y><time>14-05-20 16:40:43:413</time></pt><pt><x>434</x><y>317</y><time>14-05-20 16:40:44:105</time></pt><pt><x>440</x><y>310</y><time>14-05-20 16:40:44:979</time></pt><pt><x>444</x><y>303</y><time>14-05-20 16:40:45:713</time></pt><pt><x>448</x><y>293</y><time>14-05-20 16:40:46:435</time></pt><pt><x>450</x><y>285</y><time>14-05-20 16:40:47:064</time></pt><pt><x>451</x><y>278</y><time>14-05-20 16:40:47:783</time></pt><pt><x>453</x><y>267</y><time>14-05-20 16:40:49:061</time></pt><pt><x>452</x><y>258</y><time>14-05-20 16:40:49:816</time></pt><pt><x>451</x><y>246</y><time>14-05-20 16:40:51:168</time></pt><pt><x>451</x><y>236</y><time>14-05-20 16:40:52:768</time></pt><pt><x>449</x><y>228</y><time>14-05-20 16:40:53:667</time></pt><pt><x>448</x><y>215</y><time>14-05-20 16:40:55:501</time></pt><pt><x>448</x><y>208</y><time>14-05-20 16:40:56:101</time></pt><pt><x>444</x><y>204</y><time>14-05-20 16:40:56:618</time></pt><closed_date>14-05-20 16:40:57:379</closed_date></polygon></object></annotation>