<annotation><filename>angle0_60.jpg</filename><folder>users/lab605//shoes_new</folder><source><submittedBy>lab605</submittedBy></source><imagesize><nrows>480</nrows><ncols>640</ncols></imagesize><object><name>right_shoe</name><deleted>0</deleted><verified>0</verified><occluded>no</occluded><attributes></attributes><parts><hasparts></hasparts><ispartof></ispartof></parts><date>14-05-20 16:42:07:704</date><id>0</id><polygon><username>samliu</username><pt><x>185</x><y>1</y><time>14-05-20 16:41:33:380</time></pt><pt><x>186</x><y>56</y><time>14-05-20 16:41:34:338</time></pt><pt><x>184</x><y>114</y><time>14-05-20 16:41:35:378</time></pt><pt><x>187</x><y>165</y><time>14-05-20 16:41:36:696</time></pt><pt><x>188</x><y>194</y><time>14-05-20 16:41:37:672</time></pt><pt><x>180</x><y>228</y><time>14-05-20 16:41:38:618</time></pt><pt><x>168</x><y>250</y><time>14-05-20 16:41:39:486</time></pt><pt><x>153</x><y>266</y><time>14-05-20 16:41:40:324</time></pt><pt><x>123</x><y>271</y><time>14-05-20 16:41:41:324</time></pt><pt><x>95</x><y>261</y><time>14-05-20 16:41:42:208</time></pt><pt><x>79</x><y>214</y><time>14-05-20 16:41:43:354</time></pt><pt><x>77</x><y>177</y><time>14-05-20 16:41:44:363</time></pt><pt><x>77</x><y>132</y><time>14-05-20 16:41:45:214</time></pt><pt><x>98</x><y>52</y><time>14-05-20 16:41:46:308</time></pt><pt><x>95</x><y>36</y><time>14-05-20 16:41:50:332</time></pt><pt><x>91</x><y>14</y><time>14-05-20 16:41:50:858</time></pt><closed_date>14-05-20 16:42:00:626</closed_date></polygon></object><object><name>left_shoe</name><deleted>0</deleted><verified>0</verified><occluded>no</occluded><attributes></attributes><parts><hasparts></hasparts><ispartof></ispartof></parts><date>14-05-20 16:42:42:159</date><id>1</id><polygon><username>samliu</username><pt><x>416</x><y>0</y><time>14-05-20 16:42:11:027</time></pt><pt><x>404</x><y>27</y><time>14-05-20 16:42:12:078</time></pt><pt><x>405</x><y>57</y><time>14-05-20 16:42:13:055</time></pt><pt><x>405</x><y>97</y><time>14-05-20 16:42:14:373</time></pt><pt><x>404</x><y>119</y><time>14-05-20 16:42:15:227</time></pt><pt><x>397</x><y>149</y><time>14-05-20 16:42:16:297</time></pt><pt><x>390</x><y>177</y><time>14-05-20 16:42:17:739</time></pt><pt><x>388</x><y>212</y><time>14-05-20 16:42:18:815</time></pt><pt><x>392</x><y>235</y><time>14-05-20 16:42:19:746</time></pt><pt><x>404</x><y>258</y><time>14-05-20 16:42:20:615</time></pt><pt><x>424</x><y>272</y><time>14-05-20 16:42:21:731</time></pt><pt><x>449</x><y>272</y><time>14-05-20 16:42:22:893</time></pt><pt><x>468</x><y>266</y><time>14-05-20 16:42:24:235</time></pt><pt><x>479</x><y>244</y><time>14-05-20 16:42:25:111</time></pt><pt><x>492</x><y>215</y><time>14-05-20 16:42:25:949</time></pt><pt><x>497</x><y>179</y><time>14-05-20 16:42:27:135</time></pt><pt><x>501</x><y>147</y><time>14-05-20 16:42:27:949</time></pt><pt><x>494</x><y>92</y><time>14-05-20 16:42:29:073</time></pt><pt><x>495</x><y>61</y><time>14-05-20 16:42:30:135</time></pt><pt><x>500</x><y>38</y><time>14-05-20 16:42:30:723</time></pt><pt><x>508</x><y>32</y><time>14-05-20 16:42:32:693</time></pt><pt><x>463</x><y>0</y><time>14-05-20 16:42:34:863</time></pt><closed_date>14-05-20 16:42:35:771</closed_date></polygon></object></annotation>