<annotation><filename>angle0_100.jpg</filename><folder>users/lab605//shoes_new</folder><source><submittedBy>lab605</submittedBy></source><imagesize><nrows>480</nrows><ncols>640</ncols></imagesize><object><name>right_shoe</name><deleted>0</deleted><verified>0</verified><occluded>no</occluded><attributes></attributes><parts><hasparts></hasparts><ispartof></ispartof></parts><date>14-05-20 17:03:21:727</date><id>0</id><polygon><username>lab605</username><pt><x>258</x><y>210</y><time>14-05-20 17:02:09:829</time></pt><pt><x>257</x><y>227</y><time>14-05-20 17:02:10:436</time></pt><pt><x>258</x><y>242</y><time>14-05-20 17:02:11:448</time></pt><pt><x>260</x><y>250</y><time>14-05-20 17:02:12:223</time></pt><pt><x>260</x><y>263</y><time>14-05-20 17:02:13:192</time></pt><pt><x>260</x><y>279</y><time>14-05-20 17:02:13:949</time></pt><pt><x>260</x><y>292</y><time>14-05-20 17:02:14:690</time></pt><pt><x>259</x><y>301</y><time>14-05-20 17:02:15:304</time></pt><pt><x>260</x><y>317</y><time>14-05-20 17:02:17:982</time></pt><pt><x>263</x><y>330</y><time>14-05-20 17:02:22:518</time></pt><pt><x>266</x><y>340</y><time>14-05-20 17:02:23:297</time></pt><pt><x>269</x><y>352</y><time>14-05-20 17:02:24:371</time></pt><pt><x>273</x><y>364</y><time>14-05-20 17:02:26:228</time></pt><pt><x>280</x><y>375</y><time>14-05-20 17:02:27:557</time></pt><pt><x>288</x><y>383</y><time>14-05-20 17:02:28:437</time></pt><pt><x>299</x><y>389</y><time>14-05-20 17:02:29:751</time></pt><pt><x>311</x><y>392</y><time>14-05-20 17:02:30:609</time></pt><pt><x>323</x><y>389</y><time>14-05-20 17:02:31:544</time></pt><pt><x>331</x><y>383</y><time>14-05-20 17:02:32:263</time></pt><pt><x>335</x><y>376</y><time>14-05-20 17:02:32:932</time></pt><pt><x>340</x><y>367</y><time>14-05-20 17:02:35:325</time></pt><pt><x>341</x><y>358</y><time>14-05-20 17:02:36:135</time></pt><pt><x>342</x><y>344</y><time>14-05-20 17:02:36:699</time></pt><pt><x>341</x><y>327</y><time>14-05-20 17:02:38:792</time></pt><pt><x>340</x><y>318</y><time>14-05-20 17:02:39:818</time></pt><pt><x>338</x><y>305</y><time>14-05-20 17:02:40:464</time></pt><pt><x>335</x><y>290</y><time>14-05-20 17:02:41:406</time></pt><pt><x>333</x><y>280</y><time>14-05-20 17:02:47:147</time></pt><pt><x>332</x><y>267</y><time>14-05-20 17:02:48:138</time></pt><pt><x>331</x><y>250</y><time>14-05-20 17:02:49:138</time></pt><pt><x>331</x><y>239</y><time>14-05-20 17:02:50:537</time></pt><pt><x>331</x><y>225</y><time>14-05-20 17:03:01:713</time></pt><pt><x>331</x><y>213</y><time>14-05-20 17:03:03:150</time></pt><pt><x>327</x><y>203</y><time>14-05-20 17:03:04:314</time></pt><pt><x>322</x><y>196</y><time>14-05-20 17:03:05:173</time></pt><pt><x>318</x><y>184</y><time>14-05-20 17:03:06:806</time></pt><pt><x>314</x><y>179</y><time>14-05-20 17:03:07:664</time></pt><pt><x>309</x><y>170</y><time>14-05-20 17:03:08:666</time></pt><pt><x>305</x><y>166</y><time>14-05-20 17:03:09:380</time></pt><closed_date>14-05-20 17:03:10:807</closed_date></polygon></object><object><name>left_shoe</name><deleted>0</deleted><verified>0</verified><occluded>no</occluded><attributes></attributes><parts><hasparts></hasparts><ispartof></ispartof></parts><date>14-05-20 17:04:03:366</date><id>1</id><polygon><username>lab605</username><pt><x>358</x><y>175</y><time>14-05-20 17:03:24:340</time></pt><pt><x>352</x><y>190</y><time>14-05-20 17:03:25:336</time></pt><pt><x>351</x><y>201</y><time>14-05-20 17:03:25:875</time></pt><pt><x>348</x><y>216</y><time>14-05-20 17:03:26:709</time></pt><pt><x>347</x><y>235</y><time>14-05-20 17:03:27:811</time></pt><pt><x>347</x><y>253</y><time>14-05-20 17:03:28:642</time></pt><pt><x>347</x><y>278</y><time>14-05-20 17:03:29:497</time></pt><pt><x>345</x><y>298</y><time>14-05-20 17:03:30:930</time></pt><pt><x>344</x><y>314</y><time>14-05-20 17:03:32:245</time></pt><pt><x>343</x><y>332</y><time>14-05-20 17:03:35:287</time></pt><pt><x>343</x><y>345</y><time>14-05-20 17:03:36:294</time></pt><pt><x>345</x><y>362</y><time>14-05-20 17:03:37:279</time></pt><pt><x>348</x><y>373</y><time>14-05-20 17:03:39:350</time></pt><pt><x>354</x><y>382</y><time>14-05-20 17:03:40:022</time></pt><pt><x>364</x><y>389</y><time>14-05-20 17:03:40:643</time></pt><pt><x>373</x><y>392</y><time>14-05-20 17:03:41:518</time></pt><pt><x>383</x><y>389</y><time>14-05-20 17:03:42:169</time></pt><pt><x>394</x><y>385</y><time>14-05-20 17:03:42:686</time></pt><pt><x>404</x><y>373</y><time>14-05-20 17:03:43:265</time></pt><pt><x>412</x><y>356</y><time>14-05-20 17:03:44:204</time></pt><pt><x>419</x><y>335</y><time>14-05-20 17:03:45:628</time></pt><pt><x>422</x><y>318</y><time>14-05-20 17:03:46:658</time></pt><pt><x>423</x><y>304</y><time>14-05-20 17:03:47:575</time></pt><pt><x>422</x><y>288</y><time>14-05-20 17:03:48:746</time></pt><pt><x>419</x><y>281</y><time>14-05-20 17:03:49:408</time></pt><pt><x>417</x><y>266</y><time>14-05-20 17:03:50:495</time></pt><pt><x>415</x><y>256</y><time>14-05-20 17:03:51:451</time></pt><pt><x>418</x><y>245</y><time>14-05-20 17:03:52:617</time></pt><pt><x>419</x><y>234</y><time>14-05-20 17:03:53:444</time></pt><pt><x>417</x><y>211</y><time>14-05-20 17:03:54:168</time></pt><pt><x>415</x><y>196</y><time>14-05-20 17:03:55:201</time></pt><closed_date>14-05-20 17:03:56:686</closed_date></polygon></object></annotation>