<annotation><filename>angle0_98.jpg</filename><folder>users/lab605//shoes_new</folder><source><submittedBy>lab605</submittedBy></source><imagesize><nrows>480</nrows><ncols>640</ncols></imagesize><object><name>right_shoe</name><deleted>0</deleted><verified>0</verified><occluded>no</occluded><attributes></attributes><parts><hasparts/><ispartof/></parts><date>14-05-20 17:07:45:500</date><id>0</id><polygon><username>lab605</username><pt><x>214</x><y>95</y><time>14-05-20 17:06:39:290</time></pt><pt><x>212</x><y>111</y><time>14-05-20 17:06:50:868</time></pt><pt><x>209</x><y>121</y><time>14-05-20 17:06:51:499</time></pt><pt><x>208</x><y>140</y><time>14-05-20 17:06:52:327</time></pt><pt><x>208</x><y>156</y><time>14-05-20 17:06:53:472</time></pt><pt><x>204</x><y>167</y><time>14-05-20 17:06:54:475</time></pt><pt><x>203</x><y>183</y><time>14-05-20 17:06:56:008</time></pt><pt><x>200</x><y>196</y><time>14-05-20 17:06:56:811</time></pt><pt><x>198</x><y>211</y><time>14-05-20 17:06:57:649</time></pt><pt><x>200</x><y>230</y><time>14-05-20 17:06:59:204</time></pt><pt><x>202</x><y>244</y><time>14-05-20 17:07:00:586</time></pt><pt><x>204</x><y>256</y><time>14-05-20 17:07:01:782</time></pt><pt><x>208</x><y>266</y><time>14-05-20 17:07:02:631</time></pt><pt><x>215</x><y>276</y><time>14-05-20 17:07:03:958</time></pt><pt><x>221</x><y>286</y><time>14-05-20 17:07:04:677</time></pt><pt><x>234</x><y>301</y><time>14-05-20 17:07:05:541</time></pt><pt><x>247</x><y>307</y><time>14-05-20 17:07:06:560</time></pt><pt><x>257</x><y>311</y><time>14-05-20 17:07:07:457</time></pt><pt><x>269</x><y>311</y><time>14-05-20 17:07:08:150</time></pt><pt><x>280</x><y>311</y><time>14-05-20 17:07:08:853</time></pt><pt><x>292</x><y>307</y><time>14-05-20 17:07:09:726</time></pt><pt><x>301</x><y>297</y><time>14-05-20 17:07:10:630</time></pt><pt><x>306</x><y>288</y><time>14-05-20 17:07:13:119</time></pt><pt><x>310</x><y>279</y><time>14-05-20 17:07:19:960</time></pt><pt><x>311</x><y>268</y><time>14-05-20 17:07:21:727</time></pt><pt><x>312</x><y>256</y><time>14-05-20 17:07:22:703</time></pt><pt><x>312</x><y>243</y><time>14-05-20 17:07:24:073</time></pt><pt><x>311</x><y>230</y><time>14-05-20 17:07:25:278</time></pt><pt><x>312</x><y>220</y><time>14-05-20 17:07:27:273</time></pt><pt><x>309</x><y>201</y><time>14-05-20 17:07:28:075</time></pt><pt><x>309</x><y>184</y><time>14-05-20 17:07:28:939</time></pt><pt><x>308</x><y>170</y><time>14-05-20 17:07:31:525</time></pt><pt><x>305</x><y>149</y><time>14-05-20 17:07:32:993</time></pt><pt><x>305</x><y>131</y><time>14-05-20 17:07:33:880</time></pt><pt><x>305</x><y>112</y><time>14-05-20 17:07:34:499</time></pt><pt><x>305</x><y>95</y><time>14-05-20 17:07:35:138</time></pt><closed_date>14-05-20 17:07:37:656</closed_date></polygon></object><object><name>left_shoe</name><deleted>0</deleted><verified>0</verified><occluded>no</occluded><attributes/><parts><hasparts/><ispartof/></parts><date>14-05-20 17:08:44:807</date><id>1</id><polygon><username>lab605</username><pt><x>364</x><y>91</y><time>14-05-20 17:07:48:700</time></pt><pt><x>361</x><y>107</y><time>14-05-20 17:07:49:871</time></pt><pt><x>358</x><y>122</y><time>14-05-20 17:07:51:206</time></pt><pt><x>356</x><y>135</y><time>14-05-20 17:07:52:355</time></pt><pt><x>355</x><y>147</y><time>14-05-20 17:07:53:472</time></pt><pt><x>352</x><y>160</y><time>14-05-20 17:07:54:721</time></pt><pt><x>349</x><y>175</y><time>14-05-20 17:07:55:780</time></pt><pt><x>346</x><y>183</y><time>14-05-20 17:08:01:113</time></pt><pt><x>344</x><y>192</y><time>14-05-20 17:08:02:036</time></pt><pt><x>341</x><y>203</y><time>14-05-20 17:08:02:961</time></pt><pt><x>338</x><y>217</y><time>14-05-20 17:08:05:535</time></pt><pt><x>335</x><y>232</y><time>14-05-20 17:08:06:455</time></pt><pt><x>335</x><y>246</y><time>14-05-20 17:08:11:399</time></pt><pt><x>334</x><y>258</y><time>14-05-20 17:08:12:314</time></pt><pt><x>332</x><y>269</y><time>14-05-20 17:08:13:197</time></pt><pt><x>333</x><y>278</y><time>14-05-20 17:08:14:633</time></pt><pt><x>335</x><y>286</y><time>14-05-20 17:08:15:937</time></pt><pt><x>342</x><y>293</y><time>14-05-20 17:08:16:599</time></pt><pt><x>349</x><y>298</y><time>14-05-20 17:08:17:976</time></pt><pt><x>359</x><y>301</y><time>14-05-20 17:08:18:820</time></pt><pt><x>368</x><y>305</y><time>14-05-20 17:08:19:583</time></pt><pt><x>383</x><y>303</y><time>14-05-20 17:08:20:261</time></pt><pt><x>400</x><y>297</y><time>14-05-20 17:08:21:113</time></pt><pt><x>409</x><y>293</y><time>14-05-20 17:08:21:789</time></pt><pt><x>419</x><y>286</y><time>14-05-20 17:08:22:304</time></pt><pt><x>428</x><y>275</y><time>14-05-20 17:08:23:110</time></pt><pt><x>438</x><y>254</y><time>14-05-20 17:08:24:285</time></pt><pt><x>443</x><y>240</y><time>14-05-20 17:08:25:516</time></pt><pt><x>448</x><y>223</y><time>14-05-20 17:08:26:721</time></pt><pt><x>451</x><y>208</y><time>14-05-20 17:08:27:832</time></pt><pt><x>452</x><y>194</y><time>14-05-20 17:08:28:660</time></pt><pt><x>452</x><y>179</y><time>14-05-20 17:08:29:742</time></pt><pt><x>453</x><y>162</y><time>14-05-20 17:08:30:655</time></pt><pt><x>455</x><y>147</y><time>14-05-20 17:08:33:159</time></pt><pt><x>460</x><y>133</y><time>14-05-20 17:08:34:614</time></pt><pt><x>462</x><y>117</y><time>14-05-20 17:08:35:206</time></pt><pt><x>464</x><y>101</y><time>14-05-20 17:08:35:831</time></pt><pt><x>462</x><y>99</y><time>14-05-20 17:08:37:385</time></pt><closed_date>14-05-20 17:08:38:444</closed_date></polygon></object></annotation>