<annotation><filename>angle0_93.jpg</filename><folder>users/lab605//shoes_new</folder><source><submittedBy>lab605</submittedBy></source><imagesize><nrows>480</nrows><ncols>640</ncols></imagesize><object><name>right_shoe</name><deleted>0</deleted><verified>0</verified><occluded>no</occluded><attributes></attributes><parts><hasparts></hasparts><ispartof></ispartof></parts><date>14-05-20 17:16:27:052</date><id>0</id><polygon><username>lab605</username><pt><x>254</x><y>94</y><time>14-05-20 17:15:56:980</time></pt><pt><x>251</x><y>116</y><time>14-05-20 17:15:57:860</time></pt><pt><x>248</x><y>131</y><time>14-05-20 17:15:58:882</time></pt><pt><x>245</x><y>145</y><time>14-05-20 17:15:59:950</time></pt><pt><x>242</x><y>155</y><time>14-05-20 17:16:01:054</time></pt><pt><x>240</x><y>166</y><time>14-05-20 17:16:01:910</time></pt><pt><x>241</x><y>175</y><time>14-05-20 17:16:02:751</time></pt><pt><x>241</x><y>187</y><time>14-05-20 17:16:03:702</time></pt><pt><x>247</x><y>197</y><time>14-05-20 17:16:04:598</time></pt><pt><x>251</x><y>209</y><time>14-05-20 17:16:05:607</time></pt><pt><x>257</x><y>217</y><time>14-05-20 17:16:06:323</time></pt><pt><x>263</x><y>221</y><time>14-05-20 17:16:07:034</time></pt><pt><x>273</x><y>225</y><time>14-05-20 17:16:07:763</time></pt><pt><x>281</x><y>225</y><time>14-05-20 17:16:08:391</time></pt><pt><x>293</x><y>221</y><time>14-05-20 17:16:08:963</time></pt><pt><x>299</x><y>214</y><time>14-05-20 17:16:09:526</time></pt><pt><x>305</x><y>204</y><time>14-05-20 17:16:10:415</time></pt><pt><x>309</x><y>187</y><time>14-05-20 17:16:11:676</time></pt><pt><x>311</x><y>175</y><time>14-05-20 17:16:12:606</time></pt><pt><x>311</x><y>160</y><time>14-05-20 17:16:13:948</time></pt><pt><x>309</x><y>145</y><time>14-05-20 17:16:14:817</time></pt><pt><x>309</x><y>128</y><time>14-05-20 17:16:15:838</time></pt><pt><x>309</x><y>110</y><time>14-05-20 17:16:16:752</time></pt><pt><x>307</x><y>98</y><time>14-05-20 17:16:17:588</time></pt><pt><x>308</x><y>95</y><time>14-05-20 17:16:18:399</time></pt><closed_date>14-05-20 17:16:19:613</closed_date></polygon></object><object><name>left_shoe</name><deleted>0</deleted><verified>0</verified><occluded>no</occluded><attributes></attributes><parts><hasparts></hasparts><ispartof></ispartof></parts><date>14-05-20 17:17:14:113</date><id>1</id><polygon><username>lab605</username><pt><x>326</x><y>95</y><time>14-05-20 17:16:29:304</time></pt><pt><x>326</x><y>111</y><time>14-05-20 17:16:30:415</time></pt><pt><x>325</x><y>119</y><time>14-05-20 17:16:31:508</time></pt><pt><x>325</x><y>127</y><time>14-05-20 17:16:32:368</time></pt><pt><x>323</x><y>134</y><time>14-05-20 17:16:33:810</time></pt><pt><x>322</x><y>140</y><time>14-05-20 17:16:34:882</time></pt><pt><x>321</x><y>149</y><time>14-05-20 17:16:35:679</time></pt><pt><x>320</x><y>154</y><time>14-05-20 17:16:36:955</time></pt><pt><x>318</x><y>162</y><time>14-05-20 17:16:38:228</time></pt><pt><x>318</x><y>171</y><time>14-05-20 17:16:39:159</time></pt><pt><x>318</x><y>179</y><time>14-05-20 17:16:43:447</time></pt><pt><x>315</x><y>186</y><time>14-05-20 17:16:44:438</time></pt><pt><x>318</x><y>196</y><time>14-05-20 17:16:45:267</time></pt><pt><x>317</x><y>201</y><time>14-05-20 17:16:47:504</time></pt><pt><x>318</x><y>208</y><time>14-05-20 17:16:48:893</time></pt><pt><x>322</x><y>216</y><time>14-05-20 17:16:49:703</time></pt><pt><x>326</x><y>222</y><time>14-05-20 17:16:50:467</time></pt><pt><x>331</x><y>225</y><time>14-05-20 17:16:51:292</time></pt><pt><x>335</x><y>229</y><time>14-05-20 17:16:52:020</time></pt><pt><x>344</x><y>230</y><time>14-05-20 17:16:52:691</time></pt><pt><x>352</x><y>229</y><time>14-05-20 17:16:53:552</time></pt><pt><x>360</x><y>224</y><time>14-05-20 17:16:54:486</time></pt><pt><x>367</x><y>218</y><time>14-05-20 17:16:55:154</time></pt><pt><x>373</x><y>210</y><time>14-05-20 17:16:55:718</time></pt><pt><x>381</x><y>199</y><time>14-05-20 17:16:56:971</time></pt><pt><x>383</x><y>187</y><time>14-05-20 17:16:57:676</time></pt><pt><x>385</x><y>169</y><time>14-05-20 17:16:58:485</time></pt><pt><x>385</x><y>154</y><time>14-05-20 17:16:59:609</time></pt><pt><x>384</x><y>141</y><time>14-05-20 17:17:00:886</time></pt><pt><x>382</x><y>127</y><time>14-05-20 17:17:02:496</time></pt><pt><x>381</x><y>118</y><time>14-05-20 17:17:03:555</time></pt><pt><x>380</x><y>108</y><time>14-05-20 17:17:04:392</time></pt><pt><x>379</x><y>102</y><time>14-05-20 17:17:05:382</time></pt><closed_date>14-05-20 17:17:07:009</closed_date></polygon></object></annotation>