<annotation><filename>angle0_90.jpg</filename><folder>users/lab605//shoes_new</folder><source><submittedBy>lab605</submittedBy></source><imagesize><nrows>480</nrows><ncols>640</ncols></imagesize><object><name>right_shoe</name><deleted>0</deleted><verified>0</verified><occluded>no</occluded><attributes></attributes><parts><hasparts></hasparts><ispartof></ispartof></parts><date>14-05-20 17:21:46:065</date><id>0</id><polygon><username>lab605</username><pt><x>237</x><y>208</y><time>14-05-20 17:20:49:073</time></pt><pt><x>233</x><y>225</y><time>14-05-20 17:20:49:769</time></pt><pt><x>229</x><y>242</y><time>14-05-20 17:20:50:480</time></pt><pt><x>225</x><y>255</y><time>14-05-20 17:20:51:313</time></pt><pt><x>224</x><y>268</y><time>14-05-20 17:20:52:000</time></pt><pt><x>221</x><y>279</y><time>14-05-20 17:20:52:725</time></pt><pt><x>221</x><y>297</y><time>14-05-20 17:20:54:251</time></pt><pt><x>221</x><y>309</y><time>14-05-20 17:20:55:193</time></pt><pt><x>221</x><y>320</y><time>14-05-20 17:21:03:752</time></pt><pt><x>221</x><y>335</y><time>14-05-20 17:21:04:426</time></pt><pt><x>225</x><y>347</y><time>14-05-20 17:21:05:286</time></pt><pt><x>229</x><y>360</y><time>14-05-20 17:21:06:176</time></pt><pt><x>234</x><y>369</y><time>14-05-20 17:21:07:221</time></pt><pt><x>241</x><y>381</y><time>14-05-20 17:21:07:968</time></pt><pt><x>246</x><y>389</y><time>14-05-20 17:21:08:892</time></pt><pt><x>254</x><y>399</y><time>14-05-20 17:21:09:537</time></pt><pt><x>260</x><y>401</y><time>14-05-20 17:21:10:041</time></pt><pt><x>263</x><y>406</y><time>14-05-20 17:21:16:250</time></pt><pt><x>274</x><y>406</y><time>14-05-20 17:21:17:410</time></pt><pt><x>285</x><y>406</y><time>14-05-20 17:21:18:115</time></pt><pt><x>295</x><y>401</y><time>14-05-20 17:21:18:960</time></pt><pt><x>311</x><y>382</y><time>14-05-20 17:21:20:006</time></pt><pt><x>317</x><y>364</y><time>14-05-20 17:21:21:446</time></pt><pt><x>318</x><y>347</y><time>14-05-20 17:21:22:754</time></pt><pt><x>318</x><y>331</y><time>14-05-20 17:21:24:176</time></pt><pt><x>316</x><y>318</y><time>14-05-20 17:21:25:484</time></pt><pt><x>315</x><y>305</y><time>14-05-20 17:21:26:567</time></pt><pt><x>315</x><y>291</y><time>14-05-20 17:21:27:535</time></pt><pt><x>312</x><y>279</y><time>14-05-20 17:21:28:312</time></pt><pt><x>308</x><y>266</y><time>14-05-20 17:21:29:687</time></pt><pt><x>305</x><y>252</y><time>14-05-20 17:21:30:596</time></pt><pt><x>307</x><y>241</y><time>14-05-20 17:21:31:252</time></pt><pt><x>312</x><y>217</y><time>14-05-20 17:21:33:090</time></pt><pt><x>315</x><y>208</y><time>14-05-20 17:21:34:305</time></pt><pt><x>315</x><y>197</y><time>14-05-20 17:21:35:738</time></pt><pt><x>309</x><y>185</y><time>14-05-20 17:21:36:476</time></pt><pt><x>305</x><y>180</y><time>14-05-20 17:21:37:210</time></pt><closed_date>14-05-20 17:21:38:133</closed_date></polygon></object><object><name>left_shoe</name><deleted>0</deleted><verified>0</verified><occluded>no</occluded><attributes></attributes><parts><hasparts></hasparts><ispartof></ispartof></parts><date>14-05-20 17:22:35:169</date><id>1</id><polygon><username>lab605</username><pt><x>320</x><y>178</y><time>14-05-20 17:21:49:144</time></pt><pt><x>318</x><y>190</y><time>14-05-20 17:21:50:201</time></pt><pt><x>318</x><y>201</y><time>14-05-20 17:21:51:277</time></pt><pt><x>322</x><y>217</y><time>14-05-20 17:21:52:136</time></pt><pt><x>325</x><y>234</y><time>14-05-20 17:21:53:224</time></pt><pt><x>328</x><y>244</y><time>14-05-20 17:21:53:988</time></pt><pt><x>326</x><y>263</y><time>14-05-20 17:21:55:101</time></pt><pt><x>326</x><y>276</y><time>14-05-20 17:21:55:813</time></pt><pt><x>325</x><y>287</y><time>14-05-20 17:21:56:328</time></pt><pt><x>322</x><y>297</y><time>14-05-20 17:21:56:932</time></pt><pt><x>319</x><y>307</y><time>14-05-20 17:21:57:670</time></pt><pt><x>319</x><y>316</y><time>14-05-20 17:21:59:089</time></pt><pt><x>318</x><y>331</y><time>14-05-20 17:22:00:163</time></pt><pt><x>320</x><y>345</y><time>14-05-20 17:22:01:190</time></pt><pt><x>322</x><y>363</y><time>14-05-20 17:22:02:107</time></pt><pt><x>327</x><y>376</y><time>14-05-20 17:22:02:923</time></pt><pt><x>334</x><y>390</y><time>14-05-20 17:22:03:549</time></pt><pt><x>345</x><y>401</y><time>14-05-20 17:22:04:470</time></pt><pt><x>354</x><y>405</y><time>14-05-20 17:22:05:162</time></pt><pt><x>365</x><y>405</y><time>14-05-20 17:22:05:705</time></pt><pt><x>375</x><y>403</y><time>14-05-20 17:22:06:320</time></pt><pt><x>381</x><y>400</y><time>14-05-20 17:22:06:845</time></pt><pt><x>388</x><y>395</y><time>14-05-20 17:22:07:506</time></pt><pt><x>393</x><y>389</y><time>14-05-20 17:22:08:157</time></pt><pt><x>397</x><y>381</y><time>14-05-20 17:22:08:785</time></pt><pt><x>402</x><y>369</y><time>14-05-20 17:22:09:628</time></pt><pt><x>406</x><y>362</y><time>14-05-20 17:22:10:338</time></pt><pt><x>408</x><y>352</y><time>14-05-20 17:22:10:904</time></pt><pt><x>411</x><y>343</y><time>14-05-20 17:22:11:663</time></pt><pt><x>413</x><y>333</y><time>14-05-20 17:22:12:391</time></pt><pt><x>415</x><y>321</y><time>14-05-20 17:22:13:053</time></pt><pt><x>415</x><y>310</y><time>14-05-20 17:22:13:636</time></pt><pt><x>415</x><y>295</y><time>14-05-20 17:22:14:380</time></pt><pt><x>414</x><y>280</y><time>14-05-20 17:22:15:214</time></pt><pt><x>413</x><y>267</y><time>14-05-20 17:22:16:662</time></pt><pt><x>409</x><y>258</y><time>14-05-20 17:22:17:401</time></pt><pt><x>407</x><y>249</y><time>14-05-20 17:22:18:054</time></pt><pt><x>402</x><y>235</y><time>14-05-20 17:22:19:046</time></pt><pt><x>399</x><y>223</y><time>14-05-20 17:22:20:217</time></pt><pt><x>396</x><y>216</y><time>14-05-20 17:22:20:891</time></pt><pt><x>393</x><y>208</y><time>14-05-20 17:22:21:508</time></pt><pt><x>394</x><y>200</y><time>14-05-20 17:22:24:041</time></pt><closed_date>14-05-20 17:22:25:091</closed_date></polygon></object></annotation>