<annotation><filename>angle0_12.jpg</filename><folder>users/lab605//shoes_new</folder><source><submittedBy>lab605</submittedBy></source><imagesize><nrows>480</nrows><ncols>640</ncols></imagesize><object><name>right_shoe</name><deleted>0</deleted><verified>0</verified><occluded>no</occluded><attributes></attributes><parts><hasparts></hasparts><ispartof></ispartof></parts><date>14-05-20 16:42:07:902</date><id>0</id><polygon><username>lab605</username><pt><x>241</x><y>226</y><time>14-05-20 16:41:11:806</time></pt><pt><x>240</x><y>245</y><time>14-05-20 16:41:12:849</time></pt><pt><x>238</x><y>259</y><time>14-05-20 16:41:14:811</time></pt><pt><x>234</x><y>272</y><time>14-05-20 16:41:16:436</time></pt><pt><x>232</x><y>284</y><time>14-05-20 16:41:17:380</time></pt><pt><x>231</x><y>294</y><time>14-05-20 16:41:18:715</time></pt><pt><x>227</x><y>305</y><time>14-05-20 16:41:19:907</time></pt><pt><x>225</x><y>318</y><time>14-05-20 16:41:20:966</time></pt><pt><x>223</x><y>329</y><time>14-05-20 16:41:22:539</time></pt><pt><x>225</x><y>343</y><time>14-05-20 16:41:23:357</time></pt><pt><x>233</x><y>356</y><time>14-05-20 16:41:24:261</time></pt><pt><x>238</x><y>364</y><time>14-05-20 16:41:25:448</time></pt><pt><x>244</x><y>369</y><time>14-05-20 16:41:26:047</time></pt><pt><x>251</x><y>373</y><time>14-05-20 16:41:26:965</time></pt><pt><x>257</x><y>375</y><time>14-05-20 16:41:27:474</time></pt><pt><x>267</x><y>377</y><time>14-05-20 16:41:31:957</time></pt><pt><x>272</x><y>376</y><time>14-05-20 16:41:32:574</time></pt><pt><x>278</x><y>369</y><time>14-05-20 16:41:33:218</time></pt><pt><x>284</x><y>360</y><time>14-05-20 16:41:33:912</time></pt><pt><x>291</x><y>350</y><time>14-05-20 16:41:34:841</time></pt><pt><x>294</x><y>340</y><time>14-05-20 16:41:35:549</time></pt><pt><x>296</x><y>327</y><time>14-05-20 16:41:36:420</time></pt><pt><x>296</x><y>314</y><time>14-05-20 16:41:37:249</time></pt><pt><x>293</x><y>305</y><time>14-05-20 16:41:37:970</time></pt><pt><x>293</x><y>295</y><time>14-05-20 16:41:39:118</time></pt><pt><x>293</x><y>282</y><time>14-05-20 16:41:44:777</time></pt><pt><x>293</x><y>269</y><time>14-05-20 16:41:46:062</time></pt><pt><x>293</x><y>255</y><time>14-05-20 16:41:47:117</time></pt><pt><x>295</x><y>241</y><time>14-05-20 16:41:49:290</time></pt><pt><x>293</x><y>228</y><time>14-05-20 16:41:51:747</time></pt><pt><x>290</x><y>215</y><time>14-05-20 16:41:53:399</time></pt><pt><x>284</x><y>211</y><time>14-05-20 16:41:53:972</time></pt><pt><x>280</x><y>205</y><time>14-05-20 16:41:54:680</time></pt><pt><x>279</x><y>201</y><time>14-05-20 16:41:55:323</time></pt><pt><x>276</x><y>199</y><time>14-05-20 16:41:56:005</time></pt><closed_date>14-05-20 16:41:56:783</closed_date></polygon></object><object><name>left_shoe</name><deleted>0</deleted><verified>0</verified><occluded>no</occluded><attributes></attributes><parts><hasparts></hasparts><ispartof></ispartof></parts><date>14-05-20 16:43:15:688</date><id>1</id><polygon><username>lab605</username><pt><x>322</x><y>198</y><time>14-05-20 16:42:12:033</time></pt><pt><x>313</x><y>208</y><time>14-05-20 16:42:12:959</time></pt><pt><x>309</x><y>217</y><time>14-05-20 16:42:13:931</time></pt><pt><x>305</x><y>221</y><time>14-05-20 16:42:14:777</time></pt><pt><x>305</x><y>232</y><time>14-05-20 16:42:15:646</time></pt><pt><x>304</x><y>242</y><time>14-05-20 16:42:16:420</time></pt><pt><x>305</x><y>254</y><time>14-05-20 16:42:17:127</time></pt><pt><x>305</x><y>263</y><time>14-05-20 16:42:17:754</time></pt><pt><x>305</x><y>272</y><time>14-05-20 16:42:18:499</time></pt><pt><x>304</x><y>284</y><time>14-05-20 16:42:19:064</time></pt><pt><x>305</x><y>296</y><time>14-05-20 16:42:19:832</time></pt><pt><x>303</x><y>305</y><time>14-05-20 16:42:20:411</time></pt><pt><x>302</x><y>311</y><time>14-05-20 16:42:21:044</time></pt><pt><x>301</x><y>328</y><time>14-05-20 16:42:23:262</time></pt><pt><x>302</x><y>336</y><time>14-05-20 16:42:24:120</time></pt><pt><x>302</x><y>343</y><time>14-05-20 16:42:25:080</time></pt><pt><x>306</x><y>355</y><time>14-05-20 16:42:27:071</time></pt><pt><x>312</x><y>361</y><time>14-05-20 16:42:27:827</time></pt><pt><x>317</x><y>367</y><time>14-05-20 16:42:28:563</time></pt><pt><x>325</x><y>368</y><time>14-05-20 16:42:29:088</time></pt><pt><x>335</x><y>367</y><time>14-05-20 16:42:29:616</time></pt><pt><x>343</x><y>365</y><time>14-05-20 16:42:30:169</time></pt><pt><x>352</x><y>360</y><time>14-05-20 16:42:31:093</time></pt><pt><x>358</x><y>352</y><time>14-05-20 16:42:31:641</time></pt><pt><x>363</x><y>343</y><time>14-05-20 16:42:32:236</time></pt><pt><x>368</x><y>331</y><time>14-05-20 16:42:33:066</time></pt><pt><x>373</x><y>322</y><time>14-05-20 16:42:33:612</time></pt><pt><x>370</x><y>305</y><time>14-05-20 16:42:48:410</time></pt><pt><x>369</x><y>296</y><time>14-05-20 16:42:49:051</time></pt><pt><x>366</x><y>287</y><time>14-05-20 16:42:49:534</time></pt><pt><x>364</x><y>276</y><time>14-05-20 16:42:54:118</time></pt><pt><x>363</x><y>263</y><time>14-05-20 16:42:55:136</time></pt><pt><x>361</x><y>258</y><time>14-05-20 16:42:55:791</time></pt><pt><x>361</x><y>252</y><time>14-05-20 16:42:56:247</time></pt><pt><x>359</x><y>246</y><time>14-05-20 16:42:56:819</time></pt><pt><x>356</x><y>237</y><time>14-05-20 16:42:57:309</time></pt><pt><x>355</x><y>227</y><time>14-05-20 16:42:57:965</time></pt><closed_date>14-05-20 16:42:59:638</closed_date></polygon></object></annotation>