<annotation><filename>angle0_24.jpg</filename><folder>users/lab605//shoes_new</folder><source><submittedBy>lab605</submittedBy></source><imagesize><nrows>480</nrows><ncols>640</ncols></imagesize><object><name>right_shoe</name><deleted>0</deleted><verified>0</verified><occluded>no</occluded><attributes></attributes><parts><hasparts></hasparts><ispartof></ispartof></parts><date>14-05-20 16:25:10:239</date><id>0</id><polygon><username>anonymous</username><pt><x>143</x><y>139</y><time>14-05-20 16:24:38:523</time></pt><pt><x>143</x><y>156</y><time>14-05-20 16:24:39:372</time></pt><pt><x>146</x><y>167</y><time>14-05-20 16:24:39:852</time></pt><pt><x>143</x><y>181</y><time>14-05-20 16:24:40:580</time></pt><pt><x>142</x><y>194</y><time>14-05-20 16:24:41:148</time></pt><pt><x>141</x><y>202</y><time>14-05-20 16:24:41:548</time></pt><pt><x>141</x><y>219</y><time>14-05-20 16:24:42:476</time></pt><pt><x>141</x><y>231</y><time>14-05-20 16:24:43:028</time></pt><pt><x>141</x><y>239</y><time>14-05-20 16:24:43:484</time></pt><pt><x>140</x><y>251</y><time>14-05-20 16:24:44:196</time></pt><pt><x>143</x><y>271</y><time>14-05-20 16:24:44:724</time></pt><pt><x>147</x><y>287</y><time>14-05-20 16:24:45:380</time></pt><pt><x>151</x><y>302</y><time>14-05-20 16:24:45:932</time></pt><pt><x>153</x><y>315</y><time>14-05-20 16:24:46:684</time></pt><pt><x>159</x><y>325</y><time>14-05-20 16:24:47:204</time></pt><pt><x>166</x><y>337</y><time>14-05-20 16:24:47:724</time></pt><pt><x>174</x><y>348</y><time>14-05-20 16:24:48:244</time></pt><pt><x>180</x><y>352</y><time>14-05-20 16:24:48:780</time></pt><pt><x>193</x><y>360</y><time>14-05-20 16:24:49:236</time></pt><pt><x>210</x><y>360</y><time>14-05-20 16:24:49:836</time></pt><pt><x>224</x><y>360</y><time>14-05-20 16:24:50:228</time></pt><pt><x>234</x><y>351</y><time>14-05-20 16:24:50:668</time></pt><pt><x>241</x><y>340</y><time>14-05-20 16:24:51:060</time></pt><pt><x>248</x><y>327</y><time>14-05-20 16:24:51:412</time></pt><pt><x>253</x><y>313</y><time>14-05-20 16:24:51:748</time></pt><pt><x>257</x><y>300</y><time>14-05-20 16:24:52:020</time></pt><pt><x>254</x><y>287</y><time>14-05-20 16:24:52:324</time></pt><pt><x>254</x><y>272</y><time>14-05-20 16:24:53:324</time></pt><pt><x>257</x><y>261</y><time>14-05-20 16:24:53:764</time></pt><pt><x>253</x><y>251</y><time>14-05-20 16:24:54:180</time></pt><pt><x>249</x><y>243</y><time>14-05-20 16:24:54:596</time></pt><pt><x>246</x><y>231</y><time>14-05-20 16:24:54:996</time></pt><pt><x>243</x><y>217</y><time>14-05-20 16:24:55:388</time></pt><pt><x>242</x><y>207</y><time>14-05-20 16:24:55:740</time></pt><pt><x>239</x><y>193</y><time>14-05-20 16:24:56:076</time></pt><pt><x>237</x><y>181</y><time>14-05-20 16:24:56:436</time></pt><pt><x>236</x><y>166</y><time>14-05-20 16:24:56:748</time></pt><pt><x>236</x><y>156</y><time>14-05-20 16:24:57:124</time></pt><pt><x>236</x><y>136</y><time>14-05-20 16:24:57:460</time></pt><pt><x>237</x><y>124</y><time>14-05-20 16:24:57:828</time></pt><pt><x>238</x><y>115</y><time>14-05-20 16:24:58:148</time></pt><pt><x>239</x><y>107</y><time>14-05-20 16:24:58:436</time></pt><pt><x>239</x><y>101</y><time>14-05-20 16:25:01:300</time></pt><closed_date>14-05-20 16:25:03:661</closed_date></polygon></object><object><name>left_shoe</name><deleted>0</deleted><verified>0</verified><occluded>no</occluded><attributes></attributes><parts><hasparts></hasparts><ispartof></ispartof></parts><date>14-05-20 16:25:48:524</date><id>1</id><polygon><username>anonymous</username><pt><x>295</x><y>123</y><time>14-05-20 16:25:13:963</time></pt><pt><x>297</x><y>142</y><time>14-05-20 16:25:14:780</time></pt><pt><x>300</x><y>157</y><time>14-05-20 16:25:15:396</time></pt><pt><x>300</x><y>168</y><time>14-05-20 16:25:15:980</time></pt><pt><x>301</x><y>179</y><time>14-05-20 16:25:16:484</time></pt><pt><x>300</x><y>187</y><time>14-05-20 16:25:16:852</time></pt><pt><x>296</x><y>201</y><time>14-05-20 16:25:17:244</time></pt><pt><x>295</x><y>216</y><time>14-05-20 16:25:18:004</time></pt><pt><x>291</x><y>227</y><time>14-05-20 16:25:18:468</time></pt><pt><x>289</x><y>235</y><time>14-05-20 16:25:18:884</time></pt><pt><x>286</x><y>245</y><time>14-05-20 16:25:19:268</time></pt><pt><x>285</x><y>257</y><time>14-05-20 16:25:19:692</time></pt><pt><x>281</x><y>273</y><time>14-05-20 16:25:20:652</time></pt><pt><x>282</x><y>286</y><time>14-05-20 16:25:21:140</time></pt><pt><x>283</x><y>299</y><time>14-05-20 16:25:21:604</time></pt><pt><x>285</x><y>310</y><time>14-05-20 16:25:22:020</time></pt><pt><x>290</x><y>324</y><time>14-05-20 16:25:22:500</time></pt><pt><x>295</x><y>331</y><time>14-05-20 16:25:23:844</time></pt><pt><x>301</x><y>343</y><time>14-05-20 16:25:24:380</time></pt><pt><x>309</x><y>350</y><time>14-05-20 16:25:25:036</time></pt><pt><x>319</x><y>356</y><time>14-05-20 16:25:25:532</time></pt><pt><x>333</x><y>360</y><time>14-05-20 16:25:26:132</time></pt><pt><x>341</x><y>358</y><time>14-05-20 16:25:26:524</time></pt><pt><x>349</x><y>355</y><time>14-05-20 16:25:27:300</time></pt><pt><x>358</x><y>349</y><time>14-05-20 16:25:27:732</time></pt><pt><x>364</x><y>340</y><time>14-05-20 16:25:28:180</time></pt><pt><x>372</x><y>330</y><time>14-05-20 16:25:28:580</time></pt><pt><x>372</x><y>319</y><time>14-05-20 16:25:29:780</time></pt><pt><x>377</x><y>311</y><time>14-05-20 16:25:30:236</time></pt><pt><x>381</x><y>301</y><time>14-05-20 16:25:30:636</time></pt><pt><x>383</x><y>294</y><time>14-05-20 16:25:30:980</time></pt><pt><x>386</x><y>284</y><time>14-05-20 16:25:31:420</time></pt><pt><x>388</x><y>272</y><time>14-05-20 16:25:31:796</time></pt><pt><x>389</x><y>261</y><time>14-05-20 16:25:32:196</time></pt><pt><x>388</x><y>246</y><time>14-05-20 16:25:32:596</time></pt><pt><x>388</x><y>231</y><time>14-05-20 16:25:33:012</time></pt><pt><x>386</x><y>216</y><time>14-05-20 16:25:33:412</time></pt><pt><x>386</x><y>203</y><time>14-05-20 16:25:33:852</time></pt><pt><x>389</x><y>194</y><time>14-05-20 16:25:34:292</time></pt><pt><x>390</x><y>176</y><time>14-05-20 16:25:34:708</time></pt><pt><x>390</x><y>161</y><time>14-05-20 16:25:35:132</time></pt><pt><x>393</x><y>151</y><time>14-05-20 16:25:35:492</time></pt><closed_date>14-05-20 16:25:37:412</closed_date></polygon></object></annotation>